time_s,dist_m,velocity_mps,velocity_kmh
0.0,0.0,0.0,0.0
0.05,0.0,0.0,0.0
0.1,0.0,0.0,0.0
0.15000000000000002,0.0,0.0,0.0
0.2,0.0,0.0,0.0
0.25,0.0,0.0,0.0
0.30000000000000004,0.0,0.0,0.0
0.35000000000000003,0.0,0.0,0.0
0.4,0.0,0.0,0.0
0.45,0.0,0.0,0.0
0.5,0.0,0.0,0.0
0.55,0.0,0.0,0.0
0.6000000000000001,0.0,0.0,0.0
0.65,0.0,0.0,0.0
0.7000000000000001,0.0,0.0,0.0
0.75,0.0,0.0,0.0
0.8,0.0,0.0,0.0
0.8500000000000001,0.0,0.0,0.0
0.9,0.0,0.0,0.0
0.9500000000000001,0.0,0.0,0.0
1.0,0.0,0.0,0.0
1.05,0.0,0.0,0.0
1.1,0.0,0.0,0.0
1.1500000000000001,0.0,0.0,0.0
1.2000000000000002,0.0,0.0,0.0
1.25,0.0,0.0,0.0
1.3,0.0,0.0,0.0
1.35,0.0,0.0,0.0
1.4000000000000001,0.0,0.0,0.0
1.4500000000000002,0.0,0.0,0.0
1.5,0.0,0.0,0.0
1.55,0.0,0.0,0.0
1.6,0.0,2.4279889047638692e-05,8.74076005714993e-05
1.6500000000000001,0.0,0.00010435602070361517,0.0003756816745330146
1.7000000000000002,0.0,0.0002144838189696508,0.0007721417482907429
1.75,0.0,0.000264874941241342,0.0009535497884688312
1.8,0.0,0.0001169000821568087,0.0004208402957645113
1.85,0.0,-0.00037471942871442667,-0.001348989943371936
1.9000000000000001,0.0,-0.0012891645503801735,-0.004640992381368625
1.9500000000000002,-8.599127371038641e-06,-0.0025774828769607318,-0.009278938357058635
2.0,-5.2724490846100946e-05,-0.0040403572952767445,-0.01454528626299628
2.0500000000000003,-0.00016292300617150757,-0.005302111432677427,-0.019087601157638738
2.1,-0.0003476806266693443,-0.0057899020502571,-0.020843647380925562
2.15,-0.000574104008209936,-0.004729227098265813,-0.017025217553756928
2.2,-0.0007526770024796529,-0.0011929200601868517,-0.004294512216672666
2.25,-0.0007349995293343232,0.0057588314034946,0.020731793052580563
2.3000000000000003,-0.0003239296130708798,0.01697371078697451,0.061105358833108234
2.35,0.0007181646515314164,0.03302268911467285,0.11888168081282226
2.4000000000000004,0.002660792090540942,0.05402626111389626,0.19449454001002653
2.45,0.005784861158075643,0.07963928242286898,0.28670141672232835
2.5,0.010348666954967951,0.10907744324000643,0.39267879566402314
2.5500000000000003,0.016548794129804804,0.14126598096930337,0.5085575314894921
2.6,0.024502518845401607,0.1750178296028416,0.6300641865702298
2.6500000000000004,0.03424321284528103,0.20912768833768086,0.7528596780156511
2.7,0.04572100124172342,0.24245465895430895,0.8728367722355123
2.75,0.058827572251698886,0.27409635268390864,0.9867468696620711
2.8000000000000003,0.07342856090874196,0.30353243347572556,1.092716760512612
2.85,0.08939469523621368,0.33066120356715634,1.1903803328417628
2.9000000000000004,0.10661923971552151,0.35569522624001537,1.2805028144640553
2.95,0.1250114909694396,0.379016307191972,1.3644587058910993
3.0,0.14449776810144524,0.4011517837228057,1.4441464214021005
3.0500000000000003,0.16504039418335784,0.4226549796127186,1.521557926605787
3.1,0.18664217084814866,0.44397529080205556,1.5983110468874
3.1500000000000004,0.20932494321592698,0.46541169548228833,1.675482103736238
3.2,0.2331063509545258,0.4871443400443074,1.7537196241595068
3.25,0.2579977899447071,0.5093390152866838,1.8336204550320616
3.3000000000000003,0.28401995601740926,0.532117668993382,1.915623608376175
3.35,0.31120023921317674,0.5554526742169525,1.9996296271810292
3.4000000000000004,0.3395561476013643,0.5792051372588699,2.0851384941319315
3.45,0.36909680235849,0.6032561974386548,2.1717223107791574
3.5,0.39983840676161464,0.6275315694599042,2.2591136500556552
3.5500000000000003,0.43180770349120534,0.6519297556417296,2.346947120310227
3.6,0.46501930844476097,0.6762698653675261,2.434571515323094
3.6500000000000004,0.4994581578162748,0.7003751205322654,2.5213504339161554
3.7,0.5350960184517497,0.7241504222626753,2.6069415201456314
3.75,0.5719120533608573,0.7475165733453417,2.6910596640432303
3.8000000000000003,0.6098866898297047,0.7703741812233099,2.7733470524039157
3.85,0.6489887162148325,0.7926640633398971,2.8535906280236296
3.9000000000000004,0.6891820600592905,0.8144589165561122,2.932052099602004
3.95,0.7304451523669732,0.8359434931935459,3.009396575496765
4.0,0.7727707637796015,0.85726282797024,3.086146180692864
4.05,0.8161496201455634,0.878446151828719,3.1624061465833884
4.1000000000000005,0.8605719343540191,0.899506801772412,3.2382244863806835
4.15,0.9060416819089147,0.9205029326470672,3.313810557529442
4.2,0.9525763907111332,0.9414683761129421,3.3892861540065917
4.25,1.0001875133183922,0.9623623271802857,3.4645043778490288
4.3,1.0488633404131118,0.9831359171471483,3.539289301729734
4.3500000000000005,1.0985781069022236,1.0038366765098168,3.6138120354353407
4.4,1.1493182628476386,1.0245742801148323,3.6884674084133966
4.45,1.2010894346950247,1.04544730542072,3.763610299514592
4.5,1.2539013135145358,1.0665845713202842,3.839704456753023
4.55,1.3077657185609641,1.0882298521732305,3.91762746782363
4.6000000000000005,1.3627128313086867,1.1107074129751917,3.9985466867106902
4.65,1.418797326212986,1.1342847543085104,4.083425115510638
4.7,1.4760830221472194,1.1590508487064302,4.172583055343149
4.75,1.5346294868845807,1.184965117178669,4.2658744218432085
4.800000000000001,1.594499106896019,1.211970924151082,4.3630953269438955
4.8500000000000005,1.655762947930728,1.2399622038692353,4.463863933929247
4.9,1.7184815998627199,1.2687154712993216,4.567375696677558
4.95,1.7826828698221502,1.2979622376923403,4.672664055692425
5.0,1.8483642905176627,1.3275002435030885,4.779000876611119
5.050000000000001,1.9155181730299478,1.3572073323394536,4.885946396422033
5.1000000000000005,1.9841474402792372,1.3869776712365436,4.993119616451557
5.15,2.0542526270612695,1.4166877034462133,5.100075732406368
5.2,2.1258248017888848,1.4462900402979546,5.206644145072636
5.25,2.198863026436736,1.475872833355006,5.313142200078022
5.300000000000001,2.2733819475481174,1.505532804725474,5.419918097011706
5.3500000000000005,2.3493952667684272,1.535262615995116,5.526945417582417
5.4,2.4269023181100686,1.564971095782315,5.633895944816334
5.45,2.5058924669586897,1.5946147925999852,5.740613253359947
5.5,2.5863622340994956,1.624206182523238,5.847142257083656
5.550000000000001,2.668318843960172,1.6536998758950743,5.953319553222268
5.6000000000000005,2.7517575136659587,1.6830093224047586,6.058833560657131
5.65,2.836654344421608,1.7121343167631111,6.163683540347201
5.7,2.9229898025626353,1.7411542769163586,6.268155396898891
5.75,3.010765110674661,1.7701354482167204,6.372487613580193
5.800000000000001,3.0999880088981904,1.7990699235744354,6.476651724867968
5.8500000000000005,3.190653582362192,1.8279142417516998,6.580491270306119
5.9,3.282755196420657,1.8567045836954983,6.684136501303794
5.95,3.3763019670421657,1.8855323739630945,6.78791654626714
6.0,3.471305663262329,1.914392976706392,6.891814716143012
6.050000000000001,3.5677614276409777,1.943199954132285,6.995519834876227
6.1000000000000005,3.6656520975768925,1.9719243595661524,7.0989276944381485
6.15,3.764967554829121,2.00063494120215,7.20228578832774
6.2,3.8657154513562615,2.029392379550098,7.305812566380354
6.25,3.9679054869022496,2.05816550829327,7.409395829855772
6.300000000000001,4.071531371078069,2.086930207270974,7.512948746175506
6.3500000000000005,4.176585152475348,2.115755689946254,7.616720483806515
6.4,4.283079075411308,2.1446976062430556,7.720911382475
6.45,4.3910336606243145,2.1737202412455865,7.825392868484111
6.5,4.500453305455197,2.2027398458361427,7.929863445010114
6.550000000000001,4.611325620487635,2.231742528659384,8.034273103173783
6.6000000000000005,4.723643657651608,2.26079789981161,8.138872439321796
6.65,4.837415331741988,2.289935038235505,8.243766137647818
6.7,4.952642876790332,2.3190665450373595,8.348639562134494
6.75,5.069315018837541,2.3481153426827723,8.45321523365798
6.800000000000001,5.187427089211784,2.3771163959218122,8.557619025318525
6.8500000000000005,5.306992049354048,2.4061141140421785,8.662010810551843
6.9,5.428022604066064,2.4350559708936172,8.766201495217022
6.95,5.550509255736341,2.463823985940321,8.869766349385156
7.0,5.674426497213299,2.4923693217993423,8.972529558477632
7.050000000000001,5.799759344672997,2.520724785277718,9.074609226999785
7.1000000000000005,5.926509292460943,2.5488610955285034,9.175899943902612
7.15,6.054669287994106,2.57671367732347,9.276169238364492
7.2,6.18421433685578,2.604318078513001,9.375545082646804
7.25,6.315124196166541,2.6318335808788795,9.474600891163966
7.300000000000001,6.447400824602402,2.659414530150905,9.573892308543257
7.3500000000000005,6.581056531211534,2.6871077724344987,9.673587980764196
7.4,6.716093074156548,2.7149093608156125,9.773673698936205
7.45,6.852512776620859,2.742893210733016,9.874415558638857
7.5,6.990339658732276,2.7711920696563084,9.97629145076271
7.550000000000001,7.129604790007835,2.7998219112647886,10.07935888055324
7.6000000000000005,7.270320140123269,2.828674969196398,10.183229889107034
7.65,7.412479415751888,2.8576575183260826,10.287567065973898
7.7,7.556081536612256,2.886749061477848,10.392296621320254
7.75,7.701141608960737,2.915911659592973,10.497281974534703
7.800000000000001,7.847672285141379,2.94499469741136,10.601980910680897
7.8500000000000005,7.995660834653253,2.9738777101035647,10.705959756372833
7.9,8.145082251602506,3.0025638316477843,10.809229793932024
7.95,8.295927767420409,3.03107663701469,10.911875893252883
8.0,8.448199315273683,3.0593703761820783,11.013733354255482
8.05,8.601886015282917,3.0873831358803976,11.114579289169432
8.1,8.756962751623746,3.1151523183618246,11.21454834610257
8.15,8.913416076892133,3.142837111818339,11.31421360254602
8.200000000000001,9.071252184755519,3.1705915789176684,11.414129684103607
8.25,9.230473613020338,3.19842407071618,11.514326654578248
8.3,9.391074051987879,3.2263155509267394,11.614735983336262
8.35,9.553058442161738,3.254338100245954,11.715617160885435
8.4,9.716450933187192,3.282568312252109,11.817245924107592
8.450000000000001,9.88127821297687,3.3109641744202296,11.919471027912827
8.5,10.04754606879499,3.3393960649126266,12.021825833685456
8.55,10.215236474778543,3.36778709264898,12.124033533536329
8.6,10.384336031004707,3.396107593418027,12.225987336304897
8.65,10.554849685917535,3.424249930055712,12.327299748200565
8.700000000000001,10.72677478742523,3.452073822136815,12.427465759692534
8.75,10.900086447073054,3.479525963541864,12.52629346875071
8.8,11.074758039502921,3.5066751212640055,12.62403043655042
8.85,11.250779066308226,3.533640528007878,12.721105900828361
8.9,11.428145230885448,3.560470423413019,12.817693524286868
8.950000000000001,11.60684233234254,3.5871511820700115,12.913744255452041
9.0,11.7868588355456,3.6137993094045386,13.009677513856339
9.05,11.968204827048135,3.6406358238669627,13.106288965921067
9.1,12.150903199480435,3.667794347912222,13.204059652483998
9.15,12.33497129741575,3.6953004812746997,13.30308173258892
9.200000000000001,12.520415155039698,3.72316998835273,13.403411958069828
9.25,12.707246110602782,3.7514345673710023,13.505164442535609
9.3,12.89549916891232,3.7800623995094,13.608224638233839
9.35,13.085210614538708,3.8088792161760474,13.71196517823377
9.4,13.276385312069403,3.8376958508237156,13.815705062965376
9.450000000000001,13.46901028897992,3.8664099671301164,13.91907588166842
9.5,13.663078163828192,3.894973036601086,14.02190293176391
9.55,13.85858163776657,3.923323663655316,14.123965189159138
9.600000000000001,14.055500565463698,3.951415088464186,14.22509431847107
9.65,14.253805889897214,3.9793379957276,14.32561678461936
9.700000000000001,14.453484712577799,4.007408172017397,14.426669419262629
9.75,14.65455357764028,4.03593931709592,14.529381541545312
9.8,14.857041724834046,4.06509554246118,14.634343952860249
9.850000000000001,15.060980005933246,4.094986922924456,14.741952922528043
9.9,15.266413035018171,4.12569566710247,14.852504401568892
9.950000000000001,15.473406161111372,4.157192735461362,14.965893847660904
10.0,15.682026280306857,4.189259692961473,15.081334894661303
10.05,15.892302779251047,4.221540150788508,15.19754454283863
10.100000000000001,16.104220449739824,4.253697864803364,15.31331231329211
10.15,16.317753002180854,4.285477166895878,15.42771780082516
10.200000000000001,16.53287123525488,4.3166264165403305,15.539855099545191
10.25,16.749528011128465,4.346925023780069,15.64893008560825
10.3,16.967660939102128,4.37632211441875,15.7547596119075
10.350000000000001,17.187216699282374,4.404982427317406,15.857936738342662
10.4,17.408168841760393,4.4332019154815345,15.959526895733525
10.450000000000001,17.630509684018094,4.46117680652396,16.060236503486255
10.5,17.854231886116366,4.489020635766915,16.160474288760895
10.55,18.079333010607137,4.516887073179071,16.260793463444656
10.600000000000001,18.305832304347245,4.544907111977559,16.361665603119214
10.65,18.53375973864067,4.573079808246302,16.46308730968669
10.700000000000001,18.76312974268524,4.601305684031819,16.564700462514548
10.75,18.99392872310934,4.629514343839209,16.66625163782115
10.8,19.226134997427984,4.657712204496765,16.767763936188356
10.850000000000001,19.45974335683589,4.685926129287763,16.869334065435947
10.9,19.694752948827404,4.714101471285714,16.97076529662857
10.950000000000001,19.931152319201637,4.742186742713347,17.07187227376805
11.0,20.168935613506267,4.770233403868589,17.17284025392692
11.05,20.40811755222287,4.798325639007719,17.27397230042779
11.100000000000001,20.648719346137092,4.8264624927228645,17.375264973802313
11.15,20.890746915666796,4.854525215806593,17.476290776903735
11.200000000000001,21.134185040102064,4.882416371957128,17.576698939045663
11.25,21.379015973187485,4.910129885520636,17.67646758787429
11.3,21.625233745289325,4.9376495091201535,17.775538232832552
11.350000000000001,21.872828243045685,4.964902712141804,17.873649763710493
11.4,22.121773870383812,4.991901971443141,17.97084709719531
11.450000000000001,22.372047188842366,5.018783312873591,18.06761992634493
11.5,22.623647730156836,5.045733686051307,18.164641269784706
11.55,22.876592853791887,5.072868887125673,18.262327993652423
11.600000000000001,23.1308962109467,5.100201318474652,18.360724746508748
11.65,23.386564983141373,5.127771307020993,18.459976705275576
11.700000000000001,23.643619769978347,5.155649217822628,18.56033718416146
11.75,23.902091258202013,5.183798515820275,18.66167465695299
11.8,24.16199630429944,5.212073916250256,18.763466098500924
11.850000000000001,24.423328589687728,5.240358083939186,18.86528910218107
11.9,24.686072340572007,5.268625689728959,18.967052483024254
11.950000000000001,24.950224493066116,5.296893367782779,19.068816124018007
12.0,25.215786452734882,5.325106345346206,19.17038284324634
12.05,25.482744305489835,5.3531637703536585,19.271389573273172
12.100000000000001,25.751082951370467,5.381072751785179,19.371861906426645
12.15,26.02080853141205,5.408887298901171,19.471994276044217
12.200000000000001,26.291936738497217,5.436612583190428,19.57180529948554
12.25,26.564468783314712,5.464166444964228,19.670999201871222
12.3,26.83838429030576,5.491505586778234,19.769420112401644
12.350000000000001,27.113658153259568,5.518698362652715,19.867314105549774
12.4,27.390283155014945,5.545796227480968,19.964866418931482
12.450000000000001,27.66825827806435,5.572742859635361,20.0618742946873
12.5,27.94757087514624,5.599543072076131,20.158355059474072
12.55,28.228209359621907,5.626335161286475,20.25480658063131
12.600000000000001,28.510183783633956,5.6532979260450755,20.351872533762272
12.65,28.79351811370149,5.6805283717241775,20.44990213820704
12.700000000000001,29.07822242818395,5.707992821594277,20.5487741577394
12.75,29.364293684288434,5.735650875481722,20.648343151734203
12.8,29.65174686641743,5.763540267597058,20.74874496334941
12.850000000000001,29.94061397165481,5.791650508781084,20.8499418316119
12.9,30.230911734667345,5.8198432153532185,20.95143557527159
12.950000000000001,30.52263039673621,5.848010036795939,21.05283613246538
13.0,30.815749779058407,5.876155327855214,21.15415918027877
13.05,31.110264773424046,5.90430748538158,21.255506947373686
13.100000000000001,31.406183595432182,5.932379179803515,21.356565047292655
13.15,31.703502188690774,5.960226612628708,21.45681580546335
13.200000000000001,32.00220098929818,5.987872242485971,21.556340072949496
13.25,32.30227634922641,6.01542204563759,21.655519364295323
13.3,32.603740680648976,6.042935476887951,21.754567716796625
13.350000000000001,32.90659099392674,6.0703582835066,21.85328982062376
13.4,33.21080353683255,6.097655435673088,21.951559568423118
13.450000000000001,33.51635969466503,6.12489481341537,22.049621328295334
13.5,33.82327127361095,6.152186452230181,22.147871228028652
13.55,34.131556460901805,6.1795145847188975,22.246252504988032
13.600000000000001,34.441211315076764,6.20677760441462,22.344399375892635
13.65,34.75222150448019,6.234013909059324,22.442450072613568
13.700000000000001,35.06458944475427,6.261274311874555,22.5405875227484
13.75,35.378331610720544,6.288516358902993,22.638658892050774
13.8,35.69345061861465,6.315588601902061,22.736118966847418
13.850000000000001,36.00992385283205,6.342419832567574,22.832711397243266
13.9,36.3277267639003,6.369113143764615,22.928807317552614
13.950000000000001,36.64686082112178,6.39577211647727,23.02477961931817
14.0,36.96732842115359,6.422379801442565,23.120567285193236
14.05,37.28911379307884,6.448916370177766,23.21609893263996
14.100000000000001,37.6122054883026,6.475495426509033,23.311783535432518
14.15,37.93661929560158,6.502269061696516,23.40816862210746
14.200000000000001,38.26238875115024,6.529303360100521,23.505492096361873
14.25,38.58952971772609,6.556501304543422,23.60340469635632
14.3,38.918033212195574,6.583810119899377,23.70171643163776
14.350000000000001,39.24789963072927,6.6112675585494305,23.800563210777952
14.4,39.57915015178165,6.6388107899082005,23.899718843669522
14.450000000000001,39.911795462069854,6.666293392362265,23.998656212504155
14.5,40.24582078760393,6.6936267865487,24.09705643157532
14.55,40.58120189321995,6.720873957161655,24.19514624578196
14.600000000000001,40.91793518923967,6.748172046056669,24.29341936580401
14.65,41.25603045232465,6.775551440779283,24.39198518680542
14.700000000000001,41.595482420681684,6.802919989299891,24.49051196147961
14.75,41.936284289432216,6.83030677916361,24.589104404988998
14.8,42.27845250979172,6.857804809232507,24.688097313237023
14.850000000000001,42.62201555669975,6.885425274825773,24.787530989372783
14.9,42.96698619242871,6.913053387479161,24.886992194924982
14.950000000000001,43.31334854289742,6.940567222092779,24.986041999534006
15.0,43.66107597067334,6.967965394863603,25.08467542150897
15.05,44.0101647749554,6.995236395544406,25.182851023959863
15.100000000000001,44.36061806474796,7.0222653256489185,25.28015517233611
15.15,44.7124173102055,7.048990963183439,25.37636746746038
15.200000000000001,45.0655371757279,7.0755020838499485,25.471807501859814
15.25,45.41997139830717,7.101941290869777,25.566988647131197
15.3,45.775730493127696,7.128419186103464,25.662309069972473
15.350000000000001,46.13281607839293,7.154920814617665,25.757714932623593
15.4,46.491218284853254,7.1814572159331584,25.85324597735937
15.450000000000001,46.85094367241477,7.208186494028458,25.949471378502448
15.5,47.212018926561946,7.235252226900648,26.04690801684233
15.55,47.574463336195386,7.262659776351048,26.14557519486377
15.600000000000001,47.93828159314071,7.290363838782274,26.245309819616185
15.65,48.30347441889086,7.318361653680407,26.346101953249466
15.700000000000001,48.67005936397064,7.346625502266161,26.44785180815818
15.75,49.038069687933714,7.375001264152058,26.55000455094741
15.8,49.407520986173495,7.403220686509919,26.65159447143571
15.850000000000001,49.778396503333916,7.43110946564603,26.75199407632571
15.9,50.150670355188836,7.458554879176433,26.850797565035162
15.950000000000001,50.52432078222909,7.485429199523092,26.94754511828313
16.0,50.89931385572954,7.5116235158473605,27.041844657050497
16.05,51.275600057334465,7.537135342622188,27.133687233439876
16.1,51.65313259025149,7.562218315587948,27.223985936116616
16.150000000000002,52.031894149610544,7.587303181405916,27.3142914530613
16.2,52.411891906351975,7.612821878386271,27.406158762190575
16.25,52.79314177930896,7.63906330664118,27.50062790390825
16.3,53.175682180712094,7.666287076280321,27.59863347460916
16.35,53.55958710239233,7.694677589024344,27.700839320487642
16.400000000000002,53.94495524479641,7.724231325207956,27.807232770748644
16.45,54.331874149639276,7.75472315157627,27.917003345674573
16.5,54.72038944747046,7.7858080649701655,28.028909033892596
16.55,55.11050290206619,7.817159927370852,28.14177573853507
16.6,55.502199597191066,7.848405635397191,28.25426028742989
16.650000000000002,55.89545690204525,7.879129791545576,28.36486724956407
16.7,56.29022983291177,7.909032869030439,28.47251832850958
16.75,56.68646072427574,7.93805412815815,28.57699486136934
16.8,57.08410351936385,7.966358958739869,28.67889225146353
16.85,57.483131315118634,7.994183801001917,28.7790616836069
16.900000000000002,57.88352218718048,8.021710883247115,28.878159179689614
16.95,58.28525726730195,8.049065328436473,28.976635182371304
17.0,58.68834136436467,8.076431506324282,29.075153422767414
17.05,59.092804857861864,8.103947479908898,29.174210927672036
17.1,59.498677062623415,8.131628011459076,29.273860841252677
17.150000000000002,59.905964770234604,8.159433879340616,29.37396196562622
17.2,60.314655185099774,8.18735908126117,29.47449269254021
17.25,60.724738190330406,8.215408282531762,29.575469817114342
17.3,61.136217323832135,8.243510671743607,29.676638418276987
17.35,61.54909364545544,8.27153834679263,29.77753804845347
17.400000000000002,61.96335902913175,8.299459886238338,29.87805559045802
17.45,62.379013991383545,8.32734120105448,29.97842832379613
17.5,62.79607036421626,8.355229782338974,30.078827216420304
17.55,63.21453328405101,8.383075207906693,30.179070748464095
17.6,63.634391255032824,8.41079346926187,30.278856489342733
17.650000000000002,64.0556272898885,8.438374636748888,30.378148692295998
17.7,64.47823801047146,8.465859923548532,30.477095724774717
17.75,64.90222723346388,8.493230956505892,30.575631443421212
17.8,65.32758480477746,8.520456588516742,30.673643718660273
17.85,65.75429139768467,8.547594852103982,30.771341467574338
17.900000000000002,66.18234196304093,8.574758526514529,30.869130695452306
17.95,66.61175044945362,8.602022815960733,30.967282137458643
18.0,67.04252856929833,8.629378027879676,31.065760900366836
18.05,67.47467494732952,8.656805271858598,31.164498978690954
18.1,67.90819199047581,8.684369296273633,31.26372946658508
18.150000000000002,68.34309644856013,8.712131642017084,31.363673911261504
18.2,68.77940346707601,8.740044415432692,31.464159895557692
18.25,69.21711280864626,8.768010175607579,31.564836632187284
18.3,69.6562160523047,8.796008749136368,31.665631496890924
18.35,70.09671399059499,8.824079820309063,31.766687353112626
18.400000000000002,70.53861972367402,8.852212324126969,31.867964366857088
18.45,70.98193913275709,8.88032437839941,31.969167762237873
18.5,71.42666113394912,8.908376172442878,32.070154220794365
18.55,71.87277705707679,8.93640795631664,32.171068642739904
18.6,72.32029516661798,8.96444870556062,32.272015340018235
18.650000000000002,72.76922446270888,8.992464127175467,32.37287085783168
18.7,73.2195578269687,9.020411619004237,32.47348182841525
18.75,73.67128117989711,9.048331223935257,32.57399240616693
18.8,74.12439293918959,9.076315131262326,32.67473447254438
18.85,74.57890369528724,9.104387191466508,32.77579388927943
18.900000000000002,75.03481778280108,9.132476340337478,32.87691482521492
18.95,75.49213026052094,9.160538819803092,32.97793975129113
19.0,75.9508427602658,9.188607985525191,33.07898874789069
19.05,76.41096784767768,9.216686631487665,33.180071873355594
19.1,76.87251142343709,9.244685252049479,33.280866907378126
19.150000000000002,77.33545917675858,9.272492700339331,33.380973721221594
19.200000000000003,77.79978767111713,9.300082026219505,33.48029529439022
19.25,78.26548535354672,9.327484340764698,33.57894362675292
19.3,78.7325518667417,9.354691218161761,33.67688838538234
19.35,79.20097762587653,9.381683428038093,33.77406034093713
19.400000000000002,79.67074223758502,9.408535594812541,33.87072814132515
19.450000000000003,80.14183552334595,9.43540012539978,33.96744045143921
19.5,80.61426703846307,9.462387541910916,34.0645951508793
19.55,81.08805098251659,9.489509720852729,34.162234995069824
19.6,81.56319179385945,9.516752556058677,34.26030920181124
19.650000000000002,82.03969493107846,9.544169315816898,34.35900953694083
19.700000000000003,82.51758016079984,9.571825292844082,34.458571054238696
19.75,82.99686707393252,9.599670453782213,34.55881363361597
19.8,83.47755611376472,9.627572395711237,34.65926062456045
19.85,83.95963578597681,9.655446113724818,34.759606009409346
19.900000000000002,84.44310291464619,9.683277822551986,34.85980016118715
19.950000000000003,84.9279658921318,9.711032471302389,34.9597168966886
20.0,85.41422535882229,9.738620083124053,35.05903229924659
20.05,85.90186180237875,9.766008894559812,35.15763202041533
20.1,86.39085404652735,9.793284619154418,35.25582462895591
20.150000000000002,86.88120059456192,9.82053291621843,35.35391849838635
20.200000000000003,87.37290934326026,9.847767466138507,35.45196287809863
20.25,87.86597839537193,9.874999162057398,35.54999698340663
20.3,88.36040180503147,9.902323506968024,35.64836462508489
20.35,88.85618915287532,9.92988863708853,35.74759909351871
20.400000000000002,89.35336342974112,9.957753052144241,35.84791098771927
20.450000000000003,89.85193766952034,9.985820579894078,35.94895408761868
20.5,90.3519122220789,10.013977896466583,36.0503204272797
20.55,90.85329473977576,10.042180748124258,36.151850693247326
20.6,91.35610297433581,10.07035935500604,36.25329367802175
20.650000000000002,91.86034353422497,10.09835736902726,36.35408652849814
20.700000000000003,92.36599466071881,10.126037519632852,36.45373507067827
20.75,92.87301775545853,10.153388829187717,36.552199785075786
20.8,93.38138786131215,10.180483297366878,36.64973987052076
20.85,93.89109869412243,10.207343966325727,36.746438278772615
20.900000000000002,94.4021397124143,10.23399893469664,36.8423961649079
20.950000000000003,94.91449489548465,10.260585551803706,36.93810798649334
21.0,95.42816705832878,10.287321453556947,37.03435723280501
21.05,95.94318141414179,10.31436860055295,37.13172696199062
21.1,96.4595622324217,10.341729615594437,37.23022661613997
21.150000000000002,96.9773181953325,10.369321991450008,37.329559169220026
21.200000000000003,97.49645837105803,10.397129141225854,37.42966490841307
21.25,98.01700576710304,10.425133698768795,37.53048131556766
21.3,98.53897880473261,10.453207851340906,37.631548264827266
21.35,99.06237139230183,10.481204009000122,37.732334432400435
21.400000000000002,99.58715886598908,10.509099461788562,37.83275806243883
21.450000000000003,100.11332450809324,10.536967845873507,37.93308424514463
21.5,100.64087230872919,10.564848651369608,38.03345514493059
21.55,101.16980523563254,10.592685538734047,38.13366793944257
21.6,101.70011378329006,10.620470861955084,38.23369510303831
21.650000000000002,102.23179983184302,10.648283674613443,38.3338212286084
21.700000000000003,102.76488624035714,10.676165698387315,38.43419651419433
21.75,103.29939111562797,10.704033725597435,38.53452141215077
21.8,103.8353052544226,10.73175577399559,38.63432078638413
21.85,104.37260236862302,10.759277456505286,38.73339884341903
21.900000000000002,104.91126756999579,10.786637963843745,38.831896669837484
21.950000000000003,105.45129835897286,10.813790388881628,38.929645399973865
22.0,105.99268033059333,10.840671828722506,39.026418583401025
22.05,106.53538805541471,10.867350244925134,39.12246088173048
22.1,107.07941155607938,10.894009153034471,39.2184329509241
22.150000000000002,107.62476379873863,10.920795612941385,39.314864206588986
22.200000000000003,108.17146036112389,10.947701368586007,39.41172492690963
22.25,108.71950005983656,10.974657455081934,39.50876683829496
22.3,109.26888475850622,11.00167286965215,39.60602233074774
22.35,109.81963780210212,11.028792128585545,39.703651662907966
22.400000000000002,110.37177842630008,11.055955228988209,39.801438824357554
22.450000000000003,110.92529875594538,11.083073303217844,39.89906389158424
22.5,111.48017063575115,11.110182472913614,39.996656902489015
22.55,112.03637917690939,11.137425422258664,40.09473152013119
22.6,112.59393862927487,11.164940657008025,40.19378636522889
22.650000000000002,113.1528720290182,11.192758142340189,40.29392931242468
22.700000000000003,113.71319360515072,11.221019447852019,40.39567001226727
22.75,114.27492705365194,11.249951711360092,40.49982616089633
22.8,114.83812283863676,11.27969988738094,40.60691959457138
22.85,115.40283425109652,11.310200889626147,40.71672320265413
22.900000000000002,115.96909360438025,11.341241417879633,40.82846910436668
22.950000000000003,116.53691750907785,11.37264522997441,40.941522827907875
23.0,117.10633233496935,11.404290732214356,41.055446635971684
23.05,117.67736179397099,11.436009249123792,41.16963329684565
23.1,118.24999192601499,11.467509893007838,41.283035614828215
23.150000000000002,118.82417874995858,11.498568904660306,41.39484805677711
23.200000000000003,119.39988241877217,11.529101908427855,41.504766870340276
23.25,119.97708671835852,11.559043859542891,41.61255789435441
23.3,120.5557797576009,11.58828432337815,41.71782356416134
23.35,121.13592907545177,11.616749586535645,41.82029851152832
23.400000000000002,121.71748574628677,11.644568157516938,41.92044536706098
23.450000000000003,122.3004143507156,11.671912702627306,42.018885729458304
23.5,122.88469925503654,11.698846034037507,42.11584572253503
23.55,123.4703190694604,11.725380932956465,42.21137135864328
23.6,124.05724603065896,11.751648231949499,42.3059336350182
23.650000000000002,124.64547173019658,11.777922407404088,42.400520666654714
23.700000000000003,125.23501496274172,11.804469847576797,42.49609145127647
23.75,125.82589475284229,11.831397997831399,42.593032792193036
23.8,126.41811391118104,11.858687987926626,42.691276756535856
23.85,127.0116854137129,11.886353979717605,42.79087432698338
23.900000000000002,127.60665086564073,11.914374019049006,42.89174646857642
23.950000000000003,128.20305447069893,11.942572954141475,42.993262634909314
24.0,128.80090838364242,11.97071199294191,43.094563174590874
24.05,129.4001877780498,11.998639190096469,43.19510108434729
24.1,130.00085944030963,12.02630827780161,43.2947098000858
24.150000000000002,130.60290394775777,12.053646694481152,43.39312810013215
24.200000000000003,131.2063001132051,12.080545083065491,43.48996229903577
24.25,131.81101482210317,12.107061944246526,43.585422999287495
24.3,132.41702868494747,12.133472048353964,43.68049937407427
24.35,133.0243519803102,12.160104161225219,43.776374980410786
24.400000000000002,133.63300762787802,12.187155260052117,43.87375893618762
24.450000000000003,134.24301336525673,12.214676947640623,43.97283701150624
24.5,134.85439021911932,12.242715155488947,44.07377455976021
24.55,135.46718383629113,12.271324959602733,44.17676985456984
24.6,136.08145005659605,12.300404510810166,44.2814562389166
24.650000000000002,136.69721558331364,12.3297153011635,44.3869750841886
24.700000000000003,137.31446867186045,12.35905786377884,44.492608309603824
24.75,137.9331871403571,12.388310049369219,44.59791617772919
24.8,138.55336285504953,12.417346869544003,44.70244873035841
24.85,139.17498896085988,12.44601386921611,44.805649929177996
24.900000000000002,139.79803844480563,12.474277808062215,44.907400109023975
24.950000000000003,140.42248204346473,12.502348162355947,45.00845338448141
25.0,141.0483171217198,12.530561175738818,45.11002023265974
25.05,141.67555881412807,12.559170036956228,45.213012133042426
25.1,142.30422137171627,12.58829246873985,45.31785288746346
25.150000000000002,142.93432676365777,12.618060322839598,45.42501716222255
25.200000000000003,143.56592723390003,12.648664180327657,45.535191049179566
25.25,144.19909768560228,12.680207270994753,45.64874617558111
25.3,144.8338991676561,12.712573328715,45.765263983374
25.35,145.47035698590946,12.745575005022754,45.884070018081914
25.400000000000002,146.10847828142053,12.77906857676161,46.004646876341795
25.450000000000003,146.74828366619613,12.812876932248315,46.126356956093936
25.5,147.38979958314826,12.846741205184403,46.24826833866385
25.55,148.03302689450578,12.880474512919406,46.369708246509866
25.6,148.67793953265883,12.914119028856122,46.49082850388204
25.650000000000002,149.32451878815246,12.947864802100014,46.61231328756005
25.700000000000003,149.97276930194488,12.981880996344008,46.734771586838434
25.75,150.62269846512814,13.016168316507809,46.85820593942811
25.8,151.27431265557948,13.050671858437763,46.98241869037595
25.85,151.92764228900407,13.085449711656704,47.107618961964135
25.900000000000002,152.58274156349626,13.120558531334673,47.234010712804825
25.950000000000003,153.23964878351754,13.155883111670923,47.36117920201532
26.0,153.89836015837582,13.19117693642854,47.48823697114275
26.05,154.5588381011169,13.226247084022384,47.61448950248059
26.1,155.2210471557794,13.260964468691956,47.73947208729104
26.150000000000002,155.88497624647522,13.29517449213768,47.86262817169565
26.200000000000003,156.55060936277096,13.328734439454518,47.98344398203626
26.25,157.21790428983368,13.361715612969903,48.10217620669165
26.3,157.88682109178959,13.394365999379083,48.2197175977647
26.35,158.5573482881052,13.426931291360487,48.33695264889776
26.400000000000002,159.22948985862988,13.459515093628388,48.454254337062196
26.450000000000003,159.90324653074103,13.49208250470635,48.57149701694286
26.5,160.5786232149188,13.52468339565998,48.68886022437593
26.55,161.25564700721264,13.557479699940833,48.806926919787
26.6,161.93434919622172,13.590515116736075,48.92585442024987
26.650000000000002,162.614733427715,13.623698256966264,49.04531372507855
26.700000000000003,163.2967772579269,13.656973980282405,49.16510632901666
26.75,163.9804610766049,13.690361175433026,49.28530023155889
26.8,164.66579690398746,13.723874508507851,49.40594823062827
26.85,165.35281007469825,13.757441708857142,49.52679015188571
26.900000000000002,166.04150119479596,13.79094038709499,49.64738539354197
26.950000000000003,166.73185870549264,13.824352752896335,49.767669910426804
27.0,167.42388768159267,13.857646480438337,49.88752732957801
27.05,168.1175957244957,13.890669754873809,50.00641111754571
27.1,168.81296877197846,13.923151394789098,50.12334502124075
27.150000000000002,169.5099668031862,13.954922294968243,50.23772026188568
27.200000000000003,170.20853968802834,13.986032564885168,50.3497172335866
27.25,170.90865169959724,14.016590568727755,50.45972604741992
27.3,171.61027207245286,14.046620655283538,50.567834359020736
27.35,172.31336062728553,14.07624673869913,50.67448825931687
27.400000000000002,173.01788883117666,14.105729499943877,50.78062619979796
27.450000000000003,173.72386871639915,14.135375213102575,50.88735076716927
27.5,174.43134064196784,14.165409346534314,50.99547364752353
27.55,175.14033213924003,14.195875865909606,51.10515311727458
27.6,175.8508535953212,14.226739628129,51.2162626612644
27.650000000000002,176.56292925812954,14.257970229947649,51.32869282781154
27.700000000000003,177.27659376898987,14.289414615360368,51.44189261529733
27.75,177.99186283177627,14.320761145983328,51.55474012553998
27.8,178.7087210787146,14.35173123476389,51.66623244515
27.85,179.42712717488303,14.382267706759404,51.77616374433386
27.900000000000002,180.14704352083322,14.412407187479662,51.88466587492678
27.950000000000003,180.86844506192676,14.44213235587452,51.991676481148275
28.0,181.591300536583,14.471397322463975,52.09703036087031
28.05,182.31557668634406,14.500324670587972,52.2011688141167
28.1,183.0412710715745,14.529120093018488,52.30483233486656
28.150000000000002,183.7684139800389,14.557986802957238,52.40875249064606
28.200000000000003,184.49702569685363,14.586988797400348,52.51315967064126
28.25,185.22709931198733,14.616111404932537,52.618001057757134
28.3,185.95862466539145,14.64537953933004,52.72336634158815
28.35,186.69161259174234,14.674780187285666,52.8292086742284
28.400000000000002,187.4260806095346,14.704154978758893,52.93495792353202
28.450000000000003,188.16202718425433,14.733281824932526,53.03981456975709
28.5,188.8994310517999,14.762145635163048,53.14372428658697
28.55,189.63827371675646,14.790846310352595,53.24704671726934
28.6,190.37854963521153,14.819393433046187,53.34981635896627
28.650000000000002,191.12024404845948,14.84768217409675,53.4516558267483
28.700000000000003,191.86332763675662,14.87564568846279,53.55232447846604
28.75,192.60778384543036,14.903362510015771,53.65210503605678
28.8,193.35363069803415,14.930980410126246,53.751529476454486
28.85,194.10088512684445,14.958556741671686,53.85080427001807
28.900000000000002,194.84952952396998,14.98610542679308,53.94997953645509
28.950000000000003,195.59953762174604,15.013728852638422,54.04942386949832
29.0,196.35091003963467,15.041578869777172,54.14968393119782
29.05,197.10367455156972,15.069715972267163,54.25097750016179
29.1,197.85785975550004,15.098104192078884,54.35317509148398
29.150000000000002,198.61347463530032,15.12680349286091,54.456492574299276
29.200000000000003,199.37053024982032,15.156041346799352,54.56174884847767
29.25,200.12906036951657,15.185893888371801,54.669217998138485
29.3,200.8890980647233,15.216236738467712,54.77845225848377
29.35,201.65065815763347,15.246902598923914,54.88884935612609
29.400000000000002,202.4137497250844,15.277819960663546,55.00015185838877
29.450000000000003,203.17839985304622,15.30895412992719,55.11223486773789
29.5,203.94463699057638,15.340208348932688,55.224750056157674
29.55,204.71244806262422,15.371314197741235,55.336731111868446
29.6,205.4817933857712,15.402073698781361,55.4474653156129
29.650000000000002,206.25265202226316,15.432375240105799,55.556550864380874
29.700000000000003,207.0250193870083,15.462113249601028,55.6636076985637
29.75,207.79887665085002,15.49112086757899,55.76803512328436
29.8,208.57417767592148,15.519313814748545,55.86952973309476
29.85,209.35086260131698,15.546794768403899,55.96846116625404
29.900000000000002,210.1288905267374,15.57370831672498,56.06534994020993
29.950000000000003,210.90824089412052,15.60004068103282,56.16014645171815
30.0,211.6888881908107,15.62580770498413,56.25290773794287
30.05,212.47080351023254,15.651179925378736,56.34424773136345
30.1,213.25397643379702,15.676394857709823,56.435021487755364
30.150000000000002,214.03841591409795,15.701617300199729,56.52582228071903
30.200000000000003,214.82412206813393,15.726880464873531,56.61676967354472
30.25,215.61108020750456,15.752148756066301,56.707735521838686
30.3,216.39929162072403,15.777462016963835,56.798863261069805
30.35,217.1887807771221,15.80286024049408,56.890296865778694
30.400000000000002,217.9795618946709,15.828281769153588,56.98181436895292
30.450000000000003,218.77162467610077,15.853617191155584,57.0730218881601
30.5,219.564947717128,15.878840475180876,57.16382571065115
30.55,220.35951915882288,15.903954855398869,57.25423747943593
30.6,221.1553404768975,15.928896531153965,57.34402751215428
30.650000000000002,221.95240903343475,15.953550061355276,57.432780220878996
30.700000000000003,222.75070573509154,15.977932149376613,57.52055573775581
30.75,223.55021168104753,16.0021435148983,57.60771665363388
30.8,224.35092276375042,16.026237591251558,57.69445532850561
30.85,225.15283484088943,16.050190904720314,57.78068725699313
30.900000000000002,225.95593512882076,16.073968126714448,57.86628525617201
30.950000000000003,226.7602132498305,16.09760735627366,57.95138648258518
31.0,227.56567333942203,16.12119331455329,58.03629593239185
31.05,228.37232119007768,16.144757737613354,58.121127855408076
31.1,229.1801467151269,16.16822436028407,58.20560769702266
31.150000000000002,229.98913336975164,16.19154089652331,58.28954722748392
31.200000000000003,230.79927504263244,16.214681423282972,58.3728531238187
31.25,231.6105757312575,16.237580113453387,58.455288408432196
31.3,232.42303259235405,16.260146702670397,58.53652812961343
31.35,233.23662410883856,16.28235351187773,58.61647264275983
31.400000000000002,234.0513184495134,16.30427946488159,58.69540607357372
31.450000000000003,234.86709389249089,16.326002252596496,58.773608109347386
31.5,235.68393845758092,16.347535200336868,58.85112672121272
31.55,236.5018396237599,16.368888210047114,58.927997556169615
31.6,237.32079265163662,16.3901497605557,59.004539138000524
31.650000000000002,238.140809218546,16.411464000877928,59.08127040316054
31.700000000000003,238.96190713017853,16.43293054773855,59.15854997185878
31.75,239.78409225223527,16.454544486459753,59.23636015125511
31.8,240.6073581471385,16.476249982778285,59.31449993800182
31.85,241.43170355869466,16.498015167098785,59.39285460155563
31.900000000000002,242.25714024912463,16.51977880022499,59.47120368080997
31.950000000000003,243.08367818605564,16.541443145694007,59.54919532449843
32.0,243.91131022189523,16.562960298808058,59.62665707570901
32.050000000000004,244.74001713968846,16.584382949587873,59.703778618516345
32.1,245.56978509657756,16.605792092183385,59.780851531860186
32.15,246.40061051177403,16.62720202988947,59.8579273076021
32.2,247.23249094697522,16.648557828823073,59.93480818376306
32.25,248.0654250997721,16.669839212711018,60.011421165759664
32.300000000000004,248.89942313794702,16.691097001524046,60.08794920548657
32.35,249.73450257400353,16.712374197922173,60.16454711251983
32.4,250.57066834158704,16.733645451859854,60.241123626695476
32.45,251.4079047936548,16.754859609777878,60.31749459520036
32.5,252.24618990003447,16.776000963589226,60.393603468921214
32.550000000000004,253.08551503870785,16.797072487928933,60.46946095654416
32.6,253.92588474083865,16.818045599841625,60.54496415942985
32.65,254.7672992494099,16.83887805232206,60.619960988359416
32.7,255.6097503774209,16.8595863315459,60.694510793565236
32.75,256.45323334025176,16.880221225451685,60.76879641162606
32.800000000000004,257.2977495350523,16.90076769001787,60.84276368406433
32.85,258.143295690924,16.921109975106837,60.915995910384616
32.9,258.9898570248371,16.94110929897318,60.98799347630345
32.95,259.83741331767015,16.960708570089544,61.05855085232236
33.0,260.6859485085529,16.979915501843934,61.127695806638165
33.050000000000004,261.53544597064115,16.99873522407332,61.19544680666396
33.1,262.3858773509897,17.01719085995613,61.26188709584207
33.15,263.23720927382624,17.0353731715319,61.32734341751485
33.2,264.0894234467111,17.05342625002675,61.3923345000963
33.25,264.9425244043709,17.07148933383418,61.45736160180305
33.300000000000004,265.7965261371784,17.089650005834386,61.52274002100379
33.35,266.6514395676453,17.107973788814316,61.58870563973154
33.4,267.50727706349886,17.126539161193847,61.65554098029785
33.45,268.36405660439993,17.14537073052086,61.7233346298751
33.5,269.2217940567799,17.164383346579193,61.791780047685094
33.550000000000004,270.0804947029386,17.18344075776034,61.860386727937225
33.6,270.9401529017136,17.20244761575194,61.928811416706985
33.65,271.8007611576725,17.22136610909713,61.996917992749665
33.7,272.6623143471208,17.24015381222801,62.06455372402083
33.75,273.5248007728538,17.25874053225488,62.13146591611757
33.800000000000004,274.3882012819173,17.27708664557443,62.197511924067946
33.85,275.25250344624766,17.29520874814745,62.26275149333082
33.9,276.11770688003685,17.313147157012743,62.32732976524588
33.95,276.98381183958,17.33092717377494,62.39133782558978
34.0,277.85080867962563,17.348561630481242,62.45482186973248
34.050000000000004,278.71868199179926,17.366096003910364,62.51794561407731
34.1,279.5874235707317,17.383589397080588,62.580921829490116
34.15,280.4570352342382,17.40104648522754,62.64376734681914
34.2,281.32751963100173,17.418454108988456,62.70643479235844
34.25,282.1988756732864,17.435855044041038,62.769078158547735
34.300000000000004,283.0711036989486,17.453335969155752,62.83200948896071
34.35,283.9442094509589,17.470960566805616,62.895458040500216
34.4,284.81819822172133,17.488728621612857,62.95942303780629
34.45,285.6930700446333,17.50659946848452,63.02375808654428
34.5,286.56882954843473,17.524553446216984,63.088392406381146
34.550000000000004,287.44549137388714,17.542590452286035,63.15332562822973
34.6,288.3230670282377,17.560660580310397,63.21837808911743
34.65,289.20155383461986,17.57866836301749,63.28320610686296
34.7,290.08093875931144,17.596520438376782,63.34747357815642
34.75,290.9612082722005,17.614134028740477,63.410882503465714
34.800000000000004,291.84235314592536,17.631404194298483,63.47305509947454
34.85,292.7243616234248,17.64822123701286,63.53359645324629
34.9,293.6072086457635,17.664564120858877,63.59243083509196
34.95,294.49086319194373,17.680510013651713,63.64983604914617
35.0,295.3753017659634,17.69616001181138,63.706176042520966
35.050000000000004,296.2605066535432,17.71159333775276,63.76173601590994
35.1,297.14646308781465,17.726903798006425,63.816853672823136
35.15,298.0331670186235,17.74220601978139,63.871941671213
35.2,298.92063218349017,17.757632923159164,63.92747852337299
35.25,299.8088804769237,17.77327418074154,63.98378705066955
35.300000000000004,300.6979261580099,17.789123792744736,64.04084565388105
35.35,301.5877753254765,17.805154835190894,64.09855740668722
35.4,302.47843660299446,17.82135150642015,64.15686542311255
35.45,303.36991929647087,17.83766097921967,64.21557952519082
35.5,304.26222544812447,17.853986854530124,64.27435267630845
35.550000000000004,305.155348478599,17.870270689773488,64.33297448318456
35.6,306.0492779834523,17.88652979852276,64.39150727468193
35.65,306.94401268203393,17.9028193967433,64.45014982827588
35.7,307.83955984275934,17.919157547788416,64.5089671720383
35.75,308.7359214939729,17.93553756564014,64.5679352363045
35.800000000000004,309.63309563170685,17.9519897701748,64.62716317262928
35.85,310.531089698902,17.96853621810898,64.68673038519233
35.9,311.42991833926163,17.98515968465471,64.74657486475697
35.95,312.3295898369079,18.001798889919474,64.8064760037101
36.0,313.23009893228215,18.018374901797742,64.86614964647187
36.050000000000004,314.13143413502087,18.03485884741265,64.92549185068555
36.1,315.03358885174225,18.051218387598336,64.984386195354
36.15,315.9365545705361,18.06734921528446,65.04245717502405
36.2,316.84031418751687,18.083106975791164,65.09918511284819
36.25,317.74484921939364,18.098412509427646,65.15428503393953
36.300000000000004,318.6501441370452,18.113239569913564,65.20766245168883
36.35,319.5561838116215,18.127576884253504,65.25927678331261
36.4,320.46294289470796,18.141402041771244,65.30904735037647
36.45,321.37038169878,18.154735717434576,65.35704858276448
36.5,322.2784628198658,18.167683574630527,65.4036608686699
36.550000000000004,323.18716867511534,18.180379079856674,65.44936468748404
36.6,324.096496543126,18.192955372902496,65.49463934244899
36.65,325.0064459108859,18.20558307777488,65.54009907998956
36.7,325.91702065192317,18.2184288699158,65.58634393169689
36.75,326.8282362874859,18.231652238421166,65.6339480583162
36.800000000000004,327.74011988732343,18.245282375984466,65.68301655354408
36.85,328.65269802217296,18.259201979589285,65.73312712652142
36.9,329.5659887844445,18.27324708842105,65.78368951831578
36.95,330.4800055059863,18.287304642830502,65.8342967141898
37.0,331.39475073609674,18.301261175759453,65.88454023273404
37.050000000000004,332.3102116340667,18.315001001518326,65.93400360546597
37.1,333.2263584782295,18.328482752702932,65.98253790973055
37.15,334.1431546069962,18.341760293481446,66.03033705653321
37.2,335.0605826278433,18.354977656036958,66.07791956173305
37.25,335.9786492833074,18.36828726072382,66.12583413860575
37.300000000000004,336.89736968291123,18.38184998568167,66.174659948454
37.35,337.81676410684605,18.39584734185769,66.22505043068769
37.4,338.73686831250274,18.41039725018121,66.27743010065235
37.45,339.65772369696975,18.425524854971037,66.33188947789574
37.5,340.57936185640256,18.441060928714847,66.38781934337345
37.550000000000004,341.501798492828,18.456757762791245,66.44432794604849
37.6,342.42503781843345,18.472418906403227,66.50070806305162
37.65,343.34907718161236,18.487860615650536,66.55629821634193
37.7,344.2738979303112,18.50289518712887,66.61042267366393
37.75,345.1994632545911,18.517432542765437,66.66275715395558
37.800000000000004,346.1257265334721,18.531521743752442,66.7134782775088
37.85,347.05265482796256,18.54526336286915,66.76294810632895
37.9,347.9802406543379,18.55876004833871,66.81153617401935
37.95,348.9084804627059,18.572055610733504,66.85940019864061
38.0,349.8373724218727,18.585231591062055,66.9068337278234
38.050000000000004,350.76693100437603,18.598403003468945,66.95425081248821
38.1,351.69717444501424,18.61162570497445,67.00185253790802
38.15,352.62810312827503,18.624838089953812,67.04941712383372
38.2,353.5596988767978,18.637911126458576,67.09648005525088
38.25,354.49193842002427,18.65081170987146,67.14292215553725
38.300000000000004,355.42481323709745,18.6635826445576,67.18889752040737
38.35,356.3583275733214,18.67623736156632,67.23445450163875
38.400000000000006,357.2924760439104,18.68886654079703,67.27991954686931
38.45,358.22724451734115,18.701674689280363,67.32602888140931
38.5,359.16263496495145,18.714859009804147,67.37349243529493
38.550000000000004,360.09867781432825,18.728512237167855,67.42264405380428
38.6,361.03541050623437,18.742611240271366,67.47340046497692
38.650000000000006,361.9728606999116,18.757065231927324,67.52543483493837
38.7,362.91105900067225,18.771877311635805,67.5787583218889
38.75,363.85003637671053,18.787039298394756,67.63334147422113
38.800000000000004,364.78979984785144,18.80239768411696,67.68863166282107
38.85,365.7303314357228,18.817711363715148,67.74376090937453
38.900000000000006,366.6716073062649,18.832808335865977,67.79811000911752
38.95,367.61361513365495,18.847622970543675,67.85144269395724
39.0,368.556359949519,18.862110114604775,67.90359641257719
39.050000000000004,369.49983694223147,18.876212054545658,67.95436339636437
39.1,370.4440118419688,18.88993948424008,68.00378214326429
39.150000000000006,371.3888505989478,18.903350963214123,68.05206346757085
39.2,372.33434277178986,18.916459884204848,68.09925558313745
39.25,373.28048814367503,18.929238485117892,68.14525854642442
39.300000000000004,374.22727785224134,18.941690129461104,68.19008446605997
39.35,375.1746936361226,18.95394875954375,68.2342155343575
39.400000000000006,376.1227218603661,18.966298624609824,68.27867504859536
39.45,377.07136184400247,18.9789284010115,68.3241422436414
39.5,378.0206186917179,18.99189183737196,68.37081061453905
39.550000000000004,378.970505058473,19.00526137558464,68.4189409521047
39.6,379.92105412846115,19.01914289997852,68.46891443992267
39.650000000000006,380.87231928727095,19.033613166193696,68.52100739829731
39.7,381.82435125355846,19.048634828363017,68.57508538210686
39.75,382.7771677610746,19.064036917786208,68.63053290403035
39.800000000000004,383.7307636439589,19.079603617050083,68.6865730213803
39.85,384.6851419437697,19.095129659373164,68.74246677374339
39.900000000000006,385.6403064382734,19.11039053032968,68.79740590918685
39.95,386.5962439573038,19.125205599977072,68.85074015991746
40.0,387.5529218209216,19.139549125803953,68.90237685289424
40.050000000000004,388.5102983139807,19.15358715735997,68.95291376649588
40.1,389.468345427701,19.167527245301095,69.00309808308394
40.150000000000006,390.42705723539603,19.18146488421231,69.05327358316433
40.2,391.3864398589031,19.195500472926163,69.10380170253418
40.25,392.3465115093055,19.209787674123774,69.1552356268456
40.300000000000004,393.30730964965915,19.22444583003238,69.20800498811657
40.35,394.2688773717456,19.239501415040078,69.26220509414428
40.400000000000006,395.23123425075175,19.25483153905464,69.3173935405967
40.45,396.1943727927973,19.270239680659643,69.37286285037472
40.5,397.1582854487837,19.285545401978737,69.42796344712346
40.550000000000004,398.12296883051465,19.30059418550446,69.48213906781605
40.6,399.08840793163256,19.315256102352855,69.53492196847029
40.650000000000006,400.05457439890796,19.329503731801175,69.58621343448424
40.7,401.02143559281046,19.343488356089708,69.63655808192296
40.75,401.9889723856597,19.35745143610376,69.68682516997353
40.800000000000004,402.9571853902546,19.371550513005467,69.73758184681968
40.85,403.92608583904115,19.385897806926625,69.78923210493585
40.900000000000006,404.8956951150031,19.400636209681533,69.84229035485352
40.95,405.8660495498874,19.415863943770773,69.89711019757479
41.0,406.8371954651036,19.43159032834459,69.95372518204053
41.050000000000004,407.80916626535725,19.447687431752076,70.01167475430748
41.1,408.7819666947365,19.46395026980049,70.07022097128176
41.150000000000006,409.7555914495684,19.48020751952665,70.12874707029594
41.2,410.73003711575313,19.49630800771079,70.18670882775885
41.25,411.70528983891194,19.512105733668676,70.24358064120723
41.300000000000004,412.6813240801974,19.52753548118492,70.29912773226572
41.35,413.6581096201734,19.542678751192533,70.35364350429312
41.400000000000006,414.635627235679,19.557715026654748,70.4077740959571
41.45,415.61387884461504,19.572793719934886,70.4620573917656
41.5,416.59287366241836,19.588000790716613,70.51680284657981
41.550000000000004,417.57262236924015,19.60345430052416,70.57243548188697
41.6,418.55314840775196,19.619246318669255,70.62928674720932
41.650000000000006,419.5344865056105,19.635396793874982,70.68742845794993
41.7,420.51666085720257,19.651829736101394,70.74658704996502
41.75,421.4996751071132,19.668381832557994,70.80617459720878
41.800000000000004,422.48352534814234,19.684943277599853,70.86579579935947
41.85,423.46821151614427,19.70145631415431,70.92524273095552
41.900000000000006,424.4537286338538,19.71785473566598,70.98427704839753
41.95,425.4400625318688,19.734102441835578,71.04276879060808
42.0,426.42719693247017,19.750298928635033,71.10107614308612
42.050000000000004,427.4151240265594,19.766639381353066,71.15990177287104
42.1,428.40385823093163,19.783262106145756,71.21974358212472
42.150000000000006,429.39342515817947,19.800262307538315,71.28094430713793
42.2,430.38384774576264,19.817769888647035,71.34397159912933
42.25,431.37515610525827,19.835926782874896,71.40933641834962
42.300000000000004,432.3673950883531,19.854793431794963,71.47725635446187
42.35,433.3606066323146,19.87432747101438,71.54757889565177
42.400000000000006,434.3548107326419,19.89437488031587,71.61974956913713
42.45,435.35002245592165,19.914772393826468,71.69318061777528
42.5,436.3462677498912,19.935403771967167,71.7674535790818
42.550000000000004,437.34356434961234,19.956110109829932,71.84199639538775
42.6,438.3419066702161,19.976671089649606,71.91601592273858
42.650000000000006,439.34127176212337,19.996916707248015,71.98890014609286
42.7,440.34163247191424,20.016771357344453,72.06037688644004
42.75,441.3429708044635,20.036167766030026,72.13020395770809
42.800000000000004,442.3452725330733,20.054999456701886,72.19799804412679
42.85,443.348510574137,20.073268021651987,72.26376487794715
42.900000000000006,444.3526495165196,20.091136625526683,72.32809185189606
42.95,445.357667400233,20.108808022279884,72.39170888020759
43.0,446.3635582237215,20.126458849167122,72.45525185700164
43.050000000000004,447.3703184742414,20.144231350009065,72.51923286003263
43.1,448.3779501333645,20.162290045177627,72.58424416263946
43.150000000000006,449.38647827452496,20.18082875273197,72.65098350983509
43.2,450.39594956552725,20.1999910521243,72.71996778764748
43.25,451.406404145804,20.219760429380592,72.79113754577014
43.300000000000004,452.4178647922447,20.23997034055617,72.86389322600222
43.35,453.4303485209947,20.26042936728156,72.93754572221361
43.400000000000006,454.4438736113183,20.2809010550159,73.01124379805724
43.45,455.4584475138249,20.30109227535092,73.08393219126332
43.5,456.4740516128035,20.320728002777138,73.1546208099977
43.550000000000004,457.4906401580868,20.339692204274094,73.22289193538674
43.6,458.5081563039698,20.358051167889027,73.28898420440049
43.650000000000006,459.5265571209933,20.375929796660188,73.35334726797667
43.7,460.5458147632444,20.393479978025937,73.41652792089337
43.75,461.56591239300025,20.410957070297933,73.47944545307256
43.800000000000004,462.5868563405494,20.4287025927264,73.54332933381504
43.85,463.6086830459434,20.447000470331083,73.6092016931919
43.900000000000006,464.63144701236445,20.46600948455205,73.67763414438738
43.95,465.6551955071997,20.48571823789069,73.74858565640649
44.0,466.67996267801743,20.506028078019906,73.82170108087166
44.050000000000004,467.70578519168987,20.526833246603687,73.89659968777327
44.1,468.7326930521975,20.547972396420235,73.97270062711284
44.150000000000006,469.7606888089383,20.569287701193833,74.0494357242978
44.2,470.78975771468976,20.59072991918781,74.12662770907612
44.25,471.81988847569954,20.612409463151508,74.20467406734544
44.300000000000004,472.85108834840975,20.63453932973192,74.2843415870349
44.35,473.88338613166263,20.65733175579807,74.36639432087306
44.400000000000006,474.91682253826946,20.681045469209,74.4517636891524
44.45,475.95145538307145,20.706028525977175,74.54170269351783
44.5,476.9873677907798,20.732545552160268,74.63716398777697
44.550000000000004,478.0246560086931,20.760713101294336,74.73856716465961
44.6,479.06341109289986,20.790569088668242,74.84604871920567
44.650000000000006,480.10371436166344,20.82212183853088,74.95963861871117
44.7,481.14564915126226,20.855367935169653,75.07932456661075
44.75,482.18929949917595,20.890244323189993,75.20487956348397
44.800000000000004,483.2347305775627,20.92661467129571,75.33581281666456
44.85,484.2819973238489,20.964355014551245,75.47167805238449
44.900000000000006,485.33116829212355,21.003372099042164,75.6121395565518
44.95,486.3823221134756,21.043571073523765,75.75685586468556
45.0,487.43552732238277,21.08482937430912,75.90538574751284
45.050000000000004,488.49083165434973,21.127027233144197,76.05729803931911
45.1,489.54827120555143,21.17010395207554,76.21237422747194
45.150000000000006,490.6078819269016,21.213985410325225,76.37034747717081
45.2,491.6696962250588,21.258526278346814,76.53069460204853
45.25,492.73373852749916,21.30360079848301,76.69296287453884
45.300000000000004,493.8000305115768,21.349137055274767,76.85689339898916
45.35,494.8685954067216,21.39503699068257,77.02213316645725
45.400000000000006,495.93945271686755,21.441076770928206,77.18787637534155
45.45,497.01260552384275,21.486893679032242,77.35281724451607
45.5,498.0880400872999,21.532052560939732,77.51538921938304
45.550000000000004,499.1657306394151,21.576095075879458,77.67394227316605
45.6,500.2456265828524,21.618550736837722,77.8267826526158
45.650000000000006,501.3276348017858,21.658974665688042,77.97230879647695
45.7,502.4116218459491,21.697005021506612,78.1092180774238
45.75,503.49743607023345,21.73239485375701,78.23662147352525
45.800000000000004,504.5849275953931,21.765041754291083,78.3541503154479
45.85,505.67395441841893,21.794940182794154,78.46178465805896
45.900000000000006,506.7643831976278,21.822164304510828,78.55979149623899
45.95,507.85609112510406,21.846846921343854,78.64864891683787
46.0,508.9489665656329,21.869122975540854,78.72884271194708
46.050000000000004,510.04290611752504,21.889080916423385,78.80069129912418
46.1,511.13781273929044,21.90678364326807,78.86442111576505
46.150000000000006,512.2335866416965,21.922323484634077,78.92036454468268
46.2,513.3301158355964,21.935865636450405,78.96911629122145
46.25,514.4272855417355,21.947679572483636,79.0116464609411
46.300000000000004,515.5249952316877,21.958149400932584,79.0493378433573
46.35,516.623172709715,21.96777630423573,79.08399469524863
46.400000000000006,517.7217827860147,21.977162317885107,79.11778434438638
46.45,518.8208286408848,21.986950767441165,79.1530227627882
46.5,519.9203489577523,21.997744480739417,79.1918801306619
46.550000000000004,521.0204144621873,22.00994574705798,79.23580468940872
46.6,522.121117623802,22.023694082671142,79.28529869761611
46.650000000000006,523.2225578241761,22.038889980261796,79.34000392894247
46.7,524.3248256356696,22.055227076078346,79.39881747388205
46.75,525.4279832573936,22.0722344426687,79.46004399360733
46.800000000000004,526.5320467646907,22.089315437363574,79.52153557450887
46.85,527.6369807457742,22.10580102328627,79.58088368383056
46.900000000000006,528.7427147912653,22.121043199207705,79.63575551714774
46.95,529.8491636156498,22.134514904722685,79.68425365700168
47.0,530.9562296868869,22.1458492047131,79.72505713696717
47.050000000000004,532.063800179592,22.154835487844117,79.75740775623882
47.1,533.1717488000487,22.1613830969832,79.78097914913953
47.150000000000006,534.2799452898917,22.165495195179588,79.79578270264652
47.2,535.3882694173517,22.167206936270794,79.80194497057487
47.25,536.4966157366619,22.16656254909565,79.79962517674434
47.300000000000004,537.6048851594122,22.16365749353472,79.789166976725
47.35,538.7129741871336,22.158659041840956,79.77117255062744
47.400000000000006,539.8207750775528,22.151798851865674,79.74647586671642
47.45,540.9281883540204,22.14334219593583,79.716031905369
47.5,542.035130409176,22.133570307120312,79.68085310563312
47.550000000000004,543.1415365104294,22.122786604356815,79.64203177568453
47.6,544.2473644524729,22.111334558697635,79.60080441131149
47.650000000000006,545.352593112842,22.099553655624604,79.55839316024857
47.7,546.4572200030415,22.087700507072316,79.51572182546035
47.75,547.561254766017,22.075903711634428,79.47325336188395
47.800000000000004,548.6647128770857,22.064205314662406,79.43113913278466
47.85,549.7676108283409,22.052602515158753,79.38936905457152
47.900000000000006,550.8699585396007,22.04102502799006,79.34769010076421
47.95,551.9717501671918,22.029368045210994,79.30572496275958
48.0,553.0729625273733,22.017542730980225,79.26315383152881
48.050000000000004,554.1735690971515,22.00551784174398,79.21986423027833
48.1,555.2735564188448,21.993336190489284,79.17601028576142
48.150000000000006,556.372922508094,21.981087287695168,79.13191423570261
48.2,557.4716653293618,21.968894119907294,79.08801883166626
48.25,558.569786363228,21.95688432592329,79.04478357332385
48.300000000000004,559.6673005766081,21.945147216643797,79.00252997991767
48.35,560.7642349284392,21.933688370055023,78.96127813219809
48.400000000000006,561.8606172366888,21.922448924264106,78.92081612735079
48.45,562.9564656267621,21.91137505755782,78.88095020720816
48.5,564.0517855898164,21.900446507015992,78.84160742525758
48.550000000000004,565.146572047957,21.88962050434915,78.80263381565695
48.6,566.240812879811,21.87884199910611,78.76383119678201
48.650000000000006,567.3344973383687,21.868088723709754,78.72511940535512
48.7,568.427626976741,21.857399602504202,78.68663856901513
48.75,569.5202175251674,21.846840498223347,78.64862579360405
48.800000000000004,570.612286883423,21.836480773965256,78.61133078627492
48.85,571.7038457711863,21.82638217864238,78.57497584311257
48.900000000000006,572.7949069202031,21.816580286523354,78.53968903148407
48.95,573.8854897839166,21.807068050776714,78.50544498279618
49.0,574.9756116125627,21.797789205244865,78.47204113888151
49.050000000000004,576.0652802287303,21.788682045882084,78.4392553651755
49.1,577.1544979846518,21.779713982161226,78.40697033578041
49.150000000000006,578.2432697823766,21.77087694067525,78.37515698643091
49.2,579.3316008294639,21.762145338427224,78.34372321833801
49.25,580.4194940087727,21.753482650686045,78.31253754246977
49.300000000000004,581.5069522784993,21.74489331520507,78.28161593473826
49.35,582.5939826290052,21.736403927630825,78.25105413947097
49.400000000000006,583.6805940799676,21.728035377181314,78.22092735785273
49.45,584.7667921073675,21.719788619766355,78.19123903115889
49.5,585.8525796329543,21.71167838383796,78.16204218181666
49.550000000000004,586.9379628012183,21.703733930830722,78.1334421509906
49.6,588.0229518900395,21.69596179080995,78.10546244691582
49.650000000000006,589.1075557597284,21.688340418334178,78.07802550600304
49.7,590.1917804363293,21.68083899881593,78.05102039573735
49.75,591.2756335930284,21.67343152684522,78.0243534966428
49.800000000000004,592.3591259795847,21.666091761820564,77.99793034255403
49.85,593.4422658038264,21.658805934120355,77.97170136283329
49.900000000000006,594.5250538018776,21.651590434683246,77.94572556485969
49.95,595.6074875658416,21.644520776229967,77.92027479442788
50.0,596.6895697220529,21.63773152691646,77.89583349689926
50.050000000000004,597.7713105091773,21.631400794695953,77.87304286090543
50.1,598.85273035162,21.625733101236065,77.85263916444984
50.150000000000006,599.9338646800817,21.620950127209156,77.83542045795296
50.2,601.0147632806924,21.61722498959572,77.8220099625446
50.25,602.0954861858323,21.614622135571906,77.81263968805887
50.300000000000004,603.1760985580221,21.613055440061206,77.80699958422035
50.35,604.2566627077964,21.612283509974016,77.80422063590646
50.400000000000006,605.3372272851689,21.611938013245393,77.80297684768341
50.45,606.4178164619295,21.61156207012491,77.80162345244969
50.5,607.4984194769086,21.610678227939992,77.79844162058397
50.550000000000004,608.5789903521437,21.60885780572961,77.7918881006266
50.6,609.6594578050652,21.605772832278497,77.7807821962026
50.650000000000006,610.7397351221484,21.60126855846528,77.764566810475
50.7,611.8197343410686,21.595396944569583,77.7434290004505
50.75,612.8993806671879,21.588407998759862,77.71826879553551
50.800000000000004,613.9786213280917,21.580702898937183,77.69053043617386
50.85,615.057429523225,21.572743938359565,77.66187817809444
50.900000000000006,616.1358060670495,21.564954781979637,77.63383721512669
50.95,617.2137805780767,21.55765743512897,77.60756676646429
51.0,618.2914034274694,21.551008931236957,77.58363215245305
51.050000000000004,619.3687292073041,21.544994657924804,77.5619807685293
51.1,620.4458026274382,21.53946442230977,77.54207192031518
51.150000000000006,621.5226469965204,21.534169539419313,77.52301034190953
51.2,622.5992610352814,21.528806020464827,77.50370167367338
51.25,623.6756216732786,21.523072486837563,77.48306095261523
51.300000000000004,624.7516881772947,21.516747726206805,77.4602918143445
51.35,625.8274148230208,21.509755286264294,77.43511903055146
51.400000000000006,626.9027626421989,21.502157203656857,77.40776593316468
51.45,627.9777023695693,21.494151087376718,77.37894391455619
51.5,629.0522174165275,21.48602279557125,77.34968206405651
51.550000000000004,630.1263101963278,21.478106350466305,77.32118286167871
51.6,631.2000064355408,21.470760531615646,77.29473791381633
51.650000000000006,632.2733510735213,21.464301294245764,77.27148465928475
51.7,633.3463996197023,21.458959189737413,77.2522530830547
51.75,634.4192162449074,21.4549113546122,77.23768087660392
51.800000000000004,635.4918711212267,21.45228714537065,77.22823372333434
51.85,636.5644383830232,21.451140224714035,77.22410480897052
51.900000000000006,637.6369950244582,21.451464473095854,77.22527210314507
51.95,638.7096124242893,21.453230558863552,77.23163001190879
52.0,639.782355700066,21.45642745182098,77.24313882655552
52.050000000000004,640.8552925419629,21.46104505841413,77.25976221029087
52.1,641.9284934093906,21.467053910438135,77.28139407757729
52.150000000000006,643.0020242166164,21.474418277325356,77.30790579837128
52.2,644.0759486831672,21.483087869508033,77.33911633022892
52.25,645.1503337159127,21.493049454238232,77.37497803525764
52.300000000000004,646.2252477782262,21.504264281050933,77.41535141178336
52.35,647.3007529921202,21.5166127247736,77.45980580918497
52.400000000000006,648.3769001953204,21.529933115145273,77.50775921452298
52.45,649.4537321992387,21.54405087173295,77.55858313823862
52.5,650.5312866685372,21.55874937138265,77.61149773697754
52.550000000000004,651.6095959753363,21.573739382343305,77.6654617764359
52.6,652.6886733850572,21.588737078597322,77.71945348295036
52.650000000000006,653.7685080168485,21.603514675266357,77.77265283095889
52.7,654.849080784832,21.617904951740563,77.82445782626603
52.75,655.9303672939316,21.631768419956405,77.87436631184306
52.800000000000004,657.0123314475893,21.64501619171291,77.92205829016648
52.85,658.0949303608336,21.65763014705519,77.96746852939869
52.900000000000006,659.1781318227705,21.669703386131165,78.0109321900722
52.95,660.2619205756841,21.681432905540596,78.05315845994615
53.0,661.3462876248445,21.693021867011815,78.09487872124254
53.050000000000004,662.4312263220685,21.704693796507254,78.13689766742611
53.1,663.5167402823339,21.71670197987242,78.18012712754071
53.150000000000006,664.6028484889645,21.729235796807146,78.22524886850573
53.2,665.689584453337,21.742347761722794,78.27245194220205
53.25,666.7769878375723,21.75598691559629,78.32155289614664
53.300000000000004,667.8650931449477,21.770070162485226,78.37225258494682
53.35,668.953929507231,21.784458589550642,78.4240509223823
53.400000000000006,670.0435148128058,21.7989323007022,78.47615628252792
53.45,671.1338409026818,21.813216081860517,78.52757789469787
53.5,672.2248747606499,21.8270236382819,78.57728509781485
53.550000000000004,673.3165770867586,21.84008269656922,78.62429770764919
53.6,674.4089090651057,21.852205156402945,78.66793856305061
53.650000000000006,675.5018229423259,21.863276183842423,78.70779426183273
53.7,676.5952611283761,21.87325700830604,78.74372522990176
53.75,677.6891647970657,21.882182734411813,78.77585784388253
53.800000000000004,678.783477249261,21.890091806927803,78.8043305049401
53.85,679.878145402793,21.896979335093427,78.82912560633633
53.900000000000006,680.973125863933,21.902816203934755,78.85013833416512
53.95,682.0683816335453,21.907626235380697,78.8674544473705
54.0,683.163873849798,21.91147686452411,78.8813167122868
54.050000000000004,684.2595566664595,21.914454084914706,78.89203470569294
54.1,685.3553752451454,21.916675006044017,78.90003002175847
54.150000000000006,686.4512769477378,21.918283273558295,78.90581978480986
54.2,687.5472241564763,21.91943491176837,78.90996568236613
54.25,688.6431995447373,21.92032100197153,78.91315560709751
54.300000000000004,689.7392020111866,21.921173527107314,78.91622469758633
54.35,690.8352405912477,21.922191223631824,78.91988840507457
54.400000000000006,691.9313322296699,21.923488988797168,78.92456035966981
54.45,693.0274951595617,21.92505009986835,78.93018035952606
54.5,694.1237450067717,21.92671783123746,78.93618419245486
54.550000000000004,695.2200947823461,21.928255868227065,78.94172112561743
54.6,696.3165453810568,21.9293987567296,78.94583552422657
54.650000000000006,697.4130722964115,21.929908954707166,78.9476722369458
54.7,698.5096258205352,21.929584357408594,78.94650368667094
54.75,699.6061425721007,21.92829701921631,78.94186926917871
54.800000000000004,700.7025584954483,21.926030196852256,78.93370870866812
54.85,701.7988197839777,21.92289348860335,78.92241655897206
54.900000000000006,702.8948874831741,21.919122992215158,78.90884277197458
54.95,703.9907380157593,21.915046273898383,78.89416658603419
55.0,705.0863628756022,21.910998450962573,78.87959442346526
55.050000000000004,706.1817706528451,21.907239745439288,78.86606308358144
55.1,707.2769895093139,21.90393492948038,78.85416574612937
55.150000000000006,708.3720620895748,21.90115963448234,78.84417468413643
55.2,709.4670322883592,21.898922200259808,78.8361199209353
55.25,710.561931342366,21.89717134093557,78.82981682736806
55.300000000000004,711.6567734867984,21.895807161452748,78.82490578122989
55.35,712.7515604266374,21.8946992039033,78.82091713405188
55.400000000000006,713.8462903956886,21.89370469171258,78.81733689016528
55.45,714.9409643507856,21.892725807216845,78.81381290598064
55.5,716.0355855202657,21.891741423682326,78.81026912525638
55.550000000000004,717.1301554263994,21.890798180239937,78.80687344886377
55.6,718.224674162519,21.889956904667724,78.8038448568038
55.650000000000006,719.3191443759864,21.88924795739245,78.80129264661282
55.7,720.4135734082824,21.888663774735143,78.79918958904652
55.75,721.5079751771467,21.888165951336855,78.79739742481269
55.800000000000004,722.6023653416097,21.88771862952402,78.79578706628648
55.85,723.6967518401462,21.88729580995306,78.79426491583102
55.900000000000006,724.7911308191078,21.886885258768448,78.79278693156641
55.95,725.8854913611848,21.88647952542587,78.79132629153314
56.0,726.9798244321561,21.88609117480081,78.78992822928292
56.050000000000004,728.0741276200351,21.885757204702813,78.78872593693013
56.1,729.1684061924154,21.885553075381175,78.78799107137223
56.150000000000006,730.2626714115559,21.885588625513662,78.7881190518492
56.2,731.3569390260807,21.885966621852248,78.7894798386681
56.25,732.4512294480503,21.88674407000641,78.79227865202309
56.300000000000004,733.5455662133766,21.88790940523341,78.79647385884029
56.35,734.6399728528967,21.88938697371717,78.8017931053818
56.400000000000006,735.7344693622089,21.891052549943836,78.80778917979781
56.45,736.8290666986175,21.8927515626022,78.81390562536792
56.5,737.9237623100014,21.894326990103238,78.81957716437167
56.550000000000004,739.0185422226073,21.895642664939594,78.82431359378253
56.6,740.1133853550924,21.896603692522614,78.8277732930814
56.650000000000006,741.2082667753393,21.897174126341614,78.82982685482982
56.7,742.3031611277769,21.897391128641107,78.83060806310799
56.75,743.3980477518284,21.89737186361259,78.83053870900532
56.800000000000004,744.4929158428226,21.8972877114834,78.83023576134025
56.85,745.5877671116998,21.897315717108256,78.83033658158972
56.900000000000006,746.6826142211295,21.897611742832243,78.83140227419608
56.95,747.7774784566947,21.898300153509524,78.83388055263428
57.0,748.872388477808,21.899454925567895,78.83803773204443
57.050000000000004,749.967376539507,21.901088524717796,78.84391868898406
57.1,751.0624702415637,21.903151595359475,78.85134574329412
57.150000000000006,752.1576872923496,21.905559041639147,78.86001254990093
57.2,753.2530384251855,21.908210592720796,78.86955813379487
57.25,754.3485299629663,21.91099922850688,78.87959722262478
57.300000000000004,755.4441627065813,21.913811850134643,78.88972266048472
57.35,756.5399325546948,21.916561815145165,78.89962253452259
57.400000000000006,757.6358337969732,21.91921932280139,78.909189562085
57.45,758.7318621719421,21.92178920891447,78.91844115209209
57.5,759.8280140615751,21.924265647271504,78.92735633017742
57.550000000000004,760.9242830422206,21.92662817352136,78.9358614246769
57.6,762.0206610515195,21.92886510742083,78.943914386715
57.650000000000006,763.1171438107634,21.93097016714998,78.95149260173993
57.7,764.2137308370982,21.93291473678603,78.95849305242972
57.75,765.3104154410072,21.934639402551596,78.96470184918574
57.800000000000004,766.407180072273,21.93606587439219,78.96983714781189
57.85,767.5040034427545,21.937111718284903,78.97360218582565
57.900000000000006,768.6008659042648,21.937671596471702,78.97561774729813
57.95,769.6977451371514,21.937609763965497,78.97539515027579
58.0,770.7946090466883,21.936789566692166,78.9724424400918
58.050000000000004,771.8914158891357,21.935108796635753,78.96639166788871
58.1,772.9881191738992,21.932492042260748,78.9569713521387
58.150000000000006,774.084669055234,21.928852183054243,78.94386785899528
58.2,775.1810097755978,21.924111742482037,78.92680227293533
58.25,776.2770818229706,21.91824146437443,78.90566927174794
58.300000000000004,777.3728286414575,21.911270809206076,78.88057491314187
58.35,778.4681977023947,21.903248749234475,78.85169549724411
58.400000000000006,779.5631361691059,21.894214616070904,78.81917261785526
58.45,780.6575906757917,21.88420633683723,78.78314281261403
58.5,781.7515139747371,21.87327006123372,78.74377222044139
58.550000000000004,782.8448669966771,21.8614409044004,78.70118725584145
58.6,783.937611777188,21.848714925323268,78.65537373116376
58.650000000000006,785.0297042318747,21.83506282133105,78.60622615679178
58.7,786.121094692116,21.820453924169183,78.55363412700906
58.75,787.2117337490504,21.804852280024598,78.49746820808855
58.800000000000004,788.301572979115,21.788215644231983,78.43757631923513
58.85,789.3905607591523,21.770507668152458,78.37382760534885
58.900000000000006,790.4786414241463,21.751751999157015,78.30630719696526
58.95,791.5657606303638,21.73205153513531,78.23538552648711
59.0,792.6518700659859,21.711553428495357,78.16159234258329
59.050000000000004,793.7369280193905,21.69042207911076,78.08551948479874
59.1,794.8209016555402,21.668849430015506,78.00785794805583
59.150000000000006,795.9037701392945,21.647041571994293,77.92934965917946
59.2,796.9855273809827,21.625159244671316,77.85057328081675
59.25,798.0661792070824,21.60326470758212,77.77175294729564
59.300000000000004,799.1457319582141,21.58130585656504,77.69270108363415
59.35,800.2241867255804,21.559119927666973,77.6128317396011
59.400000000000006,801.3015381463302,21.536429794376794,77.53114725975647
59.45,802.3777643183413,21.51285645187638,77.44628322675497
59.5,803.4528145288368,21.487977015806052,77.35671725690179
59.550000000000004,804.5266092086829,21.461408136736697,77.26106929225212
59.6,805.5990488065123,21.432890470310923,77.15840569311932
59.650000000000006,806.6700204329549,21.40228357135397,77.0482208568743
59.7,807.7394033193406,21.36958184440027,76.93049463984097
59.75,808.8070802676132,21.334964163795973,76.80587098966551
59.800000000000004,809.8729537196973,21.298783990731216,76.67562236663238
59.85,810.936957650729,21.261481588375183,76.54133371815067
59.900000000000006,811.9990567223751,21.223517434983997,76.40466276594239
59.95,813.0592351132738,21.185343393981526,76.2672362183335
60.0,814.117497053345,21.147350585439497,76.13046210758219
60.050000000000004,815.1738715601108,21.10981003580562,75.99531612890023
60.1,816.2283993316232,21.072867408391737,75.86232267021026
60.150000000000006,817.2811174159175,21.036586665256394,75.73171199492302
60.2,818.3320588664141,21.00099367498971,75.60357722996297
60.25,819.3812565547566,20.96611875331658,75.47802751193969
60.300000000000004,820.4287382813288,20.931964037960007,75.35507053665603
60.35,821.4745264669381,20.898526985099842,75.23469714635944
60.400000000000006,822.5186506439883,20.86589635403807,75.11722687453705
60.45,823.5611568039777,20.834252424766813,75.00330872916052
60.5,824.6021031299407,20.8037900257205,74.8936440925938
60.550000000000004,825.6415532802803,20.77468754636725,74.7888751669221
60.6,826.6795726875049,20.74712341115949,74.68964428017416
60.650000000000006,827.7162385584613,20.721231908440167,74.5964348703846
60.7,828.7516475967768,20.69703081923434,74.50931094924363
60.75,829.7858978216409,20.67445192630211,74.4280269346876
60.800000000000004,830.8190723074321,20.65340013042661,74.3522404695358
60.85,831.851243191497,20.633748262704735,74.28149374573705
60.900000000000006,832.8824765226287,20.615298376944004,74.21507415699841
60.95,833.9128236432508,20.597810295495158,74.15211706378257
61.0,834.9423181513916,20.58105081781698,74.09178294414113
61.050000000000004,835.9709902553429,20.564910845050097,74.03367904218035
61.1,836.998872550787,20.549366748116775,73.97772029322039
61.150000000000006,838.0259885988302,20.534396828582945,73.92382858289861
61.2,839.0523510783072,20.51997632010431,73.87191475237552
61.25,840.0779785942423,20.506112256722915,73.8220041242025
61.300000000000004,841.102908597782,20.492808548833654,73.77411077580116
61.35,842.1271893339634,20.47999483107378,73.7279813918656
61.400000000000006,843.150854836036,20.467520368567733,73.68307332684384
61.45,844.173915465215,20.455239462306572,73.63886206430367
61.5,845.1963725713051,20.44297524135123,73.59471086886444
61.550000000000004,846.2182229481093,20.430474037383238,73.54970653457966
61.6,847.2394484268054,20.417445495520294,73.50280378387306
61.650000000000006,848.2600120803595,20.40367382978775,73.4532257872359
61.7,849.2798681988925,20.3890848411007,73.40070542796252
61.75,850.2989735452057,20.373687398482,73.3452746345352
61.800000000000004,851.3172825887918,20.357473411030536,73.28690427970993
61.85,852.3347456593826,20.340456538590868,73.22564353892713
61.900000000000006,853.3513243868769,20.32274758087825,73.16189129116171
61.95,854.3670001484645,20.304515271805467,73.09625497849969
62.0,855.3817659672651,20.285925818796393,73.02933294766702
62.050000000000004,856.3956088927575,20.26713806063504,72.96169701828615
62.1,857.4085100350236,20.248328998608763,72.89398439499155
62.150000000000006,858.4204649419713,20.229729258170746,72.82702532941468
62.2,859.4314919106274,20.21153415940745,72.76152297386682
62.25,860.4416184293395,20.193909671349957,72.69807481685984
62.300000000000004,861.4508739241551,20.177035623467923,72.63732824448452
62.35,862.4592979431122,20.16111633668058,72.58001881205008
62.400000000000006,863.4669437850855,20.14631842062893,72.52674631426414
62.45,864.4738743572917,20.1326557168653,72.47756058071509
62.5,865.4801495202959,20.12000744185694,72.43202679068499
62.550000000000004,866.4858219063193,20.1082250169564,72.38961006104304
62.6,867.4909409440112,20.097153037065084,72.34975093343431
62.650000000000006,868.4955459656844,20.086572655060973,72.3116615582195
62.7,869.4996549031358,20.07624158974603,72.2744697230857
62.75,870.5032603853689,20.065968831754446,72.23748779431601
62.800000000000004,871.5063448754778,20.05566131576912,72.20038073676884
62.85,872.5089001306563,20.045315321701086,72.16313515812391
62.900000000000006,873.5109247723059,20.03495428491053,72.1258354256779
62.95,874.5124154156249,20.024661562893343,72.08878162641604
63.0,875.5133754252478,20.014589413362682,72.05252188810566
63.050000000000004,876.5138249892899,20.00490123704597,72.01764445336549
63.1,877.5137957692717,19.99567397194796,71.98442629901265
63.150000000000006,878.5133168060493,19.98683408180756,71.95260269450722
63.2,879.5124067219157,19.978219493745392,71.92159017748341
63.25,880.5110788668018,19.969655804502295,71.89076089620826
63.300000000000004,881.5093415002551,19.960914497564985,71.85929219123395
63.35,882.5071847454537,19.951705200050316,71.82613872018113
63.400000000000006,883.5045714288129,19.941767692772697,71.7903636939817
63.45,884.5014437843229,19.930946527173845,71.75140749782584
63.5,885.4977423655533,19.919182631493882,71.70905747337798
63.550000000000004,886.4934172026789,19.906463573799062,71.66326886567663
63.6,887.4884205433485,19.89282054208286,71.6141539514983
63.650000000000006,888.4827060288986,19.878387014531995,71.56219325231518
63.7,889.4762425421151,19.863400631859623,71.50824227469464
63.75,890.4690178188464,19.84811411235205,71.45321080446739
63.800000000000004,891.4610258163794,19.83270228115105,71.39772821214379
63.85,892.4522582865487,19.81726357936027,71.34214888569697
63.900000000000006,893.4427117457881,19.80189615562891,71.28682616026408
63.95,894.4323970952515,19.786684405190858,71.23206385868708
64.0,895.4213348092811,19.771627027515958,71.17785729905745
64.05,896.409537072219,19.756659661554828,71.12397478159738
64.10000000000001,897.3969997070739,19.74174031610057,71.07026513796205
64.15,898.3837147834927,19.7268560339842,71.01668172234312
64.2,899.3696825562089,19.711945744252983,70.96300467931074
64.25,900.3549017093993,19.69688772453822,70.9087958083376
64.3,901.3393584813581,19.681550251771622,70.85358090637784
64.35000000000001,902.3230351752973,19.665860039536252,70.7970961423305
64.4,903.305920501566,19.649782408039226,70.73921666894121
64.45,904.2880014720988,19.63322819819667,70.67962151350801
64.5,905.26924856581,19.61604822860346,70.61777362297246
64.55,906.2496203573656,19.598138226280867,70.55329761461113
64.60000000000001,907.2290778231045,19.579472143621814,70.48609971703853
64.65,908.2075886489284,19.560030635759762,70.41611028873514
64.7,909.1851186525859,19.539805460509328,70.34329965783358
64.75,910.161622945657,19.518872528332125,70.26794110199565
64.8,911.1370581757236,19.49744727702894,70.19081019730419
64.85000000000001,912.1114022510916,19.47580279252104,70.11289005307574
64.9,913.0846508797042,19.4541707088232,70.03501455176352
64.95,914.0568050637295,19.432771748830262,69.95797829578895
65.0,915.0278783597226,19.41185236164986,69.88266850193949
65.05,915.9979079735353,19.391640423679156,69.80990552524497
65.10000000000001,916.9669482626147,19.372238265099018,69.74005775435647
65.15,917.935049009394,19.353573995716594,69.67286638457975
65.2,918.9022428408637,19.335487651995447,69.60775554718361
65.25,919.8685562499454,19.317818449717485,69.54414641898295
65.3,920.8340139798424,19.300332956028285,69.48119864170182
65.35000000000001,921.7986216814436,19.282730268484105,69.41782896654279
65.4,922.7623553006955,19.264751851300254,69.35310666468092
65.45,923.7251746588123,19.246260822552138,69.2865389611877
65.5,924.687044709318,19.227232914109862,69.21803849079551
65.55,925.6479396586249,19.207646021268037,69.14752567656494
65.60000000000001,926.6078283672439,19.18748012802706,69.07492846089742
65.65,927.5666785605015,19.166802276893982,69.00048819681834
65.7,928.52447551454,19.145778119918607,68.92480123170698
65.75,929.4812195453643,19.12453143526926,68.84831316696935
65.8,930.4369090211508,19.103101098013884,68.77116395284999
65.85000000000001,931.3915285835473,19.08148793666438,68.69335657199177
65.9,932.3450610808802,19.059747973704937,68.61509270533777
65.95,933.2975044933576,19.03797102777719,68.53669569999788
66.0,934.2488659810723,19.016164734958434,68.45819304585036
66.05,935.1991417068494,18.99434328727236,68.3796358341805
66.10000000000001,936.148319889064,18.972610612911378,68.30139820648097
66.15,937.0964012166733,18.95110167453389,68.22396602832201
66.2,938.0434043881281,18.92988404895139,68.147582576225
66.25,938.989352454074,18.908915782096287,68.07209681554663
66.3,939.9342571270952,18.888143656964292,67.99731716507145
66.35000000000001,940.8781319863602,18.86757187068558,67.92325873446809
66.4,941.8210013060217,18.847235064187053,67.85004623107339
66.45,942.762877762905,18.827060283774586,67.7774170215885
66.5,943.703751053302,18.806939216055554,67.7049811778
66.55,944.6436039445825,18.786791969559683,67.63245109041486
66.60000000000001,945.5824324191483,18.7666184537545,67.5598264335162
66.65,946.520247259246,18.746395439554135,67.48702358239488
66.7,947.4570570450464,18.726054205907808,67.41379514126811
66.75,948.3928527819752,18.705586429252474,67.34011114530891
66.8,949.3276207621825,18.685062768172223,67.26622596542
66.85000000000001,950.2613580173468,18.664468169559946,67.19208541041581
66.9,951.1940657486842,18.643717654542115,67.11738355635161
66.95,952.1257353401201,18.622730652725142,67.04183034981051
67.0,953.0563512089514,18.60152825487077,66.96550171753478
67.05,953.9859068424927,18.580211403763084,66.8887610535471
67.10000000000001,954.914401269577,18.558866170661467,66.81191821438128
67.15,955.841821281822,18.537497054695976,66.73498939690552
67.2,956.7681527759452,18.51612487903834,66.65804956453803
67.25,957.6934025849747,18.4948295655566,66.58138643600377
67.3,958.617593883927,18.473688438195065,66.50527837750224
67.35000000000001,959.5407488031361,18.452709247693733,66.42975329169744
67.4,960.4628731672975,18.4319007395671,66.35484266244157
67.45,961.3839636052426,18.411305903815254,66.28070125373492
67.5,962.304025139576,18.390985181499474,66.20754665339811
67.55,963.223074741581,18.370883501562496,66.13518060562498
67.60000000000001,964.1411248454672,18.350968129398353,66.06348526583407
67.65,965.0581811518267,18.33127528112142,65.99259101203712
67.7,965.9742577209241,18.311918060200878,65.92290501672316
67.75,966.8893769831893,18.292976228342827,65.85471442203418
67.8,967.8035609030255,18.2744561310507,65.78804207178253
67.85000000000001,968.7168228514134,18.256320178467234,65.72275264248205
67.9,969.6291809977791,18.23856526103034,65.65883493970924
67.95,970.5406676526787,18.221250666083044,65.59650239789896
68.0,971.4513135462378,18.20436776019862,65.53572393671503
68.05,972.3611350437917,18.1879071946477,65.47646590073172
68.10000000000001,973.2701390440383,18.17190138399254,65.41884498237314
68.15,974.1783381223314,18.156394637345716,65.36302069444459
68.2,975.0857571430308,18.141384973889437,65.30898590600198
68.25,975.9924289031452,18.12675132622782,65.25630477442014
68.3,976.8983755837331,18.112372138410507,65.20453969827783
68.35000000000001,977.8036132930602,18.09815537024858,65.1533593328949
68.4,978.708159437405,18.083968861021567,65.10228789967765
68.45,979.6120167534194,18.069595135101316,65.05054248636475
68.5,980.5151642472016,18.0547912939219,64.99724865811885
68.55,981.4175618448995,18.039369137566332,64.9417288952388
68.60000000000001,982.3191699990753,18.023271482094202,64.88377733553914
68.65,983.2199587637219,18.00654791229724,64.82357248427006
68.7,984.1198935049839,17.989272486853828,64.76138095267379
68.75,985.0189357713474,17.971649721712947,64.6979389981666
68.8,985.9170625647928,17.953963501768484,64.63426860636655
68.85000000000001,986.8142768367267,17.936455538522637,64.5712399386815
68.9,987.7106039588982,17.919235557314973,64.5092480063339
68.95,988.6060746641106,17.902273347694937,64.44818405170177
69.0,989.5007142784177,17.885503292850448,64.38781185426161
69.05,990.3945474575556,17.868831957145616,64.32779504572422
69.10000000000001,991.2875875393815,17.85203631167237,64.26733072202055
69.15,992.1798151933751,17.834852983505883,64.20547074062118
69.2,993.0711827855582,17.817081535330058,64.1414935271882
69.25,993.9616365975718,17.798654852533218,64.07515746911959
69.3,994.8511361004339,17.779603754250918,64.0065735153033
69.35000000000001,995.7396526021676,17.760026487442925,63.93609535479453
69.4,996.6271578368809,17.74011976626651,63.864431158559434
69.45,997.513638720103,17.720206530228193,63.792743508821495
69.5,998.3991108189327,17.700588771421724,63.72211957711821
69.55,999.283604919132,17.681402871288245,63.65305033663768
69.60000000000001,1000.1671487034384,17.662626083064957,63.585453899033844
69.65,1001.0497662309687,17.644144020651662,63.51891847434599
69.7,1001.9314860545949,17.625822912031175,63.452962483312234
69.75,1002.8123296658109,17.607457143033525,63.38684571492069
69.8,1003.6922884643269,17.588777006758725,63.31959722433141
69.85000000000001,1004.5713198497932,17.569605871829378,63.25058113858576
69.9,1005.4493722971837,17.549909826928193,63.179675376941496
69.95,1006.3264069919634,17.52972875737784,63.10702352656022
70.0,1007.2023990915534,17.509115337510014,63.03281521503605
70.05,1008.0773299216722,17.48822723074926,62.95761803069734
70.10000000000001,1008.9511931233669,17.467364216766978,62.88251118036112
70.15,1009.8240084639076,17.44686481990116,62.80871335164417
70.2,1010.6958117445699,17.42693512610568,62.73696645398044
70.25,1011.566631724084,17.407607836644836,62.66738821192141
70.3,1012.4364896840816,17.388828099281973,62.5997811574151
70.35000000000001,1013.3054181699396,17.37047442757624,62.53370793927447
70.4,1014.1734561457142,17.352314798332856,62.46833327399828
70.45,1015.0406198899569,17.333998909165143,62.40239607299451
70.5,1015.9068878730066,17.315187139158237,62.33467370096965
70.55,1016.7722151917575,17.295658024612145,62.26436888860372
70.60000000000001,1017.6365542779064,17.275288986310798,62.19104035071887
70.65,1018.4998535694139,17.253966736077647,62.11428024987953
70.7,1019.3620497244483,17.231650290648687,62.03394104633528
70.75,1020.2230822751287,17.208500641045532,61.950602307763916
70.8,1021.0829173766145,17.184838361058677,61.86541809981124
70.85000000000001,1021.9415504083648,17.161000763159684,61.77960274737487
70.9,1022.7989890459216,17.13727026415043,61.69417295094155
70.95,1023.6552407208172,17.11391935468776,61.610109676875936
71.0,1024.5103247316363,17.091226904439363,61.52841685598171
71.05,1025.364286657011,17.069365394790317,61.449715421245145
71.10000000000001,1026.2171818392817,17.048319444969668,61.373950001890805
71.15,1027.0690522658233,17.027959795489732,61.30065526376303
71.2,1027.9199280272358,17.008146994925564,61.229329181732034
71.25,1028.769838591716,16.988745313690522,61.15948312928588
71.3,1029.618807072503,16.969552950858592,61.09039062309093
71.35000000000001,1030.466831841402,16.950268705439886,61.02096733958359
71.4,1031.3138858441937,16.93062344032119,60.95024438515629
71.45,1032.159938691472,16.910464915397693,60.877673695431696
71.5,1033.0049692970822,16.889694871116408,60.80290153601907
71.55,1033.8489561979138,16.868248758488217,60.72569553055759
71.60000000000001,1034.691864655393,16.84617028716644,60.646213033799185
71.65,1035.5336524374613,16.823667779680367,60.56520400684932
71.7,1036.374292759336,16.80105297048543,60.483790693747544
71.75,1037.213782288833,16.77860224190097,60.40296807084349
71.8,1038.0521296753827,16.75652173192612,60.323478234934036
71.85000000000001,1038.8893569150098,16.735006094788858,60.24602194123989
71.9,1039.725509960648,16.714230574467855,60.17123006808428
71.95,1040.5606520447152,16.69426119876319,60.09934031554749
72.0,1041.3948403597253,16.674981397755293,60.02993303191906
72.05,1042.2281065697393,16.656146487703463,59.96212735573247
72.10000000000001,1043.0604598121472,16.637505066135297,59.89501823808707
72.15,1043.8919000277629,16.618803155199934,59.82769135871977
72.2,1044.7224160876103,16.599761987685007,59.759143155666024
72.25,1045.551976259748,16.580175611974227,59.68863220310722
72.3,1046.3805343344654,16.560008052564587,59.61602898923252
72.35000000000001,1047.208051008179,16.53938626777741,59.541790563998674
72.4,1048.0345063788163,16.51849923883911,59.466597259820794
72.45,1048.8598912417324,16.497500151595023,59.39100054574209
72.5,1049.6842012161994,16.47651918531339,59.315469067128205
72.55,1050.5074479680313,16.455690370213077,59.24048533276708
72.60000000000001,1051.3296617495093,16.435067554419867,59.16624319591152
72.65,1052.1508728788551,16.414562730958597,59.09242583145095
72.7,1052.971091828677,16.3940064410291,59.018423187704755
72.75,1053.7903060141657,16.373267072191332,58.9437614598888
72.8,1054.6084929164367,16.352294431891103,58.868259954807975
72.85000000000001,1055.425628933192,16.33104685398802,58.791768674356874
72.9,1056.2416829801987,16.309482960655572,58.71413865836006
72.95,1057.05662100711,16.287652181966372,58.63554785507894
73.0,1057.8704283445759,16.265707335039913,58.55654640614369
73.05,1058.6831188062688,16.243809117397525,58.47771282263109
73.10000000000001,1059.494718761233,16.222035871315505,58.39932913673582
73.15,1060.3052442537435,16.200372527083964,58.32134109750227
73.2,1061.1146984331883,16.178768545409955,58.24356676347584
73.25,1061.9230850702593,16.15713402579768,58.16568249287165
73.3,1062.7304056199366,16.13525449292851,58.08691617454264
73.35000000000001,1063.5366422013194,16.112868311665018,58.00632592199407
73.4,1064.3417560893859,16.08982744420647,57.92337879914329
73.45,1065.1457033141203,16.066148494088438,57.838134578718375
73.5,1065.9484470890645,16.041933140333153,57.75095930519935
73.55,1066.7499547873663,16.017265080494518,57.66215428978027
73.60000000000001,1067.5501919032276,15.99223170031944,57.57203412114998
73.65,1068.3491396085267,15.967010127922071,57.481236460519455
73.7,1069.1468126820073,15.941803597992529,57.3904929527731
73.75,1069.9432421934791,15.916735572955098,57.30024806263835
73.8,1070.738446780946,15.891849138482591,57.21065689853733
73.85000000000001,1071.5324263247546,15.867176218575143,57.12183438687052
73.9,1072.3251791784785,15.842762598961041,57.03394535625975
73.95,1073.116716824523,15.81858699777025,56.946913191972904
74.0,1073.9070513910756,15.79452720961218,56.86029795460385
74.05,1074.696182098068,15.770520137372227,56.773872494540015
74.10000000000001,1075.4841075560096,15.746636022939818,56.68788968258335
74.15,1076.2708392279003,15.722960272062227,56.60265697942402
74.2,1077.0563936093117,15.699483565601593,56.518140836165735
74.25,1077.8407752750907,15.676108253820875,56.43398971375515
74.3,1078.6239808900764,15.652760204754536,56.34993673711633
74.35000000000001,1079.4060206558584,15.629448480582393,56.26601453009662
74.4,1080.1869135391871,15.60614779932169,56.18213207755809
74.45,1080.9666581300235,15.582757170808064,56.09792581490903
74.5,1081.745229036291,15.559204309123626,56.013135512845054
74.55,1082.5226011590248,15.535501159898438,55.92780417563438
74.60000000000001,1083.2987678737393,15.511647967156623,55.84193268176384
74.65,1084.0737335135295,15.487550038950143,55.75518014022052
74.7,1084.8474896697358,15.463085479153294,55.66710772495186
74.75,1085.6200141210538,15.438259436739614,55.577733972262614
74.8,1086.391292268016,15.413110722243392,55.48719860007621
74.85000000000001,1087.1613156166006,15.387564583434624,55.39523250036465
74.9,1087.930057734447,15.361454300930184,55.30123548334866
74.95,1088.6974731903313,15.334654952211856,55.20475782796269
75.0,1089.463522264992,15.30716544039361,55.105795585417
75.05,1090.228184017569,15.279021701451846,55.00447812522665
75.10000000000001,1090.9914324434678,15.250189497311965,54.900682190323074
75.15,1091.753218347036,15.220603369990105,54.79417213196438
75.2,1092.513492261506,15.190337033877908,54.68521332196047
75.25,1093.2722281780318,15.159510037246694,54.574236134088096
75.3,1094.0294157142398,15.128143514849185,54.46131665345707
75.35000000000001,1094.7850327716187,15.096198961251417,54.346316260505105
75.4,1095.53904096034,15.063718499670596,54.229386598814145
75.45,1096.2914081690262,15.030888931454465,54.11120015323608
75.5,1097.042127461112,14.997840204954823,53.99222473783736
75.55,1097.791193941454,14.964575747650471,53.872472691541695
75.60000000000001,1098.5385825394412,14.93110500451558,53.75197801625609
75.65,1099.284273587527,14.89753125641004,53.63111252307615
75.7,1100.0282751759344,14.86394229726975,53.5101922701711
75.75,1100.770609773426,14.830296422305276,53.389067120298996
75.8,1101.5112788398553,14.796453744744788,53.26723348108124
75.85000000000001,1102.2502597337107,14.762325369323452,53.14437132956443
75.9,1102.9875377297915,14.727996427284765,53.02078713822515
75.95,1103.7231096043809,14.69349730925633,52.89659031332279
76.0,1104.4569570074784,14.65877133224637,52.77157679608693
76.05,1105.1890457465477,14.623841936017142,52.64583096966171
76.10000000000001,1105.9193540954418,14.588897958246463,52.520032649687266
76.15,1106.6478937815025,14.554162124659658,52.39498364877477
76.2,1107.3747004102142,14.519711571765818,52.270961658356946
76.25,1108.0997944390451,14.485487986633865,52.147756751881914
76.3,1108.8231793763007,14.451502557705876,52.025409207741156
76.35000000000001,1109.5448752630714,14.417731258515836,51.90383253065701
76.4,1110.264911796264,14.383991309670538,51.78236871481394
76.45,1110.9832909121326,14.350005892568383,51.66002121324618
76.5,1111.6999777033936,14.315558096651007,51.53600914794362
76.55,1112.4149269016036,14.280618047786328,51.41022497203078
76.60000000000001,1113.1281126121607,14.245240127747085,51.28286445988951
76.65,1113.8395108116586,14.209388445291275,51.15379840304859
76.7,1114.549081483751,14.173073426146178,51.023064334126246
76.75,1115.2567976261241,14.136483116156608,50.89133921816379
76.80000000000001,1115.9626637574056,14.099832410921062,50.75939667931582
76.85000000000001,1116.6667041162038,14.063194435108729,50.627499966391426
76.9,1117.368929336005,14.026500940454905,50.49540338563766
76.95,1118.0693282647692,13.98967568402552,50.36283246249187
77.0,1118.7678976340633,13.952808550843969,50.23011078303829
77.05000000000001,1119.4646480195236,13.915916522107267,50.09729947958616
77.10000000000001,1120.1595707464314,13.878948011077243,49.96421283987808
77.15,1120.8526323633787,13.841918662095566,49.830907183544035
77.2,1121.543807922725,13.804997781735693,49.6979920142485
77.25,1122.2331076734545,13.768386599649425,49.56619175873793
77.30000000000001,1122.920574255452,13.732153650765744,49.43575314275668
77.35000000000001,1123.6062420314308,13.696268800993483,49.30656768357654
77.4,1124.2901286880556,13.660789900361404,49.17884364130106
77.45,1124.9722637333377,13.6257705257327,49.05277389263772
77.5,1125.652682839286,13.59106979055147,48.927851245985295
77.55000000000001,1126.3313958426468,13.55640790419189,48.8030684550908
77.60000000000001,1127.0083808869738,13.521532110563108,48.67751559802719
77.65,1127.6836148691611,13.486387560295626,48.550995217064255
77.7,1128.3570936892813,13.451076626683033,48.42387585605892
77.75,1129.0288087111876,13.415646501413791,48.29632740508965
77.80000000000001,1129.6987289291374,13.380149810038667,48.1685393161392
77.85000000000001,1130.3668332186319,13.34478187412365,48.041214746845135
77.9,1131.0331397654438,13.309784971924987,47.915225898929954
77.95,1131.697700253768,13.27524988549154,47.790899587769545
78.0,1132.3605635002584,13.241121835114686,47.66803860641287
78.05000000000001,1133.021749983281,13.207321211846045,47.54635636264576
78.10000000000001,1133.6812684443391,13.1738420276626,47.42583129958536
78.15,1134.3391372123936,13.140543012400329,47.305954844641185
78.2,1134.9953631226429,13.107118607501436,47.18562698700517
78.25,1135.6499189351707,13.073294215550579,47.06385917598209
78.30000000000001,1136.3027659882637,13.038998583988423,46.94039490235833
78.35000000000001,1136.953881285127,13.00432592468622,46.81557332887039
78.4,1137.6032570891116,12.969377926584858,46.68976053570549
78.45,1138.2508745217951,12.934224654259054,46.563208755332596
78.5,1138.8967059620077,12.899004024871994,46.43641448953918
78.55000000000001,1139.5407539902665,12.864012536187012,46.310445130273244
78.60000000000001,1140.1830589971373,12.829502859623476,46.18621029464452
78.65,1140.8236646764249,12.795590542154136,46.06412595175489
78.7,1141.4625966926947,12.762340119933048,45.944424431758975
78.75,1142.099878927943,12.729857808345512,45.827488110043845
78.80000000000001,1142.735552047522,12.69822820503347,45.71362153812049
78.85000000000001,1143.369670982888,12.667343110286875,45.602435197032754
78.9,1144.002275905993,12.6369925141365,45.4931730508914
78.95,1144.6333826571115,12.607071500165208,45.38545740059475
79.0,1145.2630075774823,12.577594806334382,45.27934130280378
79.05000000000001,1145.8911766190006,12.548490608485626,45.174566190548255
79.10000000000001,1146.5179051242737,12.519597282416338,45.07055021669882
79.15,1147.1431865684694,12.490797345012442,44.966870442044794
79.2,1147.7670173061995,12.462126831933857,44.86365659496188
79.25,1148.3894197813147,12.433748353001082,44.7614940708039
79.30000000000001,1149.0104236756117,12.405775832827883,44.66079299818038
79.35000000000001,1149.6300349226565,12.37826962140212,44.56177063704764
79.4,1150.248253837943,12.351331884849504,44.46479478545822
79.45,1150.8651107917128,12.325091432464529,44.3703291568723
79.5,1151.4806627464025,12.299531945070783,44.27831500225482
79.55000000000001,1152.094963113329,12.274474478466288,44.18810812247864
79.60000000000001,1152.708038709165,12.249708480073338,44.09895052826402
79.65,1153.3198961850972,12.22507976466504,44.01028715279414
79.7,1153.9305377691435,12.20035660828549,43.92128378982777
79.75,1154.5399520200504,12.175093992125515,43.830338371651855
79.80000000000001,1155.1480941858576,12.148838501777712,43.73581860639977
79.85000000000001,1155.7548990273356,12.121354392676205,43.63687581363434
79.9,1156.360306197643,12.092607984907733,43.53338874566784
79.95,1156.9642591573488,12.062650385851011,43.42554138906364
80.0,1157.566686352495,12.031566934450481,43.31364096402174
80.05000000000001,1158.1675032038208,11.999535571658903,43.198328057972056
80.10000000000001,1158.7666559156373,11.966897163932947,43.08082979015861
80.15,1159.3641469729876,11.934047020066917,42.9625692722409
80.2,1159.9600009178737,11.901295477419758,42.84466371871113
80.25,1160.5542338739401,11.868938730727525,42.72817943061909
80.30000000000001,1161.14686419236,11.837313825944229,42.61432977339923
80.35000000000001,1161.737929914167,11.806719679303182,42.50419084549146
80.4,1162.3274905353462,11.777248793516618,42.39809565665983
80.45,1162.915606771793,11.748799475916826,42.295678113300575
80.5,1163.5023253591025,11.721288933852064,42.19664016186743
80.55000000000001,1164.0876942772798,11.694729894589866,42.10102762052352
80.60000000000001,1164.671769473217,11.669028090402929,42.00850112545054
80.65,1165.2545925061702,11.643941412567724,41.91818908524381
80.7,1165.8361747200315,11.619157848359874,41.82896825409555
80.75,1166.4165138010505,11.594402925589142,41.73985053212091
80.80000000000001,1166.9956165066856,11.569486054072572,41.65014979466126
80.85000000000001,1167.5734892880023,11.544197069520749,41.5591094502747
80.9,1168.1501072768694,11.518332946995788,41.46599860918484
80.95,1168.7254192508215,11.491843177019168,41.37063543726901
81.0,1169.2993796261778,11.464832634212161,41.273397483163784
81.05000000000001,1169.8719614424956,11.43742375627588,41.17472552259317
81.10000000000001,1170.4431508176406,11.40971053317126,41.07495791941654
81.15,1171.012934108876,11.381852183910048,40.974667862076174
81.2,1171.58130868586,11.354128342256594,40.87486203212374
81.25,1172.1483001776876,11.326848570543198,40.77665485395551
81.30000000000001,1172.7139478242527,11.30015843073288,40.68057035063837
81.35000000000001,1173.2782805636837,11.274095195086947,40.58674270231301
81.4,1173.8413221963042,11.248660292718139,40.4951770537853
81.45,1174.4031089473713,11.223855912941849,40.405881286590656
81.5,1174.9636847678833,11.199617077163584,40.3186214777889
81.55000000000001,1175.5230815608331,11.175785420382434,40.23282751337676
81.60000000000001,1176.0813072028463,11.152238421292918,40.148058316654506
81.65,1176.6383618620791,11.128964465362376,40.06427207530456
81.7,1177.194255952908,11.105965333447024,39.981475200409285
81.75,1177.7490041119195,11.083194122507981,39.89949884102873
81.80000000000001,1178.3026138067496,11.06064461434637,39.81832061164693
81.85000000000001,1178.8550921535616,11.038412383557535,39.738284580807125
81.9,1179.4064636218689,11.01667230520838,39.66002029875017
81.95,1179.9567667128274,10.995572630896032,39.584061471225716
82.0,1180.5060342436714,10.975181667126629,39.510654001655865
82.05000000000001,1181.05429334996,10.955569276984482,39.440049397144136
82.10000000000001,1181.601584277852,10.936834115942155,39.37260281739176
82.15,1182.1479620994533,10.919043638628017,39.30855709906086
82.2,1182.693483175296,10.902182452598506,39.247856829354625
82.25,1183.238192864799,10.886218210701342,39.19038555852483
82.30000000000001,1183.7821288901007,10.87115575810848,39.13616072919053
82.35000000000001,1184.325334565308,10.857017594988681,39.085263341959255
82.4,1184.8678585555958,10.843757079026442,39.03752548449519
82.45,1185.4097431005346,10.831315050239969,38.99273418086389
82.5,1185.9510233928625,10.81969074443219,38.950886679955886
82.55000000000001,1186.491739421877,10.808931394715225,38.91215302097481
82.60000000000001,1187.0319378500822,10.79908657540339,38.876711671452206
82.65,1187.5716652364756,10.790157459471581,38.84456685409769
82.7,1188.1109630176882,10.782135086167838,38.815686310204214
82.75,1188.6498746856607,10.775024872365409,38.790089540515474
82.80000000000001,1189.1884516206003,10.76882438729192,38.767767794250915
82.85000000000001,1189.7267437963797,10.7634667173039,38.74848018229404
82.9,1190.2647917198296,10.758844399485442,38.73183983814759
82.95,1190.8026267491716,10.754836768119464,38.717412365230075
83.0,1191.340276776357,10.751310524612657,38.704717888605565
83.05000000000001,1191.8777655720337,10.748110563264985,38.69319802775395
83.10000000000001,1192.415106983329,10.745061673301302,38.68222202388469
83.15,1192.9523032645277,10.742033144154464,38.67131931895607
83.2,1193.48934985484,10.738952633907786,38.66022948206803
83.25,1194.026239010292,10.735775472448605,38.64879170081498
83.30000000000001,1194.5629605414535,10.73246843189432,38.63688635481955
83.35000000000001,1195.0995043013424,10.729020314293251,38.62447313145571
83.4,1195.6358636806287,10.725460256193681,38.61165692229726
83.45,1196.1720385278657,10.721837140826452,38.59861370697523
83.5,1196.7080323608932,10.718188017227684,38.58547686201966
83.55000000000001,1197.2438466449328,10.714532256069123,38.57231612184884
83.60000000000001,1197.7794805314884,10.71089221465735,38.55921197276646
83.65,1198.3149346054463,10.707275535760697,38.54619192873851
83.7,1198.8502109013828,10.703674843956069,38.53322943824185
83.75,1199.3853101736463,10.700075098643868,38.52027035511793
83.80000000000001,1199.920230335374,10.696481827823627,38.50733458016506
83.85000000000001,1200.4549701739736,10.692935710342535,38.49456855723313
83.9,1200.9895325609177,10.689491501139926,38.482169404103736
83.95,1201.5239212753718,10.686184841423117,38.470265429123224
84.0,1202.0581403291983,10.683035703012592,38.458928530845334
84.05000000000001,1202.592197446582,10.680056031359607,38.44820171289459
84.10000000000001,1203.1261053690255,10.677236854047113,38.438052674569605
84.15,1203.6598780384074,10.674523620939155,38.42828503538096
84.2,1204.1935230821475,10.671805277888023,38.418499000396885
84.25,1204.7270377833136,10.668952724517226,38.408229808262014
84.30000000000001,1205.260411456588,10.665833124119759,38.396999246831136
84.35000000000001,1205.7936273931482,10.662289235709387,38.3842412485538
84.4,1206.3266603007905,10.658160410708485,38.36937747855055
84.45,1206.8594746373296,10.653323103300249,38.3519631718809
84.5,1207.3920289109128,10.647729753151406,38.33182711134506
84.55000000000001,1207.9242836858728,10.641406097322694,38.3090619503617
84.60000000000001,1208.4562031535281,10.634418432326342,38.283906356374835
84.65,1208.9877515032922,10.62686125642541,38.25670052313148
84.7,1209.518897828298,10.618873578613892,38.22794488301001
84.75,1210.0496247197636,10.61063946271595,38.19830206577742
84.80000000000001,1210.5799292575798,10.602335672783191,38.16840842201949
84.85000000000001,1211.1098163173363,10.594089099491487,38.138720758169356
84.9,1211.639291592972,10.585982385034354,38.109536586123674
84.95,1212.1683624013663,10.578072938207594,38.08106257754734
85.0,1212.6970412776584,10.570354369347857,38.053275729652285
85.05000000000001,1213.22534235206,10.562717030543894,38.02578130995802
85.10000000000001,1213.7532698863477,10.554991721302443,37.9979701966888
85.15,1214.2808136328727,10.546996382337849,37.96918697641625
85.2,1214.8079550524546,10.53854708494091,37.93876950578728
85.25,1215.3346688273643,10.529433332227283,37.90595999601822
85.30000000000001,1215.8609155261784,10.519425027719446,37.86993009979001
85.35000000000001,1216.3866400146107,10.508334513873045,37.83000424994297
85.4,1216.9117828373285,10.496084937472828,37.78590577490218
85.45,1217.4362872114666,10.482708668328964,37.737751205984274
85.5,1217.9600944705653,10.468261415907937,37.685741097268576
85.55000000000001,1218.483142035417,10.452813851426098,37.63012986513395
85.60000000000001,1219.0053729587094,10.436505761440966,37.57142074118748
85.65,1219.5267493552828,10.419528478255085,37.51030252171831
85.7,1220.0472542432783,10.402037661863313,37.44733558270793
85.75,1220.5668771868445,10.384113768719207,37.382809567389145
85.80000000000001,1221.0855977932097,10.365809038101458,37.31691253716525
85.85000000000001,1221.6033905894296,10.347138740897853,37.24969946723227
85.9,1222.120238741589,10.328011453515133,37.18084123265448
85.95,1222.6361252389995,10.308208203179138,37.1095495314449
86.0,1223.1510145665811,10.287462317757894,37.03486434392842
86.05000000000001,1223.6648524258167,10.265563004308115,36.95602681550921
86.10000000000001,1224.1775777820915,10.242373672589036,36.87254522132053
86.15,1224.6891217307302,10.217755935635308,36.78392136828711
86.2,1225.1993971626662,10.19152234516676,36.689480442600335
86.25,1225.7083065750273,10.163552321234697,36.58878835644491
86.30000000000001,1226.2157633454055,10.133888907466623,36.48200006687985
86.35000000000001,1226.7216993421252,10.102674351688602,36.36962766607897
86.4,1227.22605093272,10.070067730930791,36.25224383135085
86.45,1227.728745377863,10.036266903383112,36.1305608521792
86.5,1228.2297115869953,10.001582440354614,36.00569678527661
86.55000000000001,1228.7289070590386,9.9663784104707,35.87896227769452
86.60000000000001,1229.2263238797732,9.930958467479822,35.75145048292736
86.65,1229.7219664273734,9.895583482118218,35.62410053562559
86.7,1230.215840034458,9.860551496578545,35.49798538768276
86.75,1230.7079649106688,9.826169293817832,35.3742094577442
86.80000000000001,1231.1983863630878,9.792621821498178,35.253438557393444
86.85000000000001,1231.68715776988,9.759901635147884,35.13564588653238
86.9,1232.1743197593437,9.727898143022832,35.0204333148822
86.95,1232.6599073853456,9.696534218390502,34.90752318620581
87.0,1233.1439610212024,9.66574127456862,34.796668588447034
87.05000000000001,1233.6265109725286,9.635363340026519,34.68730802409547
87.10000000000001,1234.107559947797,9.605183831050121,34.57866179178044
87.15,1234.5870940900854,9.575063414411927,34.47022829188294
87.2,1235.0651095392348,9.545000733281977,34.36200263981512
87.25,1235.5416189357647,9.515028960833899,34.254104259002034
87.30000000000001,1236.0166309916847,9.485144605444955,34.14652057960184
87.35000000000001,1236.4901398453435,9.455379970367549,34.039367893323174
87.4,1236.9621431112846,9.425832557385489,33.93299720658776
87.45,1237.432660161072,9.396532614861494,33.827517413501376
87.5,1237.9017211626983,9.367357416597372,33.72248669975054
87.55000000000001,1238.3693402041722,9.33810249845672,33.61716899444419
87.60000000000001,1238.8355096989085,9.308623835068373,33.511045806246145
87.65,1239.30021613242,9.278839520939012,33.40382227538045
87.7,1239.7634426712248,9.248605772382625,33.294980780577454
87.75,1240.2251525558695,9.217727953184347,33.183820631463654
87.80000000000001,1240.685291258796,9.186109747235536,33.06999509004793
87.85000000000001,1241.1438134801563,9.153837440983347,32.95381478754005
87.9,1241.6006984089404,9.121087154987947,32.83591375795661
87.95,1242.055934752028,9.08802107176094,32.716875858339385
88.0,1242.50950225926,9.054789648558717,32.59724273481138
88.05000000000001,1242.9613864416408,9.02159534737424,32.47774325054726
88.10000000000001,1243.411602438183,8.98864919289085,32.35913709440706
88.15,1243.8601854674348,8.956029375819387,32.2417057529498
88.2,1244.3071618327288,8.923698755873104,32.12531552114318
88.25,1244.7525418872178,8.89163823186734,32.00989763472243
88.30000000000001,1245.1963345077202,8.859900339137155,31.89564122089376
88.35000000000001,1245.6385558766483,8.828491869887106,31.782570731593584
88.4,1246.07922015136,8.797311940773188,31.67032298678348
88.45,1246.5183262015698,8.766278881057778,31.558603971808
88.5,1246.9558705936067,8.735454697081606,31.44763690949378
88.55000000000001,1247.3918700552497,8.704949825112099,31.337819370403555
88.60000000000001,1247.8263541608364,8.67480224148485,31.229288069345458
88.65,1248.2593406748942,8.644986070818877,31.12194985494796
88.7,1248.6908360213804,8.615484178109343,31.015743041193634
88.75,1249.1208585267602,8.586319780036716,30.910751208132176
88.80000000000001,1249.5494421716305,8.557464137184548,30.80687089386437
88.85000000000001,1249.976608763311,8.528789988948688,30.703643960215278
88.9,1250.4023547868317,8.500199199661449,30.600717118781215
88.95,1250.8266710038622,8.47170648224782,30.498143336092152
89.0,1251.2495589008456,8.443341064884029,30.396027833582504
89.05000000000001,1251.6710264338876,8.415055041320988,30.29419814875556
89.10000000000001,1252.091073268794,8.386777208018245,30.192397948865683
89.15,1252.5096951459911,8.358533334253226,30.090720003311613
89.2,1252.926903689167,8.330445558888568,29.989604011998846
89.25,1253.3427220957758,8.30255307142797,29.889191057140696
89.30000000000001,1253.7571598421284,8.274792676874027,29.789253636746498
89.35000000000001,1254.1702106314929,8.247101294681773,29.689564660854384
89.4,1254.5818731002573,8.219485042153973,29.590146151754304
89.45,1254.9921609704306,8.191954661943154,29.491036782995355
89.5,1255.401089644213,8.164468672990136,29.39208722276449
89.55000000000001,1255.8086546161255,8.137013629908074,29.293249067669066
89.60000000000001,1256.2148414550775,8.109722199145908,29.19499991692527
89.65,1256.6196538011627,8.08275875925764,29.097931533327504
89.7,1257.0231145017494,8.056194436193842,29.00229997029783
89.75,1257.4252459581273,8.0300408163076,28.908146938707365
89.80000000000001,1257.826067383307,8.00432542483865,28.815571529419138
89.85000000000001,1258.225610565235,7.979120143045793,28.724832514964856
89.9,1258.6239201392211,7.954422371163934,28.635920536190163
89.95,1259.0210245097603,7.930056886881191,28.54820479277229
90.0,1259.4169236096548,7.905758951825344,28.460732226571242
90.05000000000001,1259.811610792621,7.881358445219469,28.372890402790087
90.10000000000001,1260.2050836742694,7.856721895303024,28.284198823090886
90.15,1260.5973345060602,7.831693762691797,28.19409754569047
90.2,1260.9883336975863,7.806156855398715,28.102164679435376
90.25,1261.3780346015099,7.7801447212087895,28.008520996351642
90.30000000000001,1261.7664011844417,7.75385397616834,27.913874314206026
90.35000000000001,1262.1534280378212,7.727424984092066,27.818729942731437
90.4,1262.5391193935143,7.700936581194508,27.72337169230023
90.45,1262.9234732387472,7.67450921551629,27.628233175858643
90.5,1263.3064997425822,7.648307299197627,27.533906277111456
90.55000000000001,1263.6882281280916,7.622427868103226,27.440740325171614
90.60000000000001,1264.0686903620622,7.596799610501037,27.348478597803734
90.65,1264.44789222394,7.571229589612981,27.256426522606734
90.7,1264.8258217321556,7.5455602950374825,27.16401706213494
90.75,1265.2024771707856,7.519780127367053,27.07120845852139
90.80000000000001,1265.5778580781175,7.493827536216028,26.9777791303777
90.85000000000001,1265.9519432370394,7.467650594950811,26.88354214182292
90.9,1266.3246969484483,7.4412959257289994,26.788665332624397
90.95,1266.6960964038772,7.414943133916838,26.693795282100616
91.0,1267.0661508080057,7.388767292266406,26.599562252159064
91.05000000000001,1267.4348907066676,7.362778766079129,26.506003557884863
91.10000000000001,1267.8023346768755,7.336923656901301,26.412925164844683
91.15,1268.1684932663195,7.311213237354037,26.320367654474534
91.2,1268.533386842012,7.285585533152523,26.228107919349085
91.25,1268.897029708853,7.259821130045762,26.135356068164743
91.30000000000001,1269.2594052539703,7.233600510263834,26.0409618369498
91.35000000000001,1269.6204649303838,7.206655572783228,25.943960062019624
91.4,1269.9801591943296,7.178923930171727,25.84412614861822
91.45,1270.338456142737,7.150452328285963,25.741628381829468
91.5,1270.6953175116362,7.121317081177391,25.63674149223861
91.55000000000001,1271.0506926216267,7.091734537101166,25.530244333564198
91.60000000000001,1271.4045497528118,7.062116264099606,25.423618550758583
91.65,1271.7568975817371,7.032928206097929,25.318541541952545
91.7,1272.1077841323201,7.00453499593177,25.216325985354374
91.75,1272.4572671229437,6.977174982402504,25.117829936649017
91.80000000000001,1272.805406475424,6.9510752654699,25.02387095569164
91.85000000000001,1273.1522802339157,6.926466201507456,24.93527832542684
91.9,1273.4979796411665,6.903354160808869,24.85207497891193
91.95,1273.8425801059805,6.881545632212193,24.773564275963896
92.0,1274.1861275485664,6.86076023508234,24.698736846296427
92.05000000000001,1274.5286564299386,6.840730831638176,24.626630993897432
92.10000000000001,1274.8702044470392,6.821203317486343,24.556331942950834
92.15,1275.2108026691253,6.801846955488186,24.48664903975747
92.2,1275.550448550766,6.78237482153493,24.41654935752575
92.25,1275.889115072825,6.762621828500301,24.345438582601084
92.30000000000001,1276.2267797206205,6.742583021385358,24.27329887698729
92.35000000000001,1276.5634262473673,6.722237579455636,24.20005528604029
92.4,1276.8990335154124,6.701545387299438,24.12556339427798
92.45,1277.233576018488,6.680499258665924,24.04979733119733
92.5,1277.5670406077043,6.659202585370251,23.973129307332904
92.55000000000001,1277.8994311857216,6.637741072681916,23.895867861654896
92.60000000000001,1278.2307553372832,6.6160529193749165,23.8177905097497
92.65,1278.5610034738006,6.594008497185584,23.738430589868102
92.7,1278.8901497598586,6.571533246063378,23.657519685828163
92.75,1279.218171009218,6.548543599526656,23.574756958295964
92.80000000000001,1279.5450478213193,6.524949366850595,23.489817720662142
92.85000000000001,1279.870746936685,6.500708635719161,23.402551088588982
92.9,1280.195218698023,6.475910635246938,23.31327828688898
92.95,1280.5184237287838,6.450798324685208,23.22287396886675
93.0,1280.8403509070947,6.425703248866907,23.132531695920864
93.05000000000001,1281.1610040597632,6.400908809794739,23.04327171526106
93.10000000000001,1281.4803999168612,6.376683068628731,22.956059047063434
93.15,1281.7985822787987,6.353301025602414,22.87188369216869
93.2,1282.1156157533826,6.330982631059389,22.7915374718138
93.25,1282.4315740259208,6.309744628382595,22.715080662177343
93.30000000000001,1282.746521197404,6.289446592942515,22.642007734593054
93.35000000000001,1283.0605000939443,6.2698996192371315,22.571638629253673
93.4,1283.373541420476,6.250949578058551,22.503418481010783
93.45,1283.6856690517752,6.232379045157186,22.43656456256587
93.5,1283.9968890270102,6.214013392305695,22.370448212300502
93.55000000000001,1284.3071874934724,6.1957771225017915,22.30479764100645
93.60000000000001,1284.6165543247491,6.177716601465747,22.23977976527669
93.65,1284.9250015987318,6.159980150836096,22.175928543009945
93.7,1285.2325587982061,6.142721500121587,22.11379740043771
93.75,1285.5392578798228,6.12608231389625,22.0538963300265
93.80000000000001,1285.8451364443465,6.110234442021618,21.996843991277824
93.85000000000001,1286.1502463549443,6.095343409671964,21.94323627481907
93.9,1286.4546456170642,6.081467597304085,21.89328335029471
93.95,1286.758388204699,6.0685597525271495,21.84681510909774
94.0,1287.0615175453534,6.05657691634771,21.80367689885176
94.05000000000001,1287.3640736253165,6.0455187070143435,21.763867345251636
94.10000000000001,1287.666101007637,6.035391467858387,21.727409284290196
94.15,1287.9676417335588,6.026133574987183,21.694080869953858
94.2,1288.2687281348885,6.017680102052531,21.66364836738911
94.25,1288.569392896402,6.009979548242455,21.63592637367284
94.30000000000001,1288.869679967701,6.002969959701927,21.610691854926937
94.35000000000001,1289.169635717708,5.9965162840562325,21.587458622602437
94.4,1289.4692913551712,5.990393436463294,21.565416371267858
94.45,1289.7686569737434,5.984355484513301,21.543679744247886
94.5,1290.067730333644,5.978183516499163,21.521460659396986
94.55000000000001,1290.3665015354484,5.971645884164718,21.497925182992986
94.60000000000001,1290.6649452503473,5.964490606286823,21.472166182632563
94.65,1290.9630160990246,5.956537662747886,21.44353558589239
94.7,1291.2606592205823,5.947735469406501,21.411847689863404
94.75,1291.5578266373184,5.93811607170926,21.377217858153337
94.80000000000001,1291.854480882667,5.92772054291672,21.339793954500195
94.85000000000001,1292.150586000288,5.91658939234906,21.299721812456617
94.9,1292.4461069231743,5.904810138594325,21.25731649893957
94.95,1292.7410204619175,5.892509499386815,21.213034197792535
95.0,1293.0353142482927,5.8797806471991825,21.167210329917058
95.05000000000001,1293.3289719706886,5.866631000187998,21.11987160067679
95.10000000000001,1293.6219666563627,5.853034887213289,21.07092559396784
95.15,1293.9142699569366,5.839006066482367,21.02042183933652
95.2,1294.2058620218415,5.8245801252632345,20.968488450947646
95.25,1294.49672697912,5.809752239916016,20.91510806369766
95.30000000000001,1294.7868417347145,5.79450062639792,20.860202255032515
95.35000000000001,1295.0761766438013,5.778855291485673,20.803879049348424
95.4,1295.3647101192096,5.762886478616007,20.746391323017626
95.45,1295.6524346194192,5.746620286527202,20.687833031497927
95.5,1295.9393427347632,5.730023440275374,20.628084384991347
95.55000000000001,1296.2254163977295,5.713059379614982,20.567013766613933
95.60000000000001,1296.510634875961,5.695745393325101,20.504683415970366
95.65,1296.7949842302826,5.678111540638094,20.441201546297137
95.7,1297.0784508921665,5.660128716101123,20.376463377964043
95.75,1297.361009877952,5.6417386868436905,20.310259272637285
95.80000000000001,1297.6426308509958,5.622944262066422,20.24259934343912
95.85000000000001,1297.923293082484,5.60380013635717,20.17368049088581
95.9,1298.202987380958,5.584323286392852,20.103563831014267
95.95,1298.4817026746189,5.564475454047149,20.032111634569738
96.0,1298.7594166978,5.544222643898612,19.959201518035005
96.05000000000001,1299.0361079279883,5.523592431666727,19.884932754000218
96.10000000000001,1299.3117653102674,5.502624767897235,19.809449164430045
96.15,1299.586375721926,5.481286492001367,19.73263137120492
96.2,1299.8599117004044,5.459536701676608,19.65433212603579
96.25,1300.1323413994353,5.437398130431892,19.574633269554813
96.30000000000001,1300.403644407613,5.414948861753228,19.49381590231162
96.35000000000001,1300.673813606465,5.3922197194144506,19.411990989892022
96.4,1300.9428408279118,5.3691757248325525,19.32903260939719
96.45,1301.2107061659565,5.345816174130821,19.244938226870957
96.5,1301.477392440827,5.322193051606796,19.159894985784465
96.55000000000001,1301.7428948595061,5.298294572680797,19.07386046165087
96.60000000000001,1302.007205419148,5.274024022782191,18.986486482015888
96.65,1302.2702988673345,5.249275473248252,18.897391703693707
96.7,1302.5321422248269,5.224017081607216,18.806461493785978
96.75,1302.7927129958327,5.1982923983120415,18.71385263392335
96.80000000000001,1303.0519930525672,5.172115225213653,18.61961481076915
96.85000000000001,1303.3099502240805,5.145447875604256,18.52361235217532
96.9,1303.566547700511,5.118326707768832,18.425976147967795
96.95,1303.8217652888063,5.090880047744316,18.32716817187954
97.0,1304.0756008779874,5.0632032158833375,18.227531577180017
97.05000000000001,1304.3280545089374,5.035303554205632,18.12709279514028
97.10000000000001,1304.579112496165,5.007172937664,18.025822575590404
97.15,1304.828756494338,4.978880051730372,17.92396818622934
97.2,1305.0769832848653,4.95048536096827,17.82174729948577
97.25,1305.3237975067104,4.92192878033185,17.71894360919466
97.30000000000001,1305.5691871778856,4.893142491187744,17.61531296827588
97.35000000000001,1305.8131278662572,4.864135983219063,17.510889539588625
97.4,1306.0556059296018,4.834988498596832,17.405958594948597
97.45,1306.2966232835588,4.805736359392005,17.300650893811216
97.5,1306.5361778151955,4.776331193705467,17.19479229733968
97.55000000000001,1306.7742524144144,4.746737872457323,17.088256340846364
97.60000000000001,1307.0108384072912,4.717037558215207,16.981335209574745
97.65,1307.2459454265113,4.687343643897267,16.874437118030162
97.7,1307.479580218445,4.657653425578996,16.767552332084385
97.75,1307.7117318229612,4.627931891646627,16.66055480992786
97.80000000000001,1307.9423844022344,4.598212808742511,16.553566111473042
97.85000000000001,1308.1715402095035,4.568595398051843,16.446943432986636
97.9,1308.3992196357785,4.539098968877074,16.340756287957465
97.95,1308.6254368329282,4.509657211645434,16.234765961923564
98.0,1308.8501850489283,4.480279618903675,16.129006628053233
98.05000000000001,1309.0734598324136,4.451043563302585,16.023756827889308
98.10000000000001,1309.2952753361185,4.421956047059459,15.919041769414054
98.15,1309.5156453970312,4.392901195809247,15.814444304913291
98.2,1309.734564813125,4.363754119544942,15.709514830361792
98.25,1309.9520211501658,4.334494011759524,15.604178442334288
98.30000000000001,1310.1680172271347,4.305180677282736,15.49865043821785
98.35000000000001,1310.3825596241045,4.275805327790477,15.392899180045717
98.4,1310.595633451758,4.246283027768539,15.28661889996674
98.45,1310.8072126528086,4.216616388273962,15.179818997786262
98.5,1311.0172891831553,4.186897848049314,15.072832252977532
98.55000000000001,1311.2258763672994,4.157173968827635,14.965826287779487
98.60000000000001,1311.4329856886334,4.127382927344419,14.85857853843991
98.65,1311.6386095797743,4.097489712197191,14.75096296390989
98.7,1311.842737469149,4.06758960476013,14.643322577136468
98.75,1312.0453768160162,4.037792850408648,14.536054261471133
98.80000000000001,1312.246538743085,4.008087878711856,14.42911636336268
98.85000000000001,1312.446214971616,3.9784379175864415,14.32237650331119
98.9,1312.6443900727488,3.9488939252156356,14.21601813077629
98.95,1312.8410715147306,3.919561771175718,14.110422376232584
99.0,1313.036289163757,3.8904596229765884,14.005654642715719
99.05000000000001,1313.2300640175918,3.8614716557850777,13.90129796082628
99.10000000000001,1313.4223936680467,3.832491294378304,13.796968659761895
99.15,1313.6132743619273,3.803462001628077,13.692463205861078
99.2,1313.8027120683757,3.774248989291502,13.587296361449408
99.25,1313.990700008608,3.7445616389384555,13.48042190017844
99.30000000000001,1314.1772017648555,3.714103973121756,13.370774303238322
99.35000000000001,1314.3621663108286,3.682771454764622,13.257977237152641
99.4,1314.545553354813,3.650626206296365,13.142254342666913
99.45,1314.72732667769,3.617760008779255,13.023936031605318
99.5,1314.9074345319566,3.584272373791922,12.90338054565092
99.55000000000001,1315.0858224462029,3.550407874580879,12.781468348491165
99.60000000000001,1315.262470207019,3.516532295095425,12.659516262343532
99.65,1315.437405889726,3.4829738511254087,12.538705864051472
99.7,1315.6106757844102,3.4499376688659207,12.419775607917314
99.75,1315.782317047065,3.4175779250657525,12.303280530236709
99.80000000000001,1315.9523654862003,3.3860751305576824,12.189870470007657
99.85000000000001,1316.1208716124784,3.3555057129305554,12.07982056655
99.9,1316.2878878866936,3.3257300764748785,11.972628275309562
99.95,1316.453443612821,3.2964822094497097,11.867335954018955
100.0,1316.617549633713,3.2675666852396827,11.763240066862858
100.05000000000001,1316.7802194537744,3.2388952884879574,11.660023038556647
100.10000000000001,1316.941471120885,3.210356419031854,11.557283108514675
100.15,1317.1013054833772,3.181784622410906,11.454424640679262
100.2,1317.259700449846,3.153055483983444,11.350999742340399
100.25,1317.4166384232478,3.124189439428889,11.247081981944001
100.30000000000001,1317.572124339005,3.095253322748591,11.142911961894928
100.35000000000001,1317.7261681297193,3.0662542425944386,11.038515273339979
100.4,1317.878763384482,3.037196023238768,10.933905683659566
100.45,1318.0298967765216,3.008169994718386,10.82941198098619
100.5,1318.1795699689335,2.9793112562891766,10.725520522641036
100.55000000000001,1318.3278022522836,2.95065132715554,10.622344777759945
100.60000000000001,1318.4746094235516,2.9221112857001366,10.519600628520491
100.65,1318.6199921026894,2.8936502380519737,10.417140856987105
100.7,1318.7639528663465,2.865300263845649,10.315080949844337
100.75,1318.906506096465,2.8370470600451445,10.21336941616252
100.80000000000001,1319.0476604152989,2.8087690090598545,10.111568432615476
100.85000000000001,1319.1874033590022,2.780322928549417,10.0091625427779
100.9,1319.3257144094712,2.751658471672472,9.9059704980209
100.95,1319.4625868075766,2.7228173163557297,9.802142338880627
101.0,1319.5980204201112,2.693809192617514,9.69771309342305
101.05000000000001,1319.7320006166103,2.6646134175315965,9.592608303113748
101.10000000000001,1319.8645040031777,2.635287834001674,9.487036202406026
101.15,1319.995521065155,2.6059555276318016,9.381439899474486
101.2,1320.1250638985582,2.5766832219375404,9.276059598975145
101.25,1320.2531491628276,2.5474353325555223,9.170767197199881
101.30000000000001,1320.3797799036004,2.518165904341274,9.065397255628588
101.35000000000001,1320.5049542590461,2.4889255824243364,8.96013209672761
101.4,1320.62868009172,2.459777214775328,8.855197973191181
101.45,1320.7509632994424,2.4306925002991098,8.750493001076796
101.5,1320.8717928221365,2.4016021332479847,8.645767679692746
101.55000000000001,1320.9911522676186,2.3725113639099655,8.541040910075877
101.60000000000001,1321.1090417308733,2.34351163793486,8.436641896565495
101.65,1321.2254810357679,2.3146718286410355,8.332818583107729
101.7,1321.3404881294628,2.2859837313523936,8.229541432868617
101.75,1321.4540653536158,2.257459132652426,8.126852877548734
101.80000000000001,1321.5662155535065,2.2291630146983796,8.024986852914166
101.85000000000001,1321.6769564735794,2.2010951685200455,7.923942606672164
101.9,1321.7863071102838,2.1731393121631344,7.823301523787284
101.95,1321.894268721582,2.14514139015754,7.722509004567144
102.0,1322.0008309004913,2.117030133863659,7.621308481909173
102.05000000000001,1322.1059903874045,2.088826581769376,7.519775694369753
102.10000000000001,1322.2097476639424,2.0605233634307956,7.417884108350864
102.15,1322.3120880935135,2.0320549267158112,7.31539773617692
102.2,1322.412986859552,2.0034108297670365,7.212278987161332
102.25,1322.5124317652699,1.974688280801444,7.108877810885199
102.30000000000001,1322.610432302153,1.9459785582700606,7.005522809772218
102.35000000000001,1322.7070044284528,1.9172991559302939,6.902276961349058
102.4,1322.802150895046,1.8886516380138356,6.799145896849808
102.45,1322.8958667065976,1.8601159798018863,6.6964175272867905
102.5,1322.9881591786602,1.8317829158330639,6.59441849699903
102.55000000000001,1323.079046151046,1.8036401722388318,6.493104620059794
102.60000000000001,1323.1685341745103,1.7756172218553519,6.3922219986792665
102.65,1323.2566182660175,1.7476962381183716,6.291706457226138
102.7,1323.3433021042658,1.7199447139924005,6.1918009703726415
102.75,1323.4286044467601,1.692409640647623,6.092674706331443
102.80000000000001,1323.5125416717626,1.665048300624394,5.994173882247818
102.85000000000001,1323.5951137117956,1.6377932428303783,5.896055674189362
102.9,1323.6763191673679,1.6106638405271196,5.7983898258976305
102.95,1323.7561719208747,1.583714656057674,5.701372761807627
103.0,1323.83469065653,1.5569100051026137,5.604876018369409
103.05000000000001,1323.911878592292,1.5301736207878305,5.50862503483619
103.10000000000001,1323.9877263351457,1.5034923285391826,5.4125723827410575
103.15,1324.0622326209307,1.4769306211949433,5.316950236301796
103.2,1324.1354121569534,1.450505157994268,5.221818568779365
103.25,1324.2072778255808,1.424144261231391,5.126919340433008
103.30000000000001,1324.2778253260212,1.3977924053077273,5.032052659107818
103.35000000000001,1324.3470495350675,1.3714938961329477,4.937378026078612
103.4,1324.4149607138445,1.3452845031154201,4.843024211215512
103.45,1324.4815715626237,1.3191011784307693,4.74876424235077
103.5,1324.5468774452722,1.2928324859374245,4.654196949374728
103.55000000000001,1324.6108622592913,1.2664334188189708,4.559160307748295
103.60000000000001,1324.6735204881652,1.2399489877263523,4.463816355814869
103.65,1324.7348592501264,1.2133812365671157,4.368172451641617
103.7,1324.7948740199631,1.1866583422257269,4.271970032012617
103.75,1324.8535426742976,1.1597368718297356,4.175052738587048
103.80000000000001,1324.910849017303,1.1326821022502123,4.077655568100765
103.85000000000001,1324.966795812751,1.1055536076964563,3.979992987707243
103.9,1325.0213914870421,1.0783185357418947,3.881946728670821
103.95,1325.0746285127407,1.050917850098263,3.783304260353747
104.0,1325.126490112239,1.0233877086602323,3.6841957511768366
104.05000000000001,1325.176971327859,0.9958497379891493,3.5850590567609375
104.10000000000001,1325.2260807690786,0.9683246110048204,3.4859685996173533
104.15,1325.2738182340427,0.9407682406163462,3.3867656662188463
104.2,1325.320169053254,0.9131861357645663,3.2874700887524386
104.25,1325.3651284779537,0.8856755166987665,3.1884318601155597
104.30000000000001,1325.408713332177,0.8583092510050538,3.089913303618194
104.35000000000001,1325.4509443166135,0.8310602345382427,2.991816844337674
104.4,1325.4918210289345,0.8038799796477452,2.8939679267318827
104.45,1325.5313366318169,0.7767756435715425,2.796392316857553
104.5,1325.5695022918242,0.7498385064957066,2.6994186233845436
104.55000000000001,1325.606336128506,0.7230692319419469,2.6030492349910093
104.60000000000001,1325.6418413460585,0.6964135013850312,2.5070886049861123
104.65,1325.6760101732036,0.669882361232033,2.411576500435319
104.7,1325.7088463175237,0.6436079223785863,2.316988520562911
104.75,1325.7403713201322,0.6177108671288434,2.223759121663836
104.80000000000001,1325.7706141118424,0.5921853994636123,2.1318674380690044
104.85000000000001,1325.7995911996682,0.5670500203109969,2.0413800731195892
104.9,1325.8273146584022,0.5424126652773471,1.9526855949984496
104.95,1325.853815993784,0.5183493594342045,1.8660576939631361
105.0,1325.8791375902697,0.4948681070890284,1.7815251855205023
105.05000000000001,1325.903307173929,0.47182438132443044,1.6985677727679496
105.10000000000001,1325.9263355492656,0.4491115220781008,1.616801479481163
105.15,1325.9482439975986,0.42672271678533036,1.5362017804271892
105.2,1325.9690673987022,0.404745524033741,1.4570838865214675
105.25,1325.988827239021,0.3832740844607972,1.3797867040588698
105.30000000000001,1326.0075329518845,0.36250395988317924,1.3050142555794453
105.35000000000001,1326.025190997037,0.3425138816810639,1.2330499740518301
105.4,1326.041837690409,0.32405595293304545,1.1666014305589636
105.45,1326.057558249616,0.3076764006720148,1.1076350424192534
105.5,1326.072457482973,0.2936595494149953,1.057174377893983
105.55000000000001,1326.086644601133,0.282026136395225,1.01529409102281
105.60000000000001,1326.1002284298704,0.2724380067951343,0.9807768244624835
105.65,1326.113306437209,0.2640825334722615,0.9506971205001414
105.7,1326.1260291200172,0.2571950377698631,0.9259021359715071
105.75,1326.138435080274,0.24779351847910946,0.8920566665247941
105.80000000000001,1326.150335824045,0.23320746125879516,0.8395468605316626
105.85000000000001,1326.1614378295728,0.21137819174410294,0.7609614902787706
105.9,1326.1713384868146,0.18024703557021693,0.648889328052781
105.95,1326.1795260974422,0.1377553183723213,0.4959191461403567
106.0,1326.1853798748418,0.08184436578560011,0.2946397168281604
106.05000000000001,1326.1876388888904,0.0,0.0
