time,velocity,acceleration,distance,cumulative_energy
0.0,0.0,0.55,0.0,0.40443867444992065
0.05,0.027500000000000004,0.55,0.0013749999535890799,0.8111922963783967
0.1,0.05500000000000001,0.55,0.0041249998607672395,1.2203505817742653
0.15000000000000002,0.08250000000000002,0.55,0.008249999721534479,1.6397525570718126
0.2,0.11000000000000001,0.55,0.013749999535890798,2.0741355573604867
0.25,0.1375,0.55,0.020624999303836197,2.527487209516938
0.30000000000000004,0.16500000000000004,0.55,0.028874999025370673,3.0034295198812933
0.35000000000000003,0.19250000000000003,0.55,0.03849999870049423,3.504798107576131
0.4,0.22000000000000003,0.55,0.049499998329206873,4.034047096352333
0.45,0.24750000000000003,0.55,0.06187499791150859,4.5933383087128625
0.5,0.275,0.55,0.07562499744739938,5.184545729702403
0.55,0.30250000000000005,0.55,0.09074999693687925,5.8095983603786765
0.6000000000000001,0.33000000000000007,0.55,0.10724999637994821,6.470222722202243
0.65,0.35750000000000004,0.55,0.12512499577660624,7.168014987379813
0.7000000000000001,0.38500000000000006,0.55,0.14437499512685337,7.904493345849036
0.75,0.41250000000000003,0.55,0.16499999443068958,8.681030357476216
0.8,0.44000000000000006,0.55,0.18699999368811487,9.498870920213955
0.8500000000000001,0.4675000000000001,0.55,0.21037499289912923,10.357424217130482
0.9,0.49500000000000005,0.55,0.23512499206373264,11.257962747397888
0.9500000000000001,0.5225000000000001,0.55,0.26124999118192516,12.201798709239169
1.0,0.55,0.55,0.28874999025370673,13.190185743947541
1.05,0.5775000000000001,0.55,0.3176249892790774,14.22431748182839
1.1,0.6050000000000001,0.55,0.34787498825803714,15.305294693323626
1.1500000000000001,0.6325000000000002,0.55,0.379499987190586,16.434249224729424
1.2000000000000002,0.6600000000000001,0.55,0.41249998607672395,17.61223496635638
1.25,0.6875,0.55,0.4468749849164509,18.84006377104291
1.3,0.7150000000000001,0.55,0.482624983709767,20.118443289037003
1.35,0.7425000000000002,0.55,0.519749982456672,21.447851001415273
1.4000000000000001,0.7700000000000001,0.55,0.5582499811571663,22.828690237961723
1.4500000000000002,0.7975000000000002,0.55,0.5981249798112496,24.261398012169085
1.5,0.8250000000000001,0.55,0.639374978418922,25.746437716981454
1.55,0.8525000000000001,0.55,0.6819999769801834,27.283950696776333
1.6,0.8800000000000001,0.55,0.725999975495034,28.87423831807759
1.6500000000000001,0.9075000000000002,0.55,0.7713749739634738,30.51772082938015
1.7000000000000002,0.9350000000000002,0.55,0.8181249723855025,32.21463649135076
1.75,0.9625000000000001,0.55,0.8662499707611202,33.965001471728684
1.8,0.9900000000000001,0.55,0.9157499690903271,35.76879929664681
1.85,1.0175,0.55,0.9666249673731231,37.625989085851
1.9000000000000001,1.0450000000000002,0.55,1.0188749656095082,39.53650401573692
1.9500000000000002,1.0725000000000002,0.55,1.0724999637994823,41.50026124881651
2.0,1.1,0.55,1.1274999619430452,43.51716641976878
2.0500000000000003,1.1275000000000002,0.55,1.1838749600401977,45.587105780433966
2.1,1.1550000000000002,0.55,1.2416249580909389,47.70995653655274
2.15,1.1825,0.55,1.3007499560952696,49.885602515690124
2.2,1.2100000000000002,0.55,1.361249954053189,52.11391083343841
2.25,1.2375,0.55,1.4231249519646973,54.394745148526376
2.3000000000000003,1.2650000000000003,0.55,1.4863749498297951,56.72796330416709
2.35,1.2925000000000002,0.55,1.5509999476484817,59.113427499170726
2.4000000000000004,1.3200000000000003,0.55,1.6169999454207578,61.550990758530226
2.45,1.3475000000000001,0.55,1.6843749431466226,64.04049094490362
2.5,1.375,0.55,1.7531249408260765,66.58178212121894
2.5500000000000003,1.4025000000000003,0.55,1.8232499384591196,69.17469669856588
2.6,1.4300000000000002,0.55,1.8947499360457516,71.81906640683401
2.6500000000000004,1.4575000000000002,0.55,1.967624933585973,74.51473223759389
2.7,1.4850000000000003,0.55,2.041874931079783,77.26154765639556
2.75,1.5125000000000002,0.55,2.1174999285271827,80.05937508966124
2.8000000000000003,1.5400000000000003,0.55,2.194499925928171,82.9080723530621
2.85,1.5675000000000001,0.55,2.2728749232827483,85.80749286759253
2.9000000000000004,1.5950000000000004,0.55,2.352624920590915,88.75747606389443
2.95,1.6225000000000003,0.55,2.433749917852671,91.75788114676168
3.0,1.6500000000000001,0.55,2.5162499150680158,94.80857075843151
3.0500000000000003,1.6775000000000002,0.55,2.6001249122369496,97.90941154865779
3.1,1.7050000000000003,0.55,2.685374909359472,101.0602809162141
3.1500000000000004,1.7325000000000004,0.55,2.7719999064355845,104.26108350531773
3.2,1.7600000000000002,0.55,2.8599999034652854,107.51170211810383
3.25,1.7875,0.55,2.949374900448576,110.81201322088926
3.3000000000000003,1.8150000000000004,0.55,3.040124897385455,114.16187621334129
3.35,1.8425000000000002,0.55,3.132249894275923,117.56114652090281
3.4000000000000004,1.8700000000000003,0.55,3.2257498911199805,121.00972825701687
3.45,1.8975000000000002,0.55,3.320624887917627,124.50751505615231
3.5,1.9250000000000003,0.55,3.4168748846688626,128.0543711909365
3.5500000000000003,1.9525000000000003,0.55,3.514499881373687,131.65017061756726
3.6,1.9800000000000002,0.55,3.613499878032101,135.2948281470591
3.6500000000000004,2.0075000000000003,0.55,3.713874874644104,138.98823524368478
3.7,2.035,0.55,3.8156248712096956,142.73016625502254
3.75,2.0625,0.55,3.918749867728877,146.52042782525962
3.8000000000000003,2.0900000000000003,0.55,4.023249864201646,150.35890292450438
3.85,2.1175,0.55,4.129124860628006,154.24548711056323
3.9000000000000004,2.1450000000000005,0.55,4.236374857007954,158.18010322866732
3.95,2.1725000000000003,0.55,4.344999853341491,162.16264100809744
4.0,2.2,0.55,4.454999849628617,166.19299536330863
4.05,2.2275,0.55,4.5663748458693325,170.27087295181008
4.1000000000000005,2.2550000000000003,0.55,4.679124842063637,174.3961687908417
4.15,2.2825,0.55,4.793249838211531,178.5687799680767
4.2,2.3100000000000005,0.55,4.908749834313014,182.7885988820842
4.25,2.3375000000000004,0.55,5.025624830368085,187.05552508025465
4.3,2.365,0.55,5.143874826376746,191.36947209096115
4.3500000000000005,2.3925000000000005,0.55,5.2634998223389955,195.73035208400105
4.4,2.4200000000000004,0.55,5.384499818254835,200.13806959230965
4.45,2.4475000000000002,0.55,5.506874814124263,204.5926103641858
4.5,2.475,0.55,5.630624809947281,209.09391611724445
4.55,2.5025,0.55,5.7557498057238865,213.6419447837279
4.6000000000000005,2.5300000000000007,0.55,5.882249801454082,218.2366437348146
4.65,2.5575000000000006,0.55,6.010124797137867,222.87803005670992
4.7,2.5850000000000004,0.55,6.13937479277524,227.56604599990177
4.75,2.6125000000000003,0.55,6.269999788366203,232.30061923189533
4.800000000000001,2.6400000000000006,0.55,6.401999783910754,237.0819388607032
4.8500000000000005,2.6675000000000004,0.55,6.535374779408895,241.9101883427669
4.9,2.6950000000000003,0.55,6.670124774860625,246.78536756138533
4.95,2.7225,0.55,6.806249770265944,251.70741078455424
5.0,2.75,0.55,6.943749765624852,256.67633466549074
5.050000000000001,2.7775000000000007,0.55,7.082624760937349,261.6926866524948
5.1000000000000005,2.8050000000000006,0.55,7.222874756203435,266.75642579855867
5.15,2.8325000000000005,0.55,7.36449975142311,271.8675697776897
5.2,2.8600000000000003,0.55,7.507499746596374,277.0262606385865
5.25,2.8875,0.55,7.651874741723228,282.23248723737686
5.300000000000001,2.9150000000000005,0.55,7.7976247368036695,287.4862721115275
5.3500000000000005,2.9425000000000003,0.55,7.944749731837701,292.7875832204544
5.4,2.9700000000000006,0.55,8.093249726825322,298.1364304622322
5.45,2.9975000000000005,0.55,8.24312472176653,303.53277479495966
5.5,3.0250000000000004,0.55,8.394374716661329,308.976574212004
5.550000000000001,3.0525000000000007,0.55,8.546999711509716,314.4678249504457
5.6000000000000005,3.0800000000000005,0.55,8.700999706311693,320.0065180624537
5.65,3.1075000000000004,0.55,8.856374701067258,325.59261839948925
5.7,3.1350000000000002,0.55,9.013124695776416,331.22620834518324
5.75,3.1625,0.55,9.17124969043916,336.907298002013
5.800000000000001,3.190000000000001,0.55,9.330749685055492,342.6358830962287
5.8500000000000005,3.2175000000000007,0.55,9.491624679625415,348.4119625913407
5.9,3.2450000000000006,0.55,9.653874674148927,354.2356364115067
5.95,3.2725000000000004,0.55,9.817499668626027,360.1069397136022
6.0,3.3000000000000003,0.55,9.982499663056716,366.02584858341925
6.050000000000001,3.3275000000000006,0.55,10.148874657440993,371.99237847782075
6.1000000000000005,3.3550000000000004,0.55,10.316624651778861,378.0066068508724
6.15,3.3825000000000003,0.55,10.485749646070317,384.0685191128538
6.2,3.4100000000000006,0.55,10.656249640315364,390.1781850384258
6.25,3.4375000000000004,0.55,10.828124634514,396.3356750610956
6.300000000000001,3.4650000000000007,0.55,11.001374628666223,402.5409892047961
6.3500000000000005,3.4925000000000006,0.55,11.175999622772036,408.7941290675051
6.4,3.5200000000000005,0.55,11.351999616831439,415.09514858646827
6.45,3.5475000000000003,0.55,11.52937461084443,421.4440989463955
6.5,3.575,0.55,11.70812460481101,427.84107720052765
6.550000000000001,3.6025000000000005,0.55,11.88824959873118,434.2860722366671
6.6000000000000005,3.630000000000001,0.55,12.06974959260494,440.7790906473452
6.65,3.6575000000000006,0.55,12.252624586432285,447.3201567156733
6.7,3.6850000000000005,0.55,12.436874580213223,453.9095439062996
6.75,3.7125000000000004,0.55,12.622499573947747,460.5474689615239
6.800000000000001,3.7400000000000007,0.55,12.809499567635863,467.23388923326655
6.8500000000000005,3.7675000000000005,0.55,12.997874561277568,473.96897831647647
6.9,3.7950000000000004,0.55,13.18762455487286,480.75277723164976
6.95,3.8225000000000002,0.55,13.378749548421741,487.5854933911596
7.0,3.8500000000000005,0.55,13.571249541924214,494.4671648958373
7.050000000000001,3.877500000000001,0.55,13.765124535380274,501.3979702311323
7.1000000000000005,3.9050000000000007,0.55,13.960374528789924,508.3779109228736
7.15,3.9325000000000006,0.55,14.156999522153162,515.4070506624369
7.2,3.9600000000000004,0.55,14.35499951546999,522.4854432960898
7.25,3.9875000000000003,0.55,14.554374508740407,529.6130992001307
7.300000000000001,4.015000000000001,0.55,14.755124501964412,536.7900014858963
7.3500000000000005,4.0425,0.55,14.957249495142007,544.0162752698631
7.4,4.07,0.55,15.16074948827319,551.2920164823689
7.45,4.0975,0.55,15.365624481357964,558.6172720724654
7.5,4.125,0.55,15.571874474396326,565.9921346540062
7.550000000000001,4.152500000000001,0.55,15.779499467388277,573.4166707358704
7.6000000000000005,4.180000000000001,0.55,15.988499460333816,580.8909123718167
7.65,4.2075000000000005,0.55,16.198874453232946,588.4148633541456
7.7,4.235,0.55,16.410624446085663,595.9885290110632
7.75,4.2625,0.55,16.623749438891974,603.61190642681
7.800000000000001,4.290000000000001,0.55,16.83824943165187,611.2850163852787
7.8500000000000005,4.317500000000001,0.55,17.054124424365355,619.0078690334924
7.9,4.345000000000001,0.55,17.27137441703243,626.7804643544109
7.95,4.3725000000000005,0.55,17.489999409653095,634.6027847721282
8.0,4.4,0.55,17.709999402227343,642.474809691774
8.05,4.427500000000001,0.55,17.931374394755185,650.3964873626745
8.1,4.455,0.55,18.154124387236617,658.3677794593561
8.15,4.482500000000001,0.55,18.378249379671637,666.3887163915521
8.200000000000001,4.510000000000001,0.55,18.603749372060246,674.4593994470255
8.25,4.5375000000000005,0.55,18.830624364402446,682.5798152991218
8.3,4.565,0.55,19.05887435669823,690.7499585512694
8.35,4.5925,0.55,19.288499348947607,698.9698310192107
8.4,4.620000000000001,0.55,19.519499341150574,707.2394584179199
8.450000000000001,4.647500000000001,0.55,19.75187433330713,715.558860080184
8.5,4.675000000000001,0.55,19.985624325417273,723.9280484776228
8.55,4.702500000000001,0.55,20.220749317481005,732.3470251655423
8.6,4.73,0.55,20.457249309498327,740.8157893640772
8.65,4.7575,0.55,20.695124301469235,749.3342905110691
8.700000000000001,4.785000000000001,0.55,20.934374293393734,757.902527680883
8.75,4.8125,0.55,21.174999285271824,766.5204940312397
8.8,4.840000000000001,0.55,21.416999277103503,775.1881722717076
8.85,4.867500000000001,0.55,21.66037426888877,783.9055923595276
8.9,4.8950000000000005,0.55,21.905124260627627,792.6727950201747
8.950000000000001,4.922500000000001,0.55,22.15124925232007,801.4897924069703
9.0,4.95,0.55,22.398749243966105,810.3565886038284
9.05,4.977500000000001,0.55,22.64762423556573,819.2731944060208
9.1,5.005,0.55,22.897874227118944,828.2396149212873
9.15,5.032500000000001,0.55,23.149499218625746,837.2558409857025
9.200000000000001,5.060000000000001,0.55,23.402499210086138,846.3218672824804
9.25,5.0875,0.55,23.656874201500116,855.4377323953402
9.3,5.115000000000001,0.55,23.912624192867682,864.6034048435222
9.35,5.1425,0.55,24.169749184188838,873.8188822630605
9.4,5.170000000000001,0.55,24.428249175463588,883.0841647030919
9.450000000000001,5.197500000000001,0.55,24.688124166691924,892.3992143323488
9.5,5.2250000000000005,0.55,24.94937415787385,901.7640365007495
9.55,5.2525,0.55,25.211999149009365,911.1786625725729
9.600000000000001,5.280000000000001,0.55,25.475999140098466,920.6431806818046
9.65,5.307500000000001,0.55,25.741374131141157,930.1576019786978
9.700000000000001,5.335000000000001,0.55,26.00812412213744,939.7219297705784
9.75,5.362500000000001,0.55,26.27624911308731,949.3361452161779
9.8,5.390000000000001,0.55,26.54574910399077,959.0002569161762
9.850000000000001,5.417500000000001,0.55,26.816624094847818,968.7142594278744
9.9,5.445,0.55,27.088874085658457,978.4781919156977
9.950000000000001,5.472500000000001,0.55,27.362499076422683,988.2920632873194
10.0,5.5,0.55,27.637499067140496,998.1558872407728
10.05,5.527500000000001,0.55,27.913874057811903,1008.0696808335447
10.100000000000001,5.5550000000000015,0.55,28.1916240484369,1018.033512404334
10.15,5.5825000000000005,0.55,28.470749039015484,1028.0474531737268
10.200000000000001,5.610000000000001,0.55,28.751249029547655,1038.1115615082344
10.25,5.6375,0.55,29.033124020033416,1048.2258566939324
10.3,5.665000000000001,0.55,29.316374010472764,1058.3903709114115
10.350000000000001,5.692500000000002,0.55,29.600999000865702,1068.6051890513963
10.4,5.720000000000001,0.55,29.88699899121223,1078.8703552543939
10.450000000000001,5.747500000000001,0.55,30.17437398151235,1089.1860398034457
10.5,5.775,0.55,30.46312397176606,1099.5522029536914
10.55,5.802500000000001,0.55,30.753248961973352,1109.9688295360236
10.600000000000001,5.830000000000001,0.55,31.04474895213424,1120.4359690111942
10.65,5.857500000000001,0.55,31.337623942248708,1130.953670142922
10.700000000000001,5.885000000000001,0.55,31.631873932316775,1141.5219144789164
10.75,5.9125000000000005,0.55,31.927498922338426,1152.1407729917032
10.8,5.940000000000001,0.55,32.22449891231366,1162.810468305702
10.850000000000001,5.967500000000001,0.55,32.522873902242495,1173.5314221423619
10.9,5.995000000000001,0.55,32.822623892124916,1184.3037148250892
10.950000000000001,6.022500000000001,0.55,33.12374888196093,1195.1273914085582
11.0,6.050000000000001,0.55,33.42624887175052,1206.002471692155
11.05,6.077500000000001,0.55,33.73012386149371,1216.9289771611475
11.100000000000001,6.105000000000001,0.55,34.035373851190485,1227.9069457685146
11.15,6.1325,0.55,34.341998840840844,1238.9364245438555
11.200000000000001,6.160000000000001,0.55,34.6499988304448,1250.017459102863
11.25,6.187500000000001,0.55,34.95937382000235,1261.1501198732635
11.3,6.215000000000001,0.55,35.27012380951348,1272.3344286617973
11.350000000000001,6.2425000000000015,0.55,35.5822487989782,1283.5703379117106
11.4,6.2700000000000005,0.55,35.89574878839651,1294.8578363220981
11.450000000000001,6.297500000000001,0.55,36.21062377776841,1306.1969011641063
11.5,6.325,0.55,36.526873767093896,1317.5875230763866
11.55,6.352500000000001,0.55,36.84449875637297,1329.0297225159047
11.600000000000001,6.380000000000002,0.55,37.16349874560564,1340.5235256775945
11.65,6.407500000000001,0.55,37.48387373479189,1352.0689749847104
11.700000000000001,6.435000000000001,0.55,37.80562372393174,1363.6661119226267
11.75,6.4625,0.55,38.12874871302517,1375.3149009832534
11.8,6.490000000000001,0.55,38.453248702072194,1387.0153100120422
11.850000000000001,6.517500000000001,0.55,38.77912369107281,1398.7673233209553
11.9,6.545000000000001,0.55,39.10637368002701,1410.5709300059063
11.950000000000001,6.572500000000001,0.55,39.4349986689348,1422.4261837897773
12.0,6.6000000000000005,0.55,39.76499865779618,1434.3331221984756
12.05,6.627500000000001,0.55,40.09637364661115,1446.2918054231216
12.100000000000001,6.655000000000001,0.55,40.4291236353797,1458.3021763683032
12.15,6.682500000000001,0.55,40.76324862410185,1470.3642563936924
12.200000000000001,6.710000000000001,0.55,41.09874861277759,1482.4781672485192
12.25,6.737500000000001,0.55,41.43562360140691,1494.6439000439357
12.3,6.765000000000001,0.55,41.773873589989826,1506.861473324503
12.350000000000001,6.792500000000001,0.55,42.113498578526325,1519.1309037426768
12.4,6.820000000000001,0.55,42.45449856701642,1531.4522737696545
12.450000000000001,6.847500000000001,0.55,42.796873555460095,1543.82565134829
12.5,6.875000000000001,0.55,43.140623543857366,1556.2511828763127
12.55,6.902500000000001,0.55,43.485748532208234,1568.7289103392557
12.600000000000001,6.9300000000000015,0.55,43.83224852051268,1581.25891936837
12.65,6.9575000000000005,0.55,44.18012350877072,1593.8412779670293
12.700000000000001,6.985000000000001,0.55,44.52937349698234,1606.4760334112689
12.75,7.0125,0.55,44.87999848514756,1619.163219640743
12.8,7.040000000000001,0.55,45.23199847326636,1631.9029509572083
12.850000000000001,7.067500000000002,0.55,45.585373461338754,1644.695257754107
12.9,7.095000000000001,0.55,45.940123449364734,1657.5401911823071
12.950000000000001,7.122500000000001,0.55,46.2962484373443,1670.4377990698113
13.0,7.15,0.55,46.65374842527747,1683.3881860032243
13.05,7.177500000000001,0.55,47.012623413164214,1696.3913669387334
13.100000000000001,7.205000000000001,0.55,47.372873401004554,1709.4473740136184
13.15,7.232500000000001,0.55,47.73449838879848,1722.5563025610259
13.200000000000001,7.260000000000002,0.55,48.097498376546,1735.7181148914676
13.25,7.2875000000000005,0.55,48.461873364247104,1748.9328560616248
13.3,7.315000000000001,0.55,48.8276233519018,1762.2005611295094
13.350000000000001,7.342500000000001,0.55,49.194748339510085,1775.5212520550153
13.4,7.370000000000001,0.55,49.56324832707195,1788.8949369846523
13.450000000000001,7.397500000000001,0.55,49.93312331458742,1802.321629563443
13.5,7.425000000000001,0.55,50.304373302056476,1815.8013515575199
13.55,7.452500000000001,0.55,50.676998289479116,1829.33411735691
13.600000000000001,7.480000000000001,0.55,51.050998276855346,1842.920000017474
13.65,7.507500000000001,0.55,51.42637326418516,1856.5590535364436
13.700000000000001,7.535000000000001,0.55,51.80312325146857,1870.251355767759
13.75,7.562500000000001,0.55,52.181248238705564,1883.996932604955
13.8,7.590000000000001,0.55,52.56074822589615,1897.7959181984409
13.850000000000001,7.6175000000000015,0.55,52.94162321304033,1911.6483954534654
13.9,7.6450000000000005,0.55,53.323873200138095,1925.5543936459264
13.950000000000001,7.672500000000001,0.55,53.70749818718945,1939.5139201320371
14.0,7.700000000000001,0.55,54.09249817419439,1953.5270149461762
14.05,7.727500000000001,0.55,54.47887316115292,1967.593768920696
14.100000000000001,7.755000000000002,0.55,54.86662314806504,1981.7143854363303
14.15,7.782500000000001,0.55,55.25574813493075,1995.8888731006423
14.200000000000001,7.810000000000001,0.55,55.64624812175005,2010.1173614142199
14.25,7.8375,0.55,56.03812310852293,2024.3999307782256
14.3,7.865000000000001,0.55,56.43137309524941,2038.736642535134
14.350000000000001,7.892500000000002,0.55,56.82599808192948,2053.127536107707
14.4,7.920000000000001,0.55,57.22199806856313,2067.572644973034
14.450000000000001,7.947500000000002,0.55,57.619373055150376,2082.0720398162944
14.5,7.9750000000000005,0.55,58.018123041691204,2096.625863816703
14.55,8.002500000000001,0.55,58.41824802818563,2111.234247532075
14.600000000000001,8.030000000000001,0.55,58.81974801463364,2125.897343707939
14.65,8.057500000000001,0.55,59.222623001035245,2140.615212359776
14.700000000000001,8.085,0.55,59.62687298739043,2155.3879740761663
14.75,8.1125,0.55,60.03249797369921,2170.215777593861
14.8,8.14,0.55,60.43949795996157,2185.0987027614165
14.850000000000001,8.167500000000002,0.55,60.84787294617753,2200.0368489924886
14.9,8.195,0.55,61.257622932347076,2215.0304251496323
14.950000000000001,8.222500000000002,0.55,61.66874791847021,2230.0795163709327
15.0,8.25,0.55,62.081247904546935,2245.184432876383
15.05,8.277500000000002,0.55,62.49512289057724,2260.345297026906
15.100000000000001,8.305000000000001,0.55,62.91037287656115,2275.5623213204126
15.15,8.332500000000001,0.55,63.326997862498644,2290.8355518534145
15.200000000000001,8.360000000000001,0.55,63.74499784838972,2306.16506620844
15.25,8.387500000000001,0.55,64.16437283423438,2321.5510192304014
15.3,8.415000000000001,0.55,64.58512282003264,2336.9936044027845
15.350000000000001,8.4425,0.55,65.00724780578449,2352.492963487006
15.4,8.47,0.55,65.43074779148992,2368.0491135663265
15.450000000000001,8.4975,0.55,65.85562277714895,2383.662291083862
15.5,8.525,0.55,66.28187276276157,2399.3326402294965
15.55,8.5525,0.55,66.70949774832778,2415.060144275334
15.600000000000001,8.580000000000002,0.55,67.13849773384757,2430.844832046185
15.65,8.607500000000002,0.55,67.56887271932095,2446.6867707670094
15.700000000000001,8.635000000000002,0.55,68.00062270474791,2462.586046512593
15.75,8.662500000000001,0.55,68.43374769012847,2478.5427639691266
15.8,8.690000000000001,0.55,68.86824767546263,2494.556956550403
15.850000000000001,8.717500000000001,0.55,69.30412266075035,2510.6286283594854
15.9,8.745000000000001,0.55,69.74137264599169,2526.7579454004076
15.950000000000001,8.7725,0.55,70.17999763118661,2542.9451754966917
16.0,8.8,0.55,70.61999761633511,2559.1904436738855
16.05,8.8275,0.55,71.0613726014372,2575.4938620976877
16.1,8.855000000000002,0.55,71.50412258649288,2591.855508854694
16.150000000000002,8.882500000000002,0.55,71.94824757150216,2608.275478735554
16.2,8.91,0.55,72.39374755646502,2624.753913275711
16.25,8.9375,0.55,72.84062254138148,2641.2908617573726
16.3,8.965000000000002,0.55,73.28887252625151,2657.886458831349
16.35,8.992500000000001,0.55,73.73849751107514,2674.540776697536
16.400000000000002,9.020000000000001,0.55,74.18949749585235,2691.2538682586746
16.45,9.047500000000001,0.55,74.64187248058316,2708.0257728424003
16.5,9.075000000000001,0.55,75.09562246526755,2724.856532175285
16.55,9.102500000000001,0.55,75.55074744990554,2741.7460809487097
16.6,9.13,0.55,76.00724743449712,2758.6943271659266
16.650000000000002,9.157500000000002,0.55,76.46512241904229,2775.7012980542268
16.7,9.185,0.55,76.92437240354103,2792.767041598069
16.75,9.2125,0.55,77.38499738799337,2809.8916420362875
16.8,9.240000000000002,0.55,77.8469973723993,2827.0752117558577
16.85,9.267500000000002,0.55,78.31037235675882,2844.317824296277
16.900000000000002,9.295000000000002,0.55,78.77512234107192,2861.6195184026815
16.95,9.3225,0.55,79.24124732533863,2878.9804060294596
17.0,9.350000000000001,0.55,79.70874730955892,2896.4005288122694
17.05,9.377500000000001,0.55,80.1776222937328,2913.8799479518416
17.1,9.405000000000001,0.55,80.64787227786024,2931.418758519095
17.150000000000002,9.432500000000003,0.55,81.1194972619413,2949.017017929562
17.2,9.46,0.55,81.59249724597595,2966.6747244857174
17.25,9.4875,0.55,82.06687222996418,2984.3918951014334
17.3,9.515,0.55,82.542622213906,3002.168737678614
17.35,9.542500000000002,0.55,83.01974719780141,3020.0052763131876
17.400000000000002,9.570000000000002,0.55,83.49824718165041,3037.9015918594528
17.45,9.5975,0.55,83.978122165453,3055.857671964793
17.5,9.625,0.55,84.45937214920919,3073.8735267026873
17.55,9.652500000000002,0.55,84.94199713291896,3091.9492116993115
17.6,9.680000000000001,0.55,85.42599711658231,3110.0847058248078
17.650000000000002,9.707500000000001,0.55,85.91137210019926,3128.2799481481643
17.7,9.735000000000001,0.55,86.39812208376979,3146.534850096563
17.75,9.762500000000001,0.55,86.88624706729391,3164.849462586802
17.8,9.790000000000001,0.55,87.37574705077162,3183.2239574286486
17.85,9.8175,0.55,87.86662203420293,3201.65837030961
17.900000000000002,9.845000000000002,0.55,88.35887201758781,3220.1527318257963
17.95,9.8725,0.55,88.85249700092629,3238.7073942646484
18.0,9.9,0.55,89.34749698421837,3257.322942277391
18.05,9.927500000000002,0.55,89.84387196746403,3275.99952558433
18.1,9.955000000000002,0.55,90.34162195066327,3294.737634631687
18.150000000000002,9.982500000000002,0.55,90.8407469338161,3313.5372606800693
18.2,10.01,0.55,91.34124691692254,3332.3987947254873
18.25,10.037500000000001,0.55,91.84312189998255,3351.322083873965
18.3,10.065000000000001,0.55,92.34637188299615,3370.30738939214
18.35,10.092500000000001,0.55,92.85099686596334,3389.354430682336
18.400000000000002,10.120000000000003,0.55,93.35699684888412,3408.463600827001
18.45,10.1475,0.55,93.86437183175849,3427.634655318319
18.5,10.175,0.55,94.37312181458645,3446.867369228117
18.55,10.2025,0.55,94.883246797368,3466.1615668017866
18.6,10.230000000000002,0.55,95.39474678010315,3485.517571205804
18.650000000000002,10.257500000000002,0.55,95.90762176279186,3504.9351958069624
18.7,10.285,0.55,96.42187174543419,3524.4147465759347
18.75,10.3125,0.55,96.93749672803008,3543.9559497069713
18.8,10.340000000000002,0.55,97.45449671057958,3563.5590741862
18.85,10.367500000000001,0.55,97.97287169308267,3583.223897794942
18.900000000000002,10.395000000000001,0.55,98.49262167553934,3602.950608427342
18.95,10.422500000000001,0.55,99.0137466579496,3622.7389676164194
19.0,10.450000000000001,0.55,99.53624664031345,3642.5895633036016
19.05,10.477500000000001,0.55,100.06012162263089,3662.502698137083
19.1,10.505,0.55,100.58537160490192,3682.4783295298053
19.150000000000002,10.532500000000002,0.55,101.11199658712653,3702.516581524782
19.200000000000003,10.560000000000002,0.55,101.63999656930474,3722.617236147538
19.25,10.5875,0.55,102.16937155143654,3742.780450551603
19.3,10.615000000000002,0.55,102.70012153352192,3763.006198778114
19.35,10.642500000000002,0.55,103.23224651556089,3783.294619354288
19.400000000000002,10.670000000000002,0.55,103.76574649755345,3803.645687363592
19.450000000000003,10.697500000000002,0.55,104.30062147949961,3824.059923488559
19.5,10.725000000000001,0.55,104.83687146139934,3844.536793639228
19.55,10.752500000000001,0.55,105.37449644325268,3865.0766868614114
19.6,10.780000000000001,0.55,105.9134964250596,3885.67919408514
19.650000000000002,10.807500000000003,0.55,106.4538714068201,3906.3447181548377
19.700000000000003,10.835000000000003,0.55,106.99562138853419,3927.072966226886
19.75,10.8625,0.55,107.53874637020188,3947.86459640665
19.8,10.89,0.55,108.08324635182316,3968.7195729230802
19.85,10.917500000000002,0.55,108.62912133339802,3989.6380101374198
19.900000000000002,10.945000000000002,0.55,109.17637131492648,4010.6196917660895
19.950000000000003,10.972500000000002,0.55,109.72499629640852,4031.6645319873815
20.0,11.0,0.55,110.27499627784415,4052.7725319257956
20.05,11.027500000000002,0.55,110.82637125923337,4073.9436604461353
20.1,11.055000000000001,0.55,111.37912124057618,4095.178071946381
20.150000000000002,11.082500000000001,0.55,111.93324622187258,4116.475657893953
20.200000000000003,11.110000000000003,0.55,112.48874620312256,4137.8364739518765
20.25,11.137500000000001,0.55,113.04562118432614,4159.26047014887
20.3,11.165000000000001,0.55,113.60387116548331,4180.747710104343
20.35,11.192500000000003,0.55,114.16349614659406,4202.298821999039
20.400000000000002,11.220000000000002,0.55,114.72449612765841,4223.913635175562
20.450000000000003,11.247500000000002,0.55,115.28687110867635,4245.592292364762
20.5,11.275,0.55,115.85062108964787,4267.319890160221
20.55,11.302500000000002,0.55,116.41574607057298,4289.003446635057
20.6,11.330000000000002,0.55,116.98224605145168,4310.719372044286
20.650000000000002,11.357500000000002,0.55,117.55012103228397,4332.498262320062
20.700000000000003,11.385000000000003,0.55,118.11937101306985,4354.3298241802395
20.75,11.412500000000001,0.55,118.68999599380932,4376.203583899611
20.8,11.440000000000001,0.55,119.26199597450238,4398.1602973988465
20.85,11.467500000000001,0.55,119.83537095514903,4420.184176929687
20.900000000000002,11.495000000000003,0.55,120.41012093574926,4442.236191367221
20.950000000000003,11.522500000000003,0.55,120.98624591630309,4464.339949937496
21.0,11.55,0.55,121.5637458968105,4486.558751209738
21.05,11.5775,0.55,122.1426208772715,4508.927120080098
21.1,11.605000000000002,0.55,122.7228708576861,4531.455839376226
21.150000000000002,11.632500000000002,0.55,123.30449583805428,4554.115512911467
21.200000000000003,11.660000000000002,0.55,123.88749581837605,4576.873218288597
21.25,11.687500000000002,0.55,124.47187079865141,4599.723368812817
21.3,11.715000000000002,0.55,125.05762077888035,4622.688251043403
21.35,11.742500000000001,0.55,125.64474575906289,4645.773672349639
21.400000000000002,11.770000000000001,0.55,126.23324573919902,4668.995839728932
21.450000000000003,11.797500000000003,0.55,126.82312071928874,4692.356199776204
21.5,11.825000000000001,0.55,127.41437069933204,4715.867476013878
21.55,11.852500000000001,0.55,128.00699567932895,4739.471389579859
21.6,11.880000000000003,0.55,128.60099565927942,4763.13180850847
21.650000000000002,11.907500000000002,0.55,129.1963706391835,4786.832103268662
21.700000000000003,11.935000000000002,0.55,129.79312061904113,4810.537047267438
21.75,11.9625,0.55,130.39124559885238,4834.266889856853
21.8,11.990000000000002,0.55,130.99074557861724,4857.972087743546
21.85,12.017500000000002,0.55,131.59162055833568,4881.607998176651
21.900000000000002,12.045000000000002,0.55,132.19387053800767,4905.397300964002
21.950000000000003,12.072500000000003,0.55,132.79749551763328,4930.3924099176
22.0,12.100000000000001,0.55,133.40249549721247,4955.507176311852
22.05,12.127500000000001,0.55,134.00887047674527,4980.672659089402
22.1,12.155000000000001,0.55,134.61662045623166,5005.868029803169
22.150000000000002,12.182500000000003,0.55,135.22574543567163,5031.118137373511
22.200000000000003,12.210000000000003,0.55,135.83624541506518,5056.41375630379
22.25,12.2375,0.55,136.4481203944123,5081.765653618284
22.3,12.265,0.55,137.06137037371303,5107.1630530662105
22.35,12.292500000000002,0.55,137.67599535296733,5132.590895555698
22.400000000000002,12.320000000000002,0.55,138.29199533217525,5158.075961344779
22.450000000000003,12.347500000000002,0.55,138.90937031133677,5183.616654570059
22.5,12.375000000000002,0.55,139.52812029045185,5209.244557881362
22.55,12.402500000000002,0.55,140.14824526952054,5234.896403361245
22.6,12.430000000000001,0.55,140.7697452485428,5260.6128209841945
22.650000000000002,12.457500000000001,0.55,141.39262022751865,5286.395085612674
22.700000000000003,12.485000000000003,0.55,142.01687020644806,5312.251465635826
22.75,12.51818181818182,0.8,142.6427792762306,5343.723912940468
22.8,12.558181818181819,0.8,143.27068834594564,5374.9426832216795
22.85,12.59818181818182,0.8,143.90059741559315,5406.293184454563
22.900000000000002,12.63818181818182,0.8,144.53250648517317,5437.931059266909
22.950000000000003,12.678181818181821,0.8,145.16641555468567,5469.859963468256
23.0,12.718181818181819,0.8,145.80232462413068,5502.040358177611
23.05,12.75818181818182,0.8,146.44023369350816,5534.968998021293
23.1,12.79818181818182,0.8,147.08014276281816,5568.9003850800245
23.150000000000002,12.83818181818182,0.8,147.72205183206063,5603.708992405929
23.200000000000003,12.87818181818182,0.8,148.36596090123558,5639.481917154303
23.25,12.918181818181818,0.8,149.01186997034307,5675.935230893123
23.3,12.958181818181819,0.8,149.659779039383,5712.823564121973
23.35,12.99818181818182,0.8,150.30968810835546,5750.327443862758
23.400000000000002,13.03818181818182,0.8,150.96159717726042,5788.212612361488
23.450000000000003,13.078181818181822,0.8,151.61550624609785,5826.523771478942
23.5,13.118181818181819,0.8,152.2714153148678,5865.387039365805
23.55,13.15818181818182,0.8,152.92932438357022,5904.644663893836
23.6,13.19818181818182,0.8,153.58923345220512,5943.981325193059
23.650000000000002,13.23818181818182,0.8,154.25114252077253,5983.206388982333
23.700000000000003,13.278181818181821,0.8,154.91505158927245,6022.3918066927745
23.75,13.318181818181818,0.8,155.58096065770485,6061.5578621147
23.8,13.35818181818182,0.8,156.24886972606973,6100.801829408554
23.85,13.39818181818182,0.8,156.9187787943671,6140.1238586082645
23.900000000000002,13.438181818181821,0.8,157.59068786259698,6179.527296626829
23.950000000000003,13.47818181818182,0.8,158.26459693075935,6219.081220610756
24.0,13.51818181818182,0.8,158.94050599885423,6258.601882004147
24.05,13.558181818181819,0.8,159.6184150668816,6298.081608421574
24.1,13.59818181818182,0.8,160.29832413484144,6337.5802231585985
24.150000000000002,13.63818181818182,0.8,160.98023320273379,6377.132639239445
24.200000000000003,13.678181818181821,0.8,161.6641422705586,6416.926683733474
24.25,13.718181818181819,0.8,162.35005133831595,6456.644321825044
24.3,13.75818181818182,0.8,163.0379604060058,6496.361403923531
24.35,13.79818181818182,0.8,163.7278694736281,6536.093141085116
24.400000000000002,13.800000000000008,0.0,164.41786945033823,6558.288341250058
24.450000000000003,13.800000000000008,0.0,165.1078694270484,6578.6748002618515
24.5,13.800000000000008,0.0,165.79786940375854,6597.785196515286
24.55,13.800000000000008,0.0,166.4878693804687,6616.818663841766
24.6,13.800000000000008,0.0,167.17786935717885,6636.577354204243
24.650000000000002,13.800000000000008,0.0,167.86786933388902,6654.766065381175
24.700000000000003,13.800000000000008,0.0,168.55786931059916,6670.709923076478
24.75,13.800000000000008,0.0,169.24786928730933,6685.163585990218
24.8,13.800000000000008,0.0,169.93786926401947,6698.981517325105
24.85,13.800000000000008,0.0,170.62786924072964,6712.229718574162
24.900000000000002,13.800000000000008,0.0,171.31786921743978,6725.3312957630615
24.950000000000003,13.800000000000008,0.0,172.00786919414995,6737.958196138219
25.0,13.800000000000008,0.0,172.6978691708601,6747.827434682318
25.05,13.800000000000008,0.0,173.38786914757026,6754.077361373714
25.1,13.800000000000008,0.0,174.0778691242804,6758.906166159523
25.150000000000002,13.800000000000008,0.0,174.76786910099057,6762.734931444416
25.200000000000003,13.800000000000008,0.0,175.4578690777007,6765.958597889785
25.25,13.800000000000008,0.0,176.14786905441085,6768.638392293241
25.3,13.800000000000008,0.0,176.83786903112102,6770.938308002701
25.35,13.800000000000008,0.0,177.52786900783116,6773.062444353361
25.400000000000002,13.800000000000008,0.0,178.21786898454133,6775.265031111873
25.450000000000003,13.800000000000008,0.0,178.90786896125147,6777.9804157952385
25.5,13.800000000000008,0.0,179.59786893796164,6781.410042201815
25.55,13.800000000000008,0.0,180.28786891467178,6785.078657101965
25.6,13.800000000000008,0.0,180.97786889138195,6788.895183060679
25.650000000000002,13.800000000000008,0.0,181.66786886809209,6792.7114152164595
25.700000000000003,13.800000000000008,0.0,182.35786884480225,6796.825332843998
25.75,13.800000000000008,0.0,183.0478688215124,6801.5121641706455
25.8,13.800000000000008,0.0,183.73786879822256,6806.817618547342
25.85,13.800000000000008,0.0,184.4278687749327,6813.506752741073
25.900000000000002,13.800000000000008,0.0,185.11786875164287,6820.288953610388
25.950000000000003,13.800000000000008,0.0,185.80786872835301,6827.146224039665
26.0,13.800000000000008,0.0,186.49786870506318,6834.236314903672
26.05,13.800000000000008,0.0,187.18786868177332,6841.533020158271
26.1,13.800000000000008,0.0,187.87786865848346,6849.04818404936
26.150000000000002,13.800000000000008,0.0,188.56786863519363,6856.724730722356
26.200000000000003,13.800000000000008,0.0,189.25786861190377,6864.518064729619
26.25,13.800000000000008,0.0,189.94786858861394,6872.391130201268
26.3,13.800000000000008,0.0,190.63786856532408,6880.395343534398
26.35,13.800000000000008,0.0,191.32786854203425,6888.554049245763
26.400000000000002,13.800000000000008,0.0,192.0178685187444,6896.850361577916
26.450000000000003,13.800000000000008,0.0,192.70786849545456,6905.12603353684
26.5,13.800000000000008,0.0,193.3978684721647,6913.371986143041
26.55,13.800000000000008,0.0,194.08786844887487,6921.467282049108
26.6,13.800000000000008,0.0,194.777868425585,6929.16864656632
26.650000000000002,13.800000000000008,0.0,195.46786840229518,6936.1177351397755
26.700000000000003,13.800000000000008,0.0,196.15786837900532,6942.400871030736
26.75,13.800000000000008,0.0,196.8478683557155,6948.296430341649
26.8,13.800000000000008,0.0,197.53786833242563,6953.897738210607
26.85,13.800000000000008,0.0,198.2278683091358,6959.3635213298085
26.900000000000002,13.800000000000008,0.0,198.91786828584594,6964.712179414678
26.950000000000003,13.800000000000008,0.0,199.60786826255608,6969.951703302312
27.0,13.800000000000008,0.0,200.29786823926625,6975.068389646459
27.05,13.800000000000008,0.0,200.9878682159764,6980.067664377141
27.1,13.800000000000008,0.0,201.67786819268656,6984.959851018834
27.150000000000002,13.800000000000008,0.0,202.3678681693967,6989.737965337682
27.200000000000003,13.800000000000008,0.0,203.05786814610687,6994.412044279027
27.25,13.800000000000008,0.0,203.747868122817,6999.015715352941
27.3,13.800000000000008,0.0,204.43786809952718,7003.613522283483
27.35,13.800000000000008,0.0,205.12786807623732,7008.216079465795
27.400000000000002,13.800000000000008,0.0,205.8178680529475,7012.815275422979
27.450000000000003,13.800000000000008,0.0,206.50786802965763,7017.382137052465
27.5,13.800000000000008,0.0,207.1978680063678,7021.891493551183
27.55,13.800000000000008,0.0,207.88786798307794,7026.3577439708
27.6,13.800000000000008,0.0,208.5778679597881,7030.807080499578
27.650000000000002,13.800000000000008,0.0,209.26786793649825,7035.257507554937
27.700000000000003,13.800000000000008,0.0,209.95786791320842,7039.7079346102955
27.75,13.800000000000008,0.0,210.64786788991856,7044.158361665654
27.8,13.800000000000008,0.0,211.3378678666287,7048.608788721013
27.85,13.800000000000008,0.0,212.02786784333887,7053.059215776372
27.900000000000002,13.800000000000008,0.0,212.717867820049,7057.509642831731
27.950000000000003,13.800000000000008,0.0,213.40786779675918,7061.96006988709
28.0,13.800000000000008,0.0,214.09786777346932,7066.410496942449
28.05,13.800000000000008,0.0,214.7878677501795,7070.860923997808
28.1,13.800000000000008,0.0,215.47786772688963,7075.311351053167
28.150000000000002,13.800000000000008,0.0,216.1678677035998,7079.7617781085255
28.200000000000003,13.800000000000008,0.0,216.85786768030994,7084.212205163884
28.25,13.800000000000008,0.0,217.5478676570201,7088.662632219243
28.3,13.800000000000008,0.0,218.23786763373025,7093.113059274602
28.35,13.800000000000008,0.0,218.92786761044042,7097.563486329961
28.400000000000002,13.800000000000008,0.0,219.61786758715056,7102.01391338532
28.450000000000003,13.800000000000008,0.0,220.30786756386073,7106.464340440679
28.5,13.800000000000008,0.0,220.99786754057087,7110.914767496038
28.55,13.800000000000008,0.0,221.68786751728103,7115.365194551397
28.6,13.800000000000008,0.0,222.37786749399118,7119.8156216067555
28.650000000000002,13.800000000000008,0.0,223.06786747070134,7124.266048662114
28.700000000000003,13.800000000000008,0.0,223.75786744741148,7128.716475717473
28.75,13.800000000000008,0.0,224.44786742412163,7133.166902772832
28.8,13.800000000000008,0.0,225.1378674008318,7137.617329828191
28.85,13.800000000000008,0.0,225.82786737754193,7142.06775688355
28.900000000000002,13.800000000000008,0.0,226.5178673542521,7146.518183938909
28.950000000000003,13.800000000000008,0.0,227.20786733096224,7150.968610994268
29.0,13.800000000000008,0.0,227.8978673076724,7155.419038049627
29.05,13.800000000000008,0.0,228.58786728438255,7159.8694651049855
29.1,13.800000000000008,0.0,229.27786726109272,7164.319892160344
29.150000000000002,13.800000000000008,0.0,229.96786723780286,7168.770319215703
29.200000000000003,13.800000000000008,0.0,230.65786721451303,7173.220746271062
29.25,13.800000000000008,0.0,231.34786719122317,7177.671173326421
29.3,13.800000000000008,0.0,232.03786716793334,7182.12160038178
29.35,13.800000000000008,0.0,232.72786714464348,7186.572027437139
29.400000000000002,13.800000000000008,0.0,233.41786712135365,7191.022454492498
29.450000000000003,13.800000000000008,0.0,234.1078670980638,7195.472881547857
29.5,13.800000000000008,0.0,234.79786707477396,7199.923308603215
29.55,13.800000000000008,0.0,235.4878670514841,7204.373735658574
29.6,13.800000000000008,0.0,236.17786702819424,7208.824162713933
29.650000000000002,13.800000000000008,0.0,236.8678670049044,7213.274589769292
29.700000000000003,13.800000000000008,0.0,237.55786698161455,7217.725016824651
29.75,13.800000000000008,0.0,238.24786695832472,7222.17544388001
29.8,13.800000000000008,0.0,238.93786693503486,7226.625870935369
29.85,13.800000000000008,0.0,239.62786691174503,7231.076297990728
29.900000000000002,13.800000000000008,0.0,240.31786688845517,7235.5267250460865
29.950000000000003,13.800000000000008,0.0,241.00786686516534,7239.977152101445
30.0,13.800000000000008,0.0,241.69786684187548,7244.427579156804
30.05,13.800000000000008,0.0,242.38786681858565,7248.878006212163
30.1,13.800000000000008,0.0,243.0778667952958,7253.328433267522
30.150000000000002,13.800000000000008,0.0,243.76786677200596,7257.778860322881
30.200000000000003,13.800000000000008,0.0,244.4578667487161,7262.22928737824
30.25,13.800000000000008,0.0,245.14786672542627,7266.679714433599
30.3,13.800000000000008,0.0,245.8378667021364,7271.130141488958
30.35,13.800000000000008,0.0,246.52786667884658,7275.5805685443165
30.400000000000002,13.800000000000008,0.0,247.21786665555672,7280.030995599675
30.450000000000003,13.800000000000008,0.0,247.90786663226686,7284.481422655034
30.5,13.800000000000008,0.0,248.59786660897703,7288.931849710393
30.55,13.800000000000008,0.0,249.28786658568717,7293.382276765752
30.6,13.800000000000008,0.0,249.97786656239734,7297.832703821111
30.650000000000002,13.800000000000008,0.0,250.66786653910748,7302.28313087647
30.700000000000003,13.800000000000008,0.0,251.35786651581765,7306.733557931829
30.75,13.800000000000008,0.0,252.0478664925278,7311.183984987188
30.8,13.800000000000008,0.0,252.73786646923796,7315.6344120425465
30.85,13.800000000000008,0.0,253.4278664459481,7320.084839097905
30.900000000000002,13.800000000000008,0.0,254.11786642265827,7324.535266153264
30.950000000000003,13.800000000000008,0.0,254.8078663993684,7328.985693208623
31.0,13.800000000000008,0.0,255.49786637607858,7333.436120263982
31.05,13.800000000000008,0.0,256.1878663527888,7337.886547319341
31.1,13.800000000000008,0.0,256.8778663294989,7342.3369743747
31.150000000000002,13.800000000000008,0.0,257.56786630620905,7346.787401430059
31.200000000000003,13.800000000000008,0.0,258.2578662829192,7351.237828485418
31.25,13.800000000000008,0.0,258.9478662596294,7355.6882555407765
31.3,13.800000000000008,0.0,259.6378662363395,7360.138682596135
31.35,13.800000000000008,0.0,260.3278662130497,7364.589109651494
31.400000000000002,13.800000000000008,0.0,261.01786618975984,7369.039536706853
31.450000000000003,13.800000000000008,0.0,261.70786616646996,7373.489963762212
31.5,13.800000000000008,0.0,262.3978661431801,7377.940390817571
31.55,13.800000000000008,0.0,263.0878661198903,7382.39081787293
31.6,13.800000000000008,0.0,263.77786609660046,7386.841244928289
31.650000000000002,13.800000000000008,0.0,264.4678660733106,7391.291671983648
31.700000000000003,13.800000000000008,0.0,265.15786605002074,7395.7420990390065
31.75,13.800000000000008,0.0,265.8478660267309,7400.192526094365
31.8,13.800000000000008,0.0,266.5378660034411,7404.642953149724
31.85,13.800000000000008,0.0,267.2278659801512,7409.093380205083
31.900000000000002,13.800000000000008,0.0,267.91786595686136,7413.543807260442
31.950000000000003,13.800000000000008,0.0,268.60786593357153,7417.994234315801
32.0,13.800000000000008,0.0,269.2978659102817,7422.44466137116
32.050000000000004,13.800000000000008,0.0,269.9878658869918,7426.895088426519
32.1,13.800000000000008,0.0,270.677865863702,7431.345515481878
32.15,13.800000000000008,0.0,271.36786584041215,7435.795942537236
32.2,13.800000000000008,0.0,272.05786581712226,7440.246369592595
32.25,13.800000000000008,0.0,272.74786579383243,7444.696796647954
32.300000000000004,13.800000000000008,0.0,273.4378657705426,7449.147223703313
32.35,13.800000000000008,0.0,274.12786574725277,7453.597650758672
32.4,13.800000000000008,0.0,274.8178657239629,7458.048077814031
32.45,13.800000000000008,0.0,275.50786570067305,7462.49850486939
32.5,13.800000000000008,0.0,276.1978656773832,7466.948931924749
32.550000000000004,13.800000000000008,0.0,276.8878656540934,7471.3993589801075
32.6,13.800000000000008,0.0,277.5778656308035,7475.849786035466
32.65,13.800000000000008,0.0,278.26786560751367,7480.300213090825
32.7,13.800000000000008,0.0,278.95786558422384,7484.750640146184
32.75,13.800000000000008,0.0,279.647865560934,7489.201067201543
32.800000000000004,13.800000000000008,0.0,280.3378655376441,7493.651494256902
32.85,13.800000000000008,0.0,281.0278655143543,7498.101921312261
32.9,13.800000000000008,0.0,281.71786549106446,7502.55234836762
32.95,13.800000000000008,0.0,282.4078654677746,7507.002775422979
33.0,13.800000000000008,0.0,283.09786544448474,7511.4532024783375
33.050000000000004,13.800000000000008,0.0,283.7878654211949,7515.903629533696
33.1,13.800000000000008,0.0,284.4778653979051,7520.354056589055
33.15,13.800000000000008,0.0,285.1678653746152,7524.804483644414
33.2,13.800000000000008,0.0,285.85786535132536,7529.254910699773
33.25,13.800000000000008,0.0,286.5478653280355,7533.705337755132
33.300000000000004,13.800000000000008,0.0,287.2378653047457,7538.155764810491
33.35,13.800000000000008,0.0,287.9278652814558,7542.60619186585
33.4,13.800000000000008,0.0,288.617865258166,7547.056618921209
33.45,13.800000000000008,0.0,289.30786523487615,7551.5070459765675
33.5,13.800000000000008,0.0,289.9978652115863,7555.957473031926
33.550000000000004,13.800000000000008,0.0,290.6878651882964,7560.407900087285
33.6,13.800000000000008,0.0,291.3778651650066,7564.858327142644
33.65,13.800000000000008,0.0,292.06786514171677,7569.308754198003
33.7,13.800000000000008,0.0,292.75786511842693,7573.759181253362
33.75,13.800000000000008,0.0,293.44786509513705,7578.209608308721
33.800000000000004,13.800000000000008,0.0,294.1378650718472,7582.66003536408
33.85,13.800000000000008,0.0,294.8278650485574,7587.110462419439
33.9,13.800000000000008,0.0,295.51786502526755,7591.5608894747975
33.95,13.800000000000008,0.0,296.20786500197767,7596.011316530156
34.0,13.800000000000008,0.0,296.89786497868783,7600.461743585515
34.050000000000004,13.800000000000008,0.0,297.587864955398,7604.912170640874
34.1,13.800000000000008,0.0,298.2778649321081,7609.362597696233
34.15,13.800000000000008,0.0,298.9678649088183,7613.813024751592
34.2,13.800000000000008,0.0,299.65786488552845,7618.263451806951
34.25,13.800000000000008,0.0,300.3478648622386,7622.71387886231
34.300000000000004,13.800000000000008,0.0,301.03786483894874,7627.164305917669
34.35,13.800000000000008,0.0,301.7278648156589,7631.6147329730275
34.4,13.800000000000008,0.0,302.4178647923691,7636.065160028386
34.45,13.800000000000008,0.0,303.10786476907924,7640.515587083745
34.5,13.800000000000008,0.0,303.79786474578935,7644.966014139104
34.550000000000004,13.800000000000008,0.0,304.4878647224995,7649.416441194463
34.6,13.800000000000008,0.0,305.1778646992097,7653.866868249822
34.65,13.800000000000008,0.0,305.86786467591986,7658.317295305181
34.7,13.800000000000008,0.0,306.55786465263,7662.76772236054
34.75,13.800000000000008,0.0,307.24786462934014,7667.218149415899
34.800000000000004,13.800000000000008,0.0,307.9378646060503,7671.668576471257
34.85,13.800000000000008,0.0,308.6278645827604,7676.119003526616
34.9,13.800000000000008,0.0,309.3178645594706,7680.569430581975
34.95,13.800000000000008,0.0,310.00786453618076,7685.019857637334
35.0,13.800000000000008,0.0,310.69786451289093,7689.470284692693
35.050000000000004,13.800000000000008,0.0,311.38786448960104,7693.920711748052
35.1,13.800000000000008,0.0,312.0778644663112,7698.371138803411
35.15,13.800000000000008,0.0,312.7678644430214,7702.82156585877
35.2,13.800000000000008,0.0,313.45786441973155,7707.2719929141285
35.25,13.800000000000008,0.0,314.14786439644166,7711.722419969487
35.300000000000004,13.800000000000008,0.0,314.83786437315183,7716.172847024846
35.35,13.800000000000008,0.0,315.527864349862,7720.623274080205
35.4,13.800000000000008,0.0,316.21786432657217,7725.073701135564
35.45,13.800000000000008,0.0,316.9078643032823,7729.524128190923
35.5,13.800000000000008,0.0,317.59786427999245,7733.974555246282
35.550000000000004,13.800000000000008,0.0,318.2878642567026,7738.424982301641
35.6,13.800000000000008,0.0,318.9778642334128,7742.875409357
35.65,13.800000000000008,0.0,319.6678642101229,7747.3258364123585
35.7,13.800000000000008,0.0,320.35786418683307,7751.776263467717
35.75,13.800000000000008,0.0,321.04786416354324,7756.226690523076
35.800000000000004,13.800000000000008,0.0,321.73786414025335,7760.677117578435
35.85,13.800000000000008,0.0,322.4278641169635,7765.127544633794
35.9,13.800000000000008,0.0,323.1178640936737,7769.577971689153
35.95,13.800000000000008,0.0,323.80786407038386,7774.028398744512
36.0,13.800000000000008,0.0,324.49786404709397,7778.478825799871
36.050000000000004,13.800000000000008,0.0,325.18786402380414,7782.92925285523
36.1,13.800000000000008,0.0,325.8778640005143,7787.3796799105885
36.15,13.800000000000008,0.0,326.5678639772245,7791.830106965947
36.2,13.800000000000008,0.0,327.2578639539346,7796.280534021306
36.25,13.800000000000008,0.0,327.94786393064476,7800.730961076665
36.300000000000004,13.800000000000008,0.0,328.6378639073549,7805.181388132024
36.35,13.800000000000008,0.0,329.3278638840651,7809.631815187383
36.4,13.800000000000008,0.0,330.0178638607752,7814.082242242742
36.45,13.800000000000008,0.0,330.7078638374854,7818.532669298101
36.5,13.800000000000008,0.0,331.39786381419555,7822.98309635346
36.550000000000004,13.800000000000008,0.0,332.0878637909057,7827.4335234088185
36.6,13.800000000000008,0.0,332.7778637676158,7831.883950464177
36.65,13.800000000000008,0.0,333.467863744326,7836.334377519536
36.7,13.800000000000008,0.0,334.15786372103616,7840.784804574895
36.75,13.800000000000008,0.0,334.8478636977463,7845.235231630254
36.800000000000004,13.800000000000008,0.0,335.53786367445645,7849.685658685613
36.85,13.800000000000008,0.0,336.2278636511666,7854.136085740972
36.9,13.800000000000008,0.0,336.9178636278768,7858.586512796331
36.95,13.800000000000008,0.0,337.6078636045869,7863.03693985169
37.0,13.800000000000008,0.0,338.29786358129707,7867.487366907048
37.050000000000004,13.800000000000008,0.0,338.98786355800723,7871.937793962407
37.1,13.800000000000008,0.0,339.6778635347174,7876.388221017766
37.15,13.800000000000008,0.0,340.3678635114275,7880.838648073125
37.2,13.800000000000008,0.0,341.0578634881377,7885.289075128484
37.25,13.800000000000008,0.0,341.74786346484785,7889.739502183843
37.300000000000004,13.800000000000008,0.0,342.437863441558,7894.189929239202
37.35,13.800000000000008,0.0,343.12786341826813,7898.640356294561
37.4,13.800000000000008,0.0,343.8178633949783,7903.09078334992
37.45,13.800000000000008,0.0,344.5078633716885,7907.541210405278
37.5,13.800000000000008,0.0,345.1978633483986,7911.991637460637
37.550000000000004,13.800000000000008,0.0,345.88786332510875,7916.442064515996
37.6,13.800000000000008,0.0,346.5778633018189,7920.892491571355
37.65,13.800000000000008,0.0,347.2678632785291,7925.342918626714
37.7,13.800000000000008,0.0,347.9578632552392,7929.793345682073
37.75,13.800000000000008,0.0,348.6478632319494,7934.243772737432
37.800000000000004,13.800000000000008,0.0,349.33786320865954,7938.694199792791
37.85,13.800000000000008,0.0,350.0278631853697,7943.1446268481495
37.9,13.800000000000008,0.0,350.7178631620798,7947.595053903508
37.95,13.800000000000008,0.0,351.40786313879,7952.045480958867
38.0,13.800000000000008,0.0,352.09786311550016,7956.495908014226
38.050000000000004,13.800000000000008,0.0,352.78786309221033,7960.946335069585
38.1,13.800000000000008,0.0,353.47786306892044,7965.396762124944
38.15,13.800000000000008,0.0,354.1678630456306,7969.847189180303
38.2,13.800000000000008,0.0,354.8578630223408,7974.297616235662
38.25,13.800000000000008,0.0,355.54786299905095,7978.748043291021
38.300000000000004,13.800000000000008,0.0,356.23786297576106,7983.1984703463795
38.35,13.800000000000008,0.0,356.92786295247123,7987.648897401738
38.400000000000006,13.800000000000008,0.0,357.6178629291814,7992.099324457097
38.45,13.800000000000008,0.0,358.3078629058915,7996.549751512456
38.5,13.800000000000008,0.0,358.9978628826017,8001.000178567815
38.550000000000004,13.800000000000008,0.0,359.68786285931185,8005.450605623174
38.6,13.800000000000008,0.0,360.377862836022,8009.901032678533
38.650000000000006,13.800000000000008,0.0,361.06786281273213,8014.351459733892
38.7,13.800000000000008,0.0,361.7578627894423,8018.801886789251
38.75,13.800000000000008,0.0,362.44786276615247,8023.2523138446095
38.800000000000004,13.800000000000008,0.0,363.13786274286264,8027.702740899968
38.85,13.800000000000008,0.0,363.82786271957275,8032.153167955327
38.900000000000006,13.800000000000008,0.0,364.5178626962829,8036.603595010686
38.95,13.800000000000008,0.0,365.2078626729931,8041.054022066045
39.0,13.800000000000008,0.0,365.89786264970326,8045.504449121404
39.050000000000004,13.800000000000008,0.0,366.58786262641337,8049.954876176763
39.1,13.800000000000008,0.0,367.27786260312354,8054.405303232122
39.150000000000006,13.800000000000008,0.0,367.9678625798337,8058.855730287481
39.2,13.800000000000008,0.0,368.6578625565438,8063.3061573428395
39.25,13.800000000000008,0.0,369.347862533254,8067.756584398198
39.300000000000004,13.800000000000008,0.0,370.03786250996416,8072.207011453557
39.35,13.800000000000008,0.0,370.7278624866743,8076.657438508916
39.400000000000006,13.800000000000008,0.0,371.41786246338444,8081.107865564275
39.45,13.800000000000008,0.0,372.1078624400946,8085.558292619634
39.5,13.800000000000008,0.0,372.7978624168048,8090.008719674993
39.550000000000004,13.800000000000008,0.0,373.48786239351494,8094.459146730352
39.6,13.800000000000008,0.0,374.17786237022506,8098.909573785711
39.650000000000006,13.800000000000008,0.0,374.8678623469352,8103.360000841069
39.7,13.800000000000008,0.0,375.5578623236454,8107.810427896428
39.75,13.800000000000008,0.0,376.24786230035556,8112.260854951787
39.800000000000004,13.800000000000008,0.0,376.9378622770657,8116.711282007146
39.85,13.800000000000008,0.0,377.62786225377585,8121.161709062505
39.900000000000006,13.800000000000008,0.0,378.317862230486,8125.612136117864
39.95,13.800000000000008,0.0,379.0078622071962,8130.062563173223
40.0,13.800000000000008,0.0,379.6978621839063,8134.512990228582
40.050000000000004,13.800000000000008,0.0,380.38786216061646,8138.9634172839405
40.1,13.800000000000008,0.0,381.07786213732663,8143.413844339299
40.150000000000006,13.800000000000008,0.0,381.76786211403675,8147.864271394658
40.2,13.800000000000008,0.0,382.4578620907469,8152.314698450017
40.25,13.800000000000008,0.0,383.1478620674571,8156.765125505376
40.300000000000004,13.800000000000008,0.0,383.83786204416725,8161.215552560735
40.35,13.800000000000008,0.0,384.52786202087736,8165.665979616094
40.400000000000006,13.800000000000008,0.0,385.21786199758753,8170.116406671453
40.45,13.800000000000008,0.0,385.9078619742977,8174.566833726812
40.5,13.800000000000008,0.0,386.59786195100787,8179.0172607821705
40.550000000000004,13.800000000000008,0.0,387.287861927718,8183.467687837529
40.6,13.800000000000008,0.0,387.97786190442815,8187.918114892888
40.650000000000006,13.800000000000008,0.0,388.6678618811383,8192.368541948246
40.7,13.800000000000008,0.0,389.3578618578485,8196.818969003605
40.75,13.800000000000008,0.0,390.0478618345586,8201.269396058964
40.800000000000004,13.800000000000008,0.0,390.7378618112688,8205.719823114323
40.85,13.800000000000008,0.0,391.42786178797894,8210.170250169682
40.900000000000006,13.800000000000008,0.0,392.1178617646891,8214.62067722504
40.95,13.800000000000008,0.0,392.8078617413992,8219.0711042804
41.0,13.800000000000008,0.0,393.4978617181094,8223.521531335758
41.050000000000004,13.800000000000008,0.0,394.18786169481956,8227.971958391117
41.1,13.800000000000008,0.0,394.8778616715297,8232.422385446476
41.150000000000006,13.800000000000008,0.0,395.56786164823984,8236.872812501835
41.2,13.800000000000008,0.0,396.25786162495,8241.323239557194
41.25,13.800000000000008,0.0,396.9478616016602,8245.773666612553
41.300000000000004,13.800000000000008,0.0,397.6378615783703,8250.224093667912
41.35,13.800000000000008,0.0,398.32786155508046,8254.67452072327
41.400000000000006,13.800000000000008,0.0,399.01786153179063,8259.12494777863
41.45,13.800000000000008,0.0,399.7078615085008,8263.575374833988
41.5,13.800000000000008,0.0,400.3978614852109,8268.025801889347
41.550000000000004,13.800000000000008,0.0,401.0878614619211,8272.476228944706
41.6,13.800000000000008,0.0,401.77786143863125,8276.926656000065
41.650000000000006,13.800000000000008,0.0,402.4678614153414,8281.377083055424
41.7,13.800000000000008,0.0,403.15786139205153,8285.827510110783
41.75,13.800000000000008,0.0,403.8478613687617,8290.277937166142
41.800000000000004,13.800000000000008,0.0,404.53786134547187,8294.7283642215
41.85,13.800000000000008,0.0,405.227861322182,8299.17879127686
41.900000000000006,13.800000000000008,0.0,405.91786129889215,8303.629218332218
41.95,13.800000000000008,0.0,406.6078612756023,8308.079645387577
42.0,13.800000000000008,0.0,407.2978612523125,8312.530072442936
42.050000000000004,13.800000000000008,0.0,407.9878612290226,8316.980499498295
42.1,13.800000000000008,0.0,408.67786120573277,8321.430926553654
42.150000000000006,13.800000000000008,0.0,409.36786118244294,8325.881353609013
42.2,13.800000000000008,0.0,410.0578611591531,8330.331780664372
42.25,13.800000000000008,0.0,410.7478611358632,8334.78220771973
42.300000000000004,13.800000000000008,0.0,411.4378611125734,8339.23263477509
42.35,13.800000000000008,0.0,412.12786108928356,8343.683061830448
42.400000000000006,13.800000000000008,0.0,412.8178610659937,8348.133488885807
42.45,13.800000000000008,0.0,413.50786104270384,8352.583915941166
42.5,13.800000000000008,0.0,414.197861019414,8357.034342996525
42.550000000000004,13.800000000000008,0.0,414.8878609961242,8361.484770051884
42.6,13.800000000000008,0.0,415.57786097283434,8365.935197107243
42.650000000000006,13.800000000000008,0.0,416.26786094954446,8370.385624162602
42.7,13.800000000000008,0.0,416.9578609262546,8374.83605121796
42.75,13.800000000000008,0.0,417.6478609029648,8379.28647827332
42.800000000000004,13.800000000000008,0.0,418.3378608796749,8383.736905328678
42.85,13.800000000000008,0.0,419.0278608563851,8388.187332384037
42.900000000000006,13.800000000000008,0.0,419.71786083309524,8392.637759439396
42.95,13.800000000000008,0.0,420.4078608098054,8397.088186494755
43.0,13.800000000000008,0.0,421.0978607865155,8401.538613550114
43.050000000000004,13.800000000000008,0.0,421.7878607632257,8405.989040605473
43.1,13.800000000000008,0.0,422.47786073993586,8410.439467660832
43.150000000000006,13.800000000000008,0.0,423.16786071664603,8414.88989471619
43.2,13.800000000000008,0.0,423.85786069335614,8419.34032177155
43.25,13.800000000000008,0.0,424.5478606700663,8423.790748826908
43.300000000000004,13.800000000000008,0.0,425.2378606467765,8428.241175882267
43.35,13.800000000000008,0.0,425.92786062348665,8432.691602937626
43.400000000000006,13.800000000000008,0.0,426.61786060019676,8437.142029992985
43.45,13.800000000000008,0.0,427.30786057690693,8441.592457048344
43.5,13.800000000000008,0.0,427.9978605536171,8446.042884103703
43.550000000000004,13.800000000000008,0.0,428.68786053032727,8450.493311159062
43.6,13.800000000000008,0.0,429.3778605070374,8454.94373821442
43.650000000000006,13.800000000000008,0.0,430.06786048374755,8459.39416526978
43.7,13.800000000000008,0.0,430.7578604604577,8463.844592325138
43.75,13.800000000000008,0.0,431.44786043716783,8468.295019380497
43.800000000000004,13.800000000000008,0.0,432.137860413878,8472.745446435856
43.85,13.800000000000008,0.0,432.82786039058817,8477.195873491215
43.900000000000006,13.800000000000008,0.0,433.51786036729834,8481.646300546574
43.95,13.800000000000008,0.0,434.20786034400845,8486.096727601933
44.0,13.800000000000008,0.0,434.8978603207186,8490.547154657292
44.050000000000004,13.800000000000008,0.0,435.5878602974288,8494.99758171265
44.1,13.800000000000008,0.0,436.27786027413896,8499.44800876801
44.150000000000006,13.800000000000008,0.0,436.96786025084907,8503.898435823368
44.2,13.800000000000008,0.0,437.65786022755924,8508.348862878727
44.25,13.800000000000008,0.0,438.3478602042694,8512.799289934086
44.300000000000004,13.800000000000008,0.0,439.0378601809796,8517.249716989445
44.35,13.800000000000008,0.0,439.7278601576897,8521.700144044804
44.400000000000006,13.800000000000008,0.0,440.41786013439986,8526.150571100163
44.45,13.800000000000008,0.0,441.10786011111,8530.600998155522
44.5,13.800000000000008,0.0,441.79786008782014,8535.05142521088
44.550000000000004,13.800000000000008,0.0,442.4878600645303,8539.50185226624
44.6,13.800000000000008,0.0,443.1778600412405,8543.952279321598
44.650000000000006,13.800000000000008,0.0,443.86786001795065,8548.402706376957
44.7,13.800000000000008,0.0,444.55785999466076,8552.853133432316
44.75,13.800000000000008,0.0,445.24785997137093,8557.303560487675
44.800000000000004,13.800000000000008,0.0,445.9378599480811,8561.753987543034
44.85,13.800000000000008,0.0,446.62785992479127,8566.204414598393
44.900000000000006,13.800000000000008,0.0,447.3178599015014,8570.654841653752
44.95,13.800000000000008,0.0,448.00785987821155,8575.10526870911
45.0,13.800000000000008,0.0,448.6978598549217,8579.55569576447
45.050000000000004,13.800000000000008,0.0,449.3878598316319,8584.006122819828
45.1,13.800000000000008,0.0,450.077859808342,8588.456549875187
45.150000000000006,13.800000000000008,0.0,450.76785978505217,8592.906976930546
45.2,13.800000000000008,0.0,451.45785976176234,8597.357403985905
45.25,13.800000000000008,0.0,452.1478597384725,8601.807831041264
45.300000000000004,13.800000000000008,0.0,452.8378597151826,8606.258258096623
45.35,13.800000000000008,0.0,453.5278596918928,8610.708685151982
45.400000000000006,13.800000000000008,0.0,454.21785966860296,8615.15911220734
45.45,13.800000000000008,0.0,454.90785964531307,8619.6095392627
45.5,13.800000000000008,0.0,455.59785962202324,8624.059966318058
45.550000000000004,13.800000000000008,0.0,456.2878595987334,8628.510393373417
45.6,13.800000000000008,0.0,456.9778595754436,8632.960820428776
45.650000000000006,13.800000000000008,0.0,457.6678595521537,8637.411247484135
45.7,13.800000000000008,0.0,458.35785952886386,8641.861674539494
45.75,13.800000000000008,0.0,459.047859505574,8646.312101594853
45.800000000000004,13.800000000000008,0.0,459.7378594822842,8650.762528650212
45.85,13.800000000000008,0.0,460.4278594589943,8655.21295570557
45.900000000000006,13.800000000000008,0.0,461.1178594357045,8659.66338276093
45.95,13.800000000000008,0.0,461.80785941241464,8664.113809816288
46.0,13.800000000000008,0.0,462.4978593891248,8668.564236871647
46.050000000000004,13.800000000000008,0.0,463.1878593658349,8673.014663927006
46.1,13.800000000000008,0.0,463.8778593425451,8677.465090982365
46.150000000000006,13.800000000000008,0.0,464.56785931925526,8681.915518037724
46.2,13.800000000000008,0.0,465.2578592959654,8686.365945093083
46.25,13.800000000000008,0.0,465.94785927267554,8690.816372148442
46.300000000000004,13.800000000000008,0.0,466.6378592493857,8695.2667992038
46.35,13.800000000000008,0.0,467.3278592260959,8699.71722625916
46.400000000000006,13.800000000000008,0.0,468.017859202806,8704.167653314518
46.45,13.800000000000008,0.0,468.70785917951616,8708.618080369877
46.5,13.800000000000008,0.0,469.39785915622633,8713.068507425236
46.550000000000004,13.800000000000008,0.0,470.0878591329365,8717.518934480595
46.6,13.800000000000008,0.0,470.7778591096466,8721.969361535954
46.650000000000006,13.800000000000008,0.0,471.4678590863568,8726.419788591313
46.7,13.800000000000008,0.0,472.15785906306695,8730.870215646672
46.75,13.800000000000008,0.0,472.8478590397771,8735.32064270203
46.800000000000004,13.800000000000008,0.0,473.53785901648723,8739.77106975739
46.85,13.800000000000008,0.0,474.2278589931974,8744.221496812748
46.900000000000006,13.800000000000008,0.0,474.91785896990757,8748.671923868107
46.95,13.800000000000008,0.0,475.60785894661774,8753.122350923466
47.0,13.800000000000008,0.0,476.29785892332785,8757.572777978825
47.050000000000004,13.800000000000008,0.0,476.987858900038,8762.023205034184
47.1,13.800000000000008,0.0,477.6778588767482,8766.473632089543
47.150000000000006,13.800000000000008,0.0,478.3678588534583,8770.924059144902
47.2,13.800000000000008,0.0,479.05785883016847,8775.37448620026
47.25,13.800000000000008,0.0,479.74785880687864,8779.82491325562
47.300000000000004,13.800000000000008,0.0,480.4378587835888,8784.275340310978
47.35,13.800000000000008,0.0,481.1278587602989,8788.725767366337
47.400000000000006,13.800000000000008,0.0,481.8178587370091,8793.176194421696
47.45,13.800000000000008,0.0,482.50785871371926,8797.626621477055
47.5,13.800000000000008,0.0,483.1978586904294,8802.077048532414
47.550000000000004,13.800000000000008,0.0,483.88785866713954,8806.527475587773
47.6,13.800000000000008,0.0,484.5778586438497,8810.977902643132
47.650000000000006,13.800000000000008,0.0,485.2678586205599,8815.42832969849
47.7,13.800000000000008,0.0,485.95785859727005,8819.87875675385
47.75,13.800000000000008,0.0,486.64785857398016,8824.329183809208
47.800000000000004,13.800000000000008,0.0,487.3378585506903,8828.779610864567
47.85,13.800000000000008,0.0,488.0278585274005,8833.230037919926
47.900000000000006,13.800000000000008,0.0,488.71785850411067,8837.680464975285
47.95,13.800000000000008,0.0,489.4078584808208,8842.130892030644
48.0,13.800000000000008,0.0,490.09785845753095,8846.581319086003
48.050000000000004,13.800000000000008,0.0,490.7878584342411,8851.031746141362
48.1,13.800000000000008,0.0,491.4778584109512,8855.48217319672
48.150000000000006,13.800000000000008,0.0,492.1678583876614,8859.93260025208
48.2,13.800000000000008,0.0,492.85785836437157,8864.383027307438
48.25,13.800000000000008,0.0,493.54785834108174,8868.833454362797
48.300000000000004,13.800000000000008,0.0,494.23785831779185,8873.283881418156
48.35,13.800000000000008,0.0,494.927858294502,8877.734308473515
48.400000000000006,13.800000000000008,0.0,495.6178582712122,8882.184735528874
48.45,13.800000000000008,0.0,496.30785824792235,8886.635162584233
48.5,13.800000000000008,0.0,496.99785822463247,8891.085589639591
48.550000000000004,13.800000000000008,0.0,497.68785820134264,8895.53601669495
48.6,13.800000000000008,0.0,498.3778581780528,8899.98644375031
48.650000000000006,13.800000000000008,0.0,499.067858154763,8904.436870805668
48.7,13.800000000000008,0.0,499.7578581314731,8908.887297861027
48.75,13.800000000000008,0.0,500.44785810818325,8913.337724916386
48.800000000000004,13.800000000000008,0.0,501.1378580848934,8917.788151971745
48.85,13.800000000000008,0.0,501.82785806160354,8922.238579027104
48.900000000000006,13.800000000000008,0.0,502.5178580383137,8926.689006082463
48.95,13.800000000000008,0.0,503.2078580150239,8931.139433137821
49.0,13.800000000000008,0.0,503.89785799173404,8935.58986019318
49.050000000000004,13.800000000000008,0.0,504.58785796844415,8940.04028724854
49.1,13.800000000000008,0.0,505.2778579451543,8944.490714303898
49.150000000000006,13.800000000000008,0.0,505.9678579218645,8948.941141359257
49.2,13.800000000000008,0.0,506.65785789857466,8953.391568414616
49.25,13.800000000000008,0.0,507.3478578752848,8957.841995469975
49.300000000000004,13.800000000000008,0.0,508.03785785199494,8962.292422525334
49.35,13.800000000000008,0.0,508.7278578287051,8966.742849580693
49.400000000000006,13.800000000000008,0.0,509.4178578054153,8971.193276636051
49.45,13.800000000000008,0.0,510.1078577821254,8975.64370369141
49.5,13.800000000000008,0.0,510.79785775883556,8980.09413074677
49.550000000000004,13.800000000000008,0.0,511.48785773554573,8984.544557802128
49.6,13.800000000000008,0.0,512.1778577122559,8988.994984857487
49.650000000000006,13.800000000000008,0.0,512.8678576889662,8993.445411912846
49.7,13.800000000000008,0.0,513.5578576656764,8997.895838968205
49.75,13.800000000000008,0.0,514.2478576423865,9002.346266023564
49.800000000000004,13.800000000000008,0.0,514.9378576190968,9006.796693078923
49.85,13.800000000000008,0.0,515.627857595807,9011.247120134281
49.900000000000006,13.800000000000008,0.0,516.3178575725171,9015.69754718964
49.95,13.800000000000008,0.0,517.0078575492274,9020.147974245
50.0,13.800000000000008,0.0,517.6978575259376,9024.598401300358
50.050000000000004,13.800000000000008,0.0,518.3878575026479,9029.048828355717
50.1,13.800000000000008,0.0,519.077857479358,9033.499255411076
50.150000000000006,13.800000000000008,0.0,519.7678574560682,9037.949682466435
50.2,13.800000000000008,0.0,520.4578574327785,9042.400109521794
50.25,13.800000000000008,0.0,521.1478574094887,9046.850536577153
50.300000000000004,13.800000000000008,0.0,521.8378573861988,9051.300963632511
50.35,13.800000000000008,0.0,522.5278573629091,9055.75139068787
50.400000000000006,13.800000000000008,0.0,523.2178573396193,9060.20181774323
50.45,13.800000000000008,0.0,523.9078573163296,9064.652244798588
50.5,13.800000000000008,0.0,524.5978572930397,9069.102671853947
50.550000000000004,13.800000000000008,0.0,525.2878572697499,9073.553098909306
50.6,13.800000000000008,0.0,525.9778572464602,9078.003525964665
50.650000000000006,13.800000000000008,0.0,526.6678572231704,9082.453953020024
50.7,13.800000000000008,0.0,527.3578571998805,9086.904380075383
50.75,13.800000000000008,0.0,528.0478571765908,9091.354807130741
50.800000000000004,13.800000000000008,0.0,528.737857153301,9095.8052341861
50.85,13.800000000000008,0.0,529.4278571300111,9100.25566124146
50.900000000000006,13.800000000000008,0.0,530.1178571067214,9104.706088296818
50.95,13.800000000000008,0.0,530.8078570834316,9109.156515352177
51.0,13.800000000000008,0.0,531.4978570601419,9113.606942407536
51.050000000000004,13.800000000000008,0.0,532.187857036852,9118.057369462895
51.1,13.800000000000008,0.0,532.8778570135622,9122.507796518254
51.150000000000006,13.800000000000008,0.0,533.5678569902725,9126.958223573612
51.2,13.800000000000008,0.0,534.2578569669827,9131.408650628971
51.25,13.800000000000008,0.0,534.9478569436928,9135.85907768433
51.300000000000004,13.800000000000008,0.0,535.6378569204031,9140.30950473969
51.35,13.800000000000008,0.0,536.3278568971133,9144.759931795048
51.400000000000006,13.800000000000008,0.0,537.0178568738236,9149.210358850407
51.45,13.800000000000008,0.0,537.7078568505337,9153.660785905766
51.5,13.800000000000008,0.0,538.3978568272439,9158.111212961125
51.550000000000004,13.800000000000008,0.0,539.0878568039542,9162.561640016484
51.6,13.800000000000008,0.0,539.7778567806644,9167.012067071842
51.650000000000006,13.800000000000008,0.0,540.4678567573745,9171.462494127201
51.7,13.800000000000008,0.0,541.1578567340848,9175.91292118256
51.75,13.800000000000008,0.0,541.847856710795,9180.36334823792
51.800000000000004,13.800000000000008,0.0,542.5378566875052,9184.813775293278
51.85,13.800000000000008,0.0,543.2278566642154,9189.264202348637
51.900000000000006,13.800000000000008,0.0,543.9178566409256,9193.714629403996
51.95,13.800000000000008,0.0,544.6078566176359,9198.165056459355
52.0,13.800000000000008,0.0,545.2978565943461,9202.615483514714
52.050000000000004,13.800000000000008,0.0,545.9878565710562,9207.065910570072
52.1,13.800000000000008,0.0,546.6778565477665,9211.516337625431
52.150000000000006,13.800000000000008,0.0,547.3678565244767,9215.96676468079
52.2,13.800000000000008,0.0,548.0578565011868,9220.41719173615
52.25,13.800000000000008,0.0,548.7478564778971,9224.867618791508
52.300000000000004,13.800000000000008,0.0,549.4378564546073,9229.318045846867
52.35,13.800000000000008,0.0,550.1278564313175,9233.768472902226
52.400000000000006,13.800000000000008,0.0,550.8178564080278,9238.218899957585
52.45,13.800000000000008,0.0,551.5078563847379,9242.669327012944
52.5,13.800000000000008,0.0,552.1978563614482,9247.119754068302
52.550000000000004,13.800000000000008,0.0,552.8878563381584,9251.570181123661
52.6,13.800000000000008,0.0,553.5778563148685,9256.02060817902
52.650000000000006,13.800000000000008,0.0,554.2678562915788,9260.471035234379
52.7,13.800000000000008,0.0,554.957856268289,9264.921462289738
52.75,13.800000000000008,0.0,555.6478562449992,9269.371889345097
52.800000000000004,13.800000000000008,0.0,556.3378562217094,9273.822316400456
52.85,13.800000000000008,0.0,557.0278561984196,9278.272743455815
52.900000000000006,13.800000000000008,0.0,557.7178561751299,9282.723170511174
52.95,13.800000000000008,0.0,558.4078561518401,9287.173597566532
53.0,13.800000000000008,0.0,559.0978561285502,9291.624024621891
53.050000000000004,13.800000000000008,0.0,559.7878561052605,9296.07445167725
53.1,13.800000000000008,0.0,560.4778560819707,9300.524878732609
53.150000000000006,13.800000000000008,0.0,561.1678560586809,9304.975305787968
53.2,13.800000000000008,0.0,561.8578560353911,9309.425732843327
53.25,13.800000000000008,0.0,562.5478560121013,9313.876159898686
53.300000000000004,13.800000000000008,0.0,563.2378559888115,9318.326586954045
53.35,13.800000000000008,0.0,563.9278559655218,9322.777014009404
53.400000000000006,13.800000000000008,0.0,564.6178559422319,9327.227441064762
53.45,13.800000000000008,0.0,565.3078559189422,9331.677868120121
53.5,13.800000000000008,0.0,565.9978558956524,9336.12829517548
53.550000000000004,13.800000000000008,0.0,566.6878558723625,9340.578722230839
53.6,13.800000000000008,0.0,567.3778558490728,9345.029149286198
53.650000000000006,13.800000000000008,0.0,568.067855825783,9349.479576341557
53.7,13.800000000000008,0.0,568.7578558024932,9353.930003396916
53.75,13.800000000000008,0.0,569.4478557792035,9358.380430452275
53.800000000000004,13.800000000000008,0.0,570.1378557559136,9362.830857507633
53.85,13.800000000000008,0.0,570.8278557326239,9367.281284562992
53.900000000000006,13.800000000000008,0.0,571.5178557093341,9371.731711618351
53.95,13.800000000000008,0.0,572.2078556860442,9376.18213867371
54.0,13.800000000000008,0.0,572.8978556627545,9380.632565729069
54.050000000000004,13.800000000000008,0.0,573.5878556394647,9385.082992784428
54.1,13.800000000000008,0.0,574.2778556161749,9389.533419839787
54.150000000000006,13.800000000000008,0.0,574.9678555928851,9393.983846895146
54.2,13.800000000000008,0.0,575.6578555695953,9398.434273950505
54.25,13.800000000000008,0.0,576.3478555463055,9402.884701005863
54.300000000000004,13.800000000000008,0.0,577.0378555230158,9407.335128061222
54.35,13.800000000000008,0.0,577.7278554997259,9411.785555116581
54.400000000000006,13.800000000000008,0.0,578.4178554764362,9416.23598217194
54.45,13.800000000000008,0.0,579.1078554531464,9420.686409227299
54.5,13.800000000000008,0.0,579.7978554298566,9425.136836282658
54.550000000000004,13.800000000000008,0.0,580.4878554065668,9429.587263338017
54.6,13.800000000000008,0.0,581.177855383277,9434.713453046726
54.650000000000006,13.800000000000008,0.0,581.8678553599872,9441.008985750126
54.7,13.800000000000008,0.0,582.5578553366975,9447.36736511414
54.75,13.800000000000008,0.0,583.2478553134076,9453.908270589756
54.800000000000004,13.800000000000008,0.0,583.9378552901179,9460.889232389378
54.85,13.800000000000008,0.0,584.6278552668281,9468.518805257725
54.900000000000006,13.800000000000008,0.0,585.3178552435382,9476.840817205357
54.95,13.800000000000008,0.0,586.0078552202485,9485.606695882725
55.0,13.800000000000008,0.0,586.6978551969587,9494.517065755772
55.050000000000004,13.800000000000008,0.0,587.3878551736689,9503.391344777989
55.1,13.800000000000008,0.0,588.0778551503792,9512.212175123143
55.150000000000006,13.800000000000008,0.0,588.7678551270893,9521.0963370723
55.2,13.800000000000008,0.0,589.4578551037995,9530.042397252964
55.25,13.800000000000008,0.0,590.1478550805098,9538.97564768021
55.300000000000004,13.800000000000008,0.0,590.8378550572199,9547.798038236546
55.35,13.800000000000008,0.0,591.5278550339302,9556.464151136326
55.400000000000006,13.800000000000008,0.0,592.2178550106404,9564.995372526097
55.45,13.800000000000008,0.0,592.9078549873506,9573.436817876744
55.5,13.800000000000008,0.0,593.5978549640608,9581.793615095066
55.550000000000004,13.800000000000008,0.0,594.287854940771,9590.059367887425
55.6,13.800000000000008,0.0,594.9778549174812,9598.254362813877
55.650000000000006,13.800000000000008,0.0,595.6678548941915,9606.410827390599
55.7,13.800000000000008,0.0,596.3578548709016,9614.543803922581
55.75,13.800000000000008,0.0,597.0478548476119,9622.692226163792
55.800000000000004,13.800000000000008,0.0,597.7378548243221,9630.9187772197
55.85,13.800000000000008,0.0,598.4278548010323,9639.199723951268
55.900000000000006,13.800000000000008,0.0,599.1178547777425,9647.493832342076
55.95,13.800000000000008,0.0,599.8078547544527,9655.821509115147
56.0,13.800000000000008,0.0,600.4978547311629,9664.20970892136
56.050000000000004,13.800000000000008,0.0,601.1878547078732,9672.688464872288
56.1,13.800000000000008,0.0,601.8778546845833,9681.198323957371
56.150000000000006,13.800000000000008,0.0,602.5678546612935,9689.708183042454
56.2,13.800000000000008,0.0,603.2578546380038,9698.218042127537
56.25,13.800000000000008,0.0,603.947854614714,9706.72790121262
56.300000000000004,13.800000000000008,0.0,604.6378545914242,9715.237760297703
56.35,13.800000000000008,0.0,605.3278545681344,9723.747619382786
56.400000000000006,13.800000000000008,0.0,606.0178545448446,9732.257478467869
56.45,13.800000000000008,0.0,606.7078545215549,9740.767337552952
56.5,13.800000000000008,0.0,607.397854498265,9749.277196638035
56.550000000000004,13.800000000000008,0.0,608.0878544749752,9757.787055723118
56.6,13.800000000000008,0.0,608.7778544516855,9766.296914808201
56.650000000000006,13.800000000000008,0.0,609.4678544283956,9774.806773893284
56.7,13.800000000000008,0.0,610.1578544051059,9783.316632978367
56.75,13.800000000000008,0.0,610.8478543818161,9791.82649206345
56.800000000000004,13.800000000000008,0.0,611.5378543585263,9800.336351148533
56.85,13.800000000000008,0.0,612.2278543352365,9808.846210233616
56.900000000000006,13.800000000000008,0.0,612.9178543119467,9817.3560693187
56.95,13.800000000000008,0.0,613.6078542886569,9825.865928403782
57.0,13.800000000000008,0.0,614.2978542653672,9834.375787488865
57.050000000000004,13.800000000000008,0.0,614.9878542420773,9842.885646573948
57.1,13.800000000000008,0.0,615.6778542187875,9851.395505659031
57.150000000000006,13.800000000000008,0.0,616.3678541954978,9859.905364744114
57.2,13.800000000000008,0.0,617.057854172208,9868.415223829197
57.25,13.800000000000008,0.0,617.7478541489182,9876.92508291428
57.300000000000004,13.800000000000008,0.0,618.4378541256284,9885.434941999363
57.35,13.800000000000008,0.0,619.1278541023386,9893.944801084446
57.400000000000006,13.800000000000008,0.0,619.8178540790489,9902.45466016953
57.45,13.800000000000008,0.0,620.507854055759,9910.964519254612
57.5,13.800000000000008,0.0,621.1978540324692,9919.474378339695
57.550000000000004,13.800000000000008,0.0,621.8878540091795,9927.984237424778
57.6,13.800000000000008,0.0,622.5778539858896,9936.494096509861
57.650000000000006,13.800000000000008,0.0,623.2678539625998,9945.003955594944
57.7,13.800000000000008,0.0,623.9578539393101,9953.513814680027
57.75,13.800000000000008,0.0,624.6478539160203,9962.02367376511
57.800000000000004,13.800000000000008,0.0,625.3378538927305,9970.533532850193
57.85,13.800000000000008,0.0,626.0278538694407,9979.043391935276
57.900000000000006,13.800000000000008,0.0,626.7178538461509,9987.55325102036
57.95,13.800000000000008,0.0,627.4078538228612,9996.063110105442
58.0,13.800000000000008,0.0,628.0978537995713,10004.572969190525
58.050000000000004,13.800000000000008,0.0,628.7878537762815,10013.082828275608
58.1,13.800000000000008,0.0,629.4778537529918,10021.592687360691
58.150000000000006,13.800000000000008,0.0,630.167853729702,10030.102546445774
58.2,13.800000000000008,0.0,630.8578537064122,10038.612405530857
58.25,13.800000000000008,0.0,631.5478536831224,10047.12226461594
58.300000000000004,13.800000000000008,0.0,632.2378536598326,10055.632123701023
58.35,13.800000000000008,0.0,632.9278536365429,10064.141982786106
58.400000000000006,13.800000000000008,0.0,633.617853613253,10072.65184187119
58.45,13.800000000000008,0.0,634.3078535899632,10081.161700956272
58.5,13.800000000000008,0.0,634.9978535666735,10089.671560041355
58.550000000000004,13.800000000000008,0.0,635.6878535433837,10098.181419126438
58.6,13.800000000000008,0.0,636.3778535200938,10106.691278211521
58.650000000000006,13.800000000000008,0.0,637.0678534968041,10115.201137296604
58.7,13.800000000000008,0.0,637.7578534735143,10123.710996381687
58.75,13.800000000000008,0.0,638.4478534502246,10132.22085546677
58.800000000000004,13.800000000000008,0.0,639.1378534269347,10140.730714551853
58.85,13.800000000000008,0.0,639.8278534036449,10149.240573636936
58.900000000000006,13.800000000000008,0.0,640.5178533803552,10157.75043272202
58.95,13.800000000000008,0.0,641.2078533570653,10166.260291807102
59.0,13.800000000000008,0.0,641.8978533337755,10174.770150892185
59.050000000000004,13.800000000000008,0.0,642.5878533104858,10183.280009977268
59.1,13.800000000000008,0.0,643.277853287196,10191.789869062351
59.150000000000006,13.800000000000008,0.0,643.9678532639062,10200.299728147435
59.2,13.800000000000008,0.0,644.6578532406164,10208.809587232518
59.25,13.800000000000008,0.0,645.3478532173266,10217.3194463176
59.300000000000004,13.800000000000008,0.0,646.0378531940369,10225.829305402684
59.35,13.800000000000008,0.0,646.727853170747,10234.339164487767
59.400000000000006,13.800000000000008,0.0,647.4178531474572,10242.84902357285
59.45,13.800000000000008,0.0,648.1078531241675,10251.358882657933
59.5,13.800000000000008,0.0,648.7978531008777,10259.868741743016
59.550000000000004,13.800000000000008,0.0,649.4878530775878,10268.378600828099
59.6,13.800000000000008,0.0,650.1778530542981,10276.888459913182
59.650000000000006,13.800000000000008,0.0,650.8678530310083,10285.398318998265
59.7,13.800000000000008,0.0,651.5578530077186,10293.908178083348
59.75,13.800000000000008,0.0,652.2478529844287,10302.41803716843
59.800000000000004,13.800000000000008,0.0,652.9378529611389,10310.927896253514
59.85,13.800000000000008,0.0,653.6278529378492,10319.437755338597
59.900000000000006,13.800000000000008,0.0,654.3178529145594,10327.94761442368
59.95,13.800000000000008,0.0,655.0078528912695,10336.457473508763
60.0,13.800000000000008,0.0,655.6978528679798,10344.967332593846
60.050000000000004,13.800000000000008,0.0,656.38785284469,10353.477191678929
60.1,13.800000000000008,0.0,657.0778528214003,10361.987050764012
60.150000000000006,13.800000000000008,0.0,657.7678527981104,10370.496909849095
60.2,13.800000000000008,0.0,658.4578527748206,10379.006768934178
60.25,13.800000000000008,0.0,659.1478527515309,10387.51662801926
60.300000000000004,13.800000000000008,0.0,659.837852728241,10396.026487104344
60.35,13.800000000000008,0.0,660.5278527049512,10404.536346189427
60.400000000000006,13.800000000000008,0.0,661.2178526816615,10413.04620527451
60.45,13.800000000000008,0.0,661.9078526583717,10421.556064359593
60.5,13.800000000000008,0.0,662.5978526350818,10430.065923444676
60.550000000000004,13.800000000000008,0.0,663.2878526117921,10438.575782529759
60.6,13.800000000000008,0.0,663.9778525885023,10447.085641614842
60.650000000000006,13.800000000000008,0.0,664.6678525652126,10455.595500699925
60.7,13.800000000000008,0.0,665.3578525419227,10464.105359785008
60.75,13.800000000000008,0.0,666.0478525186329,10472.61521887009
60.800000000000004,13.800000000000008,0.0,666.7378524953432,10481.125077955174
60.85,13.800000000000008,0.0,667.4278524720534,10489.634937040257
60.900000000000006,13.800000000000008,0.0,668.1178524487635,10498.14479612534
60.95,13.800000000000008,0.0,668.8078524254738,10506.654655210423
61.0,13.800000000000008,0.0,669.497852402184,10515.164514295506
61.050000000000004,13.800000000000008,0.0,670.1878523788943,10523.674373380589
61.1,13.800000000000008,0.0,670.8778523556044,10532.184232465672
61.150000000000006,13.800000000000008,0.0,671.5678523323146,10540.694091550755
61.2,13.800000000000008,0.0,672.2578523090249,10549.203950635838
61.25,13.800000000000008,0.0,672.947852285735,10557.71452570217
61.300000000000004,13.800000000000008,0.0,673.6378522624452,10566.226589542406
61.35,13.800000000000008,0.0,674.3278522391555,10574.736909112318
61.400000000000006,13.800000000000008,0.0,675.0178522158657,10583.251457362447
61.45,13.800000000000008,0.0,675.7078521925758,10591.775347894476
61.5,13.800000000000008,0.0,676.3978521692861,10600.30874655944
61.550000000000004,13.800000000000008,0.0,677.0878521459963,10608.856085170184
61.6,13.800000000000008,0.0,677.7778521227066,10617.418062769984
61.650000000000006,13.800000000000008,0.0,678.4678520994167,10625.992585001743
61.7,13.800000000000008,0.0,679.1578520761269,10634.581524970114
61.75,13.800000000000008,0.0,679.8478520528372,10643.184031043933
61.800000000000004,13.800000000000008,0.0,680.5378520295474,10651.802798306819
61.85,13.800000000000008,0.0,681.2278520062575,10660.435639895266
61.900000000000006,13.800000000000008,0.0,681.9178519829678,10669.086875088551
61.95,13.800000000000008,0.0,682.607851959678,10677.760623759721
62.0,13.800000000000008,0.0,683.2978519363882,10686.451869493574
62.050000000000004,13.800000000000008,0.0,683.9878519130984,10695.160105023673
62.1,13.800000000000008,0.0,684.6778518898086,10703.883925587748
62.150000000000006,13.800000000000008,0.0,685.3678518665189,10712.623114613432
62.2,13.800000000000008,0.0,686.0578518432291,10721.378908150937
62.25,13.800000000000008,0.0,686.7478518199392,10730.148020792241
62.300000000000004,13.800000000000008,0.0,687.4378517966495,10738.93221579286
62.35,13.800000000000008,0.0,688.1278517733597,10747.731996781129
62.400000000000006,13.800000000000008,0.0,688.8178517500698,10756.540471552766
62.45,13.800000000000008,0.0,689.5078517267801,10765.356795152324
62.5,13.800000000000008,0.0,690.1978517034903,10774.178170364736
62.550000000000004,13.800000000000008,0.0,690.8878516802006,10783.003348918619
62.6,13.800000000000008,0.0,691.5778516569108,10791.836588969796
62.650000000000006,13.800000000000008,0.0,692.2678516336209,10800.678532252785
62.7,13.800000000000008,0.0,692.9578516103312,10809.52615380095
62.75,13.800000000000008,0.0,693.6478515870414,10818.377055600227
62.800000000000004,13.800000000000008,0.0,694.3378515637515,10827.234332235472
62.85,13.800000000000008,0.0,695.0278515404618,10836.096810298735
62.900000000000006,13.800000000000008,0.0,695.717851517172,10844.959326597269
62.95,13.800000000000008,0.0,696.4078514938822,10853.824625717458
63.0,13.800000000000008,0.0,697.0978514705924,10862.695574969432
63.050000000000004,13.800000000000008,0.0,697.7878514473026,10871.568532747813
63.1,13.800000000000008,0.0,698.4778514240129,10880.444871301646
63.150000000000006,13.800000000000008,0.0,699.1678514007231,10889.326744592672
63.2,13.800000000000008,0.0,699.8578513774332,10898.211594866376
63.25,13.800000000000008,0.0,700.5478513541435,10907.10111107997
63.300000000000004,13.800000000000008,0.0,701.2378513308537,10915.994857315995
63.35,13.800000000000008,0.0,701.9278513075639,10924.891518545865
63.400000000000006,13.800000000000008,0.0,702.6178512842741,10933.79527949248
63.45,13.800000000000008,0.0,703.3078512609843,10942.707706000772
63.5,13.800000000000008,0.0,703.9978512376946,10951.623741777812
63.550000000000004,13.800000000000008,0.0,704.6878512144048,10960.539746648736
63.6,13.800000000000008,0.0,705.3778511911149,10969.459350209692
63.650000000000006,13.800000000000008,0.0,706.0678511678252,10978.382426187132
63.7,13.800000000000008,0.0,706.7578511445354,10987.3065946868
63.75,13.800000000000008,0.0,707.4478511212455,10996.236475218784
63.800000000000004,13.800000000000008,0.0,708.1378510979558,11005.171386947923
63.85,13.800000000000008,0.0,708.827851074666,11014.107347807107
63.900000000000006,13.800000000000008,0.0,709.5178510513762,11023.04664947572
63.95,13.800000000000008,0.0,710.2078510280865,11031.99096222603
64.0,13.800000000000008,0.0,710.8978510047966,11040.936931596923
64.05,13.800000000000008,0.0,711.5878509815069,11049.889694555108
64.10000000000001,13.800000000000008,0.0,712.2778509582171,11058.85218165346
64.15,13.800000000000008,0.0,712.9678509349272,11067.817503637014
64.2,13.800000000000008,0.0,713.6578509116375,11076.783792734623
64.25,13.800000000000008,0.0,714.3478508883477,11085.757271106066
64.3,13.800000000000008,0.0,715.0378508650579,11094.73329969093
64.35000000000001,13.800000000000008,0.0,715.7278508417681,11103.707380007463
64.4,13.800000000000008,0.0,716.4178508184783,11112.685091438956
64.45,13.800000000000008,0.0,717.1078507951886,11121.665747905035
64.5,13.800000000000008,0.0,717.7978507718988,11130.646417810853
64.55,13.800000000000008,0.0,718.4878507486089,11139.63113987884
64.60000000000001,13.800000000000008,0.0,719.1778507253192,11148.618716859191
64.65,13.800000000000008,0.0,719.8678507020294,11157.611765157393
64.7,13.800000000000008,0.0,720.5578506787396,11166.611808268168
64.75,13.800000000000008,0.0,721.2478506554498,11175.615460559393
64.8,13.800000000000008,0.0,721.93785063216,11184.623649090801
64.85000000000001,13.800000000000008,0.0,722.6278506088702,11193.640954360135
64.9,13.800000000000008,0.0,723.3178505855805,11202.665654420118
64.95,13.800000000000008,0.0,724.0078505622906,11211.695026142037
65.0,13.800000000000008,0.0,724.6978505390009,11220.727211291487
65.05,13.800000000000008,0.0,725.3878505157111,11229.762643701984
65.10000000000001,13.800000000000008,0.0,726.0778504924212,11238.80235009223
65.15,13.800000000000008,0.0,726.7678504691315,11247.845253287082
65.2,13.800000000000008,0.0,727.4578504458417,11256.892210074615
65.25,13.800000000000008,0.0,728.1478504225519,11265.944807934027
65.3,13.800000000000008,0.0,728.8378503992622,11275.000562543724
65.35000000000001,13.800000000000008,0.0,729.5278503759723,11284.061865242054
65.4,13.800000000000008,0.0,730.2178503526826,11293.126093813187
65.45,13.800000000000008,0.0,730.9078503293928,11302.193618371057
65.5,13.800000000000008,0.0,731.5978503061029,11311.269473839215
65.55,13.800000000000008,0.0,732.2878502828132,11320.35237553006
65.60000000000001,13.800000000000008,0.0,732.9778502595234,11329.438886012815
65.65,13.800000000000008,0.0,733.6678502362336,11338.528573749853
65.7,13.800000000000008,0.0,734.3578502129438,11347.62390437782
65.75,13.800000000000008,0.0,735.047850189654,11356.722891481415
65.8,13.800000000000008,0.0,735.7378501663642,11365.822215320342
65.85000000000001,13.800000000000008,0.0,736.4278501430745,11374.923640580626
65.9,13.800000000000008,0.0,737.1178501197846,11384.029055148872
65.95,13.800000000000008,0.0,737.8078500964949,11393.136719523129
66.0,13.800000000000008,0.0,738.4978500732051,11402.246762837967
66.05,13.800000000000008,0.0,739.1878500499153,11411.360471688338
66.10000000000001,13.800000000000008,0.0,739.8778500266255,11420.477238583702
66.15,13.800000000000008,0.0,740.5678500033357,11429.599290830425
66.2,13.800000000000008,0.0,741.2578499800459,11438.724192179168
66.25,13.800000000000008,0.0,741.9478499567562,11447.85042780658
66.3,13.800000000000008,0.0,742.6378499334663,11456.98359816508
66.35000000000001,13.800000000000008,0.0,743.3278499101766,11466.123650237447
66.4,13.800000000000008,0.0,744.0178498868868,11475.265695100596
66.45,13.800000000000008,0.0,744.707849863597,11484.408703263101
66.5,13.800000000000008,0.0,745.3978498403072,11493.55529008848
66.55,13.800000000000008,0.0,746.0878498170174,11502.703408603107
66.60000000000001,13.800000000000008,0.0,746.7778497937276,11511.852324000925
66.65,13.800000000000008,0.0,747.4678497704379,11521.00528059366
66.7,13.800000000000008,0.0,748.157849747148,11530.160960491701
66.75,13.800000000000008,0.0,748.8478497238582,11539.317575555708
66.8,13.800000000000008,0.0,749.5378497005685,11548.47825145325
66.85000000000001,13.800000000000008,0.0,750.2278496772786,11557.64134920672
66.9,13.800000000000008,0.0,750.9178496539889,11566.804608696284
66.95,13.800000000000008,0.0,751.6078496306991,11575.974191134865
67.0,13.800000000000008,0.0,752.2978496074093,11585.150457399892
67.05,13.800000000000008,0.0,752.9878495841195,11594.327557741406
67.10000000000001,13.800000000000008,0.0,753.6778495608297,11603.505212732833
67.15,13.800000000000008,0.0,754.3678495375399,11612.68824024852
67.2,13.800000000000008,0.0,755.0578495142502,11621.872150954923
67.25,13.800000000000008,0.0,755.7478494909603,11631.054653649495
67.3,13.800000000000008,0.0,756.4378494676705,11640.239819002758
67.35000000000001,13.800000000000008,0.0,757.1278494443808,11649.425851334272
67.4,13.800000000000008,0.0,757.817849421091,11658.611750239681
67.45,13.800000000000008,0.0,758.5078493978012,11667.801133482502
67.5,13.800000000000008,0.0,759.1978493745114,11676.992868486188
67.55,13.800000000000008,0.0,759.8878493512216,11686.183492070755
67.60000000000001,13.800000000000008,0.0,760.5778493279319,11695.379514017088
67.65,13.800000000000008,0.0,761.267849304642,11704.58174104536
67.7,13.800000000000008,0.0,761.9578492813522,11713.782993029941
67.75,13.800000000000008,0.0,762.6478492580625,11722.984236042916
67.8,13.800000000000008,0.0,763.3378492347726,11732.190043341168
67.85000000000001,13.800000000000008,0.0,764.0278492114829,11741.395003864925
67.9,13.800000000000008,0.0,764.7178491881931,11750.597844935812
67.95,13.800000000000008,0.0,765.4078491649033,11759.802498464736
68.0,13.800000000000008,0.0,766.0978491416136,11769.006082536212
68.05,13.800000000000008,0.0,766.7878491183237,11778.20855321319
68.10000000000001,13.800000000000008,0.0,767.4778490950339,11787.412353720969
68.15,13.800000000000008,0.0,768.1678490717442,11796.609529618407
68.2,13.800000000000008,0.0,768.8578490484543,11805.802720131142
68.25,13.800000000000008,0.0,769.5478490251645,11814.998309066748
68.3,13.800000000000008,0.0,770.2378490018748,11824.190958778112
68.35000000000001,13.800000000000008,0.0,770.927848978585,11833.381923278926
68.4,13.800000000000008,0.0,771.6178489552952,11842.57409887809
68.45,13.800000000000008,0.0,772.3078489320054,11851.764666582358
68.5,13.800000000000008,0.0,772.9978489087156,11860.949314762109
68.55,13.800000000000008,0.0,773.6878488854259,11870.125546697986
68.60000000000001,13.800000000000008,0.0,774.377848862136,11879.292247135907
68.65,13.800000000000008,0.0,775.0678488388462,11888.449986305082
68.7,13.800000000000008,0.0,775.7578488155565,11897.59844377094
68.75,13.800000000000008,0.0,776.4478487922667,11906.737322055125
68.8,13.800000000000008,0.0,777.1378487689769,11915.869383884103
68.85000000000001,13.800000000000008,0.0,777.8278487456871,11924.994159096434
68.9,13.800000000000008,0.0,778.5178487223973,11934.112347689064
68.95,13.800000000000008,0.0,779.2078486991076,11943.22609740459
69.0,13.800000000000008,0.0,779.8978486758177,11952.338353121266
69.05,13.800000000000008,0.0,780.5878486525279,11961.44793752815
69.10000000000001,13.800000000000008,0.0,781.2778486292382,11970.554353828955
69.15,13.800000000000008,0.0,781.9678486059483,11979.660240295643
69.2,13.800000000000008,0.0,782.6578485826585,11988.764980854608
69.25,13.800000000000008,0.0,783.3478485593688,11997.867447377166
69.3,13.800000000000008,0.0,784.037848536079,12006.970091691952
69.35000000000001,13.800000000000008,0.0,784.7278485127893,12016.07228866545
69.4,13.800000000000008,0.0,785.4178484894994,12025.172594979615
69.45,13.800000000000008,0.0,786.1078484662096,12034.273645091715
69.5,13.800000000000008,0.0,786.7978484429199,12043.375881029795
69.55,13.800000000000008,0.0,787.48784841963,12052.47870627057
69.60000000000001,13.800000000000008,0.0,788.1778483963402,12061.581917749441
69.65,13.800000000000008,0.0,788.8678483730505,12070.68640469968
69.7,13.800000000000008,0.0,789.5578483497607,12079.790874415748
69.75,13.800000000000008,0.0,790.247848326471,12088.894511574139
69.8,13.800000000000008,0.0,790.9378483031811,12097.999030813238
69.85000000000001,13.800000000000008,0.0,791.6278482798913,12107.104133632987
69.9,13.800000000000008,0.0,792.3178482566016,12116.208355734505
69.95,13.800000000000008,0.0,793.0078482333117,12125.312740369462
70.0,13.800000000000008,0.0,793.6978482100219,12134.417216965956
70.05,13.800000000000008,0.0,794.3878481867322,12143.52112469572
70.10000000000001,13.800000000000008,0.0,795.0778481634424,12152.62497418332
70.15,13.800000000000008,0.0,795.7678481401525,12161.728832185956
70.2,13.800000000000008,0.0,796.4578481168628,12170.832286239485
70.25,13.800000000000008,0.0,797.147848093573,12179.935429395187
70.3,13.800000000000008,0.0,797.8378480702833,12189.03862731913
70.35000000000001,13.800000000000008,0.0,798.5278480469934,12198.141093706841
70.4,13.800000000000008,0.0,799.2178480237036,12207.242767114358
70.45,13.800000000000008,0.0,799.9078480004139,12216.344616406752
70.5,13.800000000000008,0.0,800.597847977124,12225.446331639872
70.55,13.800000000000008,0.0,801.2878479538342,12234.547204778572
70.60000000000001,13.800000000000008,0.0,801.9778479305445,12243.648115519374
70.65,13.800000000000008,0.0,802.6678479072547,12252.749095810368
70.7,13.800000000000008,0.0,803.357847883965,12261.84950580412
70.75,13.800000000000008,0.0,804.0478478606751,12270.949836574873
70.8,13.800000000000008,0.0,804.7378478373853,12280.05015106513
70.85000000000001,13.800000000000008,0.0,805.4278478140956,12289.150004930692
70.9,13.800000000000008,0.0,806.1178477908057,12298.249789109996
70.95,13.800000000000008,0.0,806.8078477675159,12307.349382009566
71.0,13.800000000000008,0.0,807.4978477442262,12316.44844555186
71.05,13.800000000000008,0.0,808.1878477209364,12325.547220607672
71.10000000000001,13.800000000000008,0.0,808.8778476976465,12334.646010377402
71.15,13.800000000000008,0.0,809.5678476743568,12343.744048106902
71.2,13.800000000000008,0.0,810.257847651067,12352.841290472023
71.25,13.800000000000008,0.0,810.9478476277773,12361.938665806678
71.3,13.800000000000008,0.0,811.6378476044874,12371.035904697872
71.35000000000001,13.800000000000008,0.0,812.3278475811976,12380.132398769425
71.4,13.800000000000008,0.0,813.0178475579079,12389.228962391171
71.45,13.800000000000008,0.0,813.707847534618,12398.325513070282
71.5,13.800000000000008,0.0,814.3978475113282,12407.421458166202
71.55,13.800000000000008,0.0,815.0878474880385,12416.517293521541
71.60000000000001,13.800000000000008,0.0,815.7778474647487,12425.613085893505
71.65,13.800000000000008,0.0,816.4678474414588,12434.708427109485
71.7,13.800000000000008,0.0,817.1578474181691,12443.803539443628
71.75,13.800000000000008,0.0,817.8478473948793,12452.898653617087
71.8,13.800000000000008,0.0,818.5378473715896,12461.992997153666
71.85000000000001,13.800000000000008,0.0,819.2278473482997,12471.086572028746
71.9,13.799534749670602,-0.5,819.9178240624942,12472.89341133114
71.95,13.774534749670604,-0.5,820.606550776731,12474.259741640066
72.0,13.749534749670605,-0.5,821.2940274910097,12474.534324835055
72.05,13.724534749670607,-0.5,821.9802542053308,12474.164607415545
72.10000000000001,13.699534749670601,-0.5,822.6652309196941,12473.984003374922
72.15,13.674534749670602,-0.5,823.3489576340994,12473.912058840144
72.2,13.649534749670604,-0.5,824.031434348547,12473.840552280295
72.25,13.624534749670605,-0.5,824.7126610630369,12473.740054498065
72.3,13.599534749670607,-0.5,825.3926377775689,12473.649986098158
72.35000000000001,13.574534749670601,-0.5,826.0713644921431,12473.583982954371
72.4,13.549534749670602,-0.5,826.7488412067595,12473.5282461146
72.45,13.524534749670604,-0.5,827.425067921418,12473.481617341387
72.5,13.499534749670605,-0.5,828.1000446361188,12473.444382737029
72.55,13.474534749670607,-0.5,828.7737713508618,12473.409890661585
72.60000000000001,13.449534749670601,-0.5,829.446248065647,12473.372214029181
72.65,13.424534749670602,-0.5,830.1174747804743,12473.330856929171
72.7,13.399534749670604,-0.5,830.7874514953438,12473.28655702864
72.75,13.374534749670605,-0.5,831.4561782102556,12473.240183601725
72.8,13.349534749670607,-0.5,832.1236549252095,12473.193423936713
72.85000000000001,13.324534749670601,-0.5,832.7898816402056,12473.14622987305
72.9,13.299534749670602,-0.5,833.4548583552439,12473.098805973876
72.95,13.274534749670604,-0.5,834.1185850703245,12473.051023731578
73.0,13.249534749670605,-0.5,834.7810617854472,12473.00385207926
73.05,13.224534749670607,-0.5,835.442288500612,12472.95969785248
73.10000000000001,13.199534749670601,-0.5,836.1022652158191,12472.918725798476
73.15,13.174534749670602,-0.5,836.7609919310684,12472.876100311625
73.2,13.149534749670604,-0.5,837.4184686463598,12472.830468843329
73.25,13.124534749670605,-0.5,838.0746953616934,12472.782576451647
73.3,13.099534749670607,-0.5,838.7296720770693,12472.73390466963
73.35000000000001,13.074534749670601,-0.5,839.3833987924872,12472.677529583323
73.4,13.049534749670602,-0.5,840.0358755079475,12472.62104315554
73.45,13.024534749670604,-0.5,840.68710222345,12472.56445182358
73.5,12.999534749670605,-0.5,841.3370789389945,12472.507779190886
73.55,12.974534749670607,-0.5,841.9858056545813,12472.451095829356
73.60000000000001,12.949534749670601,-0.5,842.6332823702103,12472.39440841471
73.65,12.924534749670602,-0.5,843.2795090858815,12472.337720284808
73.7,12.899534749670604,-0.5,843.9244858015949,12472.281031201232
73.75,12.874534749670605,-0.5,844.5682125173505,12472.224341640818
73.8,12.849534749670607,-0.5,845.2106892331482,12472.16765136515
73.85000000000001,12.824534749670601,-0.5,845.8519159489882,12472.110961566317
73.9,12.799534749670602,-0.5,846.4918926648703,12472.054271767485
73.95,12.774534749670604,-0.5,847.1306193807947,12471.997581014979
74.0,12.749534749670605,-0.5,847.7680960967612,12471.940889547217
74.05,12.724534749670607,-0.5,848.4043228127699,12471.884197602618
74.10000000000001,12.699534749670601,-0.5,849.0392995288208,12471.827504704344
74.15,12.674534749670602,-0.5,849.6730262449139,12471.770810613978
74.2,12.649534749670604,-0.5,850.3055029610492,12471.714116523612
74.25,12.624534749670605,-0.5,850.9367296772267,12471.657420287478
74.3,12.599534749670607,-0.5,851.5667063934465,12471.600722620833
74.35000000000001,12.574534749670601,-0.5,852.1954331097082,12471.544023762095
74.4,12.549534749670602,-0.5,852.8229098260123,12471.487322042334
74.45,12.524534749670604,-0.5,853.4491365423586,12471.430618415225
74.5,12.499534749670605,-0.5,854.0741132587469,12471.37391216551
74.55,12.474534749670607,-0.5,854.6978399751775,12471.3172021011
74.60000000000001,12.449534749670601,-0.5,855.3203166916504,12471.260488937247
74.65,12.424534749670602,-0.5,855.9415434081654,12471.203772435534
74.7,12.399534749670604,-0.5,856.5615201247226,12471.147051880705
74.75,12.374534749670605,-0.5,857.180246841322,12471.090327988017
74.8,12.349534749670607,-0.5,857.7977235579636,12471.03360051905
74.85000000000001,12.324534749670601,-0.5,858.4139502746474,12470.976870427477
74.9,12.299534749670602,-0.5,859.0289269913734,12470.920137236464
74.95,12.274534749670604,-0.5,859.6426537081416,12470.86340237652
75.0,12.249534749670605,-0.5,860.255130424952,12470.806665132392
75.05,12.224534749670607,-0.5,860.8663571418045,12470.749926219332
75.10000000000001,12.199534749670601,-0.5,861.4763338586993,12470.693185637343
75.15,12.174534749670602,-0.5,862.0850605756361,12470.636441955912
75.2,12.149534749670604,-0.5,862.6925372926153,12470.57969684397
75.25,12.124534749670605,-0.5,863.2987640096367,12470.522950063098
75.3,12.099534749670607,-0.5,863.9037407267001,12470.466201374877
75.35000000000001,12.074534749670601,-0.5,864.5074674438058,12470.409450540888
75.4,12.049534749670602,-0.5,865.1099441609538,12470.35269803797
75.45,12.024534749670604,-0.5,865.7111708781439,12470.295943866122
75.5,11.999534749670605,-0.5,866.3111475953762,12470.239187548506
75.55,11.974534749670607,-0.5,866.9098743126506,12470.18242980038
75.60000000000001,11.949534749670601,-0.5,867.5073510299673,12470.125669668067
75.65,11.924534749670602,-0.5,868.1035777473261,12470.068907628405
75.7,11.899534749670604,-0.5,868.6985544647272,12470.012142489302
75.75,11.874534749670605,-0.5,869.2922811821703,12469.955375204432
75.8,11.849534749670607,-0.5,869.8847578996557,12469.898601959098
75.85000000000001,11.824534749670601,-0.5,870.4759846171834,12469.841821561206
75.9,11.799534749670602,-0.5,871.0659613347532,12469.785034249175
75.95,11.774534749670604,-0.5,871.6546880523651,12469.728238354075
76.0,11.749534749670605,-0.5,872.2421647700194,12469.67143482958
76.05,11.724534749670607,-0.5,872.8283914877157,12469.599622855532
76.10000000000001,11.699534749670601,-0.5,873.4133682054544,12469.524695227492
76.15,11.674534749670602,-0.5,873.9970949232351,12469.45111371075
76.2,11.649534749670604,-0.5,874.579571641058,12469.379129360068
76.25,11.624534749670605,-0.5,875.1607983589232,12469.308337817538
76.3,11.599534749670607,-0.5,875.7407750768306,12469.237577269423
76.35000000000001,11.574534749670601,-0.5,876.3195017947801,12469.16618228947
76.4,11.549534749670602,-0.5,876.8969785127719,12469.093200395453
76.45,11.524534749670604,-0.5,877.4732052308058,12469.01887239014
76.5,11.499534749670605,-0.5,878.048181948882,12468.94448311125
76.55,11.474534749670607,-0.5,878.6219086670002,12468.870311746943
76.60000000000001,11.449534749670601,-0.5,879.1943853851607,12468.796317766059
76.65,11.424534749670602,-0.5,879.7656121033634,12468.722440848696
76.7,11.399534749670604,-0.5,880.3355888216083,12468.648755381453
76.75,11.374534749670605,-0.5,880.9043155398954,12468.575328121531
76.80000000000001,11.3495347496706,-0.5,881.4717922582246,12468.502303073752
76.85000000000001,11.324534749670601,-0.5,882.038018976596,12468.430064568865
76.9,11.299534749670602,-0.5,882.6029956950097,12468.35937292372
76.95,11.274534749670604,-0.5,883.1667224134655,12468.290460358012
77.0,11.249534749670605,-0.5,883.7291991319636,12468.223292062628
77.05000000000001,11.2245347496706,-0.5,884.2904258505038,12468.15769685303
77.10000000000001,11.199534749670601,-0.5,884.8504025690862,12468.093041012633
77.15,11.174534749670602,-0.5,885.4091292877108,12468.02849198376
77.2,11.149534749670604,-0.5,885.9666060063776,12467.964248607504
77.25,11.124534749670605,-0.5,886.5228327250866,12467.90043986832
77.30000000000001,11.0995347496706,-0.5,887.0778094438377,12467.837404797423
77.35000000000001,11.074534749670601,-0.5,887.6315361626312,12467.775075207102
77.4,11.049534749670602,-0.5,888.1840128814666,12467.713489005911
77.45,11.024534749670604,-0.5,888.7352396003444,12467.652696738589
77.5,10.999534749670605,-0.5,889.2852163192644,12467.590863774169
77.55000000000001,10.9745347496706,-0.5,889.8339430382265,12467.529023657191
77.60000000000001,10.949534749670601,-0.5,890.3814197572309,12467.467177579749
77.65,10.924534749670602,-0.5,890.9276464762773,12467.40532411133
77.7,10.899534749670604,-0.5,891.4726231953662,12467.34346420561
77.75,10.874534749670605,-0.5,892.016349914497,12467.28159762417
77.80000000000001,10.8495347496706,-0.5,892.5588266336702,12467.219724128592
77.85000000000001,10.824534749670601,-0.5,893.1000533528854,12467.157844910967
77.9,10.799534749670602,-0.5,893.640030072143,12467.09595949446
77.95,10.774534749670604,-0.5,894.1787567914427,12467.034067163813
78.0,10.749534749670605,-0.5,894.7162335107845,12466.972168872702
78.05000000000001,10.7245347496706,-0.5,895.2524602301685,12466.91026414429
78.10000000000001,10.699534749670601,-0.5,895.7874369495947,12466.848352978575
78.15,10.674534749670602,-0.5,896.3211636690631,12466.786435852397
78.2,10.649534749670604,-0.5,896.8536403885738,12466.724513004172
78.25,10.624534749670605,-0.5,897.3848671081266,12466.662584433901
78.30000000000001,10.5995347496706,-0.5,897.9148438277216,12466.60064918791
78.35000000000001,10.574534749670601,-0.5,898.4435705473588,12466.538706074107
78.4,10.549534749670602,-0.5,898.9710472670382,12466.476754854071
78.45,10.524534749670604,-0.5,899.4972739867599,12466.414795050967
78.5,10.499534749670605,-0.5,900.0222507065236,12466.352826903212
78.55000000000001,10.4745347496706,-0.5,900.5459774263296,12466.290850649226
78.60000000000001,10.449534749670601,-0.5,901.0684541461777,12466.228865573752
78.65,10.424534749670602,-0.5,901.5896808660681,12466.166871438372
78.7,10.399534749670604,-0.5,902.1096575860006,12466.104868958342
78.75,10.374534749670605,-0.5,902.6283843059754,12466.042857656825
78.80000000000001,10.3495347496706,-0.5,903.1458610259923,12465.980838010657
78.85000000000001,10.324534749670601,-0.5,903.6620877460515,12465.918809304583
78.9,10.299534749670602,-0.5,904.1770644661527,12465.856772492278
78.95,10.274534749670604,-0.5,904.6907911862963,12465.79472757374
79.0,10.249534749670605,-0.5,905.203267906482,12465.732673595297
79.05000000000001,10.2245347496706,-0.5,905.7144946267099,12465.670610556948
79.10000000000001,10.199534749670601,-0.5,906.22447134698,12465.608539412367
79.15,10.174534749670602,-0.5,906.7331980672923,12465.546459923136
79.2,10.149534749670604,-0.5,907.2406747876468,12465.48437113558
79.25,10.124534749670605,-0.5,907.7469015080434,12465.422273764956
79.30000000000001,10.0995347496706,-0.5,908.2518782284823,12465.360168526518
79.35000000000001,10.074534749670601,-0.5,908.7556049489632,12465.298054705012
79.4,10.049534749670602,-0.5,909.2580816694865,12465.2359318236
79.45,10.024534749670604,-0.5,909.759308390052,12465.173800835955
79.5,9.999534749670605,-0.5,910.2592851106596,12465.111660311568
79.55000000000001,9.9745347496706,-0.5,910.7580118313093,12465.049511680949
79.60000000000001,9.949534749670601,-0.5,911.2554885520013,12464.987355420935
79.65,9.924534749670602,-0.5,911.7517152727355,12464.92519105469
79.7,9.899534749670604,-0.5,912.2466919935118,12464.86301905905
79.75,9.874534749670605,-0.5,912.7404187143304,12464.800838957179
79.80000000000001,9.8495347496706,-0.5,913.2328954351913,12464.738651464331
79.85000000000001,9.824534749670601,-0.5,913.7241221560942,12464.67645610367
79.9,9.799534749670602,-0.5,914.2140988770393,12464.614253828871
79.95,9.774534749670604,-0.5,914.7028255980266,12464.552044163096
80.0,9.749534749670605,-0.5,915.1903023190562,12464.489827583182
80.05000000000001,9.7245347496706,-0.5,915.676529040128,12464.427604327548
80.10000000000001,9.699534749670601,-0.5,916.1615057612419,12464.365373680937
80.15,9.674534749670602,-0.5,916.6452324823979,12464.30313588177
80.2,9.649534749670604,-0.5,917.1277092035963,12464.240890691626
80.25,9.624534749670605,-0.5,917.6089359248368,12464.17863763367
80.30000000000001,9.5995347496706,-0.5,918.0889126461195,12464.116377423155
80.35000000000001,9.574534749670601,-0.5,918.5676393674444,12464.054109821665
80.4,9.549534749670602,-0.5,919.0451160888115,12463.991835544455
80.45,9.524534749670604,-0.5,919.5213428102207,12463.929553399432
80.5,9.499534749670605,-0.5,919.9963195316722,12463.867264578688
80.55000000000001,9.4745347496706,-0.5,920.4700462531658,12463.804967651713
80.60000000000001,9.449534749670601,-0.5,920.9425229747015,12463.742663810599
80.65,9.424534749670602,-0.5,921.4137496962796,12463.680352816928
80.7,9.399534749670604,-0.5,921.8837264178999,12463.618035147536
80.75,9.374534749670605,-0.5,922.3524531395623,12463.555711756098
80.80000000000001,9.3495347496706,-0.5,922.8199298612668,12463.49338192736
80.85000000000001,9.324534749670601,-0.5,923.2861565830136,12463.431044946063
80.9,9.299534749670602,-0.5,923.7511333048027,12463.368702957976
80.95,9.274534749670604,-0.5,924.2148600266338,12463.306354532588
81.0,9.249534749670605,-0.5,924.6773367485072,12463.243999908316
81.05000000000001,9.2245347496706,-0.5,925.1385634704227,12463.181638846743
81.10000000000001,9.199534749670601,-0.5,925.5985401923805,12463.119270871031
81.15,9.174534749670602,-0.5,926.0572669143804,12463.056896696437
81.2,9.149534749670604,-0.5,926.5147436364225,12462.994515607703
81.25,9.124534749670605,-0.5,926.9709703585069,12462.932128796923
81.30000000000001,9.0995347496706,-0.5,927.4259470806335,12462.869734595168
81.35000000000001,9.074534749670601,-0.5,927.8796738028021,12462.807334671366
81.4,9.049534749670602,-0.5,928.332150525013,12462.744929025519
81.45,9.024534749670604,-0.5,928.7833772472661,12462.682517180789
81.5,8.999534749670605,-0.5,929.2333539695614,12462.620098898757
81.55000000000001,8.9745347496706,-0.5,929.6820806918989,12462.557673941004
81.60000000000001,8.949534749670601,-0.5,930.1295574142786,12462.495242069113
81.65,8.924534749670602,-0.5,930.5757841367005,12462.432805190432
81.7,8.899534749670604,-0.5,931.0207608591645,12462.37036163603
81.75,8.874534749670605,-0.5,931.4644875816708,12462.307912359583
81.80000000000001,8.8495347496706,-0.5,931.9069643042192,12462.245456645835
81.85000000000001,8.824534749670601,-0.5,932.3481910268098,12462.18299521004
81.9,8.799534749670602,-0.5,932.7881677494427,12462.12052781378
81.95,8.774534749670604,-0.5,933.2268944721177,12462.058054457057
82.0,8.749534749670605,-0.5,933.6643711948349,12461.995574663031
82.05000000000001,8.7245347496706,-0.5,934.1005979175942,12461.933088431704
82.10000000000001,8.699534749670601,-0.5,934.5355746403958,12461.870596478331
82.15,8.674534749670602,-0.5,934.9693013632397,12461.808098087657
82.2,8.649534749670604,-0.5,935.4017780861255,12461.74559325968
82.25,8.624534749670605,-0.5,935.8330048090537,12461.683082232821
82.30000000000001,8.5995347496706,-0.5,936.262981532024,12461.620565007079
82.35000000000001,8.574534749670601,-0.5,936.6917082550366,12461.558041820872
82.4,8.549534749670602,-0.5,937.1191849780913,12461.495512197363
82.45,8.524534749670604,-0.5,937.5454117011882,12461.432976136553
82.5,8.499534749670605,-0.5,937.9703884243274,12461.370434115279
82.55000000000001,8.4745347496706,-0.5,938.3941151475087,12461.307885418284
82.60000000000001,8.449534749670601,-0.5,938.8165918707323,12461.245330522406
82.65,8.424534749670602,-0.5,939.2378185939979,12461.182769904482
82.7,8.399534749670604,-0.5,939.6577953173058,12461.120202849257
82.75,8.374534749670605,-0.5,940.076522040656,12461.057629833567
82.80000000000001,8.3495347496706,-0.5,940.4939987640482,12460.995050380576
82.85000000000001,8.324534749670601,-0.5,940.9102254874826,12460.93246496712
82.9,8.299534749670602,-0.5,941.3252022109593,12460.869873116362
82.95,8.274534749670604,-0.5,941.7389289344782,12460.807275543559
83.0,8.249534749670605,-0.5,942.1514056580393,12460.74467224871
83.05000000000001,8.2245347496706,-0.5,942.5626323816425,12460.682062993395
83.10000000000001,8.199534749670601,-0.5,942.9726091052878,12460.619446823943
83.15,8.174534749670602,-0.5,943.3813358289755,12460.556825409281
83.2,8.149534749670604,-0.5,943.7888125527053,12460.494197557318
83.25,8.124534749670605,-0.5,944.1950392764772,12460.431564698565
83.30000000000001,8.0995347496706,-0.5,944.6000160002914,12460.368925640929
83.35000000000001,8.074534749670601,-0.5,945.0037427241479,12460.306280861247
83.4,8.049534749670602,-0.5,945.4062194480464,12460.2436301211
83.45,8.024534749670604,-0.5,945.8074461719872,12460.180973897326
83.5,7.999534749670605,-0.5,946.20742289597,12460.11831147467
83.55000000000001,7.9745347496706,-0.5,946.6061496199952,12460.055643329966
83.60000000000001,7.949534749670601,-0.5,947.0036263440626,12459.992969463217
83.65,7.9245347496706025,-0.5,947.3998530681721,12459.930289159167
83.7,7.899534749670604,-0.5,947.7948297923238,12459.86760313307
83.75,7.874534749670605,-0.5,948.1885565165178,12459.804911623347
83.80000000000001,7.8495347496706,-0.5,948.5810332407539,12459.742214153159
83.85000000000001,7.824534749670601,-0.5,948.9722599650322,12459.67951000725
83.9,7.7995347496706025,-0.5,949.3622366893526,12459.616800377715
83.95,7.774534749670604,-0.5,949.7509634137153,12459.554085026133
84.0,7.749534749670605,-0.5,950.1384401381202,12459.491363714087
84.05000000000001,7.7245347496706,-0.5,950.5246668625673,12459.428638348925
84.10000000000001,7.699534749670601,-0.5,950.9096435870565,12459.365909169066
84.15,7.6745347496706025,-0.5,951.2933703115881,12459.303175459254
84.2,7.649534749670604,-0.5,951.6758470361617,12459.240438173163
84.25,7.624534749670605,-0.5,952.0570737607776,12459.177697310794
84.30000000000001,7.5995347496706,-0.5,952.4370504854355,12459.114952395308
84.35000000000001,7.574534749670601,-0.5,952.8157772101357,12459.052203665125
84.4,7.5495347496706025,-0.5,953.1932539348782,12458.98945207392
84.45,7.524534749670604,-0.5,953.5694806596628,12458.926696668017
84.5,7.499534749670605,-0.5,953.9444573844895,12458.863937924254
84.55000000000001,7.4745347496706,-0.5,954.3181841093584,12458.801175842631
84.60000000000001,7.449534749670601,-0.5,954.6906608342697,12458.738410661566
84.65,7.4245347496706025,-0.5,955.061887559223,12458.675641904223
84.7,7.399534749670604,-0.5,955.4318642842186,12458.612869332183
84.75,7.374534749670605,-0.5,955.8005910092563,12458.550094137538
84.80000000000001,7.3495347496706,-0.5,956.1680677343363,12458.487315366614
84.85000000000001,7.324534749670601,-0.5,956.5342944594585,12458.424533019412
84.9,7.2995347496706025,-0.5,956.8992711846228,12458.361747811186
84.95,7.274534749670604,-0.5,957.2629979098292,12458.298959265101
85.0,7.249534749670605,-0.5,957.6254746350779,12458.236167619574
85.05000000000001,7.2245347496706,-0.5,957.9867013603689,12458.173372636187
85.10000000000001,7.199534749670601,-0.5,958.346678085702,12458.110575507033
85.15,7.1745347496706025,-0.5,958.7054048110772,12458.0477748016
85.2,7.149534749670604,-0.5,959.0628815364947,12457.984971473563
85.25,7.124534749670605,-0.5,959.4191082619544,12457.922164330828
85.30000000000001,7.0995347496706,-0.5,959.7740849874563,12457.85935456549
85.35000000000001,7.074534749670601,-0.5,960.1278117130003,12457.79654146229
85.4,7.0495347496706025,-0.5,960.4802884385866,12457.733725498068
85.45,7.024534749670604,-0.5,960.831515164215,12457.670906195986
85.5,6.999534749670605,-0.5,961.1814918898857,12457.6080842713
85.55000000000001,6.9745347496706,-0.5,961.5302186155985,12457.545258293498
85.60000000000001,6.949534749670601,-0.5,961.8776953413534,12457.482429693091
85.65,6.9245347496706025,-0.5,962.2239220671506,12457.419598231661
85.7,6.899534749670604,-0.5,962.5688987929901,12457.356763193953
85.75,6.874534749670605,-0.5,962.9126255188717,12457.293925772059
85.80000000000001,6.8495347496706,-0.5,963.2551022447954,12457.231085012305
85.85000000000001,6.824534749670601,-0.5,963.5963289707614,12457.16824115311
85.9,6.7995347496706025,-0.5,963.9363056967695,12457.10539443289
85.95,6.774534749670604,-0.5,964.2750324228199,12457.042545328486
86.0,6.749534749670605,-0.5,964.6125091489124,12456.979693839896
86.05000000000001,6.7245347496706,-0.5,964.9487358750472,12456.916839013445
86.10000000000001,6.699534749670601,-0.5,965.2837126012241,12456.853982041228
86.15,6.6745347496706025,-0.5,965.6174393274432,12456.79112173115
86.2,6.649534749670604,-0.5,965.9499160537044,12456.728259036887
86.25,6.624534749670605,-0.5,966.281142780008,12456.665393720019
86.30000000000001,6.5995347496706,-0.5,966.6111195063537,12456.602525065291
86.35000000000001,6.574534749670601,-0.5,966.9398462327416,12456.539654264796
86.4,6.5495347496706025,-0.5,967.2673229591717,12456.476780841696
86.45,6.524534749670604,-0.5,967.593549685644,12456.413904795992
86.5,6.499534749670605,-0.5,967.9185264121585,12456.351026604521
86.55000000000001,6.4745347496706,-0.5,968.2422531387151,12456.288145552027
86.60000000000001,6.449534749670601,-0.5,968.5647298653139,12456.225262830603
86.65,6.4245347496706025,-0.5,968.885956591955,12456.162377248156
86.7,6.399534749670604,-0.5,969.2059333186382,12456.099489281523
86.75,6.374534749670605,-0.5,969.5246600453637,12456.03659964596
86.80000000000001,6.3495347496706,-0.5,969.8421367721313,12455.973707149375
86.85000000000001,6.324534749670601,-0.5,970.158363498941,12455.910812983859
86.9,6.2995347496706025,-0.5,970.473340225793,12455.847917149413
86.95,6.274534749670604,-0.5,970.7870669526873,12455.7850191692
87.0,6.249534749670605,-0.5,971.0995436796236,12455.722119281638
87.05000000000001,6.2245347496706,-0.5,971.4107704066021,12455.659216533053
87.10000000000001,6.199534749670601,-0.5,971.7207471336229,12455.596311400283
87.15,6.1745347496706025,-0.5,972.0294738606858,12455.533404598582
87.2,6.149534749670604,-0.5,972.336950587791,12455.470496843207
87.25,6.124534749670605,-0.5,972.6431773149383,12455.407589803088
87.30000000000001,6.0995347496706,-0.5,972.9481540421278,12455.344683001387
87.35000000000001,6.074534749670601,-0.5,973.2518807693596,12455.281777868617
87.4,6.0495347496706025,-0.5,973.5543574966334,12455.218873927939
87.45,6.024534749670604,-0.5,973.8555842239496,12455.155969510424
87.5,5.999534749670605,-0.5,974.1555609513078,12455.093066285002
87.55000000000001,5.9745347496706,-0.5,974.4542876787084,12455.030163536418
87.60000000000001,5.949534749670601,-0.5,974.7517644061511,12454.967261979926
87.65,5.9245347496706025,-0.5,975.047991133636,12454.904361377108
87.7,5.899534749670604,-0.5,975.3429678611631,12454.841461489546
87.75,5.874534749670605,-0.5,975.6366945887323,12454.778561840403
87.80000000000001,5.8495347496706,-0.5,975.9291713163437,12454.715663144934
87.85000000000001,5.824534749670601,-0.5,976.2203980439973,12454.652765164721
87.9,5.7995347496706025,-0.5,976.5103747716933,12454.589867899764
87.95,5.774534749670604,-0.5,976.7991014994312,12454.526972065318
88.0,5.749534749670605,-0.5,977.0865782272115,12454.464076707709
88.05000000000001,5.7245347496706,-0.5,977.3728049550339,12454.401182065356
88.10000000000001,5.699534749670601,-0.5,977.6577816828984,12454.338288853514
88.15,5.6745347496706025,-0.5,977.9415084108052,12454.275396356928
88.2,5.649534749670604,-0.5,978.2239851387542,12454.212504814017
88.25,5.624534749670605,-0.5,978.5052118667454,12454.149613509524
88.30000000000001,5.5995347496706,-0.5,978.7851885947787,12454.086724350798
88.35000000000001,5.574534749670601,-0.5,979.0639153228543,12454.023835907328
88.4,5.5495347496706025,-0.5,979.341392050972,12453.960947463858
88.45,5.524534749670604,-0.5,979.6176187791319,12453.898059974063
88.5,5.499534749670605,-0.5,979.892595507334,12453.83517367636
88.55000000000001,5.4745347496706,-0.5,980.1663222355784,12453.77228857075
88.60000000000001,5.449534749670601,-0.5,980.4387989638649,12453.709404418814
88.65,5.4245347496706025,-0.5,980.7100256921937,12453.646520505297
88.7,5.399534749670604,-0.5,980.9800024205645,12453.583637307036
88.75,5.374534749670605,-0.5,981.2487291489776,12453.520755539286
88.80000000000001,5.3495347496706,-0.5,981.5162058774329,12453.45787496363
88.85000000000001,5.324534749670601,-0.5,981.7824326059304,12453.394995103228
88.9,5.2995347496706025,-0.5,982.04740933447,12453.33211643492
88.95,5.274534749670604,-0.5,982.3111360630519,12453.269238720286
89.0,5.249534749670605,-0.5,982.5736127916759,12453.206362197745
89.05000000000001,5.2245347496706,-0.5,982.8348395203423,12453.143487105715
89.10000000000001,5.199534749670601,-0.5,983.0948162490506,12453.080613444197
89.15,5.1745347496706025,-0.5,983.3535429778013,12453.01774145161
89.2,5.149534749670604,-0.5,983.6110197065941,12452.954870174277
89.25,5.124534749670605,-0.5,983.8672464354291,12452.892000565875
89.30000000000001,5.0995347496706,-0.5,984.1222231643063,12452.82913143431
89.35000000000001,5.074534749670601,-0.5,984.3759498932257,12452.766264448512
89.4,5.0495347496706025,-0.5,984.6284266221872,12452.703398416388
89.45,5.024534749670604,-0.5,984.879653351191,12452.640534053195
89.5,4.999534749670605,-0.5,985.129630080237,12452.577670643675
89.55000000000001,4.9745347496706,-0.5,985.378356809325,12452.514808664668
89.60000000000001,4.949534749670601,-0.5,985.6258335384555,12452.45194835459
89.65,4.9245347496706025,-0.5,985.8720602676281,12452.389088759768
89.7,4.899534749670604,-0.5,986.1170369968428,12452.326230595458
89.75,4.874534749670605,-0.5,986.3607637260997,12452.263374338496
89.80000000000001,4.8495347496706,-0.5,986.6032404553988,12452.20051879679
89.85000000000001,4.824534749670601,-0.5,986.8444671847401,12452.137664924014
89.9,4.7995347496706025,-0.5,987.0844439141237,12452.074812004912
89.95,4.774534749670604,-0.5,987.3231706435492,12452.011961231578
90.0,4.749534749670605,-0.5,987.5606473730172,12451.949112127173
90.05000000000001,4.7245347496706,-0.5,987.7968741025272,12451.886263976443
90.10000000000001,4.699534749670601,-0.5,988.0318508320795,12451.823417256224
90.15,4.6745347496706025,-0.5,988.2655775616739,12451.760572443354
90.2,4.649534749670604,-0.5,988.4980542913106,12451.697729299414
90.25,4.624534749670605,-0.5,988.7292810209896,12451.634887824404
90.30000000000001,4.5995347496706,-0.5,988.9592577507105,12451.572048495162
90.35000000000001,4.574534749670601,-0.5,989.1879844804737,12451.509211073268
90.4,4.5495347496706025,-0.5,989.4154612102792,12451.446375320304
90.45,4.524534749670604,-0.5,989.6416879401269,12451.383540997851
90.5,4.499534749670605,-0.5,989.8666646700167,12451.320708582747
90.55000000000001,4.4745347496706,-0.5,990.0903913999487,12451.257877598155
90.60000000000001,4.449534749670601,-0.5,990.3128681299228,12451.195048282492
90.65,4.4245347496706025,-0.5,990.5340948599392,12451.132220874179
90.7,4.399534749670604,-0.5,990.7540715899977,12451.069395134795
90.75,4.374534749670605,-0.5,990.9727983200985,12451.006571541178
90.80000000000001,4.3495347496706,-0.5,991.1902750502413,12450.943749616492
90.85000000000001,4.324534749670601,-0.5,991.4065017804265,12450.880929599154
90.9,4.2995347496706025,-0.5,991.6214785106539,12450.818111250746
90.95,4.274534749670604,-0.5,991.8352052409234,12450.755294809687
91.0,4.249534749670605,-0.5,992.0476819712351,12450.692480037558
91.05000000000001,4.2245347496706,-0.5,992.258908701589,12450.62966693436
91.10000000000001,4.199534749670601,-0.5,992.4688854319851,12450.566856453765
91.15,4.1745347496706025,-0.5,992.6776121624234,12450.5040476421
91.2,4.149534749670604,-0.5,992.8850888929038,12450.441240499365
91.25,4.124534749670605,-0.5,993.0913156234266,12450.378435740817
91.30000000000001,4.0995347496706,-0.5,993.2962923539915,12450.315632889617
91.35000000000001,4.074534749670601,-0.5,993.5000190845985,12450.252831707347
91.4,4.0495347496706025,-0.5,993.7024958152477,12450.190032194007
91.45,4.024534749670604,-0.5,993.9037225459392,12450.127234826434
91.5,3.9995347496706053,-0.5,994.1036992766728,12450.064439843047
91.55000000000001,3.9745347496705996,-0.5,994.3024260074487,12450.001646767008
91.60000000000001,3.949534749670601,-0.5,994.4999027382667,12449.938854406226
91.65,3.9245347496706025,-0.5,994.696129469127,12449.87606252228
91.7,3.899534749670604,-0.5,994.8911062000294,12449.813271115172
91.75,3.8745347496706053,-0.5,995.084832930974,12449.7504801849
91.80000000000001,3.8495347496705996,-0.5,995.2773096619608,12449.687689493048
91.85000000000001,3.824534749670601,-0.5,995.4685363929897,12449.624898562777
91.9,3.7995347496706025,-0.5,995.6585131240608,12449.562108824599
91.95,3.774534749670604,-0.5,995.8472398551743,12449.499318848002
92.0,3.7495347496706053,-0.5,996.0347165863298,12449.43652982508
92.05000000000001,3.7245347496705996,-0.5,996.2209433175275,12449.373740563738
92.10000000000001,3.699534749670601,-0.5,996.4059200487675,12449.310952017653
92.15,3.6745347496706025,-0.5,996.5896467800496,12449.24816299473
92.2,3.649534749670604,-0.5,996.7721235113739,12449.18537540232
92.25,3.6245347496706053,-0.5,996.9533502427404,12449.122588525164
92.30000000000001,3.5995347496705996,-0.5,997.1333269741491,12449.059802124846
92.35000000000001,3.574534749670601,-0.5,997.3120537056,12448.997014770854
92.4,3.5495347496706025,-0.5,997.4895304370931,12448.934229085791
92.45,3.524534749670604,-0.5,997.6657571686283,12448.87144316231
92.5,3.4995347496706053,-0.5,997.8407339002058,12448.808657477248
92.55000000000001,3.4745347496705996,-0.5,998.0144606318255,12448.745872269023
92.60000000000001,3.449534749670601,-0.5,998.1869373634873,12448.683088014472
92.65,3.4245347496706025,-0.5,998.3581640951913,12448.62030399834
92.7,3.399534749670604,-0.5,998.5281408269376,12448.55751950537
92.75,3.3745347496706053,-0.5,998.6968675587261,12448.494735250819
92.80000000000001,3.3495347496705996,-0.5,998.8643442905567,12448.431951711524
92.85000000000001,3.324534749670601,-0.5,999.0305710224295,12448.369168887484
92.9,3.2995347496706025,-0.5,999.1955477543446,12448.306386540282
92.95,3.274534749670604,-0.5,999.3592744863018,12448.24360419308
93.0,3.2495347496706053,-0.5,999.5217512183012,12448.180822561133
93.05000000000001,3.2245347496705996,-0.5,999.6829779503428,12448.118041644442
93.10000000000001,3.199534749670601,-0.5,999.8429546824265,12448.055260727751
93.15,3.1745347496706025,-0.5,1000.0016814145524,12447.992480526316
93.2,3.149534749670604,-0.5,1000.1591581467206,12447.929701040137
93.25,3.1245347496706053,-0.5,1000.3153848789309,12447.866921792376
93.30000000000001,3.0995347496705996,-0.5,1000.4703616111834,12447.804142544615
93.35000000000001,3.074534749670601,-0.5,1000.6240883434782,12447.74136401211
93.4,3.0495347496706025,-0.5,1000.7765650758151,12447.678585718024
93.45,3.024534749670604,-0.5,1000.9277918081942,12447.615808139193
93.5,2.9995347496706053,-0.5,1001.0777685406155,12447.553030560362
93.55000000000001,2.9745347496705996,-0.5,1001.226495273079,12447.490254650462
93.60000000000001,2.949534749670601,-0.5,1001.3739720055847,12447.427481840003
93.65,2.9245347496706025,-0.5,1001.5201987381325,12447.364711652148
93.7,2.899534749670604,-0.5,1001.6651754707226,12447.301944563735
93.75,2.8745347496706053,-0.5,1001.8089022033549,12447.2391810516
93.80000000000001,2.8495347496705996,-0.5,1001.9513789360294,12447.176419685233
93.85000000000001,2.824534749670601,-0.5,1002.092605668746,12447.113661656726
93.9,2.7995347496706025,-0.5,1002.2325824015048,12447.050906966078
93.95,2.774534749670604,-0.5,1002.3713091343059,12446.988155374873
94.0,2.7495347496706053,-0.5,1002.5087858671492,12446.92540664469
94.05000000000001,2.7245347496705996,-0.5,1002.6450126000345,12446.86266077553
94.10000000000001,2.699534749670601,-0.5,1002.7799893329621,12446.799918959487
94.15,2.6745347496706025,-0.5,1002.913716065932,12446.737179527629
94.2,2.649534749670604,-0.5,1003.046192798944,12446.67444343363
94.25,2.6245347496706053,-0.5,1003.1774195319982,12446.611710915911
94.30000000000001,2.5995347496705996,-0.5,1003.3073962650946,12446.548981497634
94.35000000000001,2.574534749670601,-0.5,1003.436122998233,12446.486255417216
94.4,2.5495347496706025,-0.5,1003.5635997314139,12446.42353243624
94.45,2.524534749670604,-0.5,1003.6898264646368,12446.360812316287
94.5,2.4995347496706053,-0.5,1003.8148031979019,12446.298095772612
94.55000000000001,2.4745347496705996,-0.5,1003.9385299312092,12446.235383043635
94.60000000000001,2.449534749670601,-0.5,1004.0610066645588,12446.1726734141
94.65,2.4245347496706025,-0.5,1004.1822333979505,12446.10996783768
94.7,2.399534749670604,-0.5,1004.3022101313844,12446.047265360701
94.75,2.3745347496706053,-0.5,1004.4209368648604,12445.984566221583
94.80000000000001,2.3495347496705996,-0.5,1004.5384135983787,12445.921871850836
94.85000000000001,2.324534749670601,-0.5,1004.6546403319393,12445.85918081795
94.9,2.2995347496706025,-0.5,1004.769617065542,12445.796493122923
94.95,2.274534749670604,-0.5,1004.8833437991867,12445.733808050501
95.0,2.2495347496706053,-0.5,1004.9958205328738,12445.671127031195
95.05000000000001,2.2245347496705996,-0.5,1005.1070472666031,12445.608449826586
95.10000000000001,2.199534749670601,-0.5,1005.2170240003745,12445.545776675093
95.15,2.1745347496706025,-0.5,1005.3257507341882,12445.483107338297
95.2,2.149534749670604,-0.5,1005.433227468044,12445.420441816199
95.25,2.1245347496706053,-0.5,1005.539454201942,12445.357779870379
95.30000000000001,2.0995347496705996,-0.5,1005.6444309358823,12445.295121739257
95.35000000000001,2.074534749670601,-0.5,1005.7481576698647,12445.23246766125
95.4,2.0495347496706025,-0.5,1005.8506344038893,12445.169817159522
95.45,2.024534749670604,-0.5,1005.9518611379561,12445.10717047249
95.5,1.9995347496706053,-0.5,1006.0518378720651,12445.044527361739
95.55000000000001,1.9745347496705996,-0.5,1006.1505646062162,12444.981888065684
95.60000000000001,1.949534749670601,-0.5,1006.2480413404095,12444.91925210749
95.65,1.9245347496706025,-0.5,1006.3442680746451,12444.856619963992
95.7,1.8995347496706039,-0.5,1006.4392448089228,12444.793991158354
95.75,1.8745347496706053,-0.5,1006.5329715432428,12444.731366644251
95.80000000000001,1.8495347496705996,-0.5,1006.6254482776048,12444.66874522959
95.85000000000001,1.824534749670601,-0.5,1006.7166750120092,12444.606127868044
95.9,1.7995347496706025,-0.5,1006.8066517464557,12444.543513844359
95.95,1.7745347496706039,-0.5,1006.8953784809444,12444.480903158534
96.0,1.7495347496706053,-0.5,1006.9828552154752,12444.41829557215
96.05000000000001,1.7245347496705996,-0.5,1007.0690819500484,12444.355691323626
96.10000000000001,1.699534749670601,-0.5,1007.1540586846636,12444.293090651381
96.15,1.6745347496706025,-0.5,1007.2377854193211,12444.230492840159
96.2,1.6495347496706039,-0.5,1007.3202621540207,12444.167897651541
96.25,1.6245347496706053,-0.5,1007.4014888887626,12444.105306039202
96.30000000000001,1.5995347496705996,-0.5,1007.4814656235467,12444.042717764723
96.35000000000001,1.574534749670601,-0.5,1007.5601923583729,12443.980133066523
96.4,1.5495347496706025,-0.5,1007.6376690932414,12443.917551706183
96.45,1.5245347496706039,-0.5,1007.713895828152,12443.854972968447
96.5,1.4995347496706053,-0.5,1007.7888725631047,12443.79239780699
96.55000000000001,1.4745347496705996,-0.5,1007.8625992980998,12443.729825744975
96.60000000000001,1.449534749670601,-0.5,1007.935076033137,12443.6672567824
96.65,1.4245347496706025,-0.5,1008.0063027682164,12443.604691157687
96.7,1.3995347496706039,-0.5,1008.076279503338,12443.542129109252
96.75,1.3745347496706053,-0.5,1008.1450062385018,12443.47956992184
96.80000000000001,1.3495347496705996,-0.5,1008.2124829737077,12443.417014310706
96.85000000000001,1.324534749670601,-0.5,1008.2787097089558,12443.354462037432
96.9,1.2995347496706025,-0.5,1008.3436864442461,12443.291912625182
96.95,1.2745347496706039,-0.5,1008.4074131795787,12443.229366550791
97.0,1.2495347496706053,-0.5,1008.4698899149535,12443.166823337424
97.05000000000001,1.2245347496705996,-0.5,1008.5311166503703,12443.104282508242
97.10000000000001,1.199534749670601,-0.5,1008.5910933858295,12443.041744540084
97.15,1.1745347496706025,-0.5,1008.6498201213308,12442.979207764018
97.2,1.1495347496706039,-0.5,1008.7072968568742,12442.916671464789
97.25,1.1245347496706053,-0.5,1008.7635235924599,12442.854136357653
97.30000000000001,1.0995347496705996,-0.5,1008.8185003280878,12442.791601250517
97.35000000000001,1.074534749670601,-0.5,1008.8722270637579,12442.729066620219
97.4,1.0495347496706025,-0.5,1008.9247037994701,12442.666532705176
97.45,1.0245347496706039,-0.5,1008.9759305352245,12442.603998790133
97.5,0.9995347496706053,-0.5,1009.0259072710212,12442.54146654402
97.55000000000001,0.9745347496705996,-0.5,1009.07463400686,12442.478934297907
97.60000000000001,0.949534749670601,-0.5,1009.1221107427411,12442.416402051795
97.65,0.9245347496706025,-0.5,1009.1683374786643,12442.3538700441
97.7,0.8995347496706039,-0.5,1009.2133142146298,12442.291338274825
97.75,0.8745347496706053,-0.5,1009.2570409506374,12442.228806982386
97.80000000000001,0.8495347496705996,-0.5,1009.2995176866872,12442.166276405203
97.85000000000001,0.824534749670601,-0.5,1009.3407444227792,12442.10374582802
97.9,0.7995347496706025,-0.5,1009.3807211589134,12442.041214774
97.95,0.7745347496706039,-0.5,1009.4194478950898,12441.978684912074
98.0,0.7495347496706053,-0.5,1009.4569246313083,12441.916156003821
98.05000000000001,0.7245347496705996,-0.5,1009.493151367569,12441.853627333987
98.10000000000001,0.699534749670601,-0.5,1009.528128103872,12441.791098664153
98.15,0.6745347496706025,-0.5,1009.5618548402172,12441.728569994319
98.2,0.6495347496706039,-0.5,1009.5943315766044,12441.666041801322
98.25,0.6245347496706053,-0.5,1009.6255583130339,12441.603514561999
98.30000000000001,0.5995347496705996,-0.5,1009.6555350495056,12441.540987322676
98.35000000000001,0.574534749670601,-0.5,1009.6842617860195,12441.478461037028
98.4,0.5495347496706025,-0.5,1009.7117385225756,12441.415934989798
98.45,0.5245347496706039,-0.5,1009.737965259174,12441.353408942568
98.5,0.4995347496706053,-0.5,1009.7629419958143,12441.290884087432
98.55000000000001,0.4745347496705996,-0.5,1009.7866687324971,12441.228358755458
98.60000000000001,0.44953474967060103,-0.5,1009.8091454692219,12441.165834377158
98.65,0.42453474967060245,-0.5,1009.830372205989,12441.103310714114
98.7,0.3995347496706039,-0.5,1009.8503489427982,12441.04078705107
98.75,0.3745347496706053,-0.5,1009.8690756796497,12440.978264580119
98.80000000000001,0.3495347496705996,-0.5,1009.8865524165433,12440.915741393912
98.85000000000001,0.32453474967060103,-0.5,1009.9027791534792,12440.853216777194
98.9,0.29953474967060245,-0.5,1009.9177558904571,12440.790692398894
98.95,0.2745347496706039,-0.5,1009.9314826274774,12440.728167543757
99.0,0.2495347496706053,-0.5,1009.9439593645398,12440.665642211783
99.05000000000001,0.2245347496705996,-0.5,1009.9551861016444,12440.603116879809
99.10000000000001,0.19953474967060103,-0.5,1009.9651628387911,12440.540589878905
99.15,0.17453474967060245,-0.5,1009.9738895759801,12440.478061924327
99.2,0.14953474967060387,-0.5,1009.9813663132113,12440.415532539237
99.25,0.1245347496706053,-0.5,1009.9875930504847,12440.353001962054
99.30000000000001,0.09953474967059961,-0.5,1009.9925697878002,12440.29046995436
99.35000000000001,0.07453474967060103,-0.5,1009.996296525158,12440.227936277735
99.4,0.04953474967060245,-0.5,1009.9987732625578,12440.165400932181
99.45,0.024534749670603873,-0.5,1010.0,12440.102864156115
99.5,0.0,-0.5,1010.0,12440.040326187956
