time_s,dist_m,velocity_mps,velocity_kmh
0.0,0.0,0.0,0.0
0.05,0.0031571695401098167,0.12628678160439266,0.4546324137758136
0.1,0.010272920013739606,0.15834323734079894,0.5700356544268762
0.15000000000000002,0.01896972931376857,0.1895291346603596,0.6823048847772946
0.2,0.029204947513185035,0.21987959331629892,0.7915665359386761
0.25,0.04093768067263854,0.24942973306184124,0.8979470390226285
0.30000000000000004,0.054128790840439846,0.278214673650211,1.0015728251407596
0.35000000000000003,0.06874089605256092,0.30626953483463243,1.1025703254046768
0.4,0.08473837033263498,0.3336294363683298,1.2010659709259874
0.45,0.10208734369195642,0.3603294980045277,1.2971861928162998
0.5,0.12075570212948086,0.38640483949645016,1.3910574221872205
0.55,0.14071308763182516,0.4118905805973216,1.4828060901503577
0.6000000000000001,0.16193089817326736,0.43682184106036653,1.5725586278173196
0.65,0.18438228771574675,0.4612337406388089,1.660441466299712
0.7000000000000001,0.20804216620886382,0.4851613990858735,1.7465810367091448
0.75,0.23288719958988027,0.5086399361547843,1.8311037701572235
0.8,0.258895809783719,0.5317044715987658,1.9141360977555568
0.8500000000000001,0.28604817470296423,0.5543901251710424,1.9958044506157526
0.9,0.3143262282478613,0.5767320166248382,2.0762352598494176
0.9500000000000001,0.34371366030631667,0.5987652657133778,2.15555495656816
1.0,0.37419591675389824,0.6205249921898853,2.2338899718835874
1.05,0.405760199453835,0.642046315807585,2.311366736907306
1.1,0.4383954662570172,0.6633643563197014,2.388111682750925
1.1500000000000001,0.4720924310019962,0.6845142334794588,2.464251240526052
1.2000000000000002,0.5068435635149847,0.7055310670400797,2.539911841344287
1.25,0.5426311904970151,0.7259740122411368,2.6135064440680926
1.3,0.5793719927915534,0.7436580795403922,2.677169086345412
1.35,0.6170400546582046,0.763064395125654,2.7470318224523544
1.4000000000000001,0.6557389756138885,0.7848924431017027,2.82561279516613
1.4500000000000002,0.6955335801198442,0.806891737136528,2.9048102536915006
1.5,0.7364154467768165,0.8283829291423619,2.982178544912503
1.55,0.7783796598824039,0.8501855950811328,3.0606681422920783
1.6,0.8214693998151276,0.8734040022278141,3.1442544080201307
1.6500000000000001,0.8657257986366624,0.896851950633579,3.2286670222808844
1.7000000000000002,0.9111407330338986,0.9197454252558693,3.3110835309211297
1.75,0.9576992615362105,0.9425957148366068,3.393344573411784
1.8,1.0054322031740672,0.9667219506776622,3.480199022439584
1.85,1.0543762759766941,0.991040961427418,3.5677474611387052
1.9000000000000001,1.1045331716777473,1.0152348666147109,3.6548455198129592
1.9500000000000002,1.155885836365369,1.038871720890158,3.7399381952045685
2.0,1.2084307809825496,1.0629260637970646,3.8265338296694327
2.0500000000000003,1.2622014581068441,1.0879010211747115,3.916443676228962
2.1,1.3172224169290834,1.1129373317148543,4.006574394173476
2.15,1.373488551412409,1.1377080476181705,4.095748971425413
2.2,1.431005239344046,1.162959469647304,4.186654090730294
2.25,1.4898047838665416,1.1890223112525196,4.280480320509071
2.3000000000000003,1.5499080344715168,1.2151077129464924,4.374387766607373
2.35,1.6113188024847218,1.2413230075817043,4.468762827294135
2.4000000000000004,1.6740284045361307,1.2670610744746542,4.561419868108755
2.45,1.7380380646120095,1.2933253285604955,4.655971182817784
2.5,1.8033868183738044,1.3206248219113061,4.754249358880703
2.5500000000000003,1.870117759861305,1.348612837588714,4.855006215319371
2.6,1.9382394083093584,1.3762531003334177,4.954511161200304
2.6500000000000004,2.0077635676466414,1.404713273157909,5.0569677833684725
2.7,2.078735704321472,1.4341721938352996,5.163019897807079
2.75,2.1511731016721294,1.4633237001910027,5.26796532068761
2.8000000000000003,2.225058912686203,1.4921087403719315,5.371591465338954
2.85,2.300396248816443,1.5213847048376727,5.476984937415622
2.9000000000000004,2.3772130403872755,1.551286957995622,5.58463304878424
2.95,2.455518144260789,1.5809171969449267,5.691301909001736
3.0,2.535301646092751,1.610422876333541,5.797522354800748
3.0500000000000003,2.6165463471663486,1.63936516661037,5.901714599797332
3.1,2.6992464980476827,1.6686408686430005,6.007107127114802
3.1500000000000004,2.7834261342279802,1.6985445785689073,6.114760482848066
3.2,2.869092190986541,1.7280976917735191,6.221151690384669
3.25,2.9562164476008506,1.7568725727988712,6.3247412620759365
3.3000000000000003,3.0447854488523367,1.7858874772605777,6.42919491813808
3.35,3.134819795665313,1.8154863952584763,6.535751022930515
3.4000000000000004,3.226329297128961,1.8448936632874573,6.6416171878348464
3.45,3.319296722307962,1.873803343872565,6.745692037941234
3.5,3.4136940448652386,1.902089558418503,6.847522410306611
3.5500000000000003,3.509512932694842,1.9306659547656415,6.95039743715631
3.6,3.6067772589449403,1.9599070952382769,7.055665542857797
3.6500000000000004,3.7054945160279966,1.9887831880839715,7.159619477102297
3.7,3.8056369167689215,2.016912841553022,7.260886229590879
3.75,3.907196288278525,2.0454620188311106,7.363663267791998
3.8000000000000003,4.010198748335878,2.074636383462991,7.468690980466768
3.85,4.114660398132582,2.103829608405161,7.57378659025858
3.9000000000000004,4.2205689291990955,2.1325116342553776,7.67704188331936
3.95,4.327896951871637,2.160609272646252,7.778193381526506
4.0,4.436638713255358,2.189061182702616,7.880620257729417
4.05,4.546814845163304,2.217984093615211,7.98474273701476
4.1000000000000005,4.65842360838168,2.2463664351198145,8.086919166431333
4.15,4.771435694939925,2.2741170272099573,8.186821297955847
4.2,4.885846664038292,2.3023217367247213,8.288358252208997
4.25,5.00168480845832,2.331204040076393,8.392334544275014
4.3,5.1189575043493205,2.3597037955636395,8.494933664029103
4.3500000000000005,5.237642844640658,2.387709816089849,8.595755337923457
4.4,5.357742112366047,2.4162608929257194,8.698539214532591
4.45,5.479283373720694,2.445389561260149,8.803402420536537
4.5,5.602280496163316,2.4744953364447397,8.908183211201063
4.55,5.726717107064576,2.5029690996056293,9.010688758580265
4.6000000000000005,5.852566034906011,2.5309880140517813,9.111556850586412
4.65,5.979828122701151,2.559495497753807,9.214183791913706
4.7,6.10852421031173,2.5883480066693543,9.318052824009676
4.75,6.23864601565701,2.616524207141845,9.419487145710642
4.800000000000001,6.3701635634906175,2.644177706202442,9.519039742328792
4.8500000000000005,6.503075588123199,2.67230327910082,9.620291804762953
4.9,6.637404938865935,2.7008707506086487,9.723134702191135
4.95,6.773161106343668,2.729375948500669,9.825753414602408
5.0,6.910335463820846,2.7575983505864454,9.927354062111204
5.050000000000001,7.048909236247117,2.785352546464422,10.02726916727192
5.1000000000000005,7.188882019999478,2.8135588036300185,10.128811693068068
5.15,7.330277724495585,2.842269376214243,10.232169754371274
5.2,7.473091328051449,2.870274766020339,10.33298915767322
5.25,7.617300065220002,2.898074720721776,10.433068994598393
5.300000000000001,7.7629180083119005,2.926643002954174,10.535914810635028
5.3500000000000005,7.909966416632726,2.955293329878854,10.639055987563875
5.4,8.058427152285375,2.9831360962270823,10.739289946417497
5.45,8.208268921939966,3.0105346899565384,10.837924883843538
5.5,8.359492726272443,3.038417483342514,10.93830294003305
5.550000000000001,8.512125608182622,3.066897793064667,11.040832055032801
5.6000000000000005,8.66617633722515,3.095131368636411,11.14247292709108
5.65,8.821616508961123,3.1224755008025276,11.2409118028891
5.7,8.978415078984632,3.1494673001378395,11.338082280496222
5.75,9.136583824078379,3.1772825036120294,11.438217013003307
5.800000000000001,9.296156365543272,3.2056191549837183,11.540228957941386
5.8500000000000005,9.457131938681814,3.2334037705579157,11.640253574008497
5.9,9.619484524572075,3.2606996650525213,11.738518794189076
5.95,9.783216862932067,3.2885938693471717,11.838937929649818
6.0,9.948348845037913,3.316685414886644,11.940067493591918
6.050000000000001,10.114890816667714,3.34499345030539,12.041976421099404
6.1000000000000005,10.282830906800623,3.372610155010998,12.141396558039594
6.15,10.452139726398027,3.3997426288851473,12.23907346398653
6.2,10.62282568375954,3.427695665575397,12.33970439607143
6.25,10.79491897865275,3.4560361301530196,12.441730068550871
6.300000000000001,10.968410325454467,3.483617741915616,12.541023870896217
6.3500000000000005,11.143268066638415,3.510691905442312,12.638490859592324
6.4,11.319499367460722,3.5385601274499927,12.738816458819974
6.45,11.497117566779938,3.5661678453186707,12.838204243147215
6.5,11.67611641907552,3.5937862465046266,12.937630487416657
6.550000000000001,11.856483689028954,3.6209045516327563,13.035256385877922
6.6000000000000005,12.038205926441362,3.6479849448635577,13.132745801508808
6.65,12.221307603499712,3.676082137470403,13.233895694893452
6.7,12.405830852783104,3.7048478338652786,13.337452201915003
6.75,12.591778957959415,3.733076373187118,13.439074943473626
6.800000000000001,12.779130824285353,3.7609982798504533,13.539593807461632
6.8500000000000005,12.967902185916042,3.789856185377077,13.643482267357477
6.9,13.158123423970913,3.8189933368177686,13.748376012543968
6.95,13.349782590460483,3.8473733227650446,13.85054396195416
7.0,13.542857989352608,3.875642632919949,13.952313478511817
7.050000000000001,13.737372200000221,3.904925792984545,14.057732854744362
7.1000000000000005,13.933357195703556,3.934474035148819,14.164106526535749
7.15,14.130821499198035,3.964098104630344,14.270753176669238
7.2,14.329746415902521,3.992898563549094,14.374434828776739
7.25,14.530111108328626,4.02168913349508,14.478080880582288
7.300000000000001,14.731938929187955,4.051423700878076,14.585125323161074
7.3500000000000005,14.935259572522758,4.08140203251409,14.693047317050723
7.4,15.140057222691556,4.110503974237843,14.797814307256235
7.45,15.346303672058264,4.139354000430487,14.901674401549753
7.5,15.554019980074202,4.1692983202070035,15.009473952745212
7.550000000000001,15.763226690179382,4.1989700840002095,15.116292302400755
7.6000000000000005,15.973932578806311,4.229265461076935,15.225355659876966
7.65,16.18613392663494,4.258788452068228,15.331638427445622
7.7,16.39980253797958,4.287956001717328,15.43664160618238
7.75,16.61495363097083,4.318087717932816,15.545115784558137
7.800000000000001,16.83160030218777,4.347779130744682,15.652004870680855
7.8500000000000005,17.04970800710213,4.376529065829654,15.755504636986755
7.9,17.269259003227766,4.405510779195817,15.85983880510494
7.95,17.490277637409015,4.4352345880541915,15.96684451699509
8.0,17.71278562285066,4.465084829611598,16.074305386601754
8.05,17.936759961922778,4.493888733273151,16.177999439783342
8.1,18.16215663021177,4.521977998286507,16.279120793831428
8.15,18.38899143180061,4.551414065267088,16.385090634961518
8.200000000000001,18.617303547371456,4.581070557566823,16.491854007240565
8.25,18.847093364968654,4.6105221463210455,16.597879726755764
8.3,19.078332557055887,4.6390455371682835,16.70056393380582
8.35,19.310981089862857,4.666895775110456,16.80082479039764
8.4,19.545040624498682,4.695485610322534,16.903748197161125
8.450000000000001,19.780539676319883,4.724476462525475,17.00811526509171
8.5,20.01745282477404,4.75204947564079,17.107378112306847
8.55,20.25574557210851,4.779660417738003,17.206777503856813
8.6,20.49543389931965,4.8078726707075905,17.308341614547327
8.65,20.73653375009076,4.8361213601368105,17.410036896492517
8.700000000000001,20.97904681560509,4.864401260436433,17.51184453757116
8.75,21.222944247691625,4.891496023024872,17.60938568288954
8.8,21.468184093441067,4.918097806952795,17.705152105030063
8.85,21.714776444872793,4.945596250316234,17.80414650113844
8.9,21.96274409184984,4.9731096287656005,17.903194663556164
8.950000000000001,22.212053583542737,4.999270038950293,17.997372140221056
9.0,22.46269033136533,5.02619987395338,18.094319546232168
9.05,22.714702301445712,5.0542789292619625,18.195404145343065
9.1,22.9681258587349,5.082663362305618,18.297588104300225
9.15,23.222970747726546,5.111132197360178,18.400075910496643
9.200000000000001,23.479212015056405,5.138518495834216,18.49866658500318
9.25,23.736820519319686,5.165821674696998,18.596958028909192
9.3,23.99582042199312,5.194174432240354,18.699027956065276
9.35,24.256243184804102,5.222736080198946,18.80184988871621
9.4,24.518068504932078,5.250276724920097,18.90099620971235
9.450000000000001,24.78127526916657,5.277993844459588,19.000777840054518
9.5,25.045892526902268,5.306696464968306,19.1041072738859
9.55,25.31194027838668,5.3352135944081125,19.206768939869207
9.600000000000001,25.5793898029402,5.362767387732614,19.30596259583741
9.65,25.848221811046706,5.390512936527667,19.405846571499602
9.700000000000001,26.11846233690737,5.419108097898977,19.508789152436318
9.75,26.390122148121893,5.447284350681962,19.610223662455066
9.8,26.66318423948706,5.475199303924647,19.71071749412873
9.850000000000001,26.937615651966883,5.50205719526826,19.807405902965737
9.9,27.213400794643643,5.5293485118021914,19.90565464248789
9.950000000000001,27.490577260642105,5.557710128136256,20.007756461290523
10.0,27.76917725259205,5.586289549861608,20.110642379501787
10.05,28.049180831411384,5.613853602911691,20.20987297048209
10.100000000000001,28.330562541489087,5.64141480019637,20.309093280706932
10.15,28.613335571352685,5.6695063943476125,20.410223019651404
10.200000000000001,28.897508699772807,5.697418742457322,20.51070747284636
10.25,29.183072753928467,5.725143423769114,20.61051632556881
10.3,29.47000523234684,5.752155712965814,20.707760566676928
10.350000000000001,29.75830166450631,5.779701573412937,20.806925664286574
10.4,30.047994298420853,5.808003783168892,20.90881361940801
10.450000000000001,30.33909506661578,5.836026944628193,21.009697000661497
10.5,30.631574261940393,5.863140868356286,21.10730712608263
10.55,30.925414569031645,5.890471415293763,21.205697095057545
10.600000000000001,31.22064027434343,5.918556797177732,21.306804469839836
10.65,31.517258245983626,5.946162068430077,21.406183446348276
10.700000000000001,31.815236302757416,5.972960202521539,21.50265672907754
10.75,32.11455434903871,5.9997616487302095,21.599141935428754
10.8,32.415222877660625,6.026979496146161,21.69712618612618
10.850000000000001,32.71727058617253,6.054928844330236,21.79774383958885
10.9,33.02071696519534,6.08292631658223,21.89853473969603
10.950000000000001,33.32554226130077,6.110085527634833,21.9963078994854
11.0,33.631720261564524,6.137034482915507,22.093324138495824
11.05,33.939270991693654,6.164994722249794,22.19398100009926
11.100000000000001,34.24821012244543,6.19257050782121,22.293253828156356
11.15,34.5585172213591,6.219713448725484,22.39096841541174
11.200000000000001,34.87018290809777,6.246914020821457,22.488890474957245
11.25,35.18322544464626,6.27478744111828,22.589234788025806
11.3,35.49766361016755,6.302739179733345,22.689861047040043
11.350000000000001,35.813494662376534,6.330502908626155,22.789810471054157
11.4,36.13069361324227,6.35745512600323,22.886838453611627
11.450000000000001,36.44924880505887,6.384752546660857,22.985109167979086
11.5,36.76919286345339,6.4130097891197915,23.08683524083125
11.55,37.09054704715458,6.441157558927683,23.18816721213966
11.600000000000001,37.41329216587334,6.468647189822501,23.287129883361004
11.65,37.73740987177047,6.4960610460628185,23.38581976582615
11.700000000000001,38.062913084824295,6.524067476090357,23.486642913925287
11.75,38.3898151121328,6.5520136162498215,23.587249018499357
11.8,38.71810691959467,6.579658682224965,23.686771256009873
11.850000000000001,39.04776646789235,6.606723249682429,23.784203698856746
11.9,39.37879756950085,6.634520814657394,23.88427493276662
11.950000000000001,39.71123774775356,6.663086315451079,23.987110735623887
12.0,40.04509597879635,6.691242926260589,24.088474534538122
12.05,40.38034388252703,6.718673222966562,24.187223602679627
12.100000000000001,40.71697023246663,6.746380774617559,24.28697078862321
12.15,41.054989823744094,6.774402876481161,24.38785035533218
12.200000000000001,41.39438850012742,6.801544178851727,24.485559043866218
12.25,41.735135726123964,6.828344861010173,24.582041499636624
12.3,42.0772449584318,6.85602443130319,24.681687952691487
12.350000000000001,42.42075740526223,6.884473441914008,24.78410439089043
12.4,42.765699163408485,6.913196883936161,24.88750878217018
12.450000000000001,43.11206082955757,6.941269762027261,24.98857114329814
12.5,43.459798755680445,6.968247282887809,25.085690218396113
12.55,43.8088921588845,6.995488845274335,25.183759842987605
12.600000000000001,44.15935940348144,7.023200938603307,25.283523378971907
12.65,44.51119031335441,7.050035456315521,25.380127642735875
12.700000000000001,44.86434912769896,7.076317117466287,25.474741622878632
12.75,45.218846854377574,7.1035919496782896,25.572931018841842
12.8,45.57472272791524,7.131442991828235,25.67319477058165
12.850000000000001,45.93197692560401,7.158724915722628,25.77140969660146
12.9,46.29057697264984,7.185276966110309,25.866997077997112
12.950000000000001,46.65049653801152,7.211505648356746,25.961420334084284
13.0,47.01173951567682,7.238213458255484,26.057568449719742
13.05,47.3743358929482,7.265641632599725,26.15630987735901
13.100000000000001,47.73829275176808,7.292632720195306,26.2534777927031
13.15,48.10358983623682,7.319250658554407,26.349302370795865
13.200000000000001,48.47023748027021,7.346655102780931,26.44795837001135
13.25,48.83826905641249,7.374607942910542,26.548588594477952
13.3,49.20769629116579,7.402481447221185,26.64893320999627
13.350000000000001,49.57850440570635,7.429843134401095,26.74743528384394
13.4,49.95067376229661,7.4569311292094875,26.844952065154157
13.450000000000001,50.32421500583559,7.484718612349773,26.944987004459183
13.5,50.69916089823502,7.51311708362741,27.047221501058676
13.55,51.075523235577,7.541376410051824,27.148955076186567
13.600000000000001,51.45329584357221,7.569527909756346,27.250300475122845
13.65,51.832486652623395,7.598104452291055,27.3531760282478
13.700000000000001,52.21311590647725,7.62706570186301,27.45743652670684
13.75,52.595180377470705,7.655513137875166,27.5598472963506
13.8,52.97865255588123,7.683373998546035,27.660146394765725
13.850000000000001,53.36353191622176,7.711800415075082,27.762481494270297
13.9,53.74984625074872,7.740772966003099,27.866782677611155
13.950000000000001,54.13761170310094,7.7698451280856125,27.971442461108204
14.0,54.52682061422093,7.798511316714069,28.074640740170647
14.05,54.91745312007542,7.826788917465577,28.17644010287608
14.100000000000001,55.30950980253058,7.855478380740595,28.279722170666144
14.15,55.70301025560418,7.884539742203513,28.384343071932648
14.200000000000001,56.09795028467283,7.913061420542609,28.487021113953393
14.25,56.494310322032504,7.941340073844633,28.588824265840678
14.3,56.892104145712125,7.970412873340186,28.69348634402467
14.350000000000001,57.29136561445732,8.000045876467501,28.800165155283004
14.4,57.69210439740028,8.029505441250855,28.906219588503077
14.450000000000001,58.09429667996914,8.058185861503597,29.00946910141295
14.5,58.49791390791356,8.086503256273387,29.111411722584194
14.55,58.90296401956655,8.115501209845844,29.215804355445037
14.600000000000001,59.30947453277899,8.144919318651972,29.3217095471471
14.65,59.717437316430846,8.173592027422249,29.424931298720097
14.700000000000001,60.126831118935414,8.202160072760329,29.527776261937184
14.75,60.537673634307964,8.231540542141623,29.633545951709845
14.8,60.949984325754826,8.260887115732828,29.739193616638183
14.850000000000001,61.36373778924454,8.289251423855635,29.841305125880286
14.9,61.778892183080444,8.316924329580553,29.94092758648999
14.950000000000001,62.19543552430693,8.344809319478825,30.04131355012377
15.0,62.613380812244294,8.37300219801581,30.142807912856917
15.05,63.032737422209735,8.401262200601773,30.244543922166383
15.100000000000001,63.45348268372966,8.428548260195402,30.34277373670345
15.15,63.875583418403075,8.45548112674124,30.439732056268465
15.200000000000001,64.29905751632154,8.483482789997169,30.54053804398981
15.25,64.72391651739105,8.510877252782885,30.639158110018386
15.3,65.15012629794941,8.537513969552007,30.73505029038723
15.350000000000001,65.57766348718773,8.563973599980805,30.8303049599309
15.4,66.00655672524594,8.591755922347556,30.930321320451203
15.450000000000001,66.43683812940142,8.619500243871524,31.03020087793749
15.5,66.86850841990537,8.64731137628604,31.13032095462975
15.55,67.30155597973783,8.674591017012371,31.228527661244538
15.600000000000001,67.7359555896141,8.701393378038206,31.325016160937544
15.65,68.1717162982234,8.729034966334314,31.424525878803532
15.700000000000001,68.60886935764609,8.75708741057324,31.525514678063665
15.75,69.04740200975372,8.78421867373249,31.62318722543696
15.8,69.48728648950632,8.811160516371348,31.720177858936854
15.850000000000001,69.92853972361932,8.838968848149028,31.820287853336502
15.9,70.37119082294787,8.867075124992475,31.92147044997291
15.950000000000001,70.815243050764,8.895013987652819,32.02205035555015
16.0,71.26067013571245,8.922069410285097,32.11944987702635
16.05,71.70745065399579,8.949151321048568,32.21694475577485
16.1,72.15560082575035,8.976855549133928,32.31667997688214
16.150000000000002,72.60514434416828,9.004885187583298,32.41758667529987
16.2,73.05606819059025,9.032068669295375,32.51544720946335
16.25,73.50834391505225,9.05896030918473,32.61225711306503
16.3,73.961986620047,9.086747890605336,32.71229240617921
16.35,74.41702561283174,9.114811820784148,32.81332255482293
16.400000000000002,74.87344429095,9.141935303946516,32.91096709420746
16.45,75.33121301236181,9.168813552525926,33.007728789093335
16.5,75.79034817053704,9.196592774483252,33.10773398813971
16.55,76.2508723945236,9.224376184978695,33.207754265923306
16.6,76.71278521998218,9.252136833364727,33.307692600113015
16.650000000000002,77.17606489093495,9.27905000474595,33.404580017085415
16.7,77.64068570601285,9.305782598369701,33.50081735413092
16.75,78.10666524903125,9.333399122366334,33.600236840518804
16.8,78.57403028786801,9.361202431103827,33.70032875197378
16.85,79.04276289927957,9.388102025358373,33.797167291290144
16.900000000000002,79.5128349240831,9.41477896678266,33.89320428041758
16.95,79.98426559895142,9.442448027950574,33.99281290062207
17.0,80.45708005162152,9.47013007885294,34.09246828387058
17.05,80.93128012786116,9.49787297073291,34.19234269463848
17.1,81.40684605879551,9.524764266641148,34.28915135990813
17.150000000000002,81.88375350322518,9.551533510545873,34.38552063796514
17.2,82.36202656289696,9.579388876325346,34.485799954771245
17.25,82.84169294459157,9.60726639145934,34.58615900925363
17.3,83.32272829430943,9.634147597254806,34.6829313501173
17.35,83.80510812882903,9.661045783529296,34.779764820705466
17.400000000000002,84.28885800048297,9.688949082628321,34.880216697461954
17.45,84.77399948863955,9.716710443634735,34.98015759708505
17.5,85.26050549412554,9.74352977580472,35.076707192897
17.55,85.7483477025571,9.77015856145776,35.17257082124794
17.6,86.23754090809446,9.797569660036867,35.271250776132725
17.650000000000002,86.72810856294485,9.825136533978691,35.37049152232329
17.7,87.22005662701264,9.852786028732734,35.470029703437845
17.75,87.71336419305331,9.87951661289383,35.56625980641779
17.8,88.20802692443895,9.906992642532213,35.66517351311597
17.85,88.70407142812662,9.934787504974532,35.76523501790832
17.900000000000002,89.20149968912777,9.962342935071446,35.8644345662572
17.95,89.7002767638529,9.988740053933338,35.95946419416002
18.0,90.20037654266451,10.015251098531063,36.05490395471183
18.05,90.70182430220393,10.042659283045861,36.1535734189651
18.1,91.20464011973135,10.06997341805068,36.251904304982446
18.150000000000002,91.70882957818094,10.097604919932737,36.351377711757856
18.2,92.21437680728903,10.124284244390568,36.447423279806046
18.25,92.72126042061528,10.151060288659314,36.54381703917353
18.3,93.22951140596196,10.178979125207515,36.644324850747054
18.35,93.73914749404094,10.206464397951402,36.74327183262505
18.400000000000002,94.25013487911278,10.233031004922493,36.838911617720974
18.45,94.76245182109975,10.25964667455616,36.934728028402176
18.5,95.2761258719118,10.28731535792608,37.03433528853389
18.55,95.79117986944253,10.314844543302913,37.133440355890485
18.6,96.30761863721689,10.342706167671745,37.233742203618284
18.650000000000002,96.82542698421945,10.369627712430487,37.330659764749754
18.7,97.34458105495462,10.396535116976208,37.42752642111435
18.75,97.86510452460529,10.424403669050768,37.52785320858277
18.8,98.38701953613689,10.452196792213243,37.62790845196768
18.85,98.91029672215713,10.47889064859634,37.72400633494682
18.900000000000002,99.43490837274136,10.50557537477301,37.82007134918283
18.95,99.96087663808953,10.5331552391538,37.91935886095368
19.0,100.48821780244474,10.560491335054461,38.01776880619606
19.05,101.01690162797338,10.58686168609135,38.11270206992886
19.1,101.5469109179181,10.613509911697207,38.20863568210995
19.150000000000002,102.07827537577928,10.641068402750514,38.30784624990185
19.200000000000003,102.61101712210548,10.668601450297315,38.40696522107034
19.25,103.14513237261563,10.696008570108658,38.50563085239117
19.3,103.68058233990297,10.721990121384687,38.59916443698487
19.35,104.2173398836812,10.748311629744874,38.69392186708155
19.400000000000002,104.75543603656439,10.775534485582252,38.79192414809611
19.450000000000003,105.29488961800953,10.802608772223543,38.889391580004755
19.5,105.83568272218791,10.829115394911419,38.98481542168111
19.55,106.37780495458195,10.855773900850023,39.08078604306009
19.6,106.92128450126066,10.883407966298467,39.18026867867448
19.650000000000002,107.4661527390966,10.911321547139277,39.2807575697014
19.700000000000003,108.01241645546864,10.939227107742427,39.38121758787274
19.75,108.56005737353104,10.966409614753275,39.47907461311179
19.8,109.10906770481066,10.99400363643166,39.578413091153976
19.85,109.6594816147168,11.02255275981409,39.68118993533073
19.900000000000002,110.21131939849644,11.050958591371762,39.78345092893834
19.950000000000003,110.76456394939005,11.078823444372372,39.88376439974054
20.0,111.31921197156359,11.107097442568953,39.98555079324824
20.05,111.875291167738,11.136070404407338,40.08985345586642
20.1,112.43281358675458,11.164826356255725,40.19337488252061
20.150000000000002,112.99175584745238,11.192864071656489,40.29431065796336
20.200000000000003,113.55210210867756,11.220986377350709,40.39555095846255
20.25,114.11387266096122,11.249835713995953,40.499408570385434
20.3,114.67708537318452,11.278672774936163,40.60322198977019
20.35,115.24172737855588,11.307007439918177,40.70522678370544
20.400000000000002,115.80776919153968,11.334665079433513,40.80479428596065
20.450000000000003,116.37520756380403,11.362869811140605,40.90633132010618
20.5,116.94407620645393,11.391875894855593,41.01075322148014
20.55,117.5143882854283,11.42060726411898,41.114186150828324
20.6,118.08611757801444,11.44856443932654,41.21483198157555
20.650000000000002,118.65924941701074,11.47670912052569,41.31615283389249
20.700000000000003,119.23380508745534,11.505517697257904,41.41986371012845
20.75,119.80980130030932,11.534330816901,41.523590940843604
20.8,120.38722481394647,11.562609728585155,41.62539502290656
20.85,120.9660434225799,11.590134616751905,41.72448462030686
20.900000000000002,121.54624985058626,11.618122503502443,41.82524101260879
20.950000000000003,122.1278686791107,11.646630637474967,41.92787029490988
21.0,122.71089502306214,11.67442312058246,42.02792323409686
21.05,123.29529108132436,11.701419209906543,42.12510915566356
21.1,123.88104734195645,11.728831215376978,42.22379237535712
21.150000000000002,124.46818286906826,11.756589869095238,42.32372352874286
21.200000000000003,125.0567018202035,11.784168176314202,42.423005434731124
21.25,125.64659275074229,11.811469045237223,42.521288562854004
21.3,126.2378329002132,11.838136933599849,42.61729296095945
21.35,126.8304143578916,11.865121373535777,42.714436944728796
21.400000000000002,127.42436664871326,11.892970259330975,42.81469293359151
21.450000000000003,128.01970039408153,11.920379555399707,42.91336639943895
21.5,128.61638735919232,11.947099049031879,43.00955657651476
21.55,129.21442582591456,11.974439619857398,43.107982631486635
21.6,129.81384616085458,12.002373777743749,43.208545599877496
21.650000000000002,130.41464373566987,12.029529214867319,43.30630517352235
21.700000000000003,131.01678010501493,12.055925558935083,43.4013320121663
21.75,131.62024916429934,12.082836812441045,43.49821252478776
21.8,132.22508772228107,12.110705506828326,43.59853982458198
21.85,132.83132885828823,12.138939933458317,43.700183760449946
21.900000000000002,133.43897277173036,12.166816604226987,43.80053977521715
21.950000000000003,134.04800360217183,12.194416613431272,43.89989980835258
22.0,134.65843759262816,12.22294300482245,44.00259481736082
22.05,135.27032423557105,12.252522712892798,44.10908176641407
22.1,135.8836865779775,12.281970983365271,44.21509554011498
22.150000000000002,136.4985121463005,12.311051749555087,44.31978629839831
22.200000000000003,137.11481501221226,12.341062886915072,44.42782639289426
22.25,137.73264118309032,12.371983948207205,44.539142213545944
22.3,138.3520180667266,12.403091397244067,44.65112903007864
22.35,138.9729472351791,12.434075340855918,44.762671227081306
22.400000000000002,139.59542184313992,12.464908977577005,44.87367231927722
22.450000000000003,140.21946341573826,12.496753926356314,44.988314134882735
22.5,140.84511778701372,12.529420924661716,45.10591532878218
22.55,141.47239443834434,12.561645128562498,45.22192246282499
22.6,142.10128360636855,12.593921592406563,45.338117732663626
22.650000000000002,142.73182009858937,12.627538096426218,45.459137147134385
22.700000000000003,143.36406789827743,12.662373891096372,45.58454600794694
22.75,143.99805200798556,12.696990497229448,45.70916579002601
22.8,144.63375899168014,12.73128885055338,45.83263986199217
22.85,145.27119137843255,12.766006619542775,45.957623830353995
22.900000000000002,145.91039545361892,12.802156387911594,46.08776299648174
22.950000000000003,146.55142477028645,12.839016278789424,46.22045860364193
23.0,147.19428506049826,12.875395329682936,46.35142318685857
23.05,147.83896441325209,12.911778780470092,46.482403609692334
23.1,148.48549796569066,12.949563317073048,46.618427941462976
23.150000000000002,149.13394961856793,12.988502798017507,46.75861007286303
23.200000000000003,149.78433966031903,13.02709887202725,46.8975559392981
23.25,150.43665239302754,13.065410436313567,47.035477570728844
23.3,151.09091035219012,13.104907930189768,47.177668548683165
23.35,151.7471687021052,13.145426066413851,47.32353383908986
23.400000000000002,152.40545972285116,13.186214763425086,47.47037314833031
23.450000000000003,153.06577963690594,13.226581798766148,47.615694475558136
23.5,153.72811860135906,13.266976779358615,47.76111640569101
23.55,154.39251437060835,13.308853990613013,47.911874366206845
23.6,155.05901968251158,13.351358485515757,48.06489054785673
23.650000000000002,155.72763552275603,13.393275124262729,48.215790447345825
23.700000000000003,156.3983414291591,13.434961131860625,48.365860074698254
23.75,157.07116039744852,13.47779759971643,48.52007135897915
23.8,157.74613094564083,13.521024327975901,48.675687580713245
23.85,158.4232705056396,13.56455807197577,48.83240905911277
23.900000000000002,159.10256695272255,13.60729981134197,48.986279320831095
23.950000000000003,159.78398995823923,13.649620409324847,49.13863347356945
24.0,160.46755945121913,13.693159309871138,49.2953735155361
24.05,161.15331268180984,13.736969913757328,49.45309168952638
24.1,161.84123259714747,13.779826699748154,49.60737611909336
24.150000000000002,162.5312878153706,13.822382029177296,49.760575305038266
24.200000000000003,163.2235009413093,13.86614300837134,49.91811483013682
24.25,163.91791655182092,13.910481412093079,50.07773308353509
24.3,164.614523164039,13.953783076630135,50.23361907586849
24.35,165.31328464414304,13.996676127530367,50.38803405910932
24.400000000000002,166.01421392518012,14.04049511395281,50.54578241023012
24.450000000000003,166.71733705890276,14.084430234952453,50.70394884582883
24.5,167.42265402312742,14.128248334033952,50.86169400252223
24.55,168.13013014229423,14.170796432638316,51.01486715749794
24.6,168.83972402174987,14.212958745587738,51.16665148411586
24.650000000000002,169.55145502336453,14.25628131899851,51.32261274839464
24.700000000000003,170.26535094090053,14.299555382441406,51.47839937678906
24.75,170.98137746480413,14.341505573701872,51.62942006532674
24.8,171.69949057533793,14.383018847650355,51.77886785154128
24.85,172.4197066887322,14.425625688119704,51.93225247723093
24.900000000000002,173.14205008812954,14.468110287774596,52.08519703598855
24.950000000000003,173.86652336011653,14.510820591705146,52.238954130138524
25.0,174.59309407605826,14.55200804596442,52.38722896547191
25.05,175.32171990561292,14.593025136221975,52.534890490399114
25.1,176.05242816258087,14.635305142495593,52.687098512984136
25.150000000000002,176.78525287576525,14.67768338487989,52.8396601855676
25.200000000000003,177.5201531792979,14.718328756425612,52.985983523132205
25.25,178.2570683102442,14.758276481426718,53.12979533313619
25.3,178.99601124314745,14.79944083470322,53.27798700493159
25.35,179.73701055529574,14.840531651227977,53.42591394442072
25.400000000000002,180.48006151400733,14.881506697235428,53.57342411004754
25.450000000000003,181.22512684279886,14.92110645442571,53.715983235932555
25.5,181.97217356532082,14.960762446452186,53.85874480722787
25.55,182.72123533663813,15.001708406240652,54.00615026246635
25.6,183.47235646658686,15.043136791708262,54.155292450149744
25.650000000000002,184.22550835691067,15.082938821243896,54.29857975647803
25.700000000000003,184.98064857404256,15.122669864032197,54.44161151051591
25.75,185.73780740367496,15.163683321264408,54.58925995655187
25.8,186.49698941300264,15.20359705184284,54.732949386634225
25.85,187.25813096583593,15.242065061488896,54.871434221360026
25.900000000000002,188.02118461310602,15.280080829314487,55.008290985532156
25.950000000000003,188.78617325074117,15.319464676091895,55.15007283393082
26.0,189.5531363861528,15.35906074037276,55.292618665341934
26.05,190.32207792128972,15.398600665103547,55.434962394372775
26.1,191.09295762056792,15.436587306024212,55.571714301687166
26.150000000000002,191.86573918644558,15.474675329082547,55.708831184697175
26.200000000000003,192.64045366234672,15.513903706962742,55.850053345065874
26.25,193.41713990247965,15.553545898354074,55.99276523407467
26.3,194.1957810477847,15.592099913847212,56.131559689849965
26.35,194.97634823312072,15.630587499594268,56.27011499853937
26.400000000000002,195.75886409924388,15.670047145332058,56.41216972319541
26.450000000000003,196.5433583897857,15.709724476340746,56.555008114826684
26.5,197.32983495234583,15.74933802606421,56.69761689383116
26.55,198.1182513838013,15.787319232153678,56.834349235753244
26.6,198.90857594970117,15.825663403842029,56.972388253831305
26.650000000000002,199.70084813893246,15.86522416540953,57.114806995474304
26.700000000000003,200.49509946013907,15.904828682854623,57.25738325827664
26.75,201.2912855339622,15.942614270070672,57.39341137225442
26.8,202.08935713617998,15.980249818641333,57.5288993471088
26.85,202.88933670491147,16.01893293061764,57.66815855022351
26.900000000000002,203.69124922951735,16.057568053617434,57.80724499302276
26.950000000000003,204.49505491965166,16.094659551754603,57.94077438631657
27.0,205.30071287387682,16.13165861725156,58.07397102210562
27.05,206.1082469998668,16.169706422347662,58.21094312045159
27.1,206.9176822244211,16.20770255982433,58.34772921536759
27.150000000000002,207.72900725076303,16.245298493852776,58.48307457786999
27.200000000000003,208.54217395234565,16.28136956945182,58.612930450026546
27.25,209.357136157643,16.317118642442427,58.74162711279274
27.3,210.1739100246441,16.353836037601308,58.87380973536471
27.35,210.99252669271073,16.39083068506327,59.006990466227776
27.400000000000002,211.812957304632,16.4263937917873,59.135017650434285
27.450000000000003,212.63516448714134,16.461893508586083,59.2628166309099
27.5,213.45916041504353,16.497943607501508,59.39259698700543
27.55,214.28495154388045,16.533701545975752,59.52132556551271
27.6,215.11252435505773,16.569210901114875,59.64915924401355
27.650000000000002,215.9418352699986,16.60322569651976,59.77161250747114
27.700000000000003,216.77283807838896,16.636886639095366,59.89279190074332
27.75,217.60555097805405,16.671629347508336,60.017865651030014
27.8,218.4399915390007,16.70599309035691,60.141575125284874
27.85,219.27611489316766,16.73894107632204,60.26018787475934
27.900000000000002,220.11389400321204,16.77222332545347,60.3800039716325
27.950000000000003,220.9533558147793,16.806249137236726,60.502496894052214
28.0,221.79451020256246,16.83992637409041,60.62373494672548
28.05,222.63733884598284,16.87321936272447,60.74358970580809
28.1,223.48179777255862,16.905137700306653,60.85849572110396
28.150000000000002,224.3278481572045,16.936877685528923,60.97275966790413
28.200000000000003,225.17550575368764,16.96942617379715,61.08993422566974
28.25,226.02476439462302,17.000919463617517,61.20331006902306
28.3,226.87557228152687,17.031396012536874,61.31302564513275
28.35,227.72793203275512,17.06299403659354,61.426778531736744
28.400000000000002,228.58189324665534,17.095454519415288,61.54363626989504
28.450000000000003,229.43747268033016,17.127722827578026,61.659802179280895
28.5,230.29463472168578,17.158758826646697,61.77153177592811
28.55,231.153353770839,17.190003139482275,61.884011302136194
28.6,232.01365684179999,17.222119698957304,61.999630916246296
28.650000000000002,232.87556810744107,17.254330926685622,62.11559133606824
28.700000000000003,233.73908233745712,17.286238273956627,62.23045778624386
28.75,234.60416643888763,17.317125783263656,62.341652819749164
28.8,235.4708011411636,17.3482623077756,62.45374430799216
28.85,236.33900561978368,17.379916837027405,62.56770061329866
28.900000000000002,237.20878338631863,17.4111938243704,62.68029776773344
28.950000000000003,238.08009867684208,17.44141779656811,62.7891040676452
29.0,238.95292419925286,17.47160309986345,62.89777115950842
29.05,239.82727881251827,17.502581430753207,63.00929315071154
29.1,240.70318322741466,17.53359516510246,63.12094259436886
29.150000000000002,241.58063099099806,17.564315378233225,63.23153536163961
29.200000000000003,242.45959551724442,17.5942656716214,63.339356417837045
29.25,243.34007278658558,17.624825102024783,63.44937036728922
29.3,244.22209874117783,17.656213081665047,63.56236709399417
29.35,245.1056778843205,17.686952644041877,63.67302951855076
29.400000000000002,245.9907714583199,17.71679031593394,63.78044513736219
29.450000000000003,246.87735959476151,17.74673514173081,63.888246510230914
29.5,247.76546221448484,17.7773696472019,63.99853072992685
29.55,248.65508745157769,17.807639836512305,64.1075034114443
29.6,249.54620211251836,17.836946601114214,64.21300776401117
29.650000000000002,250.43878901286092,17.866529412588186,64.31950588531747
29.700000000000003,251.33287340306944,17.896846195752502,64.428646304709
29.75,252.22847668618007,17.927285128672256,64.53822646322013
29.8,253.1255981449094,17.957573220500162,64.64726359380059
29.85,254.0242150489746,17.98710294210815,64.75357059158935
29.900000000000002,254.9243106003009,18.01671911094402,64.86018879939847
29.950000000000003,255.82589914566174,18.04682270348881,64.96856173255972
30.0,256.7289791804523,18.076378688134366,65.07496327728371
30.05,257.633521244055,18.10530385597171,65.17909388149815
30.1,258.5395185152255,18.13458699084977,65.28451316705917
30.150000000000002,259.44699345424885,18.1644105700838,65.39187805230168
30.200000000000003,260.3559612004068,18.194299276233235,65.49947739443965
30.25,261.2664098434368,18.223646444966374,65.60512720187894
30.3,262.1783067968126,18.252231690064836,65.7080340842334
30.35,263.0916502727262,18.2815073464799,65.81342644732764
30.400000000000002,264.00646890102286,18.31123778538497,65.9204560273859
30.450000000000003,264.92275202132606,18.3400870267441,66.02431329627876
30.5,265.8404598511321,18.368226165496857,66.12561419578869
30.55,266.7595892387337,18.3969493385691,66.22901761884877
30.6,267.68016943315536,18.426258438297303,66.3345303778703
30.650000000000002,268.6022154865871,18.455583698973477,66.44010131630452
30.700000000000003,269.52571555328717,18.484418969027875,66.54390828850035
30.75,270.45064383073077,18.512712128716366,66.64576366337891
30.8,271.3770010755619,18.541577664529708,66.74967959230695
30.85,272.3048128611519,18.570893759069016,66.85521753264845
30.900000000000002,273.23407343799636,18.5995293147083,66.95830553294988
30.950000000000003,274.16474962957443,18.627518348414817,67.05906605429334
31.0,275.09684224786565,18.656186383233788,67.16227097964163
31.05,276.03037594945147,18.685161680198465,67.26658204871448
31.1,276.9653392172523,18.713369031833423,67.36812851460033
31.150000000000002,277.9017029294401,18.74117945567854,67.46824604044275
31.200000000000003,278.8394718471107,18.769577251146885,67.57047810412878
31.25,279.77867162764926,18.798413970395664,67.67429029342439
31.3,280.7193151670364,18.827327605090392,67.77837937832541
31.35,281.6613913900533,18.855721315584823,67.88059673610536
31.400000000000002,282.60487351588097,18.8835637175209,67.98082938307525
31.450000000000003,283.54975960939663,18.911880023105216,68.08276808317878
31.5,284.4960748792204,18.940730769844077,68.18663077143867
31.55,285.4438167595886,18.968944444884087,68.28820000158272
31.6,286.39295518172565,18.996592440599066,68.38773278615665
31.650000000000002,287.3434909440579,19.024838052691837,68.48941698969061
31.700000000000003,288.29545058113996,19.053547430588957,68.59277075012025
31.75,289.24884083407693,19.08206268689042,68.69542567280551
31.8,290.2036327337012,19.109613298081364,68.79460787309291
31.85,291.1597938703339,19.13683216722515,68.89259580201055
31.900000000000002,292.1173335810191,19.164756260185264,68.99312253666696
31.950000000000003,293.07628442084854,19.193277332990778,69.0957983987668
32.0,294.03664532597287,19.221158871981714,69.19617193913417
32.050000000000004,294.9983866961873,19.248495936595198,69.29458537174271
32.1,295.96151004309337,19.27643793964639,69.395176582727
32.15,296.926040627419,19.304785433380385,69.49722756016939
32.2,297.8919573234046,19.3318824060431,69.59477666175516
32.25,298.85920532261713,19.358037562457824,69.68893522484817
32.300000000000004,299.82778153875955,19.38501108323893,69.78603989966015
32.35,300.7977196386182,19.412512911108845,69.88504647999184
32.4,301.7690387923639,19.440253238717908,69.98491165938447
32.45,302.7417320957557,19.467478896953423,70.08292402903233
32.5,303.7157830024168,19.49455736949089,70.18040653016722
32.550000000000004,304.69120408266866,19.522285840583383,70.28022902610017
32.6,305.6680223369727,19.55044433157642,70.3815995936751
32.65,306.6462321427787,19.5779479006636,70.48061244238896
32.7,307.6258047589144,19.604956744765232,70.57784428115484
32.75,308.60674462121716,19.632637747344194,70.6774958904391
32.800000000000004,309.5890822953417,19.660869217638776,70.77912918349959
32.85,310.5728340006759,19.689198995728788,70.88111638462364
32.9,311.55798424972534,19.716810966246765,70.98051947848836
32.95,312.544516164602,19.74446562881953,71.08007626375031
33.0,313.5324558251202,19.773120791910884,71.18323485087919
33.050000000000004,314.52183574372185,19.802075952154027,71.2874734277545
33.1,315.51264171580965,19.830162931357382,71.38858655288658
33.15,316.5048418630877,19.8578429597635,71.4882346551486
33.2,317.4984392570537,19.886052798876857,71.58979007595669
33.25,318.4934522806275,19.91446814407511,71.6920853186704
33.300000000000004,319.48988621003554,19.94288903224813,71.79440051609326
33.35,320.48771925821757,19.970432895033284,71.89355842211982
33.4,321.48692338671,19.997732244662345,71.99183608078444
33.45,322.48751618006344,20.025979489476548,72.09352616211558
33.5,323.48952671841613,20.05444204463006,72.19599136066822
33.550000000000004,324.4929382493548,20.082019192916224,72.29526909449841
33.6,325.49773420494876,20.109819030843738,72.39534851103745
33.65,326.50393667952534,20.138279952219047,72.49780782798857
33.7,327.51155865971907,20.166599255529224,72.59975731990521
33.75,328.5205690832072,20.193817683996745,72.69774366238828
33.800000000000004,329.5309316277414,20.220684097371258,72.79446275053652
33.85,330.54264769204167,20.247958474640495,72.89265050870578
33.9,331.5557286074942,20.275278143461353,72.99100131646087
33.95,332.57017657952787,20.30264073788485,73.08950665638547
34.0,333.5859693622603,20.329070571411712,73.18465405708217
34.050000000000004,334.6030733362047,20.355088386364233,73.27831819091124
34.1,335.621499742952,20.381967883526407,73.37508438069507
34.15,336.64127472841346,20.4090315349338,73.47251352576168
34.2,337.66237476138787,20.434969784042085,73.56589122255151
34.25,338.68475734903177,20.46033372171344,73.65720139816838
34.300000000000004,339.70842331483914,20.48630491058033,73.7506976780892
34.35,340.73339850144373,20.512702553603926,73.84572919297413
34.4,341.7596881384418,20.538882926317974,73.93997853474471
34.45,342.78726188956523,20.56406711862036,74.0306416270333
34.5,343.81607760521206,20.58856150725328,74.11882142611182
34.550000000000004,344.8461369591727,20.613812651173767,74.20972554422556
34.6,345.87745495256854,20.63890708465946,74.30006550477407
34.65,346.91000100866177,20.662935159068795,74.38656657264767
34.7,347.9437390749024,20.68658749055709,74.47171496600554
34.75,348.97869716764103,20.711736218987525,74.5622503883551
34.800000000000004,350.01492361945657,20.737321853633773,74.65435867308159
34.85,351.0524020473809,20.76181526333835,74.74253494801806
34.9,352.0911049856402,20.786302267033086,74.83068816131912
34.95,353.1310316067996,20.810762579343077,74.91874528563508
35.0,354.1722022958133,20.836064981205528,75.0098339323399
35.050000000000004,355.21463560364197,20.86126733194173,75.10056239499022
35.1,356.2582996115459,20.88529298421674,75.18705474318027
35.15,357.30316670668753,20.90939082144879,75.27380695721564
35.2,358.3492594411549,20.93431855724661,75.3635468060878
35.25,359.39660237117965,20.95939864374312,75.45383511747524
35.300000000000004,360.4451830523466,20.983828602933876,75.54178297056195
35.35,361.49498522727237,21.00825839409699,75.62973021874917
35.4,362.54602360207,21.033276597809298,75.71979575211347
35.45,363.59830998611943,21.05817876416794,75.80944355100459
35.5,364.6518447175675,21.083210493753207,75.89955777751155
35.550000000000004,365.7065824297977,21.10629799545728,75.98267278364621
35.6,366.7624782083091,21.129533144999055,76.0663193219966
35.65,367.8195473551308,21.153232727867717,76.15163782032378
35.7,368.8777940593031,21.17663543902398,76.23588758048632
35.75,369.9371942436354,21.19937193426996,76.31773896337185
35.800000000000004,370.99773188861855,21.2221338650558,76.39968191420088
35.85,372.05941107273975,21.24503349979314,76.48212059925531
35.9,373.12223661419677,21.26798815848711,76.5647573705536
35.95,374.18621090397573,21.290983432671204,76.64754035761634
36.0,375.2513144749654,21.313159406915677,76.72737386489644
36.050000000000004,376.31751621832666,21.334910327535013,76.80567717912605
36.1,377.38480366073037,21.35658736861331,76.88371452700792
36.15,378.45317077196574,21.37809708080123,76.96114949088442
36.2,379.52258975137187,21.398662095444205,77.03518354359915
36.25,380.59301867166494,21.41849471627805,77.10658097860099
36.300000000000004,381.664432026812,21.43803948960466,77.17694216257678
36.35,382.73682009547286,21.457483256830685,77.24693972459046
36.4,383.81015972928105,21.476102095495733,77.31396754378464
36.45,384.88440952140087,21.493889589297087,77.37800252146951
36.5,385.9595347854318,21.511120971938997,77.4400354989804
36.550000000000004,387.0355026565206,21.527593871611604,77.49933793780177
36.6,388.11228255506876,21.543602070315,77.556967453134
36.65,389.1898446231959,21.55888065477013,77.61197035717248
36.7,390.2681421290075,21.573019577694716,77.66287047970098
36.75,391.3471321053843,21.586579477375075,77.71168611855028
36.800000000000004,392.4267890924885,21.59970000679414,77.7589200244589
36.85,393.5070847321356,21.61212557908998,77.80365208472394
36.9,394.58796676617595,21.623155782525618,77.84336081709223
36.95,395.66937670474925,21.633241760407557,77.8796703374672
37.0,396.75127248488184,21.6425894448947,77.91332200162093
37.050000000000004,397.83362064369504,21.651336907634274,77.94481286748339
37.1,398.9163908751745,21.659472351545134,77.97410046556249
37.15,399.99953323992537,21.666222238490672,77.99840005856642
37.2,401.0829979585134,21.672366505029412,78.02051941810589
37.25,402.1667508173994,21.677747850412622,78.03989226148545
37.300000000000004,403.2507527702863,21.68233026506291,78.05638895422648
37.35,404.33495377134517,21.685709777292143,78.06855519825172
37.4,405.41930439903774,21.688315330410283,78.07793518947702
37.45,406.50377596187434,21.690547183053557,78.08596985899281
37.5,407.58835343389904,21.69255169793512,78.09318611256643
37.550000000000004,408.6730166811834,21.693978193439936,78.09832149638378
37.6,409.7577231800602,21.694281761631775,78.0994143418744
37.65,410.84243511439576,21.69419561179026,78.09910420244493
37.7,411.92713860489016,21.693944007985767,78.09819842874876
37.75,413.0118149951355,21.69311160182848,78.09520176658253
37.800000000000004,414.09643119231936,21.69153628552517,78.08953062789061
37.85,415.1809626377014,21.689721529755783,78.08299750712082
37.9,416.26539145332833,21.687431095321205,78.07475194315634
37.95,417.349700078505,21.68491391174587,78.06569008228513
38.0,418.4338724699388,21.68198174560657,78.05513428418365
38.050000000000004,419.51789001979955,21.678720248823588,78.04339289576492
38.1,420.60173590469486,21.675115146988244,78.03041452915768
38.15,421.68540895586,21.67180689961648,78.01850483861934
38.2,422.7689181948282,21.66856265911022,78.00682557279679
38.25,423.852253847015,21.66486342836151,77.99350834210144
38.300000000000004,424.9354061327078,21.661227999350064,77.98042079766023
38.35,426.0183791326423,21.65769199803001,77.96769119290803
38.400000000000006,427.1011702286673,21.653951842969136,77.9542266346889
38.45,428.18376912884975,21.65000416432934,77.94001499158563
38.5,429.26616966814544,21.646017407498782,77.92566266699562
38.550000000000004,430.34837151490666,21.64205646295035,77.91140326662126
38.6,431.4303731904722,21.638010559671805,77.8968380148185
38.650000000000006,432.51217102959464,21.6339030052247,77.88205081880892
38.7,433.59376396322335,21.629814339923392,77.86733162372421
38.75,434.67515158968325,21.625690718472796,77.85248658650207
38.800000000000004,435.75633007846267,21.62144883270336,77.8372157977321
38.85,436.8373010723061,21.61739092103406,77.8226073157226
38.900000000000006,437.91807347054345,21.613505008459974,77.8086180304559
38.95,438.99864720783125,21.60944448305184,77.79400013898662
39.0,440.07902244286964,21.605564918482955,77.78003370653865
39.050000000000004,441.1592071777883,21.601824478262134,77.76656812174369
39.1,442.23920431048805,21.59806082972837,77.75301898702214
39.150000000000006,443.3190154014331,21.594382808072314,77.73977810906034
39.2,444.39865579315284,21.591232860717867,77.72843829858432
39.25,445.47813512965786,21.587940599482213,77.71658615813597
39.300000000000004,446.55744995946884,21.584652592956658,77.70474933464398
39.35,447.63659754843064,21.581250965515643,77.69250347585631
39.400000000000006,448.7155775615023,21.577949557350045,77.68061840646017
39.45,449.7943925694031,21.574650758682555,77.6687427312572
39.5,450.8730440948277,21.571410258302425,77.65707692988873
39.550000000000004,451.9515319468209,21.56810382142669,77.64517375713608
39.6,453.0298572203655,21.564907120355855,77.63366563328108
39.650000000000006,454.10801539730994,21.56141995742132,77.62111184671676
39.7,455.1860004559336,21.557982387525733,77.60873659509264
39.75,456.2638160142423,21.554639944823077,77.59670380136308
39.800000000000004,457.3414727021432,21.551627571212524,77.58585925636508
39.85,458.4189808900791,21.548699946223078,77.57531980640309
39.900000000000006,459.4963458611141,21.5458988951766,77.56523602263576
39.95,460.5735704198736,21.543083455203234,77.55510043873164
40.0,461.65066092060033,21.540536573866767,77.54593166592036
40.050000000000004,462.7276244104275,21.538003019218948,77.53681086918822
40.1,463.80446057912314,21.535443728606094,77.52759742298194
40.150000000000006,464.88116979020776,21.532924714778147,77.51852897320133
40.2,465.9577516974169,21.530351573586202,77.50926566491033
40.25,467.03420433935764,21.527754104044433,77.49991477455997
40.300000000000004,468.1105299974334,21.525272218986316,77.49097998835074
40.35,469.18673837543037,21.52306290089358,77.4830264432169
40.400000000000006,470.2628389094109,21.52095845832849,77.47545044998256
40.45,471.3388302962286,21.518697014379022,77.46730925176448
40.5,472.41470641086266,21.516347570983672,77.45885125554122
40.550000000000004,473.4904695207427,21.514176824218218,77.45103656718558
40.6,474.5661266706858,21.512109173505,77.443593024618
40.650000000000006,475.6416811021295,21.510068084243393,77.43624510327622
40.7,476.71714254427314,21.508389601501914,77.43020256540689
40.75,477.7925215219884,21.506769507109187,77.42437022559308
40.800000000000004,478.86781228513064,21.504861018579064,77.41749966688464
40.85,479.94300758477976,21.502950967385235,77.41062348258684
40.900000000000006,481.01811163486906,21.501211036185815,77.40435973026894
40.95,482.0931270181589,21.49940429540824,77.39785546346967
41.0,483.16805131567406,21.49756760519953,77.39124337871831
41.050000000000004,484.24288567209703,21.49580665172018,77.38490394619265
41.1,485.31763090144864,21.494002522343468,77.37840908043648
41.150000000000006,486.3922844388728,21.492138974622947,77.37170030864262
41.2,487.4668375545523,21.489985652555468,77.36394834919969
41.25,488.5412958846493,21.48834755132571,77.35805118477256
41.300000000000004,489.6156739653177,21.48677567540977,77.35239243147518
41.35,490.68997125956065,21.485116094308072,77.34641793950907
41.400000000000006,491.7641885348608,21.483574917698647,77.34086970371513
41.45,492.8383296721127,21.482070572378444,77.3354540605624
41.5,493.91238462292233,21.480127460007154,77.32845885602576
41.550000000000004,494.9863488767306,21.47844269232237,77.32239369236054
41.6,496.06022004869243,21.476404186151345,77.31505507014485
41.650000000000006,497.13399620330375,21.474641998301546,77.30871119388557
41.7,498.2076832753503,21.47284088356036,77.3022271808173
41.75,499.28128005536263,21.471030316933398,77.29570914096023
41.800000000000004,500.354780794891,21.468999264199724,77.288397351119
41.85,501.4281742262423,21.466737989851488,77.28025676346536
41.900000000000006,502.5014513228558,21.464345874689688,77.27164514888288
41.95,503.57460677829755,21.461872342979294,77.26274043472546
42.0,504.64763801763917,21.45937723068516,77.25375803046657
42.050000000000004,505.72054000751,21.456702364148025,77.2441285109329
42.1,506.7933007204099,21.453726151846954,77.23341414664904
42.150000000000006,507.8659102764167,21.450656088424537,77.22236191832833
42.2,508.93836623580216,21.44758228699374,77.21129623317746
42.25,510.01067294748884,21.44468618047372,77.20087024970539
42.300000000000004,511.0828407764889,21.442026979528773,77.19129712630358
42.35,512.1548799269685,21.439539039656175,77.18234054276223
42.400000000000006,513.2267914266232,21.436920946531206,77.17291540751235
42.45,514.298565410361,21.434038402978533,77.16253825072272
42.5,515.3701955658828,21.43116781789415,77.15220414441895
42.550000000000004,516.4416854037876,21.4284256982962,77.14233251386632
42.6,517.5130378224242,21.4256710471672,77.13241576980192
42.650000000000006,518.5842530441859,21.422937823300728,77.12257616388263
42.7,519.6553319330382,21.420217730792864,77.11278383085431
42.75,520.7262659341612,21.417142314131763,77.10171233087435
42.800000000000004,521.7970508971831,21.41425620674176,77.09132234427034
42.85,522.8677019656091,21.41178653029689,77.08243150906881
42.900000000000006,523.9382300820794,21.40933812851715,77.07361726266174
42.95,525.0086335269332,21.406799665637113,77.06447879629361
43.0,526.0789082562252,21.404189506041277,77.0550822217486
43.050000000000004,527.1490529898823,21.401599840242366,77.04575942487251
43.1,528.2190767690348,21.399351325858643,77.03766477309111
43.150000000000006,529.2889935745167,21.39732089341555,77.03035521629599
43.2,530.3588134158198,21.395472758709275,77.02370193135339
43.25,531.4285429396762,21.393708195543976,77.01734950395831
43.300000000000004,532.4981881652174,21.392100826103682,77.01156297397326
43.35,533.5677512099395,21.390420962780077,77.00551546600828
43.400000000000006,534.6372288106732,21.38868306656578,76.99925903963681
43.45,535.7066227378184,21.387074019246057,76.9934664692858
43.5,536.775935255351,21.38542668205635,76.98753605540287
43.550000000000004,537.8451676469748,21.383868982898438,76.98192833843437
43.6,538.9143281055158,21.382549358738565,76.97717769145883
43.650000000000006,539.983426907886,21.381402736071834,76.97304984985861
43.7,541.0524706446658,21.380346735118184,76.96924824642547
43.75,542.1214614692534,21.3792862483833,76.96543049417987
43.800000000000004,543.1904085664604,21.37859763989664,76.9629515036279
43.85,544.2593174612116,21.37775815014907,76.95992934053666
43.900000000000006,545.328185916768,21.3769800721085,76.95712825959059
43.95,546.3970164850405,21.376242658788133,76.95447357163728
44.0,547.4658082299796,21.37542713877953,76.9515376996063
44.050000000000004,548.5345526957934,21.374351493770966,76.94766537757548
44.1,549.6032420473344,21.37322256786948,76.94360124433013
44.150000000000006,550.6718741575036,21.372061838895135,76.93942262002248
44.2,551.7404538722587,21.371126751313007,76.93605630472683
44.25,552.8089860843297,21.370161731526224,76.93258223349441
44.300000000000004,553.8774673149095,21.369087491666704,76.92871497000014
44.35,554.9458962411042,21.36806955612163,76.92505040203787
44.400000000000006,556.0142730269998,21.367001879706514,76.92120676694346
44.45,557.0825943546914,21.365851227955723,76.9170644206406
44.5,558.1508555747432,21.364597574118186,76.91255126682547
44.550000000000004,559.2190504721916,21.363198323818267,76.90751396574576
44.6,560.2871717230761,21.361651711560544,76.90194616161796
44.650000000000006,561.355212247127,21.359969250478937,76.89588930172417
44.7,562.4231697892918,21.35833243611298,76.88999677000673
44.75,563.4910509287149,21.356913140809407,76.88488730691387
44.800000000000004,564.5588655957338,21.355673539943655,76.88042474379716
44.85,565.6266196535926,21.354488774408015,76.87615958786886
44.900000000000006,566.6943141464928,21.353290941604623,76.87184738977665
44.95,567.7619431212091,21.351868047044547,76.86672496936038
45.0,568.8294940785123,21.350170245082403,76.86061288229665
45.050000000000004,569.8969555335256,21.34828795544688,76.85383663960877
45.1,570.9643201010169,21.346294744208826,76.84666107915177
45.150000000000006,572.0315871727661,21.344388125758947,76.83979725273221
45.2,573.0987664991046,21.34278492778214,76.8340257400157
45.25,574.1658664254531,21.34121212616006,76.82836365417621
45.300000000000004,575.2328849806119,21.33953008018946,76.82230828868205
45.35,576.299833223203,21.338399623457796,76.81823864444807
45.400000000000006,577.3667282102599,21.33739985881791,76.81463949174449
45.45,578.4335608899181,21.335907327510487,76.80926637903775
45.5,579.5003188626708,21.33441158259638,76.80388169734698
45.550000000000004,580.5670093411483,21.33320755650246,76.79954720340886
45.6,581.6336439385434,21.332176339304674,76.79583482149683
45.650000000000006,582.7002301382289,21.33127164811705,76.79257793322138
45.7,583.7667697719962,21.330313702574937,76.78912932926977
45.75,584.8332612274801,21.329344516778928,76.78564026040414
45.800000000000004,585.8997079404968,21.328524003889534,76.78268641400233
45.85,586.9661141558851,21.327724611640097,76.77980860190435
45.900000000000006,588.032475878109,21.32674427731785,76.77627939834426
45.95,589.098787351706,21.325714666562796,76.77257279962606
46.0,590.1650523433594,21.324884999572042,76.76958599845935
46.050000000000004,591.2312793904306,21.324196883274492,76.76710877978817
46.1,592.2974727798122,21.323538691990404,76.76473929116545
46.150000000000006,593.3636347416829,21.322939782836904,76.76258321821285
46.2,594.4297678832676,21.322385880553327,76.76058916999197
46.25,595.4958734145547,21.321835370930263,76.75860733534894
46.300000000000004,596.5619532297487,21.321357236831535,76.75688605259353
46.35,597.6280087195888,21.320862356772057,76.7551044843794
46.400000000000006,598.6940405995615,21.32041284213695,76.75348623169302
46.45,599.760053365174,21.32009778236512,76.75235201651444
46.5,600.8260484221765,21.319704497734904,76.75093619184565
46.550000000000004,601.8920218913079,21.319234267519494,76.74924336307018
46.6,602.9579729546888,21.318808267715475,76.74770976377572
46.650000000000006,604.0239059242482,21.31851051466143,76.74663785278115
46.7,605.0898271872929,21.318340007127272,76.74602402565819
46.75,606.1557437257889,21.318321532709433,76.74595751775396
46.800000000000004,607.2216617099235,21.31839783267909,76.74623219764473
46.85,608.2875764446985,21.318191558320734,76.74548960995465
46.900000000000006,609.3534819606758,21.318029080771673,76.74490469077803
46.95,610.419373714393,21.317641067916828,76.74350784450058
47.0,611.4852454258208,21.31722738919687,76.74201860110873
47.050000000000004,612.5510970437327,21.316837327281505,76.74061437821342
47.1,613.6169241468938,21.316246799159085,76.7384884769727
47.150000000000006,614.6827292640463,21.31595788694349,76.73744839299657
47.2,615.7485223705788,21.315766374356073,76.73675894768186
47.25,616.8143097240086,21.3157277628338,76.73661994620167
47.300000000000004,617.88008665654,21.315349538422357,76.73525833832049
47.35,618.945846861103,21.31505864409326,76.73421111873573
47.400000000000006,620.011593874864,21.31482190635155,76.73335886286559
47.45,621.0773275846402,21.314526484695843,76.73229534490504
47.5,622.1430478513147,21.314284182283902,76.73142305622206
47.550000000000004,623.208758386874,21.314137240087277,76.7308940643142
47.6,624.2744624919466,21.31402696281483,76.73049706613338
47.650000000000006,625.3401642966236,21.31404522426626,76.73056280735854
47.7,626.4058762963195,21.314434763571427,76.73196514885714
47.75,627.4716095179373,21.3148941011383,76.73361876409788
47.800000000000004,628.537354751368,21.314915236086517,76.73369484991146
47.85,629.6030968647386,21.31476929874119,76.73316947546829
47.900000000000006,630.6688334836483,21.31469545764509,76.73290364752232
47.95,631.7345665417463,21.31462686627518,76.73265671859065
48.0,632.8002951177032,21.314516172001966,76.73225821920708
48.050000000000004,633.8660211863623,21.314526574363054,76.73229566770699
48.1,634.9317508654658,21.314660589777244,76.73277812319807
48.150000000000006,635.9974872869255,21.31479626861469,76.73326656701288
48.2,637.0632289106699,21.314868681157783,76.73352725216802
48.25,638.1289735575106,21.314917192470876,76.73370189289516
48.300000000000004,639.1947224233769,21.315037442183876,76.73413479186195
48.35,640.2604813096052,21.31531800694624,76.73514482500646
48.400000000000006,641.3262534618364,21.315568082300498,76.7360450962818
48.45,642.3920325368068,21.315594916516183,76.73614169945826
48.5,643.4578106794165,21.31553078787391,76.73591083634608
48.550000000000004,644.5235853968977,21.315457911375283,76.73564848095103
48.6,645.5893594172983,21.31550290464823,76.73581045673363
48.650000000000006,646.6551388725155,21.315675304042085,76.7364310945515
48.7,647.7209278125692,21.315882298108033,76.73717627318892
48.75,648.7867310583908,21.31624753475368,76.73849112511324
48.800000000000004,649.8525532338352,21.316639483021603,76.73990213887778
48.85,650.9183943921942,21.31700685133656,76.74122466481163
48.900000000000006,651.9842542059811,21.317385700140342,76.74258852050524
48.95,653.0501362890643,21.317897623190014,76.74443144348405
49.0,654.1160483045571,21.318582996523666,76.74689878748521
49.050000000000004,655.1819964807636,21.31934405173455,76.74963858624439
49.1,656.2479846626114,21.320183222178787,76.75265959984364
49.150000000000006,657.3140118250043,21.32090327353647,76.75525178473129
49.2,658.3800751006451,21.32162775209236,76.7578599075325
49.25,659.4461681874976,21.32209572200879,76.75954459923165
49.300000000000004,660.5122802599174,21.322387174781447,76.7605938292132
49.35,661.578410310498,21.322814848444327,76.76213345439957
49.400000000000006,662.6445568616348,21.323047197024074,76.76296990928667
49.45,663.7107176525507,21.32338443961344,76.76418398260839
49.5,664.7768899781739,21.32350858531872,76.76463090714739
49.550000000000004,665.8430666415198,21.32355794851856,76.76480861466682
49.6,666.9092374737646,21.323275341272026,76.7637912285793
49.650000000000006,667.9753957120768,21.32305419121146,76.76299508836127
49.7,669.0415472456036,21.3230071498622,76.76282573950392
49.75,670.1076965411477,21.322964671899257,76.76267281883733
49.800000000000004,671.173841038182,21.32281520947539,76.7621347541114
49.85,672.2399787337183,21.322692611975814,76.76169340311293
49.900000000000006,673.3061166218499,21.322822913287187,76.76216248783388
49.95,674.372251337089,21.322565696276715,76.76123650659618
50.0,675.4383720059335,21.322261057506232,76.76013980702244
50.050000000000004,676.5044839297178,21.32221589386558,76.75997721791609
50.1,677.5705951216128,21.322231781931897,76.76003441495483
50.150000000000006,678.6367029621051,21.32208183776369,76.7594946159493
50.2,679.7027991748291,21.321766671194425,76.75836001629993
50.25,680.768875643171,21.321292062481316,76.75665142493274
50.300000000000004,681.8349248140081,21.320674771005326,76.75442917561918
50.35,682.9009423111695,21.320025115449738,76.75209041561907
50.400000000000006,683.9669287062088,21.31943068612464,76.7499504700487
50.45,685.0328856552507,21.318847275550436,76.74785019198157
50.5,686.0988040760789,21.317889557575832,76.744402407273
50.550000000000004,687.1646644321729,21.31652468618406,76.73948887026262
50.6,688.2304670933039,21.315581759057594,76.73609433260734
50.650000000000006,689.2962380114274,21.315254965880513,76.73491787716985
50.7,690.36199289151,21.31494023742719,76.73378485473789
50.75,691.4277345280898,21.314725225762402,76.73301081274465
50.800000000000004,692.493469276892,21.314664726328346,76.73279301478205
50.85,693.5592013234474,21.31461713588791,76.73262168919648
50.900000000000006,694.6249262937048,21.314381674409557,76.73177402787441
50.95,695.6906381510553,21.314092619608193,76.7307334305895
51.0,696.7563451715633,21.314188200713374,76.73107752256816
51.050000000000004,697.8220550594843,21.314207316124513,76.73114633804825
51.1,698.8877651475536,21.31419620664584,76.73110634392502
51.150000000000006,699.9534854613842,21.314616346575374,76.73261884767135
51.2,701.0192288040586,21.315117360403157,76.73442249745136
51.25,702.0849950325759,21.315531780287504,76.73591440903502
51.300000000000004,703.1507855172173,21.316087605369756,76.73791537933113
51.35,704.2166017918466,21.316563379804865,76.73962816729751
51.400000000000006,705.2824401301018,21.316970150400877,76.74109254144317
51.45,706.3483013752378,21.317479655038987,76.74292675814036
51.5,707.414193215981,21.318193974685105,76.74549830886637
51.550000000000004,708.480120861049,21.318911828039024,76.74808258094049
51.6,709.546091132266,21.319899020639532,76.75163647430232
51.650000000000006,710.6121051151644,21.32066029529406,76.75437706305863
51.7,711.6781540889988,21.32129865808347,76.7566751691005
51.75,712.7442362204653,21.321986600575656,76.75915176207236
51.800000000000004,713.81035034917,21.322578547613354,76.76128277140808
51.85,714.8764925441915,21.323109253244894,76.76319331168162
51.900000000000006,715.9426635601324,21.32373138438829,76.76543298379784
51.95,717.008862669495,21.324232990116098,76.76723876441795
52.0,718.0750837512301,21.32461027928884,76.76859700543983
52.050000000000004,719.1413223788819,21.324934826784276,76.7697653764234
52.1,720.2075800850885,21.32537342148005,76.77134431732819
52.150000000000006,721.2738634125484,21.32595967691539,76.7734548368954
52.2,722.3401817519572,21.32677389943361,76.776386037961
52.25,723.4065384069297,21.327492299468293,76.77897227808586
52.300000000000004,724.4729242051692,21.327939630113004,76.78058266840682
52.35,725.5393313598736,21.328346558060513,76.78204760901785
52.400000000000006,726.6057570899478,21.328682644906966,76.78325752166508
52.45,727.6721961463502,21.32887961118938,76.78396660028177
52.5,728.738637606862,21.328778809282923,76.78360371341853
52.550000000000004,729.8050797777659,21.32890802687441,76.78406889674787
52.6,730.8715421145469,21.329585444363893,76.78650759971002
52.650000000000006,731.9380301515979,21.329936037678426,76.78776973564233
52.7,733.0045313126161,21.330110403050075,76.78839745098027
52.75,734.071035561114,21.330059536863807,76.78821433270971
52.800000000000004,735.1375303862408,21.329733468207458,76.78704048554685
52.85,736.2040007893012,21.3290826542093,76.78469755515349
52.900000000000006,737.2704403259197,21.3284988105328,76.78259571791808
52.95,738.3368479619659,21.327806631312917,76.7801038727265
53.0,739.4032210684234,21.327117626987352,76.77762345715448
53.050000000000004,740.4695584995501,21.326379618082605,76.77496662509738
53.1,741.5358630211723,21.32580124680587,76.77288448850113
53.150000000000006,742.6021628699756,21.326192705326896,76.77429373917683
53.2,743.668490964019,21.326931056413308,76.77695180308791
53.25,744.7348354036739,21.32684652978127,76.77664750721257
53.300000000000004,745.8011773634385,21.32683186080341,76.77659469889228
53.35,746.8675238967204,21.327029470472194,76.7773060936999
53.400000000000006,747.9338685744863,21.326757640164313,76.77632750459153
53.45,749.000190671243,21.326126230103256,76.77405442837173
53.5,750.0664890973482,21.32581081410487,76.77291893077754
53.550000000000004,751.1327794427272,21.325803001053337,76.77289080379202
53.6,752.1990603366936,21.325432757602524,76.77155792736909
53.650000000000006,753.2653246520911,21.325139858295213,76.77050348986276
53.7,754.3315821295053,21.325159238272846,76.77057325778225
53.75,755.3978401109204,21.325160018329406,76.77057606598586
53.800000000000004,756.464098527724,21.325176653815344,76.77063595373524
53.85,757.5303530627435,21.325004746964467,76.77001708907208
53.900000000000006,758.5965898864646,21.324468201876073,76.76808552675386
53.95,759.6628026750526,21.32404334164259,76.76655602991332
54.0,760.7290003321245,21.323862941233504,76.76590658844061
54.050000000000004,761.7951920279307,21.323804891016028,76.7656976076577
54.1,762.8613794521801,21.323692078957468,76.76529148424689
54.150000000000006,763.9275649748892,21.323728829402953,76.76542378585063
54.2,764.9937544647843,21.323850766402252,76.7658627590481
54.25,766.0599458105196,21.32380306301005,76.76569102683618
54.300000000000004,767.1261337213173,21.323713368894985,76.76536812802195
54.35,768.1923189998723,21.323697773307696,76.76531198390771
54.400000000000006,769.2585056854494,21.32376964977583,76.765570739193
54.45,770.3246943761723,21.323777979136974,76.7656007248931
54.5,771.3908824816008,21.32374623800348,76.76548645681252
54.550000000000004,772.4570711524811,21.323800597209846,76.76568214995545
54.6,773.5232608147446,21.323785893329266,76.76562921598536
54.650000000000006,774.5894489063121,21.323737769368904,76.76545596972805
54.7,775.6556338098425,21.323658371846182,76.76517013864625
54.75,776.7218106704623,21.32341605294705,76.76429779060938
54.800000000000004,777.787976421307,21.32321398083987,76.76357033102353
54.85,778.8541320526413,21.32301127252934,76.76284058110562
54.900000000000006,779.9202805892005,21.322930189841475,76.76254868342932
54.95,780.9864245800068,21.32282944241026,76.76218599267693
55.0,782.0525603706101,21.322602181721834,76.76136785419861
55.050000000000004,783.1186739773564,21.321942088131106,76.75899151727198
55.1,784.1847708979162,21.321934734262484,76.75896504334494
55.150000000000006,785.2508697216422,21.322018214777014,76.75926557319725
55.2,786.3169650034976,21.32179305943623,76.75845501397043
55.25,787.3830471181177,21.321491525368955,76.75736949132825
55.300000000000004,788.4491050677115,21.32082645838133,76.75497525017279
55.35,789.5151277267493,21.320079903130424,76.75228765126953
55.400000000000006,790.5811213121351,21.31966351230283,76.7507886442902
55.45,791.6471050579229,21.31968631920715,76.75087074914575
55.5,792.7130887720427,21.319662245584695,76.75078408410491
55.550000000000004,793.7790674034151,21.31948300930674,76.75013883350427
55.6,794.8450364812109,21.31928010252313,76.74940836908327
55.650000000000006,795.9110041184281,21.319425386165538,76.74993139019594
55.7,796.9769796436473,21.31959562260298,76.75054424137072
55.75,798.0429638595732,21.31977301443596,76.75118285196946
55.800000000000004,799.108953408898,21.319808958551427,76.75131225078513
55.85,800.1749432877183,21.319786194263138,76.7512302993473
55.900000000000006,801.2409352238348,21.319891250396864,76.75160850142872
55.95,802.3069282516833,21.319829863546627,76.75138750876786
56.0,803.3729169405775,21.319717692222984,76.75098369200275
56.050000000000004,804.4389100588454,21.320007038491006,76.75202533856762
56.1,805.5049245961245,21.32057445267512,76.75406802963043
56.150000000000006,806.5709644561784,21.321019949480664,76.7556718181304
56.2,807.6370278170922,21.32151448706974,76.75745215345107
56.25,808.7031184886571,21.322112375524586,76.75960455188851
56.300000000000004,809.7692334264626,21.32248513669581,76.76094649210492
56.35,810.8353607322767,21.322607095870875,76.76138554513516
56.400000000000006,811.9014886357795,21.32250904424109,76.76103255926793
56.45,812.9676108846929,21.32238091229782,76.76057128427216
56.5,814.033734002548,21.322543801905038,76.76115768685814
56.550000000000004,815.0998703465981,21.322909960098254,76.76247585635372
56.6,816.1660203621506,21.32309066200129,76.76312638320465
56.650000000000006,817.2321823305717,21.32338807484767,76.76419706945161
56.7,818.2983594604439,21.323697120038645,76.76530963213912
56.75,819.3645564640562,21.32418302445863,76.76705888805107
56.800000000000004,820.4307730068984,21.32447868922819,76.76812328122149
56.85,821.4970031097315,21.324725424093028,76.7690115267349
56.900000000000006,822.563243768729,21.32490093580699,76.76964336890516
56.95,823.6294936866233,21.325095779965316,76.77034480787515
57.0,824.6957514698473,21.325215548994553,76.77077597638039
57.050000000000004,825.7620132272825,21.325254748415592,76.77091709429614
57.1,826.8282825799515,21.3255193583433,76.77186969003589
57.150000000000006,827.8945609091054,21.32561380780966,76.77220970811477
57.2,828.9608435715479,21.325692689890527,76.7724936836059
57.25,830.0271321761596,21.325851494577606,76.77306538047938
57.300000000000004,831.0934340392936,21.326223030778976,76.77440291080431
57.35,832.1597507831923,21.326446725170864,76.77520821061512
57.400000000000006,833.226076184175,21.326569314137593,76.77564953089534
57.45,834.2924038129034,21.32653583500279,76.77552900601005
57.5,835.3587350845819,21.3267150321357,76.77617411568852
57.550000000000004,836.4250707163901,21.32671024019439,76.77615686469981
57.6,837.4914053701592,21.326675910570877,76.77603327805517
57.650000000000006,838.5577492449685,21.327079081799535,76.77748469447833
57.7,839.6241033463248,21.327084972453477,76.77750590083252
57.75,840.6904551355047,21.326986594743556,76.7771517410768
57.800000000000004,841.7568077678204,21.32711869788387,76.77762731238192
57.85,842.8231697507731,21.32736062022251,76.77849823280104
57.900000000000006,843.889545255185,21.327659556254538,76.77957440251635
57.95,844.9559390744425,21.32809321404702,76.78113557056928
58.0,846.0223515713677,21.328406662958827,76.78226398665178
58.050000000000004,847.0887740824408,21.328493779961,76.78257760785961
58.1,848.155200591934,21.328566599766805,76.7828397591605
58.150000000000006,849.2216337751904,21.328760730492274,76.78353862977218
58.2,850.2880779839481,21.329007619816124,76.78442743133805
58.25,851.3545304778348,21.32909213564953,76.78473168833831
58.300000000000004,852.4209843042956,21.329060922781274,76.78461932201259
58.35,853.487437962869,21.329085420153632,76.78470751255308
58.400000000000006,854.5538933600342,21.329130466455574,76.78486967924007
58.45,855.6203558089919,21.329367491855493,76.78572297067977
58.5,856.6868316115589,21.329664610824807,76.78679259896931
58.550000000000004,857.753318746618,21.329820791540644,76.78735484954632
58.6,858.819812777486,21.329940443182963,76.78778559545867
58.650000000000006,859.8863082270642,21.329877539944427,76.78755914379994
58.7,860.9527993230134,21.329766298026282,76.78715867289462
58.75,862.0192816343223,21.329526154328445,76.7862941555824
58.800000000000004,863.0857503825284,21.32922377391836,76.7852055861061
58.85,864.1521977451605,21.328670731364053,76.78321463291059
58.900000000000006,865.2186182400179,21.328149062934365,76.78133662656371
58.95,866.2850195163373,21.32790198984093,76.78044716342735
59.0,867.3514128591908,21.327831724297344,76.78019420747044
59.050000000000004,868.4177971770812,21.32754099132102,76.77914756875568
59.1,869.4841642363311,21.327141378675584,76.7777089632321
59.150000000000006,870.5505163954691,21.32694498684185,76.77700195263066
59.2,871.6168616132824,21.3268637256873,76.77670941247428
59.25,872.683196491774,21.326531413975218,76.77551309031078
59.300000000000004,873.7495173101727,21.326301321972174,76.77468475909983
59.35,874.8158313472774,21.326260162213707,76.77453658396935
59.400000000000006,875.8821391505136,21.32605196723379,76.77378708204165
59.45,876.9484359235723,21.32581895511665,76.77294823841994
59.5,878.014725010349,21.325744515949875,76.77268025741955
59.550000000000004,879.0810125974572,21.325758968376586,76.77273228615572
59.6,880.147300839424,21.32577071029838,76.77277455707417
59.650000000000006,881.2135919816276,21.325874977842695,76.7731499202337
59.7,882.2798925754004,21.326148773067786,76.77413558304403
59.75,883.3462046131527,21.32633273702554,76.77479785329196
59.800000000000004,884.4125297472501,21.326672626870693,76.7760214567345
59.85,885.4788751110835,21.327141926465135,76.77771093527448
59.900000000000006,886.5452403661568,21.327468276464423,76.77888579527192
59.95,887.6116183980922,21.327653000954427,76.77955080343594
60.0,888.6780044742917,21.327790047024063,76.78004416928663
60.050000000000004,889.744401927107,21.328108065589255,76.78118903612132
60.1,890.810816127379,21.32845994529087,76.78245580304713
60.150000000000006,891.8772469882655,21.328774490167444,76.7835881646028
60.2,892.943695204715,21.329154167814465,76.78495500413207
60.25,894.0101623428789,21.329531358738937,76.78631289146017
60.300000000000004,895.0766535274155,21.33011602272583,76.78841768181299
60.35,896.1431775163508,21.33084353468504,76.79103672486615
60.400000000000006,897.2097330800049,21.331379011480163,76.79296444132859
60.45,898.276308188805,21.331625340528543,76.79385122590276
60.5,899.3428985275527,21.331988209381215,76.79515755377238
60.550000000000004,900.4095099840408,21.33247005014087,76.79689218050713
60.6,901.4761420897833,21.332814179558003,76.79813104640881
60.650000000000006,902.5427909404599,21.333139847507958,76.79930345102865
60.7,903.609456226315,21.333471586699694,76.8004977121189
60.75,904.6761357474818,21.333709259969346,76.80135333588964
60.800000000000004,905.7428286104515,21.33400525882159,76.80241893175773
60.85,906.8095393234797,21.33442326230922,76.8039237443132
60.900000000000006,907.8762713719191,21.33485867526511,76.8054912309544
60.95,908.943017785098,21.33499785189527,76.80599226682297
61.0,910.0097731990709,21.335218707018186,76.80678734526548
61.050000000000004,911.0765333803495,21.335188544124087,76.80667875884672
61.1,912.1432923211737,21.33516908884528,76.80660871984301
61.150000000000006,913.2100445100301,21.334918465412223,76.805706475484
61.2,914.2767844802316,21.3346803426495,76.80484923353819
61.25,915.3435173342381,21.33463381760984,76.80468174339543
61.300000000000004,916.410245427923,21.334489929787082,76.8041637472335
61.35,917.4769640658566,21.334255587558047,76.80332011520898
61.400000000000006,918.5436791457192,21.334347606946473,76.8036513850073
61.45,919.6104010191389,21.334527329837794,76.80429838741605
61.5,920.6771269899043,21.334511500778284,76.80424140280182
61.550000000000004,921.7438470534815,21.334291042312277,76.8034477523242
61.6,922.8105480508887,21.33374885397433,76.80149587430759
61.650000000000006,923.877224933894,21.33332646624198,76.79997527847114
61.7,924.9438859520623,21.333114260486106,76.79921133774998
61.75,926.0105401856558,21.3330550832578,76.79899829972808
61.800000000000004,927.0771906901743,21.332965097483243,76.79867435093968
61.85,928.1438364781636,21.33286642208781,76.79831911951612
61.900000000000006,929.2104780812032,21.332797699495234,76.79807171818284
61.95,930.2771150641672,21.33268161906669,76.7976538286401
62.0,931.3437449642516,21.332514384311576,76.79705178352168
62.050000000000004,932.4103671457195,21.332372874405504,76.79654234785981
62.1,933.4769805459276,21.33216313391954,76.79578728211034
62.150000000000006,934.5435813289535,21.33186818711441,76.79472547361188
62.2,935.610165064663,21.331481241264704,76.79333246855293
62.25,936.6767300996542,21.33112015838047,76.7920325701697
62.300000000000004,937.7432846337165,21.331061204115002,76.791820334814
62.35,938.8098383674761,21.3310881462688,76.79191732656768
62.400000000000006,939.876395178353,21.331184288806448,76.79226343970322
62.45,940.9429528643482,21.33112315099967,76.7920433435988
62.5,942.0095083372239,21.331095764028994,76.79194475050438
62.550000000000004,943.0760636479454,21.331116664830084,76.79201999338831
62.6,944.1426229096177,21.33125380206139,76.792513687421
62.650000000000006,945.2091897230785,21.33141873637036,76.79310745093329
62.7,946.2757608324099,21.331425636889243,76.79313229280127
62.75,947.3423345622622,21.33152355719995,76.79348480591983
62.800000000000004,948.4089082074621,21.331422250794887,76.7931201028616
62.85,949.4754805272756,21.33147054174839,76.79329395029421
62.900000000000006,950.5420552272753,21.33151745823847,76.7934628496585
62.95,951.6086328954804,21.33158926996302,76.79372137186687
63.0,952.6752057636463,21.331325456675483,76.79277164403175
63.050000000000004,953.741771561186,21.331306444911927,76.79270320168294
63.1,954.8083385972396,21.331374997233215,76.79294999003957
63.150000000000006,955.8749084728178,21.331420025890967,76.79311209320748
63.2,956.9414829755472,21.33156008328457,76.79361629982446
63.25,958.0080599249935,21.33151789457071,76.79346442045455
63.300000000000004,959.0746316061451,21.3313493514938,76.79285766537768
63.35,960.1411862012101,21.330834451106924,76.79100402398493
63.400000000000006,961.2077118769375,21.330192577990676,76.78869328076644
63.45,962.2742094141649,21.329708911105165,76.78695207997859
63.5,963.3406826774974,21.329221622194456,76.78519783990005
63.550000000000004,964.4071378759871,21.32898631739269,76.78435074261368
63.6,965.4735858682506,21.328933373144608,76.78416014332059
63.650000000000006,966.5400275829195,21.328735213613324,76.78344676900797
63.7,967.6064607004814,21.328589488866072,76.78292215991786
63.75,968.6728908734613,21.328617430327235,76.78302274917804
63.800000000000004,969.7393254438707,21.32876538605264,76.78355538978951
63.85,970.8057674691787,21.328915626267285,76.78409625456223
63.900000000000006,971.8722143419927,21.328959286294804,76.7842534306613
63.95,972.9386617709074,21.3289378702929,76.78417633305445
64.0,974.005100359852,21.328605687489485,76.78298047496214
64.05,975.0715207790009,21.328211078467483,76.78155988248294
64.10000000000001,976.1379302616048,21.32816822568594,76.78140561246938
64.15,977.2043388080431,21.328173631847665,76.7814250746516
64.2,978.2707456427813,21.328099757680754,76.78115912765071
64.25,979.3371501478315,21.328080444326833,76.7810895995766
64.3,980.4035574924555,21.32821334063633,76.7815680262908
64.35000000000001,981.4699686880659,21.328234483779934,76.78164414160776
64.4,982.5363670677257,21.327700702611136,76.77972252940009
64.45,983.6027418779687,21.3272917071112,76.77825014560032
64.5,984.6690980792469,21.326956344014153,76.77704283845095
64.55,985.7354409993642,21.326760460680298,76.77633765844908
64.60000000000001,986.8017740697309,21.326562353985178,76.77562447434664
64.65,987.8681011233117,21.326519789247516,76.77547124129106
64.7,988.9344273452207,21.32652908711099,76.77550471359957
64.75,990.0007593562921,21.326751355745962,76.77630488068547
64.8,991.0671081341384,21.327199758106723,76.7779191291842
64.85000000000001,992.133493132785,21.328200187757524,76.78152067592708
64.9,993.1999239566898,21.32903276843279,76.78451796635804
64.95,994.2663943763314,21.32978401723211,76.7872224620356
65.0,995.3329035882929,21.330584461225765,76.79010406041276
65.05,996.3994577688712,21.331582761906926,76.79369794286494
65.10000000000001,997.4660623547536,21.33260067338647,76.79736242419129
65.15,998.5327177092163,21.333613505121885,76.80100861843879
65.2,999.5994188111943,21.334430573995682,76.80395006638446
65.25,1000.6661633316153,21.33535024284464,76.80726087424071
65.3,1001.7329572807668,21.336407723212712,76.81106780356576
65.35000000000001,1002.7998040178645,21.33746176069719,76.8148623385099
65.4,1003.8667060177261,21.338618233766933,76.81902564156096
65.45,1004.9336736272419,21.340086146865413,76.8243101287155
65.5,1006.000711089626,21.34141234849943,76.82908445459795
65.55,1007.0678131867925,21.34267153815992,76.83361753737572
65.60000000000001,1008.1349865373219,21.34426248301726,76.83934493886214
65.65,1009.2022429076463,21.345992329959174,76.84557238785303
65.7,1010.269586422031,21.347748245426242,76.85189368353447
65.75,1011.3370167103118,21.349463285804145,76.85806782889492
65.8,1012.4045267228016,21.35093721378904,76.86337396964055
65.85000000000001,1013.4721087622016,21.352344362212058,76.86843970396342
65.9,1014.5397611837573,21.353752500011552,76.8735090000416
65.95,1015.6074892956555,21.355371975916096,76.87933911329795
66.0,1016.6753071730602,21.357343120274006,76.88643523298643
66.05,1017.743224358377,21.359344292398493,76.89363945263457
66.10000000000001,1018.8112377483972,21.361191308406074,76.90028871026186
66.15,1019.879342850311,21.363012768148618,76.90684596533502
66.2,1020.9475389993374,21.364833192909746,76.91339949447509
66.25,1022.0158277535709,21.36671697642851,76.92018111514264
66.3,1023.0842149302201,21.368770089540636,76.9275723223463
66.35000000000001,1024.1526980367366,21.37055417111898,76.93399501602832
66.4,1025.2212674775496,21.372223461403724,76.9400044610534
66.45,1026.289916735933,21.373746873928454,76.94548874614243
66.5,1027.3586398233629,21.37517662326223,76.95063584374404
66.55,1028.4274282953593,21.37636225659234,76.95490412373243
66.60000000000001,1029.496275930799,21.37754316098924,76.95915537956127
66.65,1030.565196138987,21.379265166533212,76.96535459951957
66.7,1031.6341890852223,21.38045268287483,76.96962965834939
66.75,1032.703238233759,21.38151325859374,76.97344773093747
66.8,1033.7723241540614,21.38192355349695,76.97492479258902
66.85000000000001,1034.8414366291104,21.38257544846713,76.97727161448167
66.9,1035.910576704761,21.383027577561247,76.97889927922049
66.95,1036.9797295582696,21.383086562776374,76.97911162599495
67.0,1038.0489048772263,21.383926195488847,76.98213430375985
67.05,1039.1181257039987,21.384906875405278,76.985664751459
67.10000000000001,1040.1873829901838,21.38538457199694,76.98738445918899
67.15,1041.256659637367,21.385681315328114,76.98845273518121
67.2,1042.3259489025988,21.385889293949724,76.98920145821901
67.25,1043.3952466899632,21.38602220062398,76.98967992224632
67.3,1044.4645566335914,21.38637554450444,76.99095196021598
67.35000000000001,1045.533887302878,21.386851226958342,76.99266441705004
67.4,1046.603236998282,21.387136589205948,76.99369172114142
67.45,1047.672595041711,21.387185147955886,76.99386653264119
67.5,1048.7419515370138,21.387074664159588,76.99346879097452
67.55,1049.8112992947792,21.386835646460213,76.99260832725678
67.60000000000001,1050.8806348276626,21.386585668872144,76.99170840793973
67.65,1051.949953762044,21.386171706387,76.9902181429932
67.7,1053.0192537404075,21.385827428151217,76.98897874134438
67.75,1054.088535246927,21.3854328326275,76.98755819745901
67.8,1055.157799912214,21.385153778854125,76.98655360387485
67.85000000000001,1056.227059447301,21.385227624626413,76.98681944865508
67.9,1057.2963240499294,21.385356480511927,76.98728332984294
67.95,1058.3655943098372,21.38545391580013,76.98763409688047
68.0,1059.434872589723,21.385677279628528,76.9884382066627
68.05,1060.504160666798,21.385845803373957,76.98904489214625
68.10000000000001,1061.5734555069625,21.385947803205482,76.98941209153973
68.15,1062.6427575323007,21.38613321032331,76.99007955716392
68.2,1063.7120653248812,21.38617849289355,76.99024257441678
68.25,1064.7813722039878,21.386096671367117,76.98994801692162
68.3,1065.850677120538,21.386099990644936,76.98995996632178
68.35000000000001,1066.9199829751099,21.386134192227527,76.99008309201909
68.4,1067.9892887999565,21.38609880163839,76.98995568589821
68.45,1069.0585956552554,21.38617541031789,76.9902314771444
68.5,1070.127905031377,21.3861996345427,76.99031868435372
68.55,1071.1972143861037,21.386174554526274,76.99022839629458
68.60000000000001,1072.2665208284682,21.386083140054097,76.98989930419475
68.65,1073.3358240094265,21.386044098273814,76.98975875378574
68.7,1074.4051252336303,21.386004869879663,76.9896175315668
68.75,1075.474427836934,21.386099262267546,76.98995734416317
68.8,1076.5437334333944,21.38612459614825,76.9900485461337
68.85000000000001,1077.6130387772778,21.386089159182834,76.9899209730582
68.9,1078.6823455591061,21.386182113954575,76.99025561023647
68.95,1079.7516552513046,21.386205573983315,76.99034006633994
69.0,1080.8209644853566,21.386163788097008,76.99018963714923
69.05,1081.8902666679849,21.38592351703316,76.98932466131937
69.10000000000001,1082.9595608500208,21.385843764408982,76.98903755187234
69.15,1084.0288488161832,21.385674882091113,76.988429575528
69.2,1085.0981301081113,21.385576795028314,76.98807646210193
69.25,1086.1674011492507,21.385264850549184,76.98695346197707
69.3,1087.2366539184088,21.38484591577593,76.98544529679334
69.35000000000001,1088.3058803448446,21.384211141651654,76.98316010994596
69.4,1089.375083366709,21.38390973292565,76.98207503853233
69.45,1090.444272671395,21.38366245451358,76.98118483624889
69.5,1091.5134425330364,21.38313201113454,76.97927524008433
69.55,1092.5825894766992,21.382745735378535,76.97788464736273
69.60000000000001,1093.6517143072265,21.382247485711382,76.97609094856098
69.65,1094.7208085182317,21.38152095449939,76.9734754361978
69.7,1095.7898717243243,21.381007289206096,76.97162624114195
69.75,1096.8589130376288,21.380645242977803,76.9703228747201
69.8,1097.9279385211723,21.380374098768733,76.96934675556744
69.85000000000001,1098.9969519595106,21.380163434758668,76.96858836513121
69.9,1100.0659492034376,21.3797263223198,76.96701476035129
69.95,1101.1349163548437,21.378959733918624,76.96425504210704
70.0,1102.2038450218222,21.37818694522237,76.96147300280053
70.05,1103.2727398271895,21.377605269467725,76.95937897008382
70.10000000000001,1104.3416038890482,21.3769572048785,76.95704593756261
70.15,1105.4104332693973,21.376218009088355,76.95438483271808
70.2,1106.4792299177927,21.375647926726096,76.95233253621394
70.25,1107.5480004692117,21.37517413003157,76.95062686811366
70.3,1108.616744711061,21.374595543939186,76.94854395818108
70.35000000000001,1109.685456817335,21.373888707022157,76.94599934527977
70.4,1110.7541390197835,21.37339939090927,76.94423780727338
70.45,1111.8227998020213,21.37303189860288,76.94291483497037
70.5,1112.8914353092912,21.372388392193493,76.94059821189657
70.55,1113.9600423003656,21.371891250784195,76.93880850282311
70.60000000000001,1115.0286201529805,21.37122285381653,76.9364022737395
70.65,1116.0971592832618,21.37034235744023,76.93323248678483
70.7,1117.165652583868,21.36938966680748,76.92980280050692
70.75,1118.2341048286792,21.368700125635623,76.92732045228824
70.8,1119.30252546094,21.36812516479838,76.92525059327417
70.85000000000001,1120.3709239696655,21.367815184224085,76.92413466320671
70.9,1121.439307859963,21.36754042767968,76.92314553964684
70.95,1122.5076651625166,21.36675167445893,76.92030602805214
71.0,1123.575985635492,21.366067244559368,76.91784208041372
71.05,1124.6442710857298,21.36535076494575,76.9152627538047
71.10000000000001,1125.7125246858714,21.364793240717983,76.91325566658475
71.15,1126.780754483094,21.36439864818317,76.9118351334594
71.2,1127.848967168588,21.36410877157695,76.91079157767703
71.25,1128.9171631155546,21.363729107090762,76.90942478552675
71.3,1129.9853431719878,21.363473150242122,76.90850334087165
71.35000000000001,1131.053511551748,21.363262040161764,76.90774334458236
71.4,1132.1216684232068,21.363012818188704,76.90684614547934
71.45,1133.189814759545,21.362840635345993,76.90622628724557
71.5,1134.2579482824467,21.362500280725776,76.90500101061279
71.55,1135.326062597244,21.362072311161086,76.90346032017992
71.60000000000001,1136.3941567133281,21.36169233221294,76.90209239596659
71.65,1137.4622350507655,21.36144116528086,76.90118819501109
71.7,1138.5302967825444,21.36102810587956,76.8997011811664
71.75,1139.5983399611991,21.360699040313488,76.89851654512856
71.8,1140.6663726256668,21.36060753839167,76.89818713821
71.85000000000001,1141.7343999730542,21.360486357103795,76.89775088557367
71.9,1142.8024193933477,21.36029045463129,76.89704563667264
71.95,1143.8704289863565,21.3600932657235,76.8963357566046
72.0,1144.9384287888277,21.359898833118407,76.89563579922627
72.05,1146.0064197766512,21.359740679820256,76.89506644735292
72.10000000000001,1147.0744082380588,21.359797776479926,76.89527199532773
72.15,1148.142403861687,21.360027168644823,76.89609780712136
72.2,1149.2104081433704,21.360144098694335,76.89651875529961
72.25,1150.2784191416622,21.360295832976902,76.89706499871686
72.3,1151.3464339891145,21.36029806511205,76.89707303440339
72.35000000000001,1152.4144504310789,21.360359613459696,76.89729460845491
72.4,1153.4824674454935,21.36032096312983,76.8971554672674
72.45,1154.5504776370697,21.360086699914003,76.8963121196904
72.5,1155.6184724555983,21.35970604123051,76.89494174842984
72.55,1156.6864394676716,21.358974441699715,76.89230799011898
72.60000000000001,1157.7543719410594,21.35832449380972,76.889968177715
72.65,1158.8222649937313,21.357397613065242,76.88663140703487
72.7,1159.89011473464,21.35659202328224,76.88373128381606
72.75,1160.9579292613787,21.355989046261158,76.88156056654017
72.8,1162.025712054614,21.3553226831484,76.87916165933424
72.85000000000001,1163.093455821005,21.354427972493795,76.87594070097767
72.9,1164.161168440679,21.354076814468634,76.87467653208708
72.95,1165.2288598495552,21.35357954058326,76.87288634609975
73.0,1166.2965285224932,21.353167376938153,76.87140255697736
73.05,1167.3641710478796,21.35253363851842,76.86912109866631
73.10000000000001,1168.4317759113474,21.351660900188122,76.86597924067725
73.15,1169.4993352941212,21.3507144107664,76.86257187875904
73.2,1170.5668553730022,21.350088744468955,76.86031948008824
73.25,1171.63435025417,21.349706502243173,76.85894340807542
73.3,1172.7018321305075,21.34956855125779,76.85844678452804
73.35000000000001,1173.769300116298,21.349150880358398,76.85694316929023
73.4,1174.8367452562595,21.34865471810544,76.85515698517959
73.45,1175.9041622414677,21.348024690221113,76.852888884796
73.5,1176.9715467102487,21.347354061021875,76.85047461967875
73.55,1178.038904990447,21.346977146908777,76.8491177288716
73.60000000000001,1179.106250105001,21.34682743524862,76.84857876689503
73.65,1180.1735905587554,21.34679071493325,76.8484465737597
73.7,1181.2409282289227,21.346716091755848,76.84817793032106
73.75,1182.3082595169428,21.346535429046053,76.84752754456579
73.8,1183.37558076159,21.346314356841702,76.84673168463013
73.85000000000001,1184.442891934717,21.34613256822987,76.84607724562753
73.9,1185.5101932464893,21.345919902664374,76.84531164959175
73.95,1186.5774833565004,21.345684497782425,76.84446419201673
74.0,1187.6447648513868,21.345575297673548,76.84407107162478
74.05,1188.7120409830625,21.345469969356433,76.84369188968316
74.10000000000001,1189.7793073190483,21.34518347007069,76.84266049225448
74.15,1190.8465565150434,21.34478436973359,76.84122373104093
74.2,1191.9137881582124,21.344481357025018,76.84013288529006
74.25,1192.9810094199775,21.344369113581937,76.83972880889498
74.3,1194.048229808255,21.344446417519816,76.84000710307134
74.35000000000001,1195.1154555226494,21.344582158256564,76.84049576972363
74.4,1196.1826848444932,21.34459071549777,76.84052657579197
74.45,1197.2499139042184,21.344571673507687,76.84045802462768
74.5,1198.317136236874,21.344321632718692,76.8395578777873
74.55,1199.384345742362,21.344058586808966,76.83861091251228
74.60000000000001,1200.4515418859335,21.34378715605048,76.83763376178173
74.65,1201.518724189663,21.34350499313874,76.83661797529946
74.7,1202.5858900900232,21.343131021267286,76.83527167656223
74.75,1203.6530319807694,21.342544608576862,76.8331605908767
74.8,1204.720145478751,21.341995310689356,76.83118311848169
74.85000000000001,1205.7872281778762,21.341312654320532,76.82872555555392
74.9,1206.8542682738853,21.34029118604145,76.82504826974923
74.95,1207.9212550052662,21.33917806919127,76.82104104908858
75.0,1208.988187186564,21.33810918271959,76.81719305779053
75.05,1210.0550655312813,21.337024605979753,76.81328858152712
75.10000000000001,1211.121890930801,21.335991374808327,76.80956894930998
75.15,1212.1886749713685,21.33537024788953,76.8073328924023
75.2,1213.255436337492,21.335084397052018,76.80630382938726
75.25,1214.3221834822807,21.334801394498406,76.80528502019426
75.3,1215.3889150878808,21.33446282951046,76.80406618623766
75.35000000000001,1216.4556340282352,21.334294784665094,76.80346122479433
75.4,1217.5223439086215,21.334100430783955,76.80276155082224
75.45,1218.5890469586968,21.334021572228686,76.80247766002327
75.5,1219.6557444499738,21.333878078845256,76.80196108384293
75.55,1220.7224382774675,21.33387502090398,76.80195007525434
75.60000000000001,1221.7891394291264,21.334171045451185,76.80301576362427
75.65,1222.8558585145247,21.33459237048241,76.80453253373669
75.7,1223.9226017448393,21.335136842104394,76.80649263157582
75.75,1224.9893767301894,21.335862571903608,76.809105258853
75.8,1226.056183894119,21.336423985278092,76.81112634700114
75.85000000000001,1227.123015493425,21.33683998696925,76.8126239530893
75.9,1228.189870417624,21.33735698098917,76.81448513156101
75.95,1229.2567538435703,21.337980056868265,76.81672820472575
76.0,1230.3236729904802,21.338785819525807,76.81962895029291
76.05,1231.3906329451336,21.339612366609884,76.82260451979559
76.10000000000001,1232.4576338279726,21.340422946951897,76.82552260902683
76.15,1233.524677978557,21.341343076430007,76.82883507514804
76.2,1234.5917680862985,21.342261233229397,76.83214043962583
76.25,1235.6589024400548,21.343112917022715,76.83520650128177
76.3,1236.7260786079955,21.343933800609804,76.83816168219529
76.35000000000001,1237.793293984394,21.34468125532894,76.84085251918418
76.4,1238.8605430230461,21.34528029075281,76.84300904671012
76.45,1239.9278216820142,21.345866067962994,76.84511784466679
76.5,1240.9951297712419,21.3464575011497,76.84724700413892
76.55,1242.0624695424374,21.34713334666685,76.84968004800066
76.60000000000001,1243.1298378379827,21.347598475144935,76.85135451052177
76.65,1244.1972253833446,21.34790333933687,76.85245202161273
76.7,1245.2646252320235,21.348090607820737,76.85312618815466
76.75,1246.3320419669901,21.348578790848567,76.85488364705485
76.80000000000001,1247.3994833525348,21.349076630939017,76.85667587138046
76.85000000000001,1248.4669504854817,21.34960868692989,76.8585912729476
76.9,1249.5344356200583,21.349796696132444,76.8592681060768
76.95,1250.6019130206448,21.34929932732516,76.85747757837058
77.0,1251.6693701661209,21.348986491717824,76.85635137018417
77.05000000000001,1252.7368032401173,21.348336468140985,76.85401128530755
77.10000000000001,1253.8042060143277,21.34777450027601,76.85198820099365
77.15,1254.871583056893,21.34730720233341,76.85030592840029
77.2,1255.9389381389824,21.346896081238402,76.84882589245825
77.25,1257.0062691218181,21.34634323219173,76.84683563589023
77.30000000000001,1258.0735706102012,21.345716303129212,76.84457869126517
77.35000000000001,1259.1408428980483,21.345175210756036,76.84263075872173
77.4,1260.208085126362,21.344513921795272,76.84025011846298
77.45,1261.2752916990526,21.343748985825883,76.83749634897318
77.5,1262.3424692098347,21.343351445457277,76.8360652036462
77.55000000000001,1263.409631868385,21.343154896561284,76.83535762762062
77.60000000000001,1264.4767832335065,21.34289970829566,76.83443894986438
77.65,1265.5439222329235,21.342660268389047,76.83357696620057
77.7,1266.6110505476893,21.342472322242784,76.83290036007402
77.75,1267.6781689417166,21.34226343885005,76.83214837986019
77.80000000000001,1268.7452731295248,21.34190407347866,76.83085466452317
77.85000000000001,1269.8123613020007,21.341622825558176,76.82984217200944
77.9,1270.8794403331488,21.341538420362536,76.82953831330514
77.95,1271.9465091263714,21.34121330854215,76.82836791075175
78.0,1273.0135580163912,21.340742292254415,76.8266722521159
78.05000000000001,1274.0805911039627,21.34058121059857,76.82609235815487
78.10000000000001,1275.1476223884156,21.34067016751415,76.82641260305094
78.15,1276.2146595496058,21.34081628009621,76.82693860834635
78.2,1277.281700112851,21.34080624970943,76.82690249895396
78.25,1278.348734396559,21.340565098605257,76.82603435497893
78.30000000000001,1279.4157561397644,21.340304629615584,76.8250966666161
78.35000000000001,1280.4827692768902,21.340220855416817,76.82479507950055
78.4,1281.5497834000962,21.340344072825378,76.82523866217136
78.45,1282.6168060313855,21.340561178749926,76.82602024349974
78.5,1283.6838349326863,21.34059487327888,76.82614154380397
78.55000000000001,1284.7508584278687,21.34034493401631,76.82524176245872
78.60000000000001,1285.8178692792048,21.340089119430004,76.82432082994802
78.65,1286.8848625607804,21.3396421435975,76.822711716951
78.7,1287.9518403771021,21.339470509267468,76.82209383336289
78.75,1289.018809295869,21.339286241405343,76.82143046905924
78.80000000000001,1290.0857661516438,21.338987989592006,76.82035676253122
78.85000000000001,1291.1527087388206,21.33871549748223,76.81937579093604
78.9,1292.2196312678923,21.338185665382913,76.81746839537848
78.95,1293.286528145136,21.3376894243578,76.81568192768809
79.0,1294.3534117073657,21.33765306483244,76.81555103339679
79.05000000000001,1295.4202922843388,21.337570014093835,76.81525205073781
79.10000000000001,1296.4871738581232,21.337692937287873,76.81569457423635
79.15,1297.5540592924008,21.33772443381307,76.81580796172705
79.2,1298.6209408168888,21.337536545709455,76.81513156455404
79.25,1299.687806611255,21.337095228938786,76.81354282417963
79.30000000000001,1300.7546575393585,21.336941895205225,76.81299082273881
79.35000000000001,1301.8215041552694,21.336922741227546,76.81292186841917
79.4,1302.8883572023985,21.337199143936683,76.81391691817205
79.45,1303.9552195196557,21.337293546351866,76.81425676686672
79.5,1305.0220817204154,21.337194484037585,76.8139001425353
79.55000000000001,1306.0889539157697,21.337693330136336,76.81569598849082
79.60000000000001,1307.1558564612214,21.338408487929865,76.81827055654752
79.65,1308.2227939684228,21.339091800122773,76.82073048044198
79.7,1309.2897657473616,21.339779357431606,76.82320568675378
79.75,1310.356766994141,21.34027051374714,76.82497384948971
79.80000000000001,1311.4237877546482,21.340559906536058,76.82601566352982
79.85000000000001,1312.4908204382011,21.340747435585143,76.82669076810652
79.9,1313.5578613273842,21.340888131737135,76.82719727425369
79.95,1314.6249070912434,21.340942422632516,76.82739272147705
80.0,1315.6919570959171,21.34105776431891,76.82780795154808
80.05000000000001,1316.7590178772246,21.3413734879819,76.82894455673484
80.10000000000001,1317.8260907283466,21.341540556900874,76.82954600484315
80.15,1318.8931663311555,21.34148355545236,76.8293407996285
80.2,1319.960246004674,21.3417033852837,76.83013218702132
80.25,1321.0273377523492,21.34196652172839,76.83107947822221
80.30000000000001,1322.0944401140148,21.34212794489098,76.83166060160752
80.35000000000001,1323.1615461056213,21.342111719367402,76.83160218972264
80.4,1324.2286506055677,21.342068278494274,76.8314458025794
80.45,1325.2957521531996,21.34199362677763,76.83117705639947
80.5,1326.3628400728307,21.341523158472274,76.82948337050018
80.55000000000001,1327.4299053428165,21.341087640952836,76.8279155074302
80.60000000000001,1328.4969542305876,21.340867869887262,76.82712433159415
80.65,1329.5639900408003,21.340564538619038,76.82603233902854
80.7,1330.6310099257107,21.340230857794648,76.82483108806073
80.75,1331.698011169065,21.33981887637645,76.82334795495522
80.80000000000001,1332.7649972270112,21.339623441475087,76.82264438931031
80.85000000000001,1333.8319714253826,21.339344493374043,76.82164017614656
80.9,1334.8989300907324,21.339002120614786,76.82040763421324
80.95,1335.9658704269657,21.338611328716475,76.81900078337931
81.0,1337.0327812227617,21.337820503122483,76.81615381124094
81.05000000000001,1338.0996558723318,21.337165479682465,76.81379572685688
81.10000000000001,1339.166496555932,21.336461864325273,76.81126271157099
81.15,1340.233304923862,21.3358728528765,76.8091422703554
81.2,1341.3000854732413,21.335349122293696,76.80725684025731
81.25,1342.366846603534,21.335096089415796,76.80634592189686
81.30000000000001,1343.4335980523297,21.33496186241591,76.80586270469728
81.35000000000001,1344.5003424511226,21.33481408930308,76.80533072149109
81.4,1345.5670800350072,21.33468926608004,76.80488135788815
81.45,1346.6338080806297,21.33443255882287,76.80395721176232
81.5,1347.7005267762408,21.33431526562114,76.8035349562361
81.55000000000001,1348.7672475947786,21.33451747589296,76.80426291321466
81.60000000000001,1349.8339795272134,21.33475982149942,76.80513535739792
81.65,1350.9007247783932,21.33505022569596,76.80618081250546
81.7,1351.9674847851918,21.335350046251676,76.80726016650604
81.75,1353.0342594903007,21.335638158101045,76.80829736916377
81.80000000000001,1354.101052889833,21.33609782319429,76.80995216349945
81.85000000000001,1355.1678760960372,21.33683042497315,76.81258952990335
81.9,1356.234741932277,21.337803024620104,76.81609088863237
81.95,1357.301657374516,21.338814664938553,76.8197327937788
82.0,1358.368620863933,21.339724911739758,76.82300968226313
82.05000000000001,1359.4356243482387,21.340414460480297,76.82549205772906
82.10000000000001,1360.5026658309055,21.341244846188914,76.8284814462801
82.15,1361.5697474615808,21.342020380823104,76.83127337096317
82.2,1362.6368629827007,21.342600463972314,76.83336167030033
82.25,1363.7040099558556,21.343278462225747,76.83580246401269
82.30000000000001,1364.7711887509397,21.343873341140327,76.83794402810518
82.35000000000001,1365.8383983654062,21.34451123751559,76.84024045505613
82.4,1366.9056404757087,21.34517317458713,76.84262342851368
82.45,1367.9729121780842,21.345694920439158,76.84450171358097
82.5,1369.0402114452922,21.34627576788085,76.84659276437107
82.55000000000001,1370.1075375577484,21.346768730364065,76.84836742931064
82.60000000000001,1371.174883195313,21.347056772215154,76.84940437997456
82.65,1372.2422368600746,21.34708981824767,76.84952334569162
82.7,1373.309593093732,21.34715952804736,76.8497743009705
82.75,1374.376963253132,21.347646847955925,76.85152865264133
82.80000000000001,1375.4443464304231,21.347680243690576,76.85164887728608
82.85000000000001,1376.51172246473,21.34736112858212,76.85050006289563
82.9,1377.579082620447,21.347045100098807,76.84936236035571
82.95,1378.6464245876286,21.346633587167712,76.84788091380376
83.0,1379.7137438897068,21.346138495955895,76.84609858544123
83.05000000000001,1380.7810331552841,21.345432127140295,76.84355565770507
83.10000000000001,1381.8482849783213,21.344640794348045,76.84070685965297
83.15,1382.915497884482,21.343875452080116,76.83795162748842
83.2,1383.9826752858387,21.34322060218955,76.83559416788238
83.25,1385.0498237561023,21.34271820835441,76.83378555007587
83.30000000000001,1386.1169468684968,21.342206287425892,76.83194263473321
83.35000000000001,1387.1840421832062,21.34160630095105,76.82978268342379
83.4,1388.2511026345455,21.34081175262498,76.82692230944993
83.45,1389.3181220355686,21.339964288300827,76.82387143788299
83.5,1390.38510101068,21.33919471615076,76.82110097814274
83.55000000000001,1391.4520419334672,21.338442195330405,76.81839190318946
83.60000000000001,1392.5189528557844,21.337994697355096,76.81678091047834
83.65,1393.5858454462384,21.33770892080639,76.815752114903
83.7,1394.6527236923955,21.337420925476195,76.81471533171431
83.75,1395.719589512083,21.33721186202591,76.81396270329329
83.80000000000001,1396.7864433629377,21.336942172161223,76.81299181978041
83.85000000000001,1397.8532839846603,21.336682696742145,76.81205770827172
83.9,1398.920112623965,21.33646287544365,76.81126635159714
83.95,1399.9869303394769,21.336245745029352,76.81048468210567
84.0,1401.0537363261421,21.33599372158253,76.80957739769711
84.05000000000001,1402.1205288832632,21.335708563255526,76.8085508277199
84.10000000000001,1403.1873146707987,21.335722938163485,76.80860257738856
84.15,1404.25410176601,21.335760870287878,76.80873913303637
84.2,1405.320884553612,21.33555063378795,76.80798228163663
84.25,1406.3876512520676,21.33511730443781,76.80642229597612
84.30000000000001,1407.4544065588013,21.335094964911796,76.80634187368247
84.35000000000001,1408.5211645010702,21.33522272584491,76.80680181304169
84.4,1409.5879276375765,21.335302734406316,76.80708984386274
84.45,1410.654696981415,21.335471019135586,76.80769566888812
84.5,1411.7214767515609,21.335719786698338,76.80859123211401
84.55000000000001,1412.7882644343238,21.335787523819302,76.8088350857495
84.60000000000001,1413.8550587223485,21.335983997173077,76.80954238982308
84.65,1414.921869851784,21.336461180251202,76.81126024890433
84.7,1415.9887114418814,21.337202423635585,76.8139287250881
84.75,1417.0555871935483,21.337827643043205,76.81617951495554
84.80000000000001,1418.1224952100486,21.338493016972315,76.81857486110033
84.85000000000001,1419.1894332512893,21.3390286326552,76.82050307755873
84.9,1420.2563988118768,21.33959379084111,76.822537647028
84.95,1421.3233933512847,21.34018778547305,76.82467602770298
85.0,1422.39041483117,21.34067140993537,76.82641707576734
85.05000000000001,1423.4574619751859,21.341214350706586,76.82837166254372
85.10000000000001,1424.5245383309077,21.341839878164468,76.83062356139209
85.15,1425.5916418308852,21.342300120936336,76.83228043537082
85.2,1426.6587744286658,21.34300379028669,76.83481364503209
85.25,1427.7259469742826,21.343898034382526,76.83803292377709
85.30000000000001,1428.7931641665025,21.3447896544107,76.84124275587853
85.35000000000001,1429.8604215088883,21.345504041017975,76.8438145476647
85.4,1430.927714054237,21.346197772926924,76.84631198253693
85.45,1431.9950405727627,21.3468629681001,76.84870668516037
85.5,1433.0623966880714,21.347381644248053,76.850573919293
85.55000000000001,1434.1297806453722,21.34797664778078,76.85271593201081
85.60000000000001,1435.1971960240812,21.34863850058442,76.85509860210392
85.65,1436.264642895783,21.349236367490214,76.85725092296477
85.7,1437.332121397524,21.349903702142424,76.85965332771272
85.75,1438.3996331901863,21.35056800435548,76.86204481567974
85.80000000000001,1439.4671778111983,21.351216836129684,76.86438061006686
85.85000000000001,1440.5347589771782,21.35202980306586,76.86730729103711
85.9,1441.602379804963,21.352803308328497,76.87009190998259
85.95,1442.6700365454508,21.353466311186477,76.87247872027132
86.0,1443.7377281757315,21.354198900045546,76.87511604016397
86.05000000000001,1444.8054563808691,21.354929305459727,76.87774549965502
86.10000000000001,1445.8732161059877,21.355459699280754,76.87965491741072
86.15,1446.9410051326092,21.35610136558391,76.88196491610208
86.2,1448.0088270525591,21.35677543241205,76.88439155668338
86.25,1449.0766766004676,21.357206483925687,76.88594334213248
86.30000000000001,1450.1445470539015,21.357611653431615,76.88740195235381
86.35000000000001,1451.2124367933577,21.357977924817643,76.88872052934352
86.4,1452.2803468050358,21.35842254230598,76.89032115230154
86.45,1453.3482804419943,21.358922936031938,76.89212256971499
86.5,1454.416231133046,21.359104706035417,76.8927769417275
86.55000000000001,1455.484186016011,21.359090612566813,76.89272620524054
86.60000000000001,1456.5521303796113,21.358683931445185,76.89126215320267
86.65,1457.6200593945803,21.358476667317017,76.89051600234126
86.7,1458.687979276253,21.358318599588383,76.88994695851818
86.75,1459.7558919617302,21.358188819503848,76.88947975021385
86.80000000000001,1460.823799080439,21.358095928848993,76.88914534385637
86.85000000000001,1461.8917128023559,21.358452947831847,76.89043061219465
86.9,1462.9596381204228,21.35855977484486,76.8908151894415
86.95,1464.0275661654482,21.35856202616687,76.89082329420073
87.0,1465.0954940117088,21.35855182425539,76.89078656731941
87.05000000000001,1466.163422925084,21.358604710750072,76.89097695870026
87.10000000000001,1467.2313549965058,21.35867814612612,76.89124132605403
87.15,1468.2992955842751,21.358945364646672,76.89220331272803
87.2,1469.3672533235965,21.359364208210042,76.89371114955615
87.25,1470.4352330459853,21.359824687346617,76.89536887444783
87.30000000000001,1471.5032329224173,21.360170369934895,76.89661333176562
87.35000000000001,1472.5712497766724,21.360503800269587,76.89781368097051
87.4,1473.6392834751935,21.360844140571974,76.8990389060591
87.45,1474.7073355623102,21.36123934409726,76.90046163875014
87.5,1475.775406883494,21.361613503257495,76.90180861172698
87.55000000000001,1476.8434958162313,21.36194380623113,76.90299770243207
87.60000000000001,1477.9116038451602,21.36237735092722,76.90455846333799
87.65,1478.9797352035232,21.362876983590635,76.90635714092629
87.7,1480.047890079966,21.36331807412031,76.90794506683312
87.75,1481.1160686203111,21.363823539684265,76.90976474286336
87.80000000000001,1482.1842752064458,21.364439905707822,76.91198366054816
87.85000000000001,1483.2525139198654,21.365108631069614,76.91439107185062
87.9,1484.3207907465226,21.365964435216085,76.91747196677791
87.95,1485.389110428526,21.36682284491827,76.92056224170578
88.0,1486.4574669008093,21.367436046412262,76.92276976708415
88.05000000000001,1487.525845056139,21.367690166770284,76.92368460037302
88.10000000000001,1488.5942389472368,21.36806547714186,76.9250357177107
88.15,1489.6626501247117,21.368381621855093,76.92617383867834
88.2,1490.7310743320684,21.36858667240826,76.92691202066973
88.25,1491.7995082902416,21.368771654522778,76.92757795628201
88.30000000000001,1492.8679494583123,21.368875068300227,76.92795024588082
88.35000000000001,1493.936399961357,21.369145053488225,76.92892219255761
88.4,1495.0048640496657,21.369418478860158,76.92990652389658
88.45,1496.0733351298225,21.369424727411626,76.92992901868186
88.5,1497.1418044556547,21.369348305876276,76.9296539011546
88.55000000000001,1498.2102695602339,21.369255877296823,76.92932115826856
88.60000000000001,1499.2787278601322,21.369076118635025,76.92867402708609
88.65,1500.3471728919017,21.368725152140968,76.92741054770748
88.7,1501.4156061137576,21.368603722098886,76.92697339955599
88.75,1502.4840330012807,21.368471778830923,76.92649840379133
88.80000000000001,1503.552446651202,21.368074218018133,76.92506718486528
88.85000000000001,1504.620840868186,21.36769446134323,76.92370006083563
88.9,1505.6892173968865,21.367366686683972,76.9225200720623
88.95,1506.7575752376765,21.36694694491927,76.92100900170938
89.0,1507.8259062389936,21.36629310776331,76.9186551879479
89.05000000000001,1508.8942043806105,21.365632556910317,76.91627720487715
89.10000000000001,1509.9624706365566,21.36501768093807,76.91406365137705
89.15,1511.0307073778115,21.364451969256706,76.91202708932414
89.2,1512.098922119185,21.364137685690583,76.9108956684861
89.25,1513.1671273012028,21.36406959501337,76.91065054204813
89.30000000000001,1514.235330266204,21.364049005035987,76.91057641812955
89.35000000000001,1515.3035323655283,21.364034967933,76.91052588455881
89.4,1516.3717357699936,21.364101210680126,76.91076435844846
89.45,1517.4399464712797,21.364326840758757,76.91157662673153
89.5,1518.50817517481,21.364821300458633,76.91335668165108
89.55000000000001,1519.5764337150392,21.365520308704166,76.915873111335
89.60000000000001,1520.6447285621748,21.36627357672094,76.91858487619538
89.65,1521.713063323796,21.367116888126162,76.92162079725419
89.7,1522.7814428084605,21.368062498456307,76.92502499444271
89.75,1523.8498715404933,21.369086782851287,76.92871241826464
89.80000000000001,1524.9183540267672,21.37021266810817,76.93276560518942
89.85000000000001,1525.9868932068541,21.371354535367644,76.93687632732352
89.9,1527.0554888275785,21.372470293610107,76.94089305699639
89.95,1528.1241379831756,21.37349593027563,76.94458534899228
90.0,1529.1928418189752,21.374657501708135,76.9487670061493
90.05000000000001,1530.26161079406,21.376101501682832,76.9539654060582
90.10000000000001,1531.3304614788076,21.37792588821541,76.96053319757549
90.15,1532.3994047641313,21.37980552473323,76.96729988903962
90.2,1533.4684430388093,21.381725462387188,76.97421166459388
90.25,1534.5375759951366,21.38359279071211,76.9809340465636
90.30000000000001,1535.6068045676736,21.385550110767188,76.98798039876188
90.35000000000001,1536.6761234692447,21.38720595207177,76.99394142745838
90.4,1537.7455306068398,21.389079551736984,77.00068638625315
90.45,1538.8150402678882,21.391306890202877,77.00870480473036
90.5,1539.8846534691859,21.393221161704428,77.01559618213594
90.55000000000001,1540.9543570810263,21.39492331191572,77.02172392289658
90.60000000000001,1542.0241456793583,21.396620621367457,77.02783423692284
90.65,1543.094025205959,21.398560442662934,77.03481759358657
90.7,1544.1640011298587,21.400476513319173,77.04171544794903
90.75,1545.2340719316667,21.40235555900405,77.04848001241459
90.80000000000001,1546.3042290477056,21.4039290825535,77.0541446971926
90.85000000000001,1547.3744604724614,21.405327907681446,77.0591804676532
90.9,1548.444763648825,21.406799146864984,77.06447692871394
90.95,1549.5151366873747,21.40812239511689,77.0692406224208
91.0,1550.5855793422797,21.409583801082878,77.07450168389836
91.05000000000001,1551.6560986460074,21.41118834802383,77.08027805288579
91.10000000000001,1552.726696340844,21.412719445435265,77.08579000356696
91.15,1553.7973682793445,21.41415809458763,77.09096914051547
91.2,1554.8681078114735,21.415423190573506,77.09552348606462
91.25,1555.9389090363236,21.416625803435956,77.09985289236944
91.30000000000001,1557.0097660212318,21.417653592896446,77.10355293442721
91.35000000000001,1558.0806742986433,21.418677503562417,77.1072390128247
91.4,1559.1516392903184,21.419922163440845,77.11171978838705
91.45,1560.2226699108498,21.421302657813772,77.11668956812959
91.5,1561.2937666753273,21.422567921288035,77.12124451663693
91.55000000000001,1562.3649261392488,21.42381063557159,77.12571828805773
91.60000000000001,1563.4361538744397,21.42529877206388,77.13107557942996
91.65,1564.5074575724464,21.426849148203438,77.13665693353238
91.7,1565.5788359445198,21.428285734732263,77.14182864503616
91.75,1566.650288253689,21.429806632033447,77.14730387532042
91.80000000000001,1567.7218203799002,21.43147841641479,77.15332229909325
91.85000000000001,1568.793437439466,21.43320396621523,77.15953427837484
91.9,1569.865140803314,21.434930587707864,77.16575011574831
91.95,1570.936933167301,21.43676397177143,77.17235029837715
92.0,1572.0088207958322,21.438741169476895,77.17946821011682
92.05000000000001,1573.0808115736097,21.440889941619186,77.18720378982907
92.10000000000001,1574.1529063232845,21.442900045368066,77.19444016332504
92.15,1575.2250938211625,21.44459986975818,77.20055953112944
92.2,1576.2973669249095,21.446324280117206,77.20676740842194
92.25,1577.3697281404313,21.44812434075333,77.21324762671199
92.30000000000001,1578.4421786163398,21.44989469558444,77.21962090410399
92.35000000000001,1579.514722982142,21.451879936507652,77.22676777142755
92.4,1580.5873661750945,21.453847781588344,77.23385201371804
92.45,1581.6601085206069,21.455846038903157,77.24104574005136
92.5,1582.7329456790824,21.457640300121575,77.24750508043768
92.55000000000001,1583.8058778261393,21.459645582158856,77.25472409577189
92.60000000000001,1584.8789144796285,21.46182055741078,77.2625540066788
92.65,1585.952057444287,21.463898028929552,77.27003290414639
92.7,1587.025292038331,21.46548573282704,77.27574863817735
92.75,1588.098606567748,21.467095443853523,77.28154359787268
92.80000000000001,1589.172000265506,21.468652466466004,77.28714887927762
92.85000000000001,1590.2454767073084,21.470405205622217,77.29345874023998
92.9,1591.3190475681656,21.47242922866409,77.30074522319073
92.95,1592.392725513437,21.47468858218672,77.30887889587218
93.0,1593.4665169813684,21.47697013506963,77.31709248625067
93.05000000000001,1594.5404110881386,21.478794135737004,77.32365888865321
93.10000000000001,1595.614392425107,21.480459343006356,77.32965363482288
93.15,1596.6884583665963,21.482178316560024,77.33584193961609
93.2,1597.762609241116,21.483856664235454,77.34188399124764
93.25,1598.8368427207095,21.485482519498714,77.34773707019536
93.30000000000001,1599.9111567604361,21.48707906956772,77.35348465044379
93.35000000000001,1600.9855457238132,21.488479465510064,77.35852607583624
93.4,1602.0600052877244,21.489903090940395,77.36365112738542
93.45,1603.134545287148,21.491696886010157,77.37010878963656
93.5,1604.2091804301451,21.493708833872436,77.37735180194078
93.55000000000001,1605.2839182153964,21.495802576179848,77.38488927424746
93.60000000000001,1606.3587604142303,21.49788537717696,77.39238735783705
93.65,1607.4337026366518,21.49980351968479,77.39929267086525
93.7,1608.5087414066973,21.501747282133625,77.40629021568105
93.75,1609.5838805007388,21.503816479524787,77.41373932628923
93.80000000000001,1610.6591237752461,21.50591450076474,77.42129220275307
93.85000000000001,1611.7344726809572,21.508041727679345,77.42895021964564
93.9,1612.8099311614094,21.510297490408988,77.43707096547236
93.95,1613.8855085323257,21.5127973462443,77.44607044647948
94.0,1614.9612052022278,21.515069449841523,77.45425001942948
94.05000000000001,1616.0370164396847,21.51738004843739,77.4625681743746
94.10000000000001,1617.1129439931944,21.519722091947774,77.47099953101198
94.15,1618.1889943363512,21.522291634325775,77.4802498835728
94.2,1619.265171467633,21.52479361694355,77.48925702099679
94.25,1620.341477467452,21.52744637581153,77.49880695292151
94.30000000000001,1621.4179181848388,21.530182319654305,77.5086563507555
94.35000000000001,1622.4944963968785,21.53294616193471,77.51860618296496
94.4,1623.5712116881245,21.535665487904204,77.52839575645514
94.45,1624.6480685719587,21.53860986545941,77.53899551565388
94.5,1625.7250737322315,21.541596545450187,77.54974756362067
94.55000000000001,1626.8022271681414,21.54454089094115,77.56034720738815
94.60000000000001,1627.879524727667,21.547361490087813,77.57050136431613
94.65,1628.9569578176418,21.54996210889858,77.57986359203488
94.7,1630.0345169112122,21.552401633916116,77.58864588209802
94.75,1631.1122032306093,21.55505114196467,77.59818411107283
94.80000000000001,1632.1900219858496,21.557699067649754,77.60771664353912
94.85000000000001,1633.2679692262511,21.560190548413555,77.6166859742888
94.9,1634.3460315161897,21.562301049129342,77.62428377686564
94.95,1635.4241994045801,21.564414486491785,77.63189215137042
95.0,1636.5024720697845,21.566492121681062,77.63937163805183
95.05000000000001,1637.5808500142643,21.56862565751299,77.64705236704677
95.10000000000001,1638.659335491988,21.570793451431935,77.65485642515497
95.15,1639.7379282535258,21.57291701007423,77.66250123626723
95.2,1640.8166243504147,21.574926865480656,77.66973671573037
95.25,1641.8954214399678,21.576956716644162,77.67704417991898
95.30000000000001,1642.9743220412004,21.57906733265681,77.68464239756452
95.35000000000001,1644.0533316317658,21.58131628996318,77.69273864386744
95.4,1645.132455356245,21.583632689206134,77.70107768114208
95.45,1646.2116918938773,21.585828816085275,77.70898373790699
95.5,1647.291030926298,21.58773248073999,77.71583693066397
95.55000000000001,1648.370459692103,21.589418151457245,77.72190534524609
95.60000000000001,1649.4499717043782,21.591062339554153,77.72782442239495
95.65,1650.5295659929802,21.592709204527537,77.73375313629914
95.7,1651.6092441803235,21.59441828920033,77.73990584112119
95.75,1652.6890041891008,21.595982061893547,77.74553542281677
95.80000000000001,1653.768840344769,21.59746416482715,77.75087099337775
95.85000000000001,1654.8487568339472,21.599195402304268,77.75710344829537
95.9,1655.928753313274,21.600663770766825,77.76238957476058
95.95,1657.0088253049553,21.602215896484235,77.76797722734325
96.0,1658.088982978804,21.604091057464327,77.77472780687158
96.05000000000001,1659.1692344469975,21.60596767027363,77.78148361298507
96.10000000000001,1660.249572564037,21.607557011299715,77.78720524067897
96.15,1661.329993509053,21.609280789345085,77.79341084164231
96.2,1662.4105007342757,21.611008219561725,77.79962959042221
96.25,1663.4911041382868,21.613127940885374,77.80726058718734
96.30000000000001,1664.5718062226383,21.614955433178064,77.81383955944104
96.35000000000001,1665.652593390771,21.616531292131256,77.81951265167253
96.4,1666.7334605514493,21.618155135001672,77.82535848600602
96.45,1667.8144178686205,21.620137551848597,77.83249518665495
96.5,1668.8954771860097,21.622235143715564,77.84004651737604
96.55000000000001,1669.97663799792,21.62419733270173,77.84711039772623
96.60000000000001,1671.0579008395432,21.62631633222356,77.85473879600482
96.65,1672.139270672315,21.628476978648262,77.86251712313374
96.7,1673.2207446414939,21.63048178850801,77.86973443862884
96.75,1674.302318498598,21.632472495660334,77.8769009843772
96.80000000000001,1675.383995053633,21.634589705743704,77.88452294067733
96.85000000000001,1676.4657755931805,21.636631876151878,77.89187475414676
96.9,1677.5476609956547,21.638784222811946,77.89962320212301
96.95,1678.6296539382397,21.64093348059117,77.90736053012822
97.0,1679.711753233555,21.64303833202222,77.91493799527998
97.05000000000001,1680.7939536869226,21.644979802674992,77.92192728962998
97.10000000000001,1681.8762431903092,21.646600332787024,77.9277611980333
97.15,1682.9586157622127,21.64830254335683,77.93388915608459
97.2,1684.0410791205045,21.650231788313594,77.94083443792894
97.25,1685.1236394861792,21.652182838673596,77.94785821922495
97.30000000000001,1686.2062966397325,21.654103303457305,77.9547718924463
97.35000000000001,1687.2890458155953,21.655863731055447,77.96110943179961
97.4,1688.3718816041392,21.65756781069861,77.967244118515
97.45,1689.454806239164,21.659417590296712,77.97390332506816
97.5,1690.537830182651,21.661540149186393,77.98154453707102
97.55000000000001,1691.6209656723952,21.663879440575634,77.98996598607229
97.60000000000001,1692.704216751984,21.666163742974152,77.99818947470695
97.65,1693.7875748498934,21.668160173401883,78.00537662424678
97.7,1694.871022579758,21.669749021173967,78.01109647622629
97.75,1695.9545506175477,21.67137249041897,78.0169409655083
97.80000000000001,1697.0381633127558,21.673135317906905,78.02328714446486
97.85000000000001,1698.121862316291,21.674824823505247,78.02936936461889
97.9,1699.2056416336272,21.67634786994084,78.03485233178704
97.95,1700.2894922799364,21.6776779824253,78.03964073673109
98.0,1701.3734036184903,21.67877555972682,78.04359201501656
98.05000000000001,1702.4573724972956,21.679979592481168,78.04792653293221
98.10000000000001,1703.541404288604,21.681292059853373,78.05265141547214
98.15,1704.6255066427934,21.68280210771639,78.05808758777901
98.2,1705.7096806751924,21.68415918824227,78.06297307767217
98.25,1706.7939223901517,21.685509410124123,78.06783387644684
98.30000000000001,1707.8782357421317,21.68702466907433,78.07328880866758
98.35000000000001,1708.9626277706843,21.688656473033564,78.07916330292083
98.4,1710.0471195233729,21.691013634508725,78.08764908423142
98.45,1711.1317020714673,21.692288289266678,78.09223784136005
98.5,1712.2163774470084,21.69472673238099,78.10101623657157
98.55000000000001,1713.3011759584494,21.69721372526187,78.10996941094274
98.60000000000001,1714.3860957318366,21.699577210226806,78.1184779568165
98.65,1715.471107915277,21.700910127383615,78.12327645858102
98.7,1716.5561883090497,21.70230562353191,78.12830024471488
98.75,1717.641335775422,21.7035930313618,78.13293491290248
98.80000000000001,1718.7265405409348,21.70459758914677,78.13655132092836
98.85000000000001,1719.8117586149426,21.704125371167237,78.13485133620206
98.9,1720.8969482448267,21.703459824195658,78.13245536710437
98.95,1721.9821025341278,21.702711747843367,78.12976229223612
99.0,1723.0672103878896,21.70160240263158,78.12576864947368
99.05000000000001,1724.1522451129094,21.699786598156066,78.11923175336184
99.10000000000001,1725.2371470085682,21.696289228191755,78.10664122149032
99.15,1726.3218435804895,21.69157364866122,78.0896651351804
99.2,1727.4062981193003,21.686607903771694,78.07178845357811
99.25,1728.4904896698567,21.68105411848774,78.05179482655586
99.30000000000001,1729.5743608422445,21.673792777022676,78.02565399728164
99.35000000000001,1730.6578369345,21.665250913197674,77.99490328751163
99.4,1731.7408635288837,21.65581286214746,77.96092630373086
99.45,1732.823385635533,21.64507140382357,77.92225705376487
99.5,1733.9053492217165,21.633472043520936,77.88049935667537
99.55000000000001,1734.9866962410538,21.620408729969594,77.83347142789054
99.60000000000001,1736.0673333709071,21.605076464163655,77.77827527098916
99.65,1737.147176899795,21.588664691351397,77.71919288886504
99.7,1738.2261770541713,21.57134148369518,77.65682934130264
99.75,1739.304263863393,21.552130885177228,77.58767118663802
99.80000000000001,1740.381319760987,21.53010501857835,77.50837806688206
99.85000000000001,1741.4572459721653,21.506943428555154,77.42499634279855
99.9,1742.5319900470608,21.482819567266112,77.33815044215801
99.95,1743.6054888078684,21.457130865038444,77.2456711141384
100.0,1744.6776648467473,21.429910690121392,77.14767848443701
100.05000000000001,1745.7483953002798,21.39930745117106,77.03750682421582
100.10000000000001,1746.8175562058245,21.367128770616855,76.92166357422067
100.15,1747.8850738793096,21.333578168791156,76.80088140764816
100.2,1748.9508837660571,21.298817301110148,76.67574228399654
100.25,1750.0148717727284,21.260702965736932,76.53853067665295
100.30000000000001,1751.0769285363829,21.221567580445978,76.39764328960553
100.35000000000001,1752.137008408597,21.181627308120607,76.25385830923419
100.4,1753.195033879876,21.139391543043224,76.10180955495561
100.45,1754.2508614891856,21.09371282933893,75.93736618562015
100.5,1755.304386151696,21.047273671080553,75.77018521589
100.55000000000001,1756.355580831157,21.000513507361767,75.60184862650236
100.60000000000001,1757.4044067277218,20.952522355225813,75.42908047881293
100.65,1758.4508200456883,20.9040103634276,75.25443730833936
100.7,1759.4947281156417,20.852312434705205,75.06832476493874
100.75,1760.536017368691,20.799257687274427,74.87732767418794
100.80000000000001,1761.5746480533694,20.745969699853784,74.68549091947362
100.85000000000001,1762.6106138500213,20.69266216621878,74.49358379838762
100.9,1763.6438470769415,20.63666691058488,74.29200087810557
100.95,1764.6742640959176,20.580013848454616,74.08804985443662
101.0,1765.7018287857218,20.52257374371278,73.88126547736601
101.05000000000001,1766.7265329456704,20.46559265423617,73.6761335552502
101.10000000000001,1767.7483504546879,20.407107706461275,73.4655877432606
101.15,1768.7671805516354,20.34609617143735,73.24594621717446
101.2,1769.7829592907751,20.285053394148242,73.02619221893367
101.25,1770.7956897559834,20.224165214184413,72.80699477106388
101.30000000000001,1771.8053627877723,20.16275605736981,72.58592180653132
101.35000000000001,1772.8119096357293,20.099117860912763,72.35682429928595
101.4,1773.8152690406228,20.035258334825734,72.12693000537264
101.45,1774.8154603955436,19.972395862005836,71.90062510322102
101.5,1775.8125024960657,19.90928815887358,71.67343737194489
101.55000000000001,1776.8063426822325,19.84431928779916,71.43954943607697
101.60000000000001,1777.7969270644128,19.779055999412908,71.20460159788647
101.65,1778.7842621822588,19.714348714425633,70.97165537193229
101.7,1779.7684043117945,19.651336467002213,70.74481128120797
101.75,1780.7493856968113,19.587918933666344,70.51650816119884
101.80000000000001,1781.7271480399415,19.52257479154525,70.2812692495629
101.85000000000001,1782.7016704539706,19.45832176961603,70.04995837061772
101.9,1783.6730165151816,19.395520678825495,69.82387444377179
101.95,1784.6412220236116,19.332699658368703,69.59771877012733
102.0,1785.6062638884453,19.268974934978438,69.36830976592238
102.05000000000001,1786.5681260564274,19.20551178430981,69.13984242351532
102.10000000000001,1787.5268180953108,19.14216977102508,68.91181117569029
102.15,1788.4823949442514,19.080904186602556,68.6912550717692
102.2,1789.4349078111813,19.019610490593678,68.47059776613725
102.25,1790.3843257317017,18.95710633021504,68.24558278877414
102.30000000000001,1791.330644683502,18.895651741802194,68.0243462704879
102.35000000000001,1792.2739462408779,18.836410553233566,67.81107799164084
102.4,1793.2142826688366,18.777046565118482,67.59736763442653
102.45,1794.1516272042836,18.716734852763498,67.38024546994859
102.5,1795.0859753191048,18.657189740087496,67.16588306431498
102.55000000000001,1796.0173602792133,18.59820866425051,66.95355119130184
102.60000000000001,1796.9458494807418,18.541359396884975,66.74889382878591
102.65,1797.8715104982678,18.48508130415563,66.54629269496027
102.7,1798.7943447870957,18.42829024896585,66.34184489627707
102.75,1799.7143600567058,18.372320535437286,66.14035392757422
102.80000000000001,1800.6316359048203,18.318713389147476,65.94736820093091
102.85000000000001,1801.546236511619,18.26531088280554,65.75511917809995
102.9,1802.4581497944769,18.211220431508888,65.560393553432
102.95,1803.3673815872855,18.15805128083761,65.3689846110154
103.0,1804.274016783588,18.107356571261114,65.18648365654002
103.05000000000001,1805.1781179287987,18.056689237169305,65.0040812538095
103.10000000000001,1806.0796757393416,18.00562318454681,64.82024346436852
103.15,1806.9786945440176,17.955129002488817,64.63846440895975
103.2,1807.875205682581,17.905316540053306,64.4591395441919
103.25,1808.769277567326,17.85755884974396,64.28721185907825
103.30000000000001,1809.6609766401702,17.810404064023505,64.11745463048462
103.35000000000001,1810.5503078250888,17.76284333271814,63.94623599778531
103.4,1811.4372830466789,17.716165530886126,63.77819591119005
103.45,1812.32197621068,17.671561029157807,63.61761970496811
103.5,1813.2044516615542,17.627457005811674,63.45884522092203
103.55000000000001,1814.0847237841226,17.583427896920803,63.30034042891489
103.60000000000001,1814.9628007175988,17.539649442127946,63.1427379916606
103.65,1815.8387192847233,17.497093242850518,62.989535674261866
103.7,1816.7125522656463,17.456225994068603,62.842413578646976
103.75,1817.5843468763712,17.41555843492595,62.696010365733414
103.80000000000001,1818.4541107535936,17.37499665396789,62.54998795428441
103.85000000000001,1819.321874192152,17.33554088837199,62.40794719813917
103.9,1820.1877116293686,17.297956600289382,62.27264376104178
103.95,1821.0516854207885,17.260995056513565,62.13958220344883
104.0,1821.9138134839507,17.224127469973126,62.006858891903256
104.05000000000001,1822.7741250395636,17.188334754543412,61.878005116356285
104.10000000000001,1823.632689870652,17.15425848899373,61.75533056037743
104.15,1824.4895682673907,17.1208773805512,61.63515856998432
104.2,1825.344783496351,17.087731777859837,61.51583440029541
104.25,1826.1983582638168,17.055258920772314,61.39893211478033
104.30000000000001,1827.050353582914,17.0245538431171,61.28839383522156
104.35000000000001,1827.900847759047,16.995213202204084,61.18276752793471
104.4,1828.749883408669,16.966212782668734,61.07836601760744
104.45,1829.5974774284734,16.937548009512117,60.97517283424362
104.5,1830.4436694879357,16.910134368978415,60.8764837283223
104.55000000000001,1831.2885333207776,16.884418944695703,60.783908200904534
104.60000000000001,1832.1321289036277,16.859404369307345,60.693855729506446
104.65,1832.9744782665289,16.834570146736883,60.60445252825278
104.7,1833.8155938472466,16.810053081972843,60.516191095102236
104.75,1834.6555195503179,16.786975040874434,60.433110147147964
104.80000000000001,1835.4943278948563,16.76535874066181,60.35529146638252
104.85000000000001,1836.3320690671753,16.744288152097727,60.27943734755182
104.9,1837.1687670775966,16.723632264757025,60.20507615312529
104.95,1838.0044678168047,16.70439730356604,60.135830292837746
105.0,1838.839235826474,16.68632308320459,60.07076309953653
105.05000000000001,1839.6731157380616,16.668873380307673,60.007944169107624
105.10000000000001,1840.5061423933764,16.652192832283486,59.94789419622055
105.15,1841.338347537046,16.636012914501336,59.88964649220481
105.2,1842.169775299156,16.621097569899312,59.835951251637525
105.25,1843.0004865330416,16.607351785520326,59.78646642787317
105.30000000000001,1843.8305226452908,16.594092704444485,59.73873373600015
105.35000000000001,1844.6599089213585,16.581358338260845,59.692890017739046
105.4,1845.4886951010385,16.57008884894195,59.65231985619102
105.45,1846.316949309153,16.560079475635824,59.61628611228897
105.5,1847.1447136746997,16.55049514623073,59.58178252643063
105.55000000000001,1847.972009267156,16.54132855201993,59.54878278727175
105.60000000000001,1848.7988775595938,16.533403145493565,59.52025132377684
105.65,1849.625372045703,16.52637629886754,59.49495467592315
105.7,1850.4515282398936,16.519871468760027,59.471537287536094
105.75,1851.2773753897497,16.514014525481958,59.45045229173505
105.80000000000001,1852.102940253807,16.508580036806077,59.43088813250188
105.85000000000001,1852.9282579565581,16.504128073240896,59.414861063667225
105.9,1853.7533723473728,16.50044755934517,59.40161121364261
105.95,1854.57831172395,16.497127503746476,59.38965901348732
106.0,1855.4030947851156,16.494194942875694,59.3791017943525
106.05000000000001,1856.2277518558035,16.492087884641474,59.37151638470931
106.10000000000001,1857.0523168450843,16.49051168659226,59.36584207173214
106.15,1857.8768107139329,16.48924306734945,59.36127504245802
106.2,1858.7012456935176,16.488156116044692,59.35736201776089
106.25,1859.525622295298,16.486907955173933,59.35286863862616
106.30000000000001,1860.349953950055,16.486358235101218,59.35088964636439
106.35000000000001,1861.1742702867075,16.48629523100583,59.35066283162099
106.4,1861.9985884607877,16.486431732197833,59.3511542359122
106.45,1862.822911621605,16.486494700498227,59.35138092179362
106.5,1863.6472469208218,16.48691726816957,59.352902165410455
106.55000000000001,1864.4716039443779,16.487363674074075,59.35450922666667
106.60000000000001,1865.295989967985,16.488077270208983,59.35707817275234
106.65,1866.120413694384,16.48887178575408,59.359938428714685
106.7,1866.9448877271786,16.490089526031305,59.364322293712696
106.75,1867.7694291968248,16.49156925981332,59.369649335327956
106.80000000000001,1868.5940389832608,16.49282219762512,59.374159911450434
106.85000000000001,1869.4187095476395,16.49400037752713,59.378401359097666
106.9,1870.243432747957,16.49492763517595,59.38173948663343
106.95,1871.0682035022546,16.495902536722287,59.38524913220024
107.0,1871.8930225777065,16.496860481353096,59.388697732871144
107.05000000000001,1872.717887308022,16.497728731271035,59.39182343257573
107.10000000000001,1873.5427871725167,16.498265848512165,59.3937570546438
107.15,1874.367713874438,16.498802228345816,59.39568802204494
107.2,1875.192678357987,16.499777113607728,59.39919760898782
107.25,1876.0176893035382,16.500660708437707,59.402378550375744
107.30000000000001,1876.8427374048729,16.50126334494825,59.4045480418137
107.35000000000001,1877.6678127438086,16.501750212478182,59.406300764921454
107.4,1878.4929125529375,16.50224215268028,59.40807174964902
107.45,1879.3180352862216,16.50266717868382,59.40960184326175
107.5,1880.1431738200838,16.502874175800798,59.410347032882875
107.55000000000001,1880.9683233864414,16.503108478502387,59.41119052260859
107.60000000000001,1881.79348510075,16.503360093841785,59.41209633783043
107.65,1882.6186584997142,16.50357586472518,59.41287311301064
107.7,1883.4438338868135,16.50343961924458,59.41238262928049
107.75,1884.2690067806575,16.503476134510958,59.41251408423945
107.80000000000001,1885.094181940015,16.50353023978791,59.412708863236475
107.85000000000001,1885.9193562993853,16.50344413502047,59.41239888607369
107.9,1886.74452542616,16.503320935968148,59.411955369485334
107.95,1887.5696724832005,16.502561345654545,59.40922084435636
108.0,1888.3947809950935,16.50177913006627,59.40640486823858
108.05000000000001,1889.2198493016601,16.500953132598557,59.403431277354805
108.10000000000001,1890.0448695028351,16.499854914398774,59.39947769183559
108.15,1890.8698179658531,16.49808360631803,59.39310098274491
108.2,1891.6946757432938,16.496227491307014,59.38641896870525
108.25,1892.5194317323737,16.49401207188805,59.37844345879699
108.30000000000001,1893.344070207763,16.49152694368488,59.36949699726558
108.35000000000001,1894.1685616346138,16.488130130342668,59.35726846923361
108.4,1894.9928836069664,16.484748763766902,59.345095549560845
108.45,1895.8170288570234,16.481061238508644,59.33182045863112
108.5,1896.6409797269766,16.476973559617203,59.317104814621935
108.55000000000001,1897.4647176595115,16.472543741781386,59.301157470412996
108.60000000000001,1898.2882073079165,16.467042194421165,59.281351899916196
108.65,1899.1114115096525,16.461125875015714,59.26005315005657
108.7,1899.9343091928665,16.45478145354214,59.23721323275171
108.75,1900.7568752397428,16.4478604215102,59.21229751743672
108.80000000000001,1901.5790688409895,16.439883628359283,59.18358106209342
108.85000000000001,1902.4008477402908,16.431272343693117,59.15258043729522
108.9,1903.2221831326458,16.422143350504406,59.119716061815865
108.95,1904.0430472464263,16.412421200716043,59.084716322577755
109.0,1904.8634127554503,16.4021991602439,59.04791697687804
109.05000000000001,1905.683230020557,16.390491444021688,59.00576919847808
109.10000000000001,1906.5024508982474,16.378343663599328,58.96203718895758
109.15,1907.3210544806154,16.365799631120687,58.91687867203448
109.2,1908.139023587647,16.352964650141107,58.870672740507985
109.25,1908.9563113882193,16.33854737275243,58.81877054190875
109.30000000000001,1909.7728644958972,16.323576934363366,58.76487696370812
109.35000000000001,1910.588661592265,16.308306920343497,58.70990491323659
109.4,1911.4036803349895,16.29244278863622,58.65279403909039
109.45,1912.2178857398737,16.275773406728035,58.59278426422093
109.5,1913.0312199239231,16.257593955246172,58.52733823888622
109.55000000000001,1913.8436350175377,16.239009789342646,58.460435241633526
109.60000000000001,1914.655107733622,16.219898854022123,58.39163587447965
109.65,1915.465623507143,16.200732086815755,58.32263551253672
109.7,1916.2751413253766,16.179980642526314,58.24793031309473
109.75,1917.0836028108658,16.158478777047634,58.170523597371485
109.80000000000001,1917.8909843490446,16.13678275010461,58.0924179003766
109.85000000000001,1918.697270146636,16.114649153549507,58.012736952778226
109.9,1919.502408156492,16.090871240698466,57.927136466514476
109.95,1920.3063469619565,16.066680977878534,57.84005152036272
110.0,1921.1090799551725,16.042638750763093,57.75349950274713
110.05000000000001,1921.910604900649,16.018359068298636,57.66609264587509
110.10000000000001,1922.7108907389309,15.993074462969751,57.57506806669111
110.15,1923.5098736290975,15.966241143690317,57.47846811728514
110.2,1924.3075117837318,15.939285041686537,57.38142615007153
110.25,1925.1037968503558,15.912117623278263,57.28362344380175
110.30000000000001,1925.8987037136023,15.884156906584927,57.18296486370574
110.35000000000001,1926.6921700277792,15.854495660485503,57.07618437774781
110.4,1927.484140308567,15.824315571024146,56.96753605568693
110.45,1928.2745942092936,15.793840458040556,56.857825648946005
110.5,1929.0635257699898,15.763421969809485,56.74831909131415
110.55000000000001,1929.8509125958094,15.732051062971745,56.63538382669829
110.60000000000001,1930.6366929193468,15.699161878523714,56.51698276268537
110.65,1931.4208310988909,15.666365303238006,56.398915091656825
110.7,1932.2033283456717,15.6335245679979,56.280688444792446
110.75,1932.9841589729024,15.59970052123274,56.158921876437866
110.80000000000001,1933.7632672268815,15.564629637934578,56.03266669656448
110.85000000000001,1934.5406238023827,15.529633382117256,55.90668017562212
110.9,1935.3162332677339,15.494745231926894,55.78108283493682
110.95,1936.090079615489,15.45910867827852,55.652791241802674
111.0,1936.8621092640515,15.422077264221887,55.5194781511988
111.05000000000001,1937.6322790633599,15.38471470811723,55.384972949222025
111.10000000000001,1938.400573059955,15.347045155681274,55.24936256045259
111.15,1939.1669876569565,15.309538724386591,55.11433940779173
111.2,1939.9315048877793,15.27115050852049,54.97614183067377
111.25,1940.6940733711042,15.231588824478951,54.833719768124226
111.30000000000001,1941.4546714213213,15.192333184207234,54.692399463146046
111.35000000000001,1942.213328767455,15.153960661140514,54.55425838010585
111.4,1942.9700695039703,15.115668799468187,54.41640767808548
111.45,1943.7248601174963,15.07595574157065,54.27344066965434
111.5,1944.4776551629022,15.035846074665521,54.12904586879588
111.55000000000001,1945.2284427642578,14.995657979558482,53.98436872641054
111.60000000000001,1945.977224006522,14.955591711004086,53.84013015961471
111.65,1946.7239825533632,14.914750162639676,53.69310058550283
111.7,1947.4686713800602,14.872802905244463,53.54209045888007
111.75,1948.2112676940585,14.831049654688462,53.391778756878466
111.80000000000001,1948.9517885809607,14.789785821402399,53.243228957048636
111.85000000000001,1949.690229185705,14.74783836836376,53.092218126109536
111.9,1950.4265476559535,14.704900441576264,52.93764158967455
111.95,1951.1607183635585,14.661927862628481,52.78294030546253
112.0,1951.8927543201848,14.619510402421138,52.6302374487161
112.05000000000001,1952.6226864612495,14.577775240163453,52.47999086458843
112.10000000000001,1953.3505189421664,14.535523996518927,52.32788638746814
112.15,1954.076224720529,14.492707137983377,52.173745696740156
112.2,1954.7998013322917,14.450357332531429,52.021286397113144
112.25,1955.5212794614276,14.408767832908783,51.87156419847162
112.30000000000001,1956.2406674470092,14.366751590352177,51.720305725267835
112.35000000000001,1956.9579389056796,14.324106756461942,51.56678432326299
112.4,1957.6730978440578,14.282250778668,51.4161028032048
112.45,1958.3861933052337,14.241567668369653,51.26964360613075
112.5,1959.0972461586841,14.200546469644788,51.12196729072124
112.55000000000001,1959.806231469309,14.158865955349874,50.97191743925955
112.60000000000001,1960.5131365773832,14.117338367614591,50.82241812341253
112.65,1961.2179907150892,14.076827140625129,50.67657770625046
112.7,1961.9208398655676,14.0371388785151,50.53369996265436
112.75,1962.6216937455488,13.997016320728589,50.38925875462292
112.80000000000001,1963.3205360964362,13.956677714762748,50.24403977314589
112.85000000000001,1964.0173879107747,13.917394858777959,50.10262149160065
112.9,1964.7123014704036,13.879147526378274,49.964931094961784
112.95,1965.4053003474692,13.840807556241726,49.82690720247022
113.0,1966.0963798335843,13.802371888357698,49.68853879808771
113.05000000000001,1966.7855446545916,13.764220951938206,49.55119542697754
113.10000000000001,1967.4728347940925,13.72738462809528,49.41858466114301
113.15,1968.1583056410211,13.6914492490514,49.28921729658504
113.2,1968.841969515761,13.65510574054427,49.15838066595937
113.25,1969.5238114278493,13.618570742983602,49.02685467474097
113.30000000000001,1970.2038600173014,13.583372835101354,48.900142206364876
113.35000000000001,1970.8821728283788,13.549139607990467,48.77690258876568
113.4,1971.5587698808995,13.51474249283452,48.65307297420427
113.45,1972.2336452586624,13.480272617682186,48.52898142365587
113.5,1972.9068293226098,13.447089940216514,48.40952378477945
113.55000000000001,1973.5783796033745,13.414921290370112,48.2937166453324
113.60000000000001,1974.2483207036028,13.382722718755616,48.17780178752022
113.65,1974.9166580130768,13.35076966020316,48.06277077673138
113.7,1975.5834112282673,13.319358947418145,47.94969221070532
113.75,1976.2486314387563,13.28944947213912,47.84201809970083
113.80000000000001,1976.9123799532854,13.260491109026509,47.737767992495435
113.85000000000001,1977.5746766986251,13.231378704563138,47.632963336427295
113.9,1978.2354901789536,13.201160508571503,47.52417783085741
113.95,1978.8948055587996,13.17145468526795,47.41723686696462
114.0,1979.5526619774846,13.142802062128634,47.31408742366308
114.05000000000001,1980.2090790392265,13.113880407544611,47.209969467160604
114.10000000000001,1980.864055024973,13.08515902230967,47.10657248031481
114.15,1981.5176044274904,13.056817078391155,47.00454148220816
114.2,1982.169763588146,13.029549347831255,46.90637765219252
114.25,1982.820575346057,13.002920968609176,46.81051548699303
114.30000000000001,1983.470049064935,12.976027786513425,46.71370003144833
114.35000000000001,1984.118176749113,12.949079580607526,46.61668649018709
114.4,1984.7649893032137,12.923422583424125,46.524321300326854
114.45,1985.4105345803262,12.898388501072992,46.43419860386277
114.5,1986.0548191824075,12.872995582183593,46.342784095860935
114.55000000000001,1986.6978299923787,12.847436816664137,46.2507725399909
114.60000000000001,1987.3395662719374,12.822014365680415,46.159251716449496
114.65,1987.980058326822,12.797667829699888,46.0716041869196
114.7,1988.6193391611926,12.773565545123283,45.98483596244382
114.75,1989.2574030840974,12.74899137106856,45.896368935846816
114.80000000000001,1989.894235862389,12.72431976059777,45.80755113815197
114.85000000000001,1990.5298615111094,12.700706188222004,45.72254227759922
114.9,1991.1643180735352,12.677556308809741,45.63920271171507
114.95,1991.7976024538627,12.653818904286604,45.553748055431775
115.0,1992.4296932766747,12.629814008194574,45.467330429500464
115.05000000000001,1993.0606050835222,12.606658265701501,45.3839697565254
115.10000000000001,1993.6903655139527,12.583758951514296,45.30153222545147
115.15,1994.318968785134,12.560371895738848,45.217338824659855
115.2,1994.9463986888786,12.536824254044419,45.13256731455991
115.25,1995.572655796829,12.513460063969209,45.048456230289155
115.30000000000001,1996.1977661387089,12.490953611223313,44.96743300040393
115.35000000000001,1996.821756287715,12.468652349022873,44.88714845648234
115.4,1997.4446121420451,12.445581824180675,44.80409456705043
115.45,1998.0663200261145,12.422733538591325,44.72184073892877
115.5,1998.6869049420905,12.400663100449481,44.64238716161813
115.55000000000001,1999.306386560654,12.378601642087267,44.56296591151416
115.60000000000001,1999.92474576263,12.355766436954474,44.480759173036105
115.65,2000.541953245669,12.332532884606385,44.39711838458299
115.7,2001.1579922398498,12.30902688262265,44.31249677744154
115.75,2001.7728749242904,12.286280494995077,44.23060978198228
115.80000000000001,2002.3866238265298,12.26367559458629,44.14923214051065
115.85000000000001,2002.9992185081276,12.240111669321548,44.064402009557575
115.9,2003.6106367327932,12.216617317300669,43.97982234228241
115.95,2004.2208931880841,12.193640894333255,43.89710721959972
116.0,2004.8300026115862,12.170736045749262,43.81464976469734
116.05000000000001,2005.4379466470707,12.14702537363004,43.72929134506815
116.10000000000001,2006.0447043339182,12.123282100265092,43.64381556095433
116.15,2006.6502974953573,12.100444357298358,43.561599686274086
116.2,2007.254750461716,12.077674297047047,43.47962746936937
116.25,2007.8580458037634,12.054139384849295,43.39490178545746
116.30000000000001,2008.460159712229,12.030416953769178,43.30950103356904
116.35000000000001,2009.0610948665055,12.006989217296832,43.22516118226859
116.4,2009.6608744321572,11.984193408773343,43.143096271584035
116.45,2010.259524000277,11.961789316021102,43.062441537675966
116.5,2010.8570423744404,11.938945650520076,42.98020434187227
116.55000000000001,2011.45341505583,11.915961605063679,42.89746177822924
116.60000000000001,2012.048657672572,11.893743064620228,42.81747503263282
116.65,2012.642797008689,11.871830380061311,42.73858936822072
116.7,2013.2358234202852,11.849226083788974,42.657213901640304
116.75,2013.827725518901,11.826857860841123,42.57668829902804
116.80000000000001,2014.418504403957,11.80429754140032,42.49547114904115
116.85000000000001,2015.0081765574823,11.782588599610172,42.41731895859662
116.9,2015.5967627062787,11.76085735224222,42.339086468072
116.95,2016.1842424821932,11.738333684334556,42.258001263604406
117.0,2016.7705974893458,11.715866601774202,42.17711976638713
117.05000000000001,2017.3558571195067,11.694518604662774,42.10026697678599
117.10000000000001,2017.9400497285571,11.673185757357652,42.02346872648755
117.15,2018.5231646063085,11.651409352691678,41.94507366969004
117.2,2019.1051998126989,11.6299989029274,41.867996050538636
117.25,2019.6861647179655,11.608597307737105,41.79095030785358
117.30000000000001,2020.2660860375327,11.588255474946331,41.717719709806794
117.35000000000001,2020.8449874073917,11.567799319415379,41.644077549895364
117.4,2021.422851542356,11.54676607915769,41.56835788496768
117.45,2021.9996654788886,11.525791382140993,41.492848975707574
117.5,2022.5754539153006,11.50574607434163,41.42068586762987
117.55000000000001,2023.1502387648732,11.485647908559345,41.348332470813645
117.60000000000001,2023.7240106464656,11.465227355138508,41.27481847849863
117.65,2024.2967698040138,11.445138946793499,41.2025002084566
117.7,2024.8685413712974,11.425723744547941,41.13260548037259
117.75,2025.43933681767,11.406094110351264,41.06193879726455
117.80000000000001,2026.0091427956968,11.386145010723626,40.99012203860505
117.85000000000001,2026.577961838436,11.366616698850011,40.91982011586004
117.9,2027.1457977061534,11.346818009839842,40.84854483542343
117.95,2027.7126616279688,11.327738862773293,40.779859905983855
118.0,2028.2785677971501,11.308507904475931,40.710628456113355
118.05000000000001,2028.8435067387043,11.289049757692498,40.640579127692995
118.10000000000001,2029.407482542305,11.26998238633214,40.57193659079571
118.15,2029.9705278718275,11.251830794565876,40.50659086043716
118.2,2030.5326689871877,11.233813819838682,40.44172975141925
118.25,2031.093903150163,11.215552699172198,40.37598971701991
118.30000000000001,2031.6542278064353,11.197433551722128,40.31076078619966
118.35000000000001,2032.2136549051593,11.17965039723231,40.246741430036316
118.4,2032.7722109761953,11.162592444211734,40.185332799162246
118.45,2033.3299072994912,11.145260487622862,40.1229377554423
118.5,2033.886735056218,11.127849781445319,40.060259213203146
118.55000000000001,2034.4426997530582,11.110738092158785,39.99865713177163
118.60000000000001,2034.997826558357,11.094334119795553,39.93960283126399
118.65,2035.5521337836994,11.077954893905705,39.88063761806054
118.7,2036.105616697712,11.061361666603174,39.82090199977143
118.75,2036.6582850024058,11.045370521142491,39.763333876112966
118.80000000000001,2037.21017879938,11.030381357826647,39.70937288817593
118.85000000000001,2037.7613230816,11.015389930977085,39.655403751517504
118.9,2038.311703073181,10.99980973226031,39.59931503613712
118.95,2038.8613057057125,10.984295568998178,39.54346404839344
119.0,2039.4101338359437,10.968829640250862,39.4877867049031
119.05000000000001,2039.9581991874152,10.95378441860362,39.43362390697303
119.10000000000001,2040.5055075782063,10.938551213046418,39.3787843669671
119.15,2041.05204794815,10.92306358470126,39.32302890492454
119.2,2041.5978162974077,10.907670385609084,39.2676133881927
119.25,2042.1428287202377,10.892826527592902,39.21417549933445
119.30000000000001,2042.6871009858553,10.878064097106764,39.16103074958435
119.35000000000001,2043.2306314740972,10.863155432571594,39.10735955725774
119.4,2043.773426351336,10.84863965697689,39.0551027651168
119.45,2044.31550639126,10.834561939987605,39.00442298395538
119.5,2044.85689662561,10.821047434017759,38.955770762463935
119.55000000000001,2045.3976081171595,10.807412227962013,38.90668402066325
119.60000000000001,2045.93762282201,10.793175966059394,38.85543347781382
119.65,2046.476933406047,10.779247395417816,38.805290623504135
119.7,2047.015556665262,10.76568297318322,38.75645870345959
119.75,2047.5534885554666,10.751592635003975,38.70573348601431
119.80000000000001,2048.0907038319097,10.737018422708301,38.65326632174988
119.85000000000001,2048.6271895474993,10.722410200872238,38.600676723140054
119.9,2049.1629511683836,10.708054634504194,38.5489966842151
119.95,2049.69800221347,10.69398716893838,38.498353808178166
120.0,2050.2323340522366,10.679286381723562,38.445430974204825
120.05000000000001,2050.765907458377,10.663649863894303,38.38913951001949
120.10000000000001,2051.2986978005074,10.647963821317582,38.33266975674329
120.15,2051.830705304278,10.63233632950955,38.276410786234386
120.2,2052.361912662822,10.615958012243986,38.217448844078355
120.25,2052.8922879253346,10.599052488263426,38.15658895774833
120.30000000000001,2053.4218269338403,10.582507851966135,38.09702826707809
120.35000000000001,2053.950543349124,10.56614875937454,38.038135533748346
120.4,2054.4784260222295,10.549158164840536,37.97696939342593
120.45,2055.0054503836727,10.531816292886296,37.91453865439067
120.5,2055.5316091962254,10.514536209226845,37.852330353216644
120.55000000000001,2056.0569027521856,10.497206029175503,37.789941705031815
120.60000000000001,2056.581328659739,10.479830272963332,37.727388982667996
120.65,2057.1048644445937,10.461601121215654,37.661764036376354
120.7,2057.627463506867,10.442361369718121,37.59250093098524
120.75,2058.1490985047267,10.42303854465878,37.52293876077161
120.80000000000001,2058.669764852087,10.40361534976105,37.45301525913978
120.85000000000001,2059.1894353307143,10.38320379532316,37.37953366316338
120.9,2059.708060849103,10.361816940217135,37.302540984781686
120.95,2060.2256092130406,10.340117617293101,37.224423422255164
121.0,2060.74207155405,10.318376023099585,37.14615368315851
121.05000000000001,2061.257444691056,10.296549457134502,37.06757804568421
121.10000000000001,2061.7717032275677,10.273792003325,36.98565121197
121.15,2062.2848024598234,10.25017728689225,36.9006382328121
121.2,2062.796718601525,10.226468381171204,36.81528617221633
121.25,2063.307442258825,10.202477910843507,36.728920479036624
121.30000000000001,2063.8169329786983,10.177150884075177,36.63774318267064
121.35000000000001,2064.3251279521887,10.150648055543975,36.54233299995831
121.4,2064.8319966535782,10.124100000045106,36.44676000016238
121.45,2065.337533839583,10.097387440151424,36.35059478454513
121.5,2065.8417266774754,10.070326075533787,36.25317387192163
121.55000000000001,2066.344544009901,10.042367221485666,36.1525219973484
121.60000000000001,2066.8459529963807,10.013992237717604,36.05037205578338
121.65,2067.345948536769,9.985829377815236,35.94898576013485
121.7,2067.844535556379,9.957651406590013,35.84754506372405
121.75,2068.3416945765307,9.928709399482633,35.74335383813748
121.80000000000001,2068.8373914151593,9.899164145660023,35.636990924376086
121.85000000000001,2069.331616098976,9.869823207018735,35.531363545267446
121.9,2069.8243743255643,9.840505856506578,35.425821083423685
121.95,2070.3156412399517,9.810170718979625,35.31661458832665
122.0,2070.8053754145662,9.779196265602584,35.205106556169305
122.05000000000001,2071.29355883232,9.74814044453305,35.09330560031898
122.10000000000001,2071.7801998718182,9.717501135406337,34.98300408746282
122.15,2072.265312071116,9.686986836512265,34.873152611444155
122.2,2072.74887601014,9.655570724445019,34.760054608002065
122.25,2073.230863635995,9.623934309741331,34.64616351506879
122.30000000000001,2073.7112868216495,9.59299311643751,34.53477521917504
122.35000000000001,2074.1901680942283,9.562257786717101,34.424128032181564
122.4,2074.667490460612,9.530636868631682,34.31029272707406
122.45,2075.1432192551615,9.49851491334746,34.194653688050856
122.5,2075.6173387609006,9.466265316207641,34.07855513834751
122.55000000000001,2076.0898617427288,9.43465395692035,33.96475424491326
122.60000000000001,2076.5608137662143,9.403426982498528,33.852337136994706
122.65,2077.030184863121,9.37141689377306,33.73710081758302
122.7,2077.4979564414057,9.339446237605522,33.62200645537988
122.75,2077.964150965288,9.30833471769074,33.51000498368666
122.80000000000001,2078.4287995428635,9.277608385340201,33.399390187224725
122.85000000000001,2078.891892642081,9.24611558335556,33.28601610008002
122.9,2079.353409530746,9.214559963240488,33.172415867665755
122.95,2079.813368769322,9.183809579807185,33.06171448730587
123.0,2080.2718008928605,9.15347536173519,32.952511302246684
123.05000000000001,2080.7286980254135,9.122409940388353,32.84067578539807
123.10000000000001,2081.1840418233073,9.091341975369769,32.72883111133117
123.15,2081.637828407074,9.060121375297948,32.616436951072615
123.2,2082.0900805817964,9.029965613600789,32.50787620896284
123.25,2082.540832889423,9.000126691472634,32.400456089301485
123.30000000000001,2082.990075318824,8.96957048455908,32.29045374441269
123.35000000000001,2083.437794049755,8.939178752697664,32.18104350971159
123.4,2083.884017528435,8.90976039448964,32.075137420162704
123.45,2084.3287818854888,8.880813887660347,31.97092999557725
123.5,2084.7720819324904,8.851187992414799,31.864276772693277
123.55000000000001,2085.21390777402,8.821845668753268,31.758644407511763
123.60000000000001,2085.6542627047284,8.792351559593373,31.65246561453614
123.65,2086.0931758433135,8.764173983802912,31.551026341690484
123.7,2086.530684542492,8.736173983338979,31.450226340020325
123.75,2086.9667762756217,8.707495341851997,31.346983230667192
123.80000000000001,2087.4014327496566,8.678763619546775,31.24354903036839
123.85000000000001,2087.834684653451,8.651312532232058,31.14472511603541
123.9,2088.266570238672,8.62411087660883,31.04679915579179
123.95,2088.697072560285,8.595981987917023,30.945535156501283
124.0,2089.126178253206,8.56824572892086,30.845684624115098
124.05000000000001,2089.553895914742,8.540460732513349,30.745658637048056
124.10000000000001,2089.9802500130277,8.513703198905384,30.649331516059384
124.15,2090.405264541576,8.486877943023158,30.55276059488337
124.2,2090.828917397339,8.459236287492496,30.45325063497299
124.25,2091.2512008198323,8.432100612248792,30.35556220409565
124.30000000000001,2091.672152914256,8.405983164697673,30.261539392911626
124.35000000000001,2092.091797456987,8.379798544548112,30.167274760373207
124.4,2092.510110642421,8.352728872804732,30.069823942097038
124.45,2092.9270665943163,8.325509203008005,29.97183313082882
124.5,2093.3426867042767,8.299295195403525,29.877462703452693
124.55000000000001,2093.757003948627,8.273394578605425,29.784220482979528
124.60000000000001,2094.1699973957425,8.246343306023704,29.686835901685335
124.65,2094.581639433164,8.219338190848898,29.589617487056035
124.7,2094.991932852454,8.192398580733045,29.49263489063896
124.75,2095.400909556223,8.166669570024705,29.40001045208894
124.80000000000001,2095.8085954311186,8.140765425807182,29.306755532905854
124.85000000000001,2096.21495880592,8.113769566248495,29.20957043849458
124.9,2096.6199693723443,8.086653090714451,29.111951126572023
124.95,2097.0236468265275,8.06044507661973,29.01760227583103
125.0,2097.426010605579,8.034106085436823,28.922781907572563
125.05000000000001,2097.827033368595,8.00680443520807,28.82449596674905
125.10000000000001,2098.226690370633,7.979475646309969,28.72611232671589
125.15,2098.6249775357055,7.952010956592458,28.62723944373285
125.2,2099.021914447758,7.925465525496099,28.53167589178596
125.25,2099.4175113370356,7.898410045620617,28.43427616423422
125.30000000000001,2099.811732526296,7.870437524800177,28.33357508928064
125.35000000000001,2100.204554738483,7.842450962665867,28.23282346559712
125.4,2100.5960040431873,7.815521225514459,28.135876411852053
125.45,2100.9860988502696,7.78827105777323,28.03777580798363
125.5,2101.374817425362,7.760471945927029,27.937699005337304
125.55000000000001,2101.762143173693,7.732557987320458,27.83720875435365
125.60000000000001,2102.1480976460466,7.7056209068195285,27.740235264550304
125.65,2102.53270662778,7.678738362518044,27.64345810506496
125.7,2102.915959764682,7.651387113570637,27.544993608854295
125.75,2103.297851227474,7.624271398103994,27.447377033174376
125.80000000000001,2103.6783933690003,7.597414262944057,27.350691346598605
125.85000000000001,2104.057624488817,7.57183052972897,27.258589907024295
125.9,2104.435578873275,7.546344848588387,27.166841454918192
125.95,2104.8122458032863,7.5203323518660214,27.07319646671768
126.0,2105.1876183460126,7.494569357196113,26.980449685906006
126.05000000000001,2105.561728640029,7.469842403448748,26.891432652415492
126.10000000000001,2105.9345980621015,7.444934479458342,26.80176412605003
126.15,2106.3062067393757,7.419412611504956,26.709885401417843
126.2,2106.676538465206,7.393856421688391,26.617883118078208
126.25,2107.0456007793487,7.3686361440245065,26.527090118488225
126.30000000000001,2107.4134219519547,7.344210760211119,26.43915873676003
126.35000000000001,2107.7800181998796,7.3196391567896075,26.350700964442588
126.4,2108.145364692797,7.294220559912184,26.259194015683864
126.45,2108.509449093085,7.269155451602066,26.16895962576744
126.5,2108.872304870732,7.245075654266668,26.082272355360008
126.55000000000001,2109.2339448016833,7.220521583783457,25.993877701620445
126.60000000000001,2109.5943426982662,7.195394279530469,25.90341940630969
126.65,2109.9534876102657,7.1704022004472865,25.813447921610233
126.7,2110.311389840518,7.145687009655105,25.724473234758378
126.75,2110.668070785257,7.121550779907639,25.6375828076675
126.80000000000001,2111.023525998209,7.0966577381828895,25.547967857458403
126.85000000000001,2111.3777169648833,7.070980928780738,25.45553134361066
126.9,2111.7306305390225,7.045562036786695,25.3640233324321
126.95,2112.082289129628,7.020781587429378,25.27481371474576
127.0,2112.432701466575,6.995711890447568,25.184562805611247
127.05000000000001,2112.7818453134137,6.970041983102651,25.092151139169545
127.10000000000001,2113.129714398995,6.944721440143245,25.000997184515683
127.15,2113.4763328274043,6.920015696232245,24.912056506436084
127.2,2113.8217058518217,6.8949052804541475,24.82165900963493
127.25,2114.165806464425,6.869119223672448,24.728829205220812
127.30000000000001,2114.508615932506,6.843259499575902,24.635734198473248
127.35000000000001,2114.850138564372,6.817645775076707,24.543524790276148
127.4,2115.1903935471146,6.792553534626368,24.453192724654926
127.45,2115.5293860984502,6.767148518797645,24.36173466767152
127.5,2115.8670926106106,6.741111967612734,24.268003083405844
127.55000000000001,2116.2035052219617,6.715392486436663,24.17541295117199
127.60000000000001,2116.5386439257272,6.690155664190941,24.08456039108739
127.65,2116.872512231074,6.664576549681541,23.992475578853547
127.7,2117.2050858319258,6.638367484397093,23.898122943829534
127.75,2117.536348759881,6.612149633824239,23.80373868176726
127.80000000000001,2117.866312207505,6.586388271129268,23.710997776065366
127.85000000000001,2118.1949986161135,6.5610680732151145,23.619845063574413
127.9,2118.522408511352,6.535327736311895,23.52717985072282
127.95,2118.848517870888,6.50904664513557,23.432567922488055
128.0,2119.173325482697,6.483257827223725,23.339728178005412
128.05,2119.496857305757,6.4580150951947175,23.248854342700984
128.1,2119.8191213122427,6.432545164233031,23.15716259123891
128.15,2120.140101265017,6.406652946736606,23.06395060825178
128.20000000000002,2120.459797228027,6.381185573657125,22.97226806516565
128.25,2120.778231197032,6.356173186525475,22.88222347149171
128.3,2121.095407648129,6.330884857365609,22.79118548651619
128.35,2121.4113139758065,6.305368249739232,22.699325699061234
128.4,2121.7259386873097,6.279620210384409,22.606632757383874
128.45000000000002,2122.039278790421,6.253983914072585,22.514342090661305
128.5,2122.351346624618,6.2287294538079925,22.423426033708772
128.55,2122.662144179553,6.203172743581457,22.331421876893245
128.6,2122.971657343902,6.177353830380322,22.23847378936916
128.65,2123.2798946540574,6.152138575844037,22.147698873038536
128.70000000000002,2123.586883925502,6.12743228194996,22.058756215019855
128.75,2123.8926308431296,6.1024444231419785,21.968799923311124
128.8,2124.197131665144,6.077588457420547,21.87931844671397
128.85,2124.500399552158,6.053127023137939,21.79125728329658
128.9,2124.8024614339743,6.029348249517289,21.705653698262243
128.95000000000002,2125.103353176933,6.006321468839206,21.622757287821145
129.0,2125.403092955711,5.9832696822892935,21.539770856241457
129.05,2125.701680457354,5.960230383427859,21.456829380340295
129.1,2125.9991385702047,5.938094130592736,21.37713887013385
129.15,2126.2955131096796,5.91688744840791,21.300794814268475
129.20000000000002,2126.5908328567393,5.895902433985132,21.225248762346475
129.25,2126.885109849454,5.87517727458544,21.150638188507582
129.3,2127.178359456827,5.854807020343551,21.077305273236785
129.35,2127.4706064150205,5.835071307391919,21.00625670661091
129.4,2127.761890357854,5.816286405959523,20.93863106145428
129.45000000000002,2128.052247446597,5.797997143749515,20.872789717498254
129.5,2128.341698651299,5.780051044328085,20.808183759581105
129.55,2128.630281632353,5.76326819783768,20.747765512215647
129.6,2128.9180498765554,5.747461570241349,20.690861652868858
129.65,2129.2050346479587,5.731929285881631,20.63494542917387
129.70000000000002,2129.4912563320545,5.716938077949917,20.5809770806197
129.75,2129.776760064656,5.703211226124,20.5315604140464
129.8,2130.0615998247467,5.690379177491366,20.48536503896892
129.85,2130.3458000296714,5.677629019496031,20.43946447018571
129.9,2130.6293705912008,5.665193441683896,20.394696390062027
129.95000000000002,2130.9123249640606,5.652981472705383,20.35073330173938
130.0,2131.194682028761,5.64130111529938,20.30868401507777
130.05,2131.476477611301,5.630522186308832,20.269879870711797
130.1,2131.7577381132273,5.6198978907458,20.23163240668488
130.15,2132.038464823179,5.609170507306477,20.193013826303318
130.20000000000002,2132.3186753601644,5.599250972123616,20.157303499645018
130.25,2132.598403413074,5.589871144248861,20.123536119295903
130.3,2132.877647678034,5.579899454155034,20.087638034958122
130.35,2133.156376567391,5.569256120113416,20.0493220324083
130.4,2133.434580396526,5.558897045288294,20.012029363037858
130.45000000000002,2133.7122824038147,5.549183246255617,19.97705968652022
130.5,2133.989497742942,5.5394303188456036,19.941949147844173
130.55,2134.2662070070414,5.528940245117317,19.904184882422342
130.6,2134.5423819170514,5.518056155290504,19.865002159045815
130.65,2134.8180327141895,5.507975730238512,19.828712628858646
130.70000000000002,2135.093177662284,5.497822193538937,19.792159896740174
130.75,2135.3677883620553,5.4866057973284095,19.751780870382273
130.8,2135.6418270679023,5.474942436550394,19.709792771581416
130.85,2135.9152808256395,5.463207872934789,19.66754834256524
130.9,2136.1881228315397,5.450472363078235,19.621700507081645
130.95000000000002,2136.460323496066,5.437554217973993,19.575195184706377
131.0,2136.7318554029266,5.423722056447676,19.525399403211633
131.05,2137.002683005889,5.409382062051725,19.473775423386208
131.1,2137.2727926600364,5.395004103844567,19.42201477384044
131.15,2137.5421741920277,5.3802571758145,19.368925832932202
131.20000000000002,2137.810787171856,5.36426201732084,19.311343262355024
131.25,2138.0785817974033,5.347523004558834,19.251082816411802
131.3,2138.345554747489,5.3313949988808815,19.193021995971176
131.35,2138.61171028229,5.314826393153339,19.133375015352023
131.4,2138.8770044010294,5.29693835642902,19.068978083144472
131.45000000000002,2139.141391384649,5.278540988361611,19.0027475581018
131.5,2139.4048482965827,5.259735488987429,18.935047760354745
131.55,2139.6673501040027,5.240336807818846,18.865212508147845
131.6,2139.9288945423023,5.221440724157203,18.79718660696593
131.65,2140.189467083023,5.201460904671497,18.725259256817388
131.70000000000002,2140.4490247099966,5.18084417428267,18.65103902741761
131.75,2140.7075545744146,5.16035040244379,18.577261448797643
131.8,2140.9650509746616,5.139505607436624,18.502220186771847
131.85,2141.221475839034,5.117488967472239,18.42296028290006
131.9,2141.4767875724524,5.0949803692546345,18.341929329316685
131.95000000000002,2141.730983159762,5.072843123146992,18.262235243329172
132.0,2141.9840723518664,5.050724561024645,18.182608419688723
132.05,2142.236054784791,5.028572755958442,18.10286192145039
132.1,2142.4868970006955,5.00511588021488,18.018417168773567
132.15,2142.7365550878203,4.9812076047818845,17.932347377214786
132.20000000000002,2142.985007623123,4.95689380731241,17.844817706324676
132.25,2143.2322560279363,4.933042385228252,17.75895258682171
132.3,2143.478281393284,4.90797222867259,17.668700023221326
132.35,2143.723048289841,4.882703633612367,17.577733081004524
132.4,2143.966564322195,4.857937660562521,17.488575578025074
132.45000000000002,2144.2088364885935,4.83294899536873,17.39861638332743
132.5,2144.4498330278775,4.8069125759954066,17.304885273583466
132.55,2144.6895189701336,4.780525114250477,17.209890411301718
132.6,2144.927888034027,4.754237441481922,17.11525478933492
132.65,2145.1649506048184,4.728265390177386,17.02175540463859
132.70000000000002,2145.4007171685826,4.7023971603927714,16.928629777413978
132.75,2145.6351557171743,4.675144783271182,16.830521219776255
132.8,2145.8682253896463,4.647642115608826,16.731511616191774
132.85,2146.099918937813,4.620099811065219,16.63235931983479
132.9,2146.330274504991,4.594122876049184,16.538842353777063
132.95000000000002,2146.5592885431247,4.566438649293184,16.439179137455465
133.0,2146.7869168710554,4.538694467928997,16.33930008454439
133.05,2147.0131634485806,4.511168633074283,16.24020707906742
133.1,2147.238048517745,4.484234133499543,16.143242880598354
133.15,2147.46156264447,4.456330935511673,16.042791367842025
133.20000000000002,2147.6836345151887,4.426543893226135,15.935558015614088
133.25,2147.9042402471077,4.3976853835362375,15.831667380730455
133.3,2148.1234142932817,4.3692764634308405,15.729395268351027
133.35,2148.3411569014856,4.340427864727962,15.625540313020664
133.4,2148.5574322753314,4.310587089095373,15.518113520743343
133.45000000000002,2148.77222956077,4.281304328447928,15.41269558241254
133.5,2148.9855327433256,4.250822973770872,15.30296270557514
133.55,2149.197351078255,4.22191042340399,15.198877524254366
133.6,2149.407715799804,4.192678438561896,15.093642378822826
133.65,2149.616590559453,4.162311947390509,14.984323010605832
133.70000000000002,2149.823949793143,4.1320574002056585,14.875406640740371
133.75,2150.029814220004,4.102519674238065,14.769070827257035
133.8,2150.2341936856974,4.072658953499756,14.661572232599122
133.85,2150.4370463402056,4.041447226821172,14.54921001655622
133.9,2150.6383689582385,4.011457494492864,14.44124698017431
133.95000000000002,2150.8382078751374,3.9820991814558826,14.335557053241178
134.0,2151.0365743780276,3.9525609341565615,14.229219362963622
134.05,2151.2334449821847,3.922263232119075,14.12014763562867
134.1,2151.42881102795,3.892378598485094,14.012562954546338
134.15,2151.622655243022,3.8613900043977982,13.901004015832074
134.20000000000002,2151.8149913807497,3.832055504706479,13.795399816943323
134.25,2152.0058544019944,3.8024653450725268,13.688875242261096
134.3,2152.1952113800635,3.7718137776986005,13.578529599714962
134.35,2152.383044660393,3.741517435486602,13.469462767751766
134.4,2152.569382419146,3.7119929146435213,13.363174492716677
134.45000000000002,2152.754237604488,3.682214499026965,13.255972196497074
134.5,2152.9375720708304,3.6511641546674483,13.144190956802815
134.55,2153.1193761660065,3.6209996523872143,13.035598748593971
134.6,2153.2996704274838,3.5907708066952515,12.926774904102906
134.65,2153.4784748665993,3.561406757933872,12.82106432856194
134.70000000000002,2153.6558079266524,3.5319156441846284,12.714896319064662
134.75,2153.831652384711,3.5018626781660442,12.60670564139776
134.8,2154.005977464141,3.471140499032717,12.496105796517782
134.85,2154.1788069087834,3.442037286660883,12.39133423197918
134.9,2154.350169329699,3.412459549961812,12.284854379862525
134.95000000000002,2154.520028437518,3.3819047627881047,12.174857146037176
135.0,2154.688367936988,3.3516752160213397,12.066030777676824
135.05,2154.855215396897,3.3222231803367315,11.960003449212234
135.1,2155.020586719929,3.2926297409293706,11.853467067345735
135.15,2155.1844546854772,3.262088881001811,11.743519971606519
135.20000000000002,2155.346812922384,3.232240595258068,11.636066142929046
135.25,2155.5076801975038,3.202450409542693,11.528821474353695
135.3,2155.6670786580357,3.1734880117357593,11.424556842248734
135.35,2155.825026175213,3.144412675363943,11.319885631310195
135.4,2155.981502474845,3.114639309913265,11.212701515687755
135.45000000000002,2156.1364793657876,3.084436327790211,11.10397078004476
135.5,2156.2899826782823,3.0556961720014026,11.00050621920505
135.55,2156.442038337343,3.0265301904291935,10.895508685545098
135.6,2156.5926141455793,2.9965021390282622,10.787407700501744
135.65,2156.7416962341254,2.9667814028105535,10.680413050117993
135.70000000000002,2156.8893058651156,2.93760383679722,10.575373812469993
135.75,2157.0354660430326,2.908803279884631,10.471691807584671
135.8,2157.1801791746016,2.8797219828791354,10.366999138364887
135.85,2157.323418208932,2.849839390327615,10.259421805179414
135.9,2157.4651693110736,2.820204695352765,10.152736903269954
135.95000000000002,2157.605456840921,2.791296498532127,10.048667394715658
136.0,2157.744294590664,2.7622134912021528,9.943968568327751
136.05,2157.881657691269,2.732310532992203,9.83631791877193
136.1,2158.0175091215115,2.7017466767050196,9.72628803613807
136.15,2158.15185481693,2.6720811400462443,9.61949210416648
136.20000000000002,2158.28473040281,2.6429422951462365,9.51459226252645
136.25,2158.416136951729,2.6133196616229766,9.407950781842716
136.3,2158.5460535807206,2.5833454980406043,9.300043792946175
136.35,2158.6744885633293,2.55405380631315,9.19459370272734
136.4,2158.8014659510222,2.525041701404023,9.090150125054484
136.45000000000002,2158.9269806681123,2.4955469821930656,8.983969135895036
136.5,2159.0510064549003,2.4654844893306747,8.87574416159043
136.55,2159.1735414288314,2.435914467911026,8.769292084479693
136.6,2159.294614440497,2.407005998710503,8.665221595357812
136.65,2159.4142390385805,2.377977924627818,8.560720528660145
136.70000000000002,2159.532392426477,2.3481575912364927,8.453367328451375
136.75,2159.649047356172,2.318039596554919,8.344942547597709
136.8,2159.76422400824,2.289026486159963,8.240495350175868
136.85,2159.877962737561,2.2605226866757686,8.137881672032767
136.9,2159.990262710083,2.2314762141995574,8.033314371118408
136.95000000000002,2160.1011065587822,2.202277733773726,7.928199841585413
137.0,2160.210506261219,2.173710363696211,7.82535730930636
137.05,2160.3184965921973,2.1459028754386935,7.725250351579297
137.1,2160.4250943728384,2.1180083502077744,7.624830060747988
137.15,2160.530281713679,2.0894852834182376,7.522147020305655
137.20000000000002,2160.6340379662056,2.060764817638248,7.418753343497693
137.25,2160.736358937037,2.032074015610546,7.315466456197965
137.3,2160.8372687571245,2.0043187878822604,7.2155476363761375
137.35,2160.9367776964937,1.9760387868836724,7.113739632781221
137.4,2161.03484522721,1.9466624417756937,7.007984790392498
137.45000000000002,2161.1314561579884,1.9177747893579868,6.903989241688753
137.5,2161.226627947045,1.889096772900661,6.80074838244238
137.55,2161.320347000309,1.8596653576641275,6.69479528759086
137.6,2161.4125818525995,1.8297287339604709,6.587023442257696
137.65,2161.5033499038564,1.800993316321996,6.483575938759186
137.70000000000002,2161.5926890834344,1.7725738668058695,6.38126592050113
137.75,2161.680581183608,1.7431101401401201,6.275196504504432
137.8,2161.7669882499313,1.7131725127941504,6.167421046058942
137.85,2161.851894075054,1.6830604921117616,6.059017771602342
137.9,2161.935295158063,1.652982828242603,5.950738181673371
137.95000000000002,2162.017221691841,1.6240785228595203,5.846682682294273
138.0,2162.097687670795,1.5945606353040034,5.740418287094412
138.05,2162.176654294084,1.5641042962540632,5.630775466514628
138.1,2162.254114768057,1.5343146626725392,5.523532785621142
138.15,2162.3300898830735,1.504689937984558,5.416883776744409
138.20000000000002,2162.4045645073625,1.4742950335810745,5.307462120891868
138.25,2162.4775142051835,1.4436928792681063,5.197294365365183
138.3,2162.548933973711,1.4130978618305652,5.0871523025900345
138.35,2162.618836673746,1.3830101395697043,4.978836502450935
138.4,2162.6872440324664,1.3532842092380346,4.8718231532569245
138.45000000000002,2162.7541453087983,1.3227668440346556,4.76196063852476
138.5,2162.8195096876084,1.2918083083662797,4.650509910118607
138.55,2162.883334882561,1.26119948973318,4.540318163039448
138.6,2162.945664659109,1.2319915721814525,4.435169659853229
138.65,2163.006516087141,1.2020655490944365,4.327435976739972
138.70000000000002,2163.0658584818257,1.1716302382942694,4.2178688578593695
138.75,2163.1236788459187,1.1411843254180094,4.108263571504834
138.8,2163.1799929079007,1.1113781538605934,4.000961353898136
138.85,2163.2348138250395,1.0814585317009704,3.8932507141234933
138.9,2163.2881370602017,1.0514708747906643,3.7852951492463913
138.95000000000002,2163.339960908217,1.021483045818609,3.6773389649469927
139.0,2163.3903026947946,0.9921884172890386,3.571878302240539
139.05,2163.4391870159907,0.9631844305449875,3.467463949961955
139.1,2163.486606570259,0.9335977401828022,3.360951864658088
139.15,2163.532547845869,0.904053284219726,3.2545918231910136
139.20000000000002,2163.577028642023,0.8751785619349882,3.1506428229659575
139.25,2163.6201026811545,0.8477830033241008,3.052018811966763
139.3,2163.6617913068685,0.8197620252303395,2.951143290829222
139.35,2163.7020688095317,0.791338081292417,2.8488170926527014
139.4,2163.7409276933836,0.7630172727782024,2.7468621820015287
139.45000000000002,2163.7783959220237,0.7357118728323964,2.648562742196627
139.5,2163.8145049824584,0.7086505445474396,2.551141960370783
139.55,2163.84927931505,0.6823227591161842,2.4563619328182633
139.6,2163.8827163981837,0.6551605662384972,2.3585780384585897
139.65,2163.9148130272597,0.6287045968035213,2.263336548492677
139.70000000000002,2163.9456613568227,0.6052285857198301,2.178822908591388
139.75,2163.9753386188713,0.5818618962173159,2.094702826382337
139.8,2164.0038721436604,0.5594790953380261,2.014124743216894
139.85,2164.0312495475596,0.535617060631912,1.9282214182748831
139.9,2164.0574333089985,0.5117333969171232,1.8422402289016435
139.95000000000002,2164.082431294377,0.4881860182256725,1.757469665612421
140.0,2164.1062604539884,0.4649803662324023,1.6739293184366484
140.05,2164.1289380102094,0.4421218826121603,1.591638777403777
140.1,2164.1504814575005,0.4196160090397935,1.5106176325432568
140.15,2164.170908562406,0.3974681871901433,1.430885473884516
140.20000000000002,2164.1902373635544,0.37568385873805704,1.3524618914570055
140.25,2164.2084861716567,0.354268465358382,1.2753664752901752
140.3,2164.2256735695087,0.3332274487259596,1.1996188154134546
140.35,2164.2418184119897,0.3125662505156369,1.125238501856293
140.4,2164.2569398260625,0.29229031240226117,1.0522451246481401
140.45000000000002,2164.271057210774,0.27240507606067577,0.9806582738184327
140.5,2164.2841902372547,0.2529159831657245,0.9104975393966083
140.55,2164.2963588487187,0.23382847539225574,0.8417825114121207
140.6,2164.307583260464,0.21514799441511157,0.7745327798944016
140.65,2164.3178839598722,0.19687998190913916,0.708767934872901
140.70000000000002,2164.3272817064085,0.17902987954918534,0.6445075663770672
140.75,2164.3357975316226,0.161603129010092,0.5817712644363312
140.8,2164.343452739147,0.14460517196670777,0.520578619080148
140.85,2164.350268904698,0.12804145009387471,0.460949220337949
140.9,2164.3562678760773,0.11191740506643974,0.4029026582391831
140.95000000000002,2164.361471773168,0.09623847855924983,0.3464585228132994
141.0,2164.365902987938,0.081010112247147,0.29163640408972924
141.05,2164.3679282407443,0.0,0.0
