time_s,dist_m,velocity_mps,velocity_kmh
0.0,0.0,0.0,0.0
0.05,0.0,0.0,0.0
0.1,0.0,0.0,0.0
0.15000000000000002,0.0,0.0,0.0
0.2,0.0,0.0,0.0
0.25,0.0,0.0,0.0
0.30000000000000004,0.0,0.0,0.0
0.35000000000000003,0.0,0.0,0.0
0.4,0.0,0.0,0.0
0.45,0.0,0.0,0.0
0.5,0.0,0.0,0.0
0.55,0.0,0.0,0.0
0.6000000000000001,0.0,0.0,0.0
0.65,0.0,0.0,0.0
0.7000000000000001,0.0,0.0,0.0
0.75,0.0,0.0,0.0
0.8,0.0,0.0,0.0
0.8500000000000001,0.0,0.0,0.0
0.9,0.0,0.0,0.0
0.9500000000000001,0.0,0.0,0.0
1.0,0.0,0.0,0.0
1.05,0.0,0.0,0.0
1.1,0.0,0.0,0.0
1.1500000000000001,0.0,0.0,0.0
1.2000000000000002,0.0,0.0,0.0
1.25,0.0,0.0,0.0
1.3,0.0,0.0,0.0
1.35,0.0,0.0,0.0
1.4000000000000001,0.0,1.3570357351579021e-05,4.8853286465684474e-05
1.4500000000000002,0.0,9.52495583403788e-05,0.00034289841002536366
1.5,0.0,0.0002276052447186623,0.0008193788809871843
1.55,0.0,0.0003148385643603808,0.0011334188316973709
1.6,0.0,0.00018236277467881213,0.0006565059888437237
1.6500000000000001,0.0,-0.0003271594738636384,-0.0011777741059090983
1.7000000000000002,0.0,-0.0012883576106475232,-0.004638087398331083
1.75,-4.806168228684202e-06,-0.002650615695822615,-0.009542216504961414
1.8,-4.254552699813828e-05,-0.004219861332002458,-0.015191500795208849
1.85,-0.00015318798002516106,-0.005610625044276998,-0.020198250159397194
1.9000000000000001,-0.00035254500618759374,-0.006227736863435771,-0.022419852708368777
1.9500000000000002,-0.0006045989217622462,-0.005232396933815556,-0.018836628961736004
2.0,-0.0008101487588675257,-0.0016355232333758307,-0.0058878836401529905
2.0500000000000003,-0.0008159716133512589,0.005524789329798786,0.01988924158727563
2.1,-0.0004207710122682079,0.01712193483549156,0.061638965407769614
2.15,0.0006237253243882288,0.03378151040506353,0.12161343745822872
2.2,0.0026026760194289306,0.05556064306535918,0.20001831503529308
2.25,0.0058135734482972785,0.08199670507417288,0.2951881382670224
2.3000000000000003,0.010521463948637563,0.11221352299448112,0.40396868278013204
2.35,0.016914813398468075,0.1451402610386172,0.522504939739022
2.4000000000000004,0.025103620614332793,0.1795559710875894,0.6464014959153218
2.45,0.03511443842540792,0.21418214767737104,0.7710557316385358
2.5,0.04687544171450666,0.2478680170617658,0.8923248614223569
2.5500000000000003,0.06025947233616001,0.27977645850277183,1.0071952506099786
2.6,0.07513993955754736,0.3095123098597594,1.114244315495134
2.6500000000000004,0.09140683238475182,0.3371341399533012,1.2136829038318844
2.7,0.10895710805314741,0.3629192638566993,1.3065093498841176
2.75,0.1276980284736449,0.3872505069280623,1.3941018249410242
2.8000000000000003,0.14757590094474404,0.41064296590987887,1.478314677275564
2.85,0.16858202255335436,0.43350471748107866,1.5606169829318832
2.9000000000000004,0.19073546353502152,0.45599471355143895,1.6415809687851803
2.95,0.2140532465885842,0.47817024022200977,1.7214128647992353
3.0,0.23852045033705752,0.5000784689982586,1.800282488393731
3.0500000000000003,0.26410262338365437,0.5217387030747658,1.8782593310691569
3.1,0.29077096126909496,0.5430379986986859,1.9549367953152692
3.1500000000000004,0.3184888822071123,0.5638516388588819,2.0298658998919747
3.2,0.3472133969832394,0.5841950569235628,2.1031022049248262
3.25,0.37692341527896195,0.604205564432978,2.175140031958721
3.3000000000000003,0.40762224162568156,0.6241211942925253,2.2468362994530913
3.35,0.4393161026005023,0.6441635218819348,2.3189886787749656
3.4000000000000004,0.47200574639438825,0.6644806183650215,2.3921302261140776
3.45,0.5057073191564888,0.6852093727531119,2.466753741911203
3.5,0.5404594345501725,0.7064273195364017,2.5431383503310463
3.5500000000000003,0.576297747464553,0.7280745548066028,2.62106839730377
3.6,0.6132425231511118,0.7500587888878502,2.700211639996261
3.6500000000000004,0.6513035783813196,0.7723268708878746,2.7803767351963486
3.7,0.6904886255950892,0.7948018596167395,2.8612866946202624
3.75,0.7308035360246397,0.817310229609173,2.942316826593023
3.8000000000000003,0.772239670412848,0.8396350102590062,3.0226860369324227
3.85,0.8147822127256517,0.8616850294183773,3.1020661059061583
3.9000000000000004,0.8584262508458743,0.8834474027335462,3.1804106498407663
3.95,0.9031678968328289,0.9049119300878938,3.257682948316418
4.0,0.9489870839264755,0.9261178912321417,3.3340244084357105
4.05,0.9958547870763998,0.9471884846493526,3.409878544737669
4.1000000000000005,1.0437579594577382,0.9683358614330368,3.486009101158933
4.15,1.0927106600780483,0.9897577157578561,3.563127776728282
4.2,1.1427353320846185,1.011644782863986,3.6419212183103498
4.25,1.1938556163171032,1.034246925278215,3.7232889310015738
4.3,1.2461147542171993,1.0578306290168187,3.8081902644605474
4.3500000000000005,1.2995764361419655,1.0825475011441645,3.8971710041189924
4.4,1.3543050204530462,1.1083731895515456,3.990143482385564
4.45,1.410351524140087,1.1351788394034863,4.086643821852551
4.5,1.467768576821392,1.1628403627652468,4.186225305954888
4.55,1.5266133236804371,1.1912084624619959,4.288350464863186
4.6000000000000005,1.5869196668838572,1.2200259875647868,4.392093555233233
4.65,1.6486869221859666,1.2490397299812805,4.49654302793261
4.7,1.7118997529824236,1.2781019827653592,4.601167137955294
4.75,1.776550996087968,1.3071159675882036,4.705617483317533
4.800000000000001,1.842642798363935,1.3359676709439463,4.809483615398207
4.8500000000000005,1.9101678653303908,1.3645706382955123,4.912454297863844
4.9,1.9791087532706655,1.3929964651655298,5.014787274595907
4.95,2.049461375622729,1.4213574457079423,5.116886804548592
5.0,2.121234888127977,1.4496863157086741,5.218870736551227
5.050000000000001,2.194427965327714,1.4779528449040797,5.320630241654687
5.1000000000000005,2.269028306125931,1.5061708289156397,5.422214984096303
5.15,2.3450361533016864,1.5344148143846932,5.523893331784896
5.2,2.422466014005548,1.562747455018638,5.625890838067097
5.25,2.5013194806671484,1.5911199871438144,5.728031953717732
5.300000000000001,2.5815819474192288,1.6194981202991672,5.830193233077002
5.3500000000000005,2.663250279012974,1.6479071301838433,5.932465668661836
5.4,2.7463407036587295,1.6763556244348834,6.034880247965581
5.45,2.830867339297412,1.7047639723797963,6.137150300567266
5.5,2.9168232566439976,1.7330493992418123,6.238977837270524
5.550000000000001,3.004190104660208,1.7612462886585074,6.340486639170627
5.6000000000000005,3.0929629027433405,1.7894014839275276,6.4418453421391
5.65,3.183142795476217,1.817447944053822,6.542812598593759
5.7,3.2747163522517644,1.8452955762445136,6.643064074480249
5.75,3.3676663979561487,1.872958841739789,6.742651830263241
5.800000000000001,3.4619903340680147,1.9004957090235537,6.841784552484794
5.8500000000000005,3.5576984801562452,1.9278967170600914,6.940428181416329
5.9,3.654786431293012,1.955096828535983,7.038348582729539
5.95,3.753231405648787,1.9820747321671552,7.135469035801759
6.0,3.8530215855650964,2.0089077723371798,7.232067980413848
6.050000000000001,3.954162097381996,2.0356603172264403,7.328377142015185
6.1000000000000005,4.05665010875662,2.062412457050097,7.42468484538035
6.15,4.160470075806918,2.089335679825591,7.521608447372128
6.2,4.265623001830775,2.116720487167328,7.620193753802382
6.25,4.372139946827177,2.144885954554019,7.721589436394468
6.300000000000001,4.480065333176696,2.1739829966814774,7.826338788053319
6.3500000000000005,4.589444770774015,2.2040770058343497,7.93467722100366
6.4,4.700338439299324,2.235196418356265,8.046707106082554
6.45,4.812822186372454,2.267263197229252,8.162147510025306
6.5,4.926961411355184,2.2999784630550697,8.27992246699825
6.550000000000001,5.04278618710331,2.3329232437648666,8.39852367755352
6.6000000000000005,5.16028611641741,2.365718713986057,8.516587370349805
6.65,5.279433981360146,2.3980011147235807,8.632804013004892
6.7,5.400191580809405,2.4293977333141474,8.745831839930931
6.75,5.522494561699515,2.4596305534613725,8.854669992460941
6.800000000000001,5.646263700492309,2.4886576298605667,8.959167467498041
6.8500000000000005,5.771433989918889,2.516605824374807,9.059780967749305
6.9,5.897964127628852,2.5436899309049297,9.157283751257747
6.95,6.025815347586669,2.5701460623470935,9.252525824449537
7.0,6.154953498834231,2.5962177877848522,9.346384036025468
7.050000000000001,6.285375387281144,2.622241340139614,9.44006882450261
7.1000000000000005,6.417105411284576,2.648457339002234,9.534446420408042
7.15,6.550165424390186,2.6749819734731135,9.62993510450321
7.2,6.684567117910387,2.7018899572543242,9.726803846115567
7.25,6.820326777993696,2.7292728816451453,9.825382373922523
7.300000000000001,6.957469389654435,2.757149277354323,9.925737398475563
7.3500000000000005,7.096022098153945,2.785375062823894,10.027350226166018
7.4,7.235993680590971,2.813795900622214,10.129665242239971
7.45,7.377384050044794,2.8423230720900587,10.232363059524213
7.5,7.520207418759767,2.870860813166405,10.335098927399057
7.550000000000001,7.664473783955679,2.899238351911001,10.437258066879604
7.6000000000000005,7.810166145977874,2.9273000246214362,10.53828008863717
7.65,7.957251863204118,2.954993848917898,10.637977856104433
7.7,8.105711340828877,2.982346934937749,10.736448965775898
7.75,8.255532391029142,3.0094011533878167,10.833844152196141
7.800000000000001,8.406689815459359,3.036122453790245,10.930040833644883
7.8500000000000005,8.559157745929248,3.0626194330601035,11.025429959016373
7.9,8.712932665830747,3.089097848685551,11.120752255267984
7.95,8.868032919747224,3.115714253668686,11.21657131320727
8.0,9.024474770268412,3.1425221730014807,11.313079822805332
8.05,9.182260206318633,3.1695566301007165,11.41040386836258
8.1,9.341393198003706,3.196905347342117,11.508859250431621
8.15,9.501901283348618,3.2245292915186896,11.608305449467283
8.200000000000001,9.663811512308813,3.252277718634633,11.708199787084679
8.25,9.827122110978381,3.2799917534221117,11.807970312319602
8.3,9.991822196287806,3.3075988756791923,11.907355952445092
8.35,10.157907853893192,3.335056047377967,12.006201770560683
8.4,10.325372601875856,3.362261557443253,12.10414160679571
8.450000000000001,10.49418764861106,3.389102500784515,12.200769002824254
8.5,10.664321442432371,3.415577941595256,12.296080589742921
8.55,10.835764801118867,3.441844726973774,12.390641017105587
8.6,11.008520051447695,3.4680287541504686,12.484903514941687
8.65,11.182582845808339,3.4942378148685624,12.579256133526824
8.700000000000001,11.357943059617725,3.5206315416503067,12.674273549941104
8.75,11.534608305453444,3.5473794194264485,12.770565909935215
8.8,11.712610586792188,3.574546495553202,12.868367383991528
8.85,11.891983626781267,3.6020100501472885,12.96723618053024
8.9,12.072745109481394,3.629672877721405,13.066822359797058
8.950000000000001,12.2549086129101,3.657427776729864,13.166739996227511
9.0,12.438487630857178,3.6851362636218825,13.266490549038778
9.05,12.62347516869873,3.712590592755947,13.36532613392141
9.1,12.809836421312944,3.739625518241037,13.462651865667734
9.15,12.997529336034082,3.7662296529220267,13.558426750519297
9.200000000000001,13.186531000732732,3.7924718578486027,13.65289868825497
9.25,13.376826165518088,3.818464185501351,13.746471067804864
9.3,13.568396198246635,3.8443671963396113,13.839721906822602
9.35,13.761237365173523,3.8704323715002347,13.933556537400845
9.4,13.955372322312828,3.896894871481323,14.028821537332764
9.450000000000001,14.150841239797966,3.923843973087827,14.125838303116177
9.5,14.347673741476466,3.9512288018161756,14.224423686538232
9.55,14.545892679574555,3.9789578679599664,14.32424832465588
9.600000000000001,14.745526973731558,4.00694764720016,14.425011529920578
9.65,14.9465961212595,4.034997682594369,14.525991657339729
9.700000000000001,15.149091985561693,4.062902455684171,14.626448840463015
9.75,15.352981909954167,4.090557731914744,14.72600783489308
9.8,15.558234821016944,4.117980736281185,14.824730650612265
9.850000000000001,15.764835631736345,4.145219042315518,14.922788552335867
9.9,15.972774396658359,4.172273473035693,15.020184502928496
9.950000000000001,16.18203947383246,4.199257482445782,15.117326936804817
10.0,16.392637366996084,4.2263244667614295,15.214768080341146
10.05,16.604597701462353,4.253579279897402,15.312885407630649
10.100000000000001,16.817944590565745,4.2810053706428635,15.41161933431431
10.15,17.032679822128515,4.3085148853452715,15.510653587242977
10.200000000000001,17.248797154833365,4.336056297354343,15.609802670475636
10.25,17.46630192141588,4.363578939944018,15.708884183798466
10.3,17.685193393596133,4.390974420968485,15.807507915486546
10.350000000000001,17.90544994673278,4.4181501549203395,15.905340557713222
10.4,18.127047979739142,4.445155247094124,16.002558889538847
10.450000000000001,18.34997790129183,4.472098921890727,16.099556118806618
10.5,18.57424538495804,4.499020618964835,16.196474228273406
10.55,18.79985289509876,4.525904105104487,16.293254778376152
10.600000000000001,19.02679651856027,4.5527685337238815,16.389966721405973
10.65,19.255085809095867,4.579684013437822,16.486862448376158
10.700000000000001,19.48474047348576,4.606618766527205,16.58382755949794
10.75,19.715762778377748,4.633500850604952,16.68060306217783
10.8,19.94813283831875,4.660305773611999,16.777100785003196
10.850000000000001,20.181834627248076,4.687070857003985,16.87345508521435
10.9,20.416867564812833,4.713844388233283,16.969839797639818
10.950000000000001,20.65323099947401,4.740605888768917,17.0661811995681
11.0,20.890916391402353,4.767353290999809,17.162471847599313
11.05,21.12992666065659,4.794168688725626,17.259007279412252
11.100000000000001,21.370284082189805,4.821113909589618,17.356010074522626
11.15,21.612007397591746,4.848144472018637,17.453320099267096
11.200000000000001,21.855096328937645,4.875174625657057,17.550628652365408
11.25,22.099540951208738,4.902197294227558,17.64791025921921
11.3,22.34533910309262,4.929220762990026,17.745194746764092
11.350000000000001,22.592492507842763,4.956184089161479,17.842262720981324
11.4,22.84098841740708,4.983010823573854,17.938838964865873
11.450000000000001,23.090808703693824,5.009742641141436,18.03507350810917
11.5,23.34195263191085,5.036468494585659,18.131286580508373
11.55,23.594435396056724,5.0632264278342705,18.227615140203373
11.600000000000001,23.848263145230693,5.090005378133369,18.32401936128013
11.65,24.103427825030813,5.116815031456167,18.4205341132422
11.700000000000001,24.359931275211864,5.143721719408242,18.51739818986967
11.75,24.617789954291446,5.170725806532305,18.6146129035163
11.8,24.8770098045601,5.197757946433966,18.711928607162278
11.850000000000001,25.137580022272477,5.224792157434424,18.809251766763925
11.9,25.399494776636384,5.2518749769472,18.906749917009922
11.950000000000001,25.662761503831085,5.2790343058918685,19.004523501210727
12.0,25.927387392386244,5.30617866183549,19.10224318260776
12.05,26.19336437297072,5.333184289137225,19.19946344089401
12.100000000000001,26.460685772672175,5.36001497349078,19.296053904566808
12.15,26.729361214835638,5.38667515455482,19.39203055639735
12.200000000000001,26.99939461689326,5.413131329989651,19.48727278796274
12.25,27.270765002090737,5.43940337295059,19.581852142622125
12.3,27.543440968290703,5.465663013546147,19.67638684876613
12.350000000000001,27.817410932170088,5.49217398240585,19.77182633666106
12.4,28.09269047301479,5.519177316376723,19.869038338956205
12.450000000000001,28.369305746096412,5.546858432056756,19.968690355404323
12.5,28.647293487250426,5.5754676917191475,20.07168369018893
12.55,28.926717782106206,5.60521264187484,20.178765510749425
12.600000000000001,29.207662072383258,5.636081669558897,20.28989401041203
12.65,29.490194964977213,5.667811427863224,20.40412114030761
12.700000000000001,29.7743537954377,5.700023218520485,20.520083586673746
12.75,30.060158793420367,5.732318285176016,20.636345826633658
12.8,30.347617563897515,5.764258623161913,20.751331043382887
12.850000000000001,30.636697896528805,5.795374754604003,20.863349116574412
12.9,30.927318790130442,5.825330624915226,20.971190249694814
12.950000000000001,31.219388288881337,5.854018864242992,21.07446791127477
13.0,31.512836107325178,5.8815123921108325,21.173444611599
13.05,31.80760846791005,5.907950124953094,21.268620449831136
13.100000000000001,32.10365409150029,5.933572775096438,21.36086199034718
13.15,32.40093819743231,5.958790319827719,21.451645151379786
13.200000000000001,32.69946244928227,5.984043264139821,21.542555750903357
13.25,32.999252161037354,6.009589738661462,21.634523059181262
13.3,33.30033143005323,6.0355184065280385,21.72786626350094
13.350000000000001,33.60272111343265,6.061888861175821,21.822799900232955
13.4,33.90645289950297,6.088738965399326,21.919460275437576
13.450000000000001,34.21156575025639,6.115990142545683,22.01756451316446
13.5,34.51807383011641,6.143465404226416,22.1164754552151
13.55,34.825961022623666,6.171011350936369,22.21564086337093
13.600000000000001,35.13521391975521,6.198567613159177,22.31484340737304
13.65,35.44583695746649,6.226049844036451,22.413779438531225
13.700000000000001,35.75783162738238,6.253340182051647,22.51202465538593
13.75,36.071182803691336,6.280379043366381,22.609364556118972
13.8,36.38587734706892,6.307258570667512,22.706130854403046
13.850000000000001,36.70191635545497,6.334104925254702,22.80277773091693
13.9,37.0193024093253,6.360930495800714,22.89934978488257
13.950000000000001,37.33802339334584,6.3877235497684905,22.995804779166566
14.0,37.65806692563579,6.414532986705336,23.09231875213921
14.05,37.97944371529148,6.441423989167958,23.189126361004647
14.100000000000001,38.302177210457096,6.468388850287776,23.286199861035996
14.15,38.62627439508831,6.495389133487636,23.38340088055549
14.200000000000001,38.95172515333008,6.522464176935332,23.480871036967198
14.25,39.278530235322776,6.5496816474702495,23.578853930892897
14.3,39.60669941669405,6.5770382654361015,23.677337755569965
14.350000000000001,39.93623068266347,6.604393761906143,23.775817542862114
14.4,40.26711541382544,6.631639036564024,23.873900531630486
14.450000000000001,40.59935737878426,6.658747136551662,23.971489691585987
14.5,40.93297135270922,6.685714226428434,24.068571215142363
14.55,41.26795702089131,6.712488190791747,24.16495748685029
14.600000000000001,41.604287849008216,6.739057273949422,24.26060618621792
14.65,41.94193075744846,6.765519987778921,24.355871956004115
14.700000000000001,42.280872640742366,6.791935086866907,24.450966312720865
14.75,42.621117707609606,6.818301075186062,24.545883870669822
14.8,42.96266995167989,6.8446610204323814,24.640779673556573
14.850000000000001,43.30553855425223,6.871174512328221,24.736228244381596
14.9,43.64974586037909,6.898020856871687,24.832875084738074
14.950000000000001,43.99531488255696,6.925234484683779,24.930844144861606
15.0,44.34224795690269,6.952714182333212,25.029771056399564
15.05,44.690541871305214,6.9802857520990695,25.12902870755665
15.100000000000001,45.04021243471624,7.007774728211483,25.22798902156134
15.15,45.39127945302908,7.034979495083036,25.32592618229893
15.200000000000001,45.74373522522893,7.061722685248439,25.42220166689438
15.25,46.09753756683505,7.087941185419567,25.51658826751044
15.3,46.452635927546645,7.11365853891162,25.609170740081833
15.350000000000001,46.80898847019347,7.138886991039525,25.699993167742292
15.4,47.166560329999584,7.16357157185381,25.788857658673717
15.450000000000001,47.525328327344624,7.18778391014293,25.87602207651455
15.5,47.885291250312406,7.211746848490845,25.962288654567043
15.55,48.24646525352955,7.235720317989054,26.048593144760595
15.600000000000001,48.60885930798353,7.25987132086401,26.135536755110437
15.65,48.97246685117604,7.2842946387147185,26.223460699372986
15.700000000000001,49.33728716903497,7.3091000338648655,26.312760121913517
15.75,49.70334733259758,7.3343172325390915,26.40354203714073
15.8,50.07068669820715,7.3599302283700485,26.495748822132175
15.850000000000001,50.439328761295194,7.3859528552687514,26.589430278967505
15.9,50.80928544069051,7.41246639288034,26.684879014369226
15.950000000000001,51.18057547282495,7.439527653722465,26.782299553400872
16.0,51.55322615762006,7.467049410319839,26.88137787715142
16.05,51.92725253996361,7.494842284091861,26.981432222730703
16.1,52.3026654413239,7.5227422002695,27.0818719209702
16.150000000000002,52.67948711378411,7.550668223027712,27.182405602899763
16.2,53.05773194228129,7.578492816607659,27.28257413978757
16.25,53.437385385424484,7.606045322314742,27.381763160333072
16.3,53.818409201935204,7.633201061320545,27.47952382075396
16.35,54.200769079795755,7.65993794636981,27.575776606931317
16.400000000000002,54.584448190672646,7.686280281024038,27.670609011686537
16.45,54.969432346752065,7.7122285734002105,27.764022864240758
16.5,55.355697296679224,7.73792653693684,27.856535532972625
16.55,55.743227407771286,7.763608049590323,27.94898897852516
16.6,56.13203232373162,7.789475658746472,28.0421123714873
16.650000000000002,56.52213340901103,7.815617266333116,28.136222158799217
16.7,56.91354715015144,7.842060705863613,28.231418541109008
16.75,57.30629058840265,7.868877468634899,28.32795888708564
16.8,57.70039532816866,7.896129499508909,28.426066198232075
16.85,58.09588909918918,7.923754414792916,28.5255158932545
16.900000000000002,58.49277614736398,7.951602116549893,28.625767619579616
16.95,58.8910519150932,7.979559015877209,28.726412457157952
17.0,59.2907206688118,8.007526566228574,28.827095638422865
17.05,59.691794188452214,8.03536909835005,28.927328754060177
17.1,60.09426792053768,8.062932512184158,29.02655704386297
17.150000000000002,60.49811393024068,8.090128666201725,29.12446319832621
17.2,60.903307034182575,8.116967606058376,29.221083381810153
17.25,61.30983415963544,8.143408229835995,29.316269627409582
17.3,61.71767456230593,8.169384006293818,29.409782422657745
17.35,62.126797674133726,8.194903855086277,29.5016538783106
17.400000000000002,62.53718260493548,8.220093123839712,29.592335245822966
17.45,62.94882343144062,8.24513028221637,29.682469015978935
17.5,63.36171591965857,8.270130631203724,29.772470272333408
17.55,63.77584858605625,8.295196984840725,29.86270914542661
17.6,64.1912205625593,8.32049868789695,29.953795276429023
17.650000000000002,64.60785706116573,8.346186365489816,30.046270915763337
17.7,65.02579314145635,8.372313698341461,30.140329314029263
17.75,65.44505397135678,8.398889092115073,30.236000731614265
17.8,65.86565645836943,8.42594799079987,30.33341276687953
17.85,66.28762470451589,8.45349206540845,30.432571435470425
17.900000000000002,66.71098695686783,8.481392148764101,30.533011735550765
17.95,67.1357552335819,8.509448044458903,30.63401296005205
18.0,67.56192816122038,8.537539760149013,30.735143136536447
18.05,67.98950733702806,8.565581215215241,30.836092374774868
18.1,68.41849512796672,8.593431067639202,30.936351843501125
18.150000000000002,68.84887608513654,8.62090262516753,31.035249450603107
18.2,69.28061472218339,8.647856069339804,31.132281849623297
18.25,69.71368429992894,8.674258900364212,31.22733204131116
18.3,70.14807540778412,8.700114208382427,31.32041115017674
18.35,70.58376568813377,8.725468492398537,31.411686572634736
18.400000000000002,71.02071351736022,8.750486289806387,31.501750643302994
18.45,71.45888926320114,8.775449147724006,31.59161693180642
18.5,71.89829393022416,8.800679267732544,31.68244536383716
18.55,72.33894923182032,8.826429126442761,31.77514485519394
18.6,72.78088518890748,8.85292657272955,31.870535661826377
18.650000000000002,73.22415229162667,8.880496897322612,31.969788830361402
18.7,73.66882498564402,8.909379077929264,32.07376468054535
18.75,74.11497746307525,8.939506589694474,32.18222372290011
18.8,74.56266688252619,8.970578591315999,32.294082928737595
18.85,75.01193581342086,9.0022308234223,32.40803096432028
18.900000000000002,75.46282347276974,9.034065661990597,32.52263638316615
18.95,75.91535712564837,9.065628177593988,32.636261439338355
19.0,76.36951053835585,9.0964896319463,32.74736267500668
19.05,76.82519956286968,9.12642357007647,32.855124852275296
19.1,77.28233601652252,9.15535826395663,32.95928975024387
19.150000000000002,77.74085981554605,9.183312256704436,33.059924124135975
19.200000000000003,78.20072540917832,9.210411409127602,33.15748107285937
19.25,78.66189472807885,9.236930930572672,33.25295135006162
19.3,79.12435720689993,9.263321363309082,33.347956907912696
19.35,79.58813486276698,9.290016761555272,33.44406034159898
19.400000000000002,80.05325455667722,9.317176583760276,33.541835701536996
19.450000000000003,80.5197366778101,9.344749715977029,33.6410989775173
19.5,80.98761106904703,9.372632986510109,33.74147875143639
19.55,81.45691543531164,9.400684645681256,33.842464724452526
19.6,81.92767289031268,9.428663175275679,33.943187430992445
19.650000000000002,82.39986434541756,9.456312690705268,34.042725686538965
19.700000000000003,82.87343404758622,9.483507660135224,34.14062757648681
19.75,83.34833133025376,9.510222707487857,34.23680174695629
19.8,83.82452727240312,9.536424523698066,34.33112828531304
19.85,84.30199971202182,9.562152993525668,34.42375077669241
19.900000000000002,84.78072951798636,9.587607769063437,34.515387968628374
19.950000000000003,85.26071555976203,9.61306974286378,34.60705107430961
20.0,85.74197788790518,9.638769085415143,34.699568707494514
20.05,86.22453561665604,9.664768481310224,34.79316653271681
20.1,86.70839806641963,9.691033413118456,34.88772028722644
20.150000000000002,87.19358286956881,9.717512980411794,34.98304672948246
20.200000000000003,87.68011715630433,9.744119988879781,35.07883195996721
20.25,88.16801144470246,9.770723325407056,35.1746039714654
20.3,88.65724926320394,9.797216557420418,35.269979606713505
20.35,89.147806209801,9.823596846714782,35.36494864817322
20.400000000000002,89.639668318648,9.849911634402009,35.45968188384723
20.450000000000003,90.13282818341327,9.876154973869593,35.55415790593054
20.5,90.62727819232245,9.902330918644438,35.64839130711998
20.55,91.12302080739265,9.928532442963967,35.74271679467028
20.6,91.62007549206919,9.954875926637811,35.837553335896125
20.650000000000002,92.11846731324752,9.98139087830598,35.93300716190153
20.700000000000003,92.61820669650301,10.008045858502626,36.028965090609454
20.75,93.11928834704901,10.034839866190419,36.12542351828551
20.8,93.62171196352055,10.061778845697287,36.22240384451023
20.85,94.12548551939517,10.088803483181142,36.31969253945211
20.900000000000002,94.63060908943095,10.115839349029542,36.41702165650636
20.950000000000003,95.13707507634975,10.142889762646668,36.51440314552801
21.0,95.64488546259534,10.170023483476088,36.61208454051392
21.05,96.15405566209378,10.197280421257492,36.71020951652697
21.1,96.66459323386374,10.224603214405587,36.808571571860114
21.150000000000002,97.17649058743108,10.251886231755442,36.906790434319596
21.200000000000003,97.68974592177561,10.279065379005868,37.00463536442113
21.25,98.20436892430534,10.306047323990509,37.101770366365834
21.3,98.7203589167715,10.332697043169343,37.197709355409636
21.35,99.23769003587047,10.358922371300824,37.29212053668297
21.400000000000002,99.75632457163465,10.384756611912598,37.38512380288535
21.450000000000003,100.2762329287042,10.410296371189338,37.47706693628162
21.5,100.79739724282165,10.435583454480474,37.568100436129704
21.55,101.31980062612581,10.460669804880647,37.65841129757033
21.6,101.84343473006953,10.485709196415932,37.74855310709736
21.650000000000002,102.36831575704873,10.510903807729552,37.83925370782639
21.700000000000003,102.89447331509992,10.536386233759616,37.93099044153462
21.75,103.42192579850575,10.562193419722774,38.02389631100199
21.8,103.9506770271943,10.588342132375342,38.11803167655123
21.85,104.48073872564622,10.614824879077261,38.21336956467814
21.900000000000002,105.01213455722672,10.641565649888049,38.30963633959698
21.950000000000003,105.54487862895846,10.668381779552181,38.406174406387855
22.0,106.0789674559273,10.69513033199317,38.502469195175415
22.05,106.61439362300548,10.721738910478225,38.59826007772161
22.1,107.1511548529505,10.748144138289177,38.69331889784104
22.150000000000002,107.6892403725023,10.774227789291565,38.787220041449636
22.200000000000003,108.22862176941737,10.799890655438341,38.87960635957803
22.25,108.76926789663274,10.825166292848373,38.97059865425414
22.3,109.31116331158002,10.850138214993933,39.06049757397816
22.35,109.85430062786874,10.874870863609777,39.149535108995195
22.400000000000002,110.39866500012144,10.89944728634438,39.23801023083977
22.450000000000003,110.94424355325343,10.92402706668039,39.3264974400494
22.5,111.49104173020815,10.948785845313889,39.415629043130004
22.55,112.03908165048652,10.973797630550578,39.50567146998208
22.6,112.5883794321608,10.999052067470387,39.596587442893394
22.650000000000002,113.13894341436105,11.024526677375903,39.688296038553254
22.700000000000003,113.69079173336635,11.050211327766869,39.78076077996073
22.75,114.24394737908577,11.076027414393828,39.87369869181778
22.8,114.79841548945898,11.10185296036677,39.96667065732037
22.85,115.35417948677112,11.127606471010747,40.05938329563869
22.900000000000002,115.91122332870553,11.153282650236642,40.151817540851916
22.950000000000003,116.46954216071502,11.178889889627502,40.244003602659006
23.0,117.02913062683778,11.204374615857706,40.335748617087745
23.05,117.58997836955221,11.229742962976303,40.427074666714695
23.1,118.15208462323736,11.255083019376785,40.51829886975643
23.150000000000002,118.71546363482496,11.280486337130087,40.60975081366831
23.200000000000003,119.28012810509266,11.305963218772686,40.70146758758167
23.25,119.84607603610203,11.331502592042366,40.79340933135252
23.3,120.41330143519158,11.357172816250271,40.88582213850098
23.35,120.98181456233402,11.38304668401534,40.97896806245523
23.400000000000002,121.55163275279719,11.409133389365337,41.072880201715215
23.450000000000003,122.12276209198615,11.435457257638474,41.16764612749851
23.5,122.69520778632699,11.462166260090568,41.26379853632604
23.55,123.26899352844762,11.48944479804022,41.36200127294479
23.6,123.84416094640376,11.517420747286653,41.462714690231955
23.650000000000002,124.42074524497062,11.546173696999457,41.566225309198046
23.700000000000003,124.99877472874255,11.575800472975065,41.672881702710235
23.75,125.57829840137488,11.606440995612541,41.78318758420515
23.8,126.1593858011322,11.638116338566295,41.89721881883867
23.85,126.74209400333383,11.670732621696336,42.01463743810681
23.900000000000002,127.3264605337381,11.70420440952895,42.13513587430422
23.950000000000003,127.91252735174648,11.738515623885593,42.258656245988135
24.0,128.5003440803021,11.77363241059998,42.385076678159926
24.05,129.08994949543788,11.809396162331845,42.513826184394645
24.1,129.68135886768238,11.845710387106728,42.64455739358422
24.150000000000002,130.27458654025813,11.882670352154186,42.77761326775507
24.200000000000003,130.8696722541768,11.920427258329571,42.913538129986456
24.25,131.46666569770608,11.959031895947376,43.052514825410555
24.3,132.06560223176922,11.998532156469672,43.19471576329082
24.35,132.6665135990284,12.039056881383278,43.3406047729798
24.400000000000002,133.2694639246639,12.080717425429802,43.490582731547285
24.450000000000003,133.87454173912246,12.123494743242404,43.644581075672654
24.5,134.48181112750777,12.16724342709555,43.80207633754398
24.55,135.09130806065497,12.211915757060705,43.96289672541854
24.6,135.70307616132567,12.257569863351707,44.127251508066145
24.650000000000002,136.31717073874864,12.304244639523006,44.295280702282824
24.700000000000003,136.93363176013085,12.351957821462586,44.46704815726531
24.75,137.55248511935696,12.400856159320185,44.64308217355266
24.8,138.17377806013442,12.451337375475067,44.82481455171024
24.85,138.79760191914275,12.503745048326078,45.013482173973884
24.900000000000002,139.42406567647572,12.558171624551521,45.20941784838548
24.950000000000003,140.05326929164974,12.614577149120722,45.412477736834596
25.0,140.68532283453143,12.672850566545122,45.62226203956244
25.05,141.32035539663698,12.732685521902077,45.837667878847476
25.1,141.95847608888846,12.793492787375593,46.056574034552135
25.150000000000002,142.59971566897428,12.854534595499217,46.27632454379718
25.200000000000003,143.24403583747971,12.915147172675638,46.4945298216323
25.25,143.89138456980012,12.974801942593059,46.70928699333501
25.3,144.5416948191059,13.03298322279621,46.91873960206635
25.35,145.19486264203272,13.08931054294655,47.121517954607576
25.400000000000002,145.85076818778427,13.14376104691966,47.31753976891078
25.450000000000003,146.50931608124276,13.196625404871025,47.50785145753569
25.5,147.1704474847573,13.248270356369893,47.693773282931616
25.55,147.83411565485014,13.298936924117509,47.87617292682303
25.6,148.50027427094147,13.348943766228592,48.05619755842293
25.650000000000002,149.16890764520008,13.398682086494494,48.23525551138018
25.700000000000003,149.84004081729995,13.448411791123936,48.41428244804617
25.75,150.51369508454945,13.498236155634498,48.59365016028419
25.8,151.18985983297404,13.548214658696763,48.773572771308345
25.85,151.8685212637809,13.598461242244639,48.954460472080704
25.900000000000002,152.54969694168372,13.649057532635414,49.13660711748749
25.950000000000003,153.2334099839723,13.69991365101324,49.319689143647665
26.0,153.9196584422224,13.750871323809324,49.50313676571357
26.05,154.60844303624503,13.801866483088826,49.686719339119776
26.1,155.2997848465497,13.852864593804325,49.87031253769557
26.150000000000002,155.9937035668886,13.90370801317361,50.053348847425
26.200000000000003,156.69018743548384,13.954189117033945,50.2350808213222
26.25,157.38919539735141,14.00424697338673,50.415289104192226
26.3,158.09069387414877,14.053965791545238,50.59427684956286
26.35,158.79466377880001,14.103344938085153,50.77204177710655
26.400000000000002,159.50107651642296,14.15235705727767,50.94848540619961
26.450000000000003,160.20990107008535,14.201133723622196,51.1240814050399
26.5,160.92113775550712,14.249904665960704,51.29965679745854
26.55,161.63482034701772,14.298858591107557,51.47589092798721
26.6,162.35097266849655,14.348044884779556,51.652961585206405
26.650000000000002,163.0695898018018,14.397458050041461,51.83084898014926
26.700000000000003,163.79067486265873,14.44710065213983,52.009562347703394
26.75,164.51425543826045,14.496863325007084,52.188707970025504
26.8,165.24034729420958,14.54651694243955,52.367460992782384
26.85,165.96893412156874,14.59588896293575,52.5452002665687
26.900000000000002,166.69998922502302,14.645002033726325,52.72200732141477
26.950000000000003,167.4334952747052,14.693944772529406,52.89820118110586
27.0,168.1694329300423,14.742657552004665,53.073567187216796
27.05,168.90776788316683,14.791014185778232,53.24765106880164
27.1,169.64847771408634,14.839012226575885,53.42044401567319
27.150000000000002,170.3915758778393,14.886715956305778,53.5921774427008
27.200000000000003,171.13708588280787,14.934107410009208,53.76278667603315
27.25,171.88499630483108,14.981127998262846,53.932060793746246
27.3,172.63525967689912,15.027794061316566,54.10005862073964
27.35,173.387836904125,15.074163637289253,54.26698909424131
27.400000000000002,174.14271388977977,15.120188681610442,54.43267925379759
27.450000000000003,174.89987492176263,15.165790487114862,54.5968457536135
27.5,175.65929629479814,15.211080034444208,54.759888123999154
27.55,176.42097049403938,15.256346543695797,54.92284755730487
27.6,177.1849116746908,15.301836178523779,55.0866102426856
27.650000000000002,177.95112862750662,15.347588932827845,55.25132015818024
27.700000000000003,178.71961467240646,15.393525402159035,55.41669144777253
27.75,179.49038221633614,15.439619980955845,55.58263193144104
27.8,180.26347531542905,15.48580323638626,55.74889165099054
27.85,181.03892359401834,15.531884789549682,55.914785242378855
27.900000000000002,181.8167061917915,15.577679333042708,56.079645598953746
27.950000000000003,182.5967738955105,15.623100105141761,56.24316037851034
28.0,183.37908876992597,15.668082307501614,56.40509630700581
28.05,184.16362967172176,15.712479372582935,56.564925741298566
28.1,184.9503654136342,15.756182537667822,56.72225713560416
28.150000000000002,185.73925799098134,15.799323826829914,56.877565776587694
28.200000000000003,186.53029281364198,15.84218036902567,57.03184932849241
28.25,187.32346969435122,15.884939110651437,57.18578079834518
28.3,188.11877569713363,15.927639862702966,57.339503505730676
28.35,188.9161939076134,15.970319396063601,57.493149825828965
28.400000000000002,189.7157352598,16.01306726215889,57.64704214377201
28.450000000000003,190.51743444590738,16.05593047715645,57.80134971776322
28.5,191.32130612883358,16.09880154768532,57.95568557166715
28.55,192.12733038594573,16.141602143507242,58.109767716626074
28.6,192.93548491676106,16.184330789983292,58.26359084393985
28.650000000000002,193.74576831957359,16.22691510690077,58.41689438484277
28.700000000000003,194.5581816980803,16.269186444034737,58.56907119852506
28.75,195.3727042911041,16.311034548679203,58.71972437524513
28.8,196.18930589477063,16.352547037381665,58.869169334573996
28.85,197.007975866316,16.393864681200355,59.01791285232128
28.900000000000002,197.82871057707624,16.43499812588358,59.16599325318089
28.950000000000003,198.65148655379195,16.47589590551077,59.31322525983878
29.0,199.4762828143269,16.516604524370237,59.45977628773286
29.05,200.30310783436605,16.55725628084368,59.60612261103726
29.1,201.1319842772389,16.597923600428224,59.75252496154161
29.150000000000002,201.9629119915766,16.638612946312882,59.89900660672638
29.200000000000003,202.79586810644955,16.679364304418172,60.04571149590542
29.25,203.63084568378932,16.720275023004813,60.19299008281733
29.3,204.46786481970767,16.761333700826302,60.34080132297469
29.35,205.30694264574953,16.80242761538107,60.48873941537185
29.400000000000002,206.14807641127348,16.843511403403575,60.63664105225287
29.450000000000003,206.99126445733478,16.884620165355287,60.784632595279035
29.5,207.83651597344334,16.92573251424039,60.93263705126541
29.55,208.6838278539844,16.96664159383007,61.07990973778825
29.6,209.5331735369358,17.00710213047368,61.22556766970525
29.650000000000002,210.38452707596122,17.04697797222649,61.369120700015365
29.700000000000003,211.23787685405895,17.086223357308416,61.5104040863103
29.75,212.09320020091795,17.124778156540007,61.64920136354402
29.8,212.95044389051333,17.162618655369997,61.78542715933199
29.85,213.80954490524778,17.199885256964713,61.91958692507297
29.900000000000002,214.67046725074928,17.236773389515,62.052384202254004
29.950000000000003,215.5332043846005,17.273400529533024,62.18424190631889
30.0,216.39775508031676,17.309865818582196,62.315516946895904
30.05,217.26411928293481,17.346364615546975,62.44691261596911
30.1,218.13231270537986,17.383087803552563,62.57911609278923
30.150000000000002,219.00236525300033,17.42006412219346,62.712230839896456
30.200000000000003,219.87428929357586,17.4571815477305,62.8458535718298
30.25,220.74807459275468,17.49428443641959,62.97942397111053
30.3,221.62371983857028,17.53130362547541,63.112693051711474
30.35,222.5012332568396,17.56818005713097,63.245448205671494
30.400000000000002,223.38060030137416,17.604821037112817,63.377355733606144
30.450000000000003,224.26178287965567,17.64118645299454,63.508271230780345
30.5,225.144755598407,17.677365309173755,63.63851511302552
30.55,226.0295177091166,17.713489982765893,63.76856393795722
30.6,226.91607944912795,17.7495767472496,63.89847629009856
30.650000000000002,227.80444552961737,17.785644639505055,64.0283207022182
30.700000000000003,228.69461632361575,17.821824915955006,64.15856969743803
30.75,229.58660632517288,17.85823650205908,64.28965140741269
30.8,230.48043764998218,17.89485786212022,64.42148830363278
30.85,231.3761166374858,17.93164626481171,64.55392655332216
30.900000000000002,232.273635215793,17.968659371563795,64.68717373762966
30.950000000000003,233.17300016938043,18.00599079434539,64.82156685964341
31.0,234.07423572495387,18.043711290640953,64.95736064630744
31.05,234.97735514401177,18.08177679779961,65.0943964720786
31.1,235.8823634432485,18.120132638413004,65.23247749828681
31.150000000000002,236.78928516341708,18.158756623980544,65.37152384632996
31.200000000000003,237.69815785585956,18.197555296992533,65.51119906917312
31.25,238.60899804870985,18.23630252004967,65.6506890721788
31.3,239.521791060877,18.274718479232696,65.7889865252377
31.35,240.43650333387987,18.312629058854945,65.9254646118778
31.400000000000002,241.3531014676619,18.34987659810443,66.05955575317596
31.450000000000003,242.27154994080294,18.38625415637928,66.19051496296541
31.5,243.19179353771355,18.421650490818905,66.31794176694807
31.55,244.11376965990937,18.456149799768905,66.44213927916806
31.6,245.03743201778073,18.48990804366139,66.56366895718101
31.650000000000002,245.96275433671164,18.523057995840468,66.68300878502569
31.700000000000003,246.88971106303276,18.555709303653956,66.80055349315424
31.75,247.818276722189,18.587978168045755,66.91672140496472
31.8,248.74844830391217,18.620031199396042,67.03211231782575
31.85,249.6802356761457,18.65197635012763,67.14711486045947
31.900000000000002,250.6136332159622,18.683824347491903,67.26176765097085
31.950000000000003,251.54862325555695,18.715576753707165,67.37607631334579
32.0,252.48519476244664,18.747264503188568,67.49015221147884
32.050000000000004,253.4233466643081,18.778910314590533,67.60407713252592
32.1,254.36307932868007,18.810446398457948,67.71760703444862
32.15,255.3043847423036,18.84184156581568,67.83062963693645
32.2,256.2472539741424,18.873160070529604,67.94337625390658
32.25,257.1916886616312,18.90437040369377,68.05573345329756
32.300000000000004,258.13769156741074,18.935462853579917,68.1676662728877
32.35,259.08525381843725,18.966477117028823,68.27931762130376
32.4,260.03436153593304,18.99752020484203,68.3910727374313
32.45,260.9850132897504,19.02870868428604,68.50335126342975
32.5,261.93721253726903,19.060088345233876,68.61631804284195
32.550000000000004,262.8909467415398,19.091592875100513,68.72973435036185
32.6,263.8462228889638,19.12307995426677,68.84308783536038
32.65,264.8030694498615,19.154325823312853,68.95557296392627
32.7,265.761493114689,19.184976797443404,69.06591647079625
32.75,266.7214636687953,19.214530588741557,69.1723101194696
32.800000000000004,267.68290798219687,19.24241979050383,69.2727112458138
32.85,268.64571975453566,19.268104609708463,69.36517659495047
32.9,269.60976650427585,19.291006026208212,69.44762169434956
32.95,270.5748887846725,19.310508626604886,69.51783105577759
33.0,271.54090434112015,19.326395601177694,69.57502416423971
33.050000000000004,272.5076204911632,19.33864186506788,69.61911071424437
33.1,273.47484899274144,19.347404002128265,69.65065440766176
33.15,274.44241217424,19.352951908438147,69.67062687037733
33.2,275.41014111154345,19.35563121709181,69.68027238153051
33.25,276.3778934811585,19.355829977926888,69.6809879205368
33.300000000000004,277.34558423569376,19.353943435271713,69.67419636697817
33.35,278.3131491983008,19.350330468729187,69.66118968742508
33.4,279.2805160803491,19.34529326323906,69.64305574766063
33.45,280.24762222462346,19.33908981373116,69.62072332943218
33.5,281.21440991724523,19.331941053995813,69.59498779438493
33.550000000000004,282.1808249089313,19.324012117993046,69.56644362477496
33.6,283.14682028491694,19.315399709590817,69.53543895452694
33.65,284.11236199430436,19.30621791181788,69.50238448254436
33.7,285.07742978950625,19.296710041354046,69.46815614887457
33.75,286.042017506736,19.287075595179992,69.43347214264797
33.800000000000004,287.006129157064,19.27753427945983,69.39912340605538
33.85,287.969775677132,19.268313937201626,69.36593017392586
33.9,288.9329764583769,19.259628511801836,69.3346626424866
33.95,289.8957599100957,19.25167616505299,69.30603419419077
34.0,290.85816434439425,19.244643259798362,69.2807157352741
34.050000000000004,291.8202400824544,19.238715351438266,69.25937526517777
34.1,292.7820489836442,19.234085538190907,69.24270793748727
34.15,293.7436612121552,19.23096477363628,69.2314731850906
34.2,294.70515356212496,19.229534821191304,69.2263253562887
34.25,295.6666100995352,19.22993334708302,69.22776004949887
34.300000000000004,296.6281213011812,19.232224880214037,69.23600956877054
34.35,297.5897818426506,19.236380910418376,69.25097127750615
34.4,298.55168907811714,19.242261967354466,69.27214308247608
34.45,299.5139361307483,19.249626781961673,69.29865641506203
34.5,300.4766005025806,19.258145591450386,69.32932412922139
34.550000000000004,301.4397372119843,19.267417092596368,69.36270153334692
34.6,302.4033759868025,19.27703205126531,69.39731538455511
34.65,303.3675197608615,19.286620134626837,69.43183248465661
34.7,304.3321475881105,19.29587411354896,69.46514680877627
34.75,305.2972218112828,19.30457400754601,69.49646642716563
34.800000000000004,306.26269848891445,19.312618726292513,69.52542741465305
34.85,307.2285361044544,19.32000389884781,69.55201403585211
34.9,308.19470518680384,19.326800038213996,69.57648013757039
34.95,309.1611888336422,19.333125961696467,69.59925346210728
35.0,310.12797532843086,19.339113889707534,69.62081000294712
35.050000000000004,311.0950555516751,19.34487054337847,69.64153395616249
35.1,312.06242294909896,19.350450172653996,69.66162062155439
35.15,313.03007027404107,19.355844558521092,69.68104041067593
35.2,313.9979879999757,19.361006541512065,69.69962354944343
35.25,314.9661644636452,19.36587272256093,69.71714180121936
35.300000000000004,315.93458390752056,19.370424420489805,69.7335279137633
35.35,316.90322626662237,19.374653999301753,69.74875439748631
35.4,317.8720682822395,19.378565173515643,69.76283462465632
35.45,318.8410870722485,19.382160937605597,69.77577937538015
35.5,319.81026493504356,19.3854483498882,69.78761405959753
35.550000000000004,320.77959136477244,19.388416909071676,69.79830087265803
35.6,321.74906035157227,19.391046598383266,69.80776775417976
35.65,322.71866172620537,19.393307573683757,69.81590726526153
35.7,323.6883776313933,19.39515701521137,69.82256525476093
35.75,324.6581846728438,19.396554703044472,69.8275969309601
35.800000000000004,325.6280541676175,19.397463180900807,69.83086745124291
35.85,326.59795458245213,19.397851297606866,69.83226467138472
35.9,327.56785403615453,19.3977078559465,69.8317482814074
35.95,328.53772415301256,19.397051822943393,69.82938656259621
36.0,329.50754120009213,19.39592299888762,69.82532279599543
36.050000000000004,330.4772874299697,19.39435498263973,69.81967793750303
36.1,331.4469483348846,19.392384709969498,69.8125849558902
36.15,332.4165075178366,19.390043241545445,69.8041556695636
36.2,333.38594661644305,19.38735570966397,69.7944805547903
36.25,334.3552465306538,19.384331985321484,69.78359514715734
36.300000000000004,335.32438737686357,19.380973014843715,69.77150285343737
36.35,336.2933502486505,19.377294623527913,69.75826064470048
36.4,337.26212003452525,19.3733247053137,69.74396893912932
36.45,338.2306849761405,19.369136610648724,69.72889179833541
36.5,339.19903582195195,19.36480521702633,69.7132987812948
36.550000000000004,340.1671648690163,19.360401090549143,69.69744392597691
36.6,341.1350677841951,19.355982530926887,69.6815371113368
36.65,342.1027465861889,19.351601198404612,69.6657643142566
36.7,343.0702079563215,19.34729138766994,69.65024899561179
36.75,344.0374613937146,19.34308330605714,69.6350999018057
36.800000000000004,345.0045139326761,19.338999728426543,69.62039902233556
36.85,345.9713686982367,19.335060085011545,69.60621630604156
36.9,346.9380295672669,19.33127082947889,69.592574986124
36.95,347.9045022114284,19.32762285321749,69.57944227158298
37.0,348.8707940845924,19.324105405818514,69.56677946094665
37.050000000000004,349.8369137388019,19.320721309664723,69.554596714793
37.1,350.8028700310755,19.317484231583407,69.54294323370027
37.15,351.76867180599305,19.314426781958485,69.53193641505055
37.2,352.73432733178015,19.311571755324486,69.52165831916815
37.25,353.69984470619346,19.308948300459413,69.51221388165389
37.300000000000004,354.6652343262608,19.30659142340693,69.50372912426495
37.35,355.6305098256135,19.304542498680632,69.49635299525028
37.4,356.5956876540739,19.302837745495218,69.49021588378278
37.45,357.5607863072528,19.3015066840178,69.48542406246408
37.5,358.52582574145146,19.300560655384295,69.48201835938346
37.550000000000004,359.49082710207,19.300002304587224,69.48000829651401
37.6,360.45581131318835,19.299803986287976,69.47929435063672
37.65,361.42079641597417,19.299917602731337,69.47970336983282
37.7,362.38579574438995,19.300273553767838,69.48098479356422
37.75,363.3508180180523,19.300785622063138,69.4828282394273
37.800000000000004,364.315867743062,19.301353492386415,69.4848725725911
37.85,365.280945791878,19.301863591288708,69.48670892863935
37.9,366.2460473110233,19.302196141449148,69.48790610921694
37.95,367.211161142854,19.3022367807906,69.48805241084617
38.0,368.1762706600103,19.30187884507481,69.48676384226933
38.050000000000004,369.1413532441437,19.30102546725869,69.48369168213128
38.1,370.1063814492319,19.299590528086377,69.47852590111096
38.15,371.0713232912439,19.297512736728184,69.47104585222147
38.2,372.0361441012065,19.294751296850492,69.46110466866178
38.25,373.00080878311275,19.291303722059894,69.44869339941562
38.300000000000004,373.96528271955566,19.287180303294342,69.43384909185963
38.35,374.92953283424936,19.282423614262438,69.41672501134478
38.400000000000006,375.89352901143525,19.27709999925343,69.39755999731236
38.45,376.8572456858665,19.27129712475893,69.37666964913215
38.5,377.8206615378052,19.26511960953625,69.3544305943305
38.550000000000004,378.78376032385535,19.258681108132613,69.3312519892774
38.6,379.7465307295368,19.25210459925392,69.3075765573141
38.650000000000006,380.7089678062166,19.245517515285023,69.28386305502609
38.7,381.6710745990084,19.239043578297185,69.26055688186987
38.75,382.6328596938667,19.23279485008292,69.23806146029852
38.800000000000004,383.59433691287154,19.22686768860629,69.21672367898265
38.85,384.55552461325544,19.221333416441066,69.19680029918784
38.900000000000006,385.51644445354816,19.216220793418422,69.17839485630633
38.95,386.4771196636613,19.21152112763119,69.16147605947229
39.0,387.43757260302925,19.20717732971182,69.14583838696255
39.050000000000004,388.3978225397309,19.203119790011854,69.13123124404268
39.1,389.3578840210317,19.199272010344174,69.11737923723904
39.150000000000006,390.31776474232703,19.195558192377177,69.10400949255784
39.2,391.27746481371673,19.191903260967162,69.09085173948179
39.25,392.23697946449016,19.188238389747273,69.07765820309018
39.300000000000004,393.19630233775604,19.1845029912509,69.06421076850323
39.35,394.15542935614764,19.1806497508268,69.05033910297648
39.400000000000006,395.1143587138848,19.176646325367635,69.03592677132349
39.45,396.0730872711801,19.17248052320398,69.02092988353434
39.5,397.03160825716907,19.168157872732287,69.00536834183623
39.550000000000004,397.98991178151476,19.16368027785927,68.98924900029338
39.6,398.9479865694754,19.159040678685606,68.97254644326819
39.650000000000006,399.90582170837126,19.154222331467565,68.95520039328323
39.7,400.863408464866,19.149217807176704,68.93718410583614
39.75,401.82074081500645,19.14404921098842,68.91857715955831
39.800000000000004,402.7778140587812,19.138759153169904,68.89953295141166
39.85,403.7346220238362,19.13340883485311,68.8802718054712
39.900000000000006,404.69115800737086,19.12804816169457,68.86097338210045
39.95,405.64741753557394,19.12269879273729,68.84171565385424
40.0,406.60340125198377,19.117339657797984,68.82242276807274
40.050000000000004,407.55911443969507,19.11191584327529,68.80289703579105
40.1,408.5145621579953,19.106361961375566,68.78290306095204
40.150000000000006,409.46974606882094,19.100626321757176,68.76225475832584
40.2,410.42465971296764,19.094683665405103,68.74086119545838
40.25,411.3792866010781,19.088540460540045,68.71874565794417
40.300000000000004,412.33360591561024,19.082255468162458,68.69611968538486
40.35,413.28760128674065,19.075944804954048,68.67340129783457
40.400000000000006,414.2412697990379,19.069807657344214,68.65130756643917
40.45,415.1946263922355,19.06411559696457,68.63081614907246
40.5,416.1477042924753,19.059202712105357,68.61312976357928
40.550000000000004,417.1005543802038,19.05544510443237,68.59960237595654
40.6,418.0532444422188,19.053203829699626,68.59153378691866
40.650000000000006,419.00585721841975,19.05276877046942,68.58996757368992
40.7,419.95848913873215,19.054334942226465,68.59560579201528
40.75,420.91124745892915,19.057993259541217,68.60877573434838
40.800000000000004,421.8642456622292,19.06375502888025,68.6295181039689
40.85,422.8175977760694,19.071570778386647,68.65765480219193
40.900000000000006,423.77140924157834,19.08134725491007,68.69285011767626
40.95,424.7257702899833,19.092954060708376,68.73463461855016
41.0,425.68075745501574,19.10622424711199,68.78240728960316
41.050000000000004,426.6364382864531,19.12095381278957,68.83543372604245
41.1,427.59287609701556,19.136930155099638,68.8929485583587
41.150000000000006,428.5501322119312,19.15394432738008,68.95419957856829
41.2,429.50826204768634,19.171804828290107,69.01849738184438
41.25,430.46730956688305,19.190343775839864,69.0852375930235
41.300000000000004,431.42730286132803,19.20939026222157,69.15380494399766
41.35,432.38825476067245,19.22873799950652,69.22345679822348
41.400000000000006,433.3501675952247,19.248136413981705,69.29329109033414
41.45,434.3130354109382,19.267251578155896,69.36210568136123
41.5,435.2768422574828,19.285786293330126,69.42883065598846
41.550000000000004,436.241560536765,19.303456588189693,69.4924437174829
41.6,437.2071456602027,19.31998527726452,69.55194699815227
41.650000000000006,438.17352991070663,19.33507831564984,69.60628193633943
41.7,439.1406220506509,19.34835641825972,69.654083105735
41.75,440.10831092585084,19.359360086740626,69.69369631226625
41.800000000000004,441.07648344337395,19.367636282605957,69.72349061738144
41.85,442.0450178468222,19.372790784149032,69.74204682293652
41.900000000000006,443.01376524557287,19.37452343623807,69.74828437045706
41.95,443.9825514769902,19.372704818668186,69.74173734720547
42.0,444.9511763368889,19.367378926413043,69.72256413508696
42.050000000000004,445.9194327582771,19.358747812532037,69.69149212511533
42.1,446.8871387323732,19.347113712554943,69.6496093651978
42.150000000000006,447.85414857251624,19.33286167546878,69.59830203168761
42.2,448.820351825269,19.3166007310961,69.53976263194596
42.25,449.7856781947607,19.298962965720875,69.47626667659516
42.300000000000004,450.7500906341792,19.28053143035913,69.40991314929286
42.35,451.7135687450299,19.261702003117783,69.34212721122402
42.400000000000006,452.6760977965869,19.24258222482248,69.27329600936093
42.45,453.63767031120096,19.223105499534796,69.20317979832527
42.5,454.5982934025334,19.203158310480845,69.13136991773105
42.550000000000004,455.55795991149375,19.182564705443596,69.05723293959694
42.6,456.5166272101412,19.161165292391914,68.9801950526109
42.650000000000006,457.4742250841903,19.13894320162117,68.90019552583621
42.7,458.43067113940424,19.115983541627678,68.81754074985965
42.75,459.3859062682322,19.092409494626978,68.73267418065713
42.800000000000004,460.3399069144638,19.068355700708473,68.6460805225505
42.85,461.2926662439794,19.04404113980075,68.5585481032827
42.900000000000006,462.24419439353437,19.019787912448006,68.47123648481282
42.95,463.1945251178893,18.995820836629807,68.3849550118673
43.0,464.1436909593766,18.972220335528114,68.29999320790121
43.050000000000004,465.09170370724627,18.94889711466306,68.21602961278701
43.1,466.0385645812175,18.92567868755578,68.13244327520081
43.150000000000006,466.9842778254132,18.902430517021113,68.04874986127601
43.2,467.92884335727047,18.879016394260432,67.96445901933755
43.25,468.87224056363016,18.855268902268243,67.87896804816567
43.300000000000004,469.81443385123873,18.83114003120537,67.79210411233933
43.35,470.7553942491635,18.80670878840274,67.70415163824987
43.400000000000006,471.6951110367814,18.782026907031394,67.61529686531303
43.45,472.63358368367153,18.757098233572542,67.52555364086115
43.5,473.57080546149376,18.73197891912737,67.43512410885855
43.550000000000004,474.5067683459998,18.706819522211205,67.34455027996034
43.6,475.44148152265547,18.681758414868067,67.25433029352504
43.650000000000006,476.37495956551584,18.656852860730783,67.16467029863082
43.7,477.3072003682719,18.63215290986057,67.07575047549805
43.75,478.2381996564191,18.6077570466371,66.98792536789357
43.800000000000004,479.1679760721375,18.583801842581046,66.90168663329177
43.85,480.09656416737374,18.560382821129036,66.81737815606454
43.900000000000006,481.02399153451836,18.537515943258832,66.7350573957318
43.95,481.95028045038737,18.515222474199405,66.65480090711786
44.0,482.8754661154923,18.49355421878131,66.57679518761272
44.050000000000004,483.79959131040164,18.472459054794175,66.50085259725903
44.1,484.7226857266455,18.451733364699706,66.42624011291895
44.150000000000006,485.64475899263476,18.43115858660549,66.35217091177977
44.2,486.5658122031973,18.41059136931938,66.27812892954977
44.25,487.4858488257524,18.38990928626125,66.2036734305405
44.300000000000004,488.40486291399327,18.3689608104671,66.12825891768156
44.35,489.3228258487693,18.347661877840643,66.05158276022632
44.400000000000006,490.23970143031363,18.3260678521771,65.97384426783756
44.45,491.15547146159315,18.304298274233144,65.89547378723933
44.5,492.07013603420626,18.28248054388184,65.81692995797462
44.550000000000004,492.98369738228354,18.260727670651125,65.73861961434405
44.6,493.8961596335542,18.239154852117643,65.66095746762352
44.650000000000006,494.8075419129591,18.217862050784372,65.58430338282375
44.7,495.71787389917125,18.19685575219014,65.50868070788451
44.75,496.6271760022615,18.176042168494472,65.4337518065801
44.800000000000004,497.5354554564275,18.155287779165107,65.3590360049944
44.85,498.44271155067787,18.13445333353996,65.28403200074385
44.900000000000006,499.34893344736525,18.11337764871211,65.20815953536359
44.95,500.25409840154225,18.091894386538023,65.13081979153688
45.0,501.1581768547027,18.06992336391249,65.05172411008496
45.050000000000004,502.06114316075747,18.04750584161927,64.97102102982937
45.1,502.9629769313914,18.02473553689873,64.88904793283544
45.150000000000006,503.86365580512313,18.001741683339645,64.80627006002273
45.2,504.7631611854946,17.978704973947572,64.72333790621126
45.25,505.66149347928905,17.955800978557455,64.64088352280685
45.300000000000004,506.55867603889027,17.933140658410117,64.55930637027643
45.35,507.4547378088128,17.910779162075734,64.47880498347264
45.400000000000006,508.3496982079307,17.88875783804013,64.39952821694447
45.45,509.2435755717778,17.867101987372536,64.32156715454113
45.5,510.13638926334204,17.845721623376335,64.24459784415481
45.550000000000004,511.02814457198235,17.8244028464883,64.16785024735789
45.6,511.91883141467287,17.80293058066238,64.09055009038457
45.650000000000006,512.8084399451915,17.781173266555804,64.0122237596009
45.7,513.6969653772701,17.75906599444064,63.932637579986306
45.75,514.5843910951021,17.736511336879683,63.85144081276686
45.800000000000004,515.4706760238538,17.713429412389228,63.768345884601224
45.85,516.3557754338752,17.689876627675627,63.68355585963226
45.900000000000006,517.2396696212701,17.665972004498656,63.59749921619516
45.95,518.1223565743952,17.64178469366045,63.51042489717763
46.0,519.0038269053102,17.617355053368,63.42247819212481
46.050000000000004,519.884059996612,17.592769139199255,63.33396890111732
46.1,520.7630479601265,17.56811960961283,63.245230594606184
46.150000000000006,521.6408057125309,17.54338531983579,63.156187151408844
46.2,522.5173410955035,17.5184256962861,63.06633250662997
46.25,523.3926365549654,17.493122033545124,62.97523932076245
46.300000000000004,524.2666667529857,17.46743205617463,62.88275540222867
46.35,525.1394113035315,17.441309241863646,62.788713270709124
46.400000000000006,526.0108428445753,17.414637698534403,62.692695714723854
46.45,526.8809197286162,17.38731120826039,62.5943203497374
46.5,527.7496052381949,17.359405063155968,62.493858227361486
46.550000000000004,528.6168833918932,17.33113309715117,62.39207914974421
46.6,529.482744905409,17.30268644015397,62.289671184554294
46.650000000000006,530.3471724639554,17.274222570118447,62.18720125242641
46.7,531.2101516217017,17.245919150863898,62.085308943110036
46.75,532.0716946307781,17.217945009195446,61.984602033103606
46.800000000000004,532.9318437569357,17.19035551609435,61.88527985793966
46.85,533.7906394219242,17.16309638695438,61.78714699303577
46.900000000000006,534.648098599566,17.13611364726811,61.6900091301652
46.95,535.5042276490166,17.10932777254169,61.593579981150086
47.0,536.3590305439584,17.08254412662419,61.49715885584708
47.050000000000004,537.2124987561712,17.055474523387208,61.39970828419395
47.1,538.0646057879468,17.0278580086485,61.3002888311346
47.150000000000006,538.9153193731347,16.99956794569908,61.198444604516695
47.2,539.764611220364,16.970575944022272,61.094073398480184
47.25,540.6124427864652,16.94087376420881,60.98714555115172
47.300000000000004,541.4587616101356,16.91051497153508,60.877853897526286
47.35,542.3035258851772,16.879639849033257,60.76670345651973
47.400000000000006,543.1467205093716,16.84841858450992,60.65430690423571
47.45,543.988345722414,16.81700042323262,60.54120152363743
47.5,544.8283987720602,16.785533289974943,60.4279198439098
47.550000000000004,545.6668799849302,16.754228449675146,60.31522241883053
47.6,546.5038079069878,16.723313175149073,60.203927430536666
47.650000000000006,547.3392083830848,16.692900486343905,60.09444175083806
47.7,548.1730994889732,16.6630395683013,59.98694244588469
47.75,549.0054997922444,16.633791910044835,59.88165087616141
47.800000000000004,549.8364429464356,16.60521935817126,59.77878968941654
47.85,550.6659751018389,16.577292819094858,59.67825414874149
47.900000000000006,551.4941344121085,16.549885529020614,59.57958790447421
47.95,552.3209417449992,16.52290124049381,59.48244446577771
48.0,553.1464165723131,16.496270012428813,59.38657204474373
48.050000000000004,553.9705794183179,16.46983932463945,59.29142156870203
48.1,554.7934335109215,16.44339330799504,59.19621590878215
48.150000000000006,555.6149613678955,16.416770894016366,59.10037521845892
48.2,556.4351451438283,16.389915610453684,59.00369619763327
48.25,557.2539821069685,16.362831992163294,58.90619517178786
48.300000000000004,558.0714651843613,16.335513008460996,58.80784683045959
48.35,558.8875684869862,16.307979825046452,58.70872737016723
48.400000000000006,559.7022710665194,16.280346752798238,58.60924831007366
48.45,560.5155768797773,16.252714808563898,58.509773310830035
48.5,561.3275006246183,16.225098766831362,58.410355560592905
48.550000000000004,562.1380481832291,16.19746683839228,58.31088061821221
48.6,562.9472189347473,16.169846974883466,58.21144910958048
48.650000000000006,563.7550184567901,16.142304147058038,58.11229492940894
48.7,564.5614543720922,16.114785456661966,58.01322764398308
48.75,565.3665174756806,16.087155782093905,57.91376081553806
48.800000000000004,566.1701873858249,16.059336656137575,57.81361196209527
48.85,566.972455594658,16.031341577562234,57.71282967922404
48.900000000000006,567.7733268455771,16.003179976355604,57.61144791488017
48.95,568.5727973207584,15.974844139286734,57.50943890143225
49.0,569.3708450177667,15.946383468022193,57.406980484879895
49.050000000000004,570.1674540093467,15.917933168261925,57.30455940574293
49.1,570.962631084579,15.889603890296147,57.20257400506613
49.150000000000006,571.7563900990766,15.861395134059006,57.10102248261242
49.2,572.5487365273218,15.83330216852207,56.99988780667945
49.25,573.3396768792632,15.805374212144677,56.89934716372084
49.300000000000004,574.1292313552094,15.777651484787663,56.799545345235586
49.35,574.9174195644525,15.750048224403015,56.70017360785086
49.400000000000006,575.7042395644928,15.722391924791609,56.60061092924979
49.45,576.4896748402763,15.694579711050224,56.50048695978081
49.5,577.2737180880798,15.666567117515395,56.39964162305542
49.550000000000004,578.0563675346348,15.638311898362256,56.29792283410412
49.6,578.8376058641078,15.609782263723261,56.19521614940374
49.650000000000006,579.6174022100923,15.581035741203447,56.09172866833241
49.7,580.3957373728451,15.55221680250217,55.98798048900781
49.75,581.1726174355629,15.523456056862909,55.88444180470647
49.800000000000004,581.9480552958117,15.494817857818967,55.78134428814828
49.85,582.7220605976113,15.466370841340968,55.67893502882749
49.900000000000006,583.494651256836,15.438246502223983,55.57768740800634
49.95,584.2658543713873,15.410522416584978,55.47788069970592
50.0,585.0356918429909,15.383153268305819,55.37935176590095
50.050000000000004,585.8041721367238,15.35603862720544,55.28173905793958
50.1,586.5713005589039,15.329131893558097,55.18487481680915
50.150000000000006,587.33709062815,15.302419023145774,55.08870848332479
50.2,588.10155653048,15.275835588162074,54.99300811738347
50.25,588.8646967378749,15.249331353915942,54.89759287409739
50.300000000000004,589.6265004079168,15.222879498326105,54.80236619397398
50.35,590.3869693593882,15.196442127636274,54.70719165949059
50.400000000000006,591.1461171793075,15.169940413192318,54.61178548749235
50.45,591.9039486852774,15.143292771706498,54.5158539781434
50.5,592.6604552913662,15.116486511070532,54.41935143985391
50.550000000000004,593.4156289935978,15.089555389322358,54.32239940156049
50.6,594.1694589162313,15.062512556602826,54.22504520377017
50.650000000000006,594.9219245241413,15.035328301984501,54.127181887144204
50.7,595.6730099515547,15.00801791901852,54.028864508466675
50.75,596.422717415193,14.980687807040209,53.93047610534475
50.800000000000004,597.1710630190572,14.95346966246931,53.832490784889515
50.85,597.9180574721192,14.926450388264875,53.735221397753556
50.900000000000006,598.6637020489551,14.899707825725102,53.63894817261037
50.95,599.4080058823773,14.87332087075169,53.54395513470609
51.0,600.150994307247,14.847258193342816,53.45012949603414
51.050000000000004,600.8926952011766,14.821418094895396,53.35710514162343
51.1,601.6331231686135,14.795737468974686,53.26465488830887
51.150000000000006,602.3722825413415,14.7702191163407,53.17278881882652
51.2,603.110177848691,14.744856418454244,53.08148310643528
51.25,603.8468086910327,14.719560083101229,52.99041629916442
51.300000000000004,604.582162258076,14.694243485250162,52.89927654690059
51.35,605.3162316257035,14.668888079795419,52.80799708726351
51.400000000000006,606.0490301293648,14.64352841062988,52.71670227826757
51.45,606.780572614145,14.618187599142994,52.62547535691478
51.5,607.51085548486,14.592858425548418,52.534290331974304
51.550000000000004,608.2398658821451,14.567554138553497,52.44319489879259
51.6,608.967604640394,14.542306340720181,52.352302826592656
51.650000000000006,609.6940833292774,14.517069934627251,52.261451764658105
51.7,610.4193047129685,14.491747141742941,52.17028971027459
51.75,611.143261164789,14.466321176357148,52.07875623488574
51.800000000000004,611.8659458446116,14.440846917348816,51.98704890245574
51.85,612.5873588757615,14.41533635675584,51.89521088432103
51.900000000000006,613.3074977254113,14.389726403577313,51.80301505287833
51.95,614.0263489446677,14.363990652746448,51.71036634988722
52.0,614.7439045252006,14.338214125146044,51.61757085052576
52.050000000000004,615.4601738492147,14.312496453593859,51.524987232937896
52.1,616.1751656730079,14.286890446167432,51.432805606202756
52.150000000000006,616.8888753294724,14.261440797576029,51.341186871273706
52.2,617.6013007046823,14.236216211588644,51.25037836171912
52.25,618.3124611592946,14.21128492907021,51.160625744652755
52.300000000000004,619.0223873203264,14.186630386129025,51.07186939006449
52.35,619.7310964087663,14.162175365632091,50.98383131627553
52.400000000000006,620.4385924300901,14.137882172145591,50.89637581972413
52.45,621.1448824763264,14.113728448975877,50.80942241631316
52.5,621.8499756110306,14.089616296009716,50.722618665634975
52.550000000000004,622.5538694719398,14.06538780541472,50.63539609949299
52.6,623.2565488735147,14.040958166936761,50.54744940097234
52.650000000000006,623.9580018041684,14.016386585133814,50.45899170648173
52.7,624.658226254651,13.991765665237487,50.37035639485496
52.75,625.3572159247134,13.967138292670445,50.2816978536136
52.800000000000004,626.054957635974,13.94255719301258,50.193205894845285
52.85,626.7514497446687,13.918124668087831,50.10524880511619
52.900000000000006,627.4467155465533,13.893931893655518,50.01815481715987
52.95,628.1407894601134,13.869997005910726,49.93198922127861
53.0,628.8336903499122,13.846307145602879,49.84670572417036
53.050000000000004,629.5254213186345,13.822883537512778,49.762380735046
53.1,630.2159891317386,13.79971253431682,49.67896512354055
53.150000000000006,630.9054049074482,13.776697510664029,49.596111038390504
53.2,631.5936714927656,13.753720554973032,49.51339399790292
53.25,632.2807842608182,13.730718937916222,49.430588176498404
53.300000000000004,632.9667447223475,13.707720390951723,49.3477934074262
53.35,633.6515592402608,13.684746025635238,49.26508569228686
53.400000000000006,634.3352220420556,13.661718490356737,49.182186565284255
53.45,635.017720570272,13.638555394052531,49.09879941858912
53.5,635.6990533510117,13.615219136597853,49.01478889175227
53.550000000000004,636.3792260200615,13.591675843065502,48.93003303503581
53.6,637.0582363190165,13.567877422779752,48.84435872200711
53.650000000000006,637.7360643916538,13.54381586505711,48.7577371142056
53.7,638.4126801616652,13.519568823979387,48.67044776632579
53.75,639.0880670524335,13.495220542809529,48.5827939541143
53.800000000000004,639.7622235878961,13.470823767079214,48.494965561485174
53.85,640.4351507100482,13.44649371631948,48.407377378750134
53.900000000000006,641.1068566217924,13.42241940744588,48.32070986680517
53.95,641.7773644634569,13.398787194290767,48.23563389944676
54.0,642.4467048092689,13.37571119734378,48.15256031043761
54.050000000000004,643.1149024410634,13.353200291751264,48.071521050304554
54.1,643.7819830366285,13.331218166914415,47.99238540089189
54.150000000000006,644.447984393743,13.309745174497852,47.915082628192266
54.2,645.1129415319951,13.288695139834232,47.83930250340324
54.25,645.7768691555943,13.267944121717388,47.7645988381826
54.300000000000004,646.4397659769783,13.247382157907804,47.69057576846809
54.35,647.1016293524887,13.226917883103491,47.61690437917257
54.400000000000006,647.7624637344372,13.206427272309442,47.543138180313996
54.45,648.4222723490435,13.185751656532382,47.46870596351658
54.5,649.081045272584,13.164819284317513,47.39334942354305
54.550000000000004,649.7387696130326,13.143654326190962,47.31715557428746
54.6,650.3954370389356,13.122275034326917,47.2401901235769
54.650000000000006,651.0510326656785,13.10066117527675,47.1623802309963
54.7,651.7055337916711,13.07881256070052,47.08372521852187
54.75,652.3589244215052,13.0567981651182,47.004473394425524
54.800000000000004,653.0112077449392,13.03473847641624,46.92505851509847
54.85,653.6623925519568,13.012729833896305,46.8458274020267
54.900000000000006,654.3124774184602,12.990826367240917,46.766974922067305
54.95,654.9614612233423,12.969125033191212,46.688850119488364
55.0,655.6093586047334,12.947694548706476,46.61170037534332
55.050000000000004,656.2561948730973,12.926514721097174,46.535452995949825
55.1,656.9019880693196,12.905518578801438,46.45986688368518
55.150000000000006,657.5467434529701,12.884677169279396,46.38483780940582
55.2,658.1904646558883,12.86400667620972,46.31042403435499
55.25,658.8331606905857,12.84345900700691,46.236452425224876
55.300000000000004,659.4748323032098,12.822935853071652,46.162569071057945
55.35,660.115469243023,12.802371853817839,46.08853867374422
55.400000000000006,660.7550691764377,12.781782081073628,46.01441549186506
55.45,661.3936414763455,12.76119502067291,45.940302074422476
55.5,662.0311903837389,12.7406008939011,45.86616321804396
55.550000000000004,662.6677058517815,12.719977257566722,45.7919181272402
55.6,663.303179533982,12.699333844859817,45.717601841495345
55.650000000000006,663.9376167511674,12.67868176025954,45.64325433693435
55.7,664.5710251432143,12.65795056771679,45.568622043780444
55.75,665.2034001137412,12.637062560618416,45.4934252182263
55.800000000000004,665.8347276236884,12.615987007693448,45.417553227696416
55.85,666.4649972632479,12.59469932574668,45.34091757268805
55.900000000000006,667.0942008237183,12.573110137106607,45.263196493583784
55.95,667.7223207812847,12.55109423024919,45.18393922889708
56.0,668.3493312635683,12.528628127863973,45.103061260310305
56.050000000000004,668.9752131738583,12.505769028623941,45.02076850304619
56.1,669.5999530063406,12.482595351985687,44.93734326714847
56.150000000000006,670.2235296499201,12.459203862716834,44.8531339057806
56.2,670.8459197759469,12.435767802228108,44.76876408802119
56.25,671.4671177107045,12.41251922704802,44.68506921737287
56.300000000000004,672.0871456567975,12.389670627461511,44.60281425886144
56.35,672.706035006972,12.367367178159741,44.52252184137507
56.400000000000006,673.3238139307426,12.345712540515148,44.44456514585453
56.45,673.940520742571,12.324776472868407,44.36919530232627
56.5,674.55620547849,12.304503305281127,44.29621189901206
56.550000000000004,675.1709083069876,12.284680750149445,44.224850700538
56.6,675.7846453198358,12.265018747223746,44.15406749000549
56.650000000000006,676.3974166872563,12.245260494956515,44.082937781843455
56.7,677.0092144727502,12.225200194349577,44.01072069965848
56.75,677.6200143210384,12.204599814881469,43.93655933357329
56.800000000000004,678.2297692819541,12.183289634468675,43.85984268408723
56.85,678.838425566518,12.161254451940962,43.78051602698746
56.900000000000006,679.4459440881504,12.13859435342931,43.69893967234552
56.95,680.0523032815679,12.115426877987632,43.615536760755475
57.0,680.6574853246174,12.091894763297192,43.530821147869894
57.050000000000004,681.261472712592,12.068213507005177,43.44556862521864
57.1,681.8642669990988,12.044607487014655,43.36058695325276
57.150000000000006,682.4658893050889,12.021219193967791,43.27638909828405
57.2,683.0663570187195,11.998098640926393,43.193155107335016
57.25,683.6656790980073,11.975276652062707,43.11099594742575
57.300000000000004,684.2638706991107,11.952806450303061,43.030103221091025
57.35,684.8609568893351,11.930710779936316,42.95055880777074
57.400000000000006,685.456954284444,11.908928797616001,42.872143671417604
57.45,686.0518666131039,11.887386454052717,42.79459123458978
57.5,686.6457015014547,11.866086884807777,42.717912785307995
57.550000000000004,687.2384781161039,11.845037573035535,42.64213526292793
57.6,687.8302167588429,11.824202516243972,42.5671290584783
57.650000000000006,688.4209254521174,11.803562443524626,42.49282479668866
57.7,689.010605757097,11.783185033022985,42.419466118882745
57.75,689.5992709538224,11.763183780595721,42.3474616101446
57.800000000000004,690.1869440840305,11.74360960606873,42.27699458184743
57.85,690.7736422650535,11.724502745918599,42.20820988530696
57.900000000000006,691.3593821048315,11.705928795180052,42.14134366264819
57.95,691.9441956388101,11.6879561257808,42.07664205281088
58.0,692.5281260969747,11.670576660462933,42.01407597766656
58.050000000000004,693.1112086663994,11.653668984532903,41.953208344318455
58.1,693.69346313123,11.63709530652164,41.89354310347791
58.150000000000006,694.2749062071339,11.62074679558771,41.83468846411576
58.2,694.8555517618289,11.604476080344956,41.77611388924184
58.25,695.435396165433,11.58808939318162,41.71712181545384
58.300000000000004,696.0144168813576,11.571437048194472,41.6571733735001
58.35,696.5925863764937,11.554468623628376,41.596087045062156
58.400000000000006,697.1698893517771,11.537184011580745,41.53386244169069
58.45,697.7463158252881,11.51957623160365,41.47047443377314
58.5,698.3218467758373,11.50165557424435,41.40596006727966
58.550000000000004,698.8964648712816,11.48350493776101,41.340617775939634
58.6,699.470166574988,11.46518900346747,41.274680412482894
58.650000000000006,700.0429537218553,11.446702813646294,41.20813012912666
58.7,700.6148197602175,11.428004409301824,41.14081587348657
58.75,701.1857509587014,11.409085252352233,41.072706908468035
58.800000000000004,701.7557374244597,11.390003755183134,41.004013518659285
58.85,702.3247721056917,11.370789028991592,40.93484050436973
58.900000000000006,702.8928381986581,11.351435834627406,40.86516900465866
58.95,703.4599141189369,11.33194341335027,40.79499628806097
59.0,704.0259923545492,11.312316425267126,40.72433913096165
59.050000000000004,704.5910805590112,11.292517909585213,40.65306447450676
59.1,705.1551848684568,11.272456942257314,40.58084499212633
59.150000000000006,705.7182963038744,11.2520595963062,40.50741454670232
59.2,706.2803958368654,11.231297453921686,40.43267083411807
59.25,706.8414587159301,11.210114355583546,40.35641168010076
59.300000000000004,707.4014500862231,11.188393160355684,40.27821537728046
59.35,707.9603288077527,11.166054043670675,40.19779455721443
59.400000000000006,708.5180593014185,11.143115037148629,40.115214133735066
59.45,709.074620901747,11.119644477876001,40.03072012035361
59.5,709.6299975491439,11.09568825618874,39.944477722279466
59.550000000000004,710.1841619964197,11.071263464209853,39.85654847115547
59.6,710.7370848556843,11.046384365391217,39.76698371540839
59.650000000000006,711.2887511491472,11.021000733464511,39.67560264047224
59.7,711.8391512639298,10.99501286163334,39.58204630188003
59.75,712.3882607051573,10.968335512916086,39.48600784649791
59.800000000000004,712.9360390385949,10.940985479354332,39.387547725675596
59.85,713.4824451948283,10.913091830180727,39.28713058865062
59.900000000000006,714.0274427948362,10.88481267056822,39.185325614045595
59.95,714.5709966276237,10.856303579122825,39.08269288484217
60.0,715.1130873120602,10.827815414507757,38.98013549222793
60.050000000000004,715.6537282569287,10.799671918995076,38.87881890838227
60.1,716.1929608119973,10.77214608782212,38.779725916159634
60.150000000000006,716.7308340921563,10.745374055233372,38.68334659884014
60.2,717.2673906383282,10.719376234809197,38.58975444531311
60.25,717.802671965658,10.694089382121758,38.49872177563833
60.300000000000004,718.3367243047004,10.66930171193763,38.40948616297547
60.35,718.8695772423139,10.644646416846204,38.32072710064634
60.400000000000006,719.4012238561357,10.619754846177106,38.23111744623758
60.45,719.931632408125,10.594351687713242,38.13966607576767
60.5,720.4607650479184,10.56825907329915,38.04573266387694
60.550000000000004,720.9885802756627,10.541371115371794,37.94893601533846
60.6,721.5150254202139,10.513703735173383,37.84933344662418
60.650000000000006,722.0400488442795,10.485472613456588,37.74770140844372
60.7,722.5636257702395,10.457058524517555,37.6454106882632
60.75,723.0857606966239,10.428829050950077,37.543784583420276
60.800000000000004,723.6064730145173,10.401114406595271,37.44401186374298
60.85,724.1257974135045,10.374231868320225,37.34723472595281
60.900000000000006,724.6437943004806,10.34845803764777,37.254448935531975
60.95,725.160543790747,10.323939496560326,37.166182187617174
61.0,725.6761191480075,10.30062747208536,37.082258899507295
61.050000000000004,726.1905710711878,10.27837800838865,37.00216083019914
61.1,726.7039434822282,10.25702533040214,36.925291189447705
61.150000000000006,727.2162819067702,10.236354825871242,36.85087737313647
61.2,727.7276160341725,10.2160920436792,36.77793135724512
61.25,728.2379506122152,10.19600877284953,36.705631582258306
61.300000000000004,728.747276423962,10.175983287319168,36.63353983434901
61.35,729.2555892402487,10.15595098624397,36.561423550478295
61.400000000000006,729.7628892663465,10.135808777475553,36.48891159891199
61.45,730.2691689512224,10.115449990185327,36.41561996466718
61.5,730.774417473545,10.09485778805163,36.34148803698587
61.550000000000004,731.2786329627057,10.074047094832745,36.26656954139788
61.6,731.781815273963,10.052981167106251,36.190732201582506
61.650000000000006,732.283948354525,10.031588669319376,36.11371920954976
61.7,732.7850038362262,10.00984109451165,36.03542794024194
61.75,733.2849612996238,9.987785766547468,35.956028759570884
61.800000000000004,733.7838120168756,9.965467626368119,35.87568345492523
61.85,734.2815416352148,9.942943025213154,35.79459489076736
61.900000000000006,734.7781296463827,9.920319809625882,35.713151314653174
61.95,735.2735693817716,9.897767635197688,35.631963486711676
62.0,735.7678763932187,9.875423819706624,35.551525750943846
62.050000000000004,736.2610725156792,9.85334282955441,35.47203418639588
62.1,736.7531725679679,9.83156220393963,35.39362393418267
62.150000000000006,737.2441948873781,9.810159506209214,35.31657422235317
62.2,737.7341655550923,9.789170435735214,35.24101356864677
62.25,738.2231037900253,9.768510063172384,35.16663622742058
62.300000000000004,738.7110144771028,9.748045508918597,35.09296383210695
62.35,739.1978976440138,9.727669175968545,35.019609033486766
62.400000000000006,739.6837620724646,9.707290796983882,34.94624686914197
62.45,740.1686168246401,9.68677489945592,34.87238963804131
62.5,740.6524511028158,9.665958507444584,34.797450626800504
62.550000000000004,741.135237736312,9.64477062840516,34.72117426225858
62.6,741.6169539755178,9.62317663525539,34.643435886919406
62.650000000000006,742.097582525686,9.60112746278504,34.564058866026144
62.7,742.5770980055809,9.5785736910879,34.48286528791644
62.75,743.0554681976972,9.555554385085014,34.39999578630605
62.800000000000004,743.5326686677494,9.532218501509252,34.31598660543331
62.85,744.0086920133314,9.50870852011507,34.23135067241425
62.900000000000006,744.4835324197533,9.485107169438859,34.14638580997989
62.95,744.9571793343242,9.461482017062298,34.061335261424276
63.0,745.4296340936975,9.437921418080492,33.976517105089776
63.050000000000004,745.9009153991825,9.41446306419725,33.8920670311101
63.1,746.3710425966515,9.39106427715109,33.807831397743925
63.150000000000006,746.8400168025609,9.367657691315426,33.723567688735535
63.2,747.30782978685,9.344226493515144,33.63921537665452
63.25,747.7744780483113,9.320813396169187,33.55492822620908
63.300000000000004,748.2399572454167,9.297393572558065,33.47061686120903
63.35,748.7042549824208,9.273951523612528,33.3862254850051
63.400000000000006,749.1673605901374,9.250542394350894,33.30195261966322
63.45,749.6292804464476,9.227271123056461,33.21817604300326
63.5,750.0900357730693,9.204186520793117,33.13507147485522
63.550000000000004,750.549645792292,9.181238600909296,33.052458963273466
63.6,751.0081160074985,9.158390204176591,32.97020473503573
63.650000000000006,751.46545126391,9.135583292736872,32.88809985385274
63.7,751.9216606460355,9.1126909812903,32.80568753264508
63.75,752.3767381558336,9.089529482744721,32.722306137881
63.800000000000004,752.8306569911311,9.06596043285839,32.6374575582902
63.85,753.2833841732804,9.041946048104554,32.5510057731764
63.900000000000006,753.7348975402213,9.017506652417943,32.463023948704596
63.95,754.1851746058991,8.992667640339317,32.37360350522154
64.0,754.6341851024243,8.967474624118655,32.28290864682716
64.05,755.0819094785057,8.942059325268588,32.191413570966915
64.10000000000001,755.528348953708,8.916556151524352,32.099602145487665
64.15,755.973514715077,8.891015157888955,32.00765456840024
64.2,756.4174106360405,8.865435295242822,31.91556706287416
64.25,756.8600341423881,8.839838591449055,31.8234189292166
64.3,757.3013881240862,8.814293925890212,31.731458133204764
64.35000000000001,757.7414767917317,8.788764492160984,31.639552171779545
64.4,758.1802908388385,8.763183428158918,31.547460341372105
64.45,758.6178114417198,8.737523139967447,31.45508330388281
64.5,759.0540312339731,8.711799195921767,31.362477105318362
64.55,759.488958823724,8.685995627634124,31.269584259482848
64.60000000000001,759.9226002546818,8.660037579803653,31.176135287293153
64.65,760.3549442384933,8.633898028001216,31.08203290080438
64.7,760.7859782465987,8.607576792772209,30.987276453979952
64.75,761.215698338722,8.581024290769786,30.891687446771233
64.8,761.6440915104897,8.554118485783668,30.794826548821206
64.85000000000001,762.0711302334824,8.526766358069844,30.69635888905144
64.9,762.4967860329244,8.498986156226449,30.596350162415217
64.95,762.9210454915633,8.47085066727814,30.495062402201306
65.0,763.3438935017834,8.442398781841192,30.39263561462829
65.05,763.7653000495565,8.413633113227696,30.289079207619707
65.10000000000001,764.1852416634172,8.384638577670719,30.18469887961459
65.15,764.6037185874476,8.355483176535392,30.07973943552741
65.2,765.020743435106,8.326164850536674,29.97419346193203
65.25,765.4363159756327,8.296664203017329,29.867991130862386
65.3,765.8504207073536,8.267030992376608,29.761311572555787
65.35000000000001,766.2630456728949,8.237392334950323,29.654612405821165
65.4,766.6741889058103,8.207768211958172,29.54796556304942
65.45,767.0838405875446,8.178135441741313,29.44128759026873
65.5,767.4919863788195,8.148506527854181,29.334623500275054
65.55,767.8986320002285,8.118945805431354,29.228204899552875
65.60000000000001,768.3038008441971,8.089457055459675,29.122045399654834
65.65,768.7075078009852,8.05989940622357,29.01563786240485
65.7,769.1097424682534,8.030080151353644,28.90828854487312
65.75,769.5104885075956,7.999837827766345,28.79941617995884
65.8,769.9097332298925,7.96897176447918,28.68829835212505
65.85000000000001,770.3074460408019,7.937228948185238,28.574024213466856
65.9,770.703568469911,7.904492106812178,28.45617158452384
65.95,771.0980295265556,7.87086799176974,28.335124770371063
66.0,771.490776403973,7.836613187961714,28.21180747666217
66.05,771.8817785059149,7.802026972665287,28.087297101595034
66.10000000000001,772.271010664813,7.7674289874969045,27.962744354988857
66.15,772.6584716365899,7.7332467363281445,27.83968825078132
66.2,773.0442112215005,7.699880195586113,27.719568704110007
66.25,773.4283087251696,7.667564965556274,27.603233876002587
66.3,773.8108353127585,7.6363367233795145,27.490812204166254
66.35000000000001,774.1918474043655,7.606108761772024,27.381991542379286
66.4,774.5713981350417,7.576751514751768,27.276305453106367
66.45,774.9495340363305,7.548011555778107,27.172841600801185
66.5,775.3262719553026,7.5195088102164895,27.070231716779364
66.55,775.7015963132014,7.4909994378376945,26.9675979762157
66.60000000000001,776.0754859439254,7.462433230973436,26.86475963150437
66.65,776.4479317948795,7.433838863040274,26.761819906944986
66.7,776.8189306840108,7.405247803143919,26.65889209131811
66.75,777.18847481283,7.37676279536296,26.556346063306655
66.8,777.5565674629144,7.34857302377418,26.454862885587048
66.85000000000001,777.9232474199665,7.320854418075568,26.355075905072045
66.9,778.2885642944608,7.293619208062617,26.257029149025424
66.95,778.6525451794627,7.266775997697481,26.160393591710932
67.0,779.0152030546702,7.240214096203896,26.064770746334027
67.05,779.3765538340507,7.213799778121009,25.969679201235635
67.10000000000001,779.7366081820254,7.187306034091721,25.874301722730195
67.15,780.0953510092322,7.160471059299098,25.777695813476754
67.2,780.4527457254843,7.133177724936884,25.67943980977278
67.25,780.8087611900188,7.105520521040397,25.57987387574543
67.3,781.1633811901373,7.077627595177026,25.479459342637295
67.35000000000001,781.5165891989268,7.0496507328779865,25.37874263836075
67.4,781.868368284119,7.021812257053298,25.278524125391876
67.45,782.2187273348205,6.99440421312417,25.179855167247013
67.5,782.5677135815891,6.967646746732566,25.083528288237236
67.55,782.9153844811527,6.94160903297108,24.98979251869589
67.60000000000001,783.2617818946429,6.916263125491085,24.898547251767905
67.65,783.6069417456687,6.891566225701224,24.809638412524407
67.7,783.9509016489119,6.867377117227359,24.722557622018492
67.75,784.2936829591172,6.843383147125414,24.63617932965149
67.8,784.6352776102517,6.819224868052217,24.549209524987983
67.85000000000001,784.9756601156931,6.794676090808342,24.46083392691003
67.9,785.3148083470469,6.769646574737853,24.37072766905627
67.95,785.652700177412,6.744082137936269,24.27869569657057
68.0,785.9892956100625,6.717977242973795,24.184718074705664
68.05,786.3245450229726,6.691435763210298,24.08916874755707
68.10000000000001,786.6584241095088,6.6645989908089796,23.99255636691233
68.15,786.9909404533659,6.637543481000207,23.895156531600744
68.2,787.3221041915361,6.61027571343041,23.796992568349477
68.25,787.6519149748162,6.582856223259515,23.698282403734257
68.3,787.9803741272538,6.5554167537220405,23.599500313399346
68.35000000000001,788.3074835542006,6.528030892826245,23.500911214174483
68.4,788.6332293938652,6.500652825252809,23.40235017091011
68.45,788.9575864697263,6.4732153846086575,23.303575384591166
68.5,789.2805435528934,6.445746982513849,23.204689137049854
68.55,789.6021175715589,6.418305913521326,23.105901288676776
68.60000000000001,789.9223306580242,6.390900923433914,23.00724332436209
68.65,790.241183017581,6.3635339860749385,22.90872234986978
68.7,790.5586653675604,6.336232578028996,22.810437280904388
68.75,790.8747806219599,6.308943074807475,22.71219506930691
68.8,791.1895360722575,6.281485495227014,22.61334778281725
68.85000000000001,791.5029234431149,6.25365573571288,22.51316064856637
68.9,791.8149209623272,6.225362311951846,22.41130432302665
68.95,792.1255086637678,6.196649331212001,22.307937592363203
69.0,792.434663842951,6.167564226454205,22.20323121523514
69.05,792.7423484776543,6.1381176101177815,22.097223396424013
69.10000000000001,793.0485253356071,6.1084131749237285,21.990287429725424
69.15,793.3531860260965,6.078635908171128,21.88308926941606
69.2,793.6563514237318,6.048973254829287,21.77630371738543
69.25,793.958047940412,6.0195788259744045,21.670483773507858
69.3,794.2582927421046,5.990618390870569,21.56622620713405
69.35000000000001,794.55710558716,5.962296904903945,21.4642688576542
69.4,794.8545244711775,5.934743594210569,21.365076939158048
69.45,795.1505898458369,5.907975417613167,21.2687115034074
69.5,795.4453321840754,5.881997952504427,21.175192629015935
69.55,795.7387873373837,5.856856427666106,21.08468313959798
69.60000000000001,796.0310039082292,5.832597530338376,20.997351109218155
69.65,796.3220338751779,5.809191065276236,20.91308783499445
69.7,796.6119175622191,5.786540900641855,20.831547242310677
69.75,796.9006886522652,5.764568058546538,20.752445010767538
69.8,797.1883869041361,5.74325536521115,20.67571931476014
69.85000000000001,797.4750481002524,5.7225186534858175,20.601067152548943
69.9,797.7606928416504,5.702265761363467,20.528156740908482
69.95,798.0453322496433,5.682457033049205,20.456845318977138
70.0,798.3289829698226,5.663120432411614,20.38723355668181
70.05,798.6116739314967,5.644318360046116,20.319546096166018
70.10000000000001,798.8934376772559,5.626095248387777,20.253942894195998
70.15,799.1743001374598,5.608536038575814,20.19072973887293
70.2,799.4542922017731,5.591737662108687,20.130255583591275
70.25,799.733458404326,5.575740731225728,20.07266663241262
70.3,800.0118464468892,5.560531359445722,20.0179128940046
70.35000000000001,800.2895015782502,5.5460643008800155,19.965831483168056
70.4,800.5664649365148,5.532315604039485,19.916336174542145
70.45,800.8427750616861,5.519293857580295,19.869457887289062
70.5,801.1184621035624,5.50700267638994,19.825209635003784
70.55,801.393548156089,5.495434092005922,19.78356273122132
70.60000000000001,801.668062193544,5.484644330779897,19.74471959080763
70.65,801.9420453048267,5.474734198472451,19.709043114500822
70.7,802.2155474620778,5.46582885776857,19.676983887966852
70.75,802.488624553794,5.45807123817846,19.64905645744246
70.8,802.7613349821028,5.451592852831828,19.62573427019458
70.85000000000001,803.0337424083324,5.446457638444543,19.607247498400355
70.9,803.3059158639994,5.442578807154099,19.593283705754757
70.95,803.5779212315531,5.43976805189745,19.58316498683082
71.0,803.8498156440332,5.437770466765624,19.575973680356245
71.05,804.1216441351678,5.436252817390427,19.57051014260554
71.10000000000001,804.3934298643383,5.434825574107368,19.565372066786527
71.15,804.6651629749637,5.433065712885641,19.559036566388308
71.2,804.9368046262975,5.430592660095045,19.550133576342162
71.25,805.2083045233599,5.427127636618161,19.53765949182538
71.3,805.4796048264279,5.422468170624889,19.5208854142496
71.35000000000001,805.7506349017411,5.416511581112134,19.499441692003685
71.4,806.0213204593789,5.409313171874537,19.473527418748333
71.45,806.2915964909026,5.4010631870642385,19.44382747343126
71.5,806.5614177781351,5.391989930138699,19.411163748499316
71.55,806.8307549264451,5.382284375731094,19.376223752631937
71.60000000000001,807.0995807233727,5.372100988496791,19.33956355858845
71.65,807.367877171006,5.361602726060942,19.30176981381939
71.7,807.6356446661757,5.350868631447729,19.263127073211823
71.75,807.9028851426135,5.339855761401141,19.22348074104411
71.8,808.1695831929264,5.328439584560424,19.18238250441753
71.85000000000001,808.4357088088528,5.316477067283149,19.139317442219337
71.9,808.7012282825978,5.303852649484108,19.09386953814279
71.95,808.9661062797992,5.290399644215962,19.045438719177465
72.0,809.2302941136784,5.275918297823496,18.993305872164587
72.05,809.4937301440659,5.260322101991574,18.937159567169665
72.10000000000001,809.7563564696014,5.243666706651892,18.877200143946812
72.15,810.0181256887554,5.226050019929113,18.81378007174481
72.2,810.2789927601518,5.207566879270671,18.747240765374418
72.25,810.5389056239385,5.188361907133259,18.678102865679733
72.3,810.7978221331612,5.168649947964056,18.607139812670603
72.35000000000001,811.0557311185208,5.14866626958237,18.535198570496533
72.4,811.3126377951286,5.128551923531355,18.46278692471288
72.45,811.5685413493275,5.1084203486252395,18.390313255050863
72.5,811.8234390582186,5.088394000087012,18.318218400313246
72.55,812.0773409339166,5.068568406854912,18.246846264677686
72.60000000000001,812.3302647450553,5.0489388609040295,18.176179899254507
72.65,812.5822187360073,5.029391211149621,18.105808360138635
72.7,812.8331979983315,5.0098628590347865,18.03550629252523
72.75,813.0832015969171,4.990346090139853,17.96524592450347
72.8,813.3322352251148,4.970793475477018,17.894856511717265
72.85000000000001,813.5802926713862,4.951101077577505,17.823963879279017
72.9,813.8273543592929,4.931192161662014,17.75229178198325
72.95,814.0734037529149,4.9110580786652545,17.679809083194918
73.0,814.3184397234074,4.890677460613731,17.606438858209433
73.05,814.5624575381081,4.8699756812764265,17.531912452595137
73.10000000000001,814.8054332503727,4.848872004393511,17.45593921581664
73.15,815.0473403474726,4.8273637252006285,17.378509410722263
73.2,815.2881625923586,4.805443347993114,17.29959605277521
73.25,815.5278844653352,4.783034239066134,17.218923260638082
73.3,815.7664762567887,4.76006885620274,17.136247882329865
73.35000000000001,816.0039021341597,4.7365620677159646,17.051623443777473
73.4,816.2401376637107,4.712604963761409,16.965377869541072
73.45,816.4751663442981,4.688223124216571,16.877603247179657
73.5,816.7089631693115,4.663434648722687,16.78836473540167
73.55,816.9414980959028,4.638296976023846,16.697869113685847
73.60000000000001,817.1727579261864,4.612888846208652,16.60639984635115
73.65,817.4027441724322,4.587232410465288,16.514036677675037
73.7,817.6314501533234,4.561270154386124,16.420572555790045
73.75,817.8588552578136,4.534997798171973,16.3259920734191
73.8,818.0849439613933,4.508447791270417,16.230412048573502
73.85000000000001,818.3097076598989,4.481614393343969,16.13381181603829
73.9,818.5331264030606,4.454425429828819,16.03593154738375
73.95,818.7551696721921,4.426843656249672,15.93663716249882
74.0,818.9758131551691,4.39893487506722,15.836165550241994
74.05,819.1950530492127,4.370784022746828,15.734822481888582
74.10000000000001,819.4128857437231,4.34241515417329,15.632694555023845
74.15,819.6292911330476,4.313844682683369,15.529840857660128
74.2,819.8442527417074,4.285158078330946,15.426569081991406
74.25,820.0577731323295,4.256393540069583,15.323016744250499
74.3,820.2698614070713,4.227492606381913,15.21897338297489
74.35000000000001,820.4805125307395,4.1983887741552985,15.114199586959074
74.4,820.6897102947065,4.16909700104819,15.008749203773483
74.45,820.8974461209574,4.139721571993771,14.902997659177577
74.5,821.1037169952791,4.1102654963656855,14.796955786916469
74.55,821.3085064484189,4.0807140703453015,14.690570653243086
74.60000000000001,821.511794263122,4.051106483577707,14.583983340879744
74.65,821.713583874475,4.021534125799708,14.47752285287895
74.7,821.9138988363874,3.99205125707513,14.371384525470468
74.75,822.1127548924492,3.9626271698965354,14.265457811627527
74.8,822.3101468691603,3.9332320272673233,14.159635298162364
74.85000000000001,822.5060733258166,3.9039041090501243,14.054054792580448
74.9,822.7005452278484,3.8746302420895775,13.948668871522479
74.95,822.8935625524089,3.84530079182467,13.843082850568813
75.0,823.0851105662585,3.815853791650231,13.73707364994083
75.05,823.2751739253706,3.786351744295987,13.630866279465552
75.10000000000001,823.4637535314889,3.756885705572983,13.52478854006274
75.15,823.6508601537461,3.72746923799222,13.418889256771992
75.2,823.8364923816222,3.6980748306413096,13.313069390308716
75.25,824.0206458090801,3.6687812278803555,13.20761242036928
75.3,824.2033366644539,3.639654099795969,13.102754759265489
75.35000000000001,824.3845884570378,3.610663727979423,12.998389420725923
75.4,824.5644052687164,3.5817342533394996,12.8942433120222
75.45,824.7427755721956,3.552818352613011,12.79014606940684
75.5,824.919697809135,3.5239372065936774,12.68617394373724
75.55,825.0951836339069,3.4950857746951707,12.582308788902616
75.60000000000001,825.2692316222009,3.466199455991606,12.478318041569782
75.65,825.4418253792146,3.4372793185022177,12.374205546607984
75.7,825.6129601081107,3.408400457906995,12.270241648465182
75.75,825.7826482182511,3.3796038637566514,12.166573909523946
75.8,825.9509020122455,3.350834246534907,12.063003287525666
75.85000000000001,826.1177219130096,3.322050550709777,11.959381982555197
75.9,826.2831076050411,3.293329328852855,11.855985583870279
75.95,826.4470703434034,3.264761113083104,11.753140007099175
76.0,826.6096162148173,3.236337753694685,11.650815913300868
76.05,826.7707359810888,3.2080366520394783,11.548931947342123
76.10000000000001,826.9304225930713,3.1799012331238585,11.447644439245892
76.15,827.088692141662,3.151985991103107,11.347149567971185
76.2,827.2455762571757,3.1242741442795117,11.247386919406242
76.25,827.4010909300243,3.0967111942021854,11.148160299127868
76.3,827.5552352609122,3.0692979402756477,11.049472584992332
76.35000000000001,827.7080145658081,3.0420274482441156,10.951298813678816
76.4,827.8594392699331,3.014775118126561,10.85319042525562
76.45,828.0095057691946,2.987377384717746,10.754558584983887
76.5,828.1581959025453,2.959725985487398,10.655013547754633
76.55,828.3054980855054,2.931848253459541,10.554653712454348
76.60000000000001,828.4514107788478,2.903802323935098,10.453688366166354
76.65,828.5959180021226,2.8755570428643322,10.352005354311597
76.7,828.7389902717083,2.847124362324262,10.249647704367344
76.75,828.8806163893673,2.8185932257199524,10.146935612591829
76.80000000000001,829.020809409478,2.7900416795661713,10.044150046438217
76.85000000000001,829.1595854600091,2.761464365976453,9.94127171751523
76.9,829.2969451038999,2.732863439414132,9.838308381890874
76.95,829.4328763817948,2.7043267121686885,9.735576163807279
77.0,829.5673817888436,2.675910907975517,9.633279268711862
77.05000000000001,829.7004720559044,2.647540731448633,9.531146633215078
77.10000000000001,829.832142767562,2.6191278516618355,9.428860265982609
77.15,829.9623839788172,2.5906865394016023,9.326471541845768
77.2,830.0912016882749,2.562276705195074,9.224196138702267
77.25,830.2186108927655,2.5339153562530052,9.12209528251082
77.30000000000001,830.3446075694145,2.505546296189907,9.019966666283667
77.35000000000001,830.4691762167641,2.477135720478751,8.917688593723504
77.4,830.5923193293547,2.448776407870679,8.815595068334446
77.45,830.714053893438,2.42049683682213,8.713788612559668
77.5,830.834385639415,2.392267425293624,8.612162731057046
77.55000000000001,830.953304554792,2.3641017257959156,8.510766212865297
77.60000000000001,831.0708060134522,2.3361186888816556,8.41002727997396
77.65,831.186907101,2.3084195133324243,8.310310247996728
77.7,831.3016332498171,2.2809753400422683,8.211511224152167
77.75,831.4149915885097,2.253779161317859,8.113604980744292
77.80000000000001,831.5269851517147,2.226893983984495,8.016818342344182
77.85000000000001,831.637637379251,2.2003437491275544,7.921237496859196
77.9,831.7469744152424,2.173997993654985,7.826392777157946
77.95,831.8550019936118,2.147654915882075,7.73155769717547
78.0,831.9617091174894,2.121148018798835,7.636132867675807
78.05000000000001,832.0670923889694,2.0943370048764667,7.539613217555281
78.10000000000001,832.1711457135781,2.0670360679785915,7.4413298447229295
78.15,832.2738324208443,2.038940516759936,7.34018586033577
78.2,832.3750928903337,2.0098922645910995,7.235612152527958
78.25,832.4748752168723,1.9798800073831837,7.127568026579461
78.30000000000001,832.5731418237679,1.9489460388629443,7.016205739906599
78.35000000000001,832.6698458939968,1.9171642947766017,6.901791461195766
78.4,832.7649305516255,1.8847163645960525,6.784978912545789
78.45,832.8583519542037,1.8519600366635427,6.667056131988754
78.5,832.9501078401736,1.8192185778069283,6.549186880104942
78.55000000000001,833.0402209475255,1.7867286787013454,6.432223243324843
78.60000000000001,833.1287105546121,1.7546812588999257,6.316852532039732
78.65,833.2156075264543,1.7233077299745896,6.203907827908522
78.7,833.3009628897613,1.692755461204279,6.093919660335405
78.75,833.3848298597073,1.6629657999570187,5.986676879845267
78.80000000000001,833.4672381511472,1.6337725526592393,5.881581189573262
78.85000000000001,833.5482046022738,1.6049969481584958,5.777989013370585
78.9,833.627753639855,1.576577524766154,5.675679089158154
78.95,833.7059062859578,1.5483698056780781,5.574131300441081
79.0,833.7826596258487,1.5202364340219268,5.472851162478936
79.05000000000001,833.857991455994,1.4921353763936813,5.371687355017253
79.10000000000001,833.931894619488,1.464092994776665,5.270734781195994
79.15,834.0043842211653,1.4361142521509758,5.170011307743513
79.2,834.0754769178709,1.4081282165178992,5.069261579464437
79.25,834.1451735489757,1.3801583537856523,4.9685700736283485
79.30000000000001,834.2134759330229,1.3522734657069486,4.868184476545015
79.35000000000001,834.2803977309184,1.3244887617574033,4.768159542326652
79.4,834.3459395787545,1.296701933004611,4.6681269588165994
79.45,834.4100866989902,1.2688018739381108,4.567686746177199
79.5,834.47282798637,1.2407841400716162,4.4668229042578185
79.55000000000001,834.5341706027697,1.2126777169789,4.36563978112404
79.60000000000001,834.5941176639997,1.1845003057583976,4.264201100730231
79.65,834.6526509346635,1.1562502503884653,4.1625009013984755
79.7,834.7097539138239,1.1280110168144635,4.060839660532069
79.75,834.7654324426866,1.0998522557124655,3.9594681205648756
79.80000000000001,834.8197053008078,1.0717409196514154,3.8582673107450955
79.85000000000001,834.8725807990313,1.0436317199342988,3.757074191763476
79.9,834.9240583957373,1.0155557092776881,3.6560005533996773
79.95,834.9741447457673,0.9876268737371763,3.5554567454538346
80.0,835.0228480192706,0.9598385363961343,3.4554187310260835
80.05000000000001,835.0701620130992,0.9321342991062727,3.355683476782582
80.10000000000001,835.1160736460887,0.9044923347543591,3.256172405115693
80.15,835.160588902627,0.876950505278101,3.1570218190011636
80.2,835.2037327121554,0.8495240944440828,3.058286739998698
80.25,835.2455212820608,0.8221570575283037,2.9597654071018935
80.30000000000001,835.2859486611861,0.794843288041214,2.8614358369483703
80.35000000000001,835.3250106834384,0.767602976921881,2.7633707169187716
80.4,835.3627167644534,0.7404026167876149,2.6654494204354138
80.45,835.3990691906497,0.7131338592627445,2.5672818933458803
80.5,835.4340571966167,0.685721859722759,2.4685986950019325
80.55000000000001,835.4676698216034,0.6582402867922293,2.369665032452026
80.60000000000001,835.4999124634659,0.6308109091101468,2.2709192727965286
80.65,835.5307904029272,0.603514727009254,2.1726530172333147
80.7,835.5602963372486,0.5764043296787855,2.075055586843628
80.75,835.5884325506672,0.549625570512886,1.9786520538463894
80.80000000000001,835.6152269980207,0.5233229981387647,1.883962793299553
80.85000000000001,835.6407236065234,0.49750656322751274,1.7910236276190459
80.9,835.6649554962582,0.4721128280813845,1.6996061810929841
80.95,835.6879440361578,0.44718369926123824,1.6098613173404577
81.0,835.7097189848148,0.4228897306099978,1.522403030195992
81.05000000000001,835.7303171750498,0.3993365301505821,1.4376115085420957
81.10000000000001,835.7497620210953,0.37661729918059605,1.3558222770501458
81.15,835.7680623360131,0.35487121396957194,1.277536370290459
81.2,835.7852515045795,0.33433195320292486,1.2035950315305295
81.25,835.8014141801252,0.31540381794289096,1.1354537445944075
81.30000000000001,835.8166510371789,0.29793569039636686,1.0725684854269206
81.35000000000001,835.8310405933329,0.281837847851429,1.0146162522651445
81.4,835.8446522528745,0.2669032793415275,0.9608518056294991
81.45,835.8575547138379,0.25276794982440837,0.9099646193678701
81.5,835.8697976494628,0.23884297065511662,0.8598346943584199
81.55000000000001,835.8813902428503,0.22433532684779242,0.8076071766520527
81.60000000000001,835.8922261746442,0.20758899859938706,0.7473203949577935
81.65,835.9021848348273,0.18913878544892015,0.6808996276161126
81.7,835.9111637321525,0.16786188938481758,0.6043028017853433
81.75,835.9189848320858,0.1431031978517634,0.5151715122663483
81.80000000000001,835.9254314026676,0.11420759829444266,0.41114735385999357
81.85000000000001,835.9302480145133,0.08051997815754053,0.2898719213671459
81.9,835.9331405408126,0.04138522488574198,0.14898680958867114
81.95,835.9340665981354,-0.0038517740762678,-0.01386638667456408
