time,velocity,acceleration,distance,cumulative_energy
0.0,0.0,0.55,0.0,0.3238086700439453
0.05,0.027500000000000004,0.55,0.001375000213061814,0.6526942364491809
0.1,0.05500000000000001,0.55,0.004125000639185442,0.9855384806355902
0.15000000000000002,0.08250000000000002,0.55,0.008250001278370883,1.3303857793853995
0.2,0.11000000000000001,0.55,0.01375000213061814,1.6915466863577118
0.25,0.1375,0.55,0.020625003195927208,2.073208062436634
0.30000000000000004,0.16500000000000004,0.55,0.02887500447429809,2.4791946353984926
0.35000000000000003,0.19250000000000003,0.55,0.03850000596573079,2.910990372169996
0.4,0.22000000000000003,0.55,0.0495000076702253,3.370476961941181
0.45,0.24750000000000003,0.55,0.061875009587781624,3.8602656560543003
0.5,0.275,0.55,0.07562501171839976,4.38266334104411
0.55,0.30250000000000005,0.55,0.0907500140620797,4.939755663947691
0.6000000000000001,0.33000000000000007,0.55,0.10725001661882147,5.533506108994245
0.65,0.35750000000000004,0.55,0.12512501938862505,6.165747906705524
0.7000000000000001,0.38500000000000006,0.55,0.14437502237149047,6.838195508795065
0.75,0.41250000000000003,0.55,0.16500002556741766,7.552424730823813
0.8,0.44000000000000006,0.55,0.18700002897640672,8.309857678436241
0.8500000000000001,0.4675000000000001,0.55,0.21037503259845755,9.111765676530352
0.9,0.49500000000000005,0.55,0.2351250364335702,9.959315572359632
0.9500000000000001,0.5225000000000001,0.55,0.2612500404817446,10.85358154116138
1.0,0.55,0.55,0.28875004474298094,11.795491007876006
1.05,0.5775000000000001,0.55,0.31762504921727897,12.785854013623213
1.1,0.6050000000000001,0.55,0.3478750539046389,13.82538740811583
1.1500000000000001,0.6325000000000002,0.55,0.3795000588050606,14.914721537801995
1.2000000000000002,0.6600000000000001,0.55,0.41250006391854416,16.054458156887552
1.25,0.6875,0.55,0.4468750692450895,17.245188304921168
1.3,0.7150000000000001,0.55,0.4826250747846967,18.487364346817202
1.35,0.7425000000000002,0.55,0.5197500805373656,19.781355719548
1.4000000000000001,0.7700000000000001,0.55,0.5582500865030964,21.127460741833417
1.4500000000000002,0.7975000000000002,0.55,0.598125092681889,22.525896940824566
1.5,0.8250000000000001,0.55,0.6393750990737433,23.976818095810756
1.55,0.8525000000000001,0.55,0.6820001056786597,25.480682761584355
1.6,0.8800000000000001,0.55,0.7260001124966377,27.037943383323885
1.6500000000000001,0.9075000000000002,0.55,0.7713751195276776,28.648620609450905
1.7000000000000002,0.9350000000000002,0.55,0.8181251267717793,30.312702200570072
1.75,0.9625000000000001,0.55,0.8662501342289428,32.03014323548876
1.8,0.9900000000000001,0.55,0.915750141899168,33.80088391785777
1.85,1.0175,0.55,0.9666251497824552,35.62484399826391
1.9000000000000001,1.0450000000000002,0.55,1.018875157878804,37.5019183899754
1.9500000000000002,1.0725000000000002,0.55,1.0725001661882148,39.43195826218904
2.0,1.1,0.55,1.1275001747106874,41.41479461080124
2.0500000000000003,1.1275000000000002,0.55,1.1838751834462218,43.45028977976685
2.1,1.1550000000000002,0.55,1.2416251923948178,45.53845056538075
2.15,1.1825,0.55,1.300750201556476,47.67997103589599
2.2,1.2100000000000002,0.55,1.3612502109311957,49.87468642563675
2.25,1.2375,0.55,1.4231252205189773,52.122438504715205
2.3000000000000003,1.2650000000000003,0.55,1.4863752303198208,54.423074656793986
2.35,1.2925000000000002,0.55,1.551000240333726,56.776440650904405
2.4000000000000004,1.3200000000000003,0.55,1.617000250560693,59.18236020256968
2.45,1.3475000000000001,0.55,1.6843752610007219,61.640651400776534
2.5,1.375,0.55,1.7531252716538126,64.15116022000426
2.5500000000000003,1.4025000000000003,0.55,1.823250282519965,66.7137112272396
2.6,1.4300000000000002,0.55,1.8947502935991793,69.32813380063679
2.6500000000000004,1.4575000000000002,0.55,1.9676253048914554,71.99426635280126
2.7,1.4850000000000003,0.55,2.0418753163967933,74.71194214064953
2.75,1.5125000000000002,0.55,2.117500328115193,77.48100840388501
2.8000000000000003,1.5400000000000003,0.55,2.1945003400466545,80.30134831929041
2.85,1.5675000000000001,0.55,2.272875352191178,83.17280063262487
2.9000000000000004,1.5950000000000004,0.55,2.3526253645487634,86.0951984630018
2.95,1.6225000000000003,0.55,2.4337503771194102,89.0683830401849
3.0,1.6500000000000001,0.55,2.5162503899031194,92.09213181984981
3.0500000000000003,1.6775000000000002,0.55,2.6001254028998897,95.16611399029706
3.1,1.7050000000000003,0.55,2.685375416109722,98.29017401925914
3.1500000000000004,1.7325000000000004,0.55,2.7720004295326164,101.46411569248433
3.2,1.7600000000000002,0.55,2.860000443168573,104.6876766298112
3.25,1.7875,0.55,2.9493754570175903,107.960714261708
3.3000000000000003,1.8150000000000004,0.55,3.04012547107967,111.28308184679354
3.35,1.8425000000000002,0.55,3.1322504853548114,114.65463346071725
3.4000000000000004,1.8700000000000003,0.55,3.2257504998430147,118.07515005701086
3.45,1.8975000000000002,0.55,3.3206255145442802,121.54448438618158
3.5,1.9250000000000003,0.55,3.416875529458607,125.06250086614251
3.5500000000000003,1.9525000000000003,0.55,3.5145005445859954,128.6290726656216
3.6,1.9800000000000002,0.55,3.6135005599264463,132.24407997327285
3.6500000000000004,2.0075000000000003,0.55,3.7138755754799586,135.90739514835983
3.7,2.035,0.55,3.815625591246533,139.6189021991974
3.75,2.0625,0.55,3.918750607226169,143.3791697632019
3.8000000000000003,2.0900000000000003,0.55,4.023250623418867,147.1890674128013
3.85,2.1175,0.55,4.129125639824626,151.04849718764694
3.9000000000000004,2.1450000000000005,0.55,4.236375656443448,154.95727613747243
3.95,2.1725000000000003,0.55,4.34500067327533,158.9152184925256
4.0,2.2,0.55,4.455000690320277,162.92237209002434
4.05,2.2275,0.55,4.566375707578283,166.97860749378202
4.1000000000000005,2.2550000000000003,0.55,4.679125725049352,171.08382771736825
4.15,2.2825,0.55,4.793250742733481,175.23798101381618
4.2,2.3100000000000005,0.55,4.908750760630674,179.44098735837775
4.25,2.3375000000000004,0.55,5.025625778740928,183.6927650679007
4.3,2.365,0.55,5.143875797064244,187.993239539844
4.3500000000000005,2.3925000000000005,0.55,5.263500815600622,192.3423374489761
4.4,2.4200000000000004,0.55,5.384500834350062,196.73998714432983
4.45,2.4475000000000002,0.55,5.506875853312564,201.18613335278042
4.5,2.475,0.55,5.630625872488127,205.680754745267
4.55,2.5025,0.55,5.755750891876752,210.22378542204095
4.6000000000000005,2.5300000000000007,0.55,5.8822509114784385,214.81519804750107
4.65,2.5575000000000006,0.55,6.010125931293188,219.45495609507913
4.7,2.5850000000000004,0.55,6.139375951320998,224.14300137997216
4.75,2.6125000000000003,0.55,6.2700009715618705,228.8792725882207
4.800000000000001,2.6400000000000006,0.55,6.402000992015804,233.66370878736993
4.8500000000000005,2.6675000000000004,0.55,6.5353760126828,238.49625031649265
4.9,2.6950000000000003,0.55,6.670126033562858,243.37684754599553
4.95,2.7225,0.55,6.806251054655978,248.30545104274233
5.0,2.75,0.55,6.943751075962159,253.28201413489907
5.050000000000001,2.7775000000000007,0.55,7.082626097481402,258.3063405066417
5.1000000000000005,2.8050000000000006,0.55,7.222876119213707,263.3783378216209
5.15,2.8325000000000005,0.55,7.364501141159074,268.4979685567224
5.2,2.8600000000000003,0.55,7.507501163317502,273.6651805721081
5.25,2.8875,0.55,7.651876185688993,278.87992399060965
5.300000000000001,2.9150000000000005,0.55,7.797626208273545,284.14216116477365
5.3500000000000005,2.9425000000000003,0.55,7.944751231071159,289.4518477970101
5.4,2.9700000000000006,0.55,8.093251254081835,294.8089605530744
5.45,2.9975000000000005,0.55,8.243126277305572,300.2134588736906
5.5,3.0250000000000004,0.55,8.39437630074237,305.6653247506744
5.550000000000001,3.0525000000000007,0.55,8.547001324392232,311.16462038603083
5.6000000000000005,3.0800000000000005,0.55,8.701001348255156,316.7115291632871
5.65,3.1075000000000004,0.55,8.85637637233114,322.3067361283723
5.7,3.1350000000000002,0.55,9.013126396620187,327.95036913898025
5.75,3.1625,0.55,9.171251421122296,333.6423957991755
5.800000000000001,3.190000000000001,0.55,9.330751445837466,339.38277935417005
5.8500000000000005,3.2175000000000007,0.55,9.491626470765699,345.17150178726024
5.9,3.2450000000000006,0.55,9.653876495906992,351.00854805580025
5.95,3.2725000000000004,0.55,9.817501521261349,356.8938886594657
6.0,3.3000000000000003,0.55,9.982501546828765,362.8274932041099
6.050000000000001,3.3275000000000006,0.55,10.148876572609245,368.8093396752202
6.1000000000000005,3.3550000000000004,0.55,10.316626598602786,374.83942681190894
6.15,3.3825000000000003,0.55,10.485751624809389,380.91765320597057
6.2,3.4100000000000006,0.55,10.656251651229054,387.04461860501505
6.25,3.4375000000000004,0.55,10.82812667786178,393.220710033316
6.300000000000001,3.4650000000000007,0.55,11.00137670470757,399.4459131829118
6.3500000000000005,3.4925000000000006,0.55,11.17600173176642,405.720206023775
6.4,3.5200000000000005,0.55,11.352001759038332,412.04356188521126
6.45,3.5475000000000003,0.55,11.529376786523306,418.41598019464084
6.5,3.575,0.55,11.708126814221341,424.83744569159995
6.550000000000001,3.6025000000000005,0.55,11.88825184213244,431.3079353262184
6.6000000000000005,3.630000000000001,0.55,12.0697518702566,437.82742706577494
6.65,3.6575000000000006,0.55,12.25262689859382,444.39593278222736
6.7,3.6850000000000005,0.55,12.436876927144104,451.01343052777077
6.75,3.7125000000000004,0.55,12.622501955907447,457.67993294804455
6.800000000000001,3.7400000000000007,0.55,12.809501984883854,464.39542337364014
6.8500000000000005,3.7675000000000005,0.55,12.997877014073323,471.15988990223065
6.9,3.7950000000000004,0.55,13.187627043475853,477.9733137048932
6.95,3.8225000000000002,0.55,13.378752073091444,484.8356778369644
7.0,3.8500000000000005,0.55,13.5712521029201,491.7469650821528
7.050000000000001,3.877500000000001,0.55,13.765127132961815,498.70796808923905
7.1000000000000005,3.9050000000000007,0.55,13.960377163216593,505.72080029392555
7.15,3.9325000000000006,0.55,14.157002193684432,512.7854846170876
7.2,3.9600000000000004,0.55,14.355002224365334,519.9020207839784
7.25,3.9875000000000003,0.55,14.554377255259297,527.0704196486162
7.300000000000001,4.015000000000001,0.55,14.75512728636632,534.2906974642372
7.3500000000000005,4.0425,0.55,14.95725231768641,541.5628913733711
7.4,4.07,0.55,15.160752349219557,548.8870303139954
7.45,4.0975,0.55,15.365627380965767,556.2631357283461
7.5,4.125,0.55,15.571877412925039,563.6912179805156
7.550000000000001,4.152500000000001,0.55,15.779502445097373,571.1712906557477
7.6000000000000005,4.180000000000001,0.55,15.988502477482768,578.703372462258
7.65,4.2075000000000005,0.55,16.19887751008123,586.2874762587265
7.7,4.235,0.55,16.410627542892744,593.9236107182396
7.75,4.2625,0.55,16.623752575917326,601.6117951055039
7.800000000000001,4.290000000000001,0.55,16.83825260915497,609.3520537887198
7.8500000000000005,4.317500000000001,0.55,17.05412764260568,617.1443950160567
7.9,4.345000000000001,0.55,17.271377676269445,624.9888492969885
7.95,4.3725000000000005,0.55,17.49000271014627,632.8854343509131
8.0,4.4,0.55,17.71000274423616,640.8341858594952
8.05,4.427500000000001,0.55,17.93137777853911,648.8351519795716
8.1,4.455,0.55,18.154127813055126,656.8883702132583
8.15,4.482500000000001,0.55,18.378252847784204,664.9938747958047
8.200000000000001,4.510000000000001,0.55,18.60375288272634,673.1516854869578
8.25,4.5375000000000005,0.55,18.83062791788154,681.3618266416391
8.3,4.565,0.55,19.058877953249798,689.6243391282081
8.35,4.5925,0.55,19.28850298883112,697.9392769880743
8.4,4.620000000000001,0.55,19.519503024625507,706.3066883598137
8.450000000000001,4.647500000000001,0.55,19.751878060632954,714.7266059401524
8.5,4.675000000000001,0.55,19.985628096853464,723.1990553264609
8.55,4.702500000000001,0.55,20.220753133287033,731.7240657435477
8.6,4.73,0.55,20.457253169933665,740.3016569286992
8.65,4.7575,0.55,20.695128206793356,748.9318310236123
8.700000000000001,4.785000000000001,0.55,20.93437824386611,757.6146092891145
8.75,4.8125,0.55,21.17500328115193,766.3500161294699
8.8,4.840000000000001,0.55,21.41700331865081,775.138086958629
8.85,4.867500000000001,0.55,21.660378356362752,783.9788403037734
8.9,4.8950000000000005,0.55,21.905128394287754,792.872303553119
8.950000000000001,4.922500000000001,0.55,22.15125343242582,801.8184159182241
9.0,4.95,0.55,22.398753470776942,810.8172017630369
9.05,4.977500000000001,0.55,22.647628509341132,819.868680480479
9.1,5.005,0.55,22.897878548118385,828.9728774585697
9.15,5.032500000000001,0.55,23.149503587108697,838.1298145426117
9.200000000000001,5.060000000000001,0.55,23.402503626312072,847.3394339786511
9.25,5.0875,0.55,23.656878665728506,856.6015924520518
9.3,5.115000000000001,0.55,23.912628705358003,865.9162999820028
9.35,5.1425,0.55,24.16975374520056,875.2835978503444
9.4,5.170000000000001,0.55,24.42825378525618,884.7034882672725
9.450000000000001,5.197500000000001,0.55,24.688128825524867,894.1759677491671
9.5,5.2250000000000005,0.55,24.94937886600661,903.7010161506073
9.55,5.2525,0.55,25.21200390670142,913.2786274196765
9.600000000000001,5.280000000000001,0.55,25.476003947609286,922.9087712119159
9.65,5.307500000000001,0.55,25.741378988730215,932.5914479643969
9.700000000000001,5.335000000000001,0.55,26.008129030064204,942.3266865109484
9.75,5.362500000000001,0.55,26.27625407161126,952.1145142792794
9.8,5.390000000000001,0.55,26.545754113371377,961.9549696882199
9.850000000000001,5.417500000000001,0.55,26.816629155344554,971.8480816432256
9.9,5.445,0.55,27.08887919753079,981.7939315247385
9.950000000000001,5.472500000000001,0.55,27.362504239930093,991.792598589887
10.0,5.5,0.55,27.63750428254245,1001.8441225403478
10.05,5.527500000000001,0.55,27.91387932536788,1011.948539523153
10.100000000000001,5.5550000000000015,0.55,28.191629368406367,1022.1058134657625
10.15,5.5825000000000005,0.55,28.470754411657914,1032.3158041276176
10.200000000000001,5.610000000000001,0.55,28.751254455122524,1042.578515293545
10.25,5.6375,0.55,29.033129498800196,1052.8939588748474
10.3,5.665000000000001,0.55,29.316379542690928,1063.2621808966271
10.350000000000001,5.692500000000002,0.55,29.601004586794723,1073.6832238273653
10.4,5.720000000000001,0.55,29.88700463111158,1084.157149466835
10.450000000000001,5.747500000000001,0.55,30.1743796756415,1094.6838618008428
10.5,5.775,0.55,30.463129720384483,1105.2634131304421
10.55,5.802500000000001,0.55,30.753254765340525,1115.8958533911632
10.600000000000001,5.830000000000001,0.55,31.044754810509627,1126.581236351681
10.65,5.857500000000001,0.55,31.337629855891795,1137.3196219977958
10.700000000000001,5.885000000000001,0.55,31.63187990148702,1148.111112295029
10.75,5.9125000000000005,0.55,31.927504947295315,1158.9539304883654
10.8,5.940000000000001,0.55,32.224504993316664,1169.8473121657723
10.850000000000001,5.967500000000001,0.55,32.522880039551076,1180.7913054632675
10.9,5.995000000000001,0.55,32.822630085998554,1191.7859697399194
10.950000000000001,6.022500000000001,0.55,33.12375513265909,1202.8313185956629
11.0,6.050000000000001,0.55,33.42625517953269,1213.9273367988792
11.05,6.077500000000001,0.55,33.73013022661935,1225.0740203405878
11.100000000000001,6.105000000000001,0.55,34.035380273919074,1236.271408143995
11.15,6.1325,0.55,34.342005321431856,1247.5194652392724
11.200000000000001,6.160000000000001,0.55,34.650005369157704,1258.8182181852023
11.25,6.187500000000001,0.55,34.95938041709661,1270.1676873581953
11.3,6.215000000000001,0.55,35.270130465248585,1281.5679291522817
11.350000000000001,6.2425000000000015,0.55,35.58225551361362,1293.0190047461851
11.4,6.2700000000000005,0.55,35.8957555621917,1304.5209684207243
11.450000000000001,6.297500000000001,0.55,36.21063061098286,1316.0738770954736
11.5,6.325,0.55,36.52688065998708,1327.6777674405007
11.55,6.352500000000001,0.55,36.844505709204356,1339.3326599294098
11.600000000000001,6.380000000000002,0.55,37.1635057586347,1351.0385695681068
11.65,6.407500000000001,0.55,37.4838808082781,1362.7955502405896
11.700000000000001,6.435000000000001,0.55,37.80563085813456,1374.603663237633
11.75,6.4625,0.55,38.12875590820409,1386.4629808330094
11.8,6.490000000000001,0.55,38.45325595848668,1398.3735579116212
11.850000000000001,6.517500000000001,0.55,38.77913100898233,1410.3354388835878
11.9,6.545000000000001,0.55,39.10638105969104,1422.3486824797283
11.950000000000001,6.572500000000001,0.55,39.43500611061282,1434.4283113116796
12.0,6.6000000000000005,0.55,39.76500616174765,1446.5763465646169
12.05,6.627500000000001,0.55,40.09638121309555,1458.7930570626108
12.100000000000001,6.655000000000001,0.55,40.429131264656505,1471.0787252350037
12.15,6.682500000000001,0.55,40.76325631643053,1483.4336247050253
12.200000000000001,6.710000000000001,0.55,41.09875636841761,1495.8580937226805
12.25,6.737500000000001,0.55,41.43563142061775,1508.3526558045169
12.3,6.765000000000001,0.55,41.77388147303096,1520.9176108457305
12.350000000000001,6.792500000000001,0.55,42.11350652565723,1533.5532301465332
12.4,6.820000000000001,0.55,42.45450657849656,1546.25980767212
12.450000000000001,6.847500000000001,0.55,42.79688163154895,1559.0378438733667
12.5,6.875000000000001,0.55,43.1406316848144,1571.8877004567025
12.55,6.902500000000001,0.55,43.48575673829292,1584.8095631907881
12.600000000000001,6.9300000000000015,0.55,43.8322567919845,1597.8037501817162
12.65,6.9575000000000005,0.55,44.180131845889136,1610.8706041077928
12.700000000000001,6.985000000000001,0.55,44.52938190000683,1624.0104082961777
12.75,7.0125,0.55,44.880006954337595,1637.22392793304
12.8,7.040000000000001,0.55,45.23200700888142,1650.5115302989836
12.850000000000001,7.067500000000002,0.55,45.585382063638306,1663.8733595298495
12.9,7.095000000000001,0.55,45.940132118608254,1677.3136791726993
12.950000000000001,7.122500000000001,0.55,46.29625717379127,1690.8345078402497
13.0,7.15,0.55,46.653757229187335,1704.4362820145088
13.05,7.177500000000001,0.55,47.01263228479647,1718.1194634648232
13.100000000000001,7.205000000000001,0.55,47.372882340618666,1731.8847001804058
13.15,7.232500000000001,0.55,47.73450739665392,1745.7325281086823
13.200000000000001,7.260000000000002,0.55,48.097507452902235,1759.6631565785583
13.25,7.2875000000000005,0.55,48.46188250936362,1773.6770872350403
13.3,7.315000000000001,0.55,48.82763256603806,1787.7748269832566
13.350000000000001,7.342500000000001,0.55,49.194757622925565,1801.9568183702231
13.4,7.370000000000001,0.55,49.56325768002613,1816.223463426692
13.450000000000001,7.397500000000001,0.55,49.93313273733976,1830.57534062805
13.5,7.425000000000001,0.55,50.30438279486645,1845.0129066326697
13.55,7.452500000000001,0.55,50.6770078526062,1859.536658168115
13.600000000000001,7.480000000000001,0.55,51.051007910559015,1874.1469539324576
13.65,7.507500000000001,0.55,51.426382968724894,1888.844143101883
13.700000000000001,7.535000000000001,0.55,51.803133027103826,1903.6285307599915
13.75,7.562500000000001,0.55,52.18125808569582,1918.5005056901498
13.8,7.590000000000001,0.55,52.56075814450089,1933.4605520579964
13.850000000000001,7.6175000000000015,0.55,52.94163320351901,1948.5092787369213
13.9,7.6450000000000005,0.55,53.32388326275019,1963.6437669738475
13.950000000000001,7.672500000000001,0.55,53.70750832219444,1978.860653856711
14.0,7.700000000000001,0.55,54.09250838185175,1994.1600695588702
14.05,7.727500000000001,0.55,54.47888344172212,2009.5421826538918
14.100000000000001,7.755000000000002,0.55,54.866633501805545,2025.0073157485567
14.15,7.782500000000001,0.55,55.25575856210204,2040.5557280451133
14.200000000000001,7.810000000000001,0.55,55.6462586226116,2056.1872212353614
14.25,7.8375,0.55,56.038133683334216,2071.9013147383057
14.3,7.865000000000001,0.55,56.431383744269894,2087.697967154773
14.350000000000001,7.892500000000002,0.55,56.82600880541863,2103.577126371549
14.4,7.920000000000001,0.55,57.222008866780435,2119.536689652016
14.450000000000001,7.947500000000002,0.55,57.6193839283553,2135.576471398139
14.5,7.9750000000000005,0.55,58.01813399014322,2151.6960530917213
14.55,8.002500000000001,0.55,58.418259052144215,2167.8941557767002
14.600000000000001,8.030000000000001,0.55,58.81975911435826,2184.16940252176
14.65,8.057500000000001,0.55,59.22263417678538,2200.520956666867
14.700000000000001,8.085,0.55,59.62688423942554,2216.948341340403
14.75,8.1125,0.55,60.03250930227878,2233.4514833281837
14.8,8.14,0.55,60.439509365345074,2250.0304689328286
14.850000000000001,8.167500000000002,0.55,60.84788442862443,2266.685335357505
14.9,8.195,0.55,61.25763449211686,2283.416184670008
14.950000000000001,8.222500000000002,0.55,61.668759555822334,2300.2230860511386
15.0,8.25,0.55,62.081259619740884,2317.105937988766
15.05,8.277500000000002,0.55,62.495134683872486,2334.0645960701845
15.100000000000001,8.305000000000001,0.55,62.910384748217155,2351.0990107880502
15.15,8.332500000000001,0.55,63.32700981277488,2368.2093300603697
15.200000000000001,8.360000000000001,0.55,63.74500987754568,2385.3950797858415
15.25,8.387500000000001,0.55,64.16438494252952,2402.6556611850124
15.3,8.415000000000001,0.55,64.58513500772644,2419.9901974971294
15.350000000000001,8.4425,0.55,65.00726007313641,2437.398676720388
15.4,8.47,0.55,65.43076013875945,2454.881116670068
15.450000000000001,8.4975,0.55,65.85563520459556,2472.437193283968
15.5,8.525,0.55,66.28188527064471,2490.066658093336
15.55,8.5525,0.55,66.70951033690694,2507.769420954117
15.600000000000001,8.580000000000002,0.55,67.13851040338223,2525.5450457916545
15.65,8.607500000000002,0.55,67.56888547007057,2543.393493512986
15.700000000000001,8.635000000000002,0.55,68.00063553697198,2561.314554570622
15.75,8.662500000000001,0.55,68.43376060408646,2579.3083821856976
15.8,8.690000000000001,0.55,68.86826067141399,2597.374235405224
15.850000000000001,8.717500000000001,0.55,69.30413573895457,2615.5126727914344
15.9,8.745000000000001,0.55,69.74138580670824,2633.723690253469
15.950000000000001,8.7725,0.55,70.18001087467496,2652.0071608104467
16.0,8.8,0.55,70.62001094285473,2670.36297776182
16.05,8.8275,0.55,71.06138601124758,2688.7906519983944
16.1,8.855000000000002,0.55,71.50413607985348,2707.290276524691
16.150000000000002,8.882500000000002,0.55,71.94826114867244,2725.8140811149724
16.2,8.91,0.55,72.39376121770447,2744.3575746100364
16.25,8.9375,0.55,72.84063628694956,2763.0276644431233
16.3,8.965000000000002,0.55,73.28888635640772,2781.8457569874345
16.35,8.992500000000001,0.55,73.73851142607893,2800.7967690250207
16.400000000000002,9.020000000000001,0.55,74.1895114959632,2819.84471758004
16.45,9.047500000000001,0.55,74.64188656606053,2838.96978387502
16.5,9.075000000000001,0.55,75.09563663637094,2858.164472765173
16.55,9.102500000000001,0.55,75.55076170689439,2877.4311678750796
16.6,9.13,0.55,76.00726177763092,2896.76990907023
16.650000000000002,9.157500000000002,0.55,76.4651368485805,2916.1808609237805
16.7,9.185,0.55,76.92438691974314,2935.6946029625665
16.75,9.2125,0.55,77.38501199111884,2955.3074099901282
16.8,9.240000000000002,0.55,77.84701206270762,2975.007118237568
16.85,9.267500000000002,0.55,78.31038713450945,2994.7853452694026
16.900000000000002,9.295000000000002,0.55,78.77513720652433,3014.6322622985886
16.95,9.3225,0.55,79.2412622787523,3034.5495927674547
17.0,9.350000000000001,0.55,79.70876235119331,3054.5366658145
17.05,9.377500000000001,0.55,80.17763742384739,3074.5880030015333
17.1,9.405000000000001,0.55,80.64788749671452,3094.6999049845513
17.150000000000002,9.432500000000003,0.55,81.11951256979474,3114.870380703419
17.2,9.46,0.55,81.59251264308799,3135.1003235007206
17.25,9.4875,0.55,82.06688771659431,3155.394672458659
17.3,9.515,0.55,82.5426377903137,3175.7663963735104
17.35,9.542500000000002,0.55,83.01976286424616,3196.200416494656
17.400000000000002,9.570000000000002,0.55,83.49826293839166,3216.6958809996772
17.45,9.5975,0.55,83.97813801275025,3237.2699804068784
17.5,9.625,0.55,84.45938808732188,3257.9999950758956
17.55,9.652500000000002,0.55,84.94201316210658,3278.9114168126184
17.6,9.680000000000001,0.55,85.42601323710433,3299.978234017808
17.650000000000002,9.707500000000001,0.55,85.91138831231515,3321.131799666148
17.7,9.735000000000001,0.55,86.39813838773904,3342.3734025457147
17.75,9.762500000000001,0.55,86.88626346337598,3363.703746141723
17.8,9.790000000000001,0.55,87.37576353922599,3385.12323283147
17.85,9.8175,0.55,87.86663861528906,3406.63236919592
17.900000000000002,9.845000000000002,0.55,88.35888869156518,3428.2328443089878
17.95,9.8725,0.55,88.85251376805438,3449.9233451663567
18.0,9.9,0.55,89.34751384475663,3471.7051239243365
18.05,9.927500000000002,0.55,89.84388892167195,3493.577221108706
18.1,9.955000000000002,0.55,90.34163899880032,3515.540458157053
18.150000000000002,9.982500000000002,0.55,90.84076407614177,3537.593247317543
18.2,10.01,0.55,91.34126415369627,3559.7366766833848
18.25,10.037500000000001,0.55,91.84313923146382,3581.969707297656
18.3,10.065000000000001,0.55,92.34638930944445,3604.293987879295
18.35,10.092500000000001,0.55,92.85101438763813,3626.708622477869
18.400000000000002,10.120000000000003,0.55,93.35701446604489,3649.21541369595
18.45,10.1475,0.55,93.86438954466469,3671.8130118278914
18.5,10.175,0.55,94.37313962349756,3694.5030290834693
18.55,10.2025,0.55,94.8832647025435,3717.284572999216
18.6,10.230000000000002,0.55,95.3947647818025,3740.159315970038
18.650000000000002,10.257500000000002,0.55,95.90763986127455,3763.1262522389843
18.7,10.285,0.55,96.42188994095966,3786.1867755932926
18.75,10.3125,0.55,96.93751502085784,3809.3395392927864
18.8,10.340000000000002,0.55,97.45451510096909,3832.5854377414294
18.85,10.367500000000001,0.55,97.9728901812934,3855.9224060376264
18.900000000000002,10.395000000000001,0.55,98.49264026183076,3879.3508179828136
18.95,10.422500000000001,0.55,99.01376534258118,3903.1141748650384
19.0,10.450000000000001,0.55,99.53626542354466,3926.7555592539043
19.05,10.477500000000001,0.55,100.06014050472122,3950.4789146377625
19.1,10.505,0.55,100.58539058611083,3974.366730079568
19.150000000000002,10.532500000000002,0.55,101.11201566771351,3998.4569888594306
19.200000000000003,10.560000000000002,0.55,101.64001574952925,4022.6860604010744
19.25,10.5875,0.55,102.16939083155805,4046.9860657091845
19.3,10.615000000000002,0.55,102.7001409137999,4071.3531495153043
19.35,10.642500000000002,0.55,103.23226599625482,4095.801159240406
19.400000000000002,10.670000000000002,0.55,103.76576607892281,4120.334816202921
19.450000000000003,10.697500000000002,0.55,104.30064116180385,4144.953539311899
19.5,10.725000000000001,0.55,104.83689124489796,4169.657220195957
19.55,10.752500000000001,0.55,105.37451632820513,4194.445016561033
19.6,10.780000000000001,0.55,105.91351641172537,4219.330146874401
19.650000000000002,10.807500000000003,0.55,106.45389149545865,4244.349598106338
19.700000000000003,10.835000000000003,0.55,106.995641579405,4269.523424443262
19.75,10.8625,0.55,107.53876666356442,4294.848708712074
19.8,10.89,0.55,108.0832667479369,4320.315598443682
19.85,10.917500000000002,0.55,108.62914183252244,4345.904470668908
19.900000000000002,10.945000000000002,0.55,109.17639191732104,4371.601692895741
19.950000000000003,10.972500000000002,0.55,109.7250170023327,4397.391212905403
20.0,11.0,0.55,110.27501708755743,4423.264356223884
20.05,11.027500000000002,0.55,110.82639217299521,4449.226414534204
20.1,11.055000000000001,0.55,111.37914225864606,4475.302860966994
20.150000000000002,11.082500000000001,0.55,111.93326734450997,4501.424941264087
20.200000000000003,11.110000000000003,0.55,112.48876743058693,4527.589856746232
20.25,11.137500000000001,0.55,113.04564251687698,4553.84046220763
20.3,11.165000000000001,0.55,113.60389260338007,4580.195138757278
20.35,11.192500000000003,0.55,114.16351769009623,4606.678215494958
20.400000000000002,11.220000000000002,0.55,114.72451777702545,4633.356259548774
20.450000000000003,11.247500000000002,0.55,115.28689286416774,4660.133611442271
20.5,11.275,0.55,115.85064295152308,4687.008265976106
20.55,11.302500000000002,0.55,116.41576803909149,4713.982246015095
20.6,11.330000000000002,0.55,116.98226812687295,4741.055641792978
20.650000000000002,11.357500000000002,0.55,117.55014321486749,4768.227294548588
20.700000000000003,11.385000000000003,0.55,118.11939330307507,4795.499389784478
20.75,11.412500000000001,0.55,118.69001839149574,4822.870623974746
20.8,11.440000000000001,0.55,119.26201848012946,4850.342812938378
20.85,11.467500000000001,0.55,119.83539356897623,4877.914680999789
20.900000000000002,11.495000000000003,0.55,120.41014365803606,4905.587929402276
20.950000000000003,11.522500000000003,0.55,120.98626874730897,4933.362424846184
21.0,11.55,0.55,121.56376883679492,4961.236627063525
21.05,11.5775,0.55,122.14264392649395,4989.212011313049
21.1,11.605000000000002,0.55,122.72289401640604,5017.256376058024
21.150000000000002,11.632500000000002,0.55,123.30451910653119,5045.398343771637
21.200000000000003,11.660000000000002,0.55,123.88751919686939,5073.602559186228
21.25,11.687500000000002,0.55,124.47189428742065,5101.8992555198565
21.3,11.715000000000002,0.55,125.057644378185,5130.256195433745
21.35,11.742500000000001,0.55,125.6447694691624,5158.668627954504
21.400000000000002,11.770000000000001,0.55,126.23326956035284,5187.1680985394805
21.450000000000003,11.797500000000003,0.55,126.82314465175637,5215.727376924449
21.5,11.825000000000001,0.55,127.41439474337295,5244.384201716722
21.55,11.852500000000001,0.55,128.0070198352026,5273.114321649096
21.6,11.880000000000003,0.55,128.6010199272453,5301.949901296441
21.650000000000002,11.907500000000002,0.55,129.19639501950107,5330.92478778145
21.700000000000003,11.935000000000002,0.55,129.79314511196986,5360.009972889226
21.75,11.9625,0.55,130.39127020465176,5389.230963849523
21.8,11.990000000000002,0.55,130.99077029754673,5418.558217459202
21.85,12.017500000000002,0.55,131.59164539065475,5447.988888201286
21.900000000000002,12.045000000000002,0.55,132.1938954839758,5477.558113015365
21.950000000000003,12.072500000000003,0.55,132.79752057750994,5507.234276516056
22.0,12.100000000000001,0.55,133.40252067125712,5537.047050124395
22.05,12.127500000000001,0.55,134.0088957652174,5566.960330314474
22.1,12.155000000000001,0.55,134.61664585939073,5596.968148055072
22.150000000000002,12.182500000000003,0.55,135.22577095377713,5627.103153552383
22.200000000000003,12.210000000000003,0.55,135.83627104837657,5657.359864656572
22.25,12.2375,0.55,136.4481461431891,5687.745293936139
22.3,12.265,0.55,137.06139623821463,5718.238190391828
22.35,12.292500000000002,0.55,137.67602133345326,5748.834614180507
22.400000000000002,12.320000000000002,0.55,138.29202142890497,5779.566233673048
22.450000000000003,12.347500000000002,0.55,138.90939652456973,5810.411865123924
22.5,12.375000000000002,0.55,139.52814662044756,5841.392677234401
22.55,12.402500000000002,0.55,140.14827171653843,5872.538074735404
22.6,12.430000000000001,0.55,140.76977181284238,5903.828985898234
22.650000000000002,12.457500000000001,0.55,141.39264690935937,5935.328906515946
22.700000000000003,12.485000000000003,0.55,142.0168970060894,5967.005297523161
22.75,12.51818181818182,0.8,142.64280619398565,6001.061812128636
22.8,12.558181818181819,0.8,143.2707153821918,6035.423576112726
22.85,12.59818181818182,0.8,143.90062457070786,6070.273118429362
22.900000000000002,12.63818181818182,0.8,144.5325337595338,6105.679908348208
22.950000000000003,12.678181818181821,0.8,145.1664429486697,6141.711188033329
23.0,12.718181818181819,0.8,145.80235213811545,6178.3701843914705
23.05,12.75818181818182,0.8,146.44026132787116,6215.83389897545
23.1,12.79818181818182,0.8,147.08017051793675,6254.144352722947
23.150000000000002,12.83818181818182,0.8,147.72207970831224,6293.147479791147
23.200000000000003,12.87818181818182,0.8,148.36598889899764,6332.5687150780805
23.25,12.918181818181818,0.8,149.01189808999297,6372.198631695219
23.3,12.958181818181819,0.8,149.65980728129819,6412.03960912651
23.35,12.99818181818182,0.8,150.30971647291332,6452.124485679944
23.400000000000002,13.03818181818182,0.8,150.96162566483838,6492.471980776828
23.450000000000003,13.078181818181822,0.8,151.61553485707333,6533.0245158936405
23.5,13.118181818181819,0.8,152.27144404961817,6573.718598472303
23.55,13.15818181818182,0.8,152.92935324247296,6614.474761437106
23.6,13.19818181818182,0.8,153.5892624356376,6655.366389047586
23.650000000000002,13.23818181818182,0.8,154.2511716291122,6696.419138478233
23.700000000000003,13.278181818181821,0.8,154.9150808228967,6737.516563632306
23.75,13.318181818181818,0.8,155.5809900169911,6778.634412266553
23.8,13.35818181818182,0.8,156.2488992113954,6819.805925647305
23.85,13.39818181818182,0.8,156.91880840610963,6861.0058387879235
23.900000000000002,13.438181818181821,0.8,157.59071760113375,6902.233866522638
23.950000000000003,13.47818181818182,0.8,158.26462679646778,6943.57624263378
24.0,13.51818181818182,0.8,158.94053599211173,6985.035063816997
24.05,13.558181818181819,0.8,159.61844518806558,7026.53835612027
24.1,13.59818181818182,0.8,160.29835438432931,7067.9708258885275
24.150000000000002,13.63818181818182,0.8,160.980263580903,7109.226082350281
24.200000000000003,13.678181818181821,0.8,161.66417277778655,7150.275627646577
24.25,13.718181818181819,0.8,162.35008197498004,7191.299949916296
24.3,13.75818181818182,0.8,163.03799117248343,7232.315187411577
24.35,13.79818181818182,0.8,163.72790037029674,7273.317243247363
24.400000000000002,13.83818181818182,0.8,164.41980956841994,7314.279547055092
24.450000000000003,13.87818181818182,0.8,165.11371876685305,7355.209059746824
24.5,13.918181818181818,0.8,165.80962796559606,7396.1268737894225
24.55,13.958181818181819,0.8,166.507537164649,7437.01594485035
24.6,13.99818181818182,0.8,167.20744636401184,7477.863731253184
24.650000000000002,14.03818181818182,0.8,167.90935556368458,7518.694085573141
24.700000000000003,14.078181818181822,0.8,168.61326476366725,7559.497811815711
24.75,14.118181818181819,0.8,169.31917396395983,7600.2536085564325
24.8,14.15818181818182,0.8,170.02708316456227,7640.976336768926
24.85,14.19818181818182,0.8,170.73699236547466,7681.691151163298
24.900000000000002,14.23818181818182,0.8,171.44890156669695,7722.361984611847
24.950000000000003,14.278181818181821,0.8,172.16281076822915,7762.990815495213
25.0,14.318181818181818,0.8,172.87871997007124,7803.603253298485
25.05,14.35818181818182,0.8,173.59662917222326,7844.125212472597
25.1,14.39818181818182,0.8,174.31653837468517,7884.507455433887
25.150000000000002,14.438181818181821,0.8,175.038447577457,7924.849342063901
25.200000000000003,14.47818181818182,0.8,175.76235678053874,7965.096269652277
25.25,14.51818181818182,0.8,176.48826598393038,8005.187196103033
25.3,14.539999999999797,0.0,177.21526609658198,8018.325472589211
25.35,14.539999999999797,0.0,177.94226620923357,8030.176971502949
25.400000000000002,14.539999999999797,0.0,178.66926632188517,8040.510301330643
25.450000000000003,14.539999999999797,0.0,179.39626643453676,8049.359653049826
25.5,14.539999999999797,0.0,180.12326654718836,8056.704652987317
25.55,14.539999999999797,0.0,180.85026665983995,8062.71292070775
25.6,14.539999999999797,0.0,181.57726677249156,8067.423127979339
25.650000000000002,14.539999999999797,0.0,182.30426688514314,8071.246492256853
25.700000000000003,14.539999999999797,0.0,183.03126699779475,8074.660277734658
25.75,14.539999999999797,0.0,183.75826711044633,8078.0515433805795
25.8,14.539999999999797,0.0,184.48526722309794,8081.921653367778
25.85,14.539999999999797,0.0,185.21226733574952,8087.249628794169
25.900000000000002,14.539999999999797,0.0,185.93926744840113,8096.059204096579
25.950000000000003,14.539999999999797,0.0,186.66626756105273,8106.712206270947
26.0,14.539999999999797,0.0,187.39326767370432,8118.353997398994
26.05,14.539999999999797,0.0,188.12026778635592,8130.973285411551
26.1,14.539999999999797,0.0,188.8472678990075,8144.540113297706
26.150000000000002,14.539999999999797,0.0,189.57426801165911,8158.966411603458
26.200000000000003,14.539999999999797,0.0,190.3012681243107,8173.764522859334
26.25,14.539999999999797,0.0,191.0282682369623,8188.873209541121
26.3,14.539999999999797,0.0,191.75526834961389,8204.26554644147
26.35,14.539999999999797,0.0,192.4822684622655,8220.064075137265
26.400000000000002,14.539999999999797,0.0,193.20926857491708,8236.317147530455
26.450000000000003,14.539999999999797,0.0,193.93626868756868,8253.183049555162
26.5,14.539999999999797,0.0,194.66326880022027,8270.638781090967
26.55,14.539999999999797,0.0,195.39026891287187,8288.615902267418
26.6,14.539999999999797,0.0,196.11726902552346,8306.989746716697
26.650000000000002,14.539999999999797,0.0,196.84426913817506,8325.49491753545
26.700000000000003,14.539999999999797,0.0,197.57126925082665,8343.948360518789
26.75,14.539999999999797,0.0,198.29826936347825,8348.10855405328
26.8,14.539999999999797,0.0,199.02526947612984,8352.164928308579
26.85,14.539999999999797,0.0,199.75226958878145,8356.24596730404
26.900000000000002,14.539999999999797,0.0,200.47926970143303,8360.485902725995
26.950000000000003,14.539999999999797,0.0,201.20626981408464,8364.886060654462
27.0,14.539999999999797,0.0,201.93326992673622,8369.709542214216
27.05,14.539999999999797,0.0,202.66027003938783,8375.037467896283
27.1,14.539999999999797,0.0,203.3872701520394,8380.914608418287
27.150000000000002,14.539999999999797,0.0,204.11427026469102,8387.417606770337
27.200000000000003,14.539999999999797,0.0,204.8412703773426,8394.720582901777
27.25,14.539999999999797,0.0,205.5682704899942,8403.053839623273
27.3,14.539999999999797,0.0,206.2952706026458,8413.283250748456
27.35,14.539999999999797,0.0,207.0222707152974,8425.158933579267
27.400000000000002,14.539999999999797,0.0,207.74927082794898,8437.74502843553
27.450000000000003,14.539999999999797,0.0,208.47627094060059,8450.608493744672
27.5,14.539999999999797,0.0,209.2032710532522,8463.657284676374
27.55,14.539999999999797,0.0,209.93027116590378,8476.832497536481
27.6,14.539999999999797,0.0,210.65727127855538,8490.05736726457
27.650000000000002,14.539999999999797,0.0,211.38427139120697,8503.256706177533
27.700000000000003,14.539999999999797,0.0,212.11127150385857,8516.397089897931
27.75,14.539999999999797,0.0,212.83827161651016,8529.485810219587
27.8,14.539999999999797,0.0,213.56527172916176,8542.517974793256
27.85,14.539999999999797,0.0,214.29227184181335,8555.501487671674
27.900000000000002,14.539999999999797,0.0,215.01927195446495,8568.436356484235
27.950000000000003,14.539999999999797,0.0,215.74627206711654,8581.315618454755
28.0,14.539999999999797,0.0,216.47327217976814,8594.138921677411
28.05,14.539999999999797,0.0,217.20027229241973,8606.900513588727
28.1,14.539999999999797,0.0,217.92727240507134,8619.592833458722
28.150000000000002,14.539999999999797,0.0,218.65427251772292,8632.208193718732
28.200000000000003,14.539999999999797,0.0,219.38127263037453,8644.755795418561
28.25,14.539999999999797,0.0,220.1082727430261,8657.25404733354
28.3,14.539999999999797,0.0,220.83527285567772,8669.72216123277
28.35,14.539999999999797,0.0,221.5622729683293,8682.17725461656
28.400000000000002,14.539999999999797,0.0,222.2892730809809,8694.629118859113
28.450000000000003,14.539999999999797,0.0,223.0162731936325,8707.080983101667
28.5,14.539999999999797,0.0,223.7432733062841,8719.53284734422
28.55,14.539999999999797,0.0,224.47027341893568,8731.984711586774
28.6,14.539999999999797,0.0,225.19727353158729,8744.436575829328
28.650000000000002,14.539999999999797,0.0,225.92427364423887,8756.888440071882
28.700000000000003,14.539999999999797,0.0,226.65127375689048,8769.340304314435
28.75,14.539999999999797,0.0,227.37827386954206,8781.792168556989
28.8,14.539999999999797,0.0,228.10527398219367,8794.244032799543
28.85,14.539999999999797,0.0,228.83227409484525,8806.695897042096
28.900000000000002,14.539999999999797,0.0,229.55927420749686,8819.14776128465
28.950000000000003,14.539999999999797,0.0,230.28627432014846,8831.599625527204
29.0,14.539999999999797,0.0,231.01327443280005,8844.051489769758
29.05,14.539999999999797,0.0,231.74027454545165,8856.503354012311
29.1,14.539999999999797,0.0,232.46727465810324,8868.955218254865
29.150000000000002,14.539999999999797,0.0,233.19427477075484,8881.407082497419
29.200000000000003,14.539999999999797,0.0,233.92127488340643,8893.858946739972
29.25,14.539999999999797,0.0,234.64827499605803,8906.310810982526
29.3,14.539999999999797,0.0,235.37527510870962,8918.76267522508
29.35,14.539999999999797,0.0,236.10227522136123,8931.214539467634
29.400000000000002,14.539999999999797,0.0,236.8292753340128,8943.666403710187
29.450000000000003,14.539999999999797,0.0,237.55627544666442,8956.118267952741
29.5,14.539999999999797,0.0,238.283275559316,8968.570132195295
29.55,14.539999999999797,0.0,239.0102756719676,8981.021996437848
29.6,14.539999999999797,0.0,239.7372757846192,8993.473860680402
29.650000000000002,14.539999999999797,0.0,240.4642758972708,9005.925724922956
29.700000000000003,14.539999999999797,0.0,241.19127600992238,9018.37758916551
29.75,14.539999999999797,0.0,241.91827612257399,9030.829453408063
29.8,14.539999999999797,0.0,242.64527623522557,9043.281317650617
29.85,14.539999999999797,0.0,243.37227634787718,9055.73318189317
29.900000000000002,14.539999999999797,0.0,244.09927646052876,9068.185046135724
29.950000000000003,14.539999999999797,0.0,244.82627657318037,9080.636910378278
30.0,14.539999999999797,0.0,245.55327668583195,9093.088774620832
30.05,14.539999999999797,0.0,246.28027679848356,9105.540638863386
30.1,14.539999999999797,0.0,247.00727691113514,9117.99250310594
30.150000000000002,14.539999999999797,0.0,247.73427702378675,9130.444367348493
30.200000000000003,14.539999999999797,0.0,248.46127713643833,9142.896231591047
30.25,14.539999999999797,0.0,249.18827724908994,9155.3480958336
30.3,14.539999999999797,0.0,249.91527736174152,9167.799960076154
30.35,14.539999999999797,0.0,250.64227747439313,9180.251824318708
30.400000000000002,14.539999999999797,0.0,251.3692775870447,9192.703688561262
30.450000000000003,14.539999999999797,0.0,252.09627769969632,9205.155552803815
30.5,14.539999999999797,0.0,252.82327781234792,9217.607417046369
30.55,14.539999999999797,0.0,253.5502779249995,9232.42600625688
30.6,14.539999999999797,0.0,254.27727803765112,9247.106032311262
30.650000000000002,14.539999999999797,0.0,255.0042781503027,9261.533686577619
30.700000000000003,14.539999999999797,0.0,255.7312782629543,9275.537980019391
30.75,14.539999999999797,0.0,256.4582783756059,9289.019280373395
30.8,14.539999999999797,0.0,257.18527848825744,9302.381309449018
30.85,14.539999999999797,0.0,257.912278600909,9316.267737328351
30.900000000000002,14.539999999999797,0.0,258.6392787135606,9330.130261360944
30.950000000000003,14.539999999999797,0.0,259.3662788262122,9343.857501923383
31.0,14.539999999999797,0.0,260.0932789388637,9357.466635643781
31.05,14.539999999999797,0.0,260.8202790515153,9371.012470185102
31.1,14.539999999999797,0.0,261.54727916416687,9384.487259804548
31.150000000000002,14.539999999999797,0.0,262.27427927681845,9397.79284471208
31.200000000000003,14.539999999999797,0.0,263.00127938946997,9410.987120568097
31.25,14.539999999999797,0.0,263.72827950212155,9424.178520142377
31.3,14.539999999999797,0.0,264.45527961477313,9437.389270722211
31.35,14.539999999999797,0.0,265.1822797274247,9450.630264221967
31.400000000000002,14.539999999999797,0.0,265.90927984007624,9463.88824075395
31.450000000000003,14.539999999999797,0.0,266.6362799527278,9477.159147202314
31.5,14.539999999999797,0.0,267.3632800653794,9490.432849823774
31.55,14.539999999999797,0.0,268.090280178031,9503.706972061933
31.6,14.539999999999797,0.0,268.8172802906825,9516.981059014142
31.650000000000002,14.539999999999797,0.0,269.5442804033341,9530.255927979291
31.700000000000003,14.539999999999797,0.0,270.27128051598567,9543.534524857343
31.75,14.539999999999797,0.0,270.99828062863725,9556.831081330121
31.8,14.539999999999797,0.0,271.72528074128877,9570.16543668443
31.85,14.539999999999797,0.0,272.45228085394035,9583.51940053636
31.900000000000002,14.539999999999797,0.0,273.17928096659193,9596.87235730821
31.950000000000003,14.539999999999797,0.0,273.9062810792435,9610.218192040265
32.0,14.539999999999797,0.0,274.6332811918951,9623.561806618512
32.050000000000004,14.539999999999797,0.0,275.3602813045466,9636.90542119676
32.1,14.539999999999797,0.0,276.0872814171982,9650.249035775007
32.15,14.539999999999797,0.0,276.8142815298498,9663.592650353254
32.2,14.539999999999797,0.0,277.54128164250136,9676.9362649315
32.25,14.539999999999797,0.0,278.2682817551529,9690.279879509748
32.300000000000004,14.539999999999797,0.0,278.99528186780447,9703.623494087995
32.35,14.539999999999797,0.0,279.72228198045605,9716.967108666242
32.4,14.539999999999797,0.0,280.4492820931076,9730.310723244489
32.45,14.539999999999797,0.0,281.17628220575915,9743.654337822736
32.5,14.539999999999797,0.0,281.90328231841073,9756.997952400983
32.550000000000004,14.539999999999797,0.0,282.6302824310623,9770.34156697923
32.6,14.539999999999797,0.0,283.3572825437139,9783.685181557477
32.65,14.539999999999797,0.0,284.0842826563654,9797.028796135724
32.7,14.539999999999797,0.0,284.811282769017,9810.372410713971
32.75,14.539999999999797,0.0,285.5382828816686,9823.716025292219
32.800000000000004,14.539999999999797,0.0,286.26528299432016,9837.059639870466
32.85,14.539999999999797,0.0,286.9922831069717,9850.403254448713
32.9,14.539999999999797,0.0,287.71928321962326,9863.74686902696
32.95,14.539999999999797,0.0,288.44628333227485,9877.090483605207
33.0,14.539999999999797,0.0,289.1732834449264,9890.434098183454
33.050000000000004,14.539999999999797,0.0,289.90028355757795,9903.777712761701
33.1,14.539999999999797,0.0,290.62728367022953,9917.121327339948
33.15,14.539999999999797,0.0,291.3542837828811,9930.464941918195
33.2,14.539999999999797,0.0,292.0812838955327,9943.808556496442
33.25,14.539999999999797,0.0,292.8082840081842,9957.15217107469
33.300000000000004,14.539999999999797,0.0,293.5352841208358,9970.495785652936
33.35,14.539999999999797,0.0,294.2622842334874,9983.839400231183
33.4,14.539999999999797,0.0,294.98928434613896,9997.18301480943
33.45,14.539999999999797,0.0,295.7162844587905,10010.526629387678
33.5,14.539999999999797,0.0,296.44328457144206,10023.870243965925
33.550000000000004,14.539999999999797,0.0,297.17028468409364,10037.213858544172
33.6,14.539999999999797,0.0,297.8972847967452,10050.557473122419
33.65,14.539999999999797,0.0,298.6242849093968,10063.901087700666
33.7,14.539999999999797,0.0,299.35128502204833,10077.244702278913
33.75,14.539999999999797,0.0,300.0782851346999,10090.58831685716
33.800000000000004,14.539999999999797,0.0,300.8052852473515,10103.931931435407
33.85,14.539999999999797,0.0,301.5322853600031,10117.275546013654
33.9,14.539999999999797,0.0,302.2592854726546,10130.619160591901
33.95,14.539999999999797,0.0,302.9862855853062,10143.962775170148
34.0,14.539999999999797,0.0,303.71328569795776,10157.306389748395
34.050000000000004,14.539999999999797,0.0,304.44028581060934,10170.650004326642
34.1,14.539999999999797,0.0,305.16728592326086,10180.393849312604
34.15,14.539999999999797,0.0,305.89428603591244,10189.788447319806
34.2,14.539999999999797,0.0,306.621286148564,10199.58835881883
34.25,14.539999999999797,0.0,307.3482862612156,10210.251042305768
34.300000000000004,14.539999999999797,0.0,308.07528637386713,10222.139908730329
34.35,14.539999999999797,0.0,308.8022864865187,10234.725183426679
34.4,14.539999999999797,0.0,309.5292865991703,10247.370541512311
34.45,14.539999999999797,0.0,310.2562867118219,10259.993135392011
34.5,14.539999999999797,0.0,310.9832868244734,10272.699252068342
34.550000000000004,14.539999999999797,0.0,311.710286937125,10285.565141617597
34.6,14.539999999999797,0.0,312.43728704977656,10298.524193703473
34.65,14.539999999999797,0.0,313.16428716242814,10311.303687989057
34.7,14.539999999999797,0.0,313.89128727507966,10323.824849068464
34.75,14.539999999999797,0.0,314.61828738773124,10336.325212418378
34.800000000000004,14.539999999999797,0.0,315.3452875003828,10348.852908074201
34.85,14.539999999999797,0.0,316.0722876130344,10361.557201325239
34.9,14.539999999999797,0.0,316.79928772568593,10374.516961037458
34.95,14.539999999999797,0.0,317.5262878383375,10387.614248215497
35.0,14.539999999999797,0.0,318.2532879509891,10400.74423307115
35.050000000000004,14.539999999999797,0.0,318.98028806364067,10413.889759003461
35.1,14.539999999999797,0.0,319.70728817629225,10427.045649468244
35.15,14.539999999999797,0.0,320.4342882889438,10440.215526520551
35.2,14.539999999999797,0.0,321.16128840159536,10453.413454949201
35.25,14.539999999999797,0.0,321.88828851424694,10466.676174103559
35.300000000000004,14.539999999999797,0.0,322.6152886268985,10479.982956826032
35.35,14.539999999999797,0.0,323.34228873955004,10493.252251564802
35.4,14.539999999999797,0.0,324.0692888522016,10506.465174614728
35.45,14.539999999999797,0.0,324.7962889648532,10519.601893364728
35.5,14.539999999999797,0.0,325.5232890775048,10532.680201470197
35.550000000000004,14.539999999999797,0.0,326.2502891901563,10545.477087914289
35.6,14.539999999999797,0.0,326.9772893028079,10558.27397435838
35.65,14.539999999999797,0.0,327.70428941545947,10571.070860802472
35.7,14.539999999999797,0.0,328.43128952811105,10583.867747246564
35.75,14.539999999999797,0.0,329.1582896407626,10596.664633690656
35.800000000000004,14.539999999999797,0.0,329.88528975341416,10609.461520134748
35.85,14.539999999999797,0.0,330.61228986606574,10622.25840657884
35.9,14.539999999999797,0.0,331.3392899787173,10635.055293022931
35.95,14.539999999999797,0.0,332.06629009136884,10647.852179467023
36.0,14.539999999999797,0.0,332.7932902040204,10660.649065911115
36.050000000000004,14.539999999999797,0.0,333.520290316672,10673.445952355207
36.1,14.539999999999797,0.0,334.2472904293236,10686.242838799299
36.15,14.539999999999797,0.0,334.9742905419751,10699.03972524339
36.2,14.539999999999797,0.0,335.7012906546267,10711.836611687482
36.25,14.539999999999797,0.0,336.42829076727827,10724.633498131574
36.300000000000004,14.539999999999797,0.0,337.15529087992985,10737.430384575666
36.35,14.539999999999797,0.0,337.8822909925814,10750.227271019758
36.4,14.539999999999797,0.0,338.60929110523296,10763.02415746385
36.45,14.539999999999797,0.0,339.33629121788454,10775.821043907941
36.5,14.539999999999797,0.0,340.0632913305361,10788.617930352033
36.550000000000004,14.539999999999797,0.0,340.79029144318764,10801.414816796125
36.6,14.539999999999797,0.0,341.5172915558392,10814.211703240217
36.65,14.539999999999797,0.0,342.2442916684908,10827.008589684308
36.7,14.539999999999797,0.0,342.9712917811424,10839.8054761284
36.75,14.539999999999797,0.0,343.69829189379396,10852.602362572492
36.800000000000004,14.539999999999797,0.0,344.4252920064455,10865.399249016584
36.85,14.539999999999797,0.0,345.15229211909707,10878.196135460676
36.9,14.539999999999797,0.0,345.87929223174865,10890.993021904767
36.95,14.539999999999797,0.0,346.60629234440023,10903.78990834886
37.0,14.539999999999797,0.0,347.33329245705175,10916.586794792951
37.050000000000004,14.539999999999797,0.0,348.06029256970334,10929.383681237043
37.1,14.539999999999797,0.0,348.7872926823549,10942.180567681135
37.15,14.539999999999797,0.0,349.5142927950065,10954.977454125226
37.2,14.539999999999797,0.0,350.241292907658,10967.774340569318
37.25,14.539999999999797,0.0,350.9682930203096,10980.57122701341
37.300000000000004,14.539999999999797,0.0,351.6952931329612,10993.368113457502
37.35,14.539999999999797,0.0,352.42229324561276,11006.164999901594
37.4,14.539999999999797,0.0,353.1492933582643,11018.961886345685
37.45,14.539999999999797,0.0,353.87629347091587,11031.758772789777
37.5,14.539999999999797,0.0,354.60329358356745,11044.555659233869
37.550000000000004,14.539999999999797,0.0,355.33029369621903,11057.35254567796
37.6,14.539999999999797,0.0,356.05729380887055,11070.149432122053
37.65,14.539999999999797,0.0,356.78429392152213,11082.946318566144
37.7,14.539999999999797,0.0,357.5112940341737,11095.743205010236
37.75,14.539999999999797,0.0,358.2382941468253,11108.540091454328
37.800000000000004,14.539999999999797,0.0,358.9652942594768,11121.33697789842
37.85,14.539999999999797,0.0,359.6922943721284,11134.133864342512
37.9,14.539999999999797,0.0,360.41929448478,11146.930750786603
37.95,14.539999999999797,0.0,361.14629459743156,11159.727637230695
38.0,14.539999999999797,0.0,361.8732947100831,11172.524523674787
38.050000000000004,14.539999999999797,0.0,362.60029482273467,11185.321410118879
38.1,14.539999999999797,0.0,363.32729493538625,11198.11829656297
38.15,14.539999999999797,0.0,364.05429504803783,11210.915183007062
38.2,14.539999999999797,0.0,364.7812951606894,11223.712069451154
38.25,14.539999999999797,0.0,365.50829527334093,11236.508955895246
38.300000000000004,14.539999999999797,0.0,366.2352953859925,11249.305842339338
38.35,14.539999999999797,0.0,366.9622954986441,11262.10272878343
38.400000000000006,14.539999999999797,0.0,367.6892956112957,11274.899615227521
38.45,14.539999999999797,0.0,368.4162957239472,11287.696501671613
38.5,14.539999999999797,0.0,369.1432958365988,11300.493388115705
38.550000000000004,14.539999999999797,0.0,369.87029594925036,11313.290274559797
38.6,14.539999999999797,0.0,370.59729606190194,11326.087161003888
38.650000000000006,14.539999999999797,0.0,371.32429617455347,11338.88404744798
38.7,14.539999999999797,0.0,372.05129628720505,11351.680933892072
38.75,14.539999999999797,0.0,372.77829639985663,11364.477820336164
38.800000000000004,14.539999999999797,0.0,373.5052965125082,11377.274706780256
38.85,14.539999999999797,0.0,374.23229662515973,11390.071593224347
38.900000000000006,14.539999999999797,0.0,374.9592967378113,11402.86847966844
38.95,14.539999999999797,0.0,375.6862968504629,11415.665366112531
39.0,14.539999999999797,0.0,376.4132969631145,11428.462252556623
39.050000000000004,14.539999999999797,0.0,377.140297075766,11441.259139000715
39.1,14.539999999999797,0.0,377.8672971884176,11454.056025444806
39.150000000000006,14.539999999999797,0.0,378.59429730106916,11466.852911888898
39.2,14.539999999999797,0.0,379.32129741372074,11479.64979833299
39.25,14.539999999999797,0.0,380.04829752637227,11492.446684777082
39.300000000000004,14.539999999999797,0.0,380.77529763902385,11505.243571221174
39.35,14.539999999999797,0.0,381.5022977516754,11518.040457665265
39.400000000000006,14.539999999999797,0.0,382.229297864327,11530.837344109357
39.45,14.539999999999797,0.0,382.95629797697853,11543.634230553449
39.5,14.539999999999797,0.0,383.6832980896301,11556.43111699754
39.550000000000004,14.539999999999797,0.0,384.4102982022817,11569.228003441633
39.6,14.539999999999797,0.0,385.1372983149333,11582.024889885724
39.650000000000006,14.539999999999797,0.0,385.86429842758486,11594.821776329816
39.7,14.539999999999797,0.0,386.5912985402364,11607.618662773908
39.75,14.539999999999797,0.0,387.31829865288796,11620.415549218
39.800000000000004,14.539999999999797,0.0,388.04529876553954,11633.212435662092
39.85,14.539999999999797,0.0,388.7722988781911,11646.009322106183
39.900000000000006,14.539999999999797,0.0,389.49929899084265,11658.806208550275
39.95,14.539999999999797,0.0,390.2262991034942,11671.603094994367
40.0,14.539999999999797,0.0,390.9532992161458,11684.399981438459
40.050000000000004,14.539999999999797,0.0,391.6802993287974,11697.19686788255
40.1,14.539999999999797,0.0,392.4072994414489,11709.993754326642
40.150000000000006,14.539999999999797,0.0,393.1342995541005,11722.790640770734
40.2,14.539999999999797,0.0,393.8612996667521,11735.587527214826
40.25,14.539999999999797,0.0,394.58829977940366,11748.384413658918
40.300000000000004,14.539999999999797,0.0,395.3152998920552,11761.18130010301
40.35,14.539999999999797,0.0,396.04230000470676,11773.978186547101
40.400000000000006,14.539999999999797,0.0,396.76930011735834,11786.775072991193
40.45,14.539999999999797,0.0,397.4963002300099,11799.571959435285
40.5,14.539999999999797,0.0,398.22330034266145,11812.368845879377
40.550000000000004,14.539999999999797,0.0,398.950300455313,11825.165732323469
40.6,14.539999999999797,0.0,399.6773005679646,11837.96261876756
40.650000000000006,14.539999999999797,0.0,400.4043006806162,11850.759505211652
40.7,14.539999999999797,0.0,401.1313007932677,11863.556391655744
40.75,14.539999999999797,0.0,401.8583009059193,11876.353278099836
40.800000000000004,14.539999999999797,0.0,402.5853010185709,11889.150164543928
40.85,14.539999999999797,0.0,403.31230113122245,11901.94705098802
40.900000000000006,14.539999999999797,0.0,404.039301243874,11914.743937432111
40.95,14.539999999999797,0.0,404.76630135652556,11927.540823876203
41.0,14.539999999999797,0.0,405.49330146917714,11940.337710320295
41.050000000000004,14.539999999999797,0.0,406.2203015818287,11953.134596764387
41.1,14.539999999999797,0.0,406.94730169448025,11965.931483208478
41.150000000000006,14.539999999999797,0.0,407.6743018071318,11978.72836965257
41.2,14.539999999999797,0.0,408.4013019197834,11991.525256096662
41.25,14.539999999999797,0.0,409.128302032435,12004.322142540754
41.300000000000004,14.539999999999797,0.0,409.85530214508657,12019.374282776655
41.35,14.539999999999797,0.0,410.5823022577381,12034.281922280134
41.400000000000006,14.539999999999797,0.0,411.3093023703897,12049.098017632306
41.45,14.539999999999797,0.0,412.03630248304125,12063.544925629438
41.5,14.539999999999797,0.0,412.76330259569283,12077.523017823041
41.550000000000004,14.539999999999797,0.0,413.49030270834436,12091.305643021406
41.6,14.539999999999797,0.0,414.21730282099594,12105.41428559953
41.650000000000006,14.539999999999797,0.0,414.9443029336475,12119.40412229234
41.7,14.539999999999797,0.0,415.6713030462991,12133.246418892682
41.75,14.539999999999797,0.0,416.3983031589506,12146.948771416486
41.800000000000004,14.539999999999797,0.0,417.1253032716022,12160.55635541612
41.85,14.539999999999797,0.0,417.8523033842538,12174.056590973676
41.900000000000006,14.539999999999797,0.0,418.57930349690537,12187.401027619184
41.95,14.539999999999797,0.0,419.3063036095569,12200.650343834699
42.0,14.539999999999797,0.0,420.0333037222085,12213.886531769575
42.050000000000004,14.539999999999797,0.0,420.76030383486005,12227.091084420026
42.1,14.539999999999797,0.0,421.48730394751163,12240.304236351789
42.150000000000006,14.539999999999797,0.0,422.21430406016316,12253.532209336103
42.2,14.539999999999797,0.0,422.94130417281474,12266.77304643327
42.25,14.539999999999797,0.0,423.6683042854663,12280.01656144792
42.300000000000004,14.539999999999797,0.0,424.3953043981179,12293.260319649518
42.35,14.539999999999797,0.0,425.1223045107694,12306.503904282392
42.400000000000006,14.539999999999797,0.0,425.849304623421,12319.748151718915
42.45,14.539999999999797,0.0,426.5763047360726,12332.996179520429
42.5,14.539999999999797,0.0,427.30330484872417,12346.262908875287
42.550000000000004,14.539999999999797,0.0,428.0303049613757,12359.567569672407
42.6,14.539999999999797,0.0,428.7573050740273,12372.89748281175
42.650000000000006,14.539999999999797,0.0,429.48430518667885,12386.235770165265
42.7,14.539999999999797,0.0,430.21130529933043,12399.576793610395
42.75,14.539999999999797,0.0,430.938305411982,12412.920408188642
42.800000000000004,14.539999999999797,0.0,431.66530552463354,12426.264022766889
42.85,14.539999999999797,0.0,432.3923056372851,12439.607637345136
42.900000000000006,14.539999999999797,0.0,433.1193057499367,12452.951251923383
42.95,14.539999999999797,0.0,433.8463058625883,12466.29486650163
43.0,14.539999999999797,0.0,434.5733059752398,12479.638481079877
43.050000000000004,14.539999999999797,0.0,435.3003060878914,12492.982095658124
43.1,14.539999999999797,0.0,436.02730620054297,12506.325710236371
43.150000000000006,14.539999999999797,0.0,436.75430631319455,12519.669324814618
43.2,14.539999999999797,0.0,437.48130642584607,12533.012939392866
43.25,14.539999999999797,0.0,438.20830653849765,12546.356553971113
43.300000000000004,14.539999999999797,0.0,438.93530665114923,12559.70016854936
43.35,14.539999999999797,0.0,439.6623067638008,12573.043783127607
43.400000000000006,14.539999999999797,0.0,440.38930687645234,12586.387397705854
43.45,14.539999999999797,0.0,441.1163069891039,12599.7310122841
43.5,14.539999999999797,0.0,441.8433071017555,12613.074626862348
43.550000000000004,14.539999999999797,0.0,442.5703072144071,12626.418241440595
43.6,14.539999999999797,0.0,443.2973073270586,12639.761856018842
43.650000000000006,14.539999999999797,0.0,444.0243074397102,12653.10547059709
43.7,14.539999999999797,0.0,444.75130755236177,12666.449085175336
43.75,14.539999999999797,0.0,445.47830766501335,12679.792699753583
43.800000000000004,14.539999999999797,0.0,446.20530777766487,12693.13631433183
43.85,14.539999999999797,0.0,446.93230789031645,12706.479928910077
43.900000000000006,14.539999999999797,0.0,447.65930800296803,12719.823543488325
43.95,14.539999999999797,0.0,448.3863081156196,12733.167158066572
44.0,14.539999999999797,0.0,449.11330822827114,12746.510772644819
44.050000000000004,14.539999999999797,0.0,449.8403083409227,12759.854387223066
44.1,14.539999999999797,0.0,450.5673084535743,12773.198001801313
44.150000000000006,14.539999999999797,0.0,451.2943085662259,12786.54161637956
44.2,14.539999999999797,0.0,452.0213086788774,12799.885230957807
44.25,14.539999999999797,0.0,452.748308791529,12813.228845536054
44.300000000000004,14.539999999999797,0.0,453.47530890418057,12826.572460114301
44.35,14.539999999999797,0.0,454.20230901683215,12839.916074692548
44.400000000000006,14.539999999999797,0.0,454.9293091294837,12853.259689270795
44.45,14.539999999999797,0.0,455.65630924213525,12866.603303849042
44.5,14.539999999999797,0.0,456.38330935478683,12879.94691842729
44.550000000000004,14.539999999999797,0.0,457.1103094674384,12893.290533005536
44.6,14.539999999999797,0.0,457.83730958009,12906.634147583783
44.650000000000006,14.539999999999797,0.0,458.5643096927415,12919.97776216203
44.7,14.539999999999797,0.0,459.2913098053931,12933.321376740278
44.75,14.539999999999797,0.0,460.0183099180447,12946.664991318525
44.800000000000004,14.539999999999797,0.0,460.74531003069626,12960.008605896772
44.85,14.539999999999797,0.0,461.4723101433478,12973.352220475019
44.900000000000006,14.539999999999797,0.0,462.19931025599936,12986.695835053266
44.95,14.539999999999797,0.0,462.92631036865095,13000.039449631513
45.0,14.539999999999797,0.0,463.6533104813025,13013.38306420976
45.050000000000004,14.539999999999797,0.0,464.38031059395405,13017.637416302503
45.1,14.539999999999797,0.0,465.10731070660563,13021.360464989484
45.150000000000006,14.539999999999797,0.0,465.8343108192572,13024.921762406171
45.2,14.539999999999797,0.0,466.5613109319088,13028.57393354112
45.25,14.539999999999797,0.0,467.2883110445603,13032.655898033918
45.300000000000004,14.539999999999797,0.0,468.0153111572119,13036.859931885541
45.35,14.539999999999797,0.0,468.7423112698635,13041.078874050916
45.400000000000006,14.539999999999797,0.0,469.46931138251506,13045.254530846418
45.45,14.539999999999797,0.0,470.1963114951666,13049.070952832044
45.5,14.539999999999797,0.0,470.92331160781816,13052.369941889585
45.550000000000004,14.539999999999797,0.0,471.65031172046974,13055.354816376508
45.6,14.539999999999797,0.0,472.3773118331213,13058.338260113538
45.650000000000006,14.539999999999797,0.0,473.10431194577285,13061.246150433362
45.7,14.539999999999797,0.0,473.83131205842443,13063.901933609784
45.75,14.539999999999797,0.0,474.558312171076,13066.243709980787
45.800000000000004,14.539999999999797,0.0,475.2853122837276,13068.372713743986
45.85,14.539999999999797,0.0,476.0123123963792,13070.423033415616
45.900000000000006,14.539999999999797,0.0,476.7393125090307,13072.294800340474
45.95,14.539999999999797,0.0,477.4663126216823,13073.405912935079
46.0,14.539999999999797,0.0,478.19331273433386,13073.74288040334
46.050000000000004,14.539999999999797,0.0,478.92031284698544,13073.670183479131
46.1,14.539999999999797,0.0,479.64731295963696,13073.456344186605
46.150000000000006,14.539999999999797,0.0,480.37431307228854,13073.18973332578
46.2,14.539999999999797,0.0,481.1013131849401,13072.952002107442
46.25,14.539999999999797,0.0,481.8283132975917,13072.716944991887
46.300000000000004,14.539999999999797,0.0,482.55531341024323,13072.470013439
46.35,14.539999999999797,0.0,483.2823135228948,13072.19951397115
46.400000000000006,14.539999999999797,0.0,484.0093136355464,13071.88590341741
46.45,14.539999999999797,0.0,484.736313748198,13071.49536377126
46.5,14.539999999999797,0.0,485.4633138608495,13070.798622428716
46.550000000000004,14.539999999999797,0.0,486.1903139735011,13070.101881086171
46.6,14.539999999999797,0.0,486.91731408615266,13069.405139743627
46.650000000000006,14.539999999999797,0.0,487.64431419880424,13068.708398401082
46.7,14.539999999999797,0.0,488.37131431145576,13068.011657058538
46.75,14.539999999999797,0.0,489.09831442410734,13067.314915715993
46.800000000000004,14.539999999999797,0.0,489.8253145367589,13066.618174373449
46.85,14.539999999999797,0.0,490.5523146494105,13065.921433030904
46.900000000000006,14.539999999999797,0.0,491.27931476206203,13065.22469168836
46.95,14.539999999999797,0.0,492.0063148747136,13064.527950345815
47.0,14.539999999999797,0.0,492.7333149873652,13063.83120900327
47.050000000000004,14.539999999999797,0.0,493.46031510001677,13063.134467660726
47.1,14.539999999999797,0.0,494.1873152126683,13062.437726318181
47.150000000000006,14.539999999999797,0.0,494.9143153253199,13061.740984975637
47.2,14.539999999999797,0.0,495.64131543797146,13061.044243633092
47.25,14.539999999999797,0.0,496.36831555062304,13060.347502290548
47.300000000000004,14.539999999999797,0.0,497.0953156632746,13059.650760948003
47.35,14.539999999999797,0.0,497.82231577592614,13058.954019605459
47.400000000000006,14.539999999999797,0.0,498.5493158885777,13058.257278262914
47.45,14.539999999999797,0.0,499.2763160012293,13057.56053692037
47.5,14.539999999999797,0.0,500.0033161138809,13056.863795577825
47.550000000000004,14.539999999999797,0.0,500.7303162265324,13056.16705423528
47.6,14.539999999999797,0.0,501.457316339184,13055.470312892736
47.650000000000006,14.539999999999797,0.0,502.18431645183557,13054.773571550191
47.7,14.539999999999797,0.0,502.91131656448715,13054.076830207647
47.75,14.539999999999797,0.0,503.6383166771387,13053.380088865102
47.800000000000004,14.539999999999797,0.0,504.36531678979026,13052.683347522558
47.85,14.539999999999797,0.0,505.09231690244184,13051.986606180013
47.900000000000006,14.539999999999797,0.0,505.8193170150934,13051.289864837468
47.95,14.539999999999797,0.0,506.54631712774494,13050.593123494924
48.0,14.539999999999797,0.0,507.2733172403965,13049.89638215238
48.050000000000004,14.539999999999797,0.0,508.0003173530481,13049.199640809835
48.1,14.539999999999797,0.0,508.7273174656997,13048.50289946729
48.150000000000006,14.539999999999797,0.0,509.4543175783512,13047.806158124746
48.2,14.539999999999797,0.0,510.1813176910028,13047.109416782201
48.25,14.539999999999797,0.0,510.90831780365437,13046.412675439657
48.300000000000004,14.539999999999797,0.0,511.63531791630595,13045.715934097112
48.35,14.539999999999797,0.0,512.3623180289576,13045.019192754567
48.400000000000006,14.539999999999797,0.0,513.0893181416092,13044.322451412023
48.45,14.539999999999797,0.0,513.8163182542606,13043.625710069478
48.5,14.539999999999797,0.0,514.5433183669122,13042.928968726934
48.550000000000004,14.539999999999797,0.0,515.2703184795638,13042.23222738439
48.6,14.539999999999797,0.0,515.9973185922154,13041.535486041845
48.650000000000006,14.539999999999797,0.0,516.724318704867,13040.8387446993
48.7,14.539999999999797,0.0,517.4513188175185,13040.142003356756
48.75,14.539999999999797,0.0,518.1783189301701,13039.445262014211
48.800000000000004,14.539999999999797,0.0,518.9053190428217,13038.748520671666
48.85,14.539999999999797,0.0,519.6323191554733,13038.051779329122
48.900000000000006,14.539999999999797,0.0,520.3593192681248,13037.355037986577
48.95,14.539999999999797,0.0,521.0863193807763,13036.658296644033
49.0,14.539999999999797,0.0,521.8133194934279,13035.961555301488
49.050000000000004,14.539999999999797,0.0,522.5403196060795,13035.264813958944
49.1,14.539999999999797,0.0,523.2673197187311,13034.5680726164
49.150000000000006,14.539999999999797,0.0,523.9943198313827,13033.871331273855
49.2,14.539999999999797,0.0,524.7213199440342,13033.17458993131
49.25,14.539999999999797,0.0,525.4483200566858,13032.477848588765
49.300000000000004,14.539999999999797,0.0,526.1753201693373,13031.781107246221
49.35,14.539999999999797,0.0,526.9023202819889,13031.084365903676
49.400000000000006,14.539999999999797,0.0,527.6293203946404,13030.387624561132
49.45,14.539999999999797,0.0,528.356320507292,13029.690883218587
49.5,14.539999999999797,0.0,529.0833206199436,13028.994141876043
49.550000000000004,14.539999999999797,0.0,529.8103207325952,13028.297400533498
49.6,14.539999999999797,0.0,530.5373208452468,13027.600659190954
49.650000000000006,14.539999999999797,0.0,531.2643209578983,13026.903917848409
49.7,14.539999999999797,0.0,531.9913210705498,13026.207176505864
49.75,14.539999999999797,0.0,532.7183211832014,13025.51043516332
49.800000000000004,14.539999999999797,0.0,533.445321295853,13024.813693820775
49.85,14.539999999999797,0.0,534.1723214085046,13024.11695247823
49.900000000000006,14.539999999999797,0.0,534.8993215211561,13023.420211135686
49.95,14.539999999999797,0.0,535.6263216338077,13022.723469793142
50.0,14.539999999999797,0.0,536.3533217464593,13022.026728450597
50.050000000000004,14.539999999999797,0.0,537.0803218591109,13021.329987108053
50.1,14.539999999999797,0.0,537.8073219717623,13020.633245765508
50.150000000000006,14.539999999999797,0.0,538.5343220844139,13019.936504422963
50.2,14.539999999999797,0.0,539.2613221970655,13019.239763080419
50.25,14.539999999999797,0.0,539.9883223097171,13018.543021737874
50.300000000000004,14.539999999999797,0.0,540.7153224223687,13018.252556144536
50.35,14.539999999999797,0.0,541.4423225350203,13018.058224021734
50.400000000000006,14.539999999999797,0.0,542.1693226476718,13017.897983133138
50.45,14.539999999999797,0.0,542.8963227603234,13017.759999334157
50.5,14.539999999999797,0.0,543.623322872975,13017.631798803151
50.550000000000004,14.539999999999797,0.0,544.3503229856265,13017.512975990117
50.6,14.539999999999797,0.0,545.077323098278,13017.399884759725
50.650000000000006,14.539999999999797,0.0,545.8043232109296,13017.287260114492
50.7,14.539999999999797,0.0,546.5313233235812,13017.173029004873
50.75,14.539999999999797,0.0,547.2583234362328,13017.058166086019
50.800000000000004,14.539999999999797,0.0,547.9853235488844,13016.940251647771
50.85,14.539999999999797,0.0,548.712323661536,13016.817215263189
50.900000000000006,14.539999999999797,0.0,549.4393237741875,13016.695095836461
50.95,14.539999999999797,0.0,550.166323886839,13016.58131986791
51.0,14.539999999999797,0.0,550.8933239994906,13016.477169572652
51.050000000000004,14.539999999999797,0.0,551.6203241121422,13016.377370178045
51.1,14.539999999999797,0.0,552.3473242247937,13016.281431018651
51.150000000000006,14.539999999999797,0.0,553.0743243374453,13016.191976606191
51.2,14.539999999999797,0.0,553.8013244500969,13016.110475599111
51.25,14.539999999999797,0.0,554.5283245627485,13016.034547387899
51.300000000000004,14.539999999999797,0.0,555.2553246754001,13015.963834344686
51.35,14.539999999999797,0.0,555.9823247880515,13015.898813068212
51.400000000000006,14.539999999999797,0.0,556.7093249007031,13015.840256988347
51.45,14.539999999999797,0.0,557.4363250133547,13015.784009515584
51.5,14.539999999999797,0.0,558.1633251260063,13015.72823887998
51.550000000000004,14.539999999999797,0.0,558.8903252386579,13015.673640786947
51.6,14.539999999999797,0.0,559.6173253513094,13015.619821130575
51.650000000000006,14.539999999999797,0.0,560.344325463961,13015.565228521169
51.7,14.539999999999797,0.0,561.0713255766126,13015.510278283895
51.75,14.539999999999797,0.0,561.7983256892641,13015.461273490728
51.800000000000004,14.539999999999797,0.0,562.5253258019156,13015.41226869756
51.85,14.539999999999797,0.0,563.2523259145672,13015.363263904394
51.900000000000006,14.539999999999797,0.0,563.9793260272188,13015.314259111226
51.95,14.539999999999797,0.0,564.7063261398704,13015.26525431806
52.0,14.539999999999797,0.0,565.433326252522,13015.216249524892
52.050000000000004,14.539999999999797,0.0,566.1603263651735,13015.167244731725
52.1,14.539999999999797,0.0,566.8873264778251,13015.118239938558
52.150000000000006,14.539999999999797,0.0,567.6143265904767,13015.06923514539
52.2,14.539999999999797,0.0,568.3413267031282,13015.020230352224
52.25,14.539999999999797,0.0,569.0683268157798,13014.971225559057
52.300000000000004,14.539999999999797,0.0,569.7953269284313,13014.92222076589
52.35,14.539999999999797,0.0,570.5223270410829,13014.873215972722
52.400000000000006,14.539999999999797,0.0,571.2493271537345,13014.824211179555
52.45,14.539999999999797,0.0,571.9763272663861,13014.775206386388
52.5,14.539999999999797,0.0,572.7033273790377,13014.726201593221
52.550000000000004,14.539999999999797,0.0,573.4303274916892,13014.677196800054
52.6,14.539999999999797,0.0,574.1573276043407,13014.628192006887
52.650000000000006,14.539999999999797,0.0,574.8843277169923,13014.57918721372
52.7,14.539999999999797,0.0,575.6113278296439,13014.530182420553
52.75,14.539999999999797,0.0,576.3383279422955,13014.481177627385
52.800000000000004,14.539999999999797,0.0,577.065328054947,13014.432172834218
52.85,14.539999999999797,0.0,577.7923281675986,13014.383168041051
52.900000000000006,14.539999999999797,0.0,578.5193282802502,13014.334163247884
52.95,14.539999999999797,0.0,579.2463283929018,13014.285158454717
53.0,14.539999999999797,0.0,579.9733285055532,13014.23615366155
53.050000000000004,14.539999999999797,0.0,580.7003286182048,13014.187148868383
53.1,14.539999999999797,0.0,581.4273287308564,13014.138144075216
53.150000000000006,14.539999999999797,0.0,582.154328843508,13014.089139282049
53.2,14.539999999999797,0.0,582.8813289561596,13014.040134488881
53.25,14.539999999999797,0.0,583.6083290688111,13013.991129695714
53.300000000000004,14.539999999999797,0.0,584.3353291814627,13013.942124902547
53.35,14.539999999999797,0.0,585.0623292941143,13013.89312010938
53.400000000000006,14.539999999999797,0.0,585.7893294067659,13013.844115316213
53.45,14.539999999999797,0.0,586.5163295194174,13013.795110523046
53.5,14.539999999999797,0.0,587.2433296320689,13013.746105729879
53.550000000000004,14.539999999999797,0.0,587.9703297447205,13013.697100936712
53.6,14.539999999999797,0.0,588.6973298573721,13013.648096143545
53.650000000000006,14.539999999999797,0.0,589.4243299700237,13013.599091350377
53.7,14.539999999999797,0.0,590.1513300826753,13013.55008655721
53.75,14.539999999999797,0.0,590.8783301953268,13013.501081764043
53.800000000000004,14.539999999999797,0.0,591.6053303079784,13013.452076970876
53.85,14.539999999999797,0.0,592.3323304206299,13013.403072177709
53.900000000000006,14.539999999999797,0.0,593.0593305332815,13013.354067384542
53.95,14.539999999999797,0.0,593.786330645933,13013.305062591375
54.0,14.539999999999797,0.0,594.5133307585846,13013.256057798208
54.050000000000004,14.539999999999797,0.0,595.2403308712362,13013.20705300504
54.1,14.539999999999797,0.0,595.9673309838878,13013.158048211873
54.150000000000006,14.539999999999797,0.0,596.6943310965394,13013.109043418706
54.2,14.539999999999797,0.0,597.421331209191,13013.06003862554
54.25,14.539999999999797,0.0,598.1483313218424,13013.011033832372
54.300000000000004,14.539999999999797,0.0,598.875331434494,13012.962029039205
54.35,14.539999999999797,0.0,599.6023315471456,13012.913024246038
54.400000000000006,14.539999999999797,0.0,600.3293316597972,13012.86401945287
54.45,14.539999999999797,0.0,601.0563317724487,13012.815014659704
54.5,14.539999999999797,0.0,601.7833318851003,13012.766009866536
54.550000000000004,14.539999999999797,0.0,602.5103319977519,13012.71700507337
54.6,14.539999999999797,0.0,603.2373321104035,13012.668000280202
54.650000000000006,14.539999999999797,0.0,603.964332223055,13012.618995487035
54.7,14.539999999999797,0.0,604.6913323357065,13012.569990693868
54.75,14.539999999999797,0.0,605.4183324483581,13012.5209859007
54.800000000000004,14.539999999999797,0.0,606.1453325610097,13012.471981107534
54.85,14.539999999999797,0.0,606.8723326736613,13012.422976314367
54.900000000000006,14.539999999999797,0.0,607.5993327863129,13012.3739715212
54.95,14.539999999999797,0.0,608.3263328989644,13012.324966728032
55.0,14.539999999999797,0.0,609.053333011616,13012.275961934865
55.050000000000004,14.539999999999797,0.0,609.7803331242676,13012.226957141698
55.1,14.539999999999797,0.0,610.5073332369191,13012.177952348531
55.150000000000006,14.539999999999797,0.0,611.2343333495706,13012.128947555364
55.2,14.539999999999797,0.0,611.9613334622222,13012.079942762197
55.25,14.539999999999797,0.0,612.6883335748738,13012.03093796903
55.300000000000004,14.539999999999797,0.0,613.4153336875254,13011.981933175863
55.35,14.539999999999797,0.0,614.142333800177,13011.932928382696
55.400000000000006,14.539999999999797,0.0,614.8693339128286,13011.883923589528
55.45,14.539999999999797,0.0,615.5963340254801,13011.834918796361
55.5,14.539999999999797,0.0,616.3233341381316,13011.785914003194
55.550000000000004,14.539999999999797,0.0,617.0503342507832,13011.736909210027
55.6,14.539999999999797,0.0,617.7773343634348,13011.68790441686
55.650000000000006,14.539999999999797,0.0,618.5043344760863,13011.638899623693
55.7,14.539999999999797,0.0,619.2313345887379,13011.589894830526
55.75,14.539999999999797,0.0,619.9583347013895,13011.540890037359
55.800000000000004,14.539999999999797,0.0,620.6853348140411,13011.491885244192
55.85,14.539999999999797,0.0,621.4123349266927,13011.442880451024
55.900000000000006,14.539999999999797,0.0,622.1393350393441,13011.393875657857
55.95,14.539999999999797,0.0,622.8663351519957,13011.34487086469
56.0,14.539999999999797,0.0,623.5933352646473,13011.295866071523
56.050000000000004,14.539999999999797,0.0,624.3203353772989,13011.246861278356
56.1,14.539999999999797,0.0,625.0473354899505,13011.197856485189
56.150000000000006,14.539999999999797,0.0,625.774335602602,13011.148851692022
56.2,14.539999999999797,0.0,626.5013357152536,13011.099846898855
56.25,14.539999999999797,0.0,627.2283358279052,13011.050842105687
56.300000000000004,14.539999999999797,0.0,627.9553359405567,13011.00183731252
56.35,14.539999999999797,0.0,628.6823360532082,13010.952832519353
56.400000000000006,14.539999999999797,0.0,629.4093361658598,13010.903827726186
56.45,14.539999999999797,0.0,630.1363362785114,13010.854822933019
56.5,14.539999999999797,0.0,630.863336391163,13010.805818139852
56.550000000000004,14.539999999999797,0.0,631.5903365038146,13010.756813346685
56.6,14.539999999999797,0.0,632.3173366164662,13010.707808553518
56.650000000000006,14.539999999999797,0.0,633.0443367291177,13010.65880376035
56.7,14.539999999999797,0.0,633.7713368417693,13010.609798967183
56.75,14.539999999999797,0.0,634.4983369544208,13010.560794174016
56.800000000000004,14.539999999999797,0.0,635.2253370670724,13010.51178938085
56.85,14.539999999999797,0.0,635.9523371797239,13010.462784587682
56.900000000000006,14.539999999999797,0.0,636.6793372923755,13010.413779794515
56.95,14.539999999999797,0.0,637.4063374050271,13010.364775001348
57.0,14.539999999999797,0.0,638.1333375176787,13010.31577020818
57.050000000000004,14.539999999999797,0.0,638.8603376303303,13010.266765415014
57.1,14.539999999999797,0.0,639.5873377429818,13010.217760621847
57.150000000000006,14.539999999999797,0.0,640.3143378556333,13010.16875582868
57.2,14.539999999999797,0.0,641.0413379682849,13010.119751035512
57.25,14.539999999999797,0.0,641.7683380809365,13010.070746242345
57.300000000000004,14.539999999999797,0.0,642.495338193588,13010.021741449178
57.35,14.539999999999797,0.0,643.2223383062396,13009.972736656011
57.400000000000006,14.539999999999797,0.0,643.9493384188912,13009.923731862844
57.45,14.539999999999797,0.0,644.6763385315428,13009.874727069677
57.5,14.539999999999797,0.0,645.4033386441944,13009.82572227651
57.550000000000004,14.539999999999797,0.0,646.1303387568458,13009.776717483343
57.6,14.539999999999797,0.0,646.8573388694974,13009.727712690175
57.650000000000006,14.539999999999797,0.0,647.584338982149,13009.678707897008
57.7,14.539999999999797,0.0,648.3113390948006,13009.629703103841
57.75,14.539999999999797,0.0,649.0383392074522,13009.580698310674
57.800000000000004,14.539999999999797,0.0,649.7653393201037,13009.531693517507
57.85,14.539999999999797,0.0,650.4923394327553,13009.48268872434
57.900000000000006,14.539999999999797,0.0,651.2193395454069,13009.433683931173
57.95,14.539999999999797,0.0,651.9463396580584,13009.384679138006
58.0,14.539999999999797,0.0,652.67333977071,13009.335674344838
58.050000000000004,14.539999999999797,0.0,653.4003398833615,13009.286669551671
58.1,14.539999999999797,0.0,654.1273399960131,13009.237664758504
58.150000000000006,14.539999999999797,0.0,654.8543401086647,13009.188659965337
58.2,14.539999999999797,0.0,655.5813402213163,13009.13965517217
58.25,14.539999999999797,0.0,656.3083403339679,13009.090650379003
58.300000000000004,14.539999999999797,0.0,657.0353404466194,13009.041645585836
58.35,14.539999999999797,0.0,657.762340559271,13008.992640792669
58.400000000000006,14.539999999999797,0.0,658.4893406719225,13008.943635999502
58.45,14.539999999999797,0.0,659.2163407845741,13008.894631206334
58.5,14.539999999999797,0.0,659.9433408972257,13008.845626413167
58.550000000000004,14.539999999999797,0.0,660.6703410098772,13008.79662162
58.6,14.539999999999797,0.0,661.3973411225288,13008.747616826833
58.650000000000006,14.539999999999797,0.0,662.1243412351804,13008.698612033666
58.7,14.539999999999797,0.0,662.851341347832,13008.649607240499
58.75,14.539999999999797,0.0,663.5783414604836,13008.600602447332
58.800000000000004,14.539999999999797,0.0,664.305341573135,13008.551597654165
58.85,14.539999999999797,0.0,665.0323416857866,13008.502592860998
58.900000000000006,14.539999999999797,0.0,665.7593417984382,13008.45358806783
58.95,14.539999999999797,0.0,666.4863419110898,13008.404583274663
59.0,14.539999999999797,0.0,667.2133420237413,13008.355578481496
59.050000000000004,14.539999999999797,0.0,667.9403421363929,13008.306573688329
59.1,14.539999999999797,0.0,668.6673422490445,13008.257568895162
59.150000000000006,14.539999999999797,0.0,669.3943423616961,13008.208564101995
59.2,14.539999999999797,0.0,670.1213424743476,13008.159559308828
59.25,14.539999999999797,0.0,670.8483425869991,13008.11055451566
59.300000000000004,14.539999999999797,0.0,671.5753426996507,13008.083343260849
59.35,14.539999999999797,0.0,672.3023428123023,13008.056331800806
59.400000000000006,14.539999999999797,0.0,673.0293429249539,13008.064961102566
59.45,14.539999999999797,0.0,673.7563430376055,13008.10906093526
59.5,14.539999999999797,0.0,674.483343150257,13008.153118567865
59.550000000000004,14.539999999999797,0.0,675.2103432629086,13008.232294348747
59.6,14.539999999999797,0.0,675.9373433755602,13008.345672750562
59.650000000000006,14.539999999999797,0.0,676.6643434882117,13008.493301218605
59.7,14.539999999999797,0.0,677.3913436008633,13008.639890420061
59.75,14.539999999999797,0.0,678.1183437135148,13008.820235446034
59.800000000000004,14.539999999999797,0.0,678.8453438261664,13009.030871359311
59.85,14.539999999999797,0.0,679.572343938818,13009.258100774105
59.900000000000006,14.539999999999797,0.0,680.2993440514696,13009.481017196802
59.95,14.539999999999797,0.0,681.0263441641212,13009.72020454068
60.0,14.539999999999797,0.0,681.7533442767727,13009.973233558834
60.050000000000004,14.539999999999797,0.0,682.4803443894242,13010.21756888192
60.1,14.539999999999797,0.0,683.2073445020758,13010.471763096919
60.150000000000006,14.539999999999797,0.0,683.9343446147274,13010.735146486042
60.2,14.539999999999797,0.0,684.661344727379,13011.008687505559
60.25,14.539999999999797,0.0,685.3883448400305,13011.273758705052
60.300000000000004,14.539999999999797,0.0,686.1153449526821,13011.545932200846
60.35,14.539999999999797,0.0,686.8423450653337,13011.82391457215
60.400000000000006,14.539999999999797,0.0,687.5693451779853,13012.100973593548
60.45,14.539999999999797,0.0,688.2963452906367,13012.364466836212
60.5,14.539999999999797,0.0,689.0233454032883,13012.615770259012
60.550000000000004,14.539999999999797,0.0,689.7503455159399,13012.859109354426
60.6,14.539999999999797,0.0,690.4773456285915,13013.091881261576
60.650000000000006,14.539999999999797,0.0,691.2043457412431,13013.321327513217
60.7,14.539999999999797,0.0,691.9313458538946,13013.548427771288
60.75,14.539999999999797,0.0,692.6583459665462,13013.775316597326
60.800000000000004,14.539999999999797,0.0,693.3853460791978,13013.991787485133
60.85,14.539999999999797,0.0,694.1123461918493,13014.203749207602
60.900000000000006,14.539999999999797,0.0,694.8393463045009,13014.409535695702
60.95,14.539999999999797,0.0,695.5663464171524,13014.610553142213
61.0,14.539999999999797,0.0,696.293346529804,13015.129873220101
61.050000000000004,14.539999999999797,0.0,697.0203466424556,13015.581966218071
61.1,14.539999999999797,0.0,697.7473467551072,13015.93256041905
61.150000000000006,14.539999999999797,0.0,698.4743468677588,13016.214278353551
61.2,14.539999999999797,0.0,699.2013469804103,13016.364041424928
61.25,14.539999999999797,0.0,699.9283470930619,13016.305144177402
61.300000000000004,14.539999999999797,0.0,700.6553472057134,13016.077425401869
61.35,14.539999999999797,0.0,701.382347318365,13015.758945441643
61.400000000000006,14.539999999999797,0.0,702.1093474310165,13015.397867040718
61.45,14.539999999999797,0.0,702.8363475436681,13015.0313625166
61.5,14.539999999999797,0.0,703.5633476563197,13014.640324527523
61.550000000000004,14.539999999999797,0.0,704.2903477689713,13014.227006799067
61.6,14.539999999999797,0.0,705.0173478816229,13013.797939899778
61.650000000000006,14.539999999999797,0.0,705.7443479942744,13013.357511685188
61.7,14.539999999999797,0.0,706.4713481069259,13012.902616231218
61.75,14.539999999999797,0.0,707.1983482195775,13012.450103816196
61.800000000000004,14.539999999999797,0.0,707.9253483322291,13012.016488264582
61.85,14.539999999999797,0.0,708.6523484448807,13011.599836001702
61.900000000000006,14.539999999999797,0.0,709.3793485575322,13011.152637550467
61.95,14.539999999999797,0.0,710.1063486701838,13010.666866117825
62.0,14.539999999999797,0.0,710.8333487828354,13010.158742273383
62.050000000000004,14.539999999999797,0.0,711.560348895487,13009.645900885766
62.1,14.539999999999797,0.0,712.2873490081384,13009.11994790681
62.150000000000006,14.539999999999797,0.0,713.01434912079,13008.594886897006
62.2,14.539999999999797,0.0,713.7413492334416,13008.06414131827
62.25,14.539999999999797,0.0,714.4683493460932,13007.505677672363
62.300000000000004,14.539999999999797,0.0,715.1953494587448,13006.956145470098
62.35,14.539999999999797,0.0,715.9223495713964,13006.43744250429
62.400000000000006,14.539999999999797,0.0,716.6493496840479,13005.947507407904
62.45,14.539999999999797,0.0,717.3763497966995,13005.465158790705
62.5,14.539999999999797,0.0,718.103349909351,13005.075376470508
62.550000000000004,14.539999999999797,0.0,718.8303500220026,13004.936586255268
62.6,14.539999999999797,0.0,719.5573501346541,13004.629348352351
62.650000000000006,14.539999999999797,0.0,720.2843502473057,13004.383747851016
62.7,14.539999999999797,0.0,721.0113503599573,13004.085330765518
62.75,14.539999999999797,0.0,721.7383504726089,13003.801094147098
62.800000000000004,14.539999999999797,0.0,722.4653505852605,13003.53529634475
62.85,14.539999999999797,0.0,723.192350697912,13003.2332162867
62.900000000000006,14.539999999999797,0.0,723.9193508105636,13002.933847331562
62.95,14.539999999999797,0.0,724.6463509232151,13002.638840766414
63.0,14.539999999999797,0.0,725.3733510358667,13002.32832936423
63.050000000000004,14.539999999999797,0.0,726.1003511485183,13002.027951512164
63.1,14.539999999999797,0.0,726.8273512611698,13001.75451381269
63.150000000000006,14.539999999999797,0.0,727.5543513738214,13001.484924949587
63.2,14.539999999999797,0.0,728.281351486473,13001.194331409666
63.25,14.539999999999797,0.0,729.0083515991246,13000.898696554139
63.300000000000004,14.539999999999797,0.0,729.7353517117762,13000.592409440163
63.35,14.539999999999797,0.0,730.4623518244276,13000.262983803086
63.400000000000006,14.539999999999797,0.0,731.1893519370792,12999.932417378357
63.45,14.539999999999797,0.0,731.9163520497308,12999.583538783072
63.5,14.539999999999797,0.0,732.6433521623824,12999.231091822161
63.550000000000004,14.539999999999797,0.0,733.370352275034,12998.901686586409
63.6,14.539999999999797,0.0,734.0973523876855,12998.616743838304
63.650000000000006,14.539999999999797,0.0,734.8243525003371,12998.367658574489
63.7,14.539999999999797,0.0,735.5513526129887,12998.140808511027
63.75,14.539999999999797,0.0,736.2783527256402,12997.962159531702
63.800000000000004,14.539999999999797,0.0,737.0053528382917,12997.806460054795
63.85,14.539999999999797,0.0,737.7323529509433,12997.63930818669
63.900000000000006,14.539999999999797,0.0,738.4593530635949,12997.454022201458
63.95,14.539999999999797,0.0,739.1863531762465,12997.567643303024
64.0,14.539999999999797,0.0,739.9133532888981,12997.475902845148
64.05,14.539999999999797,0.0,740.6403534015496,12997.192257649273
64.10000000000001,14.539999999999797,0.0,741.3673535142012,12996.896660530027
64.15,14.539999999999797,0.0,742.0943536268528,12996.597043957205
64.2,14.539999999999797,0.0,742.8213537395043,12996.296491636707
64.25,14.539999999999797,0.0,743.5483538521559,12995.995166646844
64.3,14.539999999999797,0.0,744.2753539648074,12995.681849202452
64.35000000000001,14.539999999999797,0.0,745.002354077459,12995.364405016124
64.4,14.539999999999797,0.0,745.7293541901106,12995.045727058896
64.45,14.539999999999797,0.0,746.4563543027622,12994.7172043217
64.5,14.539999999999797,0.0,747.1833544154138,12994.38280771122
64.55,14.539999999999797,0.0,747.9103545280653,12994.046205058876
64.60000000000001,14.539999999999797,0.0,748.6373546407168,12993.707391119458
64.65,14.539999999999797,0.0,749.3643547533684,12993.357758221759
64.7,14.539999999999797,0.0,750.09135486602,12993.004045789
64.75,14.539999999999797,0.0,750.8183549786716,12992.648854967883
64.8,14.539999999999797,0.0,751.5453550913231,12992.291461919598
64.85000000000001,14.539999999999797,0.0,752.2723552039747,12991.923713875585
64.9,14.539999999999797,0.0,752.9993553166263,12991.551471925024
64.95,14.539999999999797,0.0,753.7263554292779,12991.17875723567
65.0,14.539999999999797,0.0,754.4533555419293,12990.79777466683
65.05,14.539999999999797,0.0,755.1803556545809,12990.41528652991
65.10000000000001,14.539999999999797,0.0,755.9073557672325,12990.033249049353
65.15,14.539999999999797,0.0,756.6343558798841,12989.6502190775
65.2,14.539999999999797,0.0,757.3613559925357,12989.25943859448
65.25,14.539999999999797,0.0,758.0883561051872,12988.867591233564
65.3,14.539999999999797,0.0,758.8153562178388,12988.475922493413
65.35000000000001,14.539999999999797,0.0,759.5423563304904,12988.082675705937
65.4,14.539999999999797,0.0,760.2693564431419,12987.681709878543
65.45,14.539999999999797,0.0,760.9963565557935,12987.280149242042
65.5,14.539999999999797,0.0,761.723356668445,12986.878118727771
65.55,14.539999999999797,0.0,762.4503567810966,12986.468619036254
65.60000000000001,14.539999999999797,0.0,763.1773568937482,12986.058876441453
65.65,14.539999999999797,0.0,763.9043570063998,12985.65129515632
65.7,14.539999999999797,0.0,764.6313571190514,12985.244533361092
65.75,14.539999999999797,0.0,765.3583572317029,12984.831991345833
65.8,14.539999999999797,0.0,766.0853573443545,12984.420896338179
65.85000000000001,14.539999999999797,0.0,766.812357457006,12984.01089832982
65.9,14.539999999999797,0.0,767.5393575696576,12983.600888197525
65.95,14.539999999999797,0.0,768.2663576823091,12983.278149755599
66.0,14.539999999999797,0.0,768.9933577949607,12982.851877842691
66.05,14.539999999999797,0.0,769.7203579076123,12982.501416352383
66.10000000000001,14.539999999999797,0.0,770.4473580202639,12982.100429196791
66.15,14.539999999999797,0.0,771.1743581329155,12981.689498069265
66.2,14.539999999999797,0.0,771.901358245567,12981.273204421223
66.25,14.539999999999797,0.0,772.6283583582185,12980.855588017066
66.3,14.539999999999797,0.0,773.3553584708701,12980.425438425043
66.35000000000001,14.539999999999797,0.0,774.0823585835217,12979.980345700322
66.4,14.539999999999797,0.0,774.8093586961733,12979.524486936405
66.45,14.539999999999797,0.0,775.5363588088248,12979.064276546747
66.5,14.539999999999797,0.0,776.2633589214764,12978.596007609116
66.55,14.539999999999797,0.0,776.990359034128,12978.121995634914
66.60000000000001,14.539999999999797,0.0,777.7173591467796,12977.647792916014
66.65,14.539999999999797,0.0,778.444359259431,12977.173911585358
66.7,14.539999999999797,0.0,779.1713593720826,12976.69948569683
66.75,14.539999999999797,0.0,779.8983594847342,12976.226042083013
66.8,14.539999999999797,0.0,780.6253595973858,12975.753282243844
66.85000000000001,14.539999999999797,0.0,781.3523597100374,12975.28091913319
66.9,14.539999999999797,0.0,782.079359822689,12974.809461049626
66.95,14.539999999999797,0.0,782.8063599353405,12974.33874586852
67.0,14.539999999999797,0.0,783.5333600479921,12973.86831010415
67.05,14.539999999999797,0.0,784.2603601606436,12973.397704585752
67.10000000000001,14.539999999999797,0.0,784.9873602732952,12972.926438161217
67.15,14.539999999999797,0.0,785.7143603859467,12972.454829357766
67.2,14.539999999999797,0.0,786.4413604985983,12971.982758022272
67.25,14.539999999999797,0.0,787.1683606112499,12971.51100234314
67.3,14.539999999999797,0.0,787.8953607239015,12971.039119815488
67.35000000000001,14.539999999999797,0.0,788.6223608365531,12970.557978054063
67.4,14.539999999999797,0.0,789.3493609492047,12970.075088207615
67.45,14.539999999999797,0.0,790.0763610618562,12969.58765123219
67.5,14.539999999999797,0.0,790.8033611745077,12969.095443967999
67.55,14.539999999999797,0.0,791.5303612871593,12968.60311271631
67.60000000000001,14.539999999999797,0.0,792.2573613998109,12968.111060891195
67.65,14.539999999999797,0.0,792.9843615124624,12967.618891754304
67.7,14.539999999999797,0.0,793.711361625114,12967.126548085176
67.75,14.539999999999797,0.0,794.4383617377656,12966.634493379366
67.8,14.539999999999797,0.0,795.1653618504172,12966.14243866372
67.85000000000001,14.539999999999797,0.0,795.8923619630688,12965.650204647467
67.9,14.539999999999797,0.0,796.6193620757202,12965.157776071817
67.95,14.539999999999797,0.0,797.3463621883718,12964.665610710279
68.0,14.539999999999797,0.0,798.0733623010234,12964.173326129614
68.05,14.539999999999797,0.0,798.800362413675,12963.680891812246
68.10000000000001,14.539999999999797,0.0,799.5273625263266,12963.188370700678
68.15,14.539999999999797,0.0,800.2543626389781,12962.696188143493
68.2,14.539999999999797,0.0,800.9813627516297,12962.203862525323
68.25,14.539999999999797,0.0,801.7083628642813,12961.711402429239
68.3,14.539999999999797,0.0,802.4353629769328,12961.21929042428
68.35000000000001,14.539999999999797,0.0,803.1623630895843,12960.72715742865
68.4,14.539999999999797,0.0,803.8893632022359,12960.234885186734
68.45,14.539999999999797,0.0,804.6163633148875,12959.742448902998
68.5,14.539999999999797,0.0,805.3433634275391,12959.250269157654
68.55,14.539999999999797,0.0,806.0703635401907,12958.75793586091
68.60000000000001,14.539999999999797,0.0,806.7973636528423,12958.26542421723
68.65,14.539999999999797,0.0,807.5243637654938,12957.772798122798
68.7,14.539999999999797,0.0,808.2513638781454,12957.280501046005
68.75,14.539999999999797,0.0,808.9783639907969,12956.788029436975
68.8,14.539999999999797,0.0,809.7053641034485,12956.295395693476
68.85000000000001,14.539999999999797,0.0,810.4323642161,12955.803099550685
68.9,14.539999999999797,0.0,811.1593643287516,12955.31075094597
68.95,14.539999999999797,0.0,811.8863644414032,12954.818237345762
69.0,14.539999999999797,0.0,812.6133645540548,12954.325526325134
69.05,14.539999999999797,0.0,813.3403646667064,12953.833064213502
69.10000000000001,14.539999999999797,0.0,814.067364779358,12953.340579203852
69.15,14.539999999999797,0.0,814.7943648920094,12952.84801598307
69.2,14.539999999999797,0.0,815.521365004661,12952.355334496839
69.25,14.539999999999797,0.0,816.2483651173126,12951.863126033068
69.3,14.539999999999797,0.0,816.9753652299642,12951.370914698437
69.35000000000001,14.539999999999797,0.0,817.7023653426157,12950.878639457791
69.4,14.539999999999797,0.0,818.4293654552673,12950.386731381757
69.45,14.539999999999797,0.0,819.1563655679189,12949.894921524341
69.5,14.539999999999797,0.0,819.8833656805705,12949.403048714583
69.55,14.539999999999797,0.0,820.610365793222,12948.910991835846
69.60000000000001,14.539999999999797,0.0,821.3373659058735,12948.419302121722
69.65,14.539999999999797,0.0,822.0643660185251,12947.927604768365
69.7,14.539999999999797,0.0,822.7913661311767,12947.435797732627
69.75,14.539999999999797,0.0,823.5183662438283,12946.943843821207
69.8,14.539999999999797,0.0,824.2453663564798,12946.45235434918
69.85000000000001,14.539999999999797,0.0,824.9723664691314,12945.960837210761
69.9,14.539999999999797,0.0,825.699366581783,12945.469226602423
69.95,14.539999999999797,0.0,826.4263666944345,12944.97797743665
70.0,14.539999999999797,0.0,827.1533668070861,12944.486800740291
70.05,14.539999999999797,0.0,827.8803669197376,12943.99553248136
70.10000000000001,14.539999999999797,0.0,828.6073670323892,12943.504048682198
70.15,14.539999999999797,0.0,829.3343671450408,12943.012926325602
70.2,14.539999999999797,0.0,830.0613672576924,12942.521767719545
70.25,14.539999999999797,0.0,830.788367370344,12942.030466052505
70.3,14.539999999999797,0.0,831.5153674829955,12941.538982223834
70.35000000000001,14.539999999999797,0.0,832.2423675956471,12941.047959973532
70.4,14.539999999999797,0.0,832.9693677082986,12940.556884307633
70.45,14.539999999999797,0.0,833.6963678209502,12940.065677978515
70.5,14.539999999999797,0.0,834.4233679336018,12939.574827369917
70.55,14.539999999999797,0.0,835.1503680462533,12939.084022527852
70.60000000000001,14.539999999999797,0.0,835.8773681589049,12938.593090837265
70.65,14.539999999999797,0.0,836.6043682715565,12938.101910227846
70.7,14.539999999999797,0.0,837.3313683842081,12937.611084385273
70.75,14.539999999999797,0.0,838.0583684968597,12937.120195590358
70.8,14.539999999999797,0.0,838.7853686095111,12936.629135124229
70.85000000000001,14.539999999999797,0.0,839.5123687221627,12936.137864839915
70.9,14.539999999999797,0.0,840.2393688348143,12935.647046597227
70.95,14.539999999999797,0.0,840.9663689474659,12935.156144421362
71.0,14.539999999999797,0.0,841.6933690601174,12934.665086786748
71.05,14.539999999999797,0.0,842.420369172769,12934.17437724326
71.10000000000001,14.539999999999797,0.0,843.1473692854206,12933.683683902398
71.15,14.539999999999797,0.0,843.8743693980722,12933.192903767338
71.2,14.539999999999797,0.0,844.6013695107237,12932.702148417973
71.25,14.539999999999797,0.0,845.3283696233752,12932.21174688178
71.3,14.539999999999797,0.0,846.0553697360268,12931.721615225582
71.35000000000001,14.539999999999797,0.0,846.7823698486784,12931.23159895414
71.4,14.539999999999797,0.0,847.50936996133,12930.741649430065
71.45,14.539999999999797,0.0,848.2363700739816,12930.252149086593
71.5,14.539999999999797,0.0,848.9633701866331,12929.762892873909
71.55,14.539999999999797,0.0,849.6903702992847,12929.273769212119
71.60000000000001,14.539999999999797,0.0,850.4173704119362,12928.784989826758
71.65,14.539999999999797,0.0,851.1443705245878,12928.29654421757
71.7,14.539999999999797,0.0,851.8713706372394,12927.808229251928
71.75,14.539999999999797,0.0,852.5983707498909,12927.319903786032
71.8,14.539999999999797,0.0,853.3253708625425,12926.83192831861
71.85000000000001,14.539999999999797,0.0,854.0523709751941,12926.344190306258
71.9,14.539999999999797,0.0,854.7793710878457,12925.856535253733
71.95,14.539999999999797,0.0,855.5063712004973,12925.3689126163
72.0,14.539999999999797,0.0,856.2333713131488,12924.881731530077
72.05,14.539999999999797,0.0,856.9603714258003,12924.394764057062
72.10000000000001,14.539999999999797,0.0,857.6873715384519,12923.90789575634
72.15,14.539999999999797,0.0,858.4143716511035,12923.421361241628
72.2,14.539999999999797,0.0,859.141371763755,12922.93512712449
72.25,14.539999999999797,0.0,859.8683718764066,12922.448992179645
72.3,14.539999999999797,0.0,860.5953719890582,12921.962821939014
72.35000000000001,14.539999999999797,0.0,861.3223721017098,12921.476998835835
72.4,14.539999999999797,0.0,862.0493722143614,12920.991389345865
72.45,14.539999999999797,0.0,862.7763723270128,12920.505844695914
72.5,14.539999999999797,0.0,863.5033724396644,12920.020291453056
72.55,14.539999999999797,0.0,864.230372552316,12919.5351912055
72.60000000000001,14.539999999999797,0.0,864.9573726649676,12919.050283590319
72.65,14.539999999999797,0.0,865.6843727776192,12918.56544844455
72.7,14.539999999999797,0.0,866.4113728902707,12918.080948038465
72.75,14.539999999999797,0.0,867.1383730029223,12917.59672704912
72.8,14.539999999999797,0.0,867.8653731155739,12917.112577575512
72.85000000000001,14.539999999999797,0.0,868.5923732282254,12916.628358473843
72.9,14.539999999999797,0.0,869.319373340877,12916.144478880231
72.95,14.539999999999797,0.0,870.0463734535285,12915.660592601062
73.0,14.539999999999797,0.0,870.7733735661801,12915.176719663497
73.05,14.539999999999797,0.0,871.5003736788317,12914.692861974885
73.10000000000001,14.539999999999797,0.0,872.2273737914833,12914.20916068886
73.15,14.539999999999797,0.0,872.9543739041349,12913.725310619808
73.2,14.539999999999797,0.0,873.6813740167864,12913.241494873193
73.25,14.539999999999797,0.0,874.408374129438,12912.757868907767
73.3,14.539999999999797,0.0,875.1353742420895,12912.274234349437
73.35000000000001,14.539999999999797,0.0,875.8623743547411,12911.79065032601
73.4,14.539999999999797,0.0,876.5893744673926,12911.307035775166
73.45,14.539999999999797,0.0,877.3163745800442,12910.823511823382
73.5,14.539999999999797,0.0,878.0433746926958,12910.339886772286
73.55,14.539999999999797,0.0,878.7703748053474,12909.856306534046
73.60000000000001,14.539999999999797,0.0,879.497374917999,12909.372708166158
73.65,14.539999999999797,0.0,880.2243750306505,12908.889321513969
73.7,14.539999999999797,0.0,880.951375143302,12908.405816834746
73.75,14.539999999999797,0.0,881.6783752559536,12907.922367935635
73.8,14.539999999999797,0.0,882.4053753686052,12907.43908402218
73.85000000000001,14.539999999999797,0.0,883.1323754812568,12906.95580820512
73.9,14.539999999999797,0.0,883.8593755939083,12906.47258864501
73.95,14.539999999999797,0.0,884.5863757065599,12905.98934094167
74.0,14.539999999999797,0.0,885.3133758192115,12905.506150935627
74.05,14.539999999999797,0.0,886.0403759318631,12905.022820729624
74.10000000000001,14.539999999999797,0.0,886.7673760445145,12904.53970891504
74.15,14.539999999999797,0.0,887.4943761571661,12904.056733952719
74.2,14.539999999999797,0.0,888.2213762698177,12903.574110419384
74.25,14.539999999999797,0.0,888.9483763824693,12903.091777756716
74.3,14.539999999999797,0.0,889.6753764951209,12902.60973167318
74.35000000000001,14.539999999999797,0.0,890.4023766077725,12902.127928299757
74.4,14.539999999999797,0.0,891.129376720424,12902.042548266178
74.45,14.539999999999797,0.0,891.8563768330756,12901.776765953698
74.5,14.539999999999797,0.0,892.5833769457271,12901.386862928939
74.55,14.539999999999797,0.0,893.3103770583787,12900.971476295934
74.60000000000001,14.539999999999797,0.0,894.0373771710302,12900.480562948604
74.65,14.539999999999797,0.0,894.7643772836818,12899.928695745759
74.7,14.539999999999797,0.0,895.4913773963334,12899.305926672187
74.75,14.539999999999797,0.0,896.218377508985,12898.595332777142
74.8,14.539999999999797,0.0,896.9453776216366,12897.888962705645
74.85000000000001,14.539999999999797,0.0,897.6723777342881,12897.272628072686
74.9,14.539999999999797,0.0,898.3993778469397,12896.700020360808
74.95,14.539999999999797,0.0,899.1263779595912,12896.142398687138
75.0,14.539999999999797,0.0,899.8533780722428,12895.587655202555
75.05,14.539999999999797,0.0,900.5803781848944,12895.03183311232
75.10000000000001,14.539999999999797,0.0,901.3073782975459,12894.477590306753
75.15,14.539999999999797,0.0,902.0343784101975,12893.93139269772
75.2,14.539999999999797,0.0,902.7613785228491,12893.396987271608
75.25,14.539999999999797,0.0,903.4883786355007,12892.867848988746
75.3,14.539999999999797,0.0,904.2153787481523,12892.316590230115
75.35000000000001,14.539999999999797,0.0,904.9423788608037,12891.708552563709
75.4,14.539999999999797,0.0,905.6693789734553,12891.058865078881
75.45,14.539999999999797,0.0,906.3963790861069,12890.395621113646
75.5,14.539999999999797,0.0,907.1233791987585,12889.728475666783
75.55,14.539999999999797,0.0,907.85037931141,12889.058626553233
75.60000000000001,14.539999999999797,0.0,908.5773794240616,12888.381204311936
75.65,14.539999999999797,0.0,909.3043795367132,12887.69313525057
75.7,14.539999999999797,0.0,910.0313796493648,12887.006096157467
75.75,14.539999999999797,0.0,910.7583797620163,12886.343272762606
75.8,14.539999999999797,0.0,911.4853798746678,12885.728060604317
75.85000000000001,14.539999999999797,0.0,912.2123799873194,12885.229103967802
75.9,14.539999999999797,0.0,912.939380099971,12884.730147331287
75.95,14.539999999999797,0.0,913.6663802126226,12884.231190694773
76.0,14.539999999999797,0.0,914.3933803252742,12883.732234058258
76.05,14.539999999999797,0.0,915.1203804379257,12883.233277421743
76.10000000000001,14.539999999999797,0.0,915.8473805505773,12882.734320785228
76.15,14.539999999999797,0.0,916.5743806632288,12882.235364148713
76.2,14.539999999999797,0.0,917.3013807758804,12881.736407512199
76.25,14.539999999999797,0.0,918.028380888532,12881.237450875684
76.3,14.539999999999797,0.0,918.7553810011835,12880.738494239169
76.35000000000001,14.539999999999797,0.0,919.4823811138351,12880.239537602654
76.4,14.539999999999797,0.0,920.2093812264867,12879.74058096614
76.45,14.539999999999797,0.0,920.9363813391383,12879.241624329625
76.5,14.539999999999797,0.0,921.6633814517899,12878.742597081886
76.55,14.539999999999797,0.0,922.3903815644414,12878.243639452372
76.60000000000001,14.539999999999797,0.0,923.1173816770929,12877.744730897759
76.65,14.539999999999797,0.0,923.8443817897445,12877.24596010976
76.7,14.539999999999797,0.0,924.5713819023961,12876.747362851162
76.75,14.539999999999797,0.0,925.2983820150477,12876.249098901737
76.80000000000001,14.539999999999797,0.0,926.0253821276992,12875.751067132684
76.85000000000001,14.539999999999797,0.0,926.7523822403508,12875.253210800378
76.9,14.539999999999797,0.0,927.4793823530024,12874.755475545386
76.95,14.539999999999797,0.0,928.206382465654,12874.258025439014
77.0,14.539999999999797,0.0,928.9333825783054,12873.760744570509
77.05000000000001,14.539999999999797,0.0,929.660382690957,12873.263557838018
77.10000000000001,14.539999999999797,0.0,930.3873828036086,12872.766532276486
77.15,14.539999999999797,0.0,931.1143829162602,12872.269613487153
77.2,14.539999999999797,0.0,931.8413830289118,12871.772770952439
77.25,14.539999999999797,0.0,932.5683831415633,12871.275960803327
77.30000000000001,14.539999999999797,0.0,933.2953832542149,12870.779369045633
77.35000000000001,14.539999999999797,0.0,934.0223833668665,12870.282907901996
77.4,14.539999999999797,0.0,934.749383479518,12869.786502985819
77.45,14.539999999999797,0.0,935.4763835921696,12869.29013617729
77.5,14.539999999999797,0.0,936.2033837048211,12868.794033536546
77.55000000000001,14.539999999999797,0.0,936.9303838174727,12868.298075814972
77.60000000000001,14.539999999999797,0.0,937.6573839301243,12867.802216282527
77.65,14.539999999999797,0.0,938.3843840427759,12867.3065417629
77.7,14.539999999999797,0.0,939.1113841554275,12866.810998811005
77.75,14.539999999999797,0.0,939.838384268079,12866.315548326193
77.80000000000001,14.539999999999797,0.0,940.5653843807305,12865.820160744559
77.85000000000001,14.539999999999797,0.0,941.2923844933821,12865.325027793968
77.9,14.539999999999797,0.0,942.0193846060337,12864.830047391943
77.95,14.539999999999797,0.0,942.7463847186852,12864.335127032075
78.0,14.539999999999797,0.0,943.4733848313368,12863.840224752694
78.05000000000001,14.539999999999797,0.0,944.2003849439884,12863.345570428635
78.10000000000001,14.539999999999797,0.0,944.92738505664,12862.851045764959
78.15,14.539999999999797,0.0,945.6543851692916,12862.35657923609
78.2,14.539999999999797,0.0,946.3813852819432,12861.862241453253
78.25,14.539999999999797,0.0,947.1083853945946,12861.367997091174
78.30000000000001,14.539999999999797,0.0,947.8353855072462,12860.87382326167
78.35000000000001,14.539999999999797,0.0,948.5623856198978,12860.379684678792
78.4,14.539999999999797,0.0,949.2893857325494,12859.88578832919
78.45,14.539999999999797,0.0,950.016385845201,12859.392050250199
78.5,14.539999999999797,0.0,950.7433859578525,12858.898366491318
78.55000000000001,14.539999999999797,0.0,951.4703860705041,12858.404696998226
78.60000000000001,14.539999999999797,0.0,952.1973861831557,12857.91127832148
78.65,14.539999999999797,0.0,952.9243862958072,12857.417981675722
78.7,14.539999999999797,0.0,953.6513864084587,12856.92474030375
78.75,14.539999999999797,0.0,954.3783865211103,12856.431625770461
78.80000000000001,14.539999999999797,0.0,955.1053866337619,12855.938602750583
78.85000000000001,14.539999999999797,0.0,955.8323867464135,12855.445643587556
78.9,14.539999999999797,0.0,956.5593868590651,12854.952716810132
78.95,14.539999999999797,0.0,957.2863869717166,12854.46003131231
79.0,14.539999999999797,0.0,958.0133870843682,12853.96749740938
79.05000000000001,14.539999999999797,0.0,958.7403871970197,12853.47501782656
79.10000000000001,14.539999999999797,0.0,959.4673873096713,12852.982547741158
79.15,14.539999999999797,0.0,960.1943874223228,12852.490325611077
79.2,14.539999999999797,0.0,960.9213875349744,12851.998225511985
79.25,14.539999999999797,0.0,961.648387647626,12851.506172103609
79.30000000000001,14.539999999999797,0.0,962.3753877602776,12851.014245533917
79.35000000000001,14.539999999999797,0.0,963.1023878729292,12850.52240475559
79.4,14.539999999999797,0.0,963.8293879855808,12850.030624973093
79.45,14.539999999999797,0.0,964.5563880982323,12849.538875668848
79.5,14.539999999999797,0.0,965.2833882108838,12849.04736859788
79.55000000000001,14.539999999999797,0.0,966.0103883235354,12848.556013121803
79.60000000000001,14.539999999999797,0.0,966.737388436187,12848.064707197465
79.65,14.539999999999797,0.0,967.4643885488385,12847.573408863198
79.7,14.539999999999797,0.0,968.1913886614901,12847.082358484253
79.75,14.539999999999797,0.0,968.9183887741417,12846.591426321598
79.80000000000001,14.539999999999797,0.0,969.6453888867933,12846.100540849659
79.85000000000001,14.539999999999797,0.0,970.3723889994449,12845.609787938449
79.9,14.539999999999797,0.0,971.0993891120963,12845.119113189208
79.95,14.539999999999797,0.0,971.8263892247479,12844.628496574776
80.0,14.539999999999797,0.0,972.5533893373995,12844.137901855529
80.05000000000001,14.539999999999797,0.0,973.2803894500511,12843.647552230581
80.10000000000001,14.539999999999797,0.0,974.0073895627027,12843.157349432151
80.15,14.539999999999797,0.0,974.7343896753542,12842.667192370764
80.2,14.539999999999797,0.0,975.4613897880058,12842.177038131074
80.25,14.539999999999797,0.0,976.1883899006574,12841.687130893033
80.30000000000001,14.539999999999797,0.0,976.9153900133089,12841.19733710291
80.35000000000001,14.539999999999797,0.0,977.6423901259604,12840.707586188808
80.4,14.539999999999797,0.0,978.369390238612,12840.21796688176
80.45,14.539999999999797,0.0,979.0963903512636,12839.728422875658
80.5,14.539999999999797,0.0,979.8233904639152,12839.238930328644
80.55000000000001,14.539999999999797,0.0,980.5503905765668,12838.749457769465
80.60000000000001,14.539999999999797,0.0,981.2773906892184,12838.26023125826
80.65,14.539999999999797,0.0,982.0043908018699,12837.771143944181
80.7,14.539999999999797,0.0,982.7313909145214,12837.282097598772
80.75,14.539999999999797,0.0,983.458391027173,12836.793049306689
80.80000000000001,14.539999999999797,0.0,984.1853911398246,12836.304248969927
80.85000000000001,14.539999999999797,0.0,984.9123912524761,12835.815558266388
80.9,14.539999999999797,0.0,985.6393913651277,12835.326904716821
80.95,14.539999999999797,0.0,986.3663914777793,12834.838382774311
81.0,14.539999999999797,0.0,987.0933915904309,12834.30962622674
81.05000000000001,14.539999999999797,0.0,987.8203917030825,12833.856714404554
81.10000000000001,14.539999999999797,0.0,988.547391815734,12833.415375380871
81.15,14.539999999999797,0.0,989.2743919283855,12832.95435061195
81.2,14.539999999999797,0.0,990.0013920410371,12832.498273466057
81.25,14.539999999999797,0.0,990.7283921536887,12832.04663944948
81.30000000000001,14.539999999999797,0.0,991.4553922663403,12831.574806571556
81.35000000000001,14.539999999999797,0.0,992.1823923789918,12831.054061645293
81.4,14.539999999999797,0.0,992.9093924916434,12830.50423342775
81.45,14.539999999999797,0.0,993.636392604295,12829.968859058821
81.5,14.539999999999797,0.0,994.3633927169466,12829.46649517268
81.55000000000001,14.539999999999797,0.0,995.090392829598,12828.954892050439
81.60000000000001,14.539999999999797,0.0,995.8173929422496,12828.4159403705
81.65,14.539999999999797,0.0,996.5443930549012,12827.864465000113
81.7,14.539999999999797,0.0,997.2713931675528,12827.306773580533
81.75,14.539999999999797,0.0,997.9983932802044,12826.740435156598
81.80000000000001,14.539999999999797,0.0,998.725393392856,12826.143922437968
81.85000000000001,14.539999999999797,0.0,999.4523935055075,12825.499588635092
81.9,14.539999999999797,0.0,1000.1793936181591,12824.845690432496
81.95,14.539999999999797,0.0,1000.9063937308106,12824.192198455834
82.0,14.539999999999797,0.0,1001.6333938434622,12823.53876652133
82.05000000000001,14.539999999999797,0.0,1002.3603939561137,12822.880195235934
82.10000000000001,14.539999999999797,0.0,1003.0873940687653,12822.225871576617
82.15,14.539999999999797,0.0,1003.8143941814169,12821.598827731796
82.2,14.539999999999797,0.0,1004.5413942940685,12821.00288125976
82.25,14.539999999999797,0.0,1005.2683944067201,12820.44068532178
82.30000000000001,14.539999999999797,0.0,1005.9953945193716,12819.932643721651
82.35000000000001,14.539999999999797,0.0,1006.7223946320231,12819.426251919884
82.4,14.539999999999797,0.0,1007.4493947446747,12818.84135265539
82.45,14.539999999999797,0.0,1008.1763948573263,12818.182528353704
82.5,14.539999999999797,0.0,1008.9033949699779,12817.533615530981
82.55000000000001,14.539999999999797,0.0,1009.6303950826294,12816.893170324307
82.60000000000001,14.539999999999797,0.0,1010.357395195281,12816.249789708087
82.65,14.539999999999797,0.0,1011.0843953079326,12815.61187740219
82.7,14.539999999999797,0.0,1011.8113954205842,12814.980670322208
82.75,14.539999999999797,0.0,1012.5383955332358,12814.35456534161
82.80000000000001,14.539999999999797,0.0,1013.2653956458872,12813.723406840809
82.85000000000001,14.539999999999797,0.0,1013.9923957585388,12813.095313391055
82.9,14.539999999999797,0.0,1014.7193958711904,12812.472105556617
82.95,14.539999999999797,0.0,1015.446395983842,12811.843885170647
83.0,14.539999999999797,0.0,1016.1733960964935,12811.218072793445
83.05000000000001,14.539999999999797,0.0,1016.9003962091451,12810.596884724795
83.10000000000001,14.539999999999797,0.0,1017.6273963217967,12809.978262935525
83.15,14.539999999999797,0.0,1018.3543964344483,12809.35345370729
83.2,14.539999999999797,0.0,1019.0813965470998,12808.73081021522
83.25,14.539999999999797,0.0,1019.8083966597513,12808.111892670498
83.30000000000001,14.539999999999797,0.0,1020.5353967724029,12807.49535925336
83.35000000000001,14.539999999999797,0.0,1021.2623968850545,12806.874350242655
83.4,14.539999999999797,0.0,1021.9893969977061,12806.255030130958
83.45,14.539999999999797,0.0,1022.7163971103577,12805.638873298762
83.5,14.539999999999797,0.0,1023.4433972230092,12805.018440151605
83.55000000000001,14.539999999999797,0.0,1024.170397335661,12804.399902890109
83.60000000000001,14.539999999999797,0.0,1024.8973974483126,12803.784622368195
83.65,14.539999999999797,0.0,1025.6243975609643,12803.17109464147
83.7,14.539999999999797,0.0,1026.351397673616,12802.551696095652
83.75,14.539999999999797,0.0,1027.0783977862677,12801.932245993214
83.80000000000001,14.539999999999797,0.0,1027.8053978989192,12801.31625385564
83.85000000000001,14.539999999999797,0.0,1028.5323980115709,12800.701282091379
83.9,14.539999999999797,0.0,1029.2593981242226,12800.080120980803
83.95,14.539999999999797,0.0,1029.9863982368743,12799.460417980052
84.0,14.539999999999797,0.0,1030.713398349526,12798.843682755565
84.05000000000001,14.539999999999797,0.0,1031.4403984621777,12798.22117776214
84.10000000000001,14.539999999999797,0.0,1032.1673985748293,12797.599002721146
84.15,14.539999999999797,0.0,1032.894398687481,12796.978670120725
84.2,14.539999999999797,0.0,1033.6213988001327,12796.359198630005
84.25,14.539999999999797,0.0,1034.3483989127844,12795.734542012027
84.30000000000001,14.539999999999797,0.0,1035.0753990254361,12795.11034214584
84.35000000000001,14.539999999999797,0.0,1035.8023991380878,12794.488152566904
84.4,14.539999999999797,0.0,1036.5293992507395,12793.865407891311
84.45,14.539999999999797,0.0,1037.2563993633912,12793.23754866036
84.5,14.539999999999797,0.0,1037.983399476043,12792.609420435043
84.55000000000001,14.539999999999797,0.0,1038.7103995886946,12791.982347868989
84.60000000000001,14.539999999999797,0.0,1039.4373997013463,12791.350428690732
84.65,14.539999999999797,0.0,1040.1643998139978,12790.717400370364
84.7,14.539999999999797,0.0,1040.8913999266495,12790.08661884848
84.75,14.539999999999797,0.0,1041.6184000393012,12789.45831590726
84.80000000000001,14.539999999999797,0.0,1042.3454001519528,12788.825023342019
84.85000000000001,14.539999999999797,0.0,1043.0724002646045,12788.194068213645
84.9,14.539999999999797,0.0,1043.7994003772562,12787.567822310164
84.95,14.539999999999797,0.0,1044.526400489908,12786.944392588059
85.0,14.539999999999797,0.0,1045.2534006025596,12786.316408117418
85.05000000000001,14.539999999999797,0.0,1045.9804007152113,12785.692613119167
85.10000000000001,14.539999999999797,0.0,1046.707400827863,12785.073621759566
85.15,14.539999999999797,0.0,1047.4344009405147,12784.450806165956
85.2,14.539999999999797,0.0,1048.1614010531664,12783.831293127623
85.25,14.539999999999797,0.0,1048.888401165818,12783.215552806003
85.30000000000001,14.539999999999797,0.0,1049.6154012784698,12782.603234248949
85.35000000000001,14.539999999999797,0.0,1050.3424013911215,12781.987767612976
85.4,14.539999999999797,0.0,1051.0694015037732,12781.376243447747
85.45,14.539999999999797,0.0,1051.7964016164246,12780.769026056849
85.5,14.539999999999797,0.0,1052.5234017290763,12780.16415754691
85.55000000000001,14.539999999999797,0.0,1053.250401841728,12779.554942189436
85.60000000000001,14.539999999999797,0.0,1053.9774019543797,12778.949830473664
85.65,14.539999999999797,0.0,1054.7044020670314,12778.349184795836
85.7,14.539999999999797,0.0,1055.4314021796831,12777.745381502345
85.75,14.539999999999797,0.0,1056.1584022923348,12777.14612435544
85.80000000000001,14.539999999999797,0.0,1056.8854024049865,12776.551264581925
85.85000000000001,14.539999999999797,0.0,1057.6124025176382,12775.960837467752
85.9,14.539999999999797,0.0,1058.33940263029,12775.36802235309
85.95,14.539999999999797,0.0,1059.0664027429416,12774.780256925053
86.0,14.539999999999797,0.0,1059.7934028555933,12774.197308487106
86.05000000000001,14.539999999999797,0.0,1060.520402968245,12773.617924864871
86.10000000000001,14.539999999999797,0.0,1061.2474030808967,12773.035376951255
86.15,14.539999999999797,0.0,1061.9744031935484,12772.457770959065
86.2,14.539999999999797,0.0,1062.7014033062,12771.885340538509
86.25,14.539999999999797,0.0,1063.4284034188518,12771.310621299594
86.30000000000001,14.539999999999797,0.0,1064.1554035315032,12770.740252704027
86.35000000000001,14.539999999999797,0.0,1064.882403644155,12770.174235705485
86.4,14.539999999999797,0.0,1065.6094037568066,12769.612852591565
86.45,14.539999999999797,0.0,1066.3364038694583,12769.050532015792
86.5,14.539999999999797,0.0,1067.06340398211,12768.492869166499
86.55000000000001,14.539999999999797,0.0,1067.7904040947617,12767.939691428634
86.60000000000001,14.539999999999797,0.0,1068.5174042074134,12767.388264617932
86.65,14.539999999999797,0.0,1069.244404320065,12766.837194481424
86.7,14.539999999999797,0.0,1069.9714044327168,12766.290515042589
86.75,14.539999999999797,0.0,1070.6984045453685,12765.74611772751
86.80000000000001,14.539999999999797,0.0,1071.4254046580202,12765.202555831134
86.85000000000001,14.539999999999797,0.0,1072.1524047706719,12764.661800579388
86.9,14.539999999999797,0.0,1072.8794048833236,12764.122318463973
86.95,14.539999999999797,0.0,1073.6064049959753,12763.585153758266
87.0,14.539999999999797,0.0,1074.333405108627,12763.050570648933
87.05000000000001,14.539999999999797,0.0,1075.0604052212786,12762.519550447965
87.10000000000001,14.539999999999797,0.0,1075.7874053339303,12761.990109512783
87.15,14.539999999999797,0.0,1076.5144054465818,12761.462023729922
87.2,14.539999999999797,0.0,1077.2414055592335,12760.935458103922
87.25,14.539999999999797,0.0,1077.9684056718852,12760.411940402157
87.30000000000001,14.539999999999797,0.0,1078.695405784537,12759.890105002329
87.35000000000001,14.539999999999797,0.0,1079.4224058971886,12759.369645793864
87.4,14.539999999999797,0.0,1080.1494060098403,12758.851790097402
87.45,14.539999999999797,0.0,1080.876406122492,12758.335143680417
87.5,14.539999999999797,0.0,1081.6034062351437,12757.822831733643
87.55000000000001,14.539999999999797,0.0,1082.3304063477954,12757.313801419517
87.60000000000001,14.539999999999797,0.0,1083.057406460447,12756.80900253945
87.65,14.539999999999797,0.0,1083.7844065730987,12756.307092359331
87.7,14.539999999999797,0.0,1084.5114066857504,12755.80766652125
87.75,14.539999999999797,0.0,1085.2384067984021,12755.309693129153
87.80000000000001,14.539999999999797,0.0,1085.9654069110538,12754.814622742118
87.85000000000001,14.539999999999797,0.0,1086.6924070237055,12754.321907951089
87.9,14.539999999999797,0.0,1087.4194071363572,12753.830646599043
87.95,14.539999999999797,0.0,1088.1464072490087,12753.342166142422
88.0,14.539999999999797,0.0,1088.8734073616604,12752.855517714606
88.05000000000001,14.539999999999797,0.0,1089.600407474312,12752.372220518782
88.10000000000001,14.539999999999797,0.0,1090.3274075869638,12751.89139719346
88.15,14.539999999999797,0.0,1091.0544076996155,12751.41403473335
88.2,14.539999999999797,0.0,1091.7814078122672,12750.9388142462
88.25,14.539999999999797,0.0,1092.5084079249189,12750.466380415844
88.30000000000001,14.539999999999797,0.0,1093.2354080375706,12749.995504889323
88.35000000000001,14.539999999999797,0.0,1093.9624081502222,12749.52825429932
88.4,14.539999999999797,0.0,1094.689408262874,12749.063765570583
88.45,14.539999999999797,0.0,1095.4164083755256,12748.643102030706
88.5,14.539999999999797,0.0,1096.1434084881773,12748.086347239649
88.55000000000001,14.539999999999797,0.0,1096.870408600829,12747.452879860697
88.60000000000001,14.539999999999797,0.0,1097.5974087134807,12746.814001354118
88.65,14.539999999999797,0.0,1098.3244088261324,12746.204108864036
88.7,14.539999999999797,0.0,1099.051408938784,12745.60447407602
88.75,14.539999999999797,0.0,1099.7784090514358,12744.952461607643
88.80000000000001,14.539999999999797,0.0,1100.5054091640873,12744.298599985208
88.85000000000001,14.539999999999797,0.0,1101.232409276739,12743.764554189189
88.9,14.539999999999797,0.0,1101.9594093893907,12743.406255331338
88.95,14.539999999999797,0.0,1102.6864095020424,12743.109700230198
89.0,14.539999999999797,0.0,1103.413409614694,12742.833379276355
89.05000000000001,14.539999999999797,0.0,1104.1404097273457,12742.580093962635
89.10000000000001,14.539999999999797,0.0,1104.8674098399974,12742.342988363702
89.15,14.539999999999797,0.0,1105.5944099526491,12742.116956851374
89.2,14.539999999999797,0.0,1106.3214100653008,12741.904503449181
89.25,14.539999999999797,0.0,1107.0484101779525,12741.708018006751
89.30000000000001,14.539999999999797,0.0,1107.7754102906042,12741.523360663205
89.35000000000001,14.539999999999797,0.0,1108.502410403256,12741.332501596022
89.4,14.539999999999797,0.0,1109.2294105159076,12741.094276996131
89.45,14.539999999999797,0.0,1109.9564106285593,12740.820314081244
89.5,14.539999999999797,0.0,1110.683410741211,12740.543539410806
89.55000000000001,14.539999999999797,0.0,1111.4104108538627,12740.273233552582
89.60000000000001,14.539999999999797,0.0,1112.1374109665142,12740.016891984384
89.65,14.539999999999797,0.0,1112.8644110791658,12739.780041288199
89.7,14.539999999999797,0.0,1113.5914111918175,12739.581284179352
89.75,14.539999999999797,0.0,1114.3184113044692,12739.446927438636
89.80000000000001,14.539999999999797,0.0,1115.045411417121,12739.428699256438
89.85000000000001,14.539999999999797,0.0,1115.7724115297726,12739.670598771814
89.9,14.521172314618429,-0.5,1116.4984702580093,12740.380869216195
89.95,14.49617231461843,-0.5,1117.223278986052,12740.634228670222
90.0,14.471172314618432,-0.5,1117.9468377139015,12740.572128810896
90.05000000000001,14.446172314618426,-0.5,1118.6691464415571,12740.915475935228
90.10000000000001,14.421172314618428,-0.5,1119.3902051690188,12741.497615955272
90.15,14.396172314618429,-0.5,1120.110013896287,12742.113011132691
90.2,14.37117231461843,-0.5,1120.8285726233617,12742.626010293387
90.25,14.346172314618432,-0.5,1121.5458813502423,12743.76090447115
90.30000000000001,14.321172314618426,-0.5,1122.2619400769292,12744.80106451599
90.35000000000001,14.296172314618428,-0.5,1122.9767488034227,12745.14841799056
90.4,14.271172314618429,-0.5,1123.6903075297225,12745.13980178153
90.45,14.24617231461843,-0.5,1124.4026162558287,12745.127735417242
90.5,14.221172314618432,-0.5,1125.1136749817408,12745.11431888854
90.55000000000001,14.196172314618426,-0.5,1125.8234837074597,12745.10071424758
90.60000000000001,14.171172314618428,-0.5,1126.5320424329846,12745.087078850622
90.65,14.146172314618429,-0.5,1127.2393511583157,12745.073793928976
90.7,14.12117231461843,-0.5,1127.9454098834533,12745.05995516097
90.75,14.096172314618432,-0.5,1128.650218608397,12745.043797772283
90.80000000000001,14.071172314618426,-0.5,1129.3537773331473,12745.024062674398
90.85000000000001,14.046172314618428,-0.5,1130.0560860577039,12745.00074390685
90.9,14.021172314618429,-0.5,1130.7571447820667,12744.974857609624
90.95,13.99617231461843,-0.5,1131.4569535062358,12744.947409193868
91.0,13.971172314618432,-0.5,1132.1555122302111,12744.919021170492
91.05000000000001,13.946172314618426,-0.5,1132.852820953993,12744.89000658309
91.10000000000001,13.921172314618428,-0.5,1133.5488796775808,12744.86061052596
91.15,13.896172314618429,-0.5,1134.243688400975,12744.83100990569
91.2,13.87117231461843,-0.5,1134.9372471241757,12744.801253598089
91.25,13.846172314618432,-0.5,1135.6295558471827,12744.771145146246
91.30000000000001,13.821172314618426,-0.5,1136.320614569996,12744.74032072341
91.35000000000001,13.796172314618428,-0.5,1137.0104232926155,12744.70844296729
91.4,13.771172314618429,-0.5,1137.6989820150413,12744.676512282247
91.45,13.74617231461843,-0.5,1138.3862907372736,12744.64450673377
91.5,13.721172314618432,-0.5,1139.072349459312,12744.612418454046
91.55000000000001,13.696172314618426,-0.5,1139.7571581811567,12744.580246012563
91.60000000000001,13.671172314618428,-0.5,1140.4407169028077,12744.54799155509
91.65,13.646172314618429,-0.5,1141.1230256242652,12744.51566271102
91.7,13.62117231461843,-0.5,1141.804084345529,12744.483274739141
91.75,13.596172314618432,-0.5,1142.483893066599,12744.450848858709
91.80000000000001,13.571172314618426,-0.5,1143.1624517874754,12744.418398182745
91.85000000000001,13.546172314618428,-0.5,1143.839760508158,12744.385933440084
91.9,13.521172314618429,-0.5,1144.515819228647,12744.353462260122
91.95,13.49617231461843,-0.5,1145.190627948942,12744.320983450765
92.0,13.471172314618432,-0.5,1145.8641866690434,12744.288497965688
92.05000000000001,13.446172314618426,-0.5,1146.5364953889514,12744.25600604331
92.10000000000001,13.421172314618428,-0.5,1147.2075541086658,12744.22350768363
92.15,13.396172314618429,-0.5,1147.8773628281863,12744.191003601904
92.2,13.37117231461843,-0.5,1148.545921547513,12744.15849403655
92.25,13.346172314618432,-0.5,1149.2132302666462,12744.125978510732
92.30000000000001,13.321172314618426,-0.5,1149.8792889855856,12744.093457739706
92.35000000000001,13.296172314618428,-0.5,1150.544097704331,12744.060932915563
92.4,13.271172314618429,-0.5,1151.207656422883,12744.028402846212
92.45,13.24617231461843,-0.5,1151.8699651412412,12743.995868723745
92.5,13.221172314618432,-0.5,1152.531023859406,12743.963330548162
92.55000000000001,13.196172314618426,-0.5,1153.190832577377,12743.930788081045
92.60000000000001,13.171172314618428,-0.5,1153.8493912951542,12743.898240845556
92.65,13.146172314618429,-0.5,1154.5067000127378,12743.86568979537
92.7,13.12117231461843,-0.5,1155.1627587301277,12743.83313445365
92.75,13.096172314618432,-0.5,1155.8175674473239,12743.800575058813
92.80000000000001,13.071172314618426,-0.5,1156.4711261643263,12743.768010895605
92.85000000000001,13.046172314618428,-0.5,1157.123434881135,12743.735443394537
92.9,13.021172314618429,-0.5,1157.77449359775,12743.70287231719
92.95,12.99617231461843,-0.5,1158.4243023141714,12743.670297186727
93.0,12.971172314618432,-0.5,1159.0728610303993,12743.637719672079
93.05000000000001,12.946172314618426,-0.5,1159.7201697464334,12743.605138581152
93.10000000000001,12.921172314618428,-0.5,1160.3662284622735,12743.572554152364
93.15,12.896172314618429,-0.5,1161.0110371779201,12743.539966624136
93.2,12.87117231461843,-0.5,1161.654595893373,12743.507375996465
93.25,12.846172314618432,-0.5,1162.296904608632,12743.474782269353
93.30000000000001,12.821172314618426,-0.5,1162.9379633236979,12743.442185919637
93.35000000000001,12.796172314618428,-0.5,1163.5777720385697,12743.409587424154
93.4,12.771172314618429,-0.5,1164.216330753248,12743.376986782903
93.45,12.74617231461843,-0.5,1164.8536394677324,12743.344382565374
93.5,12.721172314618432,-0.5,1165.4896981820232,12743.31177405631
93.55000000000001,12.696172314618426,-0.5,1166.1245068961202,12743.279160778875
93.60000000000001,12.671172314618428,-0.5,1166.7580656100236,12743.246543209905
93.65,12.646172314618429,-0.5,1167.3903743237333,12743.213921349401
93.7,12.62117231461843,-0.5,1168.0214330372492,12743.181295197362
93.75,12.596172314618432,-0.5,1168.6512417505714,12743.148664992208
93.80000000000001,12.571172314618426,-0.5,1169.2798004637002,12743.116031210775
93.85000000000001,12.546172314618428,-0.5,1169.9071091766352,12743.083393376226
93.9,12.521172314618429,-0.5,1170.5331678893765,12743.050751965398
93.95,12.49617231461843,-0.5,1171.157976601924,12743.018106501455
94.0,12.471172314618432,-0.5,1171.7815353142778,12742.985456745977
94.05000000000001,12.446172314618426,-0.5,1172.4038440264378,12742.952803652639
94.10000000000001,12.421172314618428,-0.5,1173.0249027384043,12742.920146983022
94.15,12.396172314618429,-0.5,1173.644711450177,12742.887486498708
94.2,12.37117231461843,-0.5,1174.2632701617563,12742.854823153371
94.25,12.346172314618432,-0.5,1174.8805788731418,12742.822155993337
94.30000000000001,12.321172314618426,-0.5,1175.4966375843333,12742.789485257024
94.35000000000001,12.296172314618428,-0.5,1176.1114462953312,12742.756812136526
94.4,12.271172314618429,-0.5,1176.7250050061357,12742.724135916586
94.45,12.24617231461843,-0.5,1177.3373137167462,12742.69145731246
94.5,12.221172314618432,-0.5,1177.948372427163,12742.65877608573
94.55000000000001,12.196172314618426,-0.5,1178.5581811373863,12742.626092236394
94.60000000000001,12.171172314618428,-0.5,1179.166739847416,12742.593405526037
94.65,12.146172314618429,-0.5,1179.774048557252,12742.560717146749
94.7,12.12117231461843,-0.5,1180.3801072668941,12742.528026144857
94.75,12.096172314618432,-0.5,1180.9849159763426,12742.49533275878
94.80000000000001,12.071172314618426,-0.5,1181.5884746855972,12742.462638419027
94.85000000000001,12.046172314618428,-0.5,1182.1907833946582,12742.429942410345
94.9,12.021172314618429,-0.5,1182.7918421035256,12742.397244494314
94.95,11.99617231461843,-0.5,1183.391650812199,12742.364544909353
95.0,11.971172314618432,-0.5,1183.9902095206792,12742.331845085973
95.05000000000001,11.946172314618426,-0.5,1184.5875182289656,12742.299144070501
95.10000000000001,11.921172314618428,-0.5,1185.1835769370582,12742.266441386098
95.15,11.896172314618429,-0.5,1185.778385644957,12742.233738701696
95.2,11.87117231461843,-0.5,1186.3719443526625,12742.201035302038
95.25,11.846172314618432,-0.5,1186.9642530601739,12742.168331663961
95.30000000000001,11.821172314618426,-0.5,1187.5553117674917,12742.135627310628
95.35000000000001,11.796172314618428,-0.5,1188.1451204746156,12742.102921765203
95.4,11.771172314618429,-0.5,1188.7336791815462,12742.070214789266
95.45,11.74617231461843,-0.5,1189.320987888283,12742.037506621236
95.5,11.721172314618432,-0.5,1189.9070465948262,12742.00479773795
95.55000000000001,11.696172314618426,-0.5,1190.4918553011755,12741.972087900991
95.60000000000001,11.671172314618428,-0.5,1191.0754140073313,12741.939377348775
95.65,11.646172314618429,-0.5,1191.6577227132932,12741.906666319723
95.7,11.62117231461843,-0.5,1192.2387814190615,12741.873954336996
95.75,11.596172314618432,-0.5,1192.8185901246359,12741.841241162176
95.80000000000001,11.571172314618426,-0.5,1193.397148830017,12741.808528464193
95.85000000000001,11.546172314618428,-0.5,1193.9744575352042,12741.775814335699
95.9,11.521172314618429,-0.5,1194.5505162401978,12741.743099491949
95.95,11.49617231461843,-0.5,1195.1253249449978,12741.710384886617
96.0,11.471172314618432,-0.5,1195.6988836496039,12741.677670758123
96.05000000000001,11.446172314618426,-0.5,1196.2711923540164,12741.64495639121
96.10000000000001,11.421172314618428,-0.5,1196.842251058235,12741.612240593786
96.15,11.396172314618429,-0.5,1197.41205976226,12741.579518120641
96.2,11.37117231461843,-0.5,1197.9806184660913,12741.546789210195
96.25,11.346172314618432,-0.5,1198.547927169729,12741.514053147192
96.30000000000001,11.321172314618426,-0.5,1199.113985873173,12741.481310885305
96.35000000000001,11.296172314618428,-0.5,1199.6787945764233,12741.448562186117
96.4,11.271172314618429,-0.5,1200.24235327948,12741.41580657279
96.45,11.24617231461843,-0.5,1200.8046619823429,12741.38304476058
96.5,11.221172314618432,-0.5,1201.365720685012,12741.350275795812
96.55000000000001,11.196172314618426,-0.5,1201.9255293874876,12741.317501585836
96.60000000000001,11.171172314618428,-0.5,1202.4840880897693,12741.284720223302
96.65,11.146172314618429,-0.5,1203.0413967918576,12741.251932900304
96.7,11.12117231461843,-0.5,1203.597455493752,12741.219140093679
96.75,11.096172314618432,-0.5,1204.152264195453,12741.18634132659
96.80000000000001,11.071172314618426,-0.5,1204.70582289696,12741.15353755271
96.85000000000001,11.046172314618428,-0.5,1205.2581315982734,12741.120728056783
96.9,11.021172314618429,-0.5,1205.8091902993929,12741.087913792486
96.95,10.99617231461843,-0.5,1206.3589990003188,12741.05509261405
97.0,10.971172314618432,-0.5,1206.907557701051,12741.02226523673
97.05000000000001,10.946172314618426,-0.5,1207.4548664015897,12740.989432375784
97.10000000000001,10.921172314618428,-0.5,1208.0009251019349,12740.95659403121
97.15,10.896172314618429,-0.5,1208.545733802086,12740.923749010915
97.2,10.87117231461843,-0.5,1209.0892925020437,12740.890898983831
97.25,10.846172314618432,-0.5,1209.6316012018074,12740.858042996282
97.30000000000001,10.821172314618426,-0.5,1210.1726599013775,12740.825182001943
97.35000000000001,10.796172314618428,-0.5,1210.712468600754,12740.792315762395
97.4,10.771172314618429,-0.5,1211.2510272999366,12740.759443323965
97.45,10.74617231461843,-0.5,1211.7883359989255,12740.726565640325
97.5,10.721172314618432,-0.5,1212.3243946977211,12740.693682711477
97.55000000000001,10.696172314618426,-0.5,1212.8592033963228,12740.660797636861
97.60000000000001,10.671172314618428,-0.5,1213.3927620947309,12740.62791017806
97.65,10.646172314618429,-0.5,1213.925070792945,12740.595018427724
97.7,10.62117231461843,-0.5,1214.4561294909656,12740.56212477004
97.75,10.596172314618432,-0.5,1214.9859381887925,12740.52922872817
97.80000000000001,10.571172314618426,-0.5,1215.5144968864256,12740.496330540533
97.85000000000001,10.546172314618428,-0.5,1216.0418055838652,12740.463430445547
97.9,10.521172314618429,-0.5,1216.567864281111,12740.438337128515
97.95,10.49617231461843,-0.5,1217.0926729781631,12740.415060799474
98.0,10.471172314618432,-0.5,1217.6162316750217,12740.39368466651
98.05000000000001,10.446172314618426,-0.5,1218.1385403716865,12740.37326244628
98.10000000000001,10.421172314618428,-0.5,1218.6595990681576,12740.352518360967
98.15,10.396172314618429,-0.5,1219.179407764435,12740.330462019796
98.2,10.37117231461843,-0.5,1219.6979664605185,12740.306444447393
98.25,10.346172314618432,-0.5,1220.2152751564083,12740.2814889363
98.30000000000001,10.321172314618426,-0.5,1220.7313338521049,12740.256160776968
98.35000000000001,10.296172314618428,-0.5,1221.2461425476074,12740.230879824514
98.4,10.271172314618429,-0.5,1221.7597012429164,12740.204531948919
98.45,10.24617231461843,-0.5,1222.2720099380317,12740.176476757879
98.5,10.221172314618432,-0.5,1222.7830686329532,12740.147468607778
98.55000000000001,10.196172314618426,-0.5,1223.292877327681,12740.117793600912
98.60000000000001,10.171172314618428,-0.5,1223.801436022215,12740.08734754836
98.65,10.146172314618429,-0.5,1224.3087447165553,12740.056434672231
98.7,10.12117231461843,-0.5,1224.814803410702,12740.02618150031
98.75,10.096172314618432,-0.5,1225.319612104655,12739.99636105811
98.80000000000001,10.071172314618426,-0.5,1225.8231707984146,12739.966708224172
98.85000000000001,10.046172314618428,-0.5,1226.3254794919803,12739.937120716924
98.9,10.021172314618429,-0.5,1226.8265381853523,12739.907419484014
98.95,9.99617231461843,-0.5,1227.3263468785306,12739.877332489843
99.0,9.971172314618432,-0.5,1227.824905571515,12739.845896046514
99.05000000000001,9.946172314618426,-0.5,1228.322214264306,12739.81161121642
99.10000000000001,9.921172314618428,-0.5,1228.818272956903,12739.775081198568
99.15,9.896172314618429,-0.5,1229.3130816493067,12739.737873833532
99.2,9.87117231461843,-0.5,1229.8066403415166,12739.70052651679
99.25,9.846172314618432,-0.5,1230.2989490335328,12739.663092892522
99.30000000000001,9.821172314618426,-0.5,1230.7900077253553,12739.625508110876
99.35000000000001,9.796172314618428,-0.5,1231.279816416984,12739.587667506094
99.4,9.771172314618429,-0.5,1231.768375108419,12739.54982880866
99.45,9.74617231461843,-0.5,1232.2556837996601,12739.511993925924
99.5,9.721172314618432,-0.5,1232.7417424907078,12739.474161665792
99.55000000000001,9.696172314618426,-0.5,1233.226551181562,12739.43633274352
99.60000000000001,9.671172314618428,-0.5,1233.7101098722223,12739.398506443853
99.65,9.646172314618429,-0.5,1234.192418562689,12739.360683005209
99.7,9.62117231461843,-0.5,1234.673477252962,12739.322868388052
99.75,9.596172314618432,-0.5,1235.153285943041,12739.285063784475
99.80000000000001,9.571172314618426,-0.5,1235.6318446329265,12739.247270148153
99.85000000000001,9.546172314618428,-0.5,1236.1091533226183,12739.209487002248
99.9,9.521172314618429,-0.5,1236.5852120121162,12739.171715062017
99.95,9.49617231461843,-0.5,1237.0600207014206,12739.133954327459
100.0,9.471172314618432,-0.5,1237.5335793905315,12739.096204560155
100.05000000000001,9.446172314618426,-0.5,1238.0058880794486,12739.0584669522
100.10000000000001,9.421172314618428,-0.5,1238.476946768172,12739.020740549917
100.15,9.396172314618429,-0.5,1238.9467554567016,12738.983025591726
100.2,9.37117231461843,-0.5,1239.4153141450377,12738.945323746557
100.25,9.346172314618432,-0.5,1239.8826228331798,12738.907634299154
100.30000000000001,9.321172314618426,-0.5,1240.3486815211284,12738.869957726354
100.35000000000001,9.296172314618428,-0.5,1240.8134902088832,12738.83229355132
100.4,9.271172314618429,-0.5,1241.2770488964445,12738.794642489309
100.45,9.24617231461843,-0.5,1241.739357583812,12738.75699762618
100.5,9.221172314618432,-0.5,1242.200416270986,12738.719351094122
100.55000000000001,9.196172314618426,-0.5,1242.660224957966,12738.681704562063
100.60000000000001,9.171172314618428,-0.5,1243.1187836447525,12738.64405707633
100.65,9.146172314618429,-0.5,1243.576092331345,12738.606409352178
100.7,9.12117231461843,-0.5,1244.0321510177441,12738.568761866445
100.75,9.096172314618432,-0.5,1244.4869597039494,12738.531113903875
100.80000000000001,9.071172314618426,-0.5,1244.9405183899612,12738.493466179723
100.85000000000001,9.046172314618428,-0.5,1245.3928270757792,12738.455818455572
100.9,9.021172314618429,-0.5,1245.8438857614035,12738.418170969839
100.95,8.99617231461843,-0.5,1246.293694446834,12738.380523722524
101.0,8.971172314618432,-0.5,1246.742253132071,12738.342876952047
101.05000000000001,8.946172314618426,-0.5,1247.1895618171143,12738.305230658407
101.10000000000001,8.921172314618428,-0.5,1247.6356205019636,12738.267585795278
101.15,8.896172314618429,-0.5,1248.0804291866193,12738.229941647405
101.2,8.87117231461843,-0.5,1248.5239878710813,12738.192299883718
101.25,8.846172314618432,-0.5,1248.9662965553498,12738.154660742635
101.30000000000001,8.821172314618426,-0.5,1249.4073552394248,12738.117023985738
101.35000000000001,8.796172314618428,-0.5,1249.8471639233057,12738.07938913619
101.4,8.771172314618429,-0.5,1250.2857226069932,12738.041755717153
101.45,8.74617231461843,-0.5,1250.7230312904867,12738.00412492072
101.5,8.721172314618432,-0.5,1251.1590899737866,12737.966496985311
101.55000000000001,8.696172314618426,-0.5,1251.5938986568929,12737.928871672506
101.60000000000001,8.671172314618428,-0.5,1252.0274573398053,12737.891248505468
101.65,8.646172314618429,-0.5,1252.4597660225243,12737.85362867629
101.7,8.62117231461843,-0.5,1252.8908247050497,12737.816012184972
101.75,8.596172314618432,-0.5,1253.3206333873811,12737.778399508352
101.80000000000001,8.571172314618426,-0.5,1253.749192069519,12737.740775864477
101.85000000000001,8.546172314618428,-0.5,1254.1765007514632,12737.703140299673
101.9,8.521172314618429,-0.5,1254.6025594332134,12737.665493052358
101.95,8.49617231461843,-0.5,1255.02736811477,12737.627835791463
102.0,8.471172314618432,-0.5,1255.4509267961332,12737.590167801733
102.05000000000001,8.446172314618426,-0.5,1255.8732354773026,12737.552488844747
102.10000000000001,8.421172314618428,-0.5,1256.2942941582783,12737.514799158926
102.15,8.396172314618429,-0.5,1256.7141028390604,12737.477099459524
102.2,8.37117231461843,-0.5,1257.1326615196485,12737.439390461797
102.25,8.346172314618432,-0.5,1257.5499702000432,12737.40167168891
102.30000000000001,8.321172314618426,-0.5,1257.966028880244,12737.363944332952
102.35000000000001,8.296172314618428,-0.5,1258.3808375602512,12737.326207917089
102.4,8.271172314618429,-0.5,1258.7943962400645,12737.28846244132
102.45,8.24617231461843,-0.5,1259.2067049196844,12737.250709336156
102.5,8.221172314618432,-0.5,1259.6177635991105,12737.212949078435
102.55000000000001,8.196172314618426,-0.5,1260.027572278343,12737.175181429739
102.60000000000001,8.171172314618428,-0.5,1260.4361309573817,12737.13740734374
102.65,8.146172314618429,-0.5,1260.8434396362268,12737.099627058858
102.7,8.12117231461843,-0.5,1261.249498314878,12737.061842244024
102.75,8.096172314618432,-0.5,1261.6543069933357,12737.024064820165
102.80000000000001,8.071172314618426,-0.5,1262.0578656715995,12736.986304324026
102.85000000000001,8.046172314618428,-0.5,1262.4601743496698,12736.94856004035
102.9,8.021172314618429,-0.5,1262.8612330275464,12736.910832922811
102.95,7.9961723146184305,-0.5,1263.2610417052294,12736.873122732992
103.0,7.971172314618432,-0.5,1263.6596003827185,12736.835430662984
103.05000000000001,7.946172314618426,-0.5,1264.056909060014,12736.79775671279
103.10000000000001,7.921172314618428,-0.5,1264.4529677371158,12736.760099928732
103.15,7.896172314618429,-0.5,1264.847776414024,12736.722459595556
103.2,7.8711723146184305,-0.5,1265.2413350907384,12736.684836666936
103.25,7.846172314618432,-0.5,1265.633643767259,12736.647228520269
103.30000000000001,7.821172314618426,-0.5,1266.0247024435862,12736.609636109228
103.35000000000001,7.796172314618428,-0.5,1266.4145111197195,12736.57205991065
103.4,7.771172314618429,-0.5,1266.8030697956592,12736.534504454488
103.45,7.7461723146184305,-0.5,1267.1903784714052,12736.496970455999
103.5,7.721172314618432,-0.5,1267.5764371469575,12736.459454338903
103.55000000000001,7.696172314618426,-0.5,1267.961245822316,12736.421955864782
103.60000000000001,7.671172314618428,-0.5,1268.344804497481,12736.384475272054
103.65,7.646172314618429,-0.5,1268.727113172452,12736.347012799139
103.7,7.6211723146184305,-0.5,1269.1081718472294,12736.30956916129
103.75,7.596172314618432,-0.5,1269.4879805218131,12736.27214268958
103.80000000000001,7.571172314618426,-0.5,1269.8665391962033,12736.234734337682
103.85000000000001,7.546172314618428,-0.5,1270.2438478703998,12736.197344344015
103.9,7.521172314618429,-0.5,1270.6199065444025,12736.159971993322
103.95,7.4961723146184305,-0.5,1270.9947152182117,12736.122617762441
104.0,7.471172314618432,-0.5,1271.368273891827,12736.085281651372
104.05000000000001,7.446172314618426,-0.5,1271.7405825652484,12736.047963421697
104.10000000000001,7.421172314618428,-0.5,1272.1116412384763,12736.010663550253
104.15,7.396172314618429,-0.5,1272.4814499115107,12735.973381560201
104.2,7.3711723146184305,-0.5,1272.8500085843514,12735.936116736288
104.25,7.346172314618432,-0.5,1273.2173172569983,12735.898870032186
104.30000000000001,7.321172314618426,-0.5,1273.5833759294514,12735.86164073264
104.35000000000001,7.296172314618428,-0.5,1273.9481846017109,12735.82442907607
104.4,7.271172314618429,-0.5,1274.3117432737768,12735.787235539312
104.45,7.2461723146184305,-0.5,1274.6740519456487,12735.750059645528
104.5,7.221172314618432,-0.5,1275.035110617327,12735.71290139472
104.55000000000001,7.196172314618426,-0.5,1275.394919288812,12735.675760786886
104.60000000000001,7.171172314618428,-0.5,1275.753477960103,12735.638637822027
104.65,7.146172314618429,-0.5,1276.1107866312004,12735.601533453817
104.7,7.1211723146184305,-0.5,1276.466845302104,12735.564446490163
104.75,7.096172314618432,-0.5,1276.821653972814,12735.527377169485
104.80000000000001,7.071172314618426,-0.5,1277.1752126433303,12735.490325968618
104.85000000000001,7.046172314618428,-0.5,1277.5275213136526,12735.453292172308
104.9,7.021172314618429,-0.5,1277.8785799837815,12735.416274826879
104.95,6.9961723146184305,-0.5,1278.2283886537166,12735.37927774703
105.0,6.971172314618432,-0.5,1278.5769473234582,12735.342301648016
105.05000000000001,6.946172314618426,-0.5,1278.924255993006,12735.30534581458
105.10000000000001,6.921172314618428,-0.5,1279.27031466236,12735.268410485143
105.15,6.896172314618429,-0.5,1279.6151233315206,12735.231496851797
105.2,6.8711723146184305,-0.5,1279.9586820004872,12735.194603722448
105.25,6.846172314618432,-0.5,1280.3009906692603,12735.157731573934
105.30000000000001,6.821172314618426,-0.5,1280.6420493378394,12735.120880406255
105.35000000000001,6.796172314618428,-0.5,1280.981858006225,12735.08405045783
105.4,6.771172314618429,-0.5,1281.320416674417,12735.047241013403
105.45,6.7461723146184305,-0.5,1281.6577253424155,12735.010452788229
105.5,6.721172314618432,-0.5,1281.99378401022,12734.973686259145
105.55000000000001,6.696172314618426,-0.5,1282.3285926778308,12734.936941187734
105.60000000000001,6.671172314618428,-0.5,1282.662151345248,12734.900217335577
105.65,6.646172314618429,-0.5,1282.9944600124716,12734.863513987417
105.7,6.6211723146184305,-0.5,1283.325518679501,12734.826833289022
105.75,6.596172314618432,-0.5,1283.6553273463371,12734.79017380988
105.80000000000001,6.571172314618426,-0.5,1283.9838860129796,12734.753535073156
105.85000000000001,6.546172314618428,-0.5,1284.3111946794286,12734.716917794103
105.9,6.521172314618429,-0.5,1284.6372533456836,12734.680321734304
105.95,6.4961723146184305,-0.5,1284.962062011745,12734.643745940084
106.0,6.471172314618432,-0.5,1285.2856206776125,12734.607191365118
106.05000000000001,6.446172314618426,-0.5,1285.6079293432865,12734.570658486242
106.10000000000001,6.421172314618428,-0.5,1285.9289880087667,12734.534145872945
106.15,6.396172314618429,-0.5,1286.2487966740532,12734.497654717321
106.2,6.3711723146184305,-0.5,1286.567355339146,12734.461184304113
106.25,6.346172314618432,-0.5,1286.8846640040451,12734.42473487174
106.30000000000001,6.321172314618426,-0.5,1287.2007226687508,12734.388307373876
106.35000000000001,6.296172314618428,-0.5,1287.5155313332625,12734.351899187917
106.4,6.271172314618429,-0.5,1287.8290899975807,12734.3155107907
106.45,6.2461723146184305,-0.5,1288.1413986617051,12734.279142420644
106.5,6.221172314618432,-0.5,1288.4524573256356,12734.242792885656
106.55000000000001,6.196172314618426,-0.5,1288.7622659893727,12734.206462424154
106.60000000000001,6.171172314618428,-0.5,1289.070824652916,12734.170151512975
106.65,6.146172314618429,-0.5,1289.3781333162656,12734.133871596212
106.7,6.1211723146184305,-0.5,1289.6841919794215,12734.09762172019
106.75,6.096172314618432,-0.5,1289.9890006423839,12734.061402838583
106.80000000000001,6.071172314618426,-0.5,1290.2925593051525,12734.025214474554
106.85000000000001,6.046172314618428,-0.5,1290.5948679677274,12733.989056389684
106.9,6.021172314618429,-0.5,1290.8959266301085,12733.952928107137
106.95,5.9961723146184305,-0.5,1291.195735292296,12733.916829150076
107.0,5.971172314618432,-0.5,1291.4942939542896,12733.88076094901
107.05000000000001,5.946172314618426,-0.5,1291.7916026160897,12733.844721596593
107.10000000000001,5.921172314618428,-0.5,1292.0876612776963,12733.808712284917
107.15,5.896172314618429,-0.5,1292.382469939109,12733.772732060308
107.2,5.8711723146184305,-0.5,1292.676028600328,12733.736781638021
107.25,5.846172314618432,-0.5,1292.9683372613533,12733.70086054122
107.30000000000001,5.821172314618426,-0.5,1293.259395922185,12733.664962094183
107.35000000000001,5.796172314618428,-0.5,1293.5492045828228,12733.629082482214
107.4,5.771172314618429,-0.5,1293.837763243267,12733.593221228475
107.45,5.7461723146184305,-0.5,1294.1250719035174,12733.557379048223
107.5,5.721172314618432,-0.5,1294.4111305635743,12733.521554987783
107.55000000000001,5.696172314618426,-0.5,1294.6959392234376,12733.485749047155
107.60000000000001,5.671172314618428,-0.5,1294.9794978831071,12733.449961941595
107.65,5.646172314618429,-0.5,1295.261806542583,12733.414192717428
107.7,5.6211723146184305,-0.5,1295.542865201865,12733.378440659399
107.75,5.596172314618432,-0.5,1295.8226738609533,12733.342706482763
107.80000000000001,5.571172314618426,-0.5,1296.1012325198478,12733.306988995428
107.85000000000001,5.546172314618428,-0.5,1296.3785411785489,12733.27128867423
107.9,5.521172314618429,-0.5,1296.6545998370564,12733.235604803915
107.95,5.4961723146184305,-0.5,1296.92940849537,12733.1999376229
108.0,5.471172314618432,-0.5,1297.20296715349,12733.164287131185
108.05000000000001,5.446172314618426,-0.5,1297.4752758114162,12733.128652851934
108.10000000000001,5.421172314618428,-0.5,1297.7463344691487,12733.09303573882
108.15,5.396172314618429,-0.5,1298.0161431266874,12733.057434599752
108.2,5.3711723146184305,-0.5,1298.2847017840327,12733.021849911565
108.25,5.346172314618432,-0.5,1298.552010441184,12732.986282151098
108.30000000000001,5.321172314618426,-0.5,1298.818069098142,12732.950731556768
108.35000000000001,5.296172314618428,-0.5,1299.0828777549061,12732.915197651739
108.4,5.271172314618429,-0.5,1299.3464364114766,12732.879680674429
108.45,5.2461723146184305,-0.5,1299.6087450678533,12732.84417847907
108.5,5.221172314618432,-0.5,1299.8698037240363,12732.808692257757
108.55000000000001,5.196172314618426,-0.5,1300.1296123800255,12732.773222248907
108.60000000000001,5.171172314618428,-0.5,1300.3881710358212,12732.737767498846
108.65,5.146172314618429,-0.5,1300.645479691423,12732.702328007574
108.7,5.1211723146184305,-0.5,1300.901538346831,12732.66690544402
108.75,5.096172314618432,-0.5,1301.1563470020458,12732.63149766242
108.80000000000001,5.071172314618426,-0.5,1301.4099056570667,12732.596105139608
108.85000000000001,5.046172314618428,-0.5,1301.6622143118939,12732.560729544515
108.9,5.021172314618429,-0.5,1301.9132729665273,12732.525369685049
108.95,4.9961723146184305,-0.5,1302.163081620967,12732.490025084371
109.0,4.971172314618432,-0.5,1302.4116402752131,12732.454694788808
109.05000000000001,4.946172314618426,-0.5,1302.6589489292653,12732.41938046729
109.10000000000001,4.921172314618428,-0.5,1302.905007583124,12732.384080689306
109.15,4.896172314618429,-0.5,1303.149816236789,12732.348794739599
109.2,4.8711723146184305,-0.5,1303.3933748902605,12732.313521902914
109.25,4.846172314618432,-0.5,1303.635683543538,12732.278262656087
109.30000000000001,4.821172314618426,-0.5,1303.876742196622,12732.243016283865
109.35000000000001,4.796172314618428,-0.5,1304.1165508495124,12732.207782547826
109.4,4.771172314618429,-0.5,1304.3551095022087,12732.17256192481
109.45,4.7461723146184305,-0.5,1304.5924181547116,12732.137354891653
109.5,4.721172314618432,-0.5,1304.8284768070207,12732.10216216361
109.55000000000001,4.696172314618426,-0.5,1305.0632854591363,12732.06698231017
109.60000000000001,4.671172314618428,-0.5,1305.2968441110581,12732.031815808172
109.65,4.646172314618429,-0.5,1305.5291527627862,12731.996662419195
109.7,4.6211723146184305,-0.5,1305.7602114143206,12731.961522381658
109.75,4.596172314618432,-0.5,1305.9900200656614,12731.926395218725
109.80000000000001,4.571172314618426,-0.5,1306.2185787168082,12731.891282360906
109.85000000000001,4.546172314618428,-0.5,1306.4458873677615,12731.856182139272
109.9,4.521172314618429,-0.5,1306.671946018521,12731.821095507497
109.95,4.4961723146184305,-0.5,1306.896754669087,12731.786022465581
110.0,4.471172314618432,-0.5,1307.1203133194592,12731.750962775106
110.05000000000001,4.446172314618426,-0.5,1307.3426219696378,12731.715916912908
110.10000000000001,4.421172314618428,-0.5,1307.5636806196228,12731.68088440215
110.15,4.396172314618429,-0.5,1307.7834892694138,12731.645865004415
110.2,4.3711723146184305,-0.5,1308.0020479190114,12731.610859673376
110.25,4.346172314618432,-0.5,1308.219356568415,12731.575868170614
110.30000000000001,4.321172314618426,-0.5,1308.435415217625,12731.540889542455
110.35000000000001,4.296172314618428,-0.5,1308.6502238666412,12731.505924027319
110.4,4.271172314618429,-0.5,1308.863782515464,12731.470973055715
110.45,4.2461723146184305,-0.5,1309.0760911640932,12731.43603591239
110.5,4.221172314618432,-0.5,1309.2871498125285,12731.401113312597
110.55000000000001,4.196172314618426,-0.5,1309.4969584607702,12731.366205256338
110.60000000000001,4.171172314618428,-0.5,1309.705517108818,12731.331311743612
110.65,4.146172314618429,-0.5,1309.9128257566722,12731.296436827535
110.7,4.1211723146184305,-0.5,1310.1188844043327,12731.261580746526
110.75,4.096172314618432,-0.5,1310.3236930517994,12731.226743023748
110.80000000000001,4.071172314618426,-0.5,1310.5272516990726,12731.191923420782
110.85000000000001,4.046172314618428,-0.5,1310.7295603461523,12731.157122652883
110.9,4.021172314618429,-0.5,1310.930618993038,12731.122340481634
110.95,3.9961723146184305,-0.5,1311.1304276397302,12731.087576907034
111.0,3.971172314618432,-0.5,1311.3289862862284,12731.052831452245
111.05000000000001,3.946172314618426,-0.5,1311.5262949325331,12731.018104594106
111.10000000000001,3.9211723146184276,-0.5,1311.722353578644,12730.983394425268
111.15,3.896172314618429,-0.5,1311.9171622245613,12730.948701422567
111.2,3.8711723146184305,-0.5,1312.110720870285,12730.914025109167
111.25,3.846172314618432,-0.5,1312.3030295158148,12730.879365485067
111.30000000000001,3.821172314618426,-0.5,1312.4940881611512,12730.844723027105
111.35000000000001,3.7961723146184276,-0.5,1312.6838968062937,12730.810098212118
111.4,3.771172314618429,-0.5,1312.8724554512426,12730.775489609594
111.45,3.7461723146184305,-0.5,1313.0597640959977,12730.740898650045
111.5,3.721172314618432,-0.5,1313.245822740559,12730.706324141378
111.55000000000001,3.696172314618426,-0.5,1313.4306313849268,12730.671765606756
111.60000000000001,3.6711723146184276,-0.5,1313.6141900291007,12730.637223284597
111.65,3.646172314618429,-0.5,1313.7964986730813,12730.602698128576
111.7,3.6211723146184305,-0.5,1313.977557316868,12730.568189185018
111.75,3.596172314618432,-0.5,1314.157365960461,12730.53369716918
111.80000000000001,3.571172314618426,-0.5,1314.3359246038603,12730.499221127386
111.85000000000001,3.5461723146184276,-0.5,1314.513233247066,12730.464762966985
111.9,3.521172314618429,-0.5,1314.6892918900778,12730.430321972723
111.95,3.4961723146184305,-0.5,1314.864100532896,12730.39589933669
112.0,3.471172314618432,-0.5,1315.0376591755205,12730.361496727819
112.05000000000001,3.446172314618426,-0.5,1315.2099678179513,12730.32711557662
112.10000000000001,3.4211723146184276,-0.5,1315.3810264601887,12730.292754214162
112.15,3.396172314618429,-0.5,1315.550835102232,12730.258413355703
112.2,3.3711723146184305,-0.5,1315.7193937440818,12730.22409323966
112.25,3.346172314618432,-0.5,1315.8867023857379,12730.189793866033
112.30000000000001,3.321172314618426,-0.5,1316.0527610272002,12730.155514996404
112.35000000000001,3.2961723146184276,-0.5,1316.217569668469,12730.121257346029
112.4,3.271172314618429,-0.5,1316.3811283095438,12730.087019722814
112.45,3.2461723146184305,-0.5,1316.543436950425,12730.052802603597
112.5,3.221172314618432,-0.5,1316.7044955911126,12730.018605034704
112.55000000000001,3.196172314618426,-0.5,1316.8643042316066,12729.984427492971
112.60000000000001,3.1711723146184276,-0.5,1317.022862871907,12729.950270216817
112.65,3.146172314618429,-0.5,1317.1801715120134,12729.916132490987
112.7,3.1211723146184305,-0.5,1317.3362301519262,12729.8820145539
112.75,3.096172314618432,-0.5,1317.4910387916452,12729.84791688239
112.80000000000001,3.071172314618426,-0.5,1317.6445974311707,12729.813838284368
112.85000000000001,3.0461723146184276,-0.5,1317.7969060705022,12729.779780190343
112.9,3.021172314618429,-0.5,1317.9479647096405,12729.745741408224
112.95,2.9961723146184305,-0.5,1318.097773348585,12729.711722891683
113.0,2.971172314618432,-0.5,1318.2463319873357,12729.677724163885
113.05000000000001,2.946172314618426,-0.5,1318.3936406258927,12729.643745940084
113.10000000000001,2.9211723146184276,-0.5,1318.539699264256,12729.609786312933
113.15,2.896172314618429,-0.5,1318.6845079024256,12729.575846712942
113.2,2.8711723146184305,-0.5,1318.8280665404013,12729.541927855367
113.25,2.846172314618432,-0.5,1318.9703751781835,12729.508028548116
113.30000000000001,2.821172314618426,-0.5,1319.1114338157722,12729.474148791189
113.35000000000001,2.7961723146184276,-0.5,1319.251242453167,12729.440288823003
113.4,2.771172314618429,-0.5,1319.389801090368,12729.406448405141
113.45,2.7461723146184305,-0.5,1319.5271097273758,12729.37262801444
113.5,2.721172314618432,-0.5,1319.6631683641895,12729.338827174062
113.55000000000001,2.696172314618426,-0.5,1319.7979770008094,12729.305046837682
113.60000000000001,2.6711723146184276,-0.5,1319.9315356372358,12729.271286766882
113.65,2.646172314618429,-0.5,1320.0638442734685,12729.237547200079
113.7,2.6211723146184305,-0.5,1320.1949029095072,12729.203827898855
113.75,2.596172314618432,-0.5,1320.3247115453526,12729.17012886321
113.80000000000001,2.571172314618426,-0.5,1320.4532701810042,12729.1364508084
113.85000000000001,2.5461723146184276,-0.5,1320.5805788164623,12729.102793496008
113.9,2.521172314618429,-0.5,1320.7066374517265,12729.069156449194
113.95,2.4961723146184305,-0.5,1320.8314460867969,12729.035539191122
114.0,2.471172314618432,-0.5,1320.9550047216737,12729.001942675466
114.05000000000001,2.446172314618426,-0.5,1321.0773133563569,12728.968367379064
114.10000000000001,2.4211723146184276,-0.5,1321.198371990846,12728.934811632986
114.15,2.396172314618429,-0.5,1321.3181806251418,12728.901276629324
114.2,2.3711723146184305,-0.5,1321.4367392592442,12728.86776189124
114.25,2.346172314618432,-0.5,1321.5540478931525,12728.834266703481
114.30000000000001,2.321172314618426,-0.5,1321.6701065268671,12728.800791542883
114.35000000000001,2.2961723146184276,-0.5,1321.7849151603882,12728.767336171026
114.4,2.271172314618429,-0.5,1321.8984737937153,12728.733900349493
114.45,2.2461723146184305,-0.5,1322.010782426849,12728.700483601446
114.5,2.221172314618432,-0.5,1322.1218410597887,12728.66708688056
114.55000000000001,2.196172314618426,-0.5,1322.231649692535,12728.633709709997
114.60000000000001,2.1711723146184276,-0.5,1322.3402083250876,12728.600351851339
114.65,2.146172314618429,-0.5,1322.4475169574466,12728.567014496679
114.7,2.1211723146184305,-0.5,1322.5535755896117,12728.53369550025
114.75,2.096172314618432,-0.5,1322.6583842215832,12728.5003967694
114.80000000000001,2.071172314618426,-0.5,1322.7619428533608,12728.46711806571
114.85000000000001,2.0461723146184276,-0.5,1322.8642514849448,12728.433856766576
114.9,2.021172314618429,-0.5,1322.965310116335,12728.400613348836
114.95,1.9961723146184305,-0.5,1323.0651187475316,12728.367388766164
115.0,1.971172314618432,-0.5,1323.1636773785347,12728.334183256979
115.05000000000001,1.9461723146184262,-0.5,1323.2609860093442,12728.300998728628
115.10000000000001,1.9211723146184276,-0.5,1323.3570446399597,12728.2678337506
115.15,1.896172314618429,-0.5,1323.4518532703817,12728.234688322897
115.2,1.8711723146184305,-0.5,1323.5454119006097,12728.201564591283
115.25,1.846172314618432,-0.5,1323.6377205306442,12728.168460648412
115.30000000000001,1.8211723146184262,-0.5,1323.728779160485,12728.135377686376
115.35000000000001,1.7961723146184276,-0.5,1323.818587790132,12728.102314274664
115.4,1.771172314618429,-0.5,1323.9071464195856,12728.069271605367
115.45,1.7461723146184305,-0.5,1323.9944550488453,12728.036249916906
115.5,1.721172314618432,-0.5,1324.0805136779115,12728.003248017187
115.55000000000001,1.6961723146184262,-0.5,1324.1653223067838,12727.970266383047
115.60000000000001,1.6711723146184276,-0.5,1324.2488809354625,12727.93730596816
115.65,1.646172314618429,-0.5,1324.3311895639474,12727.904366057272
115.7,1.6211723146184305,-0.5,1324.4122481922386,12727.87144665038
115.75,1.596172314618432,-0.5,1324.492056820336,12727.838547509069
115.80000000000001,1.5711723146184262,-0.5,1324.5706154482402,12727.805669348592
115.85000000000001,1.5461723146184276,-0.5,1324.6479240759504,12727.772811453695
115.9,1.521172314618429,-0.5,1324.723982703467,12727.739974062795
115.95,1.4961723146184305,-0.5,1324.7987913307898,12727.707156937475
116.0,1.471172314618432,-0.5,1324.872349957919,12727.67436055457
116.05000000000001,1.4461723146184262,-0.5,1324.9446585848543,12727.641584914083
116.10000000000001,1.4211723146184276,-0.5,1325.015717211596,12727.608830492849
116.15,1.396172314618429,-0.5,1325.085525838144,12727.576096814031
116.2,1.3711723146184305,-0.5,1325.1540844644983,12727.543383639211
116.25,1.346172314618432,-0.5,1325.221393090659,12727.510690491552
116.30000000000001,1.3211723146184262,-0.5,1325.287451716626,12727.478018801565
116.35000000000001,1.2961723146184276,-0.5,1325.3522603423994,12727.445367138738
116.4,1.271172314618429,-0.5,1325.4158189679788,12727.412736456747
116.45,1.2461723146184305,-0.5,1325.478127593365,12727.380126517171
116.5,1.221172314618432,-0.5,1325.539186218557,12727.347537320013
116.55000000000001,1.1961723146184262,-0.5,1325.5989948435554,12727.314968150014
116.60000000000001,1.1711723146184276,-0.5,1325.65755346836,12727.282420437688
116.65,1.146172314618429,-0.5,1325.7148620929713,12727.249892990942
116.7,1.1211723146184305,-0.5,1325.770920717389,12727.217386048193
116.75,1.096172314618432,-0.5,1325.8257293416125,12727.184900086279
116.80000000000001,1.0711723146184262,-0.5,1325.8792879656426,12727.152434389944
116.85000000000001,1.0461723146184276,-0.5,1325.9315965894789,12727.11998848235
116.9,1.021172314618429,-0.5,1325.9826552131217,12727.087562125082
116.95,0.9961723146184305,-0.5,1326.0324638365705,12727.055155794973
117.0,0.9711723146184319,-0.5,1326.0810224598256,12727.022769253606
117.05000000000001,0.9461723146184262,-0.5,1326.1283310828874,12726.990402977819
117.10000000000001,0.9211723146184276,-0.5,1326.1743897057554,12726.958056252355
117.15,0.8961723146184291,-0.5,1326.2191983284297,12726.925729315633
117.2,0.8711723146184305,-0.5,1326.26275695091,12726.893421690816
117.25,0.8461723146184319,-0.5,1326.305065573197,12726.861133139486
117.30000000000001,0.8211723146184262,-0.5,1326.34612419529,12726.82886390006
117.35000000000001,0.7961723146184276,-0.5,1326.3859328171893,12726.796614210958
117.4,0.7711723146184291,-0.5,1326.424491438895,12726.76438407218
117.45,0.7461723146184305,-0.5,1326.4618000604069,12726.732173722143
117.5,0.7211723146184319,-0.5,1326.4978586817253,12726.699982445592
117.55000000000001,0.6961723146184262,-0.5,1326.53266730285,12726.667810480947
117.60000000000001,0.6711723146184276,-0.5,1326.566225923781,12726.635658305044
117.65,0.6461723146184291,-0.5,1326.5985345445183,12726.60352472579
117.7,0.6211723146184305,-0.5,1326.629593165062,12726.571410696859
117.75,0.5961723146184319,-0.5,1326.6594017854118,12726.539316695089
117.80000000000001,0.5711723146184262,-0.5,1326.687960405568,12726.507242005224
117.85000000000001,0.5461723146184276,-0.5,1326.7152690255302,12726.4751871041
117.9,0.5211723146184291,-0.5,1326.7413276452992,12726.443151276464
117.95,0.4961723146184305,-0.5,1326.7661362648744,12726.411134522314
118.0,0.4711723146184319,-0.5,1326.7896948842558,12726.379136603231
118.05000000000001,0.4461723146184262,-0.5,1326.8120035034435,12726.34715847289
118.10000000000001,0.42117231461842763,-0.5,1326.8330621224377,12726.315198939199
118.15,0.39617231461842906,-0.5,1326.852870741238,12726.28325919425
118.2,0.3711723146184305,-0.5,1326.8714293598446,12726.251339238042
118.25,0.3461723146184319,-0.5,1326.8887379782573,12726.219438116903
118.30000000000001,0.3211723146184262,-0.5,1326.9047965964767,12726.187555830831
118.35000000000001,0.29617231461842763,-0.5,1326.9196052145023,12726.155693095083
118.4,0.27117231461842906,-0.5,1326.9331638323342,12726.123848955984
118.45,0.24617231461843048,-0.5,1326.9454724499726,12726.092024367208
118.5,0.2211723146184319,-0.5,1326.956531067417,12726.060219328756
118.55000000000001,0.1961723146184262,-0.5,1326.966339684668,12726.028432648534
118.60000000000001,0.17117231461842763,-0.5,1326.9748983017248,12725.996665280218
118.65,0.14617231461842906,-0.5,1326.9822069185882,12725.964917462225
118.7,0.12117231461843048,-0.5,1326.9882655352578,12725.933188002462
118.75,0.0961723146184319,-0.5,1326.993074151734,12725.901477854604
118.80000000000001,0.07117231461842621,-0.5,1326.9966327680163,12725.869787018652
118.85000000000001,0.046172314618427635,-0.5,1326.998941384105,12725.838114779348
118.9,0.021172314618429056,-0.5,1327.0,12725.80646185195
118.95,0.0,-0.5,1327.0,12725.774823706503
