t_local,v(m/s),s_local(m),t_global,station_pair
0.0,0.0,0.0,3370.0107235543733,永茂路-镇海大道
0.05,0.027500000000000004,0.0013750000000000004,3370.0607235543735,永茂路-镇海大道
0.1,0.05500000000000001,0.004125000000000001,3370.110723554373,永茂路-镇海大道
0.15000000000000002,0.08250000000000002,0.008250000000000002,3370.1607235543734,永茂路-镇海大道
0.2,0.11000000000000001,0.013750000000000004,3370.210723554373,永茂路-镇海大道
0.25,0.1375,0.020625000000000004,3370.2607235543733,永茂路-镇海大道
0.30000000000000004,0.16500000000000004,0.028875000000000005,3370.3107235543735,永茂路-镇海大道
0.35000000000000003,0.19250000000000003,0.038500000000000006,3370.360723554373,永茂路-镇海大道
0.4,0.22000000000000003,0.04950000000000001,3370.4107235543734,永茂路-镇海大道
0.45,0.24750000000000003,0.06187500000000001,3370.460723554373,永茂路-镇海大道
0.5,0.275,0.07562500000000001,3370.5107235543733,永茂路-镇海大道
0.55,0.30250000000000005,0.09075000000000001,3370.5607235543735,永茂路-镇海大道
0.6000000000000001,0.33000000000000007,0.10725000000000001,3370.610723554373,永茂路-镇海大道
0.65,0.35750000000000004,0.12512500000000001,3370.6607235543734,永茂路-镇海大道
0.7000000000000001,0.38500000000000006,0.14437500000000003,3370.710723554373,永茂路-镇海大道
0.75,0.41250000000000003,0.16500000000000004,3370.7607235543733,永茂路-镇海大道
0.8,0.44000000000000006,0.18700000000000006,3370.8107235543735,永茂路-镇海大道
0.8500000000000001,0.4675000000000001,0.21037500000000006,3370.860723554373,永茂路-镇海大道
0.9,0.49500000000000005,0.23512500000000006,3370.9107235543734,永茂路-镇海大道
0.9500000000000001,0.5225000000000001,0.26125000000000004,3370.960723554373,永茂路-镇海大道
1.0,0.55,0.28875000000000006,3371.0107235543733,永茂路-镇海大道
1.05,0.5775000000000001,0.31762500000000005,3371.0607235543735,永茂路-镇海大道
1.1,0.6050000000000001,0.34787500000000005,3371.110723554373,永茂路-镇海大道
1.1500000000000001,0.6325000000000002,0.37950000000000006,3371.1607235543734,永茂路-镇海大道
1.2000000000000002,0.6600000000000001,0.4125000000000001,3371.210723554373,永茂路-镇海大道
1.25,0.6875,0.4468750000000001,3371.2607235543733,永茂路-镇海大道
1.3,0.7150000000000001,0.4826250000000001,3371.3107235543735,永茂路-镇海大道
1.35,0.7425000000000002,0.51975,3371.360723554373,永茂路-镇海大道
1.4000000000000001,0.7700000000000001,0.55825,3371.4107235543734,永茂路-镇海大道
1.4500000000000002,0.7975000000000002,0.598125,3371.460723554373,永茂路-镇海大道
1.5,0.8250000000000001,0.639375,3371.5107235543733,永茂路-镇海大道
1.55,0.8525000000000001,0.682,3371.5607235543735,永茂路-镇海大道
1.6,0.8800000000000001,0.7260000000000001,3371.610723554373,永茂路-镇海大道
1.6500000000000001,0.9075000000000002,0.7713750000000001,3371.6607235543734,永茂路-镇海大道
1.7000000000000002,0.9350000000000002,0.8181250000000002,3371.710723554373,永茂路-镇海大道
1.75,0.9625000000000001,0.8662500000000002,3371.7607235543733,永茂路-镇海大道
1.8,0.9900000000000001,0.9157500000000002,3371.8107235543735,永茂路-镇海大道
1.85,1.0175,0.9666250000000002,3371.860723554373,永茂路-镇海大道
1.9000000000000001,1.0450000000000002,1.0188750000000002,3371.9107235543734,永茂路-镇海大道
1.9500000000000002,1.0725000000000002,1.0725000000000002,3371.960723554373,永茂路-镇海大道
2.0,1.1,1.1275000000000002,3372.0107235543733,永茂路-镇海大道
2.0500000000000003,1.1275000000000002,1.1838750000000002,3372.0607235543735,永茂路-镇海大道
2.1,1.1550000000000002,1.2416250000000002,3372.110723554373,永茂路-镇海大道
2.15,1.1825,1.3007500000000003,3372.1607235543734,永茂路-镇海大道
2.2,1.2100000000000002,1.3612500000000003,3372.210723554373,永茂路-镇海大道
2.25,1.2375,1.4231250000000002,3372.2607235543733,永茂路-镇海大道
2.3000000000000003,1.2650000000000003,1.4863750000000002,3372.3107235543735,永茂路-镇海大道
2.35,1.2925000000000002,1.5510000000000002,3372.360723554373,永茂路-镇海大道
2.4000000000000004,1.3200000000000003,1.6170000000000002,3372.4107235543734,永茂路-镇海大道
2.45,1.3475000000000001,1.6843750000000002,3372.460723554373,永茂路-镇海大道
2.5,1.375,1.7531250000000003,3372.5107235543733,永茂路-镇海大道
2.5500000000000003,1.4025000000000003,1.8232500000000003,3372.5607235543735,永茂路-镇海大道
2.6,1.4300000000000002,1.8947500000000002,3372.610723554373,永茂路-镇海大道
2.6500000000000004,1.4575000000000002,1.9676250000000002,3372.6607235543734,永茂路-镇海大道
2.7,1.4850000000000003,2.041875,3372.710723554373,永茂路-镇海大道
2.75,1.5125000000000002,2.1175,3372.7607235543733,永茂路-镇海大道
2.8000000000000003,1.5400000000000003,2.1945,3372.8107235543735,永茂路-镇海大道
2.85,1.5675000000000001,2.272875,3372.860723554373,永茂路-镇海大道
2.9000000000000004,1.5950000000000004,2.352625,3372.9107235543734,永茂路-镇海大道
2.95,1.6225000000000003,2.4337500000000003,3372.960723554373,永茂路-镇海大道
3.0,1.6500000000000001,2.5162500000000003,3373.0107235543733,永茂路-镇海大道
3.0500000000000003,1.6775000000000002,2.6001250000000002,3373.0607235543735,永茂路-镇海大道
3.1,1.7050000000000003,2.685375,3373.110723554373,永茂路-镇海大道
3.1500000000000004,1.7325000000000004,2.7720000000000002,3373.1607235543734,永茂路-镇海大道
3.2,1.7600000000000002,2.8600000000000003,3373.210723554373,永茂路-镇海大道
3.25,1.7875,2.9493750000000003,3373.2607235543733,永茂路-镇海大道
3.3000000000000003,1.8150000000000004,3.040125,3373.3107235543735,永茂路-镇海大道
3.35,1.8425000000000002,3.13225,3373.360723554373,永茂路-镇海大道
3.4000000000000004,1.8700000000000003,3.22575,3373.4107235543734,永茂路-镇海大道
3.45,1.8975000000000002,3.320625,3373.460723554373,永茂路-镇海大道
3.5,1.9250000000000003,3.416875,3373.5107235543733,永茂路-镇海大道
3.5500000000000003,1.9525000000000003,3.5145,3373.5607235543735,永茂路-镇海大道
3.6,1.9800000000000002,3.6135,3373.610723554373,永茂路-镇海大道
3.6500000000000004,2.0075000000000003,3.7138750000000003,3373.6607235543734,永茂路-镇海大道
3.7,2.035,3.8156250000000003,3373.710723554373,永茂路-镇海大道
3.75,2.0625,3.91875,3373.7607235543733,永茂路-镇海大道
3.8000000000000003,2.0900000000000003,4.02325,3373.8107235543735,永茂路-镇海大道
3.85,2.1175,4.129125,3373.860723554373,永茂路-镇海大道
3.9000000000000004,2.1450000000000005,4.236375,3373.9107235543734,永茂路-镇海大道
3.95,2.1725000000000003,4.345,3373.960723554373,永茂路-镇海大道
4.0,2.2,4.455,3374.0107235543733,永茂路-镇海大道
4.05,2.2275,4.566375,3374.0607235543735,永茂路-镇海大道
4.1000000000000005,2.2550000000000003,4.679125,3374.110723554373,永茂路-镇海大道
4.15,2.2825,4.79325,3374.1607235543734,永茂路-镇海大道
4.2,2.3100000000000005,4.9087499999999995,3374.210723554373,永茂路-镇海大道
4.25,2.3375000000000004,5.025625,3374.2607235543733,永茂路-镇海大道
4.3,2.365,5.1438749999999995,3374.3107235543735,永茂路-镇海大道
4.3500000000000005,2.3925000000000005,5.2635,3374.360723554373,永茂路-镇海大道
4.4,2.4200000000000004,5.3845,3374.4107235543734,永茂路-镇海大道
4.45,2.4475000000000002,5.506875,3374.460723554373,永茂路-镇海大道
4.5,2.475,5.630625,3374.5107235543733,永茂路-镇海大道
4.55,2.5025,5.75575,3374.5607235543735,永茂路-镇海大道
4.6000000000000005,2.5300000000000007,5.88225,3374.610723554373,永茂路-镇海大道
4.65,2.5575000000000006,6.010125,3374.6607235543734,永茂路-镇海大道
4.7,2.5850000000000004,6.139375,3374.710723554373,永茂路-镇海大道
4.75,2.6125000000000003,6.2700000000000005,3374.7607235543733,永茂路-镇海大道
4.800000000000001,2.6400000000000006,6.402,3374.8107235543735,永茂路-镇海大道
4.8500000000000005,2.6675000000000004,6.535375,3374.860723554373,永茂路-镇海大道
4.9,2.6950000000000003,6.6701250000000005,3374.9107235543734,永茂路-镇海大道
4.95,2.7225,6.80625,3374.960723554373,永茂路-镇海大道
5.0,2.75,6.9437500000000005,3375.0107235543733,永茂路-镇海大道
5.050000000000001,2.7775000000000007,7.082625,3375.0607235543735,永茂路-镇海大道
5.1000000000000005,2.8050000000000006,7.222875,3375.110723554373,永茂路-镇海大道
5.15,2.8325000000000005,7.3645000000000005,3375.1607235543734,永茂路-镇海大道
5.2,2.8600000000000003,7.5075,3375.210723554373,永茂路-镇海大道
5.25,2.8875,7.651875,3375.2607235543733,永茂路-镇海大道
5.300000000000001,2.9150000000000005,7.797625,3375.3107235543735,永茂路-镇海大道
5.3500000000000005,2.9425000000000003,7.94475,3375.360723554373,永茂路-镇海大道
5.4,2.9700000000000006,8.09325,3375.4107235543734,永茂路-镇海大道
5.45,2.9975000000000005,8.243125,3375.460723554373,永茂路-镇海大道
5.5,3.0250000000000004,8.394374999999998,3375.5107235543733,永茂路-镇海大道
5.550000000000001,3.0525000000000007,8.546999999999999,3375.5607235543735,永茂路-镇海大道
5.6000000000000005,3.0800000000000005,8.700999999999999,3375.610723554373,永茂路-镇海大道
5.65,3.1075000000000004,8.856374999999998,3375.6607235543734,永茂路-镇海大道
5.7,3.1350000000000002,9.013124999999999,3375.710723554373,永茂路-镇海大道
5.75,3.1625,9.171249999999999,3375.7607235543733,永茂路-镇海大道
5.800000000000001,3.190000000000001,9.330749999999998,3375.8107235543735,永茂路-镇海大道
5.8500000000000005,3.2175000000000007,9.491624999999999,3375.860723554373,永茂路-镇海大道
5.9,3.2450000000000006,9.653875,3375.9107235543734,永茂路-镇海大道
5.95,3.2725000000000004,9.817499999999999,3375.960723554373,永茂路-镇海大道
6.0,3.3000000000000003,9.982499999999998,3376.0107235543733,永茂路-镇海大道
6.050000000000001,3.3275000000000006,10.148874999999999,3376.0607235543735,永茂路-镇海大道
6.1000000000000005,3.3550000000000004,10.316624999999998,3376.110723554373,永茂路-镇海大道
6.15,3.3825000000000003,10.485749999999998,3376.1607235543734,永茂路-镇海大道
6.2,3.4100000000000006,10.656249999999998,3376.210723554373,永茂路-镇海大道
6.25,3.4375000000000004,10.828124999999998,3376.2607235543733,永茂路-镇海大道
6.300000000000001,3.4650000000000007,11.001374999999998,3376.3107235543735,永茂路-镇海大道
6.3500000000000005,3.4925000000000006,11.175999999999998,3376.360723554373,永茂路-镇海大道
6.4,3.5200000000000005,11.351999999999999,3376.4107235543734,永茂路-镇海大道
6.45,3.5475000000000003,11.529374999999998,3376.460723554373,永茂路-镇海大道
6.5,3.575,11.708124999999999,3376.5107235543733,永茂路-镇海大道
6.550000000000001,3.6025000000000005,11.88825,3376.5607235543735,永茂路-镇海大道
6.6000000000000005,3.630000000000001,12.069749999999999,3376.610723554373,永茂路-镇海大道
6.65,3.6575000000000006,12.252624999999998,3376.6607235543734,永茂路-镇海大道
6.7,3.6850000000000005,12.436874999999999,3376.710723554373,永茂路-镇海大道
6.75,3.7125000000000004,12.622499999999999,3376.7607235543733,永茂路-镇海大道
6.800000000000001,3.7400000000000007,12.809499999999998,3376.8107235543735,永茂路-镇海大道
6.8500000000000005,3.7675000000000005,12.997874999999999,3376.860723554373,永茂路-镇海大道
6.9,3.7950000000000004,13.187624999999999,3376.9107235543734,永茂路-镇海大道
6.95,3.8225000000000002,13.378749999999998,3376.960723554373,永茂路-镇海大道
7.0,3.8500000000000005,13.57125,3377.0107235543733,永茂路-镇海大道
7.050000000000001,3.877500000000001,13.765125,3377.0607235543735,永茂路-镇海大道
7.1000000000000005,3.9050000000000007,13.960374999999999,3377.110723554373,永茂路-镇海大道
7.15,3.9325000000000006,14.157,3377.1607235543734,永茂路-镇海大道
7.2,3.9600000000000004,14.355,3377.210723554373,永茂路-镇海大道
7.25,3.9875000000000003,14.554375,3377.2607235543733,永茂路-镇海大道
7.300000000000001,4.015000000000001,14.755125,3377.3107235543735,永茂路-镇海大道
7.3500000000000005,4.0425,14.95725,3377.360723554373,永茂路-镇海大道
7.4,4.07,15.16075,3377.4107235543734,永茂路-镇海大道
7.45,4.0975,15.365625,3377.460723554373,永茂路-镇海大道
7.5,4.125,15.571875,3377.5107235543733,永茂路-镇海大道
7.550000000000001,4.152500000000001,15.7795,3377.5607235543735,永茂路-镇海大道
7.6000000000000005,4.180000000000001,15.9885,3377.610723554373,永茂路-镇海大道
7.65,4.2075000000000005,16.198875,3377.6607235543734,永茂路-镇海大道
7.7,4.235,16.410625,3377.710723554373,永茂路-镇海大道
7.75,4.2625,16.62375,3377.7607235543733,永茂路-镇海大道
7.800000000000001,4.290000000000001,16.838250000000002,3377.8107235543735,永茂路-镇海大道
7.8500000000000005,4.317500000000001,17.054125000000003,3377.860723554373,永茂路-镇海大道
7.9,4.345000000000001,17.271375000000003,3377.9107235543734,永茂路-镇海大道
7.95,4.3725000000000005,17.490000000000002,3377.960723554373,永茂路-镇海大道
8.0,4.4,17.71,3378.0107235543733,永茂路-镇海大道
8.05,4.427500000000001,17.931375,3378.0607235543735,永茂路-镇海大道
8.1,4.455,18.154125,3378.110723554373,永茂路-镇海大道
8.15,4.482500000000001,18.37825,3378.1607235543734,永茂路-镇海大道
8.200000000000001,4.510000000000001,18.60375,3378.210723554373,永茂路-镇海大道
8.25,4.5375000000000005,18.830625,3378.2607235543733,永茂路-镇海大道
8.3,4.565,19.058875,3378.3107235543735,永茂路-镇海大道
8.35,4.5925,19.2885,3378.360723554373,永茂路-镇海大道
8.4,4.620000000000001,19.5195,3378.4107235543734,永茂路-镇海大道
8.450000000000001,4.647500000000001,19.751875000000002,3378.460723554373,永茂路-镇海大道
8.5,4.675000000000001,19.985625000000002,3378.5107235543733,永茂路-镇海大道
8.55,4.702500000000001,20.220750000000002,3378.5607235543735,永茂路-镇海大道
8.6,4.73,20.457250000000002,3378.610723554373,永茂路-镇海大道
8.65,4.7575,20.695125,3378.6607235543734,永茂路-镇海大道
8.700000000000001,4.785000000000001,20.934375,3378.710723554373,永茂路-镇海大道
8.75,4.8125,21.175,3378.7607235543733,永茂路-镇海大道
8.8,4.840000000000001,21.417,3378.8107235543735,永茂路-镇海大道
8.85,4.867500000000001,21.660375000000002,3378.860723554373,永茂路-镇海大道
8.9,4.8950000000000005,21.905125,3378.9107235543734,永茂路-镇海大道
8.950000000000001,4.922500000000001,22.15125,3378.960723554373,永茂路-镇海大道
9.0,4.95,22.39875,3379.0107235543733,永茂路-镇海大道
9.05,4.977500000000001,22.647625,3379.0607235543735,永茂路-镇海大道
9.1,5.005,22.897875000000003,3379.110723554373,永茂路-镇海大道
9.15,5.032500000000001,23.149500000000003,3379.1607235543734,永茂路-镇海大道
9.200000000000001,5.060000000000001,23.402500000000003,3379.210723554373,永茂路-镇海大道
9.25,5.0875,23.656875000000003,3379.2607235543733,永茂路-镇海大道
9.3,5.115000000000001,23.912625000000002,3379.3107235543735,永茂路-镇海大道
9.35,5.1425,24.16975,3379.360723554373,永茂路-镇海大道
9.4,5.170000000000001,24.428250000000002,3379.4107235543734,永茂路-镇海大道
9.450000000000001,5.197500000000001,24.688125000000003,3379.460723554373,永茂路-镇海大道
9.5,5.2250000000000005,24.949375000000003,3379.5107235543733,永茂路-镇海大道
9.55,5.2525,25.212000000000003,3379.5607235543735,永茂路-镇海大道
9.600000000000001,5.280000000000001,25.476000000000003,3379.610723554373,永茂路-镇海大道
9.65,5.307500000000001,25.741375,3379.6607235543734,永茂路-镇海大道
9.700000000000001,5.335000000000001,26.008125,3379.710723554373,永茂路-镇海大道
9.75,5.362500000000001,26.27625,3379.7607235543733,永茂路-镇海大道
9.8,5.390000000000001,26.54575,3379.8107235543735,永茂路-镇海大道
9.850000000000001,5.417500000000001,26.816625000000002,3379.860723554373,永茂路-镇海大道
9.9,5.445,27.088875,3379.9107235543734,永茂路-镇海大道
9.950000000000001,5.472500000000001,27.3625,3379.960723554373,永茂路-镇海大道
10.0,5.5,27.6375,3380.0107235543733,永茂路-镇海大道
10.05,5.527500000000001,27.913875,3380.0607235543735,永茂路-镇海大道
10.100000000000001,5.5550000000000015,28.191625000000002,3380.110723554373,永茂路-镇海大道
10.15,5.5825000000000005,28.470750000000002,3380.1607235543734,永茂路-镇海大道
10.200000000000001,5.610000000000001,28.751250000000002,3380.210723554373,永茂路-镇海大道
10.25,5.6375,29.033125000000002,3380.2607235543733,永茂路-镇海大道
10.3,5.665000000000001,29.316375,3380.3107235543735,永茂路-镇海大道
10.350000000000001,5.692500000000002,29.601,3380.360723554373,永茂路-镇海大道
10.4,5.720000000000001,29.887,3380.4107235543734,永茂路-镇海大道
10.450000000000001,5.747500000000001,30.174375,3380.460723554373,永茂路-镇海大道
10.5,5.775,30.463125,3380.5107235543733,永茂路-镇海大道
10.55,5.802500000000001,30.75325,3380.5607235543735,永茂路-镇海大道
10.600000000000001,5.830000000000001,31.04475,3380.610723554373,永茂路-镇海大道
10.65,5.857500000000001,31.337625,3380.6607235543734,永茂路-镇海大道
10.700000000000001,5.885000000000001,31.631875,3380.710723554373,永茂路-镇海大道
10.75,5.9125000000000005,31.927500000000002,3380.7607235543733,永茂路-镇海大道
10.8,5.940000000000001,32.2245,3380.8107235543735,永茂路-镇海大道
10.850000000000001,5.967500000000001,32.522875,3380.860723554373,永茂路-镇海大道
10.9,5.995000000000001,32.822625,3380.9107235543734,永茂路-镇海大道
10.950000000000001,6.022500000000001,33.12375,3380.960723554373,永茂路-镇海大道
11.0,6.050000000000001,33.42625,3381.0107235543733,永茂路-镇海大道
11.05,6.077500000000001,33.730125,3381.0607235543735,永茂路-镇海大道
11.100000000000001,6.105000000000001,34.035375,3381.110723554373,永茂路-镇海大道
11.15,6.1325,34.342,3381.1607235543734,永茂路-镇海大道
11.200000000000001,6.160000000000001,34.65,3381.210723554373,永茂路-镇海大道
11.25,6.187500000000001,34.959375,3381.2607235543733,永茂路-镇海大道
11.3,6.215000000000001,35.270125,3381.3107235543735,永茂路-镇海大道
11.350000000000001,6.2425000000000015,35.58225,3381.360723554373,永茂路-镇海大道
11.4,6.2700000000000005,35.89575,3381.4107235543734,永茂路-镇海大道
11.450000000000001,6.297500000000001,36.210625,3381.460723554373,永茂路-镇海大道
11.5,6.325,36.526875,3381.5107235543733,永茂路-镇海大道
11.55,6.352500000000001,36.8445,3381.5607235543735,永茂路-镇海大道
11.600000000000001,6.380000000000002,37.1635,3381.610723554373,永茂路-镇海大道
11.65,6.407500000000001,37.483875,3381.6607235543734,永茂路-镇海大道
11.700000000000001,6.435000000000001,37.805625,3381.710723554373,永茂路-镇海大道
11.75,6.4625,38.12875,3381.7607235543733,永茂路-镇海大道
11.8,6.490000000000001,38.45325,3381.8107235543735,永茂路-镇海大道
11.850000000000001,6.517500000000001,38.779125,3381.860723554373,永茂路-镇海大道
11.9,6.545000000000001,39.106375,3381.9107235543734,永茂路-镇海大道
11.950000000000001,6.572500000000001,39.435,3381.960723554373,永茂路-镇海大道
12.0,6.6000000000000005,39.765,3382.0107235543733,永茂路-镇海大道
12.05,6.627500000000001,40.096375,3382.0607235543735,永茂路-镇海大道
12.100000000000001,6.655000000000001,40.429125,3382.110723554373,永茂路-镇海大道
12.15,6.682500000000001,40.76325,3382.1607235543734,永茂路-镇海大道
12.200000000000001,6.710000000000001,41.09875,3382.210723554373,永茂路-镇海大道
12.25,6.737500000000001,41.435625,3382.2607235543733,永茂路-镇海大道
12.3,6.765000000000001,41.773875000000004,3382.3107235543735,永茂路-镇海大道
12.350000000000001,6.792500000000001,42.1135,3382.360723554373,永茂路-镇海大道
12.4,6.820000000000001,42.4545,3382.4107235543734,永茂路-镇海大道
12.450000000000001,6.847500000000001,42.796875,3382.460723554373,永茂路-镇海大道
12.5,6.875000000000001,43.140625,3382.5107235543733,永茂路-镇海大道
12.55,6.902500000000001,43.48575,3382.5607235543735,永茂路-镇海大道
12.600000000000001,6.9300000000000015,43.83225,3382.610723554373,永茂路-镇海大道
12.65,6.9575000000000005,44.180125000000004,3382.6607235543734,永茂路-镇海大道
12.700000000000001,6.985000000000001,44.529375,3382.710723554373,永茂路-镇海大道
12.75,7.0125,44.88,3382.7607235543733,永茂路-镇海大道
12.8,7.040000000000001,45.232,3382.8107235543735,永茂路-镇海大道
12.850000000000001,7.067500000000002,45.585375,3382.860723554373,永茂路-镇海大道
12.9,7.095000000000001,45.940125,3382.9107235543734,永茂路-镇海大道
12.950000000000001,7.122500000000001,46.29625,3382.960723554373,永茂路-镇海大道
13.0,7.15,46.65375,3383.0107235543733,永茂路-镇海大道
13.05,7.177500000000001,47.012625,3383.0607235543735,永茂路-镇海大道
13.100000000000001,7.205000000000001,47.372875,3383.110723554373,永茂路-镇海大道
13.15,7.232500000000001,47.7345,3383.1607235543734,永茂路-镇海大道
13.200000000000001,7.260000000000002,48.0975,3383.210723554373,永茂路-镇海大道
13.25,7.2875000000000005,48.461875,3383.2607235543733,永茂路-镇海大道
13.3,7.315000000000001,48.827625,3383.3107235543735,永茂路-镇海大道
13.350000000000001,7.342500000000001,49.19475,3383.360723554373,永茂路-镇海大道
13.4,7.370000000000001,49.56325,3383.4107235543734,永茂路-镇海大道
13.450000000000001,7.397500000000001,49.933125,3383.460723554373,永茂路-镇海大道
13.5,7.425000000000001,50.304375,3383.5107235543733,永茂路-镇海大道
13.55,7.452500000000001,50.677,3383.5607235543735,永茂路-镇海大道
13.600000000000001,7.480000000000001,51.051,3383.610723554373,永茂路-镇海大道
13.65,7.507500000000001,51.426375,3383.6607235543734,永茂路-镇海大道
13.700000000000001,7.535000000000001,51.803125,3383.710723554373,永茂路-镇海大道
13.75,7.562500000000001,52.18125,3383.7607235543733,永茂路-镇海大道
13.8,7.590000000000001,52.56075,3383.8107235543735,永茂路-镇海大道
13.850000000000001,7.6175000000000015,52.941625,3383.860723554373,永茂路-镇海大道
13.9,7.6450000000000005,53.323875,3383.9107235543734,永茂路-镇海大道
13.950000000000001,7.672500000000001,53.7075,3383.960723554373,永茂路-镇海大道
14.0,7.700000000000001,54.0925,3384.0107235543733,永茂路-镇海大道
14.05,7.727500000000001,54.478875,3384.0607235543735,永茂路-镇海大道
14.100000000000001,7.755000000000002,54.866625,3384.110723554373,永茂路-镇海大道
14.15,7.782500000000001,55.25575,3384.1607235543734,永茂路-镇海大道
14.200000000000001,7.810000000000001,55.64625,3384.210723554373,永茂路-镇海大道
14.25,7.8375,56.038125,3384.2607235543733,永茂路-镇海大道
14.3,7.865000000000001,56.431375,3384.3107235543735,永茂路-镇海大道
14.350000000000001,7.892500000000002,56.826,3384.360723554373,永茂路-镇海大道
14.4,7.920000000000001,57.222,3384.4107235543734,永茂路-镇海大道
14.450000000000001,7.947500000000002,57.619375,3384.460723554373,永茂路-镇海大道
14.5,7.9750000000000005,58.018125,3384.5107235543733,永茂路-镇海大道
14.55,8.002500000000001,58.41825,3384.5607235543735,永茂路-镇海大道
14.600000000000001,8.030000000000001,58.81975,3384.610723554373,永茂路-镇海大道
14.65,8.057500000000001,59.222625,3384.6607235543734,永茂路-镇海大道
14.700000000000001,8.085,59.626875,3384.710723554373,永茂路-镇海大道
14.75,8.1125,60.0325,3384.7607235543733,永茂路-镇海大道
14.8,8.14,60.439499999999995,3384.8107235543735,永茂路-镇海大道
14.850000000000001,8.167500000000002,60.847874999999995,3384.860723554373,永茂路-镇海大道
14.9,8.195,61.257625,3384.9107235543734,永茂路-镇海大道
14.950000000000001,8.222500000000002,61.668749999999996,3384.960723554373,永茂路-镇海大道
15.0,8.25,62.08125,3385.0107235543733,永茂路-镇海大道
15.05,8.277500000000002,62.495124999999994,3385.0607235543735,永茂路-镇海大道
15.100000000000001,8.305000000000001,62.910374999999995,3385.110723554373,永茂路-镇海大道
15.15,8.332500000000001,63.327,3385.1607235543734,永茂路-镇海大道
15.200000000000001,8.360000000000001,63.745,3385.210723554373,永茂路-镇海大道
15.25,8.387500000000001,64.16437499999999,3385.2607235543733,永茂路-镇海大道
15.3,8.415000000000001,64.58512499999999,3385.3107235543735,永茂路-镇海大道
15.350000000000001,8.4425,65.00724999999998,3385.360723554373,永茂路-镇海大道
15.4,8.47,65.43074999999999,3385.4107235543734,永茂路-镇海大道
15.450000000000001,8.4975,65.85562499999999,3385.460723554373,永茂路-镇海大道
15.5,8.525,66.28187499999999,3385.5107235543733,永茂路-镇海大道
15.55,8.5525,66.70949999999999,3385.5607235543735,永茂路-镇海大道
15.600000000000001,8.580000000000002,67.1385,3385.610723554373,永茂路-镇海大道
15.65,8.607500000000002,67.56887499999999,3385.6607235543734,永茂路-镇海大道
15.700000000000001,8.635000000000002,68.00062499999999,3385.710723554373,永茂路-镇海大道
15.75,8.662500000000001,68.43374999999999,3385.7607235543733,永茂路-镇海大道
15.8,8.690000000000001,68.86824999999999,3385.8107235543735,永茂路-镇海大道
15.850000000000001,8.717500000000001,69.30412499999998,3385.860723554373,永茂路-镇海大道
15.9,8.745000000000001,69.74137499999999,3385.9107235543734,永茂路-镇海大道
15.950000000000001,8.7725,70.17999999999999,3385.960723554373,永茂路-镇海大道
16.0,8.8,70.61999999999999,3386.0107235543733,永茂路-镇海大道
16.05,8.8275,71.06137499999998,3386.0607235543735,永茂路-镇海大道
16.1,8.855000000000002,71.50412499999999,3386.110723554373,永茂路-镇海大道
16.150000000000002,8.882500000000002,71.94824999999999,3386.1607235543734,永茂路-镇海大道
16.2,8.91,72.39374999999998,3386.210723554373,永茂路-镇海大道
16.25,8.9375,72.84062499999999,3386.2607235543733,永茂路-镇海大道
16.3,8.965000000000002,73.28887499999999,3386.3107235543735,永茂路-镇海大道
16.35,8.992500000000001,73.73849999999999,3386.360723554373,永茂路-镇海大道
16.400000000000002,9.020000000000001,74.18949999999998,3386.4107235543734,永茂路-镇海大道
16.45,9.047500000000001,74.64187499999998,3386.460723554373,永茂路-镇海大道
16.5,9.075000000000001,75.09562499999998,3386.5107235543733,永茂路-镇海大道
16.55,9.102500000000001,75.55074999999998,3386.5607235543735,永茂路-镇海大道
16.6,9.13,76.00724999999998,3386.610723554373,永茂路-镇海大道
16.650000000000002,9.157500000000002,76.46512499999999,3386.6607235543734,永茂路-镇海大道
16.7,9.185,76.92437499999998,3386.710723554373,永茂路-镇海大道
16.75,9.2125,77.38499999999998,3386.7607235543733,永茂路-镇海大道
16.8,9.240000000000002,77.84699999999998,3386.8107235543735,永茂路-镇海大道
16.85,9.267500000000002,78.31037499999998,3386.860723554373,永茂路-镇海大道
16.900000000000002,9.295000000000002,78.77512499999997,3386.9107235543734,永茂路-镇海大道
16.95,9.3225,79.24124999999998,3386.960723554373,永茂路-镇海大道
17.0,9.350000000000001,79.70874999999998,3387.0107235543733,永茂路-镇海大道
17.05,9.377500000000001,80.17762499999998,3387.0607235543735,永茂路-镇海大道
17.1,9.405000000000001,80.64787499999997,3387.110723554373,永茂路-镇海大道
17.150000000000002,9.432500000000003,81.11949999999997,3387.1607235543734,永茂路-镇海大道
17.2,9.46,81.59249999999997,3387.210723554373,永茂路-镇海大道
17.25,9.4875,82.06687499999997,3387.2607235543733,永茂路-镇海大道
17.3,9.515,82.54262499999997,3387.3107235543735,永茂路-镇海大道
17.35,9.542500000000002,83.01974999999997,3387.360723554373,永茂路-镇海大道
17.400000000000002,9.570000000000002,83.49824999999997,3387.4107235543734,永茂路-镇海大道
17.45,9.5975,83.97812499999998,3387.460723554373,永茂路-镇海大道
17.5,9.625,84.45937499999998,3387.5107235543733,永茂路-镇海大道
17.55,9.652500000000002,84.94199999999998,3387.5607235543735,永茂路-镇海大道
17.6,9.680000000000001,85.42599999999997,3387.610723554373,永茂路-镇海大道
17.650000000000002,9.707500000000001,85.91137499999998,3387.6607235543734,永茂路-镇海大道
17.7,9.735000000000001,86.39812499999998,3387.710723554373,永茂路-镇海大道
17.75,9.762500000000001,86.88624999999998,3387.7607235543733,永茂路-镇海大道
17.8,9.790000000000001,87.37574999999998,3387.8107235543735,永茂路-镇海大道
17.85,9.8175,87.86662499999998,3387.860723554373,永茂路-镇海大道
17.900000000000002,9.845000000000002,88.35887499999998,3387.9107235543734,永茂路-镇海大道
17.95,9.8725,88.85249999999998,3387.960723554373,永茂路-镇海大道
18.0,9.9,89.34749999999998,3388.0107235543733,永茂路-镇海大道
18.05,9.927500000000002,89.84387499999998,3388.0607235543735,永茂路-镇海大道
18.1,9.955000000000002,90.34162499999998,3388.110723554373,永茂路-镇海大道
18.150000000000002,9.982500000000002,90.84074999999999,3388.1607235543734,永茂路-镇海大道
18.2,10.01,91.34124999999999,3388.210723554373,永茂路-镇海大道
18.25,10.037500000000001,91.84312499999999,3388.2607235543733,永茂路-镇海大道
18.3,10.065000000000001,92.34637499999998,3388.3107235543735,永茂路-镇海大道
18.35,10.092500000000001,92.85099999999998,3388.360723554373,永茂路-镇海大道
18.400000000000002,10.120000000000003,93.35699999999999,3388.4107235543734,永茂路-镇海大道
18.45,10.1475,93.86437499999998,3388.460723554373,永茂路-镇海大道
18.5,10.175,94.37312499999999,3388.5107235543733,永茂路-镇海大道
18.55,10.2025,94.88324999999999,3388.5607235543735,永茂路-镇海大道
18.6,10.230000000000002,95.39474999999999,3388.610723554373,永茂路-镇海大道
18.650000000000002,10.257500000000002,95.90762499999998,3388.6607235543734,永茂路-镇海大道
18.7,10.285,96.42187499999999,3388.710723554373,永茂路-镇海大道
18.75,10.3125,96.93749999999999,3388.7607235543733,永茂路-镇海大道
18.8,10.340000000000002,97.45449999999998,3388.8107235543735,永茂路-镇海大道
18.85,10.367500000000001,97.97287499999999,3388.860723554373,永茂路-镇海大道
18.900000000000002,10.395000000000001,98.49262499999999,3388.9107235543734,永茂路-镇海大道
18.95,10.422500000000001,99.01374999999999,3388.960723554373,永茂路-镇海大道
19.0,10.450000000000001,99.53624999999998,3389.0107235543733,永茂路-镇海大道
19.05,10.477500000000001,100.06012499999999,3389.0607235543735,永茂路-镇海大道
19.1,10.505,100.58537499999998,3389.110723554373,永茂路-镇海大道
19.150000000000002,10.532500000000002,101.11199999999998,3389.1607235543734,永茂路-镇海大道
19.200000000000003,10.560000000000002,101.63999999999999,3389.210723554373,永茂路-镇海大道
19.25,10.5875,102.16937499999999,3389.2607235543733,永茂路-镇海大道
19.3,10.615000000000002,102.70012499999999,3389.3107235543735,永茂路-镇海大道
19.35,10.642500000000002,103.23224999999998,3389.360723554373,永茂路-镇海大道
19.400000000000002,10.670000000000002,103.76574999999998,3389.4107235543734,永茂路-镇海大道
19.450000000000003,10.697500000000002,104.30062499999998,3389.460723554373,永茂路-镇海大道
19.5,10.725000000000001,104.83687499999998,3389.5107235543733,永茂路-镇海大道
19.55,10.752500000000001,105.37449999999998,3389.5607235543735,永茂路-镇海大道
19.6,10.780000000000001,105.91349999999998,3389.610723554373,永茂路-镇海大道
19.650000000000002,10.807500000000003,106.45387499999998,3389.6607235543734,永茂路-镇海大道
19.700000000000003,10.835000000000003,106.99562499999998,3389.710723554373,永茂路-镇海大道
19.75,10.8625,107.53874999999998,3389.7607235543733,永茂路-镇海大道
19.8,10.89,108.08324999999998,3389.8107235543735,永茂路-镇海大道
19.85,10.917500000000002,108.62912499999997,3389.860723554373,永茂路-镇海大道
19.900000000000002,10.945000000000002,109.17637499999998,3389.9107235543734,永茂路-镇海大道
19.950000000000003,10.972500000000002,109.72499999999998,3389.960723554373,永茂路-镇海大道
20.0,11.0,110.27499999999998,3390.0107235543733,永茂路-镇海大道
20.05,11.027500000000002,110.82637499999997,3390.0607235543735,永茂路-镇海大道
20.1,11.055000000000001,111.37912499999997,3390.110723554373,永茂路-镇海大道
20.150000000000002,11.082500000000001,111.93324999999997,3390.1607235543734,永茂路-镇海大道
20.200000000000003,11.110000000000003,112.48874999999997,3390.210723554373,永茂路-镇海大道
20.25,11.137500000000001,113.04562499999997,3390.2607235543733,永茂路-镇海大道
20.3,11.165000000000001,113.60387499999997,3390.3107235543735,永茂路-镇海大道
20.35,11.192500000000003,114.16349999999997,3390.360723554373,永茂路-镇海大道
20.400000000000002,11.220000000000002,114.72449999999998,3390.4107235543734,永茂路-镇海大道
20.450000000000003,11.247500000000002,115.28687499999998,3390.460723554373,永茂路-镇海大道
20.5,11.275,115.85062499999998,3390.5107235543733,永茂路-镇海大道
20.55,11.302500000000002,116.41574999999997,3390.5607235543735,永茂路-镇海大道
20.6,11.330000000000002,116.98224999999998,3390.610723554373,永茂路-镇海大道
20.650000000000002,11.357500000000002,117.55012499999998,3390.6607235543734,永茂路-镇海大道
20.700000000000003,11.385000000000003,118.11937499999998,3390.710723554373,永茂路-镇海大道
20.75,11.412500000000001,118.68999999999998,3390.7607235543733,永茂路-镇海大道
20.8,11.440000000000001,119.26199999999999,3390.8107235543735,永茂路-镇海大道
20.85,11.467500000000001,119.83537499999998,3390.860723554373,永茂路-镇海大道
20.900000000000002,11.495000000000003,120.41012499999998,3390.9107235543734,永茂路-镇海大道
20.950000000000003,11.522500000000003,120.98624999999998,3390.960723554373,永茂路-镇海大道
21.0,11.55,121.56374999999998,3391.0107235543733,永茂路-镇海大道
21.05,11.5775,122.14262499999998,3391.0607235543735,永茂路-镇海大道
21.1,11.605000000000002,122.72287499999999,3391.110723554373,永茂路-镇海大道
21.150000000000002,11.632500000000002,123.30449999999999,3391.1607235543734,永茂路-镇海大道
21.200000000000003,11.660000000000002,123.88749999999999,3391.210723554373,永茂路-镇海大道
21.25,11.687500000000002,124.47187499999998,3391.2607235543733,永茂路-镇海大道
21.3,11.715000000000002,125.05762499999999,3391.3107235543735,永茂路-镇海大道
21.35,11.742500000000001,125.64474999999999,3391.360723554373,永茂路-镇海大道
21.400000000000002,11.770000000000001,126.23324999999998,3391.4107235543734,永茂路-镇海大道
21.450000000000003,11.797500000000003,126.82312499999999,3391.460723554373,永茂路-镇海大道
21.5,11.825000000000001,127.41437499999999,3391.5107235543733,永茂路-镇海大道
21.55,11.852500000000001,128.007,3391.5607235543735,永茂路-镇海大道
21.6,11.880000000000003,128.601,3391.610723554373,永茂路-镇海大道
21.650000000000002,11.907500000000002,129.196375,3391.6607235543734,永茂路-镇海大道
21.700000000000003,11.935000000000002,129.79312499999997,3391.710723554373,永茂路-镇海大道
21.75,11.9625,130.39124999999999,3391.7607235543733,永茂路-镇海大道
21.8,11.990000000000002,130.99075,3391.8107235543735,永茂路-镇海大道
21.85,12.017500000000002,131.591625,3391.860723554373,永茂路-镇海大道
21.900000000000002,12.045000000000002,132.193875,3391.9107235543734,永茂路-镇海大道
21.950000000000003,12.072500000000003,132.79749999999999,3391.960723554373,永茂路-镇海大道
22.0,12.100000000000001,133.40249999999997,3392.0107235543733,永茂路-镇海大道
22.05,12.127500000000001,134.008875,3392.0607235543735,永茂路-镇海大道
22.1,12.155000000000001,134.616625,3392.110723554373,永茂路-镇海大道
22.150000000000002,12.182500000000003,135.22575,3392.1607235543734,永茂路-镇海大道
22.200000000000003,12.210000000000003,135.83625,3392.210723554373,永茂路-镇海大道
22.25,12.2375,136.448125,3392.2607235543733,永茂路-镇海大道
22.3,12.265,137.061375,3392.3107235543735,永茂路-镇海大道
22.35,12.292500000000002,137.676,3392.360723554373,永茂路-镇海大道
22.400000000000002,12.320000000000002,138.292,3392.4107235543734,永茂路-镇海大道
22.450000000000003,12.347500000000002,138.909375,3392.460723554373,永茂路-镇海大道
22.5,12.375000000000002,139.52812500000002,3392.5107235543733,永茂路-镇海大道
22.55,12.402500000000002,140.14825000000002,3392.5607235543735,永茂路-镇海大道
22.6,12.430000000000001,140.76975000000002,3392.610723554373,永茂路-镇海大道
22.650000000000002,12.457500000000001,141.392625,3392.6607235543734,永茂路-镇海大道
22.700000000000003,12.485000000000003,142.016875,3392.710723554373,永茂路-镇海大道
22.75,12.51818181818182,142.6427840909091,3392.7607235543733,永茂路-镇海大道
22.8,12.558181818181819,143.2706931818182,3392.8107235543735,永茂路-镇海大道
22.85,12.59818181818182,143.90060227272727,3392.860723554373,永茂路-镇海大道
22.900000000000002,12.63818181818182,144.53251136363636,3392.9107235543734,永茂路-镇海大道
22.950000000000003,12.678181818181821,145.16642045454546,3392.960723554373,永茂路-镇海大道
23.0,12.718181818181819,145.80232954545454,3393.0107235543733,永茂路-镇海大道
23.05,12.75818181818182,146.44023863636363,3393.0607235543735,永茂路-镇海大道
23.1,12.79818181818182,147.08014772727273,3393.110723554373,永茂路-镇海大道
23.150000000000002,12.83818181818182,147.7220568181818,3393.1607235543734,永茂路-镇海大道
23.200000000000003,12.87818181818182,148.3659659090909,3393.210723554373,永茂路-镇海大道
23.25,12.918181818181818,149.011875,3393.2607235543733,永茂路-镇海大道
23.3,12.958181818181819,149.65978409090908,3393.3107235543735,永茂路-镇海大道
23.35,12.99818181818182,150.30969318181818,3393.360723554373,永茂路-镇海大道
23.400000000000002,13.03818181818182,150.96160227272728,3393.4107235543734,永茂路-镇海大道
23.450000000000003,13.078181818181822,151.61551136363636,3393.460723554373,永茂路-镇海大道
23.5,13.118181818181819,152.27142045454545,3393.5107235543733,永茂路-镇海大道
23.55,13.15818181818182,152.92932954545455,3393.5607235543735,永茂路-镇海大道
23.6,13.19818181818182,153.58923863636363,3393.610723554373,永茂路-镇海大道
23.650000000000002,13.23818181818182,154.25114772727272,3393.6607235543734,永茂路-镇海大道
23.700000000000003,13.278181818181821,154.91505681818182,3393.710723554373,永茂路-镇海大道
23.75,13.318181818181818,155.5809659090909,3393.7607235543733,永茂路-镇海大道
23.8,13.35818181818182,156.248875,3393.8107235543735,永茂路-镇海大道
23.85,13.39818181818182,156.9187840909091,3393.860723554373,永茂路-镇海大道
23.900000000000002,13.438181818181821,157.59069318181818,3393.9107235543734,永茂路-镇海大道
23.950000000000003,13.47818181818182,158.26460227272727,3393.960723554373,永茂路-镇海大道
24.0,13.51818181818182,158.94051136363638,3394.0107235543733,永茂路-镇海大道
24.05,13.558181818181819,159.61842045454546,3394.0607235543735,永茂路-镇海大道
24.1,13.59818181818182,160.29832954545455,3394.110723554373,永茂路-镇海大道
24.150000000000002,13.63818181818182,160.98023863636365,3394.1607235543734,永茂路-镇海大道
24.200000000000003,13.678181818181821,161.66414772727273,3394.210723554373,永茂路-镇海大道
24.25,13.718181818181819,162.35005681818183,3394.2607235543733,永茂路-镇海大道
24.3,13.75818181818182,163.03796590909093,3394.3107235543735,永茂路-镇海大道
24.35,13.79818181818182,163.727875,3394.360723554373,永茂路-镇海大道
24.400000000000002,13.83818181818182,164.4197840909091,3394.4107235543734,永茂路-镇海大道
24.450000000000003,13.87818181818182,165.1136931818182,3394.460723554373,永茂路-镇海大道
24.5,13.918181818181818,165.8096022727273,3394.5107235543733,永茂路-镇海大道
24.55,13.958181818181819,166.50751136363638,3394.5607235543735,永茂路-镇海大道
24.6,13.99818181818182,167.20742045454548,3394.610723554373,永茂路-镇海大道
24.650000000000002,14.03818181818182,167.90932954545457,3394.6607235543734,永茂路-镇海大道
24.700000000000003,14.078181818181822,168.61323863636366,3394.710723554373,永茂路-镇海大道
24.75,14.118181818181819,169.31914772727276,3394.7607235543733,永茂路-镇海大道
24.8,14.15818181818182,170.02705681818185,3394.8107235543735,永茂路-镇海大道
24.85,14.19818181818182,170.73696590909094,3394.860723554373,永茂路-镇海大道
24.900000000000002,14.23818181818182,171.44887500000004,3394.9107235543734,永茂路-镇海大道
24.950000000000003,14.278181818181821,172.16278409090913,3394.960723554373,永茂路-镇海大道
25.0,14.318181818181818,172.87869318181822,3395.0107235543733,永茂路-镇海大道
25.05,14.35818181818182,173.59660227272732,3395.0607235543735,永茂路-镇海大道
25.1,14.39818181818182,174.3165113636364,3395.110723554373,永茂路-镇海大道
25.150000000000002,14.438181818181821,175.0384204545455,3395.1607235543734,永茂路-镇海大道
25.200000000000003,14.47818181818182,175.7623295454546,3395.210723554373,永茂路-镇海大道
25.25,14.51818181818182,176.4882386363637,3395.2607235543733,永茂路-镇海大道
25.3,14.558181818181819,177.21614772727278,3395.3107235543735,永茂路-镇海大道
25.35,14.59818181818182,177.9460568181819,3395.360723554373,永茂路-镇海大道
25.400000000000002,14.63818181818182,178.67796590909097,3395.4107235543734,永茂路-镇海大道
25.450000000000003,14.678181818181821,179.41187500000007,3395.460723554373,永茂路-镇海大道
25.5,14.718181818181819,180.14778409090917,3395.5107235543733,永茂路-镇海大道
25.55,14.75818181818182,180.88569318181825,3395.5607235543735,永茂路-镇海大道
25.6,14.79818181818182,181.62560227272735,3395.610723554373,永茂路-镇海大道
25.650000000000002,14.83818181818182,182.36751136363645,3395.6607235543734,永茂路-镇海大道
25.700000000000003,14.87818181818182,183.11142045454554,3395.710723554373,永茂路-镇海大道
25.75,14.918181818181818,183.85732954545463,3395.7607235543733,永茂路-镇海大道
25.8,14.958181818181819,184.60523863636374,3395.8107235543735,永茂路-镇海大道
25.85,14.99818181818182,185.35514772727282,3395.860723554373,永茂路-镇海大道
25.900000000000002,15.03818181818182,186.10705681818192,3395.9107235543734,永茂路-镇海大道
25.950000000000003,15.078181818181822,186.86096590909102,3395.960723554373,永茂路-镇海大道
26.0,15.118181818181819,187.6168750000001,3396.0107235543733,永茂路-镇海大道
26.05,15.15818181818182,188.3747840909092,3396.0607235543735,永茂路-镇海大道
26.1,15.19818181818182,189.1346931818183,3396.110723554373,永茂路-镇海大道
26.150000000000002,15.23818181818182,189.8966022727274,3396.1607235543734,永茂路-镇海大道
26.200000000000003,15.278181818181821,190.6605113636365,3396.210723554373,永茂路-镇海大道
26.25,15.318181818181818,191.4264204545456,3396.2607235543733,永茂路-镇海大道
26.3,15.35818181818182,192.19432954545468,3396.3107235543735,永茂路-镇海大道
26.35,15.39818181818182,192.96423863636377,3396.360723554373,永茂路-镇海大道
26.400000000000002,15.438181818181821,193.73614772727288,3396.4107235543734,永茂路-镇海大道
26.450000000000003,15.47818181818182,194.51005681818197,3396.460723554373,永茂路-镇海大道
26.5,15.51818181818182,195.28596590909106,3396.5107235543733,永茂路-镇海大道
26.55,15.558181818181819,196.06387500000014,3396.5607235543735,永茂路-镇海大道
26.6,15.59818181818182,196.84378409090922,3396.610723554373,永茂路-镇海大道
26.650000000000002,15.63818181818182,197.62569318181832,3396.6607235543734,永茂路-镇海大道
26.700000000000003,15.678181818181821,198.4096022727274,3396.710723554373,永茂路-镇海大道
26.75,15.718181818181819,199.19551136363648,3396.7607235543733,永茂路-镇海大道
26.8,15.75818181818182,199.98342045454558,3396.8107235543735,永茂路-镇海大道
26.85,15.79818181818182,200.77332954545466,3396.860723554373,永茂路-镇海大道
26.900000000000002,15.83818181818182,201.56523863636374,3396.9107235543734,永茂路-镇海大道
26.950000000000003,15.87818181818182,202.35914772727284,3396.960723554373,永茂路-镇海大道
27.0,15.918181818181818,203.15505681818192,3397.0107235543733,永茂路-镇海大道
27.05,15.958181818181819,203.952965909091,3397.0607235543735,永茂路-镇海大道
27.1,15.99818181818182,204.7528750000001,3397.110723554373,永茂路-镇海大道
27.150000000000002,16.03818181818182,205.55478409090918,3397.1607235543734,永茂路-镇海大道
27.200000000000003,16.07818181818182,206.35869318181827,3397.210723554373,永茂路-镇海大道
27.25,16.118181818181817,207.16460227272736,3397.2607235543733,永茂路-镇海大道
27.3,16.15818181818182,207.97251136363644,3397.3107235543735,永茂路-镇海大道
27.35,16.19818181818182,208.78242045454553,3397.360723554373,永茂路-镇海大道
27.400000000000002,16.238181818181822,209.59432954545463,3397.4107235543734,永茂路-镇海大道
27.450000000000003,16.27818181818182,210.4082386363637,3397.460723554373,永茂路-镇海大道
27.5,16.31818181818182,211.2241477272728,3397.5107235543733,永茂路-镇海大道
27.55,16.35818181818182,212.0420568181819,3397.5607235543735,永茂路-镇海大道
27.6,16.39818181818182,212.86196590909097,3397.610723554373,永茂路-镇海大道
27.650000000000002,16.43818181818182,213.68387500000006,3397.6607235543734,永茂路-镇海大道
27.700000000000003,16.47818181818182,214.50778409090915,3397.710723554373,永茂路-镇海大道
27.75,16.51818181818182,215.33369318181823,3397.7607235543733,永茂路-镇海大道
27.8,16.55818181818182,216.16160227272732,3397.8107235543735,永茂路-镇海大道
27.85,16.59818181818182,216.99151136363642,3397.860723554373,永茂路-镇海大道
27.900000000000002,16.63818181818182,217.8234204545455,3397.9107235543734,永茂路-镇海大道
27.950000000000003,16.67818181818182,218.6573295454546,3397.960723554373,永茂路-镇海大道
28.0,16.71818181818182,219.49323863636369,3398.0107235543733,永茂路-镇海大道
28.05,16.758181818181818,220.33114772727276,3398.0607235543735,永茂路-镇海大道
28.1,16.79818181818182,221.17105681818185,3398.110723554373,永茂路-镇海大道
28.150000000000002,16.83818181818182,222.01296590909095,3398.1607235543734,永茂路-镇海大道
28.200000000000003,16.878181818181822,222.85687500000003,3398.210723554373,永茂路-镇海大道
28.25,16.918181818181818,223.70278409090912,3398.2607235543733,永茂路-镇海大道
28.3,16.95818181818182,224.55069318181822,3398.3107235543735,永茂路-镇海大道
28.35,16.99818181818182,225.4006022727273,3398.360723554373,永茂路-镇海大道
28.400000000000002,17.03818181818182,226.2525113636364,3398.4107235543734,永茂路-镇海大道
28.450000000000003,17.07818181818182,227.10642045454549,3398.460723554373,永茂路-镇海大道
28.5,17.118181818181817,227.96232954545457,3398.5107235543733,永茂路-镇海大道
28.55,17.15818181818182,228.82023863636365,3398.5607235543735,永茂路-镇海大道
28.6,17.19818181818182,229.68014772727275,3398.610723554373,永茂路-镇海大道
28.650000000000002,17.238181818181822,230.54205681818183,3398.6607235543734,永茂路-镇海大道
28.700000000000003,17.27818181818182,231.40596590909092,3398.710723554373,永茂路-镇海大道
28.75,17.31818181818182,232.27187500000002,3398.7607235543733,永茂路-镇海大道
28.8,17.35818181818182,233.1397840909091,3398.8107235543735,永茂路-镇海大道
28.85,17.39818181818182,234.0096931818182,3398.860723554373,永茂路-镇海大道
28.900000000000002,17.43818181818182,234.8816022727273,3398.9107235543734,永茂路-镇海大道
28.950000000000003,17.47818181818182,235.75551136363637,3398.960723554373,永茂路-镇海大道
29.0,17.51818181818182,236.63142045454546,3399.0107235543733,永茂路-镇海大道
29.05,17.55818181818182,237.50932954545456,3399.0607235543735,永茂路-镇海大道
29.1,17.59818181818182,238.38923863636364,3399.110723554373,永茂路-镇海大道
29.150000000000002,17.63818181818182,239.27114772727273,3399.1607235543734,永茂路-镇海大道
29.200000000000003,17.67818181818182,240.15505681818183,3399.210723554373,永茂路-镇海大道
29.25,17.71818181818182,241.04096590909091,3399.2607235543733,永茂路-镇海大道
29.3,17.758181818181818,241.928875,3399.3107235543735,永茂路-镇海大道
29.35,17.79818181818182,242.8187840909091,3399.360723554373,永茂路-镇海大道
29.400000000000002,17.83818181818182,243.7106931818182,3399.4107235543734,永茂路-镇海大道
29.450000000000003,17.878181818181822,244.60460227272728,3399.460723554373,永茂路-镇海大道
29.5,17.918181818181818,245.50051136363638,3399.5107235543733,永茂路-镇海大道
29.55,17.95818181818182,246.39842045454546,3399.5607235543735,永茂路-镇海大道
29.6,17.99818181818182,247.29832954545455,3399.610723554373,永茂路-镇海大道
29.650000000000002,18.03818181818182,248.20023863636365,3399.6607235543734,永茂路-镇海大道
29.700000000000003,18.07818181818182,249.10414772727273,3399.710723554373,永茂路-镇海大道
29.75,18.118181818181817,250.01005681818182,3399.7607235543733,永茂路-镇海大道
29.8,18.15818181818182,250.91796590909092,3399.8107235543735,永茂路-镇海大道
29.85,18.19818181818182,251.827875,3399.860723554373,永茂路-镇海大道
29.900000000000002,18.238181818181822,252.7397840909091,3399.9107235543734,永茂路-镇海大道
29.950000000000003,18.27818181818182,253.6536931818182,3399.960723554373,永茂路-镇海大道
30.0,18.31818181818182,254.56960227272728,3400.0107235543733,永茂路-镇海大道
30.05,18.35818181818182,255.48751136363637,3400.0607235543735,永茂路-镇海大道
30.1,18.39818181818182,256.40742045454544,3400.110723554373,永茂路-镇海大道
30.150000000000002,18.43818181818182,257.3293295454545,3400.1607235543734,永茂路-镇海大道
30.200000000000003,18.47818181818182,258.2532386363636,3400.210723554373,永茂路-镇海大道
30.25,18.51818181818182,259.1791477272727,3400.2607235543733,永茂路-镇海大道
30.3,18.55818181818182,260.10705681818183,3400.3107235543735,永茂路-镇海大道
30.35,18.59818181818182,261.0369659090909,3400.360723554373,永茂路-镇海大道
30.400000000000002,18.63818181818182,261.96887499999997,3400.4107235543734,永茂路-镇海大道
30.450000000000003,18.67818181818182,262.90278409090905,3400.460723554373,永茂路-镇海大道
30.5,18.71818181818182,263.83869318181814,3400.5107235543733,永茂路-镇海大道
30.55,18.758181818181818,264.77660227272725,3400.5607235543735,永茂路-镇海大道
30.6,18.79818181818182,265.71651136363636,3400.610723554373,永茂路-镇海大道
30.650000000000002,18.83818181818182,266.6584204545454,3400.6607235543734,永茂路-镇海大道
30.700000000000003,18.878181818181822,267.6023295454545,3400.710723554373,永茂路-镇海大道
30.75,18.918181818181818,268.5482386363636,3400.7607235543733,永茂路-镇海大道
30.8,18.95818181818182,269.49614772727267,3400.8107235543735,永茂路-镇海大道
30.85,18.99818181818182,270.4460568181818,3400.860723554373,永茂路-镇海大道
30.900000000000002,19.03818181818182,271.3979659090909,3400.9107235543734,永茂路-镇海大道
30.950000000000003,19.07818181818182,272.35187499999995,3400.960723554373,永茂路-镇海大道
31.0,19.118181818181817,273.307784090909,3401.0107235543733,永茂路-镇海大道
31.05,19.15818181818182,274.2656931818181,3401.0607235543735,永茂路-镇海大道
31.1,19.19818181818182,275.2256022727272,3401.110723554373,永茂路-镇海大道
31.150000000000002,19.238181818181822,276.1875113636363,3401.1607235543734,永茂路-镇海大道
31.200000000000003,19.27818181818182,277.1514204545454,3401.210723554373,永茂路-镇海大道
31.25,19.31818181818182,278.1173295454545,3401.2607235543733,永茂路-镇海大道
31.3,19.35818181818182,279.08523863636356,3401.3107235543735,永茂路-镇海大道
31.35,19.39818181818182,280.05514772727264,3401.360723554373,永茂路-镇海大道
31.400000000000002,19.43818181818182,281.02705681818173,3401.4107235543734,永茂路-镇海大道
31.450000000000003,19.47818181818182,282.00096590909084,3401.460723554373,永茂路-镇海大道
31.5,19.51818181818182,282.97687499999995,3401.5107235543733,永茂路-镇海大道
31.55,19.55818181818182,283.954784090909,3401.5607235543735,永茂路-镇海大道
31.6,19.59818181818182,284.9346931818181,3401.610723554373,永茂路-镇海大道
31.650000000000002,19.63818181818182,285.9166022727272,3401.6607235543734,永茂路-镇海大道
31.700000000000003,19.67818181818182,286.90051136363627,3401.710723554373,永茂路-镇海大道
31.75,19.71818181818182,287.8864204545454,3401.7607235543733,永茂路-镇海大道
31.8,19.758181818181818,288.8743295454545,3401.8107235543735,永茂路-镇海大道
31.85,19.79818181818182,289.86423863636355,3401.860723554373,永茂路-镇海大道
31.900000000000002,19.83818181818182,290.8561477272726,3401.9107235543734,永茂路-镇海大道
31.950000000000003,19.878181818181822,291.8500568181817,3401.960723554373,永茂路-镇海大道
32.0,19.918181818181818,292.8459659090908,3402.0107235543733,永茂路-镇海大道
32.050000000000004,19.95818181818182,293.8438749999999,3402.0607235543735,永茂路-镇海大道
32.1,19.99818181818182,294.843784090909,3402.110723554373,永茂路-镇海大道
32.15,20.03818181818182,295.8456931818181,3402.1607235543734,永茂路-镇海大道
32.2,20.07818181818182,296.84960227272717,3402.210723554373,永茂路-镇海大道
32.25,20.118181818181817,297.85551136363625,3402.2607235543733,永茂路-镇海大道
32.300000000000004,20.158181818181824,298.86342045454535,3402.3107235543735,永茂路-镇海大道
32.35,20.19818181818182,299.87332954545445,3402.360723554373,永茂路-镇海大道
32.4,20.23818181818182,300.88523863636357,3402.4107235543734,永茂路-镇海大道
32.45,20.27818181818182,301.89914772727263,3402.460723554373,永茂路-镇海大道
32.5,20.31818181818182,302.9150568181817,3402.5107235543733,永茂路-镇海大道
32.550000000000004,20.358181818181823,303.9329659090908,3402.5607235543735,永茂路-镇海大道
32.6,20.39818181818182,304.9528749999999,3402.610723554373,永茂路-镇海大道
32.65,20.438181818181818,305.974784090909,3402.6607235543734,永茂路-镇海大道
32.7,20.47818181818182,306.9986931818181,3402.710723554373,永茂路-镇海大道
32.75,20.51818181818182,308.0246022727272,3402.7607235543733,永茂路-镇海大道
32.800000000000004,20.558181818181822,309.05251136363626,3402.8107235543735,永茂路-镇海大道
32.85,20.59818181818182,310.08242045454534,3402.860723554373,永茂路-镇海大道
32.9,20.63818181818182,311.11432954545444,3402.9107235543734,永茂路-镇海大道
32.95,20.67818181818182,312.14823863636354,3402.960723554373,永茂路-镇海大道
33.0,20.71818181818182,313.18414772727266,3403.0107235543733,永茂路-镇海大道
33.050000000000004,20.758181818181825,314.2220568181817,3403.0607235543735,永茂路-镇海大道
33.1,20.79818181818182,315.2619659090908,3403.110723554373,永茂路-镇海大道
33.15,20.838181818181816,316.3038749999999,3403.1607235543734,永茂路-镇海大道
33.2,20.878181818181822,317.347784090909,3403.210723554373,永茂路-镇海大道
33.25,20.91818181818182,318.3936931818181,3403.2607235543733,永茂路-镇海大道
33.300000000000004,20.95818181818182,319.4416022727272,3403.3107235543735,永茂路-镇海大道
33.35,20.99818181818182,320.4915113636363,3403.360723554373,永茂路-镇海大道
33.4,21.03818181818182,321.54342045454536,3403.4107235543734,永茂路-镇海大道
33.45,21.07818181818182,322.59732954545444,3403.460723554373,永茂路-镇海大道
33.5,21.118181818181817,323.65323863636354,3403.5107235543733,永茂路-镇海大道
33.550000000000004,21.158181818181824,324.71114772727265,3403.5607235543735,永茂路-镇海大道
33.6,21.198181818181823,325.77105681818176,3403.610723554373,永茂路-镇海大道
33.65,21.23818181818182,326.83296590909083,3403.6607235543734,永茂路-镇海大道
33.7,21.27818181818182,327.8968749999999,3403.710723554373,永茂路-镇海大道
33.75,21.31818181818182,328.962784090909,3403.7607235543733,永茂路-镇海大道
33.800000000000004,21.358181818181823,330.0306931818181,3403.8107235543735,永茂路-镇海大道
33.85,21.39818181818182,331.1006022727272,3403.860723554373,永茂路-镇海大道
33.9,21.438181818181818,332.1725113636363,3403.9107235543734,永茂路-镇海大道
33.95,21.478181818181824,333.2464204545454,3403.960723554373,永茂路-镇海大道
34.0,21.51818181818182,334.32232954545447,3404.0107235543733,永茂路-镇海大道
34.050000000000004,21.558181818181822,335.40023863636355,3404.0607235543735,永茂路-镇海大道
34.1,21.59818181818182,336.48014772727265,3404.110723554373,永茂路-镇海大道
34.15,21.63818181818182,337.56205681818176,3404.1607235543734,永茂路-镇海大道
34.2,21.67818181818182,338.6459659090909,3404.210723554373,永茂路-镇海大道
34.25,21.71818181818182,339.73187499999995,3404.2607235543733,永茂路-镇海大道
34.300000000000004,21.758181818181825,340.819784090909,3404.3107235543735,永茂路-镇海大道
34.35,21.79818181818182,341.9096931818181,3404.360723554373,永茂路-镇海大道
34.4,21.838181818181816,343.0016022727272,3404.4107235543734,永茂路-镇海大道
34.45,21.878181818181822,344.0955113636363,3404.460723554373,永茂路-镇海大道
34.5,21.91818181818182,345.19142045454544,3404.5107235543733,永茂路-镇海大道
34.550000000000004,21.95818181818182,346.2893295454545,3404.5607235543735,永茂路-镇海大道
34.6,21.99818181818182,347.3892386363636,3404.610723554373,永茂路-镇海大道
34.65,22.03818181818182,348.4911477272727,3404.6607235543734,永茂路-镇海大道
34.7,22.07818181818182,349.5950568181818,3404.710723554373,永茂路-镇海大道
34.75,22.118181818181817,350.7009659090909,3404.7607235543733,永茂路-镇海大道
34.800000000000004,22.158181818181824,351.808875,3404.8107235543735,永茂路-镇海大道
34.85,22.198181818181823,352.91878409090907,3404.860723554373,永茂路-镇海大道
34.9,22.23818181818182,354.03069318181815,3404.9107235543734,永茂路-镇海大道
34.95,22.27818181818182,355.14460227272724,3404.960723554373,永茂路-镇海大道
35.0,22.279999999999887,356.2586022727272,3405.0107235543733,永茂路-镇海大道
35.050000000000004,22.279999999999887,357.3726022727272,3405.0607235543735,永茂路-镇海大道
35.1,22.279999999999887,358.48660227272717,3405.110723554373,永茂路-镇海大道
35.15,22.279999999999887,359.60060227272714,3405.1607235543734,永茂路-镇海大道
35.2,22.279999999999887,360.7146022727271,3405.210723554373,永茂路-镇海大道
35.25,22.279999999999887,361.8286022727271,3405.2607235543733,永茂路-镇海大道
35.300000000000004,22.279999999999887,362.9426022727271,3405.3107235543735,永茂路-镇海大道
35.35,22.279999999999887,364.05660227272705,3405.360723554373,永茂路-镇海大道
35.4,22.279999999999887,365.170602272727,3405.4107235543734,永茂路-镇海大道
35.45,22.279999999999887,366.284602272727,3405.460723554373,永茂路-镇海大道
35.5,22.279999999999887,367.398602272727,3405.5107235543733,永茂路-镇海大道
35.550000000000004,22.279999999999887,368.51260227272695,3405.5607235543735,永茂路-镇海大道
35.6,22.279999999999887,369.6266022727269,3405.610723554373,永茂路-镇海大道
35.65,22.279999999999887,370.7406022727269,3405.6607235543734,永茂路-镇海大道
35.7,22.279999999999887,371.8546022727269,3405.710723554373,永茂路-镇海大道
35.75,22.279999999999887,372.96860227272686,3405.7607235543733,永茂路-镇海大道
35.800000000000004,22.279999999999887,374.08260227272683,3405.8107235543735,永茂路-镇海大道
35.85,22.279999999999887,375.1966022727268,3405.860723554373,永茂路-镇海大道
35.9,22.279999999999887,376.3106022727268,3405.9107235543734,永茂路-镇海大道
35.95,22.279999999999887,377.42460227272676,3405.960723554373,永茂路-镇海大道
36.0,22.279999999999887,378.53860227272673,3406.0107235543733,永茂路-镇海大道
36.050000000000004,22.279999999999887,379.6526022727267,3406.0607235543735,永茂路-镇海大道
36.1,22.279999999999887,380.7666022727267,3406.110723554373,永茂路-镇海大道
36.15,22.279999999999887,381.88060227272666,3406.1607235543734,永茂路-镇海大道
36.2,22.279999999999887,382.99460227272664,3406.210723554373,永茂路-镇海大道
36.25,22.279999999999887,384.1086022727266,3406.2607235543733,永茂路-镇海大道
36.300000000000004,22.279999999999887,385.2226022727266,3406.3107235543735,永茂路-镇海大道
36.35,22.279999999999887,386.33660227272657,3406.360723554373,永茂路-镇海大道
36.4,22.279999999999887,387.45060227272654,3406.4107235543734,永茂路-镇海大道
36.45,22.279999999999887,388.5646022727265,3406.460723554373,永茂路-镇海大道
36.5,22.279999999999887,389.6786022727265,3406.5107235543733,永茂路-镇海大道
36.550000000000004,22.279999999999887,390.79260227272647,3406.5607235543735,永茂路-镇海大道
36.6,22.279999999999887,391.90660227272645,3406.610723554373,永茂路-镇海大道
36.65,22.279999999999887,393.0206022727264,3406.6607235543734,永茂路-镇海大道
36.7,22.279999999999887,394.1346022727264,3406.710723554373,永茂路-镇海大道
36.75,22.279999999999887,395.2486022727264,3406.7607235543733,永茂路-镇海大道
36.800000000000004,22.279999999999887,396.36260227272635,3406.8107235543735,永茂路-镇海大道
36.85,22.279999999999887,397.4766022727263,3406.860723554373,永茂路-镇海大道
36.9,22.279999999999887,398.5906022727263,3406.9107235543734,永茂路-镇海大道
36.95,22.279999999999887,399.7046022727263,3406.960723554373,永茂路-镇海大道
37.0,22.279999999999887,400.81860227272625,3407.0107235543733,永茂路-镇海大道
37.050000000000004,22.279999999999887,401.9326022727262,3407.0607235543735,永茂路-镇海大道
37.1,22.279999999999887,403.0466022727262,3407.110723554373,永茂路-镇海大道
37.15,22.279999999999887,404.1606022727262,3407.1607235543734,永茂路-镇海大道
37.2,22.279999999999887,405.27460227272616,3407.210723554373,永茂路-镇海大道
37.25,22.279999999999887,406.38860227272613,3407.2607235543733,永茂路-镇海大道
37.300000000000004,22.279999999999887,407.5026022727261,3407.3107235543735,永茂路-镇海大道
37.35,22.279999999999887,408.6166022727261,3407.360723554373,永茂路-镇海大道
37.4,22.279999999999887,409.73060227272606,3407.4107235543734,永茂路-镇海大道
37.45,22.279999999999887,410.84460227272604,3407.460723554373,永茂路-镇海大道
37.5,22.279999999999887,411.958602272726,3407.5107235543733,永茂路-镇海大道
37.550000000000004,22.279999999999887,413.072602272726,3407.5607235543735,永茂路-镇海大道
37.6,22.279999999999887,414.18660227272596,3407.610723554373,永茂路-镇海大道
37.65,22.279999999999887,415.30060227272594,3407.6607235543734,永茂路-镇海大道
37.7,22.279999999999887,416.4146022727259,3407.710723554373,永茂路-镇海大道
37.75,22.279999999999887,417.5286022727259,3407.7607235543733,永茂路-镇海大道
37.800000000000004,22.279999999999887,418.64260227272587,3407.8107235543735,永茂路-镇海大道
37.85,22.279999999999887,419.75660227272584,3407.860723554373,永茂路-镇海大道
37.9,22.279999999999887,420.8706022727258,3407.9107235543734,永茂路-镇海大道
37.95,22.279999999999887,421.9846022727258,3407.960723554373,永茂路-镇海大道
38.0,22.279999999999887,423.09860227272577,3408.0107235543733,永茂路-镇海大道
38.050000000000004,22.279999999999887,424.21260227272575,3408.0607235543735,永茂路-镇海大道
38.1,22.279999999999887,425.3266022727257,3408.110723554373,永茂路-镇海大道
38.15,22.279999999999887,426.4406022727257,3408.1607235543734,永茂路-镇海大道
38.2,22.279999999999887,427.5546022727257,3408.210723554373,永茂路-镇海大道
38.25,22.279999999999887,428.66860227272565,3408.2607235543733,永茂路-镇海大道
38.300000000000004,22.279999999999887,429.7826022727256,3408.3107235543735,永茂路-镇海大道
38.35,22.279999999999887,430.8966022727256,3408.360723554373,永茂路-镇海大道
38.400000000000006,22.279999999999887,432.0106022727256,3408.4107235543734,永茂路-镇海大道
38.45,22.279999999999887,433.12460227272555,3408.460723554373,永茂路-镇海大道
38.5,22.279999999999887,434.23860227272553,3408.5107235543733,永茂路-镇海大道
38.550000000000004,22.279999999999887,435.3526022727255,3408.5607235543735,永茂路-镇海大道
38.6,22.279999999999887,436.4666022727255,3408.610723554373,永茂路-镇海大道
38.650000000000006,22.279999999999887,437.58060227272546,3408.6607235543734,永茂路-镇海大道
38.7,22.279999999999887,438.69460227272543,3408.710723554373,永茂路-镇海大道
38.75,22.279999999999887,439.8086022727254,3408.7607235543733,永茂路-镇海大道
38.800000000000004,22.279999999999887,440.9226022727254,3408.8107235543735,永茂路-镇海大道
38.85,22.279999999999887,442.03660227272536,3408.860723554373,永茂路-镇海大道
38.900000000000006,22.279999999999887,443.15060227272534,3408.9107235543734,永茂路-镇海大道
38.95,22.279999999999887,444.2646022727253,3408.960723554373,永茂路-镇海大道
39.0,22.279999999999887,445.3786022727253,3409.0107235543733,永茂路-镇海大道
39.050000000000004,22.279999999999887,446.49260227272526,3409.0607235543735,永茂路-镇海大道
39.1,22.279999999999887,447.60660227272524,3409.110723554373,永茂路-镇海大道
39.150000000000006,22.279999999999887,448.7206022727252,3409.1607235543734,永茂路-镇海大道
39.2,22.279999999999887,449.8346022727252,3409.210723554373,永茂路-镇海大道
39.25,22.279999999999887,450.94860227272517,3409.2607235543733,永茂路-镇海大道
39.300000000000004,22.279999999999887,452.06260227272514,3409.3107235543735,永茂路-镇海大道
39.35,22.279999999999887,453.1766022727251,3409.360723554373,永茂路-镇海大道
39.400000000000006,22.279999999999887,454.2906022727251,3409.4107235543734,永茂路-镇海大道
39.45,22.279999999999887,455.40460227272507,3409.460723554373,永茂路-镇海大道
39.5,22.279999999999887,456.51860227272505,3409.5107235543733,永茂路-镇海大道
39.550000000000004,22.279999999999887,457.632602272725,3409.5607235543735,永茂路-镇海大道
39.6,22.279999999999887,458.746602272725,3409.610723554373,永茂路-镇海大道
39.650000000000006,22.279999999999887,459.860602272725,3409.6607235543734,永茂路-镇海大道
39.7,22.279999999999887,460.97460227272495,3409.710723554373,永茂路-镇海大道
39.75,22.279999999999887,462.0886022727249,3409.7607235543733,永茂路-镇海大道
39.800000000000004,22.279999999999887,463.2026022727249,3409.8107235543735,永茂路-镇海大道
39.85,22.279999999999887,464.3166022727249,3409.860723554373,永茂路-镇海大道
39.900000000000006,22.279999999999887,465.43060227272485,3409.9107235543734,永茂路-镇海大道
39.95,22.279999999999887,466.54460227272483,3409.960723554373,永茂路-镇海大道
40.0,22.279999999999887,467.6586022727248,3410.0107235543733,永茂路-镇海大道
40.050000000000004,22.279999999999887,468.7726022727248,3410.0607235543735,永茂路-镇海大道
40.1,22.279999999999887,469.88660227272476,3410.110723554373,永茂路-镇海大道
40.150000000000006,22.279999999999887,471.00060227272473,3410.1607235543734,永茂路-镇海大道
40.2,22.279999999999887,472.1146022727247,3410.210723554373,永茂路-镇海大道
40.25,22.279999999999887,473.2286022727247,3410.2607235543733,永茂路-镇海大道
40.300000000000004,22.279999999999887,474.34260227272466,3410.3107235543735,永茂路-镇海大道
40.35,22.279999999999887,475.45660227272464,3410.360723554373,永茂路-镇海大道
40.400000000000006,22.279999999999887,476.5706022727246,3410.4107235543734,永茂路-镇海大道
40.45,22.279999999999887,477.6846022727246,3410.460723554373,永茂路-镇海大道
40.5,22.279999999999887,478.79860227272457,3410.5107235543733,永茂路-镇海大道
40.550000000000004,22.279999999999887,479.91260227272454,3410.5607235543735,永茂路-镇海大道
40.6,22.279999999999887,481.0266022727245,3410.610723554373,永茂路-镇海大道
40.650000000000006,22.279999999999887,482.1406022727245,3410.6607235543734,永茂路-镇海大道
40.7,22.279999999999887,483.25460227272447,3410.710723554373,永茂路-镇海大道
40.75,22.279999999999887,484.36860227272444,3410.7607235543733,永茂路-镇海大道
40.800000000000004,22.279999999999887,485.4826022727244,3410.8107235543735,永茂路-镇海大道
40.85,22.279999999999887,486.5966022727244,3410.860723554373,永茂路-镇海大道
40.900000000000006,22.279999999999887,487.7106022727244,3410.9107235543734,永茂路-镇海大道
40.95,22.279999999999887,488.82460227272435,3410.960723554373,永茂路-镇海大道
41.0,22.279999999999887,489.9386022727243,3411.0107235543733,永茂路-镇海大道
41.050000000000004,22.279999999999887,491.0526022727243,3411.0607235543735,永茂路-镇海大道
41.1,22.279999999999887,492.1666022727243,3411.110723554373,永茂路-镇海大道
41.150000000000006,22.279999999999887,493.28060227272425,3411.1607235543734,永茂路-镇海大道
41.2,22.279999999999887,494.3946022727242,3411.210723554373,永茂路-镇海大道
41.25,22.279999999999887,495.5086022727242,3411.2607235543733,永茂路-镇海大道
41.300000000000004,22.279999999999887,496.6226022727242,3411.3107235543735,永茂路-镇海大道
41.35,22.279999999999887,497.73660227272416,3411.360723554373,永茂路-镇海大道
41.400000000000006,22.279999999999887,498.85060227272413,3411.4107235543734,永茂路-镇海大道
41.45,22.279999999999887,499.9646022727241,3411.460723554373,永茂路-镇海大道
41.5,22.279999999999887,501.0786022727241,3411.5107235543733,永茂路-镇海大道
41.550000000000004,22.279999999999887,502.19260227272406,3411.5607235543735,永茂路-镇海大道
41.6,22.279999999999887,503.30660227272404,3411.610723554373,永茂路-镇海大道
41.650000000000006,22.279999999999887,504.420602272724,3411.6607235543734,永茂路-镇海大道
41.7,22.279999999999887,505.534602272724,3411.710723554373,永茂路-镇海大道
41.75,22.279999999999887,506.64860227272396,3411.7607235543733,永茂路-镇海大道
41.800000000000004,22.279999999999887,507.76260227272394,3411.8107235543735,永茂路-镇海大道
41.85,22.279999999999887,508.8766022727239,3411.860723554373,永茂路-镇海大道
41.900000000000006,22.279999999999887,509.9906022727239,3411.9107235543734,永茂路-镇海大道
41.95,22.279999999999887,511.10460227272387,3411.960723554373,永茂路-镇海大道
42.0,22.279999999999887,512.2186022727238,3412.0107235543733,永茂路-镇海大道
42.050000000000004,22.279999999999887,513.3326022727239,3412.0607235543735,永茂路-镇海大道
42.1,22.279999999999887,514.4466022727239,3412.110723554373,永茂路-镇海大道
42.150000000000006,22.279999999999887,515.5606022727239,3412.1607235543734,永茂路-镇海大道
42.2,22.279999999999887,516.674602272724,3412.210723554373,永茂路-镇海大道
42.25,22.279999999999887,517.788602272724,3412.2607235543733,永茂路-镇海大道
42.300000000000004,22.279999999999887,518.902602272724,3412.3107235543735,永茂路-镇海大道
42.35,22.279999999999887,520.0166022727241,3412.360723554373,永茂路-镇海大道
42.400000000000006,22.279999999999887,521.1306022727241,3412.4107235543734,永茂路-镇海大道
42.45,22.279999999999887,522.2446022727241,3412.460723554373,永茂路-镇海大道
42.5,22.279999999999887,523.3586022727242,3412.5107235543733,永茂路-镇海大道
42.550000000000004,22.279999999999887,524.4726022727242,3412.5607235543735,永茂路-镇海大道
42.6,22.279999999999887,525.5866022727242,3412.610723554373,永茂路-镇海大道
42.650000000000006,22.279999999999887,526.7006022727243,3412.6607235543734,永茂路-镇海大道
42.7,22.279999999999887,527.8146022727243,3412.710723554373,永茂路-镇海大道
42.75,22.279999999999887,528.9286022727243,3412.7607235543733,永茂路-镇海大道
42.800000000000004,22.279999999999887,530.0426022727244,3412.8107235543735,永茂路-镇海大道
42.85,22.279999999999887,531.1566022727244,3412.860723554373,永茂路-镇海大道
42.900000000000006,22.279999999999887,532.2706022727244,3412.9107235543734,永茂路-镇海大道
42.95,22.279999999999887,533.3846022727245,3412.960723554373,永茂路-镇海大道
43.0,22.279999999999887,534.4986022727245,3413.0107235543733,永茂路-镇海大道
43.050000000000004,22.279999999999887,535.6126022727245,3413.0607235543735,永茂路-镇海大道
43.1,22.279999999999887,536.7266022727246,3413.110723554373,永茂路-镇海大道
43.150000000000006,22.279999999999887,537.8406022727246,3413.1607235543734,永茂路-镇海大道
43.2,22.279999999999887,538.9546022727246,3413.210723554373,永茂路-镇海大道
43.25,22.279999999999887,540.0686022727247,3413.2607235543733,永茂路-镇海大道
43.300000000000004,22.279999999999887,541.1826022727247,3413.3107235543735,永茂路-镇海大道
43.35,22.279999999999887,542.2966022727247,3413.360723554373,永茂路-镇海大道
43.400000000000006,22.279999999999887,543.4106022727248,3413.4107235543734,永茂路-镇海大道
43.45,22.279999999999887,544.5246022727248,3413.460723554373,永茂路-镇海大道
43.5,22.279999999999887,545.6386022727248,3413.5107235543733,永茂路-镇海大道
43.550000000000004,22.279999999999887,546.7526022727249,3413.5607235543735,永茂路-镇海大道
43.6,22.279999999999887,547.8666022727249,3413.610723554373,永茂路-镇海大道
43.650000000000006,22.279999999999887,548.9806022727249,3413.6607235543734,永茂路-镇海大道
43.7,22.279999999999887,550.094602272725,3413.710723554373,永茂路-镇海大道
43.75,22.279999999999887,551.208602272725,3413.7607235543733,永茂路-镇海大道
43.800000000000004,22.279999999999887,552.322602272725,3413.8107235543735,永茂路-镇海大道
43.85,22.279999999999887,553.436602272725,3413.860723554373,永茂路-镇海大道
43.900000000000006,22.279999999999887,554.5506022727251,3413.9107235543734,永茂路-镇海大道
43.95,22.279999999999887,555.6646022727251,3413.960723554373,永茂路-镇海大道
44.0,22.279999999999887,556.7786022727252,3414.0107235543733,永茂路-镇海大道
44.050000000000004,22.279999999999887,557.8926022727252,3414.0607235543735,永茂路-镇海大道
44.1,22.279999999999887,559.0066022727252,3414.110723554373,永茂路-镇海大道
44.150000000000006,22.279999999999887,560.1206022727253,3414.1607235543734,永茂路-镇海大道
44.2,22.279999999999887,561.2346022727253,3414.210723554373,永茂路-镇海大道
44.25,22.279999999999887,562.3486022727253,3414.2607235543733,永茂路-镇海大道
44.300000000000004,22.279999999999887,563.4626022727253,3414.3107235543735,永茂路-镇海大道
44.35,22.279999999999887,564.5766022727254,3414.360723554373,永茂路-镇海大道
44.400000000000006,22.279999999999887,565.6906022727254,3414.4107235543734,永茂路-镇海大道
44.45,22.279999999999887,566.8046022727254,3414.460723554373,永茂路-镇海大道
44.5,22.279999999999887,567.9186022727255,3414.5107235543733,永茂路-镇海大道
44.550000000000004,22.279999999999887,569.0326022727255,3414.5607235543735,永茂路-镇海大道
44.6,22.279999999999887,570.1466022727255,3414.610723554373,永茂路-镇海大道
44.650000000000006,22.279999999999887,571.2606022727256,3414.6607235543734,永茂路-镇海大道
44.7,22.279999999999887,572.3746022727256,3414.710723554373,永茂路-镇海大道
44.75,22.279999999999887,573.4886022727256,3414.7607235543733,永茂路-镇海大道
44.800000000000004,22.279999999999887,574.6026022727257,3414.8107235543735,永茂路-镇海大道
44.85,22.279999999999887,575.7166022727257,3414.860723554373,永茂路-镇海大道
44.900000000000006,22.279999999999887,576.8306022727257,3414.9107235543734,永茂路-镇海大道
44.95,22.279999999999887,577.9446022727258,3414.960723554373,永茂路-镇海大道
45.0,22.279999999999887,579.0586022727258,3415.0107235543733,永茂路-镇海大道
45.050000000000004,22.279999999999887,580.1726022727258,3415.0607235543735,永茂路-镇海大道
45.1,22.279999999999887,581.2866022727259,3415.110723554373,永茂路-镇海大道
45.150000000000006,22.279999999999887,582.4006022727259,3415.1607235543734,永茂路-镇海大道
45.2,22.279999999999887,583.5146022727259,3415.210723554373,永茂路-镇海大道
45.25,22.279999999999887,584.628602272726,3415.2607235543733,永茂路-镇海大道
45.300000000000004,22.279999999999887,585.742602272726,3415.3107235543735,永茂路-镇海大道
45.35,22.279999999999887,586.856602272726,3415.360723554373,永茂路-镇海大道
45.400000000000006,22.279999999999887,587.9706022727261,3415.4107235543734,永茂路-镇海大道
45.45,22.279999999999887,589.0846022727261,3415.460723554373,永茂路-镇海大道
45.5,22.279999999999887,590.1986022727261,3415.5107235543733,永茂路-镇海大道
45.550000000000004,22.279999999999887,591.3126022727262,3415.5607235543735,永茂路-镇海大道
45.6,22.279999999999887,592.4266022727262,3415.610723554373,永茂路-镇海大道
45.650000000000006,22.279999999999887,593.5406022727262,3415.6607235543734,永茂路-镇海大道
45.7,22.279999999999887,594.6546022727263,3415.710723554373,永茂路-镇海大道
45.75,22.279999999999887,595.7686022727263,3415.7607235543733,永茂路-镇海大道
45.800000000000004,22.279999999999887,596.8826022727263,3415.8107235543735,永茂路-镇海大道
45.85,22.279999999999887,597.9966022727264,3415.860723554373,永茂路-镇海大道
45.900000000000006,22.279999999999887,599.1106022727264,3415.9107235543734,永茂路-镇海大道
45.95,22.279999999999887,600.2246022727264,3415.960723554373,永茂路-镇海大道
46.0,22.279999999999887,601.3386022727265,3416.0107235543733,永茂路-镇海大道
46.050000000000004,22.279999999999887,602.4526022727265,3416.0607235543735,永茂路-镇海大道
46.1,22.279999999999887,603.5666022727265,3416.110723554373,永茂路-镇海大道
46.150000000000006,22.279999999999887,604.6806022727266,3416.1607235543734,永茂路-镇海大道
46.2,22.279999999999887,605.7946022727266,3416.210723554373,永茂路-镇海大道
46.25,22.279999999999887,606.9086022727266,3416.2607235543733,永茂路-镇海大道
46.300000000000004,22.279999999999887,608.0226022727267,3416.3107235543735,永茂路-镇海大道
46.35,22.279999999999887,609.1366022727267,3416.360723554373,永茂路-镇海大道
46.400000000000006,22.279999999999887,610.2506022727267,3416.4107235543734,永茂路-镇海大道
46.45,22.279999999999887,611.3646022727268,3416.460723554373,永茂路-镇海大道
46.5,22.279999999999887,612.4786022727268,3416.5107235543733,永茂路-镇海大道
46.550000000000004,22.279999999999887,613.5926022727268,3416.5607235543735,永茂路-镇海大道
46.6,22.279999999999887,614.7066022727269,3416.610723554373,永茂路-镇海大道
46.650000000000006,22.279999999999887,615.8206022727269,3416.6607235543734,永茂路-镇海大道
46.7,22.279999999999887,616.9346022727269,3416.710723554373,永茂路-镇海大道
46.75,22.279999999999887,618.048602272727,3416.7607235543733,永茂路-镇海大道
46.800000000000004,22.279999999999887,619.162602272727,3416.8107235543735,永茂路-镇海大道
46.85,22.279999999999887,620.276602272727,3416.860723554373,永茂路-镇海大道
46.900000000000006,22.279999999999887,621.390602272727,3416.9107235543734,永茂路-镇海大道
46.95,22.279999999999887,622.5046022727271,3416.960723554373,永茂路-镇海大道
47.0,22.279999999999887,623.6186022727271,3417.0107235543733,永茂路-镇海大道
47.050000000000004,22.279999999999887,624.7326022727271,3417.0607235543735,永茂路-镇海大道
47.1,22.279999999999887,625.8466022727272,3417.110723554373,永茂路-镇海大道
47.150000000000006,22.279999999999887,626.9606022727272,3417.1607235543734,永茂路-镇海大道
47.2,22.279999999999887,628.0746022727272,3417.210723554373,永茂路-镇海大道
47.25,22.279999999999887,629.1886022727273,3417.2607235543733,永茂路-镇海大道
47.300000000000004,22.279999999999887,630.3026022727273,3417.3107235543735,永茂路-镇海大道
47.35,22.279999999999887,631.4166022727273,3417.360723554373,永茂路-镇海大道
47.400000000000006,22.279999999999887,632.5306022727274,3417.4107235543734,永茂路-镇海大道
47.45,22.279999999999887,633.6446022727274,3417.460723554373,永茂路-镇海大道
47.5,22.279999999999887,634.7586022727274,3417.5107235543733,永茂路-镇海大道
47.550000000000004,22.279999999999887,635.8726022727275,3417.5607235543735,永茂路-镇海大道
47.6,22.279999999999887,636.9866022727275,3417.610723554373,永茂路-镇海大道
47.650000000000006,22.279999999999887,638.1006022727275,3417.6607235543734,永茂路-镇海大道
47.7,22.279999999999887,639.2146022727276,3417.710723554373,永茂路-镇海大道
47.75,22.279999999999887,640.3286022727276,3417.7607235543733,永茂路-镇海大道
47.800000000000004,22.279999999999887,641.4426022727276,3417.8107235543735,永茂路-镇海大道
47.85,22.279999999999887,642.5566022727277,3417.860723554373,永茂路-镇海大道
47.900000000000006,22.279999999999887,643.6706022727277,3417.9107235543734,永茂路-镇海大道
47.95,22.279999999999887,644.7846022727277,3417.960723554373,永茂路-镇海大道
48.0,22.279999999999887,645.8986022727278,3418.0107235543733,永茂路-镇海大道
48.050000000000004,22.279999999999887,647.0126022727278,3418.0607235543735,永茂路-镇海大道
48.1,22.279999999999887,648.1266022727278,3418.110723554373,永茂路-镇海大道
48.150000000000006,22.279999999999887,649.2406022727279,3418.1607235543734,永茂路-镇海大道
48.2,22.279999999999887,650.3546022727279,3418.210723554373,永茂路-镇海大道
48.25,22.279999999999887,651.4686022727279,3418.2607235543733,永茂路-镇海大道
48.300000000000004,22.279999999999887,652.582602272728,3418.3107235543735,永茂路-镇海大道
48.35,22.279999999999887,653.696602272728,3418.360723554373,永茂路-镇海大道
48.400000000000006,22.279999999999887,654.810602272728,3418.4107235543734,永茂路-镇海大道
48.45,22.279999999999887,655.9246022727281,3418.460723554373,永茂路-镇海大道
48.5,22.279999999999887,657.0386022727281,3418.5107235543733,永茂路-镇海大道
48.550000000000004,22.279999999999887,658.1526022727281,3418.5607235543735,永茂路-镇海大道
48.6,22.279999999999887,659.2666022727282,3418.610723554373,永茂路-镇海大道
48.650000000000006,22.279999999999887,660.3806022727282,3418.6607235543734,永茂路-镇海大道
48.7,22.279999999999887,661.4946022727282,3418.710723554373,永茂路-镇海大道
48.75,22.279999999999887,662.6086022727283,3418.7607235543733,永茂路-镇海大道
48.800000000000004,22.279999999999887,663.7226022727283,3418.8107235543735,永茂路-镇海大道
48.85,22.279999999999887,664.8366022727283,3418.860723554373,永茂路-镇海大道
48.900000000000006,22.279999999999887,665.9506022727284,3418.9107235543734,永茂路-镇海大道
48.95,22.279999999999887,667.0646022727284,3418.960723554373,永茂路-镇海大道
49.0,22.279999999999887,668.1786022727284,3419.0107235543733,永茂路-镇海大道
49.050000000000004,22.279999999999887,669.2926022727285,3419.0607235543735,永茂路-镇海大道
49.1,22.279999999999887,670.4066022727285,3419.110723554373,永茂路-镇海大道
49.150000000000006,22.279999999999887,671.5206022727285,3419.1607235543734,永茂路-镇海大道
49.2,22.279999999999887,672.6346022727286,3419.210723554373,永茂路-镇海大道
49.25,22.279999999999887,673.7486022727286,3419.2607235543733,永茂路-镇海大道
49.300000000000004,22.279999999999887,674.8626022727286,3419.3107235543735,永茂路-镇海大道
49.35,22.279999999999887,675.9766022727287,3419.360723554373,永茂路-镇海大道
49.400000000000006,22.279999999999887,677.0906022727287,3419.4107235543734,永茂路-镇海大道
49.45,22.279999999999887,678.2046022727287,3419.460723554373,永茂路-镇海大道
49.5,22.279999999999887,679.3186022727288,3419.5107235543733,永茂路-镇海大道
49.550000000000004,22.279999999999887,680.4326022727288,3419.5607235543735,永茂路-镇海大道
49.6,22.279999999999887,681.5466022727288,3419.610723554373,永茂路-镇海大道
49.650000000000006,22.279999999999887,682.6606022727289,3419.6607235543734,永茂路-镇海大道
49.7,22.279999999999887,683.7746022727289,3419.710723554373,永茂路-镇海大道
49.75,22.279999999999887,684.8886022727289,3419.7607235543733,永茂路-镇海大道
49.800000000000004,22.279999999999887,686.002602272729,3419.8107235543735,永茂路-镇海大道
49.85,22.279999999999887,687.116602272729,3419.860723554373,永茂路-镇海大道
49.900000000000006,22.279999999999887,688.230602272729,3419.9107235543734,永茂路-镇海大道
49.95,22.279999999999887,689.344602272729,3419.960723554373,永茂路-镇海大道
50.0,22.279999999999887,690.4586022727291,3420.0107235543733,永茂路-镇海大道
50.050000000000004,22.279999999999887,691.5726022727291,3420.0607235543735,永茂路-镇海大道
50.1,22.279999999999887,692.6866022727291,3420.110723554373,永茂路-镇海大道
50.150000000000006,22.279999999999887,693.8006022727292,3420.1607235543734,永茂路-镇海大道
50.2,22.279999999999887,694.9146022727292,3420.210723554373,永茂路-镇海大道
50.25,22.279999999999887,696.0286022727292,3420.2607235543733,永茂路-镇海大道
50.300000000000004,22.279999999999887,697.1426022727293,3420.3107235543735,永茂路-镇海大道
50.35,22.279999999999887,698.2566022727293,3420.360723554373,永茂路-镇海大道
50.400000000000006,22.279999999999887,699.3706022727293,3420.4107235543734,永茂路-镇海大道
50.45,22.279999999999887,700.4846022727294,3420.460723554373,永茂路-镇海大道
50.5,22.279999999999887,701.5986022727294,3420.5107235543733,永茂路-镇海大道
50.550000000000004,22.279999999999887,702.7126022727294,3420.5607235543735,永茂路-镇海大道
50.6,22.279999999999887,703.8266022727295,3420.610723554373,永茂路-镇海大道
50.650000000000006,22.279999999999887,704.9406022727295,3420.6607235543734,永茂路-镇海大道
50.7,22.279999999999887,706.0546022727295,3420.710723554373,永茂路-镇海大道
50.75,22.279999999999887,707.1686022727296,3420.7607235543733,永茂路-镇海大道
50.800000000000004,22.279999999999887,708.2826022727296,3420.8107235543735,永茂路-镇海大道
50.85,22.279999999999887,709.3966022727296,3420.860723554373,永茂路-镇海大道
50.900000000000006,22.279999999999887,710.5106022727297,3420.9107235543734,永茂路-镇海大道
50.95,22.279999999999887,711.6246022727297,3420.960723554373,永茂路-镇海大道
51.0,22.279999999999887,712.7386022727297,3421.0107235543733,永茂路-镇海大道
51.050000000000004,22.279999999999887,713.8526022727298,3421.0607235543735,永茂路-镇海大道
51.1,22.279999999999887,714.9666022727298,3421.110723554373,永茂路-镇海大道
51.150000000000006,22.279999999999887,716.0806022727298,3421.1607235543734,永茂路-镇海大道
51.2,22.279999999999887,717.1946022727299,3421.210723554373,永茂路-镇海大道
51.25,22.279999999999887,718.3086022727299,3421.2607235543733,永茂路-镇海大道
51.300000000000004,22.279999999999887,719.4226022727299,3421.3107235543735,永茂路-镇海大道
51.35,22.279999999999887,720.53660227273,3421.360723554373,永茂路-镇海大道
51.400000000000006,22.279999999999887,721.65060227273,3421.4107235543734,永茂路-镇海大道
51.45,22.279999999999887,722.76460227273,3421.460723554373,永茂路-镇海大道
51.5,22.279999999999887,723.8786022727301,3421.5107235543733,永茂路-镇海大道
51.550000000000004,22.279999999999887,724.9926022727301,3421.5607235543735,永茂路-镇海大道
51.6,22.279999999999887,726.1066022727301,3421.610723554373,永茂路-镇海大道
51.650000000000006,22.279999999999887,727.2206022727302,3421.6607235543734,永茂路-镇海大道
51.7,22.279999999999887,728.3346022727302,3421.710723554373,永茂路-镇海大道
51.75,22.279999999999887,729.4486022727302,3421.7607235543733,永茂路-镇海大道
51.800000000000004,22.279999999999887,730.5626022727303,3421.8107235543735,永茂路-镇海大道
51.85,22.279999999999887,731.6766022727303,3421.860723554373,永茂路-镇海大道
51.900000000000006,22.279999999999887,732.7906022727303,3421.9107235543734,永茂路-镇海大道
51.95,22.279999999999887,733.9046022727304,3421.960723554373,永茂路-镇海大道
52.0,22.279999999999887,735.0186022727304,3422.0107235543733,永茂路-镇海大道
52.050000000000004,22.279999999999887,736.1326022727304,3422.0607235543735,永茂路-镇海大道
52.1,22.279999999999887,737.2466022727305,3422.110723554373,永茂路-镇海大道
52.150000000000006,22.279999999999887,738.3606022727305,3422.1607235543734,永茂路-镇海大道
52.2,22.279999999999887,739.4746022727305,3422.210723554373,永茂路-镇海大道
52.25,22.279999999999887,740.5886022727306,3422.2607235543733,永茂路-镇海大道
52.300000000000004,22.279999999999887,741.7026022727306,3422.3107235543735,永茂路-镇海大道
52.35,22.279999999999887,742.8166022727306,3422.360723554373,永茂路-镇海大道
52.400000000000006,22.279999999999887,743.9306022727307,3422.4107235543734,永茂路-镇海大道
52.45,22.279999999999887,745.0446022727307,3422.460723554373,永茂路-镇海大道
52.5,22.279999999999887,746.1586022727307,3422.5107235543733,永茂路-镇海大道
52.550000000000004,22.279999999999887,747.2726022727308,3422.5607235543735,永茂路-镇海大道
52.6,22.279999999999887,748.3866022727308,3422.610723554373,永茂路-镇海大道
52.650000000000006,22.279999999999887,749.5006022727308,3422.6607235543734,永茂路-镇海大道
52.7,22.279999999999887,750.6146022727308,3422.710723554373,永茂路-镇海大道
52.75,22.279999999999887,751.7286022727309,3422.7607235543733,永茂路-镇海大道
52.800000000000004,22.279999999999887,752.8426022727309,3422.8107235543735,永茂路-镇海大道
52.85,22.279999999999887,753.956602272731,3422.860723554373,永茂路-镇海大道
52.900000000000006,22.279999999999887,755.070602272731,3422.9107235543734,永茂路-镇海大道
52.95,22.279999999999887,756.184602272731,3422.960723554373,永茂路-镇海大道
53.0,22.279999999999887,757.298602272731,3423.0107235543733,永茂路-镇海大道
53.050000000000004,22.279999999999887,758.4126022727311,3423.0607235543735,永茂路-镇海大道
53.1,22.279999999999887,759.5266022727311,3423.110723554373,永茂路-镇海大道
53.150000000000006,22.279999999999887,760.6406022727311,3423.1607235543734,永茂路-镇海大道
53.2,22.279999999999887,761.7546022727312,3423.210723554373,永茂路-镇海大道
53.25,22.279999999999887,762.8686022727312,3423.2607235543733,永茂路-镇海大道
53.300000000000004,22.279999999999887,763.9826022727312,3423.3107235543735,永茂路-镇海大道
53.35,22.279999999999887,765.0966022727313,3423.360723554373,永茂路-镇海大道
53.400000000000006,22.279999999999887,766.2106022727313,3423.4107235543734,永茂路-镇海大道
53.45,22.279999999999887,767.3246022727313,3423.460723554373,永茂路-镇海大道
53.5,22.279999999999887,768.4386022727314,3423.5107235543733,永茂路-镇海大道
53.550000000000004,22.279999999999887,769.5526022727314,3423.5607235543735,永茂路-镇海大道
53.6,22.279999999999887,770.6666022727314,3423.610723554373,永茂路-镇海大道
53.650000000000006,22.279999999999887,771.7806022727315,3423.6607235543734,永茂路-镇海大道
53.7,22.279999999999887,772.8946022727315,3423.710723554373,永茂路-镇海大道
53.75,22.279999999999887,774.0086022727315,3423.7607235543733,永茂路-镇海大道
53.800000000000004,22.279999999999887,775.1226022727316,3423.8107235543735,永茂路-镇海大道
53.85,22.279999999999887,776.2366022727316,3423.860723554373,永茂路-镇海大道
53.900000000000006,22.279999999999887,777.3506022727316,3423.9107235543734,永茂路-镇海大道
53.95,22.279999999999887,778.4646022727317,3423.960723554373,永茂路-镇海大道
54.0,22.279999999999887,779.5786022727317,3424.0107235543733,永茂路-镇海大道
54.050000000000004,22.279999999999887,780.6926022727317,3424.0607235543735,永茂路-镇海大道
54.1,22.279999999999887,781.8066022727318,3424.110723554373,永茂路-镇海大道
54.150000000000006,22.279999999999887,782.9206022727318,3424.1607235543734,永茂路-镇海大道
54.2,22.279999999999887,784.0346022727318,3424.210723554373,永茂路-镇海大道
54.25,22.279999999999887,785.1486022727319,3424.2607235543733,永茂路-镇海大道
54.300000000000004,22.279999999999887,786.2626022727319,3424.3107235543735,永茂路-镇海大道
54.35,22.279999999999887,787.3766022727319,3424.360723554373,永茂路-镇海大道
54.400000000000006,22.279999999999887,788.490602272732,3424.4107235543734,永茂路-镇海大道
54.45,22.279999999999887,789.604602272732,3424.460723554373,永茂路-镇海大道
54.5,22.279999999999887,790.718602272732,3424.5107235543733,永茂路-镇海大道
54.550000000000004,22.279999999999887,791.8326022727321,3424.5607235543735,永茂路-镇海大道
54.6,22.279999999999887,792.9466022727321,3424.610723554373,永茂路-镇海大道
54.650000000000006,22.279999999999887,794.0606022727321,3424.6607235543734,永茂路-镇海大道
54.7,22.279999999999887,795.1746022727322,3424.710723554373,永茂路-镇海大道
54.75,22.279999999999887,796.2886022727322,3424.7607235543733,永茂路-镇海大道
54.800000000000004,22.279999999999887,797.4026022727322,3424.8107235543735,永茂路-镇海大道
54.85,22.279999999999887,798.5166022727323,3424.860723554373,永茂路-镇海大道
54.900000000000006,22.279999999999887,799.6306022727323,3424.9107235543734,永茂路-镇海大道
54.95,22.279999999999887,800.7446022727323,3424.960723554373,永茂路-镇海大道
55.0,22.279999999999887,801.8586022727324,3425.0107235543733,永茂路-镇海大道
55.050000000000004,22.279999999999887,802.9726022727324,3425.0607235543735,永茂路-镇海大道
55.1,22.279999999999887,804.0866022727324,3425.110723554373,永茂路-镇海大道
55.150000000000006,22.279999999999887,805.2006022727325,3425.1607235543734,永茂路-镇海大道
55.2,22.279999999999887,806.3146022727325,3425.210723554373,永茂路-镇海大道
55.25,22.279999999999887,807.4286022727325,3425.2607235543733,永茂路-镇海大道
55.300000000000004,22.279999999999887,808.5426022727326,3425.3107235543735,永茂路-镇海大道
55.35,22.279999999999887,809.6566022727326,3425.360723554373,永茂路-镇海大道
55.400000000000006,22.279999999999887,810.7706022727326,3425.4107235543734,永茂路-镇海大道
55.45,22.279999999999887,811.8846022727326,3425.460723554373,永茂路-镇海大道
55.5,22.279999999999887,812.9986022727327,3425.5107235543733,永茂路-镇海大道
55.550000000000004,22.279999999999887,814.1126022727327,3425.5607235543735,永茂路-镇海大道
55.6,22.279999999999887,815.2266022727327,3425.610723554373,永茂路-镇海大道
55.650000000000006,22.279999999999887,816.3406022727328,3425.6607235543734,永茂路-镇海大道
55.7,22.279999999999887,817.4546022727328,3425.710723554373,永茂路-镇海大道
55.75,22.279999999999887,818.5686022727328,3425.7607235543733,永茂路-镇海大道
55.800000000000004,22.279999999999887,819.6826022727329,3425.8107235543735,永茂路-镇海大道
55.85,22.279999999999887,820.7966022727329,3425.860723554373,永茂路-镇海大道
55.900000000000006,22.279999999999887,821.910602272733,3425.9107235543734,永茂路-镇海大道
55.95,22.279999999999887,823.024602272733,3425.960723554373,永茂路-镇海大道
56.0,22.279999999999887,824.138602272733,3426.0107235543733,永茂路-镇海大道
56.050000000000004,22.279999999999887,825.252602272733,3426.0607235543735,永茂路-镇海大道
56.1,22.279999999999887,826.3666022727331,3426.110723554373,永茂路-镇海大道
56.150000000000006,22.279999999999887,827.4806022727331,3426.1607235543734,永茂路-镇海大道
56.2,22.279999999999887,828.5946022727331,3426.210723554373,永茂路-镇海大道
56.25,22.279999999999887,829.7086022727332,3426.2607235543733,永茂路-镇海大道
56.300000000000004,22.279999999999887,830.8226022727332,3426.3107235543735,永茂路-镇海大道
56.35,22.279999999999887,831.9366022727332,3426.360723554373,永茂路-镇海大道
56.400000000000006,22.279999999999887,833.0506022727333,3426.4107235543734,永茂路-镇海大道
56.45,22.279999999999887,834.1646022727333,3426.460723554373,永茂路-镇海大道
56.5,22.279999999999887,835.2786022727333,3426.5107235543733,永茂路-镇海大道
56.550000000000004,22.279999999999887,836.3926022727334,3426.5607235543735,永茂路-镇海大道
56.6,22.279999999999887,837.5066022727334,3426.610723554373,永茂路-镇海大道
56.650000000000006,22.279999999999887,838.6206022727334,3426.6607235543734,永茂路-镇海大道
56.7,22.279999999999887,839.7346022727335,3426.710723554373,永茂路-镇海大道
56.75,22.279999999999887,840.8486022727335,3426.7607235543733,永茂路-镇海大道
56.800000000000004,22.279999999999887,841.9626022727335,3426.8107235543735,永茂路-镇海大道
56.85,22.279999999999887,843.0766022727336,3426.860723554373,永茂路-镇海大道
56.900000000000006,22.279999999999887,844.1906022727336,3426.9107235543734,永茂路-镇海大道
56.95,22.279999999999887,845.3046022727336,3426.960723554373,永茂路-镇海大道
57.0,22.279999999999887,846.4186022727337,3427.0107235543733,永茂路-镇海大道
57.050000000000004,22.279999999999887,847.5326022727337,3427.0607235543735,永茂路-镇海大道
57.1,22.279999999999887,848.6466022727337,3427.110723554373,永茂路-镇海大道
57.150000000000006,22.279999999999887,849.7606022727338,3427.1607235543734,永茂路-镇海大道
57.2,22.279999999999887,850.8746022727338,3427.210723554373,永茂路-镇海大道
57.25,22.279999999999887,851.9886022727338,3427.2607235543733,永茂路-镇海大道
57.300000000000004,22.279999999999887,853.1026022727339,3427.3107235543735,永茂路-镇海大道
57.35,22.279999999999887,854.2166022727339,3427.360723554373,永茂路-镇海大道
57.400000000000006,22.279999999999887,855.3306022727339,3427.4107235543734,永茂路-镇海大道
57.45,22.279999999999887,856.444602272734,3427.460723554373,永茂路-镇海大道
57.5,22.279999999999887,857.558602272734,3427.5107235543733,永茂路-镇海大道
57.550000000000004,22.279999999999887,858.672602272734,3427.5607235543735,永茂路-镇海大道
57.6,22.279999999999887,859.7866022727341,3427.610723554373,永茂路-镇海大道
57.650000000000006,22.279999999999887,860.9006022727341,3427.6607235543734,永茂路-镇海大道
57.7,22.279999999999887,862.0146022727341,3427.710723554373,永茂路-镇海大道
57.75,22.279999999999887,863.1286022727342,3427.7607235543733,永茂路-镇海大道
57.800000000000004,22.279999999999887,864.2426022727342,3427.8107235543735,永茂路-镇海大道
57.85,22.279999999999887,865.3566022727342,3427.860723554373,永茂路-镇海大道
57.900000000000006,22.279999999999887,866.4706022727343,3427.9107235543734,永茂路-镇海大道
57.95,22.279999999999887,867.5846022727343,3427.960723554373,永茂路-镇海大道
58.0,22.279999999999887,868.6986022727343,3428.0107235543733,永茂路-镇海大道
58.050000000000004,22.279999999999887,869.8126022727344,3428.0607235543735,永茂路-镇海大道
58.1,22.279999999999887,870.9266022727344,3428.110723554373,永茂路-镇海大道
58.150000000000006,22.279999999999887,872.0406022727344,3428.1607235543734,永茂路-镇海大道
58.2,22.279999999999887,873.1546022727345,3428.210723554373,永茂路-镇海大道
58.25,22.279999999999887,874.2686022727345,3428.2607235543733,永茂路-镇海大道
58.300000000000004,22.279999999999887,875.3826022727345,3428.3107235543735,永茂路-镇海大道
58.35,22.279999999999887,876.4966022727345,3428.360723554373,永茂路-镇海大道
58.400000000000006,22.279999999999887,877.6106022727346,3428.4107235543734,永茂路-镇海大道
58.45,22.279999999999887,878.7246022727346,3428.460723554373,永茂路-镇海大道
58.5,22.279999999999887,879.8386022727346,3428.5107235543733,永茂路-镇海大道
58.550000000000004,22.279999999999887,880.9526022727347,3428.5607235543735,永茂路-镇海大道
58.6,22.279999999999887,882.0666022727347,3428.610723554373,永茂路-镇海大道
58.650000000000006,22.279999999999887,883.1806022727347,3428.6607235543734,永茂路-镇海大道
58.7,22.279999999999887,884.2946022727348,3428.710723554373,永茂路-镇海大道
58.75,22.279999999999887,885.4086022727348,3428.7607235543733,永茂路-镇海大道
58.800000000000004,22.279999999999887,886.5226022727348,3428.8107235543735,永茂路-镇海大道
58.85,22.279999999999887,887.6366022727349,3428.860723554373,永茂路-镇海大道
58.900000000000006,22.279999999999887,888.7506022727349,3428.9107235543734,永茂路-镇海大道
58.95,22.279999999999887,889.8646022727349,3428.960723554373,永茂路-镇海大道
59.0,22.279999999999887,890.978602272735,3429.0107235543733,永茂路-镇海大道
59.050000000000004,22.279999999999887,892.092602272735,3429.0607235543735,永茂路-镇海大道
59.1,22.279999999999887,893.206602272735,3429.110723554373,永茂路-镇海大道
59.150000000000006,22.279999999999887,894.3206022727351,3429.1607235543734,永茂路-镇海大道
59.2,22.279999999999887,895.4346022727351,3429.210723554373,永茂路-镇海大道
59.25,22.279999999999887,896.5486022727351,3429.2607235543733,永茂路-镇海大道
59.300000000000004,22.279999999999887,897.6626022727352,3429.3107235543735,永茂路-镇海大道
59.35,22.279999999999887,898.7766022727352,3429.360723554373,永茂路-镇海大道
59.400000000000006,22.279999999999887,899.8906022727352,3429.4107235543734,永茂路-镇海大道
59.45,22.279999999999887,901.0046022727353,3429.460723554373,永茂路-镇海大道
59.5,22.279999999999887,902.1186022727353,3429.5107235543733,永茂路-镇海大道
59.550000000000004,22.279999999999887,903.2326022727353,3429.5607235543735,永茂路-镇海大道
59.6,22.279999999999887,904.3466022727354,3429.610723554373,永茂路-镇海大道
59.650000000000006,22.279999999999887,905.4606022727354,3429.6607235543734,永茂路-镇海大道
59.7,22.279999999999887,906.5746022727354,3429.710723554373,永茂路-镇海大道
59.75,22.279999999999887,907.6886022727355,3429.7607235543733,永茂路-镇海大道
59.800000000000004,22.279999999999887,908.8026022727355,3429.8107235543735,永茂路-镇海大道
59.85,22.279999999999887,909.9166022727355,3429.860723554373,永茂路-镇海大道
59.900000000000006,22.279999999999887,911.0306022727356,3429.9107235543734,永茂路-镇海大道
59.95,22.279999999999887,912.1446022727356,3429.960723554373,永茂路-镇海大道
60.0,22.279999999999887,913.2586022727356,3430.0107235543733,永茂路-镇海大道
60.050000000000004,22.279999999999887,914.3726022727357,3430.0607235543735,永茂路-镇海大道
60.1,22.279999999999887,915.4866022727357,3430.110723554373,永茂路-镇海大道
60.150000000000006,22.279999999999887,916.6006022727357,3430.1607235543734,永茂路-镇海大道
60.2,22.279999999999887,917.7146022727358,3430.210723554373,永茂路-镇海大道
60.25,22.279999999999887,918.8286022727358,3430.2607235543733,永茂路-镇海大道
60.300000000000004,22.279999999999887,919.9426022727358,3430.3107235543735,永茂路-镇海大道
60.35,22.279999999999887,921.0566022727359,3430.360723554373,永茂路-镇海大道
60.400000000000006,22.279999999999887,922.1706022727359,3430.4107235543734,永茂路-镇海大道
60.45,22.279999999999887,923.2846022727359,3430.460723554373,永茂路-镇海大道
60.5,22.279999999999887,924.398602272736,3430.5107235543733,永茂路-镇海大道
60.550000000000004,22.279999999999887,925.512602272736,3430.5607235543735,永茂路-镇海大道
60.6,22.279999999999887,926.626602272736,3430.610723554373,永茂路-镇海大道
60.650000000000006,22.279999999999887,927.740602272736,3430.6607235543734,永茂路-镇海大道
60.7,22.279999999999887,928.8546022727361,3430.710723554373,永茂路-镇海大道
60.75,22.279999999999887,929.9686022727361,3430.7607235543733,永茂路-镇海大道
60.800000000000004,22.279999999999887,931.0826022727362,3430.8107235543735,永茂路-镇海大道
60.85,22.279999999999887,932.1966022727362,3430.860723554373,永茂路-镇海大道
60.900000000000006,22.279999999999887,933.3106022727362,3430.9107235543734,永茂路-镇海大道
60.95,22.279999999999887,934.4246022727363,3430.960723554373,永茂路-镇海大道
61.0,22.279999999999887,935.5386022727363,3431.0107235543733,永茂路-镇海大道
61.050000000000004,22.279999999999887,936.6526022727363,3431.0607235543735,永茂路-镇海大道
61.1,22.279999999999887,937.7666022727363,3431.110723554373,永茂路-镇海大道
61.150000000000006,22.279999999999887,938.8806022727364,3431.1607235543734,永茂路-镇海大道
61.2,22.279999999999887,939.9946022727364,3431.210723554373,永茂路-镇海大道
61.25,22.279999999999887,941.1086022727364,3431.2607235543733,永茂路-镇海大道
61.300000000000004,22.279999999999887,942.2226022727365,3431.3107235543735,永茂路-镇海大道
61.35,22.279999999999887,943.3366022727365,3431.360723554373,永茂路-镇海大道
61.400000000000006,22.279999999999887,944.4506022727365,3431.4107235543734,永茂路-镇海大道
61.45,22.279999999999887,945.5646022727366,3431.460723554373,永茂路-镇海大道
61.5,22.279999999999887,946.6786022727366,3431.5107235543733,永茂路-镇海大道
61.550000000000004,22.279999999999887,947.7926022727366,3431.5607235543735,永茂路-镇海大道
61.6,22.279999999999887,948.9066022727367,3431.610723554373,永茂路-镇海大道
61.650000000000006,22.279999999999887,950.0206022727367,3431.6607235543734,永茂路-镇海大道
61.7,22.279999999999887,951.1346022727367,3431.710723554373,永茂路-镇海大道
61.75,22.279999999999887,952.2486022727368,3431.7607235543733,永茂路-镇海大道
61.800000000000004,22.279999999999887,953.3626022727368,3431.8107235543735,永茂路-镇海大道
61.85,22.279999999999887,954.4766022727368,3431.860723554373,永茂路-镇海大道
61.900000000000006,22.279999999999887,955.5906022727369,3431.9107235543734,永茂路-镇海大道
61.95,22.279999999999887,956.7046022727369,3431.960723554373,永茂路-镇海大道
62.0,22.279999999999887,957.8186022727369,3432.0107235543733,永茂路-镇海大道
62.050000000000004,22.279999999999887,958.932602272737,3432.0607235543735,永茂路-镇海大道
62.1,22.279999999999887,960.046602272737,3432.110723554373,永茂路-镇海大道
62.150000000000006,22.279999999999887,961.160602272737,3432.1607235543734,永茂路-镇海大道
62.2,22.279999999999887,962.2746022727371,3432.210723554373,永茂路-镇海大道
62.25,22.279999999999887,963.3886022727371,3432.2607235543733,永茂路-镇海大道
62.300000000000004,22.279999999999887,964.5026022727371,3432.3107235543735,永茂路-镇海大道
62.35,22.279999999999887,965.6166022727372,3432.360723554373,永茂路-镇海大道
62.400000000000006,22.279999999999887,966.7306022727372,3432.4107235543734,永茂路-镇海大道
62.45,22.279999999999887,967.8446022727372,3432.460723554373,永茂路-镇海大道
62.5,22.279999999999887,968.9586022727373,3432.5107235543733,永茂路-镇海大道
62.550000000000004,22.279999999999887,970.0726022727373,3432.5607235543735,永茂路-镇海大道
62.6,22.279999999999887,971.1866022727373,3432.610723554373,永茂路-镇海大道
62.650000000000006,22.279999999999887,972.3006022727374,3432.6607235543734,永茂路-镇海大道
62.7,22.279999999999887,973.4146022727374,3432.710723554373,永茂路-镇海大道
62.75,22.279999999999887,974.5286022727374,3432.7607235543733,永茂路-镇海大道
62.800000000000004,22.279999999999887,975.6426022727375,3432.8107235543735,永茂路-镇海大道
62.85,22.279999999999887,976.7566022727375,3432.860723554373,永茂路-镇海大道
62.900000000000006,22.279999999999887,977.8706022727375,3432.9107235543734,永茂路-镇海大道
62.95,22.279999999999887,978.9846022727376,3432.960723554373,永茂路-镇海大道
63.0,22.279999999999887,980.0986022727376,3433.0107235543733,永茂路-镇海大道
63.050000000000004,22.279999999999887,981.2126022727376,3433.0607235543735,永茂路-镇海大道
63.1,22.279999999999887,982.3266022727377,3433.110723554373,永茂路-镇海大道
63.150000000000006,22.279999999999887,983.4406022727377,3433.1607235543734,永茂路-镇海大道
63.2,22.279999999999887,984.5546022727377,3433.210723554373,永茂路-镇海大道
63.25,22.279999999999887,985.6686022727378,3433.2607235543733,永茂路-镇海大道
63.300000000000004,22.279999999999887,986.7826022727378,3433.3107235543735,永茂路-镇海大道
63.35,22.279999999999887,987.8966022727378,3433.360723554373,永茂路-镇海大道
63.400000000000006,22.279999999999887,989.0106022727379,3433.4107235543734,永茂路-镇海大道
63.45,22.279999999999887,990.1246022727379,3433.460723554373,永茂路-镇海大道
63.5,22.279999999999887,991.2386022727379,3433.5107235543733,永茂路-镇海大道
63.550000000000004,22.279999999999887,992.352602272738,3433.5607235543735,永茂路-镇海大道
63.6,22.279999999999887,993.466602272738,3433.610723554373,永茂路-镇海大道
63.650000000000006,22.279999999999887,994.580602272738,3433.6607235543734,永茂路-镇海大道
63.7,22.279999999999887,995.694602272738,3433.710723554373,永茂路-镇海大道
63.75,22.279999999999887,996.8086022727381,3433.7607235543733,永茂路-镇海大道
63.800000000000004,22.279999999999887,997.9226022727381,3433.8107235543735,永茂路-镇海大道
63.85,22.279999999999887,999.0366022727382,3433.860723554373,永茂路-镇海大道
63.900000000000006,22.279999999999887,1000.1506022727382,3433.9107235543734,永茂路-镇海大道
63.95,22.279999999999887,1001.2646022727382,3433.960723554373,永茂路-镇海大道
64.0,22.279999999999887,1002.3786022727382,3434.0107235543733,永茂路-镇海大道
64.05,22.279999999999887,1003.4926022727383,3434.0607235543735,永茂路-镇海大道
64.10000000000001,22.279999999999887,1004.6066022727383,3434.110723554373,永茂路-镇海大道
64.15,22.279999999999887,1005.7206022727383,3434.1607235543734,永茂路-镇海大道
64.2,22.279999999999887,1006.8346022727384,3434.210723554373,永茂路-镇海大道
64.25,22.279999999999887,1007.9486022727384,3434.2607235543733,永茂路-镇海大道
64.3,22.279999999999887,1009.0626022727384,3434.3107235543735,永茂路-镇海大道
64.35000000000001,22.279999999999887,1010.1766022727385,3434.360723554373,永茂路-镇海大道
64.4,22.279999999999887,1011.2906022727385,3434.4107235543734,永茂路-镇海大道
64.45,22.279999999999887,1012.4046022727385,3434.460723554373,永茂路-镇海大道
64.5,22.279999999999887,1013.5186022727386,3434.5107235543733,永茂路-镇海大道
64.55,22.279999999999887,1014.6326022727386,3434.5607235543735,永茂路-镇海大道
64.60000000000001,22.279999999999887,1015.7466022727386,3434.610723554373,永茂路-镇海大道
64.65,22.279999999999887,1016.8606022727387,3434.6607235543734,永茂路-镇海大道
64.7,22.279999999999887,1017.9746022727387,3434.710723554373,永茂路-镇海大道
64.75,22.279999999999887,1019.0886022727387,3434.7607235543733,永茂路-镇海大道
64.8,22.279999999999887,1020.2026022727388,3434.8107235543735,永茂路-镇海大道
64.85000000000001,22.279999999999887,1021.3166022727388,3434.860723554373,永茂路-镇海大道
64.9,22.279999999999887,1022.4306022727388,3434.9107235543734,永茂路-镇海大道
64.95,22.279999999999887,1023.5446022727389,3434.960723554373,永茂路-镇海大道
65.0,22.279999999999887,1024.6586022727388,3435.0107235543733,永茂路-镇海大道
65.05,22.279999999999887,1025.7726022727388,3435.0607235543735,永茂路-镇海大道
65.10000000000001,22.279999999999887,1026.8866022727389,3435.110723554373,永茂路-镇海大道
65.15,22.279999999999887,1028.000602272739,3435.1607235543734,永茂路-镇海大道
65.2,22.279999999999887,1029.114602272739,3435.210723554373,永茂路-镇海大道
65.25,22.279999999999887,1030.228602272739,3435.2607235543733,永茂路-镇海大道
65.3,22.279999999999887,1031.342602272739,3435.3107235543735,永茂路-镇海大道
65.35000000000001,22.279999999999887,1032.456602272739,3435.360723554373,永茂路-镇海大道
65.4,22.279999999999887,1033.570602272739,3435.4107235543734,永茂路-镇海大道
65.45,22.279999999999887,1034.684602272739,3435.460723554373,永茂路-镇海大道
65.5,22.279999999999887,1035.7986022727391,3435.5107235543733,永茂路-镇海大道
65.55,22.279999999999887,1036.9126022727392,3435.5607235543735,永茂路-镇海大道
65.60000000000001,22.279999999999887,1038.0266022727392,3435.610723554373,永茂路-镇海大道
65.65,22.279999999999887,1039.1406022727392,3435.6607235543734,永茂路-镇海大道
65.7,22.279999999999887,1040.2546022727392,3435.710723554373,永茂路-镇海大道
65.75,22.279999999999887,1041.3686022727393,3435.7607235543733,永茂路-镇海大道
65.8,22.279999999999887,1042.4826022727393,3435.8107235543735,永茂路-镇海大道
65.85000000000001,22.279999999999887,1043.5966022727393,3435.860723554373,永茂路-镇海大道
65.9,22.279999999999887,1044.7106022727394,3435.9107235543734,永茂路-镇海大道
65.95,22.279999999999887,1045.8246022727394,3435.960723554373,永茂路-镇海大道
66.0,22.279999999999887,1046.9386022727394,3436.0107235543733,永茂路-镇海大道
66.05,22.279999999999887,1048.0526022727395,3436.0607235543735,永茂路-镇海大道
66.10000000000001,22.279999999999887,1049.1666022727395,3436.110723554373,永茂路-镇海大道
66.15,22.279999999999887,1050.2806022727395,3436.1607235543734,永茂路-镇海大道
66.2,22.279999999999887,1051.3946022727396,3436.210723554373,永茂路-镇海大道
66.25,22.279999999999887,1052.5086022727396,3436.2607235543733,永茂路-镇海大道
66.3,22.279999999999887,1053.6226022727396,3436.3107235543735,永茂路-镇海大道
66.35000000000001,22.279999999999887,1054.7366022727397,3436.360723554373,永茂路-镇海大道
66.4,22.279999999999887,1055.8506022727397,3436.4107235543734,永茂路-镇海大道
66.45,22.279999999999887,1056.9646022727397,3436.460723554373,永茂路-镇海大道
66.5,22.279999999999887,1058.0786022727398,3436.5107235543733,永茂路-镇海大道
66.55,22.279999999999887,1059.1926022727398,3436.5607235543735,永茂路-镇海大道
66.60000000000001,22.279999999999887,1060.3066022727398,3436.610723554373,永茂路-镇海大道
66.65,22.279999999999887,1061.4206022727399,3436.6607235543734,永茂路-镇海大道
66.7,22.279999999999887,1062.53460227274,3436.710723554373,永茂路-镇海大道
66.75,22.279999999999887,1063.64860227274,3436.7607235543733,永茂路-镇海大道
66.8,22.279999999999887,1064.76260227274,3436.8107235543735,永茂路-镇海大道
66.85000000000001,22.279999999999887,1065.87660227274,3436.860723554373,永茂路-镇海大道
66.9,22.279999999999887,1066.99060227274,3436.9107235543734,永茂路-镇海大道
66.95,22.279999999999887,1068.10460227274,3436.960723554373,永茂路-镇海大道
67.0,22.279999999999887,1069.21860227274,3437.0107235543733,永茂路-镇海大道
67.05,22.279999999999887,1070.3326022727401,3437.0607235543735,永茂路-镇海大道
67.10000000000001,22.279999999999887,1071.4466022727402,3437.110723554373,永茂路-镇海大道
67.15,22.279999999999887,1072.5606022727402,3437.1607235543734,永茂路-镇海大道
67.2,22.279999999999887,1073.6746022727402,3437.210723554373,永茂路-镇海大道
67.25,22.279999999999887,1074.7886022727403,3437.2607235543733,永茂路-镇海大道
67.3,22.279999999999887,1075.9026022727403,3437.3107235543735,永茂路-镇海大道
67.35000000000001,22.279999999999887,1077.0166022727403,3437.360723554373,永茂路-镇海大道
67.4,22.279999999999887,1078.1306022727404,3437.4107235543734,永茂路-镇海大道
67.45,22.279999999999887,1079.2446022727404,3437.460723554373,永茂路-镇海大道
67.5,22.279999999999887,1080.3586022727404,3437.5107235543733,永茂路-镇海大道
67.55,22.279999999999887,1081.4726022727405,3437.5607235543735,永茂路-镇海大道
67.60000000000001,22.279999999999887,1082.5866022727405,3437.610723554373,永茂路-镇海大道
67.65,22.279999999999887,1083.7006022727405,3437.6607235543734,永茂路-镇海大道
67.7,22.279999999999887,1084.8146022727406,3437.710723554373,永茂路-镇海大道
67.75,22.279999999999887,1085.9286022727406,3437.7607235543733,永茂路-镇海大道
67.8,22.279999999999887,1087.0426022727406,3437.8107235543735,永茂路-镇海大道
67.85000000000001,22.279999999999887,1088.1566022727407,3437.860723554373,永茂路-镇海大道
67.9,22.279999999999887,1089.2706022727407,3437.9107235543734,永茂路-镇海大道
67.95,22.279999999999887,1090.3846022727407,3437.960723554373,永茂路-镇海大道
68.0,22.279999999999887,1091.4986022727408,3438.0107235543733,永茂路-镇海大道
68.05,22.279999999999887,1092.6126022727408,3438.0607235543735,永茂路-镇海大道
68.10000000000001,22.279999999999887,1093.7266022727408,3438.110723554373,永茂路-镇海大道
68.15,22.279999999999887,1094.8406022727409,3438.1607235543734,永茂路-镇海大道
68.2,22.279999999999887,1095.9546022727409,3438.210723554373,永茂路-镇海大道
68.25,22.279999999999887,1097.068602272741,3438.2607235543733,永茂路-镇海大道
68.3,22.279999999999887,1098.182602272741,3438.3107235543735,永茂路-镇海大道
68.35000000000001,22.279999999999887,1099.296602272741,3438.360723554373,永茂路-镇海大道
68.4,22.279999999999887,1100.410602272741,3438.4107235543734,永茂路-镇海大道
68.45,22.279999999999887,1101.524602272741,3438.460723554373,永茂路-镇海大道
68.5,22.279999999999887,1102.638602272741,3438.5107235543733,永茂路-镇海大道
68.55,22.279999999999887,1103.7526022727411,3438.5607235543735,永茂路-镇海大道
68.60000000000001,22.279999999999887,1104.8666022727411,3438.610723554373,永茂路-镇海大道
68.65,22.279999999999887,1105.9806022727412,3438.6607235543734,永茂路-镇海大道
68.7,22.279999999999887,1107.0946022727412,3438.710723554373,永茂路-镇海大道
68.75,22.279999999999887,1108.2086022727412,3438.7607235543733,永茂路-镇海大道
68.8,22.279999999999887,1109.3226022727413,3438.8107235543735,永茂路-镇海大道
68.85000000000001,22.279999999999887,1110.4366022727413,3438.860723554373,永茂路-镇海大道
68.9,22.279999999999887,1111.5506022727413,3438.9107235543734,永茂路-镇海大道
68.95,22.279999999999887,1112.6646022727414,3438.960723554373,永茂路-镇海大道
69.0,22.279999999999887,1113.7786022727414,3439.0107235543733,永茂路-镇海大道
69.05,22.279999999999887,1114.8926022727414,3439.0607235543735,永茂路-镇海大道
69.10000000000001,22.279999999999887,1116.0066022727415,3439.110723554373,永茂路-镇海大道
69.15,22.279999999999887,1117.1206022727415,3439.1607235543734,永茂路-镇海大道
69.2,22.279999999999887,1118.2346022727415,3439.210723554373,永茂路-镇海大道
69.25,22.279999999999887,1119.3486022727416,3439.2607235543733,永茂路-镇海大道
69.3,22.279999999999887,1120.4626022727416,3439.3107235543735,永茂路-镇海大道
69.35000000000001,22.279999999999887,1121.5766022727416,3439.360723554373,永茂路-镇海大道
69.4,22.279999999999887,1122.6906022727417,3439.4107235543734,永茂路-镇海大道
69.45,22.279999999999887,1123.8046022727417,3439.460723554373,永茂路-镇海大道
69.5,22.279999999999887,1124.9186022727417,3439.5107235543733,永茂路-镇海大道
69.55,22.279999999999887,1126.0326022727418,3439.5607235543735,永茂路-镇海大道
69.60000000000001,22.279999999999887,1127.1466022727418,3439.610723554373,永茂路-镇海大道
69.65,22.279999999999887,1128.2606022727418,3439.6607235543734,永茂路-镇海大道
69.7,22.279999999999887,1129.3746022727419,3439.710723554373,永茂路-镇海大道
69.75,22.279999999999887,1130.488602272742,3439.7607235543733,永茂路-镇海大道
69.8,22.279999999999887,1131.602602272742,3439.8107235543735,永茂路-镇海大道
69.85000000000001,22.279999999999887,1132.716602272742,3439.860723554373,永茂路-镇海大道
69.9,22.279999999999887,1133.830602272742,3439.9107235543734,永茂路-镇海大道
69.95,22.279999999999887,1134.944602272742,3439.960723554373,永茂路-镇海大道
70.0,22.279999999999887,1136.058602272742,3440.0107235543733,永茂路-镇海大道
70.05,22.279999999999887,1137.172602272742,3440.0607235543735,永茂路-镇海大道
70.10000000000001,22.279999999999887,1138.2866022727421,3440.110723554373,永茂路-镇海大道
70.15,22.279999999999887,1139.4006022727422,3440.1607235543734,永茂路-镇海大道
70.2,22.279999999999887,1140.5146022727422,3440.210723554373,永茂路-镇海大道
70.25,22.279999999999887,1141.6286022727422,3440.2607235543733,永茂路-镇海大道
70.3,22.279999999999887,1142.7426022727423,3440.3107235543735,永茂路-镇海大道
70.35000000000001,22.279999999999887,1143.8566022727423,3440.360723554373,永茂路-镇海大道
70.4,22.279999999999887,1144.9706022727423,3440.4107235543734,永茂路-镇海大道
70.45,22.279999999999887,1146.0846022727424,3440.460723554373,永茂路-镇海大道
70.5,22.279999999999887,1147.1986022727424,3440.5107235543733,永茂路-镇海大道
70.55,22.279999999999887,1148.3126022727424,3440.5607235543735,永茂路-镇海大道
70.60000000000001,22.279999999999887,1149.4266022727425,3440.610723554373,永茂路-镇海大道
70.65,22.279999999999887,1150.5406022727425,3440.6607235543734,永茂路-镇海大道
70.7,22.279999999999887,1151.6546022727425,3440.710723554373,永茂路-镇海大道
70.75,22.279999999999887,1152.7686022727426,3440.7607235543733,永茂路-镇海大道
70.8,22.279999999999887,1153.8826022727426,3440.8107235543735,永茂路-镇海大道
70.85000000000001,22.279999999999887,1154.9966022727426,3440.860723554373,永茂路-镇海大道
70.9,22.279999999999887,1156.1106022727427,3440.9107235543734,永茂路-镇海大道
70.95,22.279999999999887,1157.2246022727427,3440.960723554373,永茂路-镇海大道
71.0,22.279999999999887,1158.3386022727427,3441.0107235543733,永茂路-镇海大道
71.05,22.279999999999887,1159.4526022727428,3441.0607235543735,永茂路-镇海大道
71.10000000000001,22.279999999999887,1160.5666022727428,3441.110723554373,永茂路-镇海大道
71.15,22.279999999999887,1161.6806022727428,3441.1607235543734,永茂路-镇海大道
71.2,22.279999999999887,1162.7946022727428,3441.210723554373,永茂路-镇海大道
71.25,22.279999999999887,1163.9086022727429,3441.2607235543733,永茂路-镇海大道
71.3,22.279999999999887,1165.022602272743,3441.3107235543735,永茂路-镇海大道
71.35000000000001,22.279999999999887,1166.136602272743,3441.360723554373,永茂路-镇海大道
71.4,22.279999999999887,1167.250602272743,3441.4107235543734,永茂路-镇海大道
71.45,22.279999999999887,1168.364602272743,3441.460723554373,永茂路-镇海大道
71.5,22.279999999999887,1169.478602272743,3441.5107235543733,永茂路-镇海大道
71.55,22.279999999999887,1170.592602272743,3441.5607235543735,永茂路-镇海大道
71.60000000000001,22.279999999999887,1171.706602272743,3441.610723554373,永茂路-镇海大道
71.65,22.279999999999887,1172.8206022727431,3441.6607235543734,永茂路-镇海大道
71.7,22.279999999999887,1173.9346022727432,3441.710723554373,永茂路-镇海大道
71.75,22.279999999999887,1175.0486022727432,3441.7607235543733,永茂路-镇海大道
71.8,22.279999999999887,1176.1626022727432,3441.8107235543735,永茂路-镇海大道
71.85000000000001,22.279999999999887,1177.2766022727433,3441.860723554373,永茂路-镇海大道
71.9,22.279999999999887,1178.3906022727433,3441.9107235543734,永茂路-镇海大道
71.95,22.279999999999887,1179.5046022727433,3441.960723554373,永茂路-镇海大道
72.0,22.279999999999887,1180.6186022727434,3442.0107235543733,永茂路-镇海大道
72.05,22.279999999999887,1181.7326022727434,3442.0607235543735,永茂路-镇海大道
72.10000000000001,22.279999999999887,1182.8466022727434,3442.110723554373,永茂路-镇海大道
72.15,22.279999999999887,1183.9606022727435,3442.1607235543734,永茂路-镇海大道
72.2,22.279999999999887,1185.0746022727435,3442.210723554373,永茂路-镇海大道
72.25,22.279999999999887,1186.1886022727435,3442.2607235543733,永茂路-镇海大道
72.3,22.279999999999887,1187.3026022727436,3442.3107235543735,永茂路-镇海大道
72.35000000000001,22.279999999999887,1188.4166022727436,3442.360723554373,永茂路-镇海大道
72.4,22.279999999999887,1189.5306022727436,3442.4107235543734,永茂路-镇海大道
72.45,22.279999999999887,1190.6446022727437,3442.460723554373,永茂路-镇海大道
72.5,22.279999999999887,1191.7586022727437,3442.5107235543733,永茂路-镇海大道
72.55,22.279999999999887,1192.8726022727437,3442.5607235543735,永茂路-镇海大道
72.60000000000001,22.279999999999887,1193.9866022727438,3442.610723554373,永茂路-镇海大道
72.65,22.279999999999887,1195.1006022727438,3442.6607235543734,永茂路-镇海大道
72.7,22.279999999999887,1196.2146022727438,3442.710723554373,永茂路-镇海大道
72.75,22.279999999999887,1197.3286022727439,3442.7607235543733,永茂路-镇海大道
72.8,22.279999999999887,1198.442602272744,3442.8107235543735,永茂路-镇海大道
72.85000000000001,22.279999999999887,1199.556602272744,3442.860723554373,永茂路-镇海大道
72.9,22.279999999999887,1200.670602272744,3442.9107235543734,永茂路-镇海大道
72.95,22.279999999999887,1201.784602272744,3442.960723554373,永茂路-镇海大道
73.0,22.279999999999887,1202.898602272744,3443.0107235543733,永茂路-镇海大道
73.05,22.279999999999887,1204.012602272744,3443.0607235543735,永茂路-镇海大道
73.10000000000001,22.279999999999887,1205.126602272744,3443.110723554373,永茂路-镇海大道
73.15,22.279999999999887,1206.2406022727441,3443.1607235543734,永茂路-镇海大道
73.2,22.279999999999887,1207.3546022727442,3443.210723554373,永茂路-镇海大道
73.25,22.279999999999887,1208.4686022727442,3443.2607235543733,永茂路-镇海大道
73.3,22.279999999999887,1209.5826022727442,3443.3107235543735,永茂路-镇海大道
73.35000000000001,22.279999999999887,1210.6966022727443,3443.360723554373,永茂路-镇海大道
73.4,22.279999999999887,1211.8106022727443,3443.4107235543734,永茂路-镇海大道
73.45,22.279999999999887,1212.9246022727443,3443.460723554373,永茂路-镇海大道
73.5,22.279999999999887,1214.0386022727444,3443.5107235543733,永茂路-镇海大道
73.55,22.279999999999887,1215.1526022727444,3443.5607235543735,永茂路-镇海大道
73.60000000000001,22.279999999999887,1216.2666022727444,3443.610723554373,永茂路-镇海大道
73.65,22.279999999999887,1217.3806022727445,3443.6607235543734,永茂路-镇海大道
73.7,22.279999999999887,1218.4946022727445,3443.710723554373,永茂路-镇海大道
73.75,22.279999999999887,1219.6086022727445,3443.7607235543733,永茂路-镇海大道
73.8,22.279999999999887,1220.7226022727446,3443.8107235543735,永茂路-镇海大道
73.85000000000001,22.279999999999887,1221.8366022727446,3443.860723554373,永茂路-镇海大道
73.9,22.279999999999887,1222.9506022727446,3443.9107235543734,永茂路-镇海大道
73.95,22.279999999999887,1224.0646022727447,3443.960723554373,永茂路-镇海大道
74.0,22.279999999999887,1225.1786022727447,3444.0107235543733,永茂路-镇海大道
74.05,22.279999999999887,1226.2926022727447,3444.0607235543735,永茂路-镇海大道
74.10000000000001,22.279999999999887,1227.4066022727447,3444.110723554373,永茂路-镇海大道
74.15,22.279999999999887,1228.5206022727448,3444.1607235543734,永茂路-镇海大道
74.2,22.279999999999887,1229.6346022727448,3444.210723554373,永茂路-镇海大道
74.25,22.279999999999887,1230.7486022727448,3444.2607235543733,永茂路-镇海大道
74.3,22.279999999999887,1231.8626022727449,3444.3107235543735,永茂路-镇海大道
74.35000000000001,22.279999999999887,1232.976602272745,3444.360723554373,永茂路-镇海大道
74.4,22.279999999999887,1234.090602272745,3444.4107235543734,永茂路-镇海大道
74.45,22.279999999999887,1235.204602272745,3444.460723554373,永茂路-镇海大道
74.5,22.279999999999887,1236.318602272745,3444.5107235543733,永茂路-镇海大道
74.55,22.279999999999887,1237.432602272745,3444.5607235543735,永茂路-镇海大道
74.60000000000001,22.279999999999887,1238.546602272745,3444.610723554373,永茂路-镇海大道
74.65,22.279999999999887,1239.660602272745,3444.6607235543734,永茂路-镇海大道
74.7,22.279999999999887,1240.7746022727451,3444.710723554373,永茂路-镇海大道
74.75,22.279999999999887,1241.8886022727452,3444.7607235543733,永茂路-镇海大道
74.8,22.279999999999887,1243.0026022727452,3444.8107235543735,永茂路-镇海大道
74.85000000000001,22.279999999999887,1244.1166022727452,3444.860723554373,永茂路-镇海大道
74.9,22.279999999999887,1245.2306022727453,3444.9107235543734,永茂路-镇海大道
74.95,22.279999999999887,1246.3446022727453,3444.960723554373,永茂路-镇海大道
75.0,22.279999999999887,1247.4586022727453,3445.0107235543733,永茂路-镇海大道
75.05,22.279999999999887,1248.5726022727454,3445.0607235543735,永茂路-镇海大道
75.10000000000001,22.279999999999887,1249.6866022727454,3445.110723554373,永茂路-镇海大道
75.15,22.279999999999887,1250.8006022727454,3445.1607235543734,永茂路-镇海大道
75.2,22.279999999999887,1251.9146022727455,3445.210723554373,永茂路-镇海大道
75.25,22.279999999999887,1253.0286022727455,3445.2607235543733,永茂路-镇海大道
75.3,22.279999999999887,1254.1426022727455,3445.3107235543735,永茂路-镇海大道
75.35000000000001,22.279999999999887,1255.2566022727456,3445.360723554373,永茂路-镇海大道
75.4,22.279999999999887,1256.3706022727456,3445.4107235543734,永茂路-镇海大道
75.45,22.279999999999887,1257.4846022727456,3445.460723554373,永茂路-镇海大道
75.5,22.279999999999887,1258.5986022727457,3445.5107235543733,永茂路-镇海大道
75.55,22.279999999999887,1259.7126022727457,3445.5607235543735,永茂路-镇海大道
75.60000000000001,22.279999999999887,1260.8266022727457,3445.610723554373,永茂路-镇海大道
75.65,22.279999999999887,1261.9406022727458,3445.6607235543734,永茂路-镇海大道
75.7,22.279999999999887,1263.0546022727458,3445.710723554373,永茂路-镇海大道
75.75,22.279999999999887,1264.1686022727458,3445.7607235543733,永茂路-镇海大道
75.8,22.279999999999887,1265.2826022727459,3445.8107235543735,永茂路-镇海大道
75.85000000000001,22.279999999999887,1266.396602272746,3445.860723554373,永茂路-镇海大道
75.9,22.279999999999887,1267.510602272746,3445.9107235543734,永茂路-镇海大道
75.95,22.279999999999887,1268.624602272746,3445.960723554373,永茂路-镇海大道
76.0,22.279999999999887,1269.738602272746,3446.0107235543733,永茂路-镇海大道
76.05,22.279999999999887,1270.852602272746,3446.0607235543735,永茂路-镇海大道
76.10000000000001,22.279999999999887,1271.966602272746,3446.110723554373,永茂路-镇海大道
76.15,22.279999999999887,1273.080602272746,3446.1607235543734,永茂路-镇海大道
76.2,22.279999999999887,1274.1946022727461,3446.210723554373,永茂路-镇海大道
76.25,22.279999999999887,1275.3086022727462,3446.2607235543733,永茂路-镇海大道
76.3,22.279999999999887,1276.4226022727462,3446.3107235543735,永茂路-镇海大道
76.35000000000001,22.279999999999887,1277.5366022727462,3446.360723554373,永茂路-镇海大道
76.4,22.279999999999887,1278.6506022727463,3446.4107235543734,永茂路-镇海大道
76.45,22.279999999999887,1279.7646022727463,3446.460723554373,永茂路-镇海大道
76.5,22.279999999999887,1280.8786022727463,3446.5107235543733,永茂路-镇海大道
76.55,22.279999999999887,1281.9926022727464,3446.5607235543735,永茂路-镇海大道
76.60000000000001,22.279999999999887,1283.1066022727464,3446.610723554373,永茂路-镇海大道
76.65,22.279999999999887,1284.2206022727464,3446.6607235543734,永茂路-镇海大道
76.7,22.279999999999887,1285.3346022727465,3446.710723554373,永茂路-镇海大道
76.75,22.279999999999887,1286.4486022727465,3446.7607235543733,永茂路-镇海大道
76.80000000000001,22.279999999999887,1287.5626022727465,3446.8107235543735,永茂路-镇海大道
76.85000000000001,22.279999999999887,1288.6766022727465,3446.860723554373,永茂路-镇海大道
76.9,22.279999999999887,1289.7906022727466,3446.9107235543734,永茂路-镇海大道
76.95,22.279999999999887,1290.9046022727466,3446.960723554373,永茂路-镇海大道
77.0,22.279999999999887,1292.0186022727466,3447.0107235543733,永茂路-镇海大道
77.05000000000001,22.279999999999887,1293.1326022727467,3447.0607235543735,永茂路-镇海大道
77.10000000000001,22.279999999999887,1294.2466022727467,3447.110723554373,永茂路-镇海大道
77.15,22.279999999999887,1295.3606022727467,3447.1607235543734,永茂路-镇海大道
77.2,22.279999999999887,1296.4746022727468,3447.210723554373,永茂路-镇海大道
77.25,22.279999999999887,1297.5886022727468,3447.2607235543733,永茂路-镇海大道
77.30000000000001,22.279999999999887,1298.7026022727468,3447.3107235543735,永茂路-镇海大道
77.35000000000001,22.279999999999887,1299.8166022727469,3447.360723554373,永茂路-镇海大道
77.4,22.279999999999887,1300.930602272747,3447.4107235543734,永茂路-镇海大道
77.45,22.279999999999887,1302.044602272747,3447.460723554373,永茂路-镇海大道
77.5,22.279999999999887,1303.158602272747,3447.5107235543733,永茂路-镇海大道
77.55000000000001,22.279999999999887,1304.272602272747,3447.5607235543735,永茂路-镇海大道
77.60000000000001,22.279999999999887,1305.386602272747,3447.610723554373,永茂路-镇海大道
77.65,22.279999999999887,1306.500602272747,3447.6607235543734,永茂路-镇海大道
77.7,22.279999999999887,1307.614602272747,3447.710723554373,永茂路-镇海大道
77.75,22.279999999999887,1308.7286022727471,3447.7607235543733,永茂路-镇海大道
77.80000000000001,22.279999999999887,1309.8426022727472,3447.8107235543735,永茂路-镇海大道
77.85000000000001,22.279999999999887,1310.9566022727472,3447.860723554373,永茂路-镇海大道
77.9,22.279999999999887,1312.0706022727472,3447.9107235543734,永茂路-镇海大道
77.95,22.279999999999887,1313.1846022727473,3447.960723554373,永茂路-镇海大道
78.0,22.279999999999887,1314.2986022727473,3448.0107235543733,永茂路-镇海大道
78.05000000000001,22.279999999999887,1315.4126022727473,3448.0607235543735,永茂路-镇海大道
78.10000000000001,22.279999999999887,1316.5266022727474,3448.110723554373,永茂路-镇海大道
78.15,22.279999999999887,1317.6406022727474,3448.1607235543734,永茂路-镇海大道
78.2,22.279999999999887,1318.7546022727474,3448.210723554373,永茂路-镇海大道
78.25,22.279999999999887,1319.8686022727475,3448.2607235543733,永茂路-镇海大道
78.30000000000001,22.279999999999887,1320.9826022727475,3448.3107235543735,永茂路-镇海大道
78.35000000000001,22.279999999999887,1322.0966022727475,3448.360723554373,永茂路-镇海大道
78.4,22.279999999999887,1323.2106022727476,3448.4107235543734,永茂路-镇海大道
78.45,22.279999999999887,1324.3246022727476,3448.460723554373,永茂路-镇海大道
78.5,22.279999999999887,1325.4386022727476,3448.5107235543733,永茂路-镇海大道
78.55000000000001,22.279999999999887,1326.5526022727477,3448.5607235543735,永茂路-镇海大道
78.60000000000001,22.279999999999887,1327.6666022727477,3448.610723554373,永茂路-镇海大道
78.65,22.279999999999887,1328.7806022727477,3448.6607235543734,永茂路-镇海大道
78.7,22.279999999999887,1329.8946022727478,3448.710723554373,永茂路-镇海大道
78.75,22.279999999999887,1331.0086022727478,3448.7607235543733,永茂路-镇海大道
78.80000000000001,22.279999999999887,1332.1226022727478,3448.8107235543735,永茂路-镇海大道
78.85000000000001,22.279999999999887,1333.2366022727479,3448.860723554373,永茂路-镇海大道
78.9,22.279999999999887,1334.350602272748,3448.9107235543734,永茂路-镇海大道
78.95,22.279999999999887,1335.464602272748,3448.960723554373,永茂路-镇海大道
79.0,22.279999999999887,1336.578602272748,3449.0107235543733,永茂路-镇海大道
79.05000000000001,22.279999999999887,1337.692602272748,3449.0607235543735,永茂路-镇海大道
79.10000000000001,22.279999999999887,1338.806602272748,3449.110723554373,永茂路-镇海大道
79.15,22.279999999999887,1339.920602272748,3449.1607235543734,永茂路-镇海大道
79.2,22.279999999999887,1341.034602272748,3449.210723554373,永茂路-镇海大道
79.25,22.279999999999887,1342.1486022727481,3449.2607235543733,永茂路-镇海大道
79.30000000000001,22.279999999999887,1343.2626022727482,3449.3107235543735,永茂路-镇海大道
79.35000000000001,22.279999999999887,1344.3766022727482,3449.360723554373,永茂路-镇海大道
79.4,22.279999999999887,1345.4906022727482,3449.4107235543734,永茂路-镇海大道
79.45,22.279999999999887,1346.6046022727483,3449.460723554373,永茂路-镇海大道
79.5,22.279999999999887,1347.7186022727483,3449.5107235543733,永茂路-镇海大道
79.55000000000001,22.279999999999887,1348.8326022727483,3449.5607235543735,永茂路-镇海大道
79.60000000000001,22.279999999999887,1349.9466022727484,3449.610723554373,永茂路-镇海大道
79.65,22.279999999999887,1351.0606022727484,3449.6607235543734,永茂路-镇海大道
79.7,22.279999999999887,1352.1746022727484,3449.710723554373,永茂路-镇海大道
79.75,22.279999999999887,1353.2886022727484,3449.7607235543733,永茂路-镇海大道
79.80000000000001,22.279999999999887,1354.4026022727485,3449.8107235543735,永茂路-镇海大道
79.85000000000001,22.279999999999887,1355.5166022727485,3449.860723554373,永茂路-镇海大道
79.9,22.279999999999887,1356.6306022727485,3449.9107235543734,永茂路-镇海大道
79.95,22.279999999999887,1357.7446022727486,3449.960723554373,永茂路-镇海大道
80.0,22.279999999999887,1358.8586022727486,3450.0107235543733,永茂路-镇海大道
80.05000000000001,22.279999999999887,1359.9726022727486,3450.0607235543735,永茂路-镇海大道
80.10000000000001,22.279999999999887,1361.0866022727487,3450.110723554373,永茂路-镇海大道
80.15,22.279999999999887,1362.2006022727487,3450.1607235543734,永茂路-镇海大道
80.2,22.279999999999887,1363.3146022727487,3450.210723554373,永茂路-镇海大道
80.25,22.279999999999887,1364.4286022727488,3450.2607235543733,永茂路-镇海大道
80.30000000000001,22.279999999999887,1365.5426022727488,3450.3107235543735,永茂路-镇海大道
80.35000000000001,22.279999999999887,1366.6566022727488,3450.360723554373,永茂路-镇海大道
80.4,22.279999999999887,1367.7706022727489,3450.4107235543734,永茂路-镇海大道
80.45,22.279999999999887,1368.884602272749,3450.460723554373,永茂路-镇海大道
80.5,22.279999999999887,1369.998602272749,3450.5107235543733,永茂路-镇海大道
80.55000000000001,22.279999999999887,1371.112602272749,3450.5607235543735,永茂路-镇海大道
80.60000000000001,22.279999999999887,1372.226602272749,3450.610723554373,永茂路-镇海大道
80.65,22.279999999999887,1373.340602272749,3450.6607235543734,永茂路-镇海大道
80.7,22.279999999999887,1374.454602272749,3450.710723554373,永茂路-镇海大道
80.75,22.279999999999887,1375.568602272749,3450.7607235543733,永茂路-镇海大道
80.80000000000001,22.279999999999887,1376.6826022727491,3450.8107235543735,永茂路-镇海大道
80.85000000000001,22.279999999999887,1377.7966022727492,3450.860723554373,永茂路-镇海大道
80.9,22.279999999999887,1378.9106022727492,3450.9107235543734,永茂路-镇海大道
80.95,22.279999999999887,1380.0246022727492,3450.960723554373,永茂路-镇海大道
81.0,22.279999999999887,1381.1386022727493,3451.0107235543733,永茂路-镇海大道
81.05000000000001,22.279999999999887,1382.2526022727493,3451.0607235543735,永茂路-镇海大道
81.10000000000001,22.279999999999887,1383.3666022727493,3451.110723554373,永茂路-镇海大道
81.15,22.279999999999887,1384.4806022727494,3451.1607235543734,永茂路-镇海大道
81.2,22.279999999999887,1385.5946022727494,3451.210723554373,永茂路-镇海大道
81.25,22.279999999999887,1386.7086022727494,3451.2607235543733,永茂路-镇海大道
81.30000000000001,22.279999999999887,1387.8226022727495,3451.3107235543735,永茂路-镇海大道
81.35000000000001,22.279999999999887,1388.9366022727495,3451.360723554373,永茂路-镇海大道
81.4,22.279999999999887,1390.0506022727495,3451.4107235543734,永茂路-镇海大道
81.45,22.279999999999887,1391.1646022727496,3451.460723554373,永茂路-镇海大道
81.5,22.279999999999887,1392.2786022727496,3451.5107235543733,永茂路-镇海大道
81.55000000000001,22.279999999999887,1393.3926022727496,3451.5607235543735,永茂路-镇海大道
81.60000000000001,22.279999999999887,1394.5066022727497,3451.610723554373,永茂路-镇海大道
81.65,22.279999999999887,1395.6206022727497,3451.6607235543734,永茂路-镇海大道
81.7,22.279999999999887,1396.7346022727497,3451.710723554373,永茂路-镇海大道
81.75,22.279999999999887,1397.8486022727498,3451.7607235543733,永茂路-镇海大道
81.80000000000001,22.279999999999887,1398.9626022727498,3451.8107235543735,永茂路-镇海大道
81.85000000000001,22.279999999999887,1400.0766022727498,3451.860723554373,永茂路-镇海大道
81.9,22.279999999999887,1401.1906022727499,3451.9107235543734,永茂路-镇海大道
81.95,22.279999999999887,1402.30460227275,3451.960723554373,永茂路-镇海大道
82.0,22.279999999999887,1403.41860227275,3452.0107235543733,永茂路-镇海大道
82.05000000000001,22.279999999999887,1404.53260227275,3452.0607235543735,永茂路-镇海大道
82.10000000000001,22.279999999999887,1405.64660227275,3452.110723554373,永茂路-镇海大道
82.15,22.279999999999887,1406.76060227275,3452.1607235543734,永茂路-镇海大道
82.2,22.279999999999887,1407.87460227275,3452.210723554373,永茂路-镇海大道
82.25,22.279999999999887,1408.98860227275,3452.2607235543733,永茂路-镇海大道
82.30000000000001,22.279999999999887,1410.1026022727501,3452.3107235543735,永茂路-镇海大道
82.35000000000001,22.279999999999887,1411.2166022727502,3452.360723554373,永茂路-镇海大道
82.4,22.279999999999887,1412.3306022727502,3452.4107235543734,永茂路-镇海大道
82.45,22.279999999999887,1413.4446022727502,3452.460723554373,永茂路-镇海大道
82.5,22.279999999999887,1414.5586022727502,3452.5107235543733,永茂路-镇海大道
82.55000000000001,22.279999999999887,1415.6726022727503,3452.5607235543735,永茂路-镇海大道
82.60000000000001,22.279999999999887,1416.7866022727503,3452.610723554373,永茂路-镇海大道
82.65,22.279999999999887,1417.9006022727503,3452.6607235543734,永茂路-镇海大道
82.7,22.279999999999887,1419.0146022727504,3452.710723554373,永茂路-镇海大道
82.75,22.279999999999887,1420.1286022727504,3452.7607235543733,永茂路-镇海大道
82.80000000000001,22.279999999999887,1421.2426022727504,3452.8107235543735,永茂路-镇海大道
82.85000000000001,22.279999999999887,1422.3566022727505,3452.860723554373,永茂路-镇海大道
82.9,22.279999999999887,1423.4706022727505,3452.9107235543734,永茂路-镇海大道
82.95,22.279999999999887,1424.5846022727505,3452.960723554373,永茂路-镇海大道
83.0,22.279999999999887,1425.6986022727506,3453.0107235543733,永茂路-镇海大道
83.05000000000001,22.279999999999887,1426.8126022727506,3453.0607235543735,永茂路-镇海大道
83.10000000000001,22.279999999999887,1427.9266022727506,3453.110723554373,永茂路-镇海大道
83.15,22.279999999999887,1429.0406022727507,3453.1607235543734,永茂路-镇海大道
83.2,22.279999999999887,1430.1546022727507,3453.210723554373,永茂路-镇海大道
83.25,22.279999999999887,1431.2686022727507,3453.2607235543733,永茂路-镇海大道
83.30000000000001,22.279999999999887,1432.3826022727508,3453.3107235543735,永茂路-镇海大道
83.35000000000001,22.279999999999887,1433.4966022727508,3453.360723554373,永茂路-镇海大道
83.4,22.279999999999887,1434.6106022727508,3453.4107235543734,永茂路-镇海大道
83.45,22.279999999999887,1435.7246022727509,3453.460723554373,永茂路-镇海大道
83.5,22.279999999999887,1436.838602272751,3453.5107235543733,永茂路-镇海大道
83.55000000000001,22.279999999999887,1437.952602272751,3453.5607235543735,永茂路-镇海大道
83.60000000000001,22.279999999999887,1439.066602272751,3453.610723554373,永茂路-镇海大道
83.65,22.279999999999887,1440.180602272751,3453.6607235543734,永茂路-镇海大道
83.7,22.279999999999887,1441.294602272751,3453.710723554373,永茂路-镇海大道
83.75,22.279999999999887,1442.408602272751,3453.7607235543733,永茂路-镇海大道
83.80000000000001,22.279999999999887,1443.522602272751,3453.8107235543735,永茂路-镇海大道
83.85000000000001,22.279999999999887,1444.6366022727511,3453.860723554373,永茂路-镇海大道
83.9,22.279999999999887,1445.7506022727512,3453.9107235543734,永茂路-镇海大道
83.95,22.279999999999887,1446.8646022727512,3453.960723554373,永茂路-镇海大道
84.0,22.279999999999887,1447.9786022727512,3454.0107235543733,永茂路-镇海大道
84.05000000000001,22.279999999999887,1449.0926022727513,3454.0607235543735,永茂路-镇海大道
84.10000000000001,22.279999999999887,1450.2066022727513,3454.110723554373,永茂路-镇海大道
84.15,22.279999999999887,1451.3206022727513,3454.1607235543734,永茂路-镇海大道
84.2,22.279999999999887,1452.4346022727514,3454.210723554373,永茂路-镇海大道
84.25,22.279999999999887,1453.5486022727514,3454.2607235543733,永茂路-镇海大道
84.30000000000001,22.279999999999887,1454.6626022727514,3454.3107235543735,永茂路-镇海大道
84.35000000000001,22.279999999999887,1455.7766022727515,3454.360723554373,永茂路-镇海大道
84.4,22.279999999999887,1456.8906022727515,3454.4107235543734,永茂路-镇海大道
84.45,22.279999999999887,1458.0046022727515,3454.460723554373,永茂路-镇海大道
84.5,22.279999999999887,1459.1186022727516,3454.5107235543733,永茂路-镇海大道
84.55000000000001,22.279999999999887,1460.2326022727516,3454.5607235543735,永茂路-镇海大道
84.60000000000001,22.279999999999887,1461.3466022727516,3454.610723554373,永茂路-镇海大道
84.65,22.279999999999887,1462.4606022727517,3454.6607235543734,永茂路-镇海大道
84.7,22.279999999999887,1463.5746022727517,3454.710723554373,永茂路-镇海大道
84.75,22.279999999999887,1464.6886022727517,3454.7607235543733,永茂路-镇海大道
84.80000000000001,22.279999999999887,1465.8026022727518,3454.8107235543735,永茂路-镇海大道
84.85000000000001,22.279999999999887,1466.9166022727518,3454.860723554373,永茂路-镇海大道
84.9,22.279999999999887,1468.0306022727518,3454.9107235543734,永茂路-镇海大道
84.95,22.279999999999887,1469.1446022727519,3454.960723554373,永茂路-镇海大道
85.0,22.279999999999887,1470.258602272752,3455.0107235543733,永茂路-镇海大道
85.05000000000001,22.279999999999887,1471.372602272752,3455.0607235543735,永茂路-镇海大道
85.10000000000001,22.279999999999887,1472.486602272752,3455.110723554373,永茂路-镇海大道
85.15,22.279999999999887,1473.600602272752,3455.1607235543734,永茂路-镇海大道
85.2,22.279999999999887,1474.714602272752,3455.210723554373,永茂路-镇海大道
85.25,22.279999999999887,1475.828602272752,3455.2607235543733,永茂路-镇海大道
85.30000000000001,22.279999999999887,1476.942602272752,3455.3107235543735,永茂路-镇海大道
85.35000000000001,22.279999999999887,1478.0566022727521,3455.360723554373,永茂路-镇海大道
85.4,22.279999999999887,1479.1706022727521,3455.4107235543734,永茂路-镇海大道
85.45,22.279999999999887,1480.2846022727522,3455.460723554373,永茂路-镇海大道
85.5,22.279999999999887,1481.3986022727522,3455.5107235543733,永茂路-镇海大道
85.55000000000001,22.279999999999887,1482.5126022727522,3455.5607235543735,永茂路-镇海大道
85.60000000000001,22.279999999999887,1483.6266022727523,3455.610723554373,永茂路-镇海大道
85.65,22.279999999999887,1484.7406022727523,3455.6607235543734,永茂路-镇海大道
85.7,22.279999999999887,1485.8546022727523,3455.710723554373,永茂路-镇海大道
85.75,22.279999999999887,1486.9686022727524,3455.7607235543733,永茂路-镇海大道
85.80000000000001,22.279999999999887,1488.0826022727524,3455.8107235543735,永茂路-镇海大道
85.85000000000001,22.279999999999887,1489.1966022727524,3455.860723554373,永茂路-镇海大道
85.9,22.279999999999887,1490.3106022727525,3455.9107235543734,永茂路-镇海大道
85.95,22.279999999999887,1491.4246022727525,3455.960723554373,永茂路-镇海大道
86.0,22.279999999999887,1492.5386022727525,3456.0107235543733,永茂路-镇海大道
86.05000000000001,22.279999999999887,1493.6526022727526,3456.0607235543735,永茂路-镇海大道
86.10000000000001,22.279999999999887,1494.7666022727526,3456.110723554373,永茂路-镇海大道
86.15,22.279999999999887,1495.8806022727526,3456.1607235543734,永茂路-镇海大道
86.2,22.279999999999887,1496.9946022727527,3456.210723554373,永茂路-镇海大道
86.25,22.279999999999887,1498.1086022727527,3456.2607235543733,永茂路-镇海大道
86.30000000000001,22.279999999999887,1499.2226022727527,3456.3107235543735,永茂路-镇海大道
86.35000000000001,22.279999999999887,1500.3366022727528,3456.360723554373,永茂路-镇海大道
86.4,22.279999999999887,1501.4506022727528,3456.4107235543734,永茂路-镇海大道
86.45,22.279999999999887,1502.5646022727528,3456.460723554373,永茂路-镇海大道
86.5,22.279999999999887,1503.6786022727529,3456.5107235543733,永茂路-镇海大道
86.55000000000001,22.279999999999887,1504.792602272753,3456.5607235543735,永茂路-镇海大道
86.60000000000001,22.279999999999887,1505.906602272753,3456.610723554373,永茂路-镇海大道
86.65,22.279999999999887,1507.020602272753,3456.6607235543734,永茂路-镇海大道
86.7,22.279999999999887,1508.134602272753,3456.710723554373,永茂路-镇海大道
86.75,22.279999999999887,1509.248602272753,3456.7607235543733,永茂路-镇海大道
86.80000000000001,22.279999999999887,1510.362602272753,3456.8107235543735,永茂路-镇海大道
86.85000000000001,22.279999999999887,1511.476602272753,3456.860723554373,永茂路-镇海大道
86.9,22.279999999999887,1512.5906022727531,3456.9107235543734,永茂路-镇海大道
86.95,22.279999999999887,1513.7046022727532,3456.960723554373,永茂路-镇海大道
87.0,22.279999999999887,1514.8186022727532,3457.0107235543733,永茂路-镇海大道
87.05000000000001,22.279999999999887,1515.9326022727532,3457.0607235543735,永茂路-镇海大道
87.10000000000001,22.279999999999887,1517.0466022727533,3457.110723554373,永茂路-镇海大道
87.15,22.279999999999887,1518.1606022727533,3457.1607235543734,永茂路-镇海大道
87.2,22.279999999999887,1519.2746022727533,3457.210723554373,永茂路-镇海大道
87.25,22.279999999999887,1520.3886022727534,3457.2607235543733,永茂路-镇海大道
87.30000000000001,22.279999999999887,1521.5026022727534,3457.3107235543735,永茂路-镇海大道
87.35000000000001,22.279999999999887,1522.6166022727534,3457.360723554373,永茂路-镇海大道
87.4,22.279999999999887,1523.7306022727535,3457.4107235543734,永茂路-镇海大道
87.45,22.279999999999887,1524.8446022727535,3457.460723554373,永茂路-镇海大道
87.5,22.279999999999887,1525.9586022727535,3457.5107235543733,永茂路-镇海大道
87.55000000000001,22.279999999999887,1527.0726022727536,3457.5607235543735,永茂路-镇海大道
87.60000000000001,22.279999999999887,1528.1866022727536,3457.610723554373,永茂路-镇海大道
87.65,22.279999999999887,1529.3006022727536,3457.6607235543734,永茂路-镇海大道
87.7,22.279999999999887,1530.4146022727537,3457.710723554373,永茂路-镇海大道
87.75,22.279999999999887,1531.5286022727537,3457.7607235543733,永茂路-镇海大道
87.80000000000001,22.279999999999887,1532.6426022727537,3457.8107235543735,永茂路-镇海大道
87.85000000000001,22.279999999999887,1533.7566022727538,3457.860723554373,永茂路-镇海大道
87.9,22.279999999999887,1534.8706022727538,3457.9107235543734,永茂路-镇海大道
87.95,22.279999999999887,1535.9846022727538,3457.960723554373,永茂路-镇海大道
88.0,22.279999999999887,1537.0986022727539,3458.0107235543733,永茂路-镇海大道
88.05000000000001,22.279999999999887,1538.2126022727539,3458.0607235543735,永茂路-镇海大道
88.10000000000001,22.279999999999887,1539.326602272754,3458.110723554373,永茂路-镇海大道
88.15,22.279999999999887,1540.440602272754,3458.1607235543734,永茂路-镇海大道
88.2,22.279999999999887,1541.554602272754,3458.210723554373,永茂路-镇海大道
88.25,22.279999999999887,1542.668602272754,3458.2607235543733,永茂路-镇海大道
88.30000000000001,22.279999999999887,1543.782602272754,3458.3107235543735,永茂路-镇海大道
88.35000000000001,22.279999999999887,1544.896602272754,3458.360723554373,永茂路-镇海大道
88.4,22.279999999999887,1546.010602272754,3458.4107235543734,永茂路-镇海大道
88.45,22.279999999999887,1547.1246022727541,3458.460723554373,永茂路-镇海大道
88.5,22.279999999999887,1548.2386022727542,3458.5107235543733,永茂路-镇海大道
88.55000000000001,22.279999999999887,1549.3526022727542,3458.5607235543735,永茂路-镇海大道
88.60000000000001,22.279999999999887,1550.4666022727542,3458.610723554373,永茂路-镇海大道
88.65,22.279999999999887,1551.5806022727543,3458.6607235543734,永茂路-镇海大道
88.7,22.279999999999887,1552.6946022727543,3458.710723554373,永茂路-镇海大道
88.75,22.279999999999887,1553.8086022727543,3458.7607235543733,永茂路-镇海大道
88.80000000000001,22.279999999999887,1554.9226022727544,3458.8107235543735,永茂路-镇海大道
88.85000000000001,22.279999999999887,1556.0366022727544,3458.860723554373,永茂路-镇海大道
88.9,22.279999999999887,1557.1506022727544,3458.9107235543734,永茂路-镇海大道
88.95,22.279999999999887,1558.2646022727545,3458.960723554373,永茂路-镇海大道
89.0,22.279999999999887,1559.3786022727545,3459.0107235543733,永茂路-镇海大道
89.05000000000001,22.279999999999887,1560.4926022727545,3459.0607235543735,永茂路-镇海大道
89.10000000000001,22.279999999999887,1561.6066022727546,3459.110723554373,永茂路-镇海大道
89.15,22.279999999999887,1562.7206022727546,3459.1607235543734,永茂路-镇海大道
89.2,22.279999999999887,1563.8346022727546,3459.210723554373,永茂路-镇海大道
89.25,22.279999999999887,1564.9486022727547,3459.2607235543733,永茂路-镇海大道
89.30000000000001,22.279999999999887,1566.0626022727547,3459.3107235543735,永茂路-镇海大道
89.35000000000001,22.279999999999887,1567.1766022727547,3459.360723554373,永茂路-镇海大道
89.4,22.279999999999887,1568.2906022727548,3459.4107235543734,永茂路-镇海大道
89.45,22.279999999999887,1569.4046022727548,3459.460723554373,永茂路-镇海大道
89.5,22.279999999999887,1570.5186022727548,3459.5107235543733,永茂路-镇海大道
89.55000000000001,22.279999999999887,1571.6326022727549,3459.5607235543735,永茂路-镇海大道
89.60000000000001,22.279999999999887,1572.746602272755,3459.610723554373,永茂路-镇海大道
89.65,22.279999999999887,1573.860602272755,3459.6607235543734,永茂路-镇海大道
89.7,22.279999999999887,1574.974602272755,3459.710723554373,永茂路-镇海大道
89.75,22.279999999999887,1576.088602272755,3459.7607235543733,永茂路-镇海大道
89.80000000000001,22.279999999999887,1577.202602272755,3459.8107235543735,永茂路-镇海大道
89.85000000000001,22.279999999999887,1578.316602272755,3459.860723554373,永茂路-镇海大道
89.9,22.279999999999887,1579.430602272755,3459.9107235543734,永茂路-镇海大道
89.95,22.279999999999887,1580.5446022727551,3459.960723554373,永茂路-镇海大道
90.0,22.279999999999887,1581.6586022727552,3460.0107235543733,永茂路-镇海大道
90.05000000000001,22.279999999999887,1582.7726022727552,3460.0607235543735,永茂路-镇海大道
90.10000000000001,22.279999999999887,1583.8866022727552,3460.110723554373,永茂路-镇海大道
90.15,22.279999999999887,1585.0006022727553,3460.1607235543734,永茂路-镇海大道
90.2,22.279999999999887,1586.1146022727553,3460.210723554373,永茂路-镇海大道
90.25,22.279999999999887,1587.2286022727553,3460.2607235543733,永茂路-镇海大道
90.30000000000001,22.279999999999887,1588.3426022727554,3460.3107235543735,永茂路-镇海大道
90.35000000000001,22.279999999999887,1589.4566022727554,3460.360723554373,永茂路-镇海大道
90.4,22.279999999999887,1590.5706022727554,3460.4107235543734,永茂路-镇海大道
90.45,22.279999999999887,1591.6846022727555,3460.460723554373,永茂路-镇海大道
90.5,22.279999999999887,1592.7986022727555,3460.5107235543733,永茂路-镇海大道
90.55000000000001,22.279999999999887,1593.9126022727555,3460.5607235543735,永茂路-镇海大道
90.60000000000001,22.279999999999887,1595.0266022727556,3460.610723554373,永茂路-镇海大道
90.65,22.279999999999887,1596.1406022727556,3460.6607235543734,永茂路-镇海大道
90.7,22.279999999999887,1597.2546022727556,3460.710723554373,永茂路-镇海大道
90.75,22.279999999999887,1598.3686022727557,3460.7607235543733,永茂路-镇海大道
90.80000000000001,22.279999999999887,1599.4826022727557,3460.8107235543735,永茂路-镇海大道
90.85000000000001,22.279999999999887,1600.5966022727557,3460.860723554373,永茂路-镇海大道
90.9,22.279999999999887,1601.7106022727558,3460.9107235543734,永茂路-镇海大道
90.95,22.279999999999887,1602.8246022727558,3460.960723554373,永茂路-镇海大道
91.0,22.279999999999887,1603.9386022727558,3461.0107235543733,永茂路-镇海大道
91.05000000000001,22.279999999999887,1605.0526022727558,3461.0607235543735,永茂路-镇海大道
91.10000000000001,22.279999999999887,1606.1666022727559,3461.110723554373,永茂路-镇海大道
91.15,22.279999999999887,1607.280602272756,3461.1607235543734,永茂路-镇海大道
91.2,22.279999999999887,1608.394602272756,3461.210723554373,永茂路-镇海大道
91.25,22.279999999999887,1609.508602272756,3461.2607235543733,永茂路-镇海大道
91.30000000000001,22.279999999999887,1610.622602272756,3461.3107235543735,永茂路-镇海大道
91.35000000000001,22.279999999999887,1611.736602272756,3461.360723554373,永茂路-镇海大道
91.4,22.279999999999887,1612.850602272756,3461.4107235543734,永茂路-镇海大道
91.45,22.279999999999887,1613.964602272756,3461.460723554373,永茂路-镇海大道
91.5,22.279999999999887,1615.0786022727561,3461.5107235543733,永茂路-镇海大道
91.55000000000001,22.279999999999887,1616.1926022727562,3461.5607235543735,永茂路-镇海大道
91.60000000000001,22.279999999999887,1617.3066022727562,3461.610723554373,永茂路-镇海大道
91.65,22.279999999999887,1618.4206022727562,3461.6607235543734,永茂路-镇海大道
91.7,22.279999999999887,1619.5346022727563,3461.710723554373,永茂路-镇海大道
91.75,22.279999999999887,1620.6486022727563,3461.7607235543733,永茂路-镇海大道
91.80000000000001,22.279999999999887,1621.7626022727563,3461.8107235543735,永茂路-镇海大道
91.85000000000001,22.279999999999887,1622.8766022727564,3461.860723554373,永茂路-镇海大道
91.9,22.279999999999887,1623.9906022727564,3461.9107235543734,永茂路-镇海大道
91.95,22.279999999999887,1625.1046022727564,3461.960723554373,永茂路-镇海大道
92.0,22.279999999999887,1626.2186022727565,3462.0107235543733,永茂路-镇海大道
92.05000000000001,22.279999999999887,1627.3326022727565,3462.0607235543735,永茂路-镇海大道
92.10000000000001,22.279999999999887,1628.4466022727565,3462.110723554373,永茂路-镇海大道
92.15,22.279999999999887,1629.5606022727566,3462.1607235543734,永茂路-镇海大道
92.2,22.279999999999887,1630.6746022727566,3462.210723554373,永茂路-镇海大道
92.25,22.279999999999887,1631.7886022727566,3462.2607235543733,永茂路-镇海大道
92.30000000000001,22.279999999999887,1632.9026022727567,3462.3107235543735,永茂路-镇海大道
92.35000000000001,22.279999999999887,1634.0166022727567,3462.360723554373,永茂路-镇海大道
92.4,22.279999999999887,1635.1306022727567,3462.4107235543734,永茂路-镇海大道
92.45,22.279999999999887,1636.2446022727568,3462.460723554373,永茂路-镇海大道
92.5,22.279999999999887,1637.3586022727568,3462.5107235543733,永茂路-镇海大道
92.55000000000001,22.279999999999887,1638.4726022727568,3462.5607235543735,永茂路-镇海大道
92.60000000000001,22.279999999999887,1639.5866022727569,3462.610723554373,永茂路-镇海大道
92.65,22.279999999999887,1640.700602272757,3462.6607235543734,永茂路-镇海大道
92.7,22.279999999999887,1641.814602272757,3462.710723554373,永茂路-镇海大道
92.75,22.279999999999887,1642.928602272757,3462.7607235543733,永茂路-镇海大道
92.80000000000001,22.279999999999887,1644.042602272757,3462.8107235543735,永茂路-镇海大道
92.85000000000001,22.279999999999887,1645.156602272757,3462.860723554373,永茂路-镇海大道
92.9,22.279999999999887,1646.270602272757,3462.9107235543734,永茂路-镇海大道
92.95,22.279999999999887,1647.384602272757,3462.960723554373,永茂路-镇海大道
93.0,22.279999999999887,1648.4986022727571,3463.0107235543733,永茂路-镇海大道
93.05000000000001,22.279999999999887,1649.6126022727572,3463.0607235543735,永茂路-镇海大道
93.10000000000001,22.279999999999887,1650.7266022727572,3463.110723554373,永茂路-镇海大道
93.15,22.279999999999887,1651.8406022727572,3463.1607235543734,永茂路-镇海大道
93.2,22.279999999999887,1652.9546022727573,3463.210723554373,永茂路-镇海大道
93.25,22.279999999999887,1654.0686022727573,3463.2607235543733,永茂路-镇海大道
93.30000000000001,22.279999999999887,1655.1826022727573,3463.3107235543735,永茂路-镇海大道
93.35000000000001,22.279999999999887,1656.2966022727574,3463.360723554373,永茂路-镇海大道
93.4,22.279999999999887,1657.4106022727574,3463.4107235543734,永茂路-镇海大道
93.45,22.279999999999887,1658.5246022727574,3463.460723554373,永茂路-镇海大道
93.5,22.279999999999887,1659.6386022727575,3463.5107235543733,永茂路-镇海大道
93.55000000000001,22.279999999999887,1660.7526022727575,3463.5607235543735,永茂路-镇海大道
93.60000000000001,22.279999999999887,1661.8666022727575,3463.610723554373,永茂路-镇海大道
93.65,22.279999999999887,1662.9806022727576,3463.6607235543734,永茂路-镇海大道
93.7,22.279999999999887,1664.0946022727576,3463.710723554373,永茂路-镇海大道
93.75,22.279999999999887,1665.2086022727576,3463.7607235543733,永茂路-镇海大道
93.80000000000001,22.279999999999887,1666.3226022727576,3463.8107235543735,永茂路-镇海大道
93.85000000000001,22.279999999999887,1667.4366022727577,3463.860723554373,永茂路-镇海大道
93.9,22.27499999999999,1668.5503522727577,3463.9107235543734,永茂路-镇海大道
93.95,22.249999999999993,1669.6628522727576,3463.960723554373,永茂路-镇海大道
94.0,22.224999999999994,1670.7741022727575,3464.0107235543733,永茂路-镇海大道
94.05000000000001,22.19999999999999,1671.8841022727574,3464.0607235543735,永茂路-镇海大道
94.10000000000001,22.17499999999999,1672.9928522727575,3464.110723554373,永茂路-镇海大道
94.15,22.14999999999999,1674.1003522727576,3464.1607235543734,永茂路-镇海大道
94.2,22.124999999999993,1675.2066022727577,3464.210723554373,永茂路-镇海大道
94.25,22.099999999999994,1676.3116022727577,3464.2607235543733,永茂路-镇海大道
94.30000000000001,22.07499999999999,1677.4153522727577,3464.3107235543735,永茂路-镇海大道
94.35000000000001,22.04999999999999,1678.5178522727576,3464.360723554373,永茂路-镇海大道
94.4,22.02499999999999,1679.6191022727576,3464.4107235543734,永茂路-镇海大道
94.45,21.999999999999993,1680.7191022727575,3464.460723554373,永茂路-镇海大道
94.5,21.974999999999994,1681.8178522727576,3464.5107235543733,永茂路-镇海大道
94.55000000000001,21.94999999999999,1682.9153522727577,3464.5607235543735,永茂路-镇海大道
94.60000000000001,21.92499999999999,1684.0116022727577,3464.610723554373,永茂路-镇海大道
94.65,21.89999999999999,1685.1066022727578,3464.6607235543734,永茂路-镇海大道
94.7,21.874999999999993,1686.2003522727578,3464.710723554373,永茂路-镇海大道
94.75,21.849999999999994,1687.2928522727577,3464.7607235543733,永茂路-镇海大道
94.80000000000001,21.82499999999999,1688.3841022727577,3464.8107235543735,永茂路-镇海大道
94.85000000000001,21.79999999999999,1689.4741022727576,3464.860723554373,永茂路-镇海大道
94.9,21.77499999999999,1690.5628522727575,3464.9107235543734,永茂路-镇海大道
94.95,21.749999999999993,1691.6503522727576,3464.960723554373,永茂路-镇海大道
95.0,21.724999999999994,1692.7366022727576,3465.0107235543733,永茂路-镇海大道
95.05000000000001,21.69999999999999,1693.8216022727577,3465.0607235543735,永茂路-镇海大道
95.10000000000001,21.67499999999999,1694.9053522727577,3465.110723554373,永茂路-镇海大道
95.15,21.64999999999999,1695.9878522727577,3465.1607235543734,永茂路-镇海大道
95.2,21.624999999999993,1697.0691022727576,3465.210723554373,永茂路-镇海大道
95.25,21.599999999999994,1698.1491022727575,3465.2607235543733,永茂路-镇海大道
95.30000000000001,21.57499999999999,1699.2278522727574,3465.3107235543735,永茂路-镇海大道
95.35000000000001,21.54999999999999,1700.3053522727575,3465.360723554373,永茂路-镇海大道
95.4,21.52499999999999,1701.3816022727576,3465.4107235543734,永茂路-镇海大道
95.45,21.499999999999993,1702.4566022727577,3465.460723554373,永茂路-镇海大道
95.5,21.474999999999994,1703.5303522727577,3465.5107235543733,永茂路-镇海大道
95.55000000000001,21.44999999999999,1704.6028522727577,3465.5607235543735,永茂路-镇海大道
95.60000000000001,21.42499999999999,1705.6741022727576,3465.610723554373,永茂路-镇海大道
95.65,21.39999999999999,1706.7441022727576,3465.6607235543734,永茂路-镇海大道
95.7,21.374999999999993,1707.8128522727575,3465.710723554373,永茂路-镇海大道
95.75,21.349999999999994,1708.8803522727576,3465.7607235543733,永茂路-镇海大道
95.80000000000001,21.32499999999999,1709.9466022727577,3465.8107235543735,永茂路-镇海大道
95.85000000000001,21.29999999999999,1711.0116022727577,3465.860723554373,永茂路-镇海大道
95.9,21.27499999999999,1712.0753522727578,3465.9107235543734,永茂路-镇海大道
95.95,21.249999999999993,1713.1378522727578,3465.960723554373,永茂路-镇海大道
96.0,21.224999999999994,1714.1991022727577,3466.0107235543733,永茂路-镇海大道
96.05000000000001,21.19999999999999,1715.2591022727577,3466.0607235543735,永茂路-镇海大道
96.10000000000001,21.17499999999999,1716.3178522727576,3466.110723554373,永茂路-镇海大道
96.15,21.14999999999999,1717.3753522727575,3466.1607235543734,永茂路-镇海大道
96.2,21.124999999999993,1718.4316022727576,3466.210723554373,永茂路-镇海大道
96.25,21.099999999999994,1719.4866022727576,3466.2607235543733,永茂路-镇海大道
96.30000000000001,21.07499999999999,1720.5403522727577,3466.3107235543735,永茂路-镇海大道
96.35000000000001,21.04999999999999,1721.5928522727577,3466.360723554373,永茂路-镇海大道
96.4,21.02499999999999,1722.6441022727577,3466.4107235543734,永茂路-镇海大道
96.45,20.999999999999993,1723.6941022727576,3466.460723554373,永茂路-镇海大道
96.5,20.974999999999994,1724.7428522727575,3466.5107235543733,永茂路-镇海大道
96.55000000000001,20.94999999999999,1725.7903522727574,3466.5607235543735,永茂路-镇海大道
96.60000000000001,20.92499999999999,1726.8366022727575,3466.610723554373,永茂路-镇海大道
96.65,20.89999999999999,1727.8816022727576,3466.6607235543734,永茂路-镇海大道
96.7,20.874999999999993,1728.9253522727577,3466.710723554373,永茂路-镇海大道
96.75,20.849999999999994,1729.9678522727577,3466.7607235543733,永茂路-镇海大道
96.80000000000001,20.82499999999999,1731.0091022727577,3466.8107235543735,永茂路-镇海大道
96.85000000000001,20.79999999999999,1732.0491022727576,3466.860723554373,永茂路-镇海大道
96.9,20.77499999999999,1733.0878522727576,3466.9107235543734,永茂路-镇海大道
96.95,20.749999999999993,1734.1253522727575,3466.960723554373,永茂路-镇海大道
97.0,20.724999999999994,1735.1616022727576,3467.0107235543733,永茂路-镇海大道
97.05000000000001,20.69999999999999,1736.1966022727577,3467.0607235543735,永茂路-镇海大道
97.10000000000001,20.67499999999999,1737.2303522727577,3467.110723554373,永茂路-镇海大道
97.15,20.64999999999999,1738.2628522727578,3467.1607235543734,永茂路-镇海大道
97.2,20.624999999999993,1739.2941022727578,3467.210723554373,永茂路-镇海大道
97.25,20.599999999999994,1740.3241022727577,3467.2607235543733,永茂路-镇海大道
97.30000000000001,20.57499999999999,1741.3528522727577,3467.3107235543735,永茂路-镇海大道
97.35000000000001,20.54999999999999,1742.3803522727576,3467.360723554373,永茂路-镇海大道
97.4,20.52499999999999,1743.4066022727575,3467.4107235543734,永茂路-镇海大道
97.45,20.499999999999993,1744.4316022727576,3467.460723554373,永茂路-镇海大道
97.5,20.474999999999994,1745.4553522727576,3467.5107235543733,永茂路-镇海大道
97.55000000000001,20.44999999999999,1746.4778522727577,3467.5607235543735,永茂路-镇海大道
97.60000000000001,20.42499999999999,1747.4991022727577,3467.610723554373,永茂路-镇海大道
97.65,20.39999999999999,1748.5191022727577,3467.6607235543734,永茂路-镇海大道
97.7,20.374999999999993,1749.5378522727576,3467.710723554373,永茂路-镇海大道
97.75,20.349999999999994,1750.5553522727575,3467.7607235543733,永茂路-镇海大道
97.80000000000001,20.32499999999999,1751.5716022727574,3467.8107235543735,永茂路-镇海大道
97.85000000000001,20.29999999999999,1752.5866022727575,3467.860723554373,永茂路-镇海大道
97.9,20.27499999999999,1753.6003522727576,3467.9107235543734,永茂路-镇海大道
97.95,20.249999999999993,1754.6128522727577,3467.960723554373,永茂路-镇海大道
98.0,20.224999999999994,1755.6241022727577,3468.0107235543733,永茂路-镇海大道
98.05000000000001,20.19999999999999,1756.6341022727577,3468.0607235543735,永茂路-镇海大道
98.10000000000001,20.17499999999999,1757.6428522727576,3468.110723554373,永茂路-镇海大道
98.15,20.14999999999999,1758.6503522727576,3468.1607235543734,永茂路-镇海大道
98.2,20.124999999999993,1759.6566022727575,3468.210723554373,永茂路-镇海大道
98.25,20.099999999999994,1760.6616022727576,3468.2607235543733,永茂路-镇海大道
98.30000000000001,20.07499999999999,1761.6653522727577,3468.3107235543735,永茂路-镇海大道
98.35000000000001,20.04999999999999,1762.6678522727577,3468.360723554373,永茂路-镇海大道
98.4,20.02499999999999,1763.6691022727578,3468.4107235543734,永茂路-镇海大道
98.45,19.999999999999993,1764.6691022727578,3468.460723554373,永茂路-镇海大道
98.5,19.974999999999994,1765.6678522727577,3468.5107235543733,永茂路-镇海大道
98.55000000000001,19.94999999999999,1766.6653522727577,3468.5607235543735,永茂路-镇海大道
98.60000000000001,19.92499999999999,1767.6616022727576,3468.610723554373,永茂路-镇海大道
98.65,19.89999999999999,1768.6566022727575,3468.6607235543734,永茂路-镇海大道
98.7,19.874999999999993,1769.6503522727576,3468.710723554373,永茂路-镇海大道
98.75,19.849999999999994,1770.6428522727576,3468.7607235543733,永茂路-镇海大道
98.80000000000001,19.82499999999999,1771.6341022727577,3468.8107235543735,永茂路-镇海大道
98.85000000000001,19.79999999999999,1772.6241022727577,3468.860723554373,永茂路-镇海大道
98.9,19.77499999999999,1773.6128522727577,3468.9107235543734,永茂路-镇海大道
98.95,19.749999999999993,1774.6003522727576,3468.960723554373,永茂路-镇海大道
99.0,19.724999999999994,1775.5866022727575,3469.0107235543733,永茂路-镇海大道
99.05000000000001,19.69999999999999,1776.5716022727574,3469.0607235543735,永茂路-镇海大道
99.10000000000001,19.67499999999999,1777.5553522727575,3469.110723554373,永茂路-镇海大道
99.15,19.64999999999999,1778.5378522727576,3469.1607235543734,永茂路-镇海大道
99.2,19.624999999999993,1779.5191022727577,3469.210723554373,永茂路-镇海大道
99.25,19.599999999999994,1780.4991022727577,3469.2607235543733,永茂路-镇海大道
99.30000000000001,19.57499999999999,1781.4778522727577,3469.3107235543735,永茂路-镇海大道
99.35000000000001,19.54999999999999,1782.4553522727576,3469.360723554373,永茂路-镇海大道
99.4,19.52499999999999,1783.4316022727576,3469.4107235543734,永茂路-镇海大道
99.45,19.499999999999993,1784.4066022727575,3469.460723554373,永茂路-镇海大道
99.5,19.474999999999994,1785.3803522727576,3469.5107235543733,永茂路-镇海大道
99.55000000000001,19.44999999999999,1786.3528522727577,3469.5607235543735,永茂路-镇海大道
99.60000000000001,19.42499999999999,1787.3241022727577,3469.610723554373,永茂路-镇海大道
99.65,19.39999999999999,1788.2941022727578,3469.6607235543734,永茂路-镇海大道
99.7,19.374999999999993,1789.2628522727578,3469.710723554373,永茂路-镇海大道
99.75,19.349999999999994,1790.2303522727577,3469.7607235543733,永茂路-镇海大道
99.80000000000001,19.32499999999999,1791.1966022727577,3469.8107235543735,永茂路-镇海大道
99.85000000000001,19.29999999999999,1792.1616022727576,3469.860723554373,永茂路-镇海大道
99.9,19.27499999999999,1793.1253522727575,3469.9107235543734,永茂路-镇海大道
99.95,19.249999999999993,1794.0878522727576,3469.960723554373,永茂路-镇海大道
100.0,19.224999999999994,1795.0491022727576,3470.0107235543733,永茂路-镇海大道
100.05000000000001,19.19999999999999,1796.0091022727577,3470.0607235543735,永茂路-镇海大道
100.10000000000001,19.17499999999999,1796.9678522727577,3470.110723554373,永茂路-镇海大道
100.15,19.14999999999999,1797.9253522727577,3470.1607235543734,永茂路-镇海大道
100.2,19.124999999999993,1798.8816022727576,3470.210723554373,永茂路-镇海大道
100.25,19.099999999999994,1799.8366022727575,3470.2607235543733,永茂路-镇海大道
100.30000000000001,19.07499999999999,1800.7903522727574,3470.3107235543735,永茂路-镇海大道
100.35000000000001,19.04999999999999,1801.7428522727575,3470.360723554373,永茂路-镇海大道
100.4,19.02499999999999,1802.6941022727576,3470.4107235543734,永茂路-镇海大道
100.45,18.999999999999993,1803.6441022727577,3470.460723554373,永茂路-镇海大道
100.5,18.974999999999994,1804.5928522727577,3470.5107235543733,永茂路-镇海大道
100.55000000000001,18.94999999999999,1805.5403522727577,3470.5607235543735,永茂路-镇海大道
100.60000000000001,18.92499999999999,1806.4866022727576,3470.610723554373,永茂路-镇海大道
100.65,18.89999999999999,1807.4316022727576,3470.6607235543734,永茂路-镇海大道
100.7,18.874999999999993,1808.3753522727575,3470.710723554373,永茂路-镇海大道
100.75,18.849999999999994,1809.3178522727576,3470.7607235543733,永茂路-镇海大道
100.80000000000001,18.82499999999999,1810.2591022727577,3470.8107235543735,永茂路-镇海大道
100.85000000000001,18.79999999999999,1811.1991022727577,3470.860723554373,永茂路-镇海大道
100.9,18.77499999999999,1812.1378522727578,3470.9107235543734,永茂路-镇海大道
100.95,18.749999999999993,1813.0753522727578,3470.960723554373,永茂路-镇海大道
101.0,18.724999999999994,1814.0116022727577,3471.0107235543733,永茂路-镇海大道
101.05000000000001,18.69999999999999,1814.9466022727577,3471.0607235543735,永茂路-镇海大道
101.10000000000001,18.67499999999999,1815.8803522727576,3471.110723554373,永茂路-镇海大道
101.15,18.64999999999999,1816.8128522727575,3471.1607235543734,永茂路-镇海大道
101.2,18.624999999999993,1817.7441022727576,3471.210723554373,永茂路-镇海大道
101.25,18.599999999999994,1818.6741022727576,3471.2607235543733,永茂路-镇海大道
101.30000000000001,18.57499999999999,1819.6028522727577,3471.3107235543735,永茂路-镇海大道
101.35000000000001,18.54999999999999,1820.5303522727577,3471.360723554373,永茂路-镇海大道
101.4,18.52499999999999,1821.4566022727577,3471.4107235543734,永茂路-镇海大道
101.45,18.499999999999993,1822.3816022727576,3471.460723554373,永茂路-镇海大道
101.5,18.474999999999994,1823.3053522727575,3471.5107235543733,永茂路-镇海大道
101.55000000000001,18.44999999999999,1824.2278522727574,3471.5607235543735,永茂路-镇海大道
101.60000000000001,18.42499999999999,1825.1491022727575,3471.610723554373,永茂路-镇海大道
101.65,18.39999999999999,1826.0691022727576,3471.6607235543734,永茂路-镇海大道
101.7,18.374999999999993,1826.9878522727577,3471.710723554373,永茂路-镇海大道
101.75,18.349999999999994,1827.9053522727577,3471.7607235543733,永茂路-镇海大道
101.80000000000001,18.32499999999999,1828.8216022727577,3471.8107235543735,永茂路-镇海大道
101.85000000000001,18.29999999999999,1829.7366022727576,3471.860723554373,永茂路-镇海大道
101.9,18.27499999999999,1830.6503522727576,3471.9107235543734,永茂路-镇海大道
101.95,18.249999999999993,1831.5628522727575,3471.960723554373,永茂路-镇海大道
102.0,18.224999999999994,1832.4741022727576,3472.0107235543733,永茂路-镇海大道
102.05000000000001,18.19999999999999,1833.3841022727577,3472.0607235543735,永茂路-镇海大道
102.10000000000001,18.17499999999999,1834.2928522727577,3472.110723554373,永茂路-镇海大道
102.15,18.14999999999999,1835.2003522727578,3472.1607235543734,永茂路-镇海大道
102.2,18.124999999999993,1836.1066022727578,3472.210723554373,永茂路-镇海大道
102.25,18.099999999999994,1837.0116022727577,3472.2607235543733,永茂路-镇海大道
102.30000000000001,18.07499999999999,1837.9153522727577,3472.3107235543735,永茂路-镇海大道
102.35000000000001,18.04999999999999,1838.8178522727576,3472.360723554373,永茂路-镇海大道
102.4,18.02499999999999,1839.7191022727575,3472.4107235543734,永茂路-镇海大道
102.45,17.999999999999993,1840.6191022727576,3472.460723554373,永茂路-镇海大道
102.5,17.974999999999994,1841.5178522727576,3472.5107235543733,永茂路-镇海大道
102.55000000000001,17.94999999999999,1842.4153522727577,3472.5607235543735,永茂路-镇海大道
102.60000000000001,17.92499999999999,1843.3116022727577,3472.610723554373,永茂路-镇海大道
102.65,17.89999999999999,1844.2066022727577,3472.6607235543734,永茂路-镇海大道
102.7,17.874999999999993,1845.1003522727576,3472.710723554373,永茂路-镇海大道
102.75,17.849999999999994,1845.9928522727575,3472.7607235543733,永茂路-镇海大道
102.80000000000001,17.82499999999999,1846.8841022727574,3472.8107235543735,永茂路-镇海大道
102.85000000000001,17.79999999999999,1847.7741022727575,3472.860723554373,永茂路-镇海大道
102.9,17.77499999999999,1848.6628522727576,3472.9107235543734,永茂路-镇海大道
102.95,17.749999999999993,1849.5503522727577,3472.960723554373,永茂路-镇海大道
103.0,17.724999999999994,1850.4366022727577,3473.0107235543733,永茂路-镇海大道
103.05000000000001,17.69999999999999,1851.3216022727577,3473.0607235543735,永茂路-镇海大道
103.10000000000001,17.67499999999999,1852.2053522727576,3473.110723554373,永茂路-镇海大道
103.15,17.64999999999999,1853.0878522727576,3473.1607235543734,永茂路-镇海大道
103.2,17.624999999999993,1853.9691022727575,3473.210723554373,永茂路-镇海大道
103.25,17.599999999999994,1854.8491022727576,3473.2607235543733,永茂路-镇海大道
103.30000000000001,17.57499999999999,1855.7278522727577,3473.3107235543735,永茂路-镇海大道
103.35000000000001,17.54999999999999,1856.6053522727577,3473.360723554373,永茂路-镇海大道
103.4,17.52499999999999,1857.4816022727578,3473.4107235543734,永茂路-镇海大道
103.45,17.499999999999993,1858.3566022727578,3473.460723554373,永茂路-镇海大道
103.5,17.474999999999994,1859.2303522727577,3473.5107235543733,永茂路-镇海大道
103.55000000000001,17.44999999999999,1860.1028522727577,3473.5607235543735,永茂路-镇海大道
103.60000000000001,17.42499999999999,1860.9741022727576,3473.610723554373,永茂路-镇海大道
103.65,17.39999999999999,1861.8441022727575,3473.6607235543734,永茂路-镇海大道
103.7,17.374999999999993,1862.7128522727576,3473.710723554373,永茂路-镇海大道
103.75,17.349999999999994,1863.5803522727576,3473.7607235543733,永茂路-镇海大道
103.80000000000001,17.32499999999999,1864.4466022727577,3473.8107235543735,永茂路-镇海大道
103.85000000000001,17.29999999999999,1865.3116022727577,3473.860723554373,永茂路-镇海大道
103.9,17.27499999999999,1866.1753522727577,3473.9107235543734,永茂路-镇海大道
103.95,17.249999999999993,1867.0378522727576,3473.960723554373,永茂路-镇海大道
104.0,17.224999999999994,1867.8991022727575,3474.0107235543733,永茂路-镇海大道
104.05000000000001,17.19999999999999,1868.7591022727574,3474.0607235543735,永茂路-镇海大道
104.10000000000001,17.17499999999999,1869.6178522727575,3474.110723554373,永茂路-镇海大道
104.15,17.14999999999999,1870.4753522727576,3474.1607235543734,永茂路-镇海大道
104.2,17.124999999999993,1871.3316022727577,3474.210723554373,永茂路-镇海大道
104.25,17.099999999999994,1872.1866022727577,3474.2607235543733,永茂路-镇海大道
104.30000000000001,17.07499999999999,1873.0403522727577,3474.3107235543735,永茂路-镇海大道
104.35000000000001,17.04999999999999,1873.8928522727576,3474.360723554373,永茂路-镇海大道
104.4,17.02499999999999,1874.7441022727576,3474.4107235543734,永茂路-镇海大道
104.45,16.999999999999993,1875.5941022727575,3474.460723554373,永茂路-镇海大道
104.5,16.974999999999994,1876.4428522727576,3474.5107235543733,永茂路-镇海大道
104.55000000000001,16.94999999999999,1877.2903522727577,3474.5607235543735,永茂路-镇海大道
104.60000000000001,16.92499999999999,1878.1366022727577,3474.610723554373,永茂路-镇海大道
104.65,16.89999999999999,1878.9816022727578,3474.6607235543734,永茂路-镇海大道
104.7,16.874999999999993,1879.8253522727578,3474.710723554373,永茂路-镇海大道
104.75,16.849999999999994,1880.6678522727577,3474.7607235543733,永茂路-镇海大道
104.80000000000001,16.82499999999999,1881.5091022727577,3474.8107235543735,永茂路-镇海大道
104.85000000000001,16.79999999999999,1882.3491022727576,3474.860723554373,永茂路-镇海大道
104.9,16.77499999999999,1883.1878522727575,3474.9107235543734,永茂路-镇海大道
104.95,16.749999999999993,1884.0253522727576,3474.960723554373,永茂路-镇海大道
105.0,16.724999999999994,1884.8616022727576,3475.0107235543733,永茂路-镇海大道
105.05000000000001,16.69999999999999,1885.6966022727577,3475.0607235543735,永茂路-镇海大道
105.10000000000001,16.67499999999999,1886.5303522727577,3475.110723554373,永茂路-镇海大道
105.15,16.64999999999999,1887.3628522727577,3475.1607235543734,永茂路-镇海大道
105.2,16.624999999999993,1888.1941022727576,3475.210723554373,永茂路-镇海大道
105.25,16.599999999999994,1889.0241022727575,3475.2607235543733,永茂路-镇海大道
105.30000000000001,16.57499999999999,1889.8528522727574,3475.3107235543735,永茂路-镇海大道
105.35000000000001,16.54999999999999,1890.6803522727575,3475.360723554373,永茂路-镇海大道
105.4,16.52499999999999,1891.5066022727576,3475.4107235543734,永茂路-镇海大道
105.45,16.499999999999993,1892.3316022727577,3475.460723554373,永茂路-镇海大道
105.5,16.474999999999994,1893.1553522727577,3475.5107235543733,永茂路-镇海大道
105.55000000000001,16.44999999999999,1893.9778522727577,3475.5607235543735,永茂路-镇海大道
105.60000000000001,16.42499999999999,1894.7991022727576,3475.610723554373,永茂路-镇海大道
105.65,16.39999999999999,1895.6191022727576,3475.6607235543734,永茂路-镇海大道
105.7,16.374999999999993,1896.4378522727575,3475.710723554373,永茂路-镇海大道
105.75,16.349999999999994,1897.2553522727576,3475.7607235543733,永茂路-镇海大道
105.80000000000001,16.32499999999999,1898.0716022727577,3475.8107235543735,永茂路-镇海大道
105.85000000000001,16.29999999999999,1898.8866022727577,3475.860723554373,永茂路-镇海大道
105.9,16.27499999999999,1899.7003522727578,3475.9107235543734,永茂路-镇海大道
105.95,16.249999999999993,1900.5128522727578,3475.960723554373,永茂路-镇海大道
106.0,16.224999999999994,1901.3241022727577,3476.0107235543733,永茂路-镇海大道
106.05000000000001,16.19999999999999,1902.1341022727577,3476.0607235543735,永茂路-镇海大道
106.10000000000001,16.17499999999999,1902.9428522727576,3476.110723554373,永茂路-镇海大道
106.15,16.14999999999999,1903.7503522727575,3476.1607235543734,永茂路-镇海大道
106.2,16.124999999999993,1904.5566022727576,3476.210723554373,永茂路-镇海大道
106.25,16.099999999999994,1905.3616022727576,3476.2607235543733,永茂路-镇海大道
106.30000000000001,16.07499999999999,1906.1653522727577,3476.3107235543735,永茂路-镇海大道
106.35000000000001,16.04999999999999,1906.9678522727577,3476.360723554373,永茂路-镇海大道
106.4,16.02499999999999,1907.7691022727577,3476.4107235543734,永茂路-镇海大道
106.45,15.999999999999993,1908.5691022727576,3476.460723554373,永茂路-镇海大道
106.5,15.974999999999994,1909.3678522727575,3476.5107235543733,永茂路-镇海大道
106.55000000000001,15.949999999999989,1910.1653522727574,3476.5607235543735,永茂路-镇海大道
106.60000000000001,15.92499999999999,1910.9616022727575,3476.610723554373,永茂路-镇海大道
106.65,15.899999999999991,1911.7566022727576,3476.6607235543734,永茂路-镇海大道
106.7,15.874999999999993,1912.5503522727577,3476.710723554373,永茂路-镇海大道
106.75,15.849999999999994,1913.3428522727577,3476.7607235543733,永茂路-镇海大道
106.80000000000001,15.824999999999989,1914.1341022727577,3476.8107235543735,永茂路-镇海大道
106.85000000000001,15.79999999999999,1914.9241022727576,3476.860723554373,永茂路-镇海大道
106.9,15.774999999999991,1915.7128522727576,3476.9107235543734,永茂路-镇海大道
106.95,15.749999999999993,1916.5003522727575,3476.960723554373,永茂路-镇海大道
107.0,15.724999999999994,1917.2866022727576,3477.0107235543733,永茂路-镇海大道
107.05000000000001,15.699999999999989,1918.0716022727577,3477.0607235543735,永茂路-镇海大道
107.10000000000001,15.67499999999999,1918.8553522727577,3477.110723554373,永茂路-镇海大道
107.15,15.649999999999991,1919.6378522727578,3477.1607235543734,永茂路-镇海大道
107.2,15.624999999999993,1920.4191022727578,3477.210723554373,永茂路-镇海大道
107.25,15.599999999999994,1921.1991022727577,3477.2607235543733,永茂路-镇海大道
107.30000000000001,15.574999999999989,1921.9778522727577,3477.3107235543735,永茂路-镇海大道
107.35000000000001,15.54999999999999,1922.7553522727576,3477.360723554373,永茂路-镇海大道
107.4,15.524999999999991,1923.5316022727575,3477.4107235543734,永茂路-镇海大道
107.45,15.499999999999993,1924.3066022727576,3477.460723554373,永茂路-镇海大道
107.5,15.474999999999994,1925.0803522727576,3477.5107235543733,永茂路-镇海大道
107.55000000000001,15.449999999999989,1925.8528522727577,3477.5607235543735,永茂路-镇海大道
107.60000000000001,15.42499999999999,1926.6241022727577,3477.610723554373,永茂路-镇海大道
107.65,15.399999999999991,1927.3941022727577,3477.6607235543734,永茂路-镇海大道
107.7,15.374999999999993,1928.1628522727576,3477.710723554373,永茂路-镇海大道
107.75,15.349999999999994,1928.9303522727575,3477.7607235543733,永茂路-镇海大道
107.80000000000001,15.324999999999989,1929.6966022727574,3477.8107235543735,永茂路-镇海大道
107.85000000000001,15.29999999999999,1930.4616022727575,3477.860723554373,永茂路-镇海大道
107.9,15.274999999999991,1931.2253522727576,3477.9107235543734,永茂路-镇海大道
107.95,15.249999999999993,1931.9878522727577,3477.960723554373,永茂路-镇海大道
108.0,15.224999999999994,1932.7491022727577,3478.0107235543733,永茂路-镇海大道
108.05000000000001,15.199999999999989,1933.5091022727577,3478.0607235543735,永茂路-镇海大道
108.10000000000001,15.17499999999999,1934.2678522727576,3478.110723554373,永茂路-镇海大道
108.15,15.149999999999991,1935.0253522727576,3478.1607235543734,永茂路-镇海大道
108.2,15.124999999999993,1935.7816022727575,3478.210723554373,永茂路-镇海大道
108.25,15.099999999999994,1936.5366022727576,3478.2607235543733,永茂路-镇海大道
108.30000000000001,15.074999999999989,1937.2903522727577,3478.3107235543735,永茂路-镇海大道
108.35000000000001,15.04999999999999,1938.0428522727577,3478.360723554373,永茂路-镇海大道
108.4,15.024999999999991,1938.7941022727578,3478.4107235543734,永茂路-镇海大道
108.45,14.999999999999993,1939.5441022727578,3478.460723554373,永茂路-镇海大道
108.5,14.974999999999994,1940.2928522727577,3478.5107235543733,永茂路-镇海大道
108.55000000000001,14.949999999999989,1941.0403522727577,3478.5607235543735,永茂路-镇海大道
108.60000000000001,14.92499999999999,1941.7866022727576,3478.610723554373,永茂路-镇海大道
108.65,14.899999999999991,1942.5316022727575,3478.6607235543734,永茂路-镇海大道
108.7,14.874999999999993,1943.2753522727576,3478.710723554373,永茂路-镇海大道
108.75,14.849999999999994,1944.0178522727576,3478.7607235543733,永茂路-镇海大道
108.80000000000001,14.824999999999989,1944.7591022727577,3478.8107235543735,永茂路-镇海大道
108.85000000000001,14.79999999999999,1945.4991022727577,3478.860723554373,永茂路-镇海大道
108.9,14.774999999999991,1946.2378522727577,3478.9107235543734,永茂路-镇海大道
108.95,14.749999999999993,1946.9753522727576,3478.960723554373,永茂路-镇海大道
109.0,14.724999999999994,1947.7116022727575,3479.0107235543733,永茂路-镇海大道
109.05000000000001,14.699999999999989,1948.4466022727574,3479.0607235543735,永茂路-镇海大道
109.10000000000001,14.67499999999999,1949.1803522727575,3479.110723554373,永茂路-镇海大道
109.15,14.649999999999991,1949.9128522727576,3479.1607235543734,永茂路-镇海大道
109.2,14.624999999999993,1950.6441022727577,3479.210723554373,永茂路-镇海大道
109.25,14.599999999999994,1951.3741022727577,3479.2607235543733,永茂路-镇海大道
109.30000000000001,14.574999999999989,1952.1028522727577,3479.3107235543735,永茂路-镇海大道
109.35000000000001,14.54999999999999,1952.8303522727576,3479.360723554373,永茂路-镇海大道
109.4,14.524999999999991,1953.5566022727576,3479.4107235543734,永茂路-镇海大道
109.45,14.499999999999993,1954.2816022727575,3479.460723554373,永茂路-镇海大道
109.5,14.474999999999994,1955.0053522727576,3479.5107235543733,永茂路-镇海大道
109.55000000000001,14.449999999999989,1955.7278522727577,3479.5607235543735,永茂路-镇海大道
109.60000000000001,14.42499999999999,1956.4491022727577,3479.610723554373,永茂路-镇海大道
109.65,14.399999999999991,1957.1691022727578,3479.6607235543734,永茂路-镇海大道
109.7,14.374999999999993,1957.8878522727578,3479.710723554373,永茂路-镇海大道
109.75,14.349999999999994,1958.6053522727577,3479.7607235543733,永茂路-镇海大道
109.80000000000001,14.324999999999989,1959.3216022727577,3479.8107235543735,永茂路-镇海大道
109.85000000000001,14.29999999999999,1960.0366022727576,3479.860723554373,永茂路-镇海大道
109.9,14.274999999999991,1960.7503522727575,3479.9107235543734,永茂路-镇海大道
109.95,14.249999999999993,1961.4628522727576,3479.960723554373,永茂路-镇海大道
110.0,14.224999999999994,1962.1741022727576,3480.0107235543733,永茂路-镇海大道
110.05000000000001,14.199999999999989,1962.8841022727577,3480.0607235543735,永茂路-镇海大道
110.10000000000001,14.17499999999999,1963.5928522727577,3480.110723554373,永茂路-镇海大道
110.15,14.149999999999991,1964.3003522727577,3480.1607235543734,永茂路-镇海大道
110.2,14.124999999999993,1965.0066022727576,3480.210723554373,永茂路-镇海大道
110.25,14.099999999999994,1965.7116022727575,3480.2607235543733,永茂路-镇海大道
110.30000000000001,14.074999999999989,1966.4153522727574,3480.3107235543735,永茂路-镇海大道
110.35000000000001,14.04999999999999,1967.1178522727575,3480.360723554373,永茂路-镇海大道
110.4,14.024999999999991,1967.8191022727576,3480.4107235543734,永茂路-镇海大道
110.45,13.999999999999993,1968.5191022727577,3480.460723554373,永茂路-镇海大道
110.5,13.974999999999994,1969.2178522727577,3480.5107235543733,永茂路-镇海大道
110.55000000000001,13.949999999999989,1969.9153522727577,3480.5607235543735,永茂路-镇海大道
110.60000000000001,13.92499999999999,1970.6116022727576,3480.610723554373,永茂路-镇海大道
110.65,13.899999999999991,1971.3066022727576,3480.6607235543734,永茂路-镇海大道
110.7,13.874999999999993,1972.0003522727575,3480.710723554373,永茂路-镇海大道
110.75,13.849999999999994,1972.6928522727576,3480.7607235543733,永茂路-镇海大道
110.80000000000001,13.824999999999989,1973.3841022727577,3480.8107235543735,永茂路-镇海大道
110.85000000000001,13.79999999999999,1974.0741022727577,3480.860723554373,永茂路-镇海大道
110.9,13.774999999999991,1974.7628522727578,3480.9107235543734,永茂路-镇海大道
110.95,13.749999999999993,1975.4503522727578,3480.960723554373,永茂路-镇海大道
111.0,13.724999999999994,1976.1366022727577,3481.0107235543733,永茂路-镇海大道
111.05000000000001,13.699999999999989,1976.8216022727577,3481.0607235543735,永茂路-镇海大道
111.10000000000001,13.67499999999999,1977.5053522727576,3481.110723554373,永茂路-镇海大道
111.15,13.649999999999991,1978.1878522727575,3481.1607235543734,永茂路-镇海大道
111.2,13.624999999999993,1978.8691022727576,3481.210723554373,永茂路-镇海大道
111.25,13.599999999999994,1979.5491022727576,3481.2607235543733,永茂路-镇海大道
111.30000000000001,13.574999999999989,1980.2278522727577,3481.3107235543735,永茂路-镇海大道
111.35000000000001,13.54999999999999,1980.9053522727577,3481.360723554373,永茂路-镇海大道
111.4,13.524999999999991,1981.5816022727577,3481.4107235543734,永茂路-镇海大道
111.45,13.499999999999993,1982.2566022727576,3481.460723554373,永茂路-镇海大道
111.5,13.474999999999994,1982.9303522727575,3481.5107235543733,永茂路-镇海大道
111.55000000000001,13.449999999999989,1983.6028522727574,3481.5607235543735,永茂路-镇海大道
111.60000000000001,13.42499999999999,1984.2741022727575,3481.610723554373,永茂路-镇海大道
111.65,13.399999999999991,1984.9441022727576,3481.6607235543734,永茂路-镇海大道
111.7,13.374999999999993,1985.6128522727577,3481.710723554373,永茂路-镇海大道
111.75,13.349999999999994,1986.2803522727577,3481.7607235543733,永茂路-镇海大道
111.80000000000001,13.324999999999989,1986.9466022727577,3481.8107235543735,永茂路-镇海大道
111.85000000000001,13.29999999999999,1987.6116022727576,3481.860723554373,永茂路-镇海大道
111.9,13.274999999999991,1988.2753522727576,3481.9107235543734,永茂路-镇海大道
111.95,13.249999999999993,1988.9378522727575,3481.960723554373,永茂路-镇海大道
112.0,13.224999999999994,1989.5991022727576,3482.0107235543733,永茂路-镇海大道
112.05000000000001,13.199999999999989,1990.2591022727577,3482.0607235543735,永茂路-镇海大道
112.10000000000001,13.17499999999999,1990.9178522727577,3482.110723554373,永茂路-镇海大道
112.15,13.149999999999991,1991.5753522727578,3482.1607235543734,永茂路-镇海大道
112.2,13.124999999999993,1992.2316022727578,3482.210723554373,永茂路-镇海大道
112.25,13.099999999999994,1992.8866022727577,3482.2607235543733,永茂路-镇海大道
112.30000000000001,13.074999999999989,1993.5403522727577,3482.3107235543735,永茂路-镇海大道
112.35000000000001,13.04999999999999,1994.1928522727576,3482.360723554373,永茂路-镇海大道
112.4,13.024999999999991,1994.8441022727575,3482.4107235543734,永茂路-镇海大道
112.45,12.999999999999993,1995.4941022727576,3482.460723554373,永茂路-镇海大道
112.5,12.974999999999994,1996.1428522727576,3482.5107235543733,永茂路-镇海大道
112.55000000000001,12.949999999999989,1996.7903522727577,3482.5607235543735,永茂路-镇海大道
112.60000000000001,12.92499999999999,1997.4366022727577,3482.610723554373,永茂路-镇海大道
112.65,12.899999999999991,1998.0816022727577,3482.6607235543734,永茂路-镇海大道
112.7,12.874999999999993,1998.7253522727576,3482.710723554373,永茂路-镇海大道
112.75,12.849999999999994,1999.3678522727575,3482.7607235543733,永茂路-镇海大道
112.80000000000001,12.824999999999989,2000.0091022727574,3482.8107235543735,永茂路-镇海大道
112.85000000000001,12.79999999999999,2000.6491022727575,3482.860723554373,永茂路-镇海大道
112.9,12.774999999999991,2001.2878522727576,3482.9107235543734,永茂路-镇海大道
112.95,12.749999999999993,2001.9253522727577,3482.960723554373,永茂路-镇海大道
113.0,12.724999999999994,2002.5616022727577,3483.0107235543733,永茂路-镇海大道
113.05000000000001,12.699999999999989,2003.1966022727577,3483.0607235543735,永茂路-镇海大道
113.10000000000001,12.67499999999999,2003.8303522727576,3483.110723554373,永茂路-镇海大道
113.15,12.649999999999991,2004.4628522727576,3483.1607235543734,永茂路-镇海大道
113.2,12.624999999999993,2005.0941022727575,3483.210723554373,永茂路-镇海大道
113.25,12.599999999999994,2005.7241022727576,3483.2607235543733,永茂路-镇海大道
113.30000000000001,12.574999999999989,2006.3528522727577,3483.3107235543735,永茂路-镇海大道
113.35000000000001,12.54999999999999,2006.9803522727577,3483.360723554373,永茂路-镇海大道
113.4,12.524999999999991,2007.6066022727578,3483.4107235543734,永茂路-镇海大道
113.45,12.499999999999993,2008.2316022727578,3483.460723554373,永茂路-镇海大道
113.5,12.474999999999994,2008.8553522727577,3483.5107235543733,永茂路-镇海大道
113.55000000000001,12.449999999999989,2009.4778522727577,3483.5607235543735,永茂路-镇海大道
113.60000000000001,12.42499999999999,2010.0991022727576,3483.610723554373,永茂路-镇海大道
113.65,12.399999999999991,2010.7191022727575,3483.6607235543734,永茂路-镇海大道
113.7,12.374999999999993,2011.3378522727576,3483.710723554373,永茂路-镇海大道
113.75,12.349999999999994,2011.9553522727576,3483.7607235543733,永茂路-镇海大道
113.80000000000001,12.324999999999989,2012.5716022727577,3483.8107235543735,永茂路-镇海大道
113.85000000000001,12.29999999999999,2013.1866022727577,3483.860723554373,永茂路-镇海大道
113.9,12.274999999999991,2013.8003522727577,3483.9107235543734,永茂路-镇海大道
113.95,12.249999999999993,2014.4128522727576,3483.960723554373,永茂路-镇海大道
114.0,12.224999999999994,2015.0241022727575,3484.0107235543733,永茂路-镇海大道
114.05000000000001,12.199999999999989,2015.6341022727574,3484.0607235543735,永茂路-镇海大道
114.10000000000001,12.17499999999999,2016.2428522727575,3484.110723554373,永茂路-镇海大道
114.15,12.149999999999991,2016.8503522727576,3484.1607235543734,永茂路-镇海大道
114.2,12.124999999999993,2017.4566022727577,3484.210723554373,永茂路-镇海大道
114.25,12.099999999999994,2018.0616022727577,3484.2607235543733,永茂路-镇海大道
114.30000000000001,12.074999999999989,2018.6653522727577,3484.3107235543735,永茂路-镇海大道
114.35000000000001,12.04999999999999,2019.2678522727576,3484.360723554373,永茂路-镇海大道
114.4,12.024999999999991,2019.8691022727576,3484.4107235543734,永茂路-镇海大道
114.45,11.999999999999993,2020.4691022727575,3484.460723554373,永茂路-镇海大道
114.5,11.974999999999994,2021.0678522727576,3484.5107235543733,永茂路-镇海大道
114.55000000000001,11.949999999999989,2021.6653522727577,3484.5607235543735,永茂路-镇海大道
114.60000000000001,11.92499999999999,2022.2616022727577,3484.610723554373,永茂路-镇海大道
114.65,11.899999999999991,2022.8566022727578,3484.6607235543734,永茂路-镇海大道
114.7,11.874999999999993,2023.4503522727578,3484.710723554373,永茂路-镇海大道
114.75,11.849999999999994,2024.0428522727577,3484.7607235543733,永茂路-镇海大道
114.80000000000001,11.824999999999989,2024.6341022727577,3484.8107235543735,永茂路-镇海大道
114.85000000000001,11.79999999999999,2025.2241022727576,3484.860723554373,永茂路-镇海大道
114.9,11.774999999999991,2025.8128522727575,3484.9107235543734,永茂路-镇海大道
114.95,11.749999999999993,2026.4003522727576,3484.960723554373,永茂路-镇海大道
115.0,11.724999999999994,2026.9866022727576,3485.0107235543733,永茂路-镇海大道
115.05000000000001,11.699999999999989,2027.5716022727577,3485.0607235543735,永茂路-镇海大道
115.10000000000001,11.67499999999999,2028.1553522727577,3485.110723554373,永茂路-镇海大道
115.15,11.649999999999991,2028.7378522727577,3485.1607235543734,永茂路-镇海大道
115.2,11.624999999999993,2029.3191022727576,3485.210723554373,永茂路-镇海大道
115.25,11.599999999999994,2029.8991022727575,3485.2607235543733,永茂路-镇海大道
115.30000000000001,11.574999999999989,2030.4778522727574,3485.3107235543735,永茂路-镇海大道
115.35000000000001,11.54999999999999,2031.0553522727575,3485.360723554373,永茂路-镇海大道
115.4,11.524999999999991,2031.6316022727576,3485.4107235543734,永茂路-镇海大道
115.45,11.499999999999993,2032.2066022727577,3485.460723554373,永茂路-镇海大道
115.5,11.474999999999994,2032.7803522727577,3485.5107235543733,永茂路-镇海大道
115.55000000000001,11.449999999999989,2033.3528522727577,3485.5607235543735,永茂路-镇海大道
115.60000000000001,11.42499999999999,2033.9241022727576,3485.610723554373,永茂路-镇海大道
115.65,11.399999999999991,2034.4941022727576,3485.6607235543734,永茂路-镇海大道
115.7,11.374999999999993,2035.0628522727575,3485.710723554373,永茂路-镇海大道
115.75,11.349999999999994,2035.6303522727576,3485.7607235543733,永茂路-镇海大道
115.80000000000001,11.324999999999989,2036.1966022727577,3485.8107235543735,永茂路-镇海大道
115.85000000000001,11.29999999999999,2036.7616022727577,3485.860723554373,永茂路-镇海大道
115.9,11.274999999999991,2037.3253522727578,3485.9107235543734,永茂路-镇海大道
115.95,11.249999999999993,2037.8878522727578,3485.960723554373,永茂路-镇海大道
116.0,11.224999999999994,2038.4491022727577,3486.0107235543733,永茂路-镇海大道
116.05000000000001,11.199999999999989,2039.0091022727577,3486.0607235543735,永茂路-镇海大道
116.10000000000001,11.17499999999999,2039.5678522727576,3486.110723554373,永茂路-镇海大道
116.15,11.149999999999991,2040.1253522727575,3486.1607235543734,永茂路-镇海大道
116.2,11.124999999999993,2040.6816022727576,3486.210723554373,永茂路-镇海大道
116.25,11.099999999999994,2041.2366022727576,3486.2607235543733,永茂路-镇海大道
116.30000000000001,11.074999999999989,2041.7903522727577,3486.3107235543735,永茂路-镇海大道
116.35000000000001,11.04999999999999,2042.3428522727577,3486.360723554373,永茂路-镇海大道
116.4,11.024999999999991,2042.8941022727577,3486.4107235543734,永茂路-镇海大道
116.45,10.999999999999993,2043.4441022727576,3486.460723554373,永茂路-镇海大道
116.5,10.974999999999994,2043.9928522727575,3486.5107235543733,永茂路-镇海大道
116.55000000000001,10.949999999999989,2044.5403522727574,3486.5607235543735,永茂路-镇海大道
116.60000000000001,10.92499999999999,2045.0866022727575,3486.610723554373,永茂路-镇海大道
116.65,10.899999999999991,2045.6316022727576,3486.6607235543734,永茂路-镇海大道
116.7,10.874999999999993,2046.1753522727577,3486.710723554373,永茂路-镇海大道
116.75,10.849999999999994,2046.7178522727577,3486.7607235543733,永茂路-镇海大道
116.80000000000001,10.824999999999989,2047.2591022727577,3486.8107235543735,永茂路-镇海大道
116.85000000000001,10.79999999999999,2047.7991022727576,3486.860723554373,永茂路-镇海大道
116.9,10.774999999999991,2048.3378522727576,3486.9107235543734,永茂路-镇海大道
116.95,10.749999999999993,2048.8753522727575,3486.960723554373,永茂路-镇海大道
117.0,10.724999999999994,2049.4116022727576,3487.0107235543733,永茂路-镇海大道
117.05000000000001,10.699999999999989,2049.9466022727574,3487.0607235543735,永茂路-镇海大道
117.10000000000001,10.67499999999999,2050.4803522727575,3487.110723554373,永茂路-镇海大道
117.15,10.649999999999991,2051.0128522727573,3487.1607235543734,永茂路-镇海大道
117.2,10.624999999999993,2051.5441022727573,3487.210723554373,永茂路-镇海大道
117.25,10.599999999999994,2052.0741022727575,3487.2607235543733,永茂路-镇海大道
117.30000000000001,10.574999999999989,2052.6028522727574,3487.3107235543735,永茂路-镇海大道
117.35000000000001,10.54999999999999,2053.1303522727576,3487.360723554373,永茂路-镇海大道
117.4,10.524999999999991,2053.6566022727575,3487.4107235543734,永茂路-镇海大道
117.45,10.499999999999993,2054.1816022727576,3487.460723554373,永茂路-镇海大道
117.5,10.474999999999994,2054.7053522727574,3487.5107235543733,永茂路-镇海大道
117.55000000000001,10.449999999999989,2055.2278522727574,3487.5607235543735,永茂路-镇海大道
117.60000000000001,10.42499999999999,2055.749102272757,3487.610723554373,永茂路-镇海大道
117.65,10.399999999999991,2056.269102272757,3487.6607235543734,永茂路-镇海大道
117.7,10.374999999999993,2056.7878522727574,3487.710723554373,永茂路-镇海大道
117.75,10.349999999999994,2057.3053522727573,3487.7607235543733,永茂路-镇海大道
117.80000000000001,10.324999999999989,2057.8216022727574,3487.8107235543735,永茂路-镇海大道
117.85000000000001,10.29999999999999,2058.3366022727573,3487.860723554373,永茂路-镇海大道
117.9,10.274999999999991,2058.8503522727574,3487.9107235543734,永茂路-镇海大道
117.95,10.249999999999993,2059.362852272757,3487.960723554373,永茂路-镇海大道
118.0,10.224999999999994,2059.874102272757,3488.0107235543733,永茂路-镇海大道
118.05000000000001,10.199999999999989,2060.3841022727574,3488.0607235543735,永茂路-镇海大道
118.10000000000001,10.17499999999999,2060.8928522727574,3488.110723554373,永茂路-镇海大道
118.15,10.149999999999991,2061.4003522727576,3488.1607235543734,永茂路-镇海大道
118.2,10.124999999999993,2061.9066022727575,3488.210723554373,永茂路-镇海大道
118.25,10.099999999999994,2062.4116022727576,3488.2607235543733,永茂路-镇海大道
118.30000000000001,10.074999999999989,2062.9153522727574,3488.3107235543735,永茂路-镇海大道
118.35000000000001,10.04999999999999,2063.4178522727575,3488.360723554373,永茂路-镇海大道
118.4,10.024999999999991,2063.9191022727573,3488.4107235543734,永茂路-镇海大道
118.45,9.999999999999993,2064.4191022727573,3488.460723554373,永茂路-镇海大道
118.5,9.974999999999994,2064.9178522727575,3488.5107235543733,永茂路-镇海大道
118.55000000000001,9.949999999999989,2065.4153522727574,3488.5607235543735,永茂路-镇海大道
118.60000000000001,9.92499999999999,2065.9116022727576,3488.610723554373,永茂路-镇海大道
118.65,9.899999999999991,2066.4066022727575,3488.6607235543734,永茂路-镇海大道
118.7,9.874999999999993,2066.9003522727576,3488.710723554373,永茂路-镇海大道
118.75,9.849999999999994,2067.3928522727574,3488.7607235543733,永茂路-镇海大道
118.80000000000001,9.824999999999989,2067.8841022727574,3488.8107235543735,永茂路-镇海大道
118.85000000000001,9.79999999999999,2068.374102272757,3488.860723554373,永茂路-镇海大道
118.9,9.774999999999991,2068.862852272757,3488.9107235543734,永茂路-镇海大道
118.95,9.749999999999993,2069.3503522727574,3488.960723554373,永茂路-镇海大道
119.0,9.724999999999994,2069.8366022727573,3489.0107235543733,永茂路-镇海大道
119.05000000000001,9.699999999999989,2070.3216022727574,3489.0607235543735,永茂路-镇海大道
119.10000000000001,9.67499999999999,2070.8053522727573,3489.110723554373,永茂路-镇海大道
119.15,9.649999999999991,2071.2878522727574,3489.1607235543734,永茂路-镇海大道
119.2,9.624999999999993,2071.769102272757,3489.210723554373,永茂路-镇海大道
119.25,9.599999999999994,2072.249102272757,3489.2607235543733,永茂路-镇海大道
119.30000000000001,9.574999999999989,2072.7278522727574,3489.3107235543735,永茂路-镇海大道
119.35000000000001,9.54999999999999,2073.2053522727574,3489.360723554373,永茂路-镇海大道
119.4,9.524999999999991,2073.6816022727576,3489.4107235543734,永茂路-镇海大道
119.45,9.499999999999993,2074.1566022727575,3489.460723554373,永茂路-镇海大道
119.5,9.474999999999994,2074.6303522727576,3489.5107235543733,永茂路-镇海大道
119.55000000000001,9.449999999999989,2075.1028522727574,3489.5607235543735,永茂路-镇海大道
119.60000000000001,9.42499999999999,2075.5741022727575,3489.610723554373,永茂路-镇海大道
119.65,9.399999999999991,2076.0441022727573,3489.6607235543734,永茂路-镇海大道
119.7,9.374999999999993,2076.5128522727573,3489.710723554373,永茂路-镇海大道
119.75,9.349999999999994,2076.9803522727575,3489.7607235543733,永茂路-镇海大道
119.80000000000001,9.324999999999989,2077.4466022727574,3489.8107235543735,永茂路-镇海大道
119.85000000000001,9.29999999999999,2077.9116022727576,3489.860723554373,永茂路-镇海大道
119.9,9.274999999999991,2078.3753522727575,3489.9107235543734,永茂路-镇海大道
119.95,9.249999999999993,2078.8378522727576,3489.960723554373,永茂路-镇海大道
120.0,9.224999999999994,2079.2991022727574,3490.0107235543733,永茂路-镇海大道
120.05000000000001,9.199999999999989,2079.7591022727574,3490.0607235543735,永茂路-镇海大道
120.10000000000001,9.17499999999999,2080.217852272757,3490.110723554373,永茂路-镇海大道
120.15,9.149999999999991,2080.675352272757,3490.1607235543734,永茂路-镇海大道
120.2,9.124999999999993,2081.1316022727574,3490.210723554373,永茂路-镇海大道
120.25,9.099999999999994,2081.5866022727573,3490.2607235543733,永茂路-镇海大道
120.30000000000001,9.074999999999989,2082.0403522727574,3490.3107235543735,永茂路-镇海大道
120.35000000000001,9.04999999999999,2082.4928522727573,3490.360723554373,永茂路-镇海大道
120.4,9.024999999999991,2082.9441022727574,3490.4107235543734,永茂路-镇海大道
120.45,8.999999999999993,2083.394102272757,3490.460723554373,永茂路-镇海大道
120.5,8.974999999999994,2083.842852272757,3490.5107235543733,永茂路-镇海大道
120.55000000000001,8.949999999999989,2084.2903522727574,3490.5607235543735,永茂路-镇海大道
120.60000000000001,8.92499999999999,2084.7366022727574,3490.610723554373,永茂路-镇海大道
120.65,8.899999999999991,2085.1816022727576,3490.6607235543734,永茂路-镇海大道
120.7,8.874999999999993,2085.6253522727575,3490.710723554373,永茂路-镇海大道
120.75,8.849999999999994,2086.0678522727576,3490.7607235543733,永茂路-镇海大道
120.80000000000001,8.824999999999989,2086.5091022727574,3490.8107235543735,永茂路-镇海大道
120.85000000000001,8.79999999999999,2086.9491022727575,3490.860723554373,永茂路-镇海大道
120.9,8.774999999999991,2087.3878522727573,3490.9107235543734,永茂路-镇海大道
120.95,8.749999999999993,2087.8253522727573,3490.960723554373,永茂路-镇海大道
121.0,8.724999999999994,2088.2616022727575,3491.0107235543733,永茂路-镇海大道
121.05000000000001,8.699999999999989,2088.6966022727574,3491.0607235543735,永茂路-镇海大道
121.10000000000001,8.67499999999999,2089.1303522727576,3491.110723554373,永茂路-镇海大道
121.15,8.649999999999991,2089.5628522727575,3491.1607235543734,永茂路-镇海大道
121.2,8.624999999999993,2089.9941022727576,3491.210723554373,永茂路-镇海大道
121.25,8.599999999999994,2090.4241022727574,3491.2607235543733,永茂路-镇海大道
121.30000000000001,8.574999999999989,2090.8528522727574,3491.3107235543735,永茂路-镇海大道
121.35000000000001,8.54999999999999,2091.280352272757,3491.360723554373,永茂路-镇海大道
121.4,8.524999999999991,2091.706602272757,3491.4107235543734,永茂路-镇海大道
121.45,8.499999999999993,2092.1316022727574,3491.460723554373,永茂路-镇海大道
121.5,8.474999999999994,2092.5553522727573,3491.5107235543733,永茂路-镇海大道
121.55000000000001,8.449999999999989,2092.9778522727574,3491.5607235543735,永茂路-镇海大道
121.60000000000001,8.42499999999999,2093.3991022727573,3491.610723554373,永茂路-镇海大道
121.65,8.399999999999991,2093.8191022727574,3491.6607235543734,永茂路-镇海大道
121.7,8.374999999999993,2094.237852272757,3491.710723554373,永茂路-镇海大道
121.75,8.349999999999994,2094.655352272757,3491.7607235543733,永茂路-镇海大道
121.80000000000001,8.324999999999989,2095.0716022727574,3491.8107235543735,永茂路-镇海大道
121.85000000000001,8.29999999999999,2095.4866022727574,3491.860723554373,永茂路-镇海大道
121.9,8.274999999999991,2095.9003522727576,3491.9107235543734,永茂路-镇海大道
121.95,8.249999999999993,2096.3128522727575,3491.960723554373,永茂路-镇海大道
122.0,8.224999999999994,2096.7241022727576,3492.0107235543733,永茂路-镇海大道
122.05000000000001,8.199999999999989,2097.1341022727574,3492.0607235543735,永茂路-镇海大道
122.10000000000001,8.17499999999999,2097.5428522727575,3492.110723554373,永茂路-镇海大道
122.15,8.149999999999991,2097.9503522727573,3492.1607235543734,永茂路-镇海大道
122.2,8.124999999999993,2098.3566022727573,3492.210723554373,永茂路-镇海大道
122.25,8.099999999999994,2098.7616022727575,3492.2607235543733,永茂路-镇海大道
122.30000000000001,8.074999999999989,2099.1653522727574,3492.3107235543735,永茂路-镇海大道
122.35000000000001,8.04999999999999,2099.5678522727576,3492.360723554373,永茂路-镇海大道
122.4,8.024999999999991,2099.9691022727575,3492.4107235543734,永茂路-镇海大道
122.45,7.999999999999993,2100.3691022727576,3492.460723554373,永茂路-镇海大道
122.5,7.974999999999994,2100.7678522727574,3492.5107235543733,永茂路-镇海大道
122.55000000000001,7.949999999999989,2101.1653522727574,3492.5607235543735,永茂路-镇海大道
122.60000000000001,7.92499999999999,2101.561602272757,3492.610723554373,永茂路-镇海大道
122.65,7.8999999999999915,2101.956602272757,3492.6607235543734,永茂路-镇海大道
122.7,7.874999999999993,2102.3503522727574,3492.710723554373,永茂路-镇海大道
122.75,7.849999999999994,2102.7428522727573,3492.7607235543733,永茂路-镇海大道
122.80000000000001,7.824999999999989,2103.1341022727574,3492.8107235543735,永茂路-镇海大道
122.85000000000001,7.79999999999999,2103.5241022727573,3492.860723554373,永茂路-镇海大道
122.9,7.7749999999999915,2103.9128522727574,3492.9107235543734,永茂路-镇海大道
122.95,7.749999999999993,2104.300352272757,3492.960723554373,永茂路-镇海大道
123.0,7.724999999999994,2104.686602272757,3493.0107235543733,永茂路-镇海大道
123.05000000000001,7.699999999999989,2105.0716022727574,3493.0607235543735,永茂路-镇海大道
123.10000000000001,7.67499999999999,2105.4553522727574,3493.110723554373,永茂路-镇海大道
123.15,7.6499999999999915,2105.8378522727576,3493.1607235543734,永茂路-镇海大道
123.2,7.624999999999993,2106.2191022727575,3493.210723554373,永茂路-镇海大道
123.25,7.599999999999994,2106.5991022727576,3493.2607235543733,永茂路-镇海大道
123.30000000000001,7.574999999999989,2106.9778522727574,3493.3107235543735,永茂路-镇海大道
123.35000000000001,7.54999999999999,2107.3553522727575,3493.360723554373,永茂路-镇海大道
123.4,7.5249999999999915,2107.7316022727573,3493.4107235543734,永茂路-镇海大道
123.45,7.499999999999993,2108.1066022727573,3493.460723554373,永茂路-镇海大道
123.5,7.474999999999994,2108.4803522727575,3493.5107235543733,永茂路-镇海大道
123.55000000000001,7.449999999999989,2108.8528522727574,3493.5607235543735,永茂路-镇海大道
123.60000000000001,7.42499999999999,2109.2241022727576,3493.610723554373,永茂路-镇海大道
123.65,7.3999999999999915,2109.5941022727575,3493.6607235543734,永茂路-镇海大道
123.7,7.374999999999993,2109.9628522727576,3493.710723554373,永茂路-镇海大道
123.75,7.349999999999994,2110.3303522727574,3493.7607235543733,永茂路-镇海大道
123.80000000000001,7.324999999999989,2110.6966022727574,3493.8107235543735,永茂路-镇海大道
123.85000000000001,7.29999999999999,2111.061602272757,3493.860723554373,永茂路-镇海大道
123.9,7.2749999999999915,2111.425352272757,3493.9107235543734,永茂路-镇海大道
123.95,7.249999999999993,2111.7878522727574,3493.960723554373,永茂路-镇海大道
124.0,7.224999999999994,2112.1491022727573,3494.0107235543733,永茂路-镇海大道
124.05000000000001,7.199999999999989,2112.5091022727574,3494.0607235543735,永茂路-镇海大道
124.10000000000001,7.17499999999999,2112.8678522727573,3494.110723554373,永茂路-镇海大道
124.15,7.1499999999999915,2113.2253522727574,3494.1607235543734,永茂路-镇海大道
124.2,7.124999999999993,2113.581602272757,3494.210723554373,永茂路-镇海大道
124.25,7.099999999999994,2113.936602272757,3494.2607235543733,永茂路-镇海大道
124.30000000000001,7.074999999999989,2114.2903522727574,3494.3107235543735,永茂路-镇海大道
124.35000000000001,7.04999999999999,2114.6428522727574,3494.360723554373,永茂路-镇海大道
124.4,7.0249999999999915,2114.9941022727576,3494.4107235543734,永茂路-镇海大道
124.45,6.999999999999993,2115.3441022727575,3494.460723554373,永茂路-镇海大道
124.5,6.974999999999994,2115.6928522727576,3494.5107235543733,永茂路-镇海大道
124.55000000000001,6.949999999999989,2116.0403522727574,3494.5607235543735,永茂路-镇海大道
124.60000000000001,6.92499999999999,2116.3866022727575,3494.610723554373,永茂路-镇海大道
124.65,6.8999999999999915,2116.7316022727573,3494.6607235543734,永茂路-镇海大道
124.7,6.874999999999993,2117.0753522727573,3494.710723554373,永茂路-镇海大道
124.75,6.849999999999994,2117.4178522727575,3494.7607235543733,永茂路-镇海大道
124.80000000000001,6.824999999999989,2117.7591022727574,3494.8107235543735,永茂路-镇海大道
124.85000000000001,6.79999999999999,2118.0991022727576,3494.860723554373,永茂路-镇海大道
124.9,6.7749999999999915,2118.4378522727575,3494.9107235543734,永茂路-镇海大道
124.95,6.749999999999993,2118.7753522727576,3494.960723554373,永茂路-镇海大道
125.0,6.724999999999994,2119.1116022727574,3495.0107235543733,永茂路-镇海大道
125.05000000000001,6.699999999999989,2119.4466022727574,3495.0607235543735,永茂路-镇海大道
125.10000000000001,6.67499999999999,2119.780352272757,3495.110723554373,永茂路-镇海大道
125.15,6.6499999999999915,2120.112852272757,3495.1607235543734,永茂路-镇海大道
125.2,6.624999999999993,2120.4441022727574,3495.210723554373,永茂路-镇海大道
125.25,6.599999999999994,2120.7741022727573,3495.2607235543733,永茂路-镇海大道
125.30000000000001,6.574999999999989,2121.1028522727574,3495.3107235543735,永茂路-镇海大道
125.35000000000001,6.54999999999999,2121.4303522727573,3495.360723554373,永茂路-镇海大道
125.4,6.5249999999999915,2121.7566022727574,3495.4107235543734,永茂路-镇海大道
125.45,6.499999999999993,2122.081602272757,3495.460723554373,永茂路-镇海大道
125.5,6.474999999999994,2122.405352272757,3495.5107235543733,永茂路-镇海大道
125.55000000000001,6.449999999999989,2122.7278522727574,3495.5607235543735,永茂路-镇海大道
125.60000000000001,6.42499999999999,2123.0491022727574,3495.610723554373,永茂路-镇海大道
125.65,6.3999999999999915,2123.3691022727576,3495.6607235543734,永茂路-镇海大道
125.7,6.374999999999993,2123.6878522727575,3495.710723554373,永茂路-镇海大道
125.75,6.349999999999994,2124.0053522727576,3495.7607235543733,永茂路-镇海大道
125.80000000000001,6.324999999999989,2124.3216022727574,3495.8107235543735,永茂路-镇海大道
125.85000000000001,6.29999999999999,2124.6366022727575,3495.860723554373,永茂路-镇海大道
125.9,6.2749999999999915,2124.9503522727573,3495.9107235543734,永茂路-镇海大道
125.95,6.249999999999993,2125.2628522727573,3495.960723554373,永茂路-镇海大道
126.0,6.224999999999994,2125.5741022727575,3496.0107235543733,永茂路-镇海大道
126.05000000000001,6.199999999999989,2125.8841022727574,3496.0607235543735,永茂路-镇海大道
126.10000000000001,6.17499999999999,2126.1928522727576,3496.110723554373,永茂路-镇海大道
126.15,6.1499999999999915,2126.5003522727575,3496.1607235543734,永茂路-镇海大道
126.2,6.124999999999993,2126.8066022727576,3496.210723554373,永茂路-镇海大道
126.25,6.099999999999994,2127.1116022727574,3496.2607235543733,永茂路-镇海大道
126.30000000000001,6.074999999999989,2127.4153522727574,3496.3107235543735,永茂路-镇海大道
126.35000000000001,6.04999999999999,2127.717852272757,3496.360723554373,永茂路-镇海大道
126.4,6.0249999999999915,2128.019102272757,3496.4107235543734,永茂路-镇海大道
126.45,5.999999999999993,2128.3191022727574,3496.460723554373,永茂路-镇海大道
126.5,5.974999999999994,2128.6178522727573,3496.5107235543733,永茂路-镇海大道
126.55000000000001,5.949999999999989,2128.9153522727574,3496.5607235543735,永茂路-镇海大道
126.60000000000001,5.92499999999999,2129.2116022727573,3496.610723554373,永茂路-镇海大道
126.65,5.8999999999999915,2129.5066022727574,3496.6607235543734,永茂路-镇海大道
126.7,5.874999999999993,2129.800352272757,3496.710723554373,永茂路-镇海大道
126.75,5.849999999999994,2130.092852272757,3496.7607235543733,永茂路-镇海大道
126.80000000000001,5.824999999999989,2130.3841022727574,3496.8107235543735,永茂路-镇海大道
126.85000000000001,5.79999999999999,2130.6741022727574,3496.860723554373,永茂路-镇海大道
126.9,5.7749999999999915,2130.9628522727576,3496.9107235543734,永茂路-镇海大道
126.95,5.749999999999993,2131.2503522727575,3496.960723554373,永茂路-镇海大道
127.0,5.724999999999994,2131.5366022727576,3497.0107235543733,永茂路-镇海大道
127.05000000000001,5.699999999999989,2131.8216022727574,3497.0607235543735,永茂路-镇海大道
127.10000000000001,5.67499999999999,2132.1053522727575,3497.110723554373,永茂路-镇海大道
127.15,5.6499999999999915,2132.3878522727573,3497.1607235543734,永茂路-镇海大道
127.2,5.624999999999993,2132.6691022727573,3497.210723554373,永茂路-镇海大道
127.25,5.599999999999994,2132.9491022727575,3497.2607235543733,永茂路-镇海大道
127.30000000000001,5.574999999999989,2133.2278522727574,3497.3107235543735,永茂路-镇海大道
127.35000000000001,5.54999999999999,2133.5053522727576,3497.360723554373,永茂路-镇海大道
127.4,5.5249999999999915,2133.7816022727575,3497.4107235543734,永茂路-镇海大道
127.45,5.499999999999993,2134.0566022727576,3497.460723554373,永茂路-镇海大道
127.5,5.474999999999994,2134.3303522727574,3497.5107235543733,永茂路-镇海大道
127.55000000000001,5.449999999999989,2134.6028522727574,3497.5607235543735,永茂路-镇海大道
127.60000000000001,5.42499999999999,2134.874102272757,3497.610723554373,永茂路-镇海大道
127.65,5.3999999999999915,2135.144102272757,3497.6607235543734,永茂路-镇海大道
127.7,5.374999999999993,2135.4128522727574,3497.710723554373,永茂路-镇海大道
127.75,5.349999999999994,2135.6803522727573,3497.7607235543733,永茂路-镇海大道
127.80000000000001,5.324999999999989,2135.9466022727574,3497.8107235543735,永茂路-镇海大道
127.85000000000001,5.29999999999999,2136.2116022727573,3497.860723554373,永茂路-镇海大道
127.9,5.2749999999999915,2136.4753522727574,3497.9107235543734,永茂路-镇海大道
127.95,5.249999999999993,2136.737852272757,3497.960723554373,永茂路-镇海大道
128.0,5.224999999999994,2136.999102272757,3498.0107235543733,永茂路-镇海大道
128.05,5.199999999999989,2137.2591022727574,3498.0607235543735,永茂路-镇海大道
128.1,5.174999999999997,2137.5178522727574,3498.110723554373,永茂路-镇海大道
128.15,5.1499999999999915,2137.7753522727576,3498.1607235543734,永茂路-镇海大道
128.20000000000002,5.124999999999986,2138.0316022727575,3498.210723554373,永茂路-镇海大道
128.25,5.099999999999994,2138.2866022727576,3498.2607235543733,永茂路-镇海大道
128.3,5.074999999999989,2138.5403522727574,3498.3107235543735,永茂路-镇海大道
128.35,5.049999999999997,2138.7928522727575,3498.360723554373,永茂路-镇海大道
128.4,5.0249999999999915,2139.0441022727573,3498.4107235543734,永茂路-镇海大道
128.45000000000002,4.999999999999986,2139.2941022727573,3498.460723554373,永茂路-镇海大道
128.5,4.974999999999994,2139.5428522727575,3498.5107235543733,永茂路-镇海大道
128.55,4.949999999999989,2139.7903522727574,3498.5607235543735,永茂路-镇海大道
128.6,4.924999999999997,2140.0366022727576,3498.610723554373,永茂路-镇海大道
128.65,4.8999999999999915,2140.2816022727575,3498.6607235543734,永茂路-镇海大道
128.70000000000002,4.874999999999986,2140.5253522727576,3498.710723554373,永茂路-镇海大道
128.75,4.849999999999994,2140.7678522727574,3498.7607235543733,永茂路-镇海大道
128.8,4.824999999999989,2141.0091022727574,3498.8107235543735,永茂路-镇海大道
128.85,4.799999999999997,2141.249102272757,3498.860723554373,永茂路-镇海大道
128.9,4.7749999999999915,2141.487852272757,3498.9107235543734,永茂路-镇海大道
128.95000000000002,4.749999999999986,2141.7253522727574,3498.960723554373,永茂路-镇海大道
129.0,4.724999999999994,2141.9616022727573,3499.0107235543733,永茂路-镇海大道
129.05,4.699999999999989,2142.1966022727574,3499.0607235543735,永茂路-镇海大道
129.1,4.674999999999997,2142.4303522727573,3499.110723554373,永茂路-镇海大道
129.15,4.6499999999999915,2142.6628522727574,3499.1607235543734,永茂路-镇海大道
129.20000000000002,4.624999999999986,2142.894102272757,3499.210723554373,永茂路-镇海大道
129.25,4.599999999999994,2143.124102272757,3499.2607235543733,永茂路-镇海大道
129.3,4.574999999999989,2143.3528522727574,3499.3107235543735,永茂路-镇海大道
129.35,4.549999999999997,2143.5803522727574,3499.360723554373,永茂路-镇海大道
129.4,4.5249999999999915,2143.8066022727576,3499.4107235543734,永茂路-镇海大道
129.45000000000002,4.499999999999986,2144.0316022727575,3499.460723554373,永茂路-镇海大道
129.5,4.474999999999994,2144.2553522727576,3499.5107235543733,永茂路-镇海大道
129.55,4.449999999999989,2144.4778522727574,3499.5607235543735,永茂路-镇海大道
129.6,4.424999999999997,2144.6991022727575,3499.610723554373,永茂路-镇海大道
129.65,4.3999999999999915,2144.9191022727573,3499.6607235543734,永茂路-镇海大道
129.70000000000002,4.374999999999986,2145.1378522727573,3499.710723554373,永茂路-镇海大道
129.75,4.349999999999994,2145.3553522727575,3499.7607235543733,永茂路-镇海大道
129.8,4.324999999999989,2145.5716022727574,3499.8107235543735,永茂路-镇海大道
129.85,4.299999999999997,2145.7866022727576,3499.860723554373,永茂路-镇海大道
129.9,4.2749999999999915,2146.0003522727575,3499.9107235543734,永茂路-镇海大道
129.95000000000002,4.249999999999986,2146.2128522727576,3499.960723554373,永茂路-镇海大道
130.0,4.224999999999994,2146.4241022727574,3500.0107235543733,永茂路-镇海大道
130.05,4.199999999999989,2146.6341022727574,3500.0607235543735,永茂路-镇海大道
130.1,4.174999999999997,2146.842852272757,3500.110723554373,永茂路-镇海大道
130.15,4.1499999999999915,2147.050352272757,3500.1607235543734,永茂路-镇海大道
130.20000000000002,4.124999999999986,2147.2566022727574,3500.210723554373,永茂路-镇海大道
130.25,4.099999999999994,2147.4616022727573,3500.2607235543733,永茂路-镇海大道
130.3,4.074999999999989,2147.6653522727574,3500.3107235543735,永茂路-镇海大道
130.35,4.049999999999997,2147.8678522727573,3500.360723554373,永茂路-镇海大道
130.4,4.0249999999999915,2148.0691022727574,3500.4107235543734,永茂路-镇海大道
130.45000000000002,3.999999999999986,2148.269102272757,3500.460723554373,永茂路-镇海大道
130.5,3.9749999999999943,2148.467852272757,3500.5107235543733,永茂路-镇海大道
130.55,3.9499999999999886,2148.6653522727574,3500.5607235543735,永茂路-镇海大道
130.6,3.924999999999997,2148.8616022727574,3500.610723554373,永茂路-镇海大道
130.65,3.8999999999999915,2149.0566022727576,3500.6607235543734,永茂路-镇海大道
130.70000000000002,3.874999999999986,2149.2503522727575,3500.710723554373,永茂路-镇海大道
130.75,3.8499999999999943,2149.4428522727576,3500.7607235543733,永茂路-镇海大道
130.8,3.8249999999999886,2149.6341022727574,3500.8107235543735,永茂路-镇海大道
130.85,3.799999999999997,2149.8241022727575,3500.860723554373,永茂路-镇海大道
130.9,3.7749999999999915,2150.0128522727573,3500.9107235543734,永茂路-镇海大道
130.95000000000002,3.749999999999986,2150.2003522727573,3500.960723554373,永茂路-镇海大道
131.0,3.7249999999999943,2150.3866022727575,3501.0107235543733,永茂路-镇海大道
131.05,3.6999999999999886,2150.5716022727574,3501.0607235543735,永茂路-镇海大道
131.1,3.674999999999997,2150.7553522727576,3501.110723554373,永茂路-镇海大道
131.15,3.6499999999999915,2150.9378522727575,3501.1607235543734,永茂路-镇海大道
131.20000000000002,3.624999999999986,2151.1191022727576,3501.210723554373,永茂路-镇海大道
131.25,3.5999999999999943,2151.2991022727574,3501.2607235543733,永茂路-镇海大道
131.3,3.5749999999999886,2151.4778522727574,3501.3107235543735,永茂路-镇海大道
131.35,3.549999999999997,2151.655352272757,3501.360723554373,永茂路-镇海大道
131.4,3.5249999999999915,2151.831602272757,3501.4107235543734,永茂路-镇海大道
131.45000000000002,3.499999999999986,2152.0066022727574,3501.460723554373,永茂路-镇海大道
131.5,3.4749999999999943,2152.1803522727573,3501.5107235543733,永茂路-镇海大道
131.55,3.4499999999999886,2152.3528522727574,3501.5607235543735,永茂路-镇海大道
131.6,3.424999999999997,2152.5241022727573,3501.610723554373,永茂路-镇海大道
131.65,3.3999999999999915,2152.6941022727574,3501.6607235543734,永茂路-镇海大道
131.70000000000002,3.374999999999986,2152.862852272757,3501.710723554373,永茂路-镇海大道
131.75,3.3499999999999943,2153.030352272757,3501.7607235543733,永茂路-镇海大道
131.8,3.3249999999999886,2153.1966022727574,3501.8107235543735,永茂路-镇海大道
131.85,3.299999999999997,2153.3616022727574,3501.860723554373,永茂路-镇海大道
131.9,3.2749999999999915,2153.5253522727576,3501.9107235543734,永茂路-镇海大道
131.95000000000002,3.249999999999986,2153.6878522727575,3501.960723554373,永茂路-镇海大道
132.0,3.2249999999999943,2153.8491022727576,3502.0107235543733,永茂路-镇海大道
132.05,3.1999999999999886,2154.0091022727574,3502.0607235543735,永茂路-镇海大道
132.1,3.174999999999997,2154.1678522727575,3502.110723554373,永茂路-镇海大道
132.15,3.1499999999999915,2154.3253522727573,3502.1607235543734,永茂路-镇海大道
132.20000000000002,3.124999999999986,2154.4816022727573,3502.210723554373,永茂路-镇海大道
132.25,3.0999999999999943,2154.6366022727575,3502.2607235543733,永茂路-镇海大道
132.3,3.0749999999999886,2154.7903522727574,3502.3107235543735,永茂路-镇海大道
132.35,3.049999999999997,2154.9428522727576,3502.360723554373,永茂路-镇海大道
132.4,3.0249999999999915,2155.0941022727575,3502.4107235543734,永茂路-镇海大道
132.45000000000002,2.999999999999986,2155.2441022727576,3502.460723554373,永茂路-镇海大道
132.5,2.9749999999999943,2155.3928522727574,3502.5107235543733,永茂路-镇海大道
132.55,2.9499999999999886,2155.5403522727574,3502.5607235543735,永茂路-镇海大道
132.6,2.924999999999997,2155.686602272757,3502.610723554373,永茂路-镇海大道
132.65,2.8999999999999915,2155.831602272757,3502.6607235543734,永茂路-镇海大道
132.70000000000002,2.874999999999986,2155.9753522727574,3502.710723554373,永茂路-镇海大道
132.75,2.8499999999999943,2156.1178522727573,3502.7607235543733,永茂路-镇海大道
132.8,2.8249999999999886,2156.2591022727574,3502.8107235543735,永茂路-镇海大道
132.85,2.799999999999997,2156.3991022727573,3502.860723554373,永茂路-镇海大道
132.9,2.7749999999999915,2156.5378522727574,3502.9107235543734,永茂路-镇海大道
132.95000000000002,2.749999999999986,2156.675352272757,3502.960723554373,永茂路-镇海大道
133.0,2.7249999999999943,2156.811602272757,3503.0107235543733,永茂路-镇海大道
133.05,2.6999999999999886,2156.9466022727574,3503.0607235543735,永茂路-镇海大道
133.1,2.674999999999997,2157.0803522727574,3503.110723554373,永茂路-镇海大道
133.15,2.6499999999999915,2157.2128522727576,3503.1607235543734,永茂路-镇海大道
133.20000000000002,2.624999999999986,2157.3441022727575,3503.210723554373,永茂路-镇海大道
133.25,2.5999999999999943,2157.4741022727576,3503.2607235543733,永茂路-镇海大道
133.3,2.5749999999999886,2157.6028522727574,3503.3107235543735,永茂路-镇海大道
133.35,2.549999999999997,2157.7303522727575,3503.360723554373,永茂路-镇海大道
133.4,2.5249999999999915,2157.8566022727573,3503.4107235543734,永茂路-镇海大道
133.45000000000002,2.499999999999986,2157.9816022727573,3503.460723554373,永茂路-镇海大道
133.5,2.4749999999999943,2158.1053522727575,3503.5107235543733,永茂路-镇海大道
133.55,2.4499999999999886,2158.2278522727574,3503.5607235543735,永茂路-镇海大道
133.6,2.424999999999997,2158.3491022727576,3503.610723554373,永茂路-镇海大道
133.65,2.3999999999999915,2158.4691022727575,3503.6607235543734,永茂路-镇海大道
133.70000000000002,2.374999999999986,2158.5878522727576,3503.710723554373,永茂路-镇海大道
133.75,2.3499999999999943,2158.7053522727574,3503.7607235543733,永茂路-镇海大道
133.8,2.3249999999999886,2158.8216022727574,3503.8107235543735,永茂路-镇海大道
133.85,2.299999999999997,2158.936602272757,3503.860723554373,永茂路-镇海大道
133.9,2.2749999999999915,2159.050352272757,3503.9107235543734,永茂路-镇海大道
133.95000000000002,2.249999999999986,2159.1628522727574,3503.960723554373,永茂路-镇海大道
134.0,2.2249999999999943,2159.2741022727573,3504.0107235543733,永茂路-镇海大道
134.05,2.1999999999999886,2159.3841022727574,3504.0607235543735,永茂路-镇海大道
134.1,2.174999999999997,2159.4928522727573,3504.110723554373,永茂路-镇海大道
134.15,2.1499999999999915,2159.6003522727574,3504.1607235543734,永茂路-镇海大道
134.20000000000002,2.124999999999986,2159.706602272757,3504.210723554373,永茂路-镇海大道
134.25,2.0999999999999943,2159.811602272757,3504.2607235543733,永茂路-镇海大道
134.3,2.0749999999999886,2159.9153522727574,3504.3107235543735,永茂路-镇海大道
134.35,2.049999999999997,2160.0178522727574,3504.360723554373,永茂路-镇海大道
134.4,2.0249999999999915,2160.1191022727576,3504.4107235543734,永茂路-镇海大道
134.45000000000002,1.9999999999999858,2160.2191022727575,3504.460723554373,永茂路-镇海大道
134.5,1.9749999999999943,2160.3178522727576,3504.5107235543733,永茂路-镇海大道
134.55,1.9499999999999886,2160.4153522727574,3504.5607235543735,永茂路-镇海大道
134.6,1.9249999999999972,2160.5116022727575,3504.610723554373,永茂路-镇海大道
134.65,1.8999999999999915,2160.6066022727573,3504.6607235543734,永茂路-镇海大道
134.70000000000002,1.8749999999999858,2160.7003522727573,3504.710723554373,永茂路-镇海大道
134.75,1.8499999999999943,2160.7928522727575,3504.7607235543733,永茂路-镇海大道
134.8,1.8249999999999886,2160.8841022727574,3504.8107235543735,永茂路-镇海大道
134.85,1.7999999999999972,2160.9741022727576,3504.860723554373,永茂路-镇海大道
134.9,1.7749999999999915,2161.0628522727575,3504.9107235543734,永茂路-镇海大道
134.95000000000002,1.7499999999999858,2161.1503522727576,3504.960723554373,永茂路-镇海大道
135.0,1.7249999999999943,2161.2366022727574,3505.0107235543733,永茂路-镇海大道
135.05,1.6999999999999886,2161.3216022727574,3505.0607235543735,永茂路-镇海大道
135.1,1.6749999999999972,2161.405352272757,3505.110723554373,永茂路-镇海大道
135.15,1.6499999999999915,2161.487852272757,3505.1607235543734,永茂路-镇海大道
135.20000000000002,1.6249999999999858,2161.5691022727574,3505.210723554373,永茂路-镇海大道
135.25,1.5999999999999943,2161.6491022727573,3505.2607235543733,永茂路-镇海大道
135.3,1.5749999999999886,2161.7278522727574,3505.3107235543735,永茂路-镇海大道
135.35,1.5499999999999972,2161.8053522727573,3505.360723554373,永茂路-镇海大道
135.4,1.5249999999999915,2161.8816022727574,3505.4107235543734,永茂路-镇海大道
135.45000000000002,1.4999999999999858,2161.956602272757,3505.460723554373,永茂路-镇海大道
135.5,1.4749999999999943,2162.030352272757,3505.5107235543733,永茂路-镇海大道
135.55,1.4499999999999886,2162.1028522727574,3505.5607235543735,永茂路-镇海大道
135.6,1.4249999999999972,2162.1741022727574,3505.610723554373,永茂路-镇海大道
135.65,1.3999999999999915,2162.2441022727576,3505.6607235543734,永茂路-镇海大道
135.70000000000002,1.3749999999999858,2162.3128522727575,3505.710723554373,永茂路-镇海大道
135.75,1.3499999999999943,2162.3803522727576,3505.7607235543733,永茂路-镇海大道
135.8,1.3249999999999886,2162.4466022727574,3505.8107235543735,永茂路-镇海大道
135.85,1.2999999999999972,2162.5116022727575,3505.860723554373,永茂路-镇海大道
135.9,1.2749999999999915,2162.5753522727573,3505.9107235543734,永茂路-镇海大道
135.95000000000002,1.2499999999999858,2162.6378522727573,3505.960723554373,永茂路-镇海大道
136.0,1.2249999999999943,2162.6991022727575,3506.0107235543733,永茂路-镇海大道
136.05,1.1999999999999886,2162.7591022727574,3506.0607235543735,永茂路-镇海大道
136.1,1.1749999999999972,2162.8178522727576,3506.110723554373,永茂路-镇海大道
136.15,1.1499999999999915,2162.8753522727575,3506.1607235543734,永茂路-镇海大道
136.20000000000002,1.1249999999999858,2162.9316022727576,3506.210723554373,永茂路-镇海大道
136.25,1.0999999999999943,2162.9866022727574,3506.2607235543733,永茂路-镇海大道
136.3,1.0749999999999886,2163.0403522727574,3506.3107235543735,永茂路-镇海大道
136.35,1.0499999999999972,2163.092852272757,3506.360723554373,永茂路-镇海大道
136.4,1.0249999999999915,2163.144102272757,3506.4107235543734,永茂路-镇海大道
136.45000000000002,0.9999999999999858,2163.1941022727574,3506.460723554373,永茂路-镇海大道
136.5,0.9749999999999943,2163.2428522727573,3506.5107235543733,永茂路-镇海大道
136.55,0.9499999999999886,2163.2903522727574,3506.5607235543735,永茂路-镇海大道
136.6,0.9249999999999972,2163.3366022727573,3506.610723554373,永茂路-镇海大道
136.65,0.8999999999999915,2163.3816022727574,3506.6607235543734,永茂路-镇海大道
136.70000000000002,0.8749999999999858,2163.425352272757,3506.710723554373,永茂路-镇海大道
136.75,0.8499999999999943,2163.467852272757,3506.7607235543733,永茂路-镇海大道
136.8,0.8249999999999886,2163.5091022727574,3506.8107235543735,永茂路-镇海大道
136.85,0.7999999999999972,2163.5491022727574,3506.860723554373,永茂路-镇海大道
136.9,0.7749999999999915,2163.5878522727576,3506.9107235543734,永茂路-镇海大道
136.95000000000002,0.7499999999999858,2163.6253522727575,3506.960723554373,永茂路-镇海大道
137.0,0.7249999999999943,2163.6616022727576,3507.0107235543733,永茂路-镇海大道
137.05,0.6999999999999886,2163.6966022727574,3507.0607235543735,永茂路-镇海大道
137.1,0.6749999999999972,2163.7303522727575,3507.110723554373,永茂路-镇海大道
137.15,0.6499999999999915,2163.7628522727573,3507.1607235543734,永茂路-镇海大道
137.20000000000002,0.6249999999999858,2163.7941022727573,3507.210723554373,永茂路-镇海大道
137.25,0.5999999999999943,2163.8241022727575,3507.2607235543733,永茂路-镇海大道
137.3,0.5749999999999886,2163.8528522727574,3507.3107235543735,永茂路-镇海大道
137.35,0.5499999999999972,2163.8803522727576,3507.360723554373,永茂路-镇海大道
137.4,0.5249999999999915,2163.9066022727575,3507.4107235543734,永茂路-镇海大道
137.45000000000002,0.4999999999999858,2163.9316022727576,3507.460723554373,永茂路-镇海大道
137.5,0.4749999999999943,2163.9553522727574,3507.5107235543733,永茂路-镇海大道
137.55,0.44999999999998863,2163.9778522727574,3507.5607235543735,永茂路-镇海大道
137.6,0.42499999999999716,2163.999102272757,3507.610723554373,永茂路-镇海大道
137.65,0.3999999999999915,2164.019102272757,3507.6607235543734,永茂路-镇海大道
137.70000000000002,0.3749999999999858,2164.0378522727574,3507.710723554373,永茂路-镇海大道
137.75,0.3499999999999943,2164.0553522727573,3507.7607235543733,永茂路-镇海大道
137.8,0.32499999999998863,2164.0716022727574,3507.8107235543735,永茂路-镇海大道
137.85,0.29999999999999716,2164.0866022727573,3507.860723554373,永茂路-镇海大道
137.9,0.2749999999999915,2164.1003522727574,3507.9107235543734,永茂路-镇海大道
137.95000000000002,0.2499999999999858,2164.112852272757,3507.960723554373,永茂路-镇海大道
138.0,0.22499999999999432,2164.124102272757,3508.0107235543733,永茂路-镇海大道
138.05,0.19999999999998863,2164.1341022727574,3508.0607235543735,永茂路-镇海大道
138.1,0.17499999999999716,2164.1428522727574,3508.110723554373,永茂路-镇海大道
138.15,0.14999999999999147,2164.1503522727576,3508.1607235543734,永茂路-镇海大道
138.20000000000002,0.12499999999998579,2164.1566022727575,3508.210723554373,永茂路-镇海大道
138.25,0.09999999999999432,2164.1616022727576,3508.2607235543733,永茂路-镇海大道
138.3,0.07499999999998863,2164.1653522727574,3508.3107235543735,永茂路-镇海大道
138.35,0.04999999999999716,2164.1678522727575,3508.360723554373,永茂路-镇海大道
138.4,0.024999999999991473,2164.1691022727573,3508.4107235543734,永茂路-镇海大道
138.45000000000002,0.0,2164.1691022727573,3508.460723554373,永茂路-镇海大道
