time_s,dist_m,velocity_mps,velocity_kmh
0.0,0.0,0.0,0.0
0.05,0.0024570692040743786,0.09828276816297514,0.3538179653867105
0.1,0.008157956215952354,0.1297527123121439,0.467109764323718
0.15000000000000002,0.015405515238519754,0.16014964859055203,0.5765387349259873
0.2,0.0241473522291514,0.18952383103471376,0.6822857917249696
0.25,0.03432998269096342,0.21778138743776715,0.7840129947759618
0.30000000000000004,0.04590257756590571,0.24512240755992454,0.8824406672157283
0.35000000000000003,0.05882077988498319,0.27160568520317463,0.9777804667314287
0.4,0.07304295887516335,0.2972814744040316,1.0702133078545137
0.45,0.08852739242019178,0.3220958673971054,1.1595451226295794
0.5,0.10523489576756764,0.34620426649792907,1.2463353593925446
0.55,0.12313175714280834,0.3696701885116987,1.3308126786421153
0.6000000000000001,0.14218710904247403,0.39254388747492863,1.413157994909743
0.65,0.1623708963118831,0.4148076033014335,1.4933073718851606
0.7000000000000001,0.18365557850408396,0.4365796843866011,1.571686863791764
0.75,0.20601818445816317,0.4579245537765678,1.6485283935956443
0.8,0.22943860994027357,0.47889246550784814,1.7240128758282534
0.8500000000000001,0.25389837133824966,0.49949799041119497,1.7981927654803018
0.9,0.2793815725106891,0.5198300564863839,1.871388203350982
0.9500000000000001,0.30587607832930436,0.5399501762582255,1.9438206345296118
1.0,0.3333725478298406,0.5599086037632239,2.015670973547606
1.05,0.3618182831079515,0.5779208073612122,2.080514906500364
1.1,0.39121134393297513,0.597801625639733,2.152085852303039
1.1500000000000001,0.42159471664391807,0.6175332827979835,2.2231198180727407
1.2000000000000002,0.4529860215514471,0.6381189135031783,2.297228088611442
1.25,0.4854193059544419,0.6592124626166114,2.373164865419801
1.3,0.5189030734184109,0.6801382359421492,2.448497649391737
1.35,0.5534266187696852,0.7008035781088227,2.5228928811917615
1.4000000000000001,0.5890149199661817,0.7227284697510381,2.601822491103737
1.4500000000000002,0.6257132626569448,0.7452052378794877,2.682738856366156
1.5,0.6635261531807337,0.7673103830720668,2.7623173790594406
1.55,0.7024610887671828,0.7900870403858962,2.844313345389226
1.6,0.7425463046471397,0.8133215948123794,2.927957741324566
1.6500000000000001,0.7837810885710974,0.8360697621459281,3.0098511437253412
1.7000000000000002,0.8261780577662612,0.859809005660625,3.0953124203782503
1.75,0.8697902755746958,0.8846797066767604,3.184846944036338
1.8,0.914650858161253,0.9097435967855293,3.2750769484279054
1.85,0.9607587717818571,0.9345729480386331,3.364462612939079
1.9000000000000001,1.0081313297675103,0.9603293713874943,3.4571857369949797
1.9500000000000002,1.0568117124496235,0.9868859358970331,3.5527893692293193
2.0,1.1068118763312238,1.0131206193669842,3.647234229721143
2.0500000000000003,1.158130122573971,1.0396092303429054,3.7425932292344597
2.1,1.2108000406881376,1.0671874942237605,3.8418749792055378
2.15,1.264856504049587,1.095071040234216,3.942255744843178
2.2,1.3202995028288171,1.1226489109349964,4.041536079365987
2.25,1.3771302631492002,1.1505815018803216,4.142093406769158
2.3000000000000003,1.435385752644691,1.1796380779393107,4.2466970805815185
2.35,1.4950852886646087,1.208343362857402,4.350036106286647
2.4000000000000004,1.556217857671744,1.2369593974280142,4.453053830740851
2.45,1.6188078915094608,1.2666419560806539,4.559911041890354
2.5,1.682885262671807,1.2964528904131933,4.667230405487496
2.5500000000000003,1.7484445313975578,1.325917858616845,4.773304291020642
2.6,1.8154682826588877,1.3550321918363535,4.878115890610872
2.6500000000000004,1.8839690660278006,1.3849991429201607,4.985996914512579
2.7,1.9539610674095227,1.4146809123487247,5.092851284455409
2.75,2.0254178377809557,1.4435899025085974,5.196923649030951
2.8000000000000003,2.0983312807313035,1.4729478155053066,5.302612135819104
2.85,2.172713245494743,1.5023307750322856,5.408390790116228
2.9000000000000004,2.2485400808803773,1.5307426403930784,5.510673505415082
2.95,2.3257964452416777,1.5595119340589465,5.614242962612208
3.0,2.4044973847964117,1.588525648130415,5.7186923332694946
3.0500000000000003,2.4846506615970703,1.617605423895929,5.823379526025344
3.1,2.566232534188067,1.6456694797439375,5.9244101270781755
3.1500000000000004,2.649232441185865,1.6743268001679898,6.027576480604764
3.2,2.7336778455660014,1.703489375037459,6.132561750134852
3.25,2.8195578947326356,1.7317125916279186,6.234165329860507
3.3000000000000003,2.9068544457648935,1.760149449662403,6.336538018784651
3.35,2.9955888512013,1.7892267677938425,6.4412163640578335
3.4000000000000004,3.085774231212051,1.8181884326362039,6.545478357490334
3.45,3.17738818686896,1.8463697936401584,6.64693125710457
3.5,3.270414739315751,1.8746923042314907,6.748892295233366
3.5500000000000003,3.3648757720149742,1.9037490037374472,6.85349641345481
3.6,3.460772270804605,1.9321109478477803,6.955599412252009
3.6500000000000004,3.558081003911601,1.960238376432052,7.056858155155387
3.7,3.6568194783542163,1.9893006012725596,7.161482164581215
3.75,3.756998888818941,2.017875817316433,7.264352942339158
3.8000000000000003,3.858589981346612,2.045767883790406,7.364764381645461
3.85,3.9615964703674362,2.074491677042575,7.4681700373532705
3.9000000000000004,4.066035971960386,2.1030883866754175,7.571118192031503
3.95,4.171892713317178,2.1311812675962627,7.672252563346546
4.0,4.279145188418874,2.1589177364715475,7.7721038512975715
4.05,4.38780413093039,2.187439963989082,7.8747838703606945
4.1000000000000005,4.497885519171137,2.2158155656408054,7.9769360363069
4.15,4.609370628519448,2.243588808291613,8.076919709849808
4.2,4.7222618965795835,2.2720619141137983,8.179422890809674
4.25,4.836564926307365,2.300059274997457,8.280213389990845
4.3,4.952259149383506,2.3277096480481796,8.379754732973447
4.3500000000000005,5.069333441484552,2.35526203599367,8.478943329577213
4.4,5.187797351586212,2.3832943680727294,8.579859725061826
4.45,5.307670665324543,2.4116381814604906,8.681897453257767
4.5,5.428927735087088,2.4386446090413254,8.779120592548772
4.55,5.551550823043954,2.4662789092332864,8.878604073239831
4.6000000000000005,5.675572171626541,2.4945750340702246,8.98047012265281
4.65,5.801011552679552,2.5230002080502048,9.082800748980738
4.7,5.927856547232403,2.5507995740638174,9.182878466629743
4.75,6.056106352379814,2.5791926318326253,9.285093474597451
4.800000000000001,6.185796166781367,2.608399944229504,9.390239799226213
4.8500000000000005,6.316944966353356,2.6375520386500484,9.495187339140175
4.9,6.449537358037534,2.666143628717078,9.59811706338148
4.95,6.583577185123066,2.6954494547042214,9.703618036935197
5.0,6.719069272023466,2.724234021311774,9.807242476722386
5.050000000000001,6.855996536650759,2.752856563779918,9.910283629607704
5.1000000000000005,6.994376801136083,2.782354015633056,10.016474456279001
5.15,7.134236024664959,2.812014925522008,10.12325373187923
5.2,7.2755671201285566,2.8412288930218925,10.228424014878813
5.25,7.418348906040045,2.8700425434376378,10.332153156375496
5.300000000000001,7.562595785271344,2.8998326258143154,10.439397452931535
5.3500000000000005,7.708330482883444,2.9295552786696772,10.546399003210839
5.4,7.855535894090647,2.958661169618441,10.651180210626388
5.45,8.004201705636333,2.987971292209034,10.756696651952522
5.5,8.154337039301392,3.017442054393339,10.862791395816021
5.550000000000001,8.305940185972172,3.0466838124378564,10.968061724776284
5.6000000000000005,8.458993109886004,3.075433144115373,11.071559318815343
5.65,8.61350263577565,3.1049478914704327,11.177812409293558
5.7,8.76948981164982,3.1345391434963985,11.284340916587034
5.75,8.926932419849805,3.1631651845030566,11.387394664211005
5.800000000000001,9.08581348100776,3.192077261815088,11.491478142534318
5.8500000000000005,9.246155107338373,3.2215877914093993,11.597716049073838
5.9,9.407961925908312,3.2506849513881977,11.702465824997512
5.95,9.571208689710678,3.2791856007064433,11.805068162543195
6.0,9.735892169974914,3.3081536098629742,11.909352995506708
6.050000000000001,9.902019192107428,3.336927275437612,12.012938191575403
6.1000000000000005,10.069566000285453,3.3649450516834074,12.113802186060267
6.15,10.238534374995751,3.3937899367284823,12.217643772222537
6.2,10.408929994937743,3.4220348609511877,12.319325499424275
6.25,10.58069878842454,3.4487168785206532,12.415380762674351
6.300000000000001,10.753816676856939,3.4759986587753344,12.513595171591204
6.3500000000000005,10.928321048434047,3.5041762043089904,12.615034335512366
6.4,11.104231075767565,3.5322248890317187,12.716009600514187
6.45,11.281523361949505,3.55946655824585,12.814079609685061
6.5,11.460167823784701,3.586311915161982,12.910722894583136
6.550000000000001,11.640185998855058,3.6144150876523247,13.01189431554837
6.6000000000000005,11.821596324936948,3.6419979556232454,13.111192640243683
6.65,12.004399139977922,3.6701146460156906,13.212412725656487
6.7,12.188625585842649,3.698943188573387,13.316195478864193
6.75,12.374271239267363,3.7268829484152093,13.416778614294754
6.800000000000001,12.561305268208383,3.754478209225575,13.51612155321207
6.8500000000000005,12.749709277811023,3.7816821748800518,13.614055829568187
6.9,12.939480717376448,3.80917540773692,13.713031467852913
6.95,13.13064790616345,3.837512143743166,13.815043717475398
7.0,13.323198374792188,3.8645066014063656,13.912223765062917
7.050000000000001,13.517116799387717,3.8922303824147977,14.012029376693272
7.1000000000000005,13.71242240281921,3.9199937548449033,14.111977517441652
7.15,13.909104848099037,3.947304056348225,14.21029460285361
7.2,14.107177076669057,3.9755850864525493,14.312106311229178
7.25,14.306654239388482,4.003501422324434,14.412605120367964
7.300000000000001,14.507520178020439,4.03113612295382,14.512090042633751
7.3500000000000005,14.709745927251156,4.057893846274869,14.608417846589528
7.4,14.913314310985458,4.084841503097239,14.705429411150062
7.45,15.118253810528241,4.112738478614122,14.805858523010839
7.5,15.324565175529898,4.1397161214521425,14.902978037227713
7.550000000000001,15.532231916345435,4.166953511169285,15.001032640209427
7.6000000000000005,15.741277624212175,4.194874803500354,15.101549292601273
7.65,15.951723455127528,4.222958433113724,15.202650359209406
7.7,16.163572835853813,4.251016795937695,15.303660465375703
7.75,16.376809595979164,4.278453609076388,15.402432992674997
7.800000000000001,16.591440239993375,4.306772151492079,15.504379745371484
7.8500000000000005,16.80747916820683,4.334784977046085,15.605225917365907
7.9,17.02491055696107,4.362470573123567,15.704894063244843
7.95,17.243739528665717,4.390688295062304,15.806477862224297
8.0,17.463989514410184,4.419311134716294,15.909520084978658
8.05,17.685644292113572,4.44687997341924,16.008767904309266
8.1,17.90868235587827,4.474642577168709,16.10871327780735
8.15,18.133124542214315,4.503044876273051,16.210961554582983
8.200000000000001,18.358967359747282,4.53066782504562,16.31040417016423
8.25,18.586192591070382,4.558341427878404,16.410029140362255
8.3,18.81481962752944,4.586740030484034,16.51226410974252
8.35,19.04486549179749,4.61509454023801,16.614340344856835
8.4,19.276310996760074,4.642725658265324,16.713812369755164
8.450000000000001,19.509143942477014,4.670592170412243,16.814131813484074
8.5,19.74339799298215,4.699569849793225,16.91845145925561
8.55,19.979080619047764,4.727735192831411,17.01984669419308
8.6,20.21616078856022,4.755471587666881,17.119697715600772
8.65,20.45464611870561,4.783941618148727,17.22218982533542
8.700000000000001,20.69454548336539,4.812032968242374,17.323318685672547
8.75,20.935836078631617,4.839590842406756,17.422527032664323
8.8,21.17851066683942,4.867392685905316,17.52261366925914
8.85,21.422588791974142,4.895732319483663,17.624636350141188
8.9,21.66807878522979,4.923867410742138,17.725922678671697
8.950000000000001,21.91496319566059,4.95150900648998,17.825432423363928
9.0,22.16324857928383,4.979906338439597,17.92766281838255
9.05,22.412958666228253,5.0084971393373365,18.030589701614414
9.1,22.664070304298345,5.035968383466369,18.12948618047893
9.15,22.916557818976894,5.0635322036755435,18.228715933231957
9.200000000000001,23.170432863025546,5.091469558270461,18.32929040977366
9.25,23.4256854832858,5.118635252139735,18.427086907703046
9.3,23.68229508710427,5.14574890059906,18.524696042156616
9.35,23.940279886394944,5.173643071027969,18.625115055700686
9.4,24.199662559703302,5.201663861306435,18.725989900703166
9.450000000000001,24.460428307235734,5.228966039990762,18.824277743966743
9.5,24.722527536731146,5.255003139825695,18.918011303372502
9.55,24.985961957833165,5.282373704255098,19.01654533531835
9.600000000000001,25.250762936948256,5.30966546034849,19.114795657254565
9.65,25.51692249707301,5.336716944641728,19.212181000710224
9.700000000000001,25.78445752397623,5.364684131487009,19.312862873353232
9.75,26.053396864068148,5.392889472189688,19.414402099882874
9.8,26.323744650045946,5.421021966922261,19.51567908092014
9.850000000000001,26.595492179969504,5.448879230020106,19.615965228072383
9.9,26.868656333978407,5.477686930335964,19.71967294920947
9.950000000000001,27.14327871835557,5.507208444750606,19.82595040110218
10.0,27.419362103322715,5.536126953935113,19.930057034166406
10.05,27.696893276295224,5.565119964965183,20.03443187387466
10.100000000000001,27.975889049269526,5.594710954006847,20.140959434424648
10.15,28.25635651020474,5.623987483401618,20.246354940245826
10.200000000000001,28.538282432571556,5.6530494112710095,20.350977880575634
10.25,28.82167171845337,5.682522024001567,20.45707928640564
10.3,29.106519934176237,5.711406604913159,20.561063777687373
10.350000000000001,29.392794339203576,5.739569596180382,20.662450546249374
10.4,29.68048397285511,5.768015749881064,20.76485669957183
10.450000000000001,29.969614632539717,5.797210637503196,20.869958295011504
10.5,30.260194322658318,5.825976967240859,20.973517082067094
10.55,30.552178744389654,5.853399902012611,21.0722396472454
10.600000000000001,30.845569992571967,5.882250025279949,21.176100091007815
10.65,31.140401283147636,5.911001597746744,21.27960575188828
10.700000000000001,31.436658582993388,5.939290396083301,21.381445425899884
10.75,31.734338610396673,5.967910700048072,21.48447852017306
10.8,32.033436551667336,5.996006950778525,21.585625022802688
10.850000000000001,32.3339256939736,6.0235587414720495,21.68481146929938
10.9,32.635786863615785,6.050888044215321,21.783196959175154
10.950000000000001,32.93903557384729,6.079060365044979,21.884617314161925
11.0,33.24368779257326,6.107028383993927,21.98530218237814
11.05,33.54970294773845,6.133577822613585,22.080880161408906
11.100000000000001,33.85704200112005,6.159984312650403,22.175943525541452
11.15,34.16572400707643,6.187295925604787,22.274265332177233
11.200000000000001,34.47576689085457,6.214419425521059,22.371909931875813
11.25,34.787165656600784,6.241531204327405,22.46951233557866
11.3,35.09992449783488,6.268822445036396,22.567760802131026
11.350000000000001,35.41402964895672,6.29538359983728,22.66338095941421
11.4,35.729438389712094,6.320966030377593,22.755477709359337
11.450000000000001,36.046136070096516,6.346941184999197,22.848988265997107
11.5,36.36415387149583,6.373770870973231,22.94557513550363
11.55,36.68353736060484,6.401568693386962,23.045647296193064
11.600000000000001,37.004280299491015,6.4281488620599765,23.141335903415914
11.65,37.32637319972766,6.455567147405842,23.24004173066103
11.700000000000001,37.649848837235005,6.4834583528878005,23.34045007039608
11.75,37.974707851071116,6.510902200556584,23.439247922003705
11.8,38.30094845464684,6.538721942472489,23.53939899290096
11.850000000000001,38.62859263941168,6.567045448120805,23.641363613234898
11.9,38.95764472669207,6.5950380430947035,23.742136955140932
11.950000000000001,39.288085220879665,6.622581724409188,23.841294207873077
12.0,39.6198994894555,6.649989018624206,23.939960467047143
12.05,39.95309630316938,6.677883529931183,24.04038070775226
12.100000000000001,40.287671527515855,6.705125443927753,24.138451598139913
12.15,40.623603071508754,6.7321363157881695,24.235690736837412
12.200000000000001,40.96090892490833,6.760097820194939,24.336352152701778
12.25,41.29959950595513,6.787525421677094,24.435091518037538
12.3,41.63964583074827,6.814327570048498,24.53157925217459
12.350000000000001,41.98103828055416,6.841370422186956,24.62893351987304
12.4,42.3238028213061,6.869211207890775,24.72916034840679
12.450000000000001,42.66795687329204,6.896950871546872,24.82902313756874
12.5,43.01348681620616,6.924246845017837,24.927288642064216
12.55,43.36039359103827,6.952024148266561,25.02728693375962
12.600000000000001,43.708708775189024,6.980583217763773,25.130099583949583
12.65,44.05842260795129,7.007970092726917,25.228692333816902
12.700000000000001,44.40952260611,7.03602983362138,25.32970740103697
12.75,44.762027090929415,7.064149559155142,25.43093841295851
12.8,45.11591724761516,7.0914567082745465,25.52924414978837
12.850000000000001,45.471170139053456,7.118658949257471,25.627172217326894
12.9,45.82780071367046,7.146564035422765,25.727630527521953
12.950000000000001,46.185831869173434,7.174682184696087,25.82885586490591
13.0,46.54524877261222,7.201993952855343,25.927178230279235
13.05,46.90603293866248,7.22937268915511,26.025741680958397
13.100000000000001,47.26821109247701,7.257753463426093,26.127912468333935
13.15,47.63180223031907,7.285892050256318,26.229211380922745
13.200000000000001,47.99678490954958,7.313415118964225,26.32829442827121
13.25,48.36316331437861,7.341721074196851,26.430195867108665
13.3,48.73094599943987,7.369586328253552,26.53051078171279
13.350000000000001,49.10009981163313,7.396566159476896,26.627638174116825
13.4,49.470611430675575,7.423898602220983,26.72603496799554
13.450000000000001,49.842505835712345,7.45187759924985,26.826759357299462
13.5,50.21578966750502,7.479475672457122,26.92611242084564
13.55,50.59044504731815,7.50673952006795,27.02426227224462
13.600000000000001,50.966475574058194,7.534481549533975,27.12413357832231
13.65,51.34390737627166,7.562790539004601,27.22604594041656
13.700000000000001,51.722727561744875,7.590016879924108,27.324060767726788
13.75,52.10291413178867,7.617445921827689,27.42280531857968
13.8,52.48447665675177,7.645055076696064,27.52219827610583
13.850000000000001,52.867396740367546,7.671748267935242,27.61829376456687
13.9,53.25165235960013,7.698476501367986,27.71451540492475
13.950000000000001,53.63725958739119,7.72581261027446,27.812925396988057
14.0,54.02423636959302,7.7532586777986205,27.911731240075035
14.05,54.412571035007616,7.7801279387851805,28.00846057962665
14.100000000000001,54.80223924679988,7.806600532905427,28.103761918459536
14.15,55.193250405607614,7.833845819404102,28.201844949854767
14.200000000000001,55.58561038298856,7.860553275833723,28.297991793001405
14.25,55.979288534068324,7.886572767356764,28.391661962484353
14.3,56.37428247211718,7.913184754597593,28.487465116551334
14.350000000000001,56.77061580620076,7.940148608745428,28.58453499148354
14.4,57.16831158665484,7.96768260941772,28.683657393903793
14.450000000000001,57.56735306343759,7.993976461892206,28.778315262811944
14.5,57.9677262879179,8.020952517320266,28.875429062352957
14.55,58.36945790618251,8.048312213264316,28.97392396775154
14.600000000000001,58.77253240878083,8.074667890668541,29.06880440640675
14.65,59.17691819105896,8.100763400456563,29.162748241643627
14.700000000000001,59.582636807154344,8.127981243358724,29.260732476091405
14.75,59.98970445377415,8.15472462143359,29.357008637160927
14.8,60.39811883695461,8.181850705784598,29.454662540824554
14.850000000000001,60.8079067243085,8.209664788371233,29.55479323813644
14.9,61.219077760537225,8.23717666077758,29.65383597879929
14.950000000000001,61.63161545594942,8.264331155710233,29.75159216055684
15.0,62.045534347281915,8.292424497589606,29.85272819132258
15.05,62.460869130997054,8.320966851015859,29.95548066365709
15.100000000000001,62.87761521220577,8.34887639733284,30.055955030398223
15.15,63.295733876564306,8.375870177008803,30.153132637231693
15.200000000000001,63.715224555350034,8.40375697442028,30.253525107913006
15.25,64.13611615635884,8.431907065932167,30.3548654373558
15.3,64.55840861613734,8.459791325208025,30.45524877074889
15.350000000000001,64.98210833113704,8.488197274779715,30.557510189206976
15.4,65.40723498976837,8.516869070473524,30.660728653704687
15.450000000000001,65.83378813382728,8.545256691882802,30.76292409077809
15.5,66.26176982044859,8.574010772969475,30.86643878269011
15.55,66.69120776209566,8.603506892913277,30.972624814487798
15.600000000000001,67.12210881509473,8.63253522705002,31.077126817380073
15.65,67.55443148495971,8.660371567548852,31.177337643175868
15.700000000000001,67.9881473385303,8.688262575274514,31.27774527098825
15.75,68.4232748264257,8.71683694054121,31.380612985948357
15.8,68.85981511840461,8.744774738615401,31.481189059015446
15.850000000000001,69.2977490221815,8.772581412460413,31.58129308485749
15.9,69.73708432386196,8.800830654758066,31.68299035712904
15.950000000000001,70.17781279824374,8.828308320512598,31.781909953845354
16.0,70.61990293269,8.855297057337607,31.879069406415386
16.05,71.06336584621062,8.883219483487252,31.97959014055411
16.1,71.50822002020676,8.910947476358698,32.07941091489131
16.150000000000002,71.95443976284797,8.93784222928968,32.17623202544285
16.2,72.40197278111116,8.963478501237827,32.26852260445618
16.25,72.8508073922273,8.989905943407512,32.36366139626705
16.3,73.30098026521954,9.017008976282177,32.46123231461584
16.35,73.75250222149732,9.043869274829483,32.55792938938614
16.400000000000002,74.20536792051017,9.070758685684629,32.654731268464666
16.45,74.6595668391366,9.097198059372602,32.74991301374137
16.5,75.11508869037651,9.123675990223454,32.84523356480444
16.55,75.57192866493153,9.149922991977755,32.93972277111992
16.6,76.03006554328356,9.175552142103374,33.03198771157215
16.650000000000002,76.48951053377806,9.202247477676996,33.12809091963719
16.7,76.9502898589148,9.228925527792878,33.22413190005436
16.75,77.41240151303565,9.25554063704076,33.31994629334674
16.8,77.87586736049457,9.283093261316196,33.419135740738305
16.85,78.3406875133487,9.309712852848902,33.514966270256046
16.900000000000002,78.80681247009437,9.33528541697806,33.60702750112102
16.95,79.27424281939369,9.361928554994527,33.7029427979803
17.0,79.74300514565468,9.388564495445078,33.79883218360228
17.05,80.21306090819199,9.413666006047592,33.88919762177133
17.1,80.684365147498,9.43850356619279,33.97861283829404
17.150000000000002,81.15692302143425,9.463811391257572,34.06972100852726
17.2,81.6307678185537,9.489980493520237,34.16392977667285
17.25,82.10590557391033,9.515529720745343,34.25590699468324
17.3,82.58234662749122,9.54211242248986,34.35160472096349
17.35,83.06014084775893,9.56965638821861,34.45076299758699
17.400000000000002,83.53929612590716,9.596554737710651,34.547597055758345
17.45,84.01978052877274,9.622821376912476,34.64215695688492
17.5,84.50159678043931,9.649828689750166,34.7393832831006
17.55,84.98473770714153,9.67580837833871,34.83291016201935
17.6,85.46915831933208,9.701016109283183,34.92365799341946
17.650000000000002,85.95483516440865,9.726057693779717,35.013807697606985
17.7,86.44178828019548,9.752066937693671,35.107440975697216
17.75,86.93003913322602,9.77796718352748,35.20068186069893
17.8,87.41958738614925,9.803962933401445,35.294266560245205
17.85,87.91045523034343,9.830750834365853,35.39070300371707
17.900000000000002,88.40265967273155,9.857426861158903,35.48673670017205
17.95,88.89617018803112,9.882993750824205,35.57877750296714
18.0,89.39097626340995,9.909249264329183,35.67329735158506
18.05,89.88709416355921,9.935466741641054,35.7676802699078
18.1,90.3844929188359,9.960483469426844,35.85774048993664
18.150000000000002,90.88314411610486,9.985564421331272,35.94803191679258
18.2,91.38306744231953,10.011368627255408,36.04092705811947
18.25,91.88430776175073,10.038244149992584,36.137678939973306
18.3,92.38688934649758,10.065019239881323,36.23406926357276
18.35,92.89082093912134,10.092244465068797,36.33208007424767
18.400000000000002,93.39612031587117,10.11973060492477,36.43103017772918
18.45,93.9027680855768,10.146180183299935,36.52624865987976
18.5,94.41073185782426,10.172370706598725,36.62053454375541
18.55,94.92002123775018,10.199204490437728,36.71713616557582
18.6,95.43064348610743,10.225685443852166,36.8124675978678
18.650000000000002,95.94261037319515,10.252990039656632,36.910764142763874
18.7,96.4559231518002,10.279521104545438,37.006275976363575
18.75,96.97058214995457,10.306838821629215,37.10461975786517
18.8,97.48660152728735,10.33393627168192,37.20217057805491
18.85,98.00394852699606,10.359943716666464,37.29579737999927
18.900000000000002,98.5226193519782,10.386889282618952,37.39280141742823
18.95,99.04264180033339,10.414008651588741,37.49043114571947
19.0,99.56399216179862,10.440005807020619,37.58402090527423
19.05,100.08665637556719,10.4665627437221,37.679625877399566
19.1,100.61067088340869,10.494017569938144,37.77846325177732
19.150000000000002,101.13606412671926,10.521712162484885,37.878163784945585
19.200000000000003,101.6628355981604,10.5491466951605,37.9769281025778
19.25,102.1909771445248,10.576515159415464,38.075454573895676
19.3,102.72051725205888,10.605089141948323,38.17832091101396
19.35,103.25146768132379,10.632928028647783,38.27854090313202
19.400000000000002,103.78379306507406,10.660087321363198,38.376314356907514
19.450000000000003,104.31747902670095,10.687351143712204,38.47446411736394
19.5,104.85252544168033,10.714505455463021,38.572219639666876
19.55,105.38892148263166,10.74133618259035,38.66881025732526
19.6,105.92667145913933,10.768662877716524,38.76718635977949
19.650000000000002,106.46580552135073,10.796699610739497,38.868118598662186
19.700000000000003,107.00635592750655,10.82531663549318,38.97113988777545
19.75,107.54832131251827,10.853298764975454,39.07187555391164
19.8,108.09169350209831,10.881588818225925,39.17371974561333
19.85,108.6364638740992,10.90922606181005,39.27321382251618
19.900000000000002,109.18260724271946,10.936508682999651,39.371431258798744
19.950000000000003,109.73011265299303,10.963707727943325,39.46934782059597
20.0,110.27900593361969,10.992023497122727,39.57128458964182
20.05,110.82932084875642,11.020573108347044,39.67406319004936
20.1,111.38106909757686,11.04935684447045,39.777684640093625
20.150000000000002,111.9342860260302,11.079320293662935,39.88555305718657
20.200000000000003,112.48902306604828,11.110161307060602,39.99658070541817
20.25,113.04529348432185,11.140655423882182,40.106359525975854
20.3,113.60310613044636,11.17185042109828,40.21866151595381
20.35,114.16249906905536,11.203867123261597,40.33392164374175
20.400000000000002,114.7234891750496,11.235737116507556,40.448653619427205
20.450000000000003,115.28606695623988,11.267374131103598,40.562546871972955
20.5,115.85024043365073,11.299564965330251,40.67843387518891
20.55,116.41604366473406,11.332564278003344,40.79723140081204
20.6,116.98349958098616,11.365672372080455,40.91642053948964
20.650000000000002,117.55262255175114,11.399246458518729,41.037287250667426
20.700000000000003,118.12342605319817,11.432893599362266,41.15841695770416
20.75,118.69591521567995,11.466672899908374,41.28002243967015
20.8,119.27008257281945,11.500021385671806,41.400076988418505
20.85,119.84591410825696,11.533240031829012,41.519664114584444
20.900000000000002,120.423404692306,11.566383330132451,41.63897998847683
20.950000000000003,121.00252921091429,11.598597414199586,41.75495069111851
21.0,121.58324057266962,11.629857056013599,41.867485401648956
21.05,122.16549374033842,11.660269650738178,41.97697074265744
21.1,122.74922736818226,11.689075463015726,42.08067166685662
21.150000000000002,123.33435657837103,11.716092944535077,42.17793460032628
21.200000000000003,123.92079982857148,11.741637063482512,42.269893428537046
21.25,124.50847950454721,11.765549975546705,42.35597991196814
21.3,125.0973031036145,11.787393987144544,42.43461835372036
21.35,125.68716355720832,11.807024156608703,42.505286963791335
21.400000000000002,126.27796981793638,11.825226272513486,42.57081458104855
21.450000000000003,126.86963929316846,11.841552736769925,42.62958985237173
21.5,127.46206811918017,11.855600303698514,42.68016109331465
21.55,128.05515719212167,11.867962613961396,42.724665410261025
21.6,128.64882543487434,11.878767096145964,42.76356154612547
21.650000000000002,129.24298897639616,11.887774564726564,42.79598843301563
21.700000000000003,129.83755277544597,11.8947773972655,42.8211986301558
21.75,130.432432870375,11.900426399896299,42.84153503962668
21.8,131.0275601822044,11.90466607327984,42.85679786380742
21.85,131.6228681986854,11.907654585960438,42.86755650945758
21.900000000000002,132.21832338576212,11.91055289710818,42.87799042958945
21.950000000000003,132.81391827226315,11.913242562932842,42.887673226558235
22.0,133.4096396061299,11.91561079173722,42.896198850253995
22.05,134.00545618430166,11.917052335133478,42.90138840648052
22.1,134.60134428693604,11.91847177024169,42.90649837287008
22.150000000000002,135.1973134724642,11.92029565088497,42.913064343185894
22.200000000000003,135.79336293898194,11.921683009824736,42.91805883536905
22.25,136.38949046126666,11.923417881564196,42.92430437363111
22.3,136.9857296437732,11.926149418696918,42.9341379073089
22.35,137.58211479635023,11.929256684383665,42.94532406378119
22.400000000000002,138.17867020631712,11.932959714291826,42.95865497145058
22.450000000000003,138.77544050453398,11.93785221438245,42.97626797177682
22.5,139.37249027957964,11.944138787443498,42.998899634796594
22.55,139.96988952764207,11.951831135053798,43.02659208619367
22.6,140.56769719551914,11.960475580029712,43.05771208810697
22.650000000000002,141.16597118067236,11.970483826098926,43.09374177395613
22.700000000000003,141.7647735080006,11.981609267030024,43.133793361308086
22.75,142.3640043932721,11.987626143830823,43.15545411779097
22.8,142.96354063166393,11.993823391842598,43.177764210633356
22.85,143.56339352217807,12.000292228723032,43.201052023402916
22.900000000000002,144.163576401271,12.007022934994346,43.22528256597965
22.950000000000003,144.76409720025208,12.013809024248653,43.24971248729515
23.0,145.36495829036892,12.020634580424973,43.274284489529904
23.05,145.9661630087569,12.027554155094254,43.299194958339314
23.1,146.5677149200246,12.034522295614194,43.3242802642111
23.150000000000002,147.1696184185922,12.04161764708995,43.349823529523825
23.200000000000003,147.77187791359705,12.048762153104187,43.37554375117507
23.25,148.37449617988452,12.055968498394247,43.40148659421929
23.3,148.97747543620426,12.063201754394925,43.42752631582173
23.35,149.5808161940533,12.070428559566997,43.45354281444119
23.400000000000002,150.18451845358945,12.077661821877966,43.479582558760676
23.450000000000003,150.78858629916175,12.085052001014175,43.50618720365103
23.5,151.3930252685571,12.092506774800043,43.53302438928016
23.55,151.9978386020173,12.100026563608337,43.56009562899001
23.6,152.60302576582174,12.107459988569218,43.586855958849185
23.650000000000002,153.20858252449864,12.114810358506594,43.61331729062374
23.700000000000003,153.8145062170254,12.122137342563935,43.63969443323017
23.75,154.42079629831736,12.129465909114181,43.66607727281105
23.8,155.02745354973035,12.136824147405143,43.692566930658515
23.85,155.63447904004565,12.144195465206598,43.71910367474376
23.900000000000002,156.24187242502887,12.15153993412295,43.745543762842615
23.950000000000003,156.84963053185808,12.15878433904587,43.77162362056513
24.0,157.45774846773423,12.165933095999723,43.797359145599
24.05,158.06622185388377,12.173002349982102,43.82280845993557
24.1,158.67504335548898,12.179857714225655,43.84748777121236
24.150000000000002,159.28420453093318,12.186589303542439,43.87172149275278
24.200000000000003,159.89369795185925,12.1931475335009,43.89533112060324
24.25,160.50351420517924,12.199502599299084,43.918209357476705
24.3,161.11364531505768,12.205741795838286,43.94067046501783
24.35,161.72408346777215,12.211784312740042,43.96242352586415
24.400000000000002,162.3348175189825,12.217577735674016,43.98327984842646
24.450000000000003,162.94583691242823,12.223198002154618,44.00351280775663
24.5,163.55712860061467,12.228469525302492,44.02249029108897
24.55,164.16868146040025,12.233644866120269,44.041121518032966
24.6,164.78049019219398,12.238704405629216,44.05933586026518
24.650000000000002,165.39254967406774,12.243674869321366,44.07722952955692
24.700000000000003,166.0048558957851,12.248573999373226,44.094866397743615
24.75,166.6174039538162,12.253348321870092,44.11205395873233
24.8,167.23018321532197,12.257822138360522,44.12815969809788
24.85,167.84318145554604,12.262107470602905,44.143586894170454
24.900000000000002,168.45638529948945,12.26604628713314,44.1577666336793
24.950000000000003,169.06978262323506,12.269846662691117,44.171447985688026
25.0,169.68336639967833,12.273504395039526,44.18461582214229
25.05,170.29713040524894,12.277055827784721,44.197400980025
25.1,170.9110691231369,12.280492887734741,44.20977439584507
25.150000000000002,171.52517458416546,12.283725553406622,44.22141199226384
25.200000000000003,172.13943436909102,12.286665843615511,44.23199703701584
25.25,172.7538368254876,12.289432412247713,44.24195668409177
25.3,173.36836930581254,12.291866800749398,44.25072048269784
25.35,173.98301978696054,12.2941524451706,44.25894880261416
25.400000000000002,174.59778133266246,12.296309382906921,44.26671377846492
25.450000000000003,175.21264419395007,12.298205068596854,44.273538246948675
25.5,175.8275965081328,12.299887498712764,44.27959499536595
25.55,176.44262452733327,12.301233269305076,44.28443976949828
25.6,177.0577133378986,12.30231915330808,44.288348951909086
25.650000000000002,177.67285339234806,12.303283024670113,44.29181888881241
25.700000000000003,178.28803765261097,12.304087385846392,44.29471458904701
25.75,178.90325786241834,12.30472100644872,44.296995623215395
25.8,179.518506635496,12.30522991665839,44.29882769997021
25.85,180.13376978200534,12.30529594371522,44.2990653973748
25.900000000000002,180.74903269385374,12.30522053021984,44.298793908791424
25.950000000000003,181.36428705823727,12.304954045121486,44.29783456243735
26.0,181.97952513389333,12.304568981120871,44.29644833203514
26.05,182.5947430229038,12.30414657929834,44.29492768547403
26.1,183.2099395248619,12.30371349902662,44.29336859649583
26.150000000000002,183.8251110254257,12.303146523525863,44.291327484693106
26.200000000000003,184.44025184346404,12.302486198007651,44.288950312827545
26.25,185.05535414161258,12.301605727934207,44.285780620563145
26.3,185.67041059692218,12.300652484449866,44.28234894401952
26.35,186.28541738164367,12.299618904409867,44.27862805587552
26.400000000000002,186.900370605304,12.298510042003244,44.27463615121168
26.450000000000003,187.51526776163408,12.29737621119921,44.27055436031716
26.5,188.13010779783207,12.296225236720232,44.26641085219284
26.55,188.74488573194324,12.294892127727199,44.261611659817916
26.6,189.3595944368188,12.29345606729496,44.25644184226186
26.650000000000002,189.9742277585457,12.2918768017806,44.25075648641016
26.700000000000003,190.58878120432283,12.290261029304663,44.24493970549679
26.75,191.20325299627362,12.288610648727197,44.23899833541791
26.8,191.8176404576624,12.286887806824069,44.23279610456665
26.85,192.43194050658826,12.28511415021002,44.226410940756075
26.900000000000002,193.04614995237583,12.283263681292556,44.2197492526532
26.950000000000003,193.66026390849783,12.28129456358703,44.21266042891331
27.0,194.2742782714044,12.279279952676317,44.205407829634744
27.05,194.88819191786152,12.277265905608358,44.19815726019009
27.1,195.50200485945763,12.27525175823591,44.19090632964928
27.150000000000002,196.11571702482922,12.27323485662776,44.183645483859934
27.200000000000003,196.7293312089351,12.271332507607463,44.17679702738687
27.25,197.34285072969098,12.269448322628252,44.170013961461706
27.3,197.95627681572827,12.267595118863523,44.16334242790869
27.35,198.56960830871466,12.265664600591595,44.156392562129746
27.400000000000002,199.18284242954132,12.26370023247496,44.14932083690986
27.450000000000003,199.79597741818267,12.261699313179225,44.14211752744521
27.5,200.40901189533824,12.259679773043198,44.13484718295551
27.55,201.0219450144782,12.257644992555482,44.127521973199734
27.6,201.6347757429279,12.255584145431804,44.1201029235545
27.650000000000002,202.24750285193494,12.253500214849613,44.11260077345861
27.700000000000003,202.8601251022576,12.251389798056534,44.105003273003526
27.75,203.47263785271787,12.24912022035422,44.09683279327519
27.8,204.0850355876555,12.24678917715156,44.08844103774562
27.85,204.69731463191798,12.24437259334655,44.07974133604758
27.900000000000002,205.30947157068664,12.241904957399703,44.07085784663893
27.950000000000003,205.921504266362,12.23940286961463,44.061850330612664
28.0,206.5334098871906,12.236821963529598,44.05255906870656
28.05,207.14518501055048,12.23418297086563,44.04305869511627
28.1,207.7568267161461,12.231485252959448,44.03334691065402
28.150000000000002,208.36833225976514,12.228736491802062,44.02345137048742
28.200000000000003,208.9797000603699,12.225975532388833,44.0135119165998
28.25,209.59092955138615,12.223204108261427,44.00353478974114
28.3,210.2020190800916,12.220377039955828,43.993357343840984
28.35,210.81296630460145,12.217511940438861,43.9830429855799
28.400000000000002,211.42376781119393,12.214548323260836,43.97237396373901
28.450000000000003,212.03442105828591,12.211581560419107,43.961693617508786
28.5,212.64492590022485,12.208612117138603,43.95100362169897
28.55,213.25528121085586,12.205600308101305,43.9401611091647
28.6,213.86548595403664,12.202589419130266,43.92932190886896
28.650000000000002,214.4755403051744,12.1995846263803,43.918504654969084
28.700000000000003,215.08544379700456,12.196555046825493,43.907598168571774
28.75,215.69519515776258,12.193499383495325,43.89659778058317
28.8,216.30479170743916,12.19036260356798,43.885305372844726
28.85,216.91423158048363,12.187232318210803,43.87403634555889
28.900000000000002,217.523515089171,12.184108029284786,43.862788905425234
28.950000000000003,218.13264545134732,12.18110645776775,43.8519832479639
29.0,218.74162596212335,12.178113973274005,43.84121030378642
29.05,219.3504571577501,12.175133851795863,43.83048186646511
29.1,219.9591362298006,12.172029030224795,43.81930450880927
29.150000000000002,220.56765870485424,12.168869971920481,43.80793189891373
29.200000000000003,221.17602086528044,12.165616445127581,43.79621920245929
29.25,221.78421968463354,12.162336328996709,43.78441078438815
29.3,222.392254134569,12.159041668420745,43.77255000631468
29.35,223.00012311411513,12.155717513424673,43.760583048328826
29.400000000000002,223.60782374063393,12.152307547327318,43.74830717037835
29.450000000000003,224.21535146200597,12.148801307554537,43.735684707196334
29.5,224.8227018970482,12.145216094134684,43.72277793888486
29.55,225.4298730712783,12.141630875069259,43.709871150249334
29.6,226.03686547806217,12.138065396284972,43.6970354266259
29.650000000000002,226.6436802073469,12.134523775104446,43.68428559037601
29.700000000000003,227.25031806493593,12.130990528456833,43.6715659024446
29.75,227.85677832389322,12.127419829835425,43.65871138740753
29.8,228.46306011331157,12.123851746898358,43.64586628883409
29.85,229.06916358344705,12.120287058520995,43.63303341067559
29.900000000000002,229.6750901227353,12.116774513009393,43.62038824683381
29.950000000000003,230.28084146035604,12.113278991820088,43.60780437055232
30.0,230.88641850341222,12.109802730427077,43.59528982953748
30.05,231.49182248102042,12.10635637390056,43.58288294604202
30.1,232.0970551475393,12.102950286854199,43.57062103267512
30.150000000000002,232.70212079790926,12.099675727944478,43.55883262060012
30.200000000000003,233.30702498080416,12.09649158785185,43.54736971626666
30.25,233.9117716992049,12.093377148178353,43.536157733442074
30.3,234.5163660747193,12.09039787239642,43.52543234062711
30.35,235.12081293827467,12.087476669819049,43.514916011348575
30.400000000000002,235.7251157485413,12.084635740846606,43.50468866704778
30.450000000000003,236.3292751975007,12.08174221752864,43.494271983103104
30.5,236.93328955921945,12.07883225122123,43.48379610439643
30.55,237.5371575481061,12.075887304245125,43.473194295282454
30.6,238.14088093248026,12.073048070721164,43.46297305459619
30.650000000000002,238.7444641362637,12.070280080617087,43.45300829022151
30.700000000000003,239.34791113737984,12.067599964028844,43.44335987050384
30.75,239.95122532883985,12.064967694372276,43.43388369974019
30.8,240.55440930815757,12.062391478336204,43.42460932201033
30.85,241.15746746833005,12.059934928562914,43.415765742826494
30.900000000000002,241.76040387745604,12.05752143647609,43.40707717131393
30.950000000000003,242.3632207335496,12.055152807266772,43.39855010616038
31.0,242.96592174656118,12.05288771319628,43.39039576750661
31.05,243.56851114903736,12.050688385850995,43.38247818906358
31.1,244.17099313007859,12.04859085579794,43.37492708087259
31.150000000000002,244.77337229932732,12.046575914151475,43.36767329094531
31.200000000000003,245.375652793738,12.044643862275661,43.360717904192384
31.25,245.97783850696192,12.042784666681555,43.3540248000536
31.3,246.57993189609186,12.040950898516325,43.34742323465877
31.35,247.18193417809096,12.039140381447629,43.34090537321146
31.400000000000002,247.78385060291396,12.037516611472256,43.335059801300126
31.450000000000003,248.38568871872135,12.036008020823711,43.329628874965366
31.5,248.9874571682897,12.034729961910255,43.32502786287692
31.55,249.58916241206066,12.033479788928373,43.32052724014214
31.6,250.19080580777944,12.03225603982319,43.31612174336349
31.650000000000002,250.79238678955508,12.030983231202795,43.31153963233006
31.700000000000003,251.39390461108653,12.029729630054815,43.30702666819734
31.75,251.99536034781676,12.028499839153861,43.302599420953904
31.8,252.59675536722528,12.02730093718721,43.29828337387396
31.85,253.19809052289744,12.026105289698677,43.29397904291524
31.900000000000002,253.79936432180082,12.024846666436737,43.28944799917225
31.950000000000003,254.40057548158074,12.023599724760622,43.28495900913824
32.0,255.00172467409124,12.022367975658875,43.28052471237195
32.050000000000004,255.60281305167996,12.021167127890052,43.27620166040419
32.1,256.2038430801472,12.020034010797971,43.2721224388727
32.15,256.8048185629241,12.018985300277254,43.26834708099812
32.2,257.40574232250015,12.01796508276633,43.264674297958784
32.25,258.00661667843036,12.017009154442903,43.26123295599445
32.300000000000004,258.6074469365163,12.016201168994202,43.25832420837913
32.35,259.20823843835643,12.01545890461265,43.25565205660554
32.4,259.8089939772632,12.014762651656877,43.253145545964756
32.45,260.4097154619784,12.01409673695302,43.25074825303087
32.5,261.01040173535364,12.013354198057181,43.248075113005854
32.550000000000004,261.6110487240328,12.012525349109126,43.245091256792854
32.6,262.2116605788712,12.01194884442707,43.243015839937456
32.65,262.8122460102625,12.011468411226168,43.24128628041421
32.7,263.41281056285965,12.011113692657714,43.24000929356777
32.75,264.0133565186123,12.010724537448404,43.23860833481425
32.800000000000004,264.61388309966486,12.010338704655119,43.23721933675843
32.85,265.21439158517035,12.010000715565141,43.23600257603451
32.9,265.81488375226957,12.009685968403296,43.23486948625187
32.95,266.415360771887,12.009394816292989,43.233821338654764
33.0,267.0158229673282,12.009093001353724,43.23273480487341
33.050000000000004,267.616271153745,12.00883445531828,43.23180403914581
33.1,268.21670799429364,12.008639166628093,43.231100999861134
33.15,268.81713656833915,12.00850379519207,43.230613662691454
33.2,269.41755946555173,12.00841209331061,43.2302835359182
33.25,270.0179792786898,12.008380432212007,43.23016955596323
33.300000000000004,270.61839752389943,12.008349376173207,43.230057754223544
33.35,271.2188144117456,12.008326137672801,43.22997409562208
33.4,271.81923004979166,12.008299384168538,43.229877783006735
33.45,272.4196446951106,12.008286428589205,43.22983114292114
33.5,273.0200588933971,12.008281502871899,43.229813410338835
33.550000000000004,273.62047535390184,12.008376917318023,43.23015690234488
33.6,274.2208977057182,12.008517155335653,43.23066175920835
33.65,274.82132781353687,12.008687157412723,43.2312737666858
33.7,275.4217653778859,12.008815416547785,43.231735499572025
33.75,276.0222090487061,12.008931416261095,43.232153098539946
33.800000000000004,276.6226595242238,12.009087604448935,43.232715376016166
33.85,277.22311870364285,12.00927957231188,43.23340646032277
33.9,277.82358842137563,12.009509136999373,43.23423289319774
33.95,278.42406956080345,12.009736440113262,43.235051184407745
34.0,279.024561985826,12.009960560789292,43.235858018841455
34.050000000000004,279.62506457367857,12.010142953314102,43.23651463193077
34.1,280.2255771872745,12.010361590523303,43.23730172588389
34.15,280.82610135906236,12.01060528099197,43.23817901157109
34.2,281.4266367892006,12.010811924536833,43.2389229283326
34.25,282.02718253088125,12.011017742689454,43.239663873682034
34.300000000000004,282.6277385577298,12.01122333125169,43.24040399250609
34.35,283.22830617419527,12.01148132736763,43.24133277852347
34.4,283.8288872371365,12.01176119028021,43.24234028500875
34.45,284.4294825531708,12.012051451093905,43.243385223938056
34.5,285.03009433599914,12.012419862039607,43.244711503342586
34.550000000000004,285.6307259603876,12.012845113500335,43.246242408601205
34.6,286.23138110306775,12.01336059370511,43.248098137338395
34.65,286.8320623158163,12.013887916238062,43.24999649845702
34.7,287.4327702754461,12.014430468954586,43.251949688236515
34.75,288.03350513563606,12.01496393864364,43.25387017911711
34.800000000000004,288.63426631400426,12.015483196085501,43.255739505907805
34.85,289.2350521038632,12.01594839827299,43.25741423378276
34.9,289.83586016594427,12.016374084970344,43.258946705893244
34.95,290.4366889751108,12.016778281690971,43.2604018140875
35.0,291.0375368969971,12.01713859376093,43.26169893753935
35.050000000000004,291.63840223831187,12.017475058828841,43.26291021178383
35.1,292.23928403790364,12.017796924842134,43.26406892943169
35.15,292.84018289847097,12.018157497851066,43.265366992263836
35.2,293.4411005645165,12.018549143968784,43.266776918287626
35.25,294.04203884579266,12.018982107077306,43.268335585478304
35.300000000000004,294.6429974149353,12.01936065862757,43.26969837105925
35.35,295.2439736462769,12.019688595036886,43.27087894213279
35.4,295.84496325779486,12.019895865680356,43.27162511644928
35.45,296.44596140777287,12.020030133440445,43.272108480385604
35.5,297.0469651575825,12.020119858946394,43.27243149220702
35.550000000000004,297.64797109601903,12.020117678513632,43.27242364264907
35.6,298.2489759754935,12.020077500464884,43.27227900167358
35.65,298.84997782162003,12.019996344594974,43.271986840541906
35.7,299.4509771372498,12.019976280596548,43.271914610147576
35.75,300.05197567790435,12.019965345583634,43.27187524410108
35.800000000000004,300.6529737697729,12.019958329159685,43.27184998497487
35.85,301.2539718265446,12.019963941708072,43.27187019014906
35.9,301.8549702908888,12.019974632058648,43.27190867541113
35.95,302.4559692854639,12.019985150945178,43.27194654340264
36.0,303.0569679237125,12.019960378999379,43.27185736439777
36.050000000000004,303.6579645504009,12.019904688536757,43.27165687873232
36.1,304.2589579227111,12.019830203872289,43.27138873394024
36.15,304.85994748833053,12.019752420906531,43.271108715263516
36.2,305.4609330656754,12.019670672888278,43.270814422397805
36.25,306.06191474058903,12.019596323655513,43.27054676515985
36.300000000000004,306.66289217524763,12.019501062687675,43.27020382567563
36.35,307.26386210416905,12.019296094168576,43.26946593900687
36.4,307.8648214193437,12.019076512816289,43.268675446138644
36.45,308.4657694961908,12.018846561066256,43.26784761983853
36.5,309.0667083979994,12.018709511277327,43.26735424059838
36.550000000000004,309.6676432025986,12.018682672691028,43.267257621687705
36.6,310.26858068594714,12.018816661250442,43.267739980501595
36.65,310.86952020457784,12.018764083977299,43.267550702318275
36.7,311.47045522255627,12.018636635160565,43.26709188657804
36.75,312.0713810652869,12.018397074064238,43.26622946663126
36.800000000000004,312.6722950119074,12.018160790756372,43.26537884672294
36.85,313.2731971982257,12.01792666197625,43.264535983114506
36.9,313.8740878220171,12.017698289677547,43.263713842839174
36.95,314.4749689544893,12.017547009211917,43.263169233162905
37.0,315.07584480787665,12.01748712628034,43.26295365460923
37.050000000000004,315.6767198533967,12.017514694521331,43.2630529002768
37.1,316.2775967305426,12.017560391314271,43.26321740873138
37.15,316.8784762050608,12.017618589412585,43.263426921885305
37.2,317.47935848957275,12.017672791066035,43.26362204783773
37.25,318.080243414162,12.017724192504982,43.26380709301794
37.300000000000004,318.68113068289694,12.017766556893177,43.26395960481544
37.35,319.282019465364,12.017784741789116,43.264025070440816
37.4,319.88290857497697,12.01777964272955,43.26400671382638
37.45,320.48379655513673,12.017739563660527,43.2638624291779
37.5,321.0846839661436,12.017756876613413,43.26392475580829
37.550000000000004,321.68557530804867,12.017896799590437,43.26442847852557
37.6,322.28647312782056,12.018015991285997,43.264857568629594
37.65,322.8873764574612,12.018117194339167,43.265221899621004
37.7,323.4882833388979,12.018158063127306,43.2653690272583
37.75,324.0891902124263,12.018116878007886,43.26522076082839
37.800000000000004,324.6900934235446,12.018011566725418,43.26484164021151
37.85,325.2909903980267,12.017867412556544,43.26432268520356
37.9,325.89188024183545,12.01772633979379,43.26381482325764
37.95,326.4927632023365,12.01759208024776,43.263331488891936
38.0,327.0936404041506,12.017495992317407,43.262985572342664
38.050000000000004,327.69451443107755,12.01746508476033,43.26287430513719
38.1,328.29539233468165,12.017651059404786,43.26354381385723
38.15,328.8962824942118,12.0179553218001,43.264639158480364
38.2,329.4971897338423,12.018334263419575,43.26600334831047
38.25,330.09811598984754,12.01871597679161,43.2673775164498
38.300000000000004,330.69906135182265,12.019098502212506,43.26875460796502
38.35,331.30002586654865,12.019482086827567,43.270135512579245
38.400000000000006,331.9010090463726,12.019845106131914,43.271442382074895
38.45,332.502009779943,12.020184236685134,43.27266325206649
38.5,333.1030259999549,12.020464563790274,43.27367242964499
38.550000000000004,333.7040550436928,12.020697185724442,43.27450986860799
38.6,334.305094997506,12.020900966803488,43.275243480492556
38.650000000000006,334.90614366452303,12.021045713878573,43.27576456996287
38.7,335.5071993472447,12.021181594988988,43.27625374196036
38.75,336.10826158946116,12.021308093670768,43.276709137214766
38.800000000000004,336.70933055128774,12.021450379392817,43.27722136581414
38.85,337.3104071044334,12.021611746434361,43.2778022871637
38.900000000000006,337.9114927014088,12.021812132582404,43.278523677296654
38.95,338.51258798312153,12.02199913592722,43.279196889337996
39.0,339.11369241153596,12.022178000649474,43.27984080233811
39.050000000000004,339.7148052939751,12.022337296913953,43.28041426889023
39.1,340.3159259654239,12.022489561038695,43.2809624197393
39.150000000000006,340.9170540989496,12.022635779990676,43.28148880796643
39.2,341.51818922593503,12.022769299425974,43.28196947793351
39.25,342.1193297135293,12.022850204342944,43.2822607356346
39.300000000000004,342.720471923654,12.02283820064535,43.28221752232326
39.35,343.32161285824776,12.02279918310674,43.28207705918426
39.400000000000006,343.92275189439465,12.022762262768355,43.28194414596608
39.45,344.5238902542082,12.022772129772761,43.28197966718194
39.5,345.1250303726244,12.022832606875465,43.282197384751676
39.550000000000004,345.72617439551146,12.022928308606586,43.28254191098371
39.6,346.32732343081886,12.02303310368952,43.282919173282274
39.650000000000006,346.928477611599,12.023134127516505,43.28328285905942
39.7,347.52963670810874,12.02322973287229,43.28362703834024
39.75,348.13079689957283,12.023177925690378,43.283440532485365
39.800000000000004,348.7319531336658,12.023071438027745,43.28305717689989
39.85,349.3331021732884,12.022890146877469,43.28240452875889
39.900000000000006,349.93424130781636,12.022675234241492,43.28163084326937
39.95,350.535369251189,12.022442500663805,43.2807930023897
40.0,351.1364859998706,12.02222744660016,43.28001880776058
40.050000000000004,351.7375927405316,12.022042179840458,43.27935184742565
40.1,352.33869108411807,12.021891563617995,43.278809629024785
40.150000000000006,352.93978363884327,12.021810625390556,43.278518251406
40.2,353.5408738742904,12.021798792495419,43.27847565298351
40.25,354.1419672507132,12.021936264415851,43.27897055189707
40.300000000000004,354.7430667887457,12.022045256884494,43.27936292478418
40.35,355.34417131932014,12.0221359660939,43.27968947793804
40.400000000000006,355.9452791567666,12.022177531765607,43.279839114356186
40.45,356.5463859972308,12.022096086800799,43.279545912482874
40.5,357.1474858594615,12.021898402427173,43.27883424873782
40.550000000000004,357.74857654903167,12.021729180381328,43.278225049372786
40.6,358.34965854508243,12.021550661649366,43.27758238193772
40.650000000000006,358.9507310382811,12.02134906629847,43.276856638674495
40.7,359.55179444243794,12.021187099975664,43.27627355991239
40.75,360.152850320521,12.021048023347678,43.27577288405164
40.800000000000004,360.75390051209223,12.020959639501287,43.275454702204634
40.85,361.3549479260056,12.020936917032763,43.27537290131795
40.900000000000006,361.9559954623053,12.020964534953936,43.27547232583417
40.95,362.5570454379913,12.021034492485862,43.275724172949104
41.0,363.1580978226634,12.021060894398271,43.27581921983378
41.050000000000004,363.75914976060767,12.021016623371592,43.275659844137735
41.1,364.3601981991904,12.020920919938286,43.27531531177783
41.150000000000006,364.961240968369,12.020789847206348,43.27484344994286
41.2,365.5622750569025,12.020573694132663,43.27406529887759
41.25,366.1632985059769,12.020364268845382,43.27331136784338
41.300000000000004,366.76431161014216,12.020159897763914,43.27257563195009
41.35,367.3653152633409,12.019986230186413,43.27195042867109
41.400000000000006,367.96631079112143,12.019834881035019,43.27140557172607
41.45,368.56729946539406,12.019712089869715,43.27096352353097
41.5,369.16828354890737,12.019651250661688,43.27074450238208
41.550000000000004,369.7692636364806,12.019552252268447,43.27038810816641
41.6,370.37023526497967,12.019312887692625,43.26952639569345
41.650000000000006,370.97119396143177,12.019034970392232,43.26852589341203
41.7,371.5721385343413,12.018747945989881,43.267492605563575
41.75,372.17307159435967,12.01857445474296,43.26686803707466
41.800000000000004,372.77399844269775,12.018499478779466,43.26659812360608
41.85,373.37492409984594,12.01852680714876,43.26669650573554
41.900000000000006,373.97585274330186,12.018618931087968,43.26702815191668
41.95,374.5767865717845,12.018734208217221,43.267443149582
42.0,375.17772705057973,12.018884943591775,43.26798579693039
42.050000000000004,375.77867485167064,12.019027100045347,43.268497560163254
42.1,376.3796293336635,12.019152179669318,43.268947846809546
42.150000000000006,376.9805878076503,12.019186779801986,43.26907240728715
42.2,377.5815469121637,12.019177400734124,43.26903864264285
42.25,378.1825046203362,12.019130926166682,43.26887133420006
42.300000000000004,378.7834571887454,12.018971810199938,43.268298516719774
42.35,379.3844016470925,12.018806523684782,43.267703485265216
42.400000000000006,379.98533781506757,12.018640195317616,43.26710470314342
42.45,380.58626583780375,12.018480714128742,43.26653057086347
42.5,381.187186073774,12.018328724681291,43.26598340885265
42.550000000000004,381.78809931884257,12.018201078060455,43.26552388101764
42.6,382.38900609941,12.018070144636008,43.26505252068963
42.650000000000006,382.98990627042565,12.017936695990361,43.2645721055653
42.7,383.5907983350145,12.017745887562992,43.26388519522677
42.75,384.19168250618577,12.017620959288442,43.26343545343839
42.800000000000004,384.79256275172145,12.017588862138316,43.26331990369794
42.85,385.3934407180805,12.017529792225295,43.26310725201106
42.900000000000006,385.9943153170122,12.017454165042755,43.26283499415392
42.95,386.5951852553738,12.017343369420214,43.26243612991277
43.0,387.19604857052855,12.017189236769036,43.26188125236853
43.050000000000004,387.79690322840446,12.016997078266488,43.26118948175936
43.1,388.3977423195216,12.016566566419614,43.25963963911061
43.150000000000006,388.9985596739489,12.016127610671495,43.25805939841738
43.2,389.59935483963903,12.015679016935083,43.2564444609663
43.25,390.2001344957182,12.015507226232597,43.255826014437346
43.300000000000004,390.80090741969144,12.015409732697043,43.25547503770935
43.35,391.4016776723669,12.01540037432095,43.255441347555426
43.400000000000006,392.0024454257476,12.015309760909512,43.255115139274245
43.45,392.6032075971214,12.015177094042423,43.25463753855272
43.5,393.2039617143355,12.01498759452142,43.253955340277116
43.550000000000004,393.804705477635,12.014762937460116,43.253146574856416
43.6,394.4054371930658,12.014505679770531,43.25222044717391
43.650000000000006,395.00615635945127,12.014260975649625,43.25133951233865
43.7,395.6068632949414,12.014016443955686,43.25045919824047
43.75,396.2075579657635,12.013770388928524,43.24957340014269
43.800000000000004,396.8082419932291,12.013590709695126,43.248926554902454
43.85,397.40891755777494,12.013431872137565,43.24835473969523
43.900000000000006,398.0095850124438,12.01326631461533,43.24775873261519
43.95,398.6102438333293,12.013086520807173,43.24711147490582
44.0,399.21089339685875,12.012896020370757,43.24642567333473
44.050000000000004,399.81153614489756,12.012813901181136,43.24613004425209
44.1,400.4121747733877,12.012731238423461,43.24583245832446
44.150000000000006,401.0128091666347,12.012644491459262,43.245520169253346
44.2,401.6134399180182,12.012585563877979,43.245308029960725
44.25,402.2140665817748,12.012480986386102,43.24493155098997
44.300000000000004,402.8146831436956,12.012181490448018,43.243853365612864
44.35,403.41528344620457,12.011830609910184,43.24259019567666
44.400000000000006,404.0158653989214,12.011447498761678,43.24121099554204
44.45,404.61642739919523,12.011032512192306,43.239717043892306
44.5,405.2169702667153,12.010682188610774,43.238455878998785
44.550000000000004,405.81749764737344,12.0104130377161,43.23748693577796
44.6,406.41800775858127,12.009991410596555,43.2359690781476
44.650000000000006,407.0184956066794,12.009522513327962,43.234281047980666
44.7,407.61895853658905,12.008994683057695,43.232380859007705
44.75,408.2193957346695,12.008493240160206,43.23057566457674
44.800000000000004,408.8198081768823,12.00800444835238,43.22881601406857
44.85,409.42019615760455,12.00751478053733,43.22705320993439
44.900000000000006,410.02056146022676,12.007097324351314,43.22555036766473
44.95,410.62090772971686,12.006753455253934,43.22431243891416
45.0,411.22123605997723,12.006379755160356,43.22296711857729
45.050000000000004,411.8215452137413,12.00598639540139,43.221551023445
45.1,412.42183380396546,12.00555721356566,43.22000596883638
45.150000000000006,413.02209912697833,12.005055706948788,43.21820054501564
45.2,413.62233896884663,12.004537967783257,43.21633668401973
45.25,414.22255466015133,12.004089684403809,43.214722863853716
45.300000000000004,414.82274768059165,12.003631133208625,43.213072079551054
45.35,415.42291756103464,12.003164084510766,43.21139070423876
45.400000000000006,416.0230636169459,12.00267815193859,43.20964134697892
45.45,416.62318535903944,12.002191531802904,43.207889514490454
45.5,417.22328277655356,12.001705168762697,43.20613860754571
45.550000000000004,417.8233501794908,12.000990948726844,43.20356741541664
45.6,418.4233806491985,12.0002278395824,43.200820222496645
45.650000000000006,419.02337468512724,11.999533597566895,43.198320951240824
45.7,419.6233359919158,11.998918673975934,43.196107226313366
45.75,420.2232679117113,11.998358117842878,43.19408922423436
45.800000000000004,420.82317516454896,11.997931995663714,43.19255518438937
45.85,421.42306110947436,11.997505801352824,43.19102088487017
45.900000000000006,422.02292574219206,11.997079507354268,43.18948622647537
45.95,422.62276808483904,11.996614198525657,43.187811114692366
46.0,423.22258662525337,11.99612741804861,43.186058704975
46.050000000000004,423.822379761886,11.995598047255708,43.18415297012055
46.1,424.42214608246826,11.995054776034193,43.1821971937231
46.150000000000006,425.0218848866006,11.994497389259458,43.18019060133405
46.2,425.6215932720128,11.993838027227879,43.17781689802037
46.25,426.22126743959205,11.99312867594221,43.17526323339195
46.300000000000004,426.8209047399079,11.992363336691959,43.17250801209105
46.35,427.4205061878496,11.991694580974762,43.170100491509146
46.400000000000006,428.0200744461766,11.991035752105795,43.167728707580864
46.45,428.6196095824923,11.990369700521954,43.16533092187904
46.5,429.2191124275114,11.989744100242318,43.163078760872345
46.550000000000004,429.81858436099765,11.989133239208023,43.16087966114888
46.6,430.4180252884183,11.988503857618246,43.15861388742569
46.650000000000006,431.01743507705055,11.987887687672401,43.156395675620644
46.7,431.61681435772067,11.987283539132296,43.15422074087627
46.75,432.2161665712184,11.986805000778249,43.1524980028017
46.800000000000004,432.8154935892908,11.98627572211519,43.15059259961468
46.85,433.41479130526716,11.985632916939968,43.148278500983885
46.900000000000006,434.0140593419319,11.985088549648511,43.14631877873464
46.95,434.6133006670937,11.984564456823962,43.144432044566265
47.0,435.2125143061439,11.983981105181677,43.142331978654035
47.050000000000004,435.8116996295298,11.983431830254867,43.140354588917525
47.1,436.4108581176334,11.982907693888654,43.138467697999154
47.150000000000006,437.0099966441922,11.982633368464906,43.13748012647366
47.2,437.609122409862,11.982397258325728,43.13663012997262
47.25,438.20823768924316,11.982213916920367,43.13597010091332
47.300000000000004,438.8073388474932,11.981832413082692,43.13459668709769
47.35,439.40641944565687,11.981391513463848,43.133009448469856
47.400000000000006,440.0054769267727,11.980907731168939,43.13126783220818
47.45,440.6045128259449,11.980528235717703,43.12990164858373
47.5,441.203531469873,11.980217521406619,43.12878307706383
47.550000000000004,441.8025389362416,11.98008113333801,43.128292080016834
47.6,442.4015420080895,11.980041740578143,43.12815026608131
47.650000000000006,443.0005460967339,11.980121805198515,43.12843849871465
47.7,443.5995554181007,11.980251049474344,43.12890377810764
47.75,444.19857187857195,11.980407369375062,43.129466529750225
47.800000000000004,444.7975974446034,11.980615271884236,43.13021497878325
47.85,445.39663333207056,11.980820226802818,43.130952816490144
47.900000000000006,445.99567943520384,11.981023898528989,43.13168603470436
47.95,446.594735749534,11.981228674675984,43.132423228833545
48.0,447.1938004178736,11.981358058907796,43.13288901206807
48.050000000000004,447.7928696706269,11.98141205122443,43.133083384407946
48.1,448.391940748054,11.981431045860736,43.13315176509865
48.150000000000006,448.991013454906,11.981477228218631,43.13331802158707
48.2,449.5900900926277,11.981588280647522,43.13371781033108
48.25,450.1891715642812,11.98167058549351,43.13401410777664
48.300000000000004,450.7882570384013,11.98174837930964,43.1342941655147
48.35,451.38734732141256,11.981862941141395,43.134706588109026
48.400000000000006,451.98644423251716,11.98201350304258,43.13524861095329
48.45,452.58554940248746,11.982193295769369,43.13589586476973
48.5,453.1846656604832,11.982457024058583,43.1368452866109
48.550000000000004,453.7837965883246,11.982780089598059,43.13800832255301
48.6,454.3829460283268,11.983197510488464,43.139511037758474
48.650000000000006,454.98211841970465,11.983698144625096,43.14131332065035
48.7,455.58131719650066,11.984252927216042,43.143310537977754
48.75,456.18054695406096,11.984937375194782,43.14577455070122
48.800000000000004,456.7798115567409,11.985646732004705,43.14832823521694
48.85,457.37911207032374,11.986373811307619,43.150945720707426
48.900000000000006,457.97845133453137,11.987196756996815,43.15390832518853
48.95,458.5778305467424,11.987971731443544,43.15669823319676
49.0,459.17724688198365,11.98868167820604,43.15925404154174
49.050000000000004,459.7766949103967,11.989239458317012,43.16126204994124
49.1,460.37617043331466,11.98978145840047,43.1632132502417
49.150000000000006,460.97567415696165,11.990367487478855,43.16532295492388
49.2,461.5752078966253,11.990982099065278,43.167535556635
49.25,462.17477269723014,11.991609925130303,43.16979573046909
49.300000000000004,462.77436825395466,11.992212343851477,43.17196443786532
49.35,463.3739929319088,11.992774774312448,43.17398918752481
49.400000000000006,463.9736446326986,11.993293257279534,43.17585572620632
49.45,464.57331799228797,11.993641126294897,43.17710805466163
49.5,465.17300746714574,11.993937868016843,43.17817632486064
49.550000000000004,465.7727100439025,11.994165202253836,43.17899472811381
49.6,466.37242727179864,11.994523913591054,43.180286088927794
49.650000000000006,466.9721643201849,11.994958021858498,43.181848878690595
49.7,467.5719270186365,11.995549916204007,43.183979698334426
49.75,468.17171725858014,11.996059681543498,43.18581485355659
49.800000000000004,468.77153115355406,11.996496117413328,43.18738602268798
49.85,469.3713613470284,11.996711621561282,43.18816183762062
49.900000000000006,469.9712012090569,11.996882859578628,43.188778294483065
49.95,470.57104824210455,11.996998462327076,43.18919446437747
50.0,471.17089983139977,11.99706510948059,43.189434394130124
50.050000000000004,471.77075364136846,11.99708728926608,43.18951424135789
50.1,472.3706050208081,11.996967888320006,43.18908439795202
50.150000000000006,472.970449138357,11.996796813635681,43.18846852908845
50.2,473.5702837674232,11.99658834901067,43.18771805643841
50.25,474.170109882153,11.996456240182296,43.187242464656265
50.300000000000004,474.7699287154916,11.996297093361411,43.18666953610108
50.35,475.3697385543776,11.996096462079318,43.185947263485545
50.400000000000006,475.9695420375119,11.996042863294157,43.185754307858964
50.45,476.5693436387057,11.996021184455868,43.18567626404113
50.5,477.1691439564078,11.995991523630003,43.185569485068015
50.550000000000004,477.76894066239174,11.99587671572657,43.185156176615656
50.6,478.3687302623673,11.995707283295053,43.18454621986219
50.650000000000006,478.96850853670827,11.995423690343763,43.18352528523755
50.7,479.5682729606205,11.995153266145616,43.18255175812422
50.75,480.1680242611289,11.994898754190853,43.18163551508707
50.800000000000004,480.7677586198423,11.994475594347042,43.18011213964935
50.85,481.36747264353795,11.994085353479107,43.17870727252479
50.900000000000006,481.9671711143575,11.993853479301439,43.177872525485185
50.95,482.5668559298569,11.993539140674347,43.17674090642765
51.0,483.1665241346236,11.99318904999521,43.17548057998276
51.050000000000004,483.766175399387,11.992861540539659,43.174301545942775
51.1,484.3658102670927,11.992533167687844,43.17311940367624
51.150000000000006,484.9654286949743,11.992203947578016,43.171934211280856
51.2,485.56503477291676,11.992039170118614,43.171341012427014
51.25,486.16463398455994,11.991929295608239,43.170945464189664
51.300000000000004,486.7642297565681,11.99190158471878,43.17084570498761
51.35,487.3638257992499,11.991940122554475,43.17098444119611
51.400000000000006,487.9634244225932,11.992004811176875,43.17121732023675
51.45,488.5630266261934,11.99208333282974,43.171499998187066
51.5,489.1626329757773,11.992170650526798,43.17181434189648
51.550000000000004,489.7622438664215,11.992264975242112,43.1721539108716
51.6,490.3618591336221,11.992345712780562,43.17244456601002
51.650000000000006,490.96147790766827,11.992405249066284,43.17265889663862
51.7,491.5610988031151,11.992430568806437,43.172750047703175
51.75,492.1607230067063,11.992537574841014,43.173135269427654
51.800000000000004,492.7603534283478,11.99267929081991,43.173645446951674
51.85,493.3599922207725,11.992872406166752,43.17434066220031
51.900000000000006,493.9596397330877,11.993028086442674,43.17490111119363
51.95,494.5592944482355,11.99316051946796,43.17537787008466
52.0,495.1589568755789,11.993336574267197,43.17601166736191
52.050000000000004,495.75863055366455,11.993610549158667,43.1769979769712
52.1,496.3583211855308,11.994014725491462,43.178453011769264
52.150000000000006,496.95803311396486,11.994462411870167,43.1800646827326
52.2,497.55776715842694,11.994899366613119,43.18163771980723
52.25,498.1575216224354,11.995279193725871,43.18300509741314
52.300000000000004,498.75729704064776,11.995737534768782,43.184655125167616
52.35,499.35709687044107,11.996255656963765,43.186520365069555
52.400000000000006,499.95692897685115,11.997028599439133,43.18930295798088
52.45,500.55680056964894,11.997835112472433,43.19220640490076
52.5,501.156713393187,11.998677829048596,43.19524018457495
52.550000000000004,501.7566702153723,11.999595058364127,43.19854221011086
52.6,502.35667255386045,12.000498481161491,43.20179453218137
52.650000000000006,502.9567187410734,12.00134900735741,43.20485642648668
52.7,503.5568078940023,12.002217109797135,43.207981595269686
52.75,504.15694054713697,12.003089015589477,43.21112045612212
52.800000000000004,504.7571162059083,12.003937335263469,43.21417440694849
52.85,505.3573340767739,12.004777499360895,43.21719899769922
52.900000000000006,505.9575937772156,12.005610518307174,43.220197865905824
52.95,506.55789050054926,12.006258415038596,43.22253029413895
53.0,507.1582185077522,12.006861873080004,43.22470274308802
53.050000000000004,507.7585751657253,12.007404445842399,43.22665600503264
53.1,508.3589620786066,12.008072069411996,43.22905944988319
53.150000000000006,508.9593831166215,12.008769451181797,43.23157002425447
53.2,509.55983797872324,12.00942503288699,43.23393011839316
53.25,510.16032552729195,12.010076909861636,43.23627687550189
53.300000000000004,510.76084560398033,12.010726157672671,43.23861416762162
53.35,511.36139693793064,12.011327200339023,43.240777921220484
53.400000000000006,511.96197849621433,12.011935131009782,43.242966471635214
53.45,512.5625907116928,12.012553488128981,43.24519255726433
53.5,513.163235213168,12.013226570881454,43.247615655173234
53.550000000000004,513.7639136575831,12.013911205719355,43.250080340589676
53.6,514.3646262666958,12.014593158791515,43.25253537164945
53.650000000000006,514.9653728248126,12.015269165879415,43.254968997165896
53.7,515.5661528969723,12.015933720509516,43.25736139383426
53.75,516.1669621260361,12.01643544203954,43.25916759134235
53.800000000000004,516.767797611516,12.016983977156132,43.26114231776207
53.85,517.3686619112678,12.017588012916592,43.263316846499734
53.900000000000006,517.9695547094018,12.018123912443247,43.26524608479569
53.95,518.5704739608938,12.018646147237947,43.26712613005661
54.0,519.1714191104329,12.01915983432554,43.26897540357194
54.050000000000004,519.7723889062262,12.01963199740353,43.27067519065271
54.1,520.3733818983869,12.020087689028326,43.272315680501976
54.150000000000006,520.9743981980312,12.020564296739636,43.27403146826269
54.2,521.5754384489065,12.021045738274632,43.27576465778868
54.25,522.1765028882285,12.021531834602808,43.27751460457011
54.300000000000004,522.7775900100189,12.021953037015326,43.27903093325517
54.35,523.3786988185218,12.022399303099352,43.28063749115767
54.400000000000006,523.979831498327,12.022907889108389,43.2824684007902
54.45,524.580985569933,12.023254975129971,43.2837179104679
54.5,525.1821554719074,12.023541103847734,43.28474797385184
54.550000000000004,525.7833390642572,12.023802590143077,43.28568932451508
54.6,526.3845349691454,12.024033605384998,43.286520979386
54.650000000000006,526.9857418294579,12.024240807114582,43.2872669056125
54.7,527.5869597486148,12.024475959166196,43.28811345299831
54.75,528.1881895844534,12.024717474375896,43.28898290775322
54.800000000000004,528.7894317204131,12.02496796400912,43.28988467043283
54.85,529.3906908848459,12.025398613301633,43.29143500788588
54.900000000000006,529.9919724145162,12.025862573511722,43.2931052646422
54.95,530.59327577902,12.026272006637853,43.29457922389627
55.0,531.1945972268704,12.026585907376434,43.295709266555164
55.050000000000004,531.7959328597165,12.026839406466413,43.296621863279086
55.1,532.3972810197625,12.027086995375617,43.29751318335222
55.150000000000006,532.9986421908224,12.027359847017909,43.29849544926447
55.2,533.6000178282491,12.02766565005118,43.29959634018425
55.25,534.2014057586199,12.027851564782694,43.3002656332177
55.300000000000004,534.8028022361844,12.028007537797833,43.3008271360722
55.35,535.4042059389618,12.028140573298264,43.30130606387375
55.400000000000006,536.0056165173162,12.028282560878193,43.30181721916149
55.45,536.6070344044368,12.028432923947477,43.30235852621092
55.5,537.2084609941954,12.028630666398678,43.30307039903524
55.550000000000004,537.8098981541415,12.028855731440908,43.30388063318727
55.6,538.4113472901945,12.029109710681409,43.30479495845307
55.650000000000006,539.0128105902415,12.0294222911995,43.3059202483182
55.7,539.6142902665727,12.029764762046014,43.30715314336565
55.75,540.2157883727626,12.030159485551732,43.308574147986235
55.800000000000004,540.81730506282,12.030508116739943,43.309829220263794
55.85,541.418838582631,12.030832675702824,43.31099763253017
55.900000000000006,542.0203873235295,12.031116960237828,43.31202105685618
55.95,542.6219486767798,12.031337169776457,43.31281381119525
56.0,543.2235196634567,12.031502297300662,43.31340827028239
56.050000000000004,543.825098605232,12.031655373709823,43.313959345355364
56.1,544.4266861221871,12.031845304493999,43.31464309617839
56.150000000000006,545.0282848139343,12.03210236539493,43.31556851542175
56.2,545.6298975858373,12.032408510726107,43.316670638613985
56.25,546.231526881809,12.032763328142286,43.31794798131223
56.300000000000004,546.8331778012146,12.033273448080681,43.31978441309045
56.35,547.434853152697,12.033740611217219,43.32146620038199
56.400000000000006,548.0365511148879,12.034177876419664,43.32304035511079
56.45,548.6382668040113,12.03444968851963,43.324018878670664
56.5,549.2399969473211,12.034756043870269,43.32512175793297
56.550000000000004,549.841743649176,12.035112030328197,43.32640330918151
56.6,550.4435069987737,12.035421953581956,43.32751903289504
56.650000000000006,551.045285820535,12.035730916867921,43.32863130072452
56.7,551.6470808472307,12.036070150958482,43.329852543450535
56.75,552.2488942806251,12.036467184819887,43.3312818653516
56.800000000000004,552.8507283633533,12.036896124307354,43.33282604750648
56.85,553.4525837129571,12.037317859847292,43.33434429545025
56.900000000000006,554.0544608956814,12.037769449123726,43.335970016845415
56.95,554.6563615260649,12.038255766216086,43.33772075837791
57.0,555.2582916328159,12.038948503827235,43.34021461377805
57.050000000000004,555.8602574617385,12.039684653075316,43.34286475107114
57.1,556.462260939532,12.040454458667664,43.34563605120359
57.150000000000006,557.0643021700984,12.041194763984654,43.34830115034475
57.2,557.6663801711334,12.041925277414228,43.35093099869122
57.25,558.2684954000738,12.042683880202194,43.3536619687279
57.300000000000004,558.8706488667119,12.043454785322199,43.356437227159915
57.35,559.4728411692345,12.044237315581656,43.35925433609396
57.400000000000006,560.0750697407526,12.044905545144458,43.36165996252005
57.45,560.6773318872769,12.045580315827205,43.36408913697794
57.5,561.279628560336,12.046286606541745,43.36663178355028
57.550000000000004,561.8819613068259,12.047023253055503,43.36928371099981
57.6,562.4843312886361,12.047776019353309,43.371993669671916
57.650000000000006,563.0867396878203,12.048559948017273,43.37481581286218
57.7,563.6891898052382,12.049444748700628,43.37800109532226
57.75,564.2916860960707,12.050406884598848,43.38146478455585
57.800000000000004,564.8942288707306,12.05130410179459,43.38469476646053
57.85,565.4968154146463,12.05215765483429,43.38776755740344
57.900000000000006,566.0994429677722,12.052944470199744,43.39060009271908
57.95,566.7021105576582,12.05375912523803,43.39353285085691
58.0,567.3048173788015,12.05451372049453,43.39624939378031
58.050000000000004,567.9075555205794,12.055011950619113,43.398043022228805
58.1,568.5103222090228,12.055655587116696,43.40036011362011
58.150000000000006,569.1131235116272,12.056396517060605,43.40302746141818
58.2,569.7159682001119,12.057391022325888,43.4066076803732
58.25,570.3188620865398,12.058364434787032,43.41011196523332
58.300000000000004,570.9218039688477,12.059310857531052,43.41351908711179
58.35,571.5247907629441,12.060160906324292,43.41657926276745
58.400000000000006,572.1278194402582,12.060986186240395,43.41955027046542
58.45,572.7308888366547,12.061789669617195,43.4224428106219
58.5,573.3339955167693,12.06247753496799,43.42491912588476
58.550000000000004,573.9371352239061,12.063110750508056,43.427198701829
58.6,574.5403072642806,12.063770864472287,43.42957511210024
58.650000000000006,575.1435120255244,12.064419585278134,43.431910507001284
58.7,575.7467489270246,12.065056474727196,43.43420330901791
58.75,576.3500172601159,12.065676848927383,43.43643665613858
58.800000000000004,576.9533167123603,12.066301240847748,43.43868446705189
58.85,577.5566477068128,12.066938537249937,43.44097873409977
58.900000000000006,578.1600112100992,12.067601594206822,43.44336573914456
58.95,578.7634076265849,12.068255065220196,43.44571823479271
59.0,579.3668335098048,12.06878026357633,43.447608948874795
59.050000000000004,579.9702863141974,12.069331912131199,43.44959488367232
59.1,580.573767258772,12.069905870853697,43.45166113507331
59.150000000000006,581.1772750105455,12.070404200084788,43.453455120305236
59.2,581.7808070548721,12.0708775729764,43.45515926271504
59.25,582.384361838083,12.071313755462704,43.456729519665735
59.300000000000004,582.9879416976486,12.071880627160809,43.458770257778916
59.35,583.5915508972613,12.072487357346185,43.46095448644627
59.400000000000006,584.1951906117048,12.073101220393688,43.46316439341728
59.45,584.7988615431358,12.073736036844688,43.46544973264088
59.5,585.4025645713966,12.074385093590427,43.46778633692554
59.550000000000004,586.0062997294821,12.07502122982919,43.47007642738509
59.6,586.6100677969512,12.075701468932879,43.472525288158366
59.650000000000006,587.213871429999,12.076443852982594,43.47519787073734
59.7,587.8177109699086,12.077137743401268,43.47769587624457
59.75,588.4215848833436,12.077818793998622,43.48014765839504
59.800000000000004,589.025492639771,12.078491463097707,43.482569267151746
59.85,589.6294316242768,12.079067917136072,43.484644501689864
59.900000000000006,590.2333978540844,12.0795812751693,43.48649259060948
59.95,590.8373854086576,12.079920907758458,43.48771526793045
60.0,591.4413900072451,12.080263035742128,43.48894692867166
60.050000000000004,592.0454117834388,12.080608012004381,43.490188843215776
60.1,592.6494496729692,12.080907569211766,43.491267249162355
60.150000000000006,593.2535019349474,12.081182909915334,43.4922584756952
60.2,593.8575668582197,12.081414020977023,43.493090475517285
60.25,594.4616431493426,12.081637623942534,43.49389544619312
60.300000000000004,595.065730135346,12.081841816191629,43.49463053828986
60.35,595.6698240103198,12.081913182756786,43.49488745792443
60.400000000000006,596.273921318937,12.08197916193323,43.49512498295963
60.45,596.8780218016236,12.082040145531048,43.495344523911776
60.5,597.4821255718459,12.082110663359584,43.49559838809451
60.550000000000004,598.0862315037559,12.082126613041524,43.495655806949486
60.6,598.6903355452423,12.082035046411585,43.49532616708171
60.650000000000006,599.2944318988724,12.081819098794021,43.49454875565848
60.7,599.8985163456709,12.08155877314795,43.49361158333262
60.75,600.5025873943118,12.081283172487895,43.49261942095642
60.800000000000004,601.1066433006447,12.08095308082816,43.49143109098137
60.85,601.7106816778737,12.080582008333952,43.490095230002225
60.900000000000006,602.3147006805274,12.080178097811725,43.48864115212221
60.95,602.9186983497705,12.079728671910559,43.487023218878015
61.0,603.5226718037364,12.079209486728509,43.485154152222634
61.050000000000004,604.1266162063233,12.078566616745691,43.48283982028449
61.1,604.7305271176739,12.077869837278792,43.480331414203654
61.150000000000006,605.3344010234987,12.077086395712481,43.47751102456493
61.2,605.9382352432413,12.076282393991264,43.47461661836855
61.25,606.5420288303508,12.075461090388286,43.47165992539783
61.300000000000004,607.1457778078434,12.074498009317775,43.468192833543995
61.35,607.7494765204709,12.073450495783133,43.46442178481928
61.400000000000006,608.3531202076795,12.072296992559474,43.46026917321411
61.45,608.9567088292918,12.07124787193401,43.45649233896244
61.5,609.5602458812914,12.070234208050685,43.45284314898247
61.550000000000004,610.1637334743527,12.06926951440475,43.449370251857104
61.6,610.767170391623,12.06820717640798,43.445545835068735
61.650000000000006,611.3705530553467,12.067099372540437,43.44155774114557
61.7,611.9738807732545,12.06600934376742,43.43763363756271
61.75,612.5771529629073,12.064878242347346,43.433561672450445
61.800000000000004,613.1803675511146,12.063705285944081,43.4293390293987
61.85,613.7835240795213,12.062555850324353,43.42520106116767
61.900000000000006,614.3866224570612,12.061379251274333,43.420965304587604
61.95,614.9896604024251,12.060138563280628,43.41649882781026
62.0,615.592635899226,12.058881308755831,43.411972711520995
62.050000000000004,616.1955495046384,12.05766290773664,43.40758646785191
62.1,616.7984093037853,12.056729058140673,43.404224609306425
62.150000000000006,617.4012206529285,12.055724907585143,43.40060966730651
62.2,618.0039803400413,12.054662576925148,43.39678527693054
62.25,618.6066837475887,12.053473724970305,43.3925054098931
62.300000000000004,619.2093282217724,12.052305242376047,43.38829887255377
62.35,619.8119153875773,12.0511813898202,43.384253003352725
62.400000000000006,620.4144486907284,12.050150736222966,43.380542650402674
62.45,621.016931250256,12.049151644882858,43.37694592157829
62.5,621.6193643942942,12.04817411664515,43.37342681992254
62.550000000000004,622.221752016333,12.047330764905231,43.37039075365883
62.6,622.8240997016125,12.046576646274797,43.36767592658927
62.650000000000006,623.4264081845573,12.045762671520237,43.364745617472856
62.7,624.0286764175335,12.04496664752704,43.36187993109735
62.75,624.6309054695189,12.044195431889433,43.35910355480196
62.800000000000004,625.2330999095303,12.043582168567744,43.35689580684388
62.85,625.8352647101564,12.04300985647256,43.354835483301216
62.900000000000006,626.4374015772809,12.042464828505173,43.352873382618625
62.95,627.0395115239522,12.041933038348413,43.35095893805428
63.0,627.6415950999375,12.04141000106203,43.349076003823306
63.050000000000004,628.2436531571594,12.040912287815237,43.347284236134854
63.1,628.8456872696997,12.040452213796637,43.345627969667895
63.150000000000006,629.4476994324375,12.040034295713616,43.344123464569016
63.2,630.049695240006,12.039798007029631,43.34327282530668
63.25,630.6516804406756,12.039610019751532,43.34259607110552
63.300000000000004,631.2536576947675,12.039480143926651,43.342128518135944
63.35,631.8556286941864,12.039359832830169,43.341695398188605
63.400000000000006,632.457594206153,12.039260645833615,43.34133832500101
63.45,633.0595581035939,12.039295251802434,43.341462906488765
63.5,633.6615241292914,12.03934577609743,43.34164479395075
63.550000000000004,634.2634930433097,12.039410784635166,43.341878824686596
63.6,634.8654663808064,12.03952271523432,43.34228177484355
63.650000000000006,635.4674441473983,12.039587948438884,43.34251661437998
63.7,636.0694227947938,12.039557947381283,43.34240861057262
63.75,636.671401483729,12.039589610025462,43.34252259609167
63.800000000000004,637.2733824033,12.039647172813593,43.34272982212894
63.85,637.8753669418112,12.039734367631283,43.34304372347262
63.900000000000006,638.4773560615674,12.039830422619383,43.34338952142978
63.95,639.0793501474778,12.039933013798768,43.34375884967557
64.0,639.6813498863496,12.040056541072307,43.3442035478603
64.05,640.283355654519,12.040174185702258,43.344627068528126
64.10000000000001,640.8853670693709,12.040282408371551,43.34501667013758
64.15,641.4873853494267,12.04044879386163,43.34561565790187
64.2,642.0894123706885,12.040632056609772,43.346275403795175
64.25,642.6914488195858,12.040825899282801,43.346973237418084
64.3,643.2934937154113,12.040969933733232,43.347491761439635
64.35000000000001,643.8955450682951,12.041084181620622,43.347903053834244
64.4,644.4976020052906,12.041193298198733,43.34829587351544
64.45,645.0996652959842,12.041338329545637,43.348817986364296
64.5,645.701736944042,12.04152759276568,43.34949933395645
64.55,646.3038152015624,12.041602708052583,43.3497697489893
64.60000000000001,646.9058965810799,12.041652472646316,43.34994890152674
64.65,647.507980004555,12.041684466354635,43.350064078876684
64.7,648.1100665997805,12.041779342667024,43.350405633601284
64.75,648.7121586160157,12.04190130674325,43.3508447042757
64.8,649.3142560684649,12.04199679122765,43.35118844841954
64.85000000000001,649.916358914991,12.042117069812303,43.35162145132429
64.9,650.5184683952987,12.04226214249721,43.35214371298996
64.95,651.1205823248742,12.042295040526632,43.35226214589588
65.0,651.7226968992633,12.042287935034292,43.35223656612345
65.05,652.324809585179,12.042219501591669,43.35199020573001
65.10000000000001,652.9269208499629,12.042231089767402,43.35203192316265
65.15,653.5290334079515,12.042271229776421,43.35217642719512
65.2,654.1311478401607,12.04230605859151,43.35230181092944
65.25,654.7332615946536,12.042244121127515,43.35207883605906
65.3,655.3353702880006,12.04210361275315,43.35157300591134
65.35000000000001,655.937471821304,12.041957719381823,43.35104778977457
65.4,656.5395674372204,12.041866917273405,43.35072090218426
65.45,657.141660840634,12.041869219271582,43.350729189377695
65.5,657.7437591899544,12.0420647535445,43.3514331127602
65.55,658.3458677515935,12.042277712017476,43.35219976326292
65.60000000000001,658.9479831947672,12.042340014932087,43.35242405375551
65.65,659.550101986795,12.042411666180808,43.35268199825091
65.7,660.1522245041701,12.042489028824686,43.35296050376887
65.75,660.7543501521703,12.04253689118115,43.35313280825214
65.8,661.3564754837937,12.042476373755369,43.35291494551933
65.85000000000001,661.9585941166754,12.042268941513655,43.35216818944916
65.9,662.5607037794747,12.042117570456387,43.351623253643
65.95,663.162806950643,12.042009276277447,43.351233394598815
66.0,663.7649071679742,12.041999416970448,43.35119790109361
66.05,664.3670048760719,12.04190890693512,43.35087206496643
66.10000000000001,664.9690967932116,12.041767778657222,43.350364003166
66.15,665.5711787326934,12.041509800613289,43.34943528220784
66.2,666.1732474194531,12.041237669776379,43.348455611194964
66.25,666.7753021108196,12.040949984879866,43.347419945567516
66.3,667.3773424625854,12.040664085752535,43.34639070870913
66.35000000000001,667.9793664460838,12.040295254181023,43.345062915051685
66.4,668.581367070979,12.039729741628683,43.34302706986326
66.45,669.1833349609618,12.038985857684533,43.34034908766432
66.5,669.7852633532306,12.038149833065622,43.33733939903624
66.55,670.3871465008816,12.037176072977257,43.33383386271812
66.60000000000001,670.9889793310342,12.03613713312639,43.33009367925501
66.65,671.5907587592889,12.035039997059002,43.32614398941241
66.7,672.1924816736193,12.033876576161122,43.32195567418004
66.75,672.7941457823127,12.032687771574622,43.31767597766864
66.8,673.3957494692274,12.031459705011274,43.313254938040586
66.85000000000001,673.9972886956414,12.030109351544246,43.30839366555929
66.9,674.5987584182385,12.028679552342997,43.303246388434786
66.95,675.2001516753447,12.027050731906867,43.29738263486472
67.0,675.8014613925743,12.0253379572769,43.291216646196844
67.05,676.4026839523888,12.023564435303424,43.28483196709233
67.10000000000001,677.0038163116155,12.021729933767885,43.27822776156439
67.15,677.6048560382144,12.019859130186004,43.27149286866962
67.2,678.205800890339,12.017934954796445,43.264565837267206
67.25,678.8066474042433,12.015925601379127,43.25733216496486
67.3,679.4073927878162,12.013889741536044,43.25000306952976
67.35000000000001,680.0080357905772,12.01183036890474,43.242589328057065
67.4,680.6085757909232,12.009769644934455,43.235170721764035
67.45,681.2090127589153,12.007709074749018,43.22775266909647
67.5,681.8093472286708,12.005669715473033,43.22041097570292
67.55,682.4095794930786,12.00362086083602,43.21303509900967
67.60000000000001,683.0097090279154,12.001560532637772,43.20561791749598
67.65,683.6097340032929,11.999438482465226,43.197978536874814
67.7,684.2096524899112,11.99730098226296,43.19028353614666
67.75,684.8094637252182,11.995148430016192,43.18253434805829
67.8,685.4091682446468,11.993032347128286,43.17491644966183
67.85000000000001,686.0087671556208,11.990924091833383,43.16732673060018
67.9,686.6082584881264,11.988729208385603,43.15942515018817
67.95,687.207640114002,11.986535826638457,43.151528975898444
68.0,687.806912107631,11.984343918522773,43.14363810668198
68.05,688.4060776970649,11.982279658834274,43.13620677180339
68.10000000000001,689.0051422019532,11.980300536695998,43.12908193210559
68.15,689.6041115482074,11.978473313472017,43.12250392849926
68.2,690.2029914922254,11.976724447247381,43.116208010090574
68.25,690.8017845238703,11.9749968185497,43.10998854677892
68.3,691.4004901682712,11.973228957483482,43.103624246940534
68.35000000000001,691.999107784286,11.971475683108752,43.09731245919151
68.4,692.5976380270797,11.969734028640802,43.09104250310689
68.45,693.1960863568189,11.968199160924906,43.08551697932966
68.5,693.7944595805952,11.966729790129408,43.08022724446587
68.55,694.3927617463131,11.965356838584341,43.07528461890363
68.60000000000001,694.9909997325069,11.964162609166255,43.07098539299852
68.65,695.5891799772463,11.96304718040856,43.066969849470816
68.7,696.1873075512267,11.962055778807567,43.063400803707246
68.75,696.7853899548381,11.961240365650118,43.06046531634043
68.8,697.3834345289089,11.960542597179538,43.057953349846336
68.85000000000001,697.9814499499122,11.960074242950814,43.05626727462293
68.9,698.5794425685301,11.95963050176637,43.05466980635893
68.95,699.1774138182697,11.959219487816629,43.05319015613986
69.0,699.7753674461301,11.95892562659872,43.052132255755396
69.05,700.3733088628303,11.958731041409747,43.05143174907509
69.10000000000001,700.9712463176617,11.95876715184326,43.051561746635734
69.15,701.5691875353803,11.958881556900447,43.05197360484161
69.2,702.1671359426598,11.959054734283358,43.052597043420086
69.25,702.7650990851157,11.959470963952562,43.05409547022922
69.3,703.3630848744447,11.959960609204838,43.05585819313742
69.35000000000001,703.9610971253779,11.960529428125135,43.05790594125049
69.4,704.5591421258813,11.961270592009654,43.06057413123476
69.45,705.157225309763,11.962056763260332,43.0634043477372
69.5,705.7553491916827,11.962898513527877,43.06643464870036
69.55,706.3535136868691,11.963681293924298,43.069252658127475
69.60000000000001,706.9517173852536,11.964466641456937,43.07207990924498
69.65,707.5499650706578,11.965440774711857,43.07558678896268
69.7,708.148263329473,11.966489577899672,43.079362480438824
69.75,708.7466156639175,11.96760379987826,43.08337367956174
69.8,709.3450259217253,11.968806512436025,43.087703444769694
69.85000000000001,709.9434980614748,11.970079077541316,43.09228467914874
69.9,710.5420367769483,11.971469541399278,43.0972903490374
69.95,711.1406429240137,11.972776341217276,43.101994828382196
70.0,711.7393133610419,11.97404113991249,43.106548103684965
70.05,712.3380451249607,11.975229416839055,43.1108259006206
70.10000000000001,712.9368369227515,11.97644249479232,43.11519298125235
70.15,713.5356898144581,11.977673173474212,43.11962342450717
70.2,714.1346061177754,11.978978959220019,43.12432425319207
70.25,714.7335872897523,11.980267919855216,43.12896451147878
70.3,715.3326322804544,11.981531708227616,43.133514149619415
70.35000000000001,715.9317357222787,11.98260596474835,43.13738147309406
70.4,716.5308923012528,11.98365719421665,43.141165899179946
70.45,717.13010312439,11.984775731270652,43.14519263257435
70.5,717.7293714122109,11.985955781567393,43.14944081364261
70.55,718.3286995356308,11.987169155227877,43.153808958820356
70.60000000000001,718.9280874379402,11.988346937148807,43.1580489737357
70.65,719.527532532722,11.989456854123059,43.16204467484302
70.7,720.1270311118915,11.990486312655372,43.16575072555934
70.75,720.7265806611861,11.991495659129122,43.16938437286484
70.8,721.3261793578098,11.992452205819015,43.17282794094846
70.85000000000001,721.9258226571469,11.993279767665843,43.175807163597035
70.9,722.5255057322511,11.994043236499083,43.1785556513967
70.95,723.1252263962552,11.994783323667072,43.18121996520146
71.0,723.7249853361068,11.995574270395416,43.184067373423495
71.05,724.3247831271807,11.996337372562373,43.18681454122454
71.10000000000001,724.924618403031,11.997073661447994,43.189465181212775
71.15,725.5244905389048,11.9978117735046,43.19212238461656
71.2,726.124398636238,11.998512119820406,43.194643631353465
71.25,726.7243398275637,11.999135533206001,43.1968879195416
71.3,727.3243122645932,11.99976194797781,43.199143012720114
71.35000000000001,727.9243162731118,12.00039839276347,43.201434213948495
71.4,728.5243533664814,12.001085342021229,43.203907231276425
71.45,729.1244239333637,12.001737333269455,43.20625439977004
71.5,729.7245264168052,12.002362004392582,43.208503215813295
71.55,730.3246544324364,12.00275862085591,43.20993103508128
71.60000000000001,730.9248016434874,12.003129821184114,43.21126735626281
71.65,731.524966655492,12.00347065900123,43.21249437240443
71.7,732.1251501474893,12.0038690208908,43.213928475206885
71.75,732.7253544615271,12.004303540621436,43.21549274623717
71.8,733.3255825739643,12.004820956866583,43.2173554447197
71.85000000000001,733.9258339956209,12.005235909399385,43.21884927383779
71.9,734.5261045191336,12.005585031107778,43.220106111988
71.95,735.1263912568689,12.005884478306124,43.22118412190205
72.0,735.726693139578,12.006190830052024,43.222286988187285
72.05,736.3270105650225,12.006506187729519,43.223422275826266
72.10000000000001,736.9273433961199,12.006807056167236,43.224505402202055
72.15,737.5276910398774,12.007098694131084,43.2255552988719
72.2,738.1280527857343,12.007371140147296,43.22653610453027
72.25,738.7284265882853,12.007580961891636,43.22729146280989
72.3,739.3288103014586,12.007767565041775,43.22796323415039
72.35000000000001,739.9292058914461,12.008056034458738,43.22900172405146
72.4,740.5296178770054,12.008423387910293,43.230324196477056
72.45,741.1300503172178,12.008874220582921,43.23194719409852
72.5,741.7305047507047,12.009303118894284,43.233491228019425
72.55,742.3309804034549,12.009722991113522,43.23500276800868
72.60000000000001,742.9314766830893,12.010128194261606,43.23646149934178
72.65,743.5319912881904,12.010456009783764,43.23764163522155
72.7,744.1325214998036,12.01075245474235,43.238708837072465
72.75,744.7330663927193,12.011043261884192,43.23975574278309
72.8,745.3336234317994,12.011238301321125,43.240457884756054
72.85000000000001,745.9341881646858,12.011351014134542,43.24086365088435
72.9,746.5347549804574,12.011321616726452,43.24075782021523
72.95,747.1353198536094,12.011273309357787,43.240583913688035
73.0,747.7358818133475,12.011205080164626,43.24033828859265
73.05,748.3364427565612,12.01123264838039,43.24043753416941
73.10000000000001,748.9370062954287,12.01130890632093,43.24071206275535
73.15,749.5375759242729,12.01147624744931,43.24131449081752
73.2,750.1381544768894,12.011665857209927,43.24199708595574
73.25,750.7387428974681,12.011870965938575,43.24273547737887
73.3,751.3393379468645,12.011931009916328,43.24295163569878
73.35000000000001,751.9399370200656,12.012031918129889,43.2433149052676
73.4,752.540542606502,12.012191539325935,43.24388954157337
73.45,753.1411579573777,12.012422495704515,43.24472098453625
73.5,753.7417855013559,12.012679263426955,43.24564534833704
73.55,754.3424267346797,12.012970069527753,43.246692250299915
73.60000000000001,754.9430815045451,12.01322072508738,43.24759461031457
73.65,755.5437480970085,12.013442973442865,43.248394704394315
73.7,756.1444230746224,12.013556131112834,43.2488020720062
73.75,756.7451034713027,12.013659736101024,43.24917504996369
73.8,757.3457887704249,12.013752228785926,43.24950802362933
73.85000000000001,757.946478179327,12.013824127296019,43.249766858265666
73.9,758.5471717310803,12.013917942838988,43.25010459422036
73.95,759.1478715520466,12.014074895810586,43.25066962491811
74.0,759.7485776905135,12.014170642865388,43.2510143143154
74.05,760.349287706299,12.01422998855991,43.251227958815676
74.10000000000001,760.9499986733141,12.014208692040375,43.25115129134535
74.15,761.5507084312859,12.014181626829712,43.251053856586964
74.2,762.1514166997184,12.014149110470553,43.250936797693996
74.25,762.7521215695444,12.01404568257066,43.25056445725438
74.3,763.3528205544603,12.013913714066414,43.25008937063909
74.35000000000001,763.9535118113669,12.013736562197264,43.249451623910154
74.4,764.5541942922597,12.013562673514665,43.248825624652795
74.45,765.1548674235625,12.013362578595837,43.24810528294501
74.5,765.755526845158,12.013014285223957,43.246851426806245
74.55,766.3561675097458,12.01261229828886,43.245404273839895
74.60000000000001,766.9567870458602,12.01216914628863,43.24380892663907
74.65,767.5573825801157,12.011652223929566,43.24194800614644
74.7,768.1579520550154,12.011126772055977,43.24005637940152
74.75,768.7584949898851,12.010590622733199,43.23812624183952
74.8,769.3590087832209,12.009961110701092,43.23585999852393
74.85000000000001,769.9594906889477,12.009315118369527,43.2335344261303
74.9,770.5599409894619,12.008696902201226,43.23130884792442
74.95,771.1603572501463,12.007953525174202,43.22863269062713
75.0,771.7607343552495,12.007130678954006,43.225670444234424
75.05,772.3610685330049,12.006236431260083,43.2224511525363
75.10000000000001,772.9613576002619,12.005326259019174,43.219174532469026
75.15,773.5616006494926,12.004395710207385,43.21582455674659
75.2,774.1617951144791,12.003382889254516,43.21217840131626
75.25,774.7619392108967,12.00238096744657,43.20857148280765
75.3,775.3620350328023,12.001451908777247,43.205226871598086
75.35000000000001,775.9620824544986,12.000444959073779,43.201601852665604
75.4,776.5620782109125,11.999385297482776,43.197787070938
75.45,777.1620168792391,11.998161435581205,43.19338116809234
75.5,777.7618934540205,11.996901555675727,43.18884560043262
75.55,778.3617060997238,11.9956042724585,43.184175380850604
75.60000000000001,778.9614554778426,11.994370852290633,43.17973506824628
75.65,779.5611434772053,11.993149122217352,43.175336839982464
75.7,780.1607706482466,11.991937719438088,43.17097578997712
75.75,780.7603354586519,11.990654696772934,43.16635690838256
75.8,781.3598350052807,11.989327168380393,43.16157780616942
75.85000000000001,781.9592654010983,11.98788866432114,43.156399191556105
75.9,782.5586244154665,11.986471910409458,43.15129887747405
75.95,783.1579130507836,11.98507350227442,43.14626460818791
76.0,783.757130948806,11.983642418619704,43.141112707030935
76.05,784.3562763253776,11.982172644245244,43.13582151928288
76.10000000000001,784.9553465882724,11.980637871543928,43.13029633755814
76.15,785.554338726041,11.979047639199853,43.124571501119476
76.2,786.1532508364693,11.977436777928872,43.11877240054394
76.25,786.7520819162361,11.975806412742845,43.112903085874244
76.3,787.3508318575529,11.97419123992768,43.10708846373965
76.35000000000001,787.9495012970184,11.972586338694521,43.101310819300274
76.4,788.5480899754535,11.970960798710689,43.09545887535848
76.45,789.1465979791884,11.969359350685204,43.089693662466736
76.5,789.745026759216,11.96779185041921,43.08405066150916
76.55,790.3433788904997,11.966293400928834,43.0786562433438
76.60000000000001,790.9416569419028,11.964828655195337,43.073383158703216
76.65,791.5398633034797,11.963425807879956,43.06833290836784
76.7,792.1380022171493,11.962130738903271,43.06367066005178
76.75,792.7360780740756,11.960903538150404,43.05925273734146
76.80000000000001,793.3340962649158,11.959824095458504,43.055366743650616
76.85000000000001,793.9320624566068,11.95882357217954,43.051764859846344
76.9,794.5299808741271,11.957913128634537,43.04848726308433
76.95,795.1278580752037,11.9571749144288,43.04582969194368
77.0,795.7256998398324,11.956495670719393,43.043384414589816
77.05000000000001,796.3235098017877,11.955902807494203,43.041250106979135
77.10000000000001,796.9212907712423,11.955335970687704,43.039209494475735
77.15,797.5190435139324,11.954773736915534,43.037185452895926
77.2,798.1167667784571,11.954156844070468,43.03496463865368
77.25,798.714460529644,11.953593203408607,43.03293553227098
77.30000000000001,799.3121273332804,11.9530789420439,43.03108419135804
77.35000000000001,799.9097731161374,11.952752372236242,43.02990854005047
77.4,800.5074036199779,11.952467781383154,43.028884012979354
77.45,801.1050212402066,11.952237027761958,43.02805329994305
77.5,801.7026277590816,11.952023727236456,43.02728541805124
77.55000000000001,802.3002245114468,11.951846367373458,43.02664692254445
77.60000000000001,802.8978163383833,11.951826710086353,43.026576156310874
77.65,803.4954107484697,11.951949693365655,43.02701889611636
77.7,804.0930139895984,11.952179951781678,43.027847826414046
77.75,804.6906325217857,11.952561335711557,43.02922080856161
77.80000000000001,805.2882724809124,11.953037029355523,43.03093330567988
77.85000000000001,805.885939776241,11.95365478378976,43.03315722164314
77.9,806.4836399085406,11.95435050819214,43.03566182949171
77.95,807.0813746713817,11.955040005452126,43.03814401962766
78.0,807.6791415441514,11.955634905335748,43.04028565920869
78.05000000000001,808.2769411135205,11.95634786942424,43.042852329927264
78.10000000000001,808.8747787002056,11.957155597982306,43.0457601527363
78.15,809.4726598594146,11.958090770378895,43.04912677336402
78.2,810.0705874703503,11.959013667047314,43.05244920137033
78.25,810.6685606589601,11.959913877346183,43.05568995844626
78.30000000000001,811.266578518602,11.960800508328946,43.05888182998421
78.35000000000001,811.8646407036805,11.961686894806975,43.062072821305115
78.4,812.4627464244721,11.962541936859088,43.06515097269272
78.45,813.0608927501611,11.963311090700788,43.06791992652284
78.5,813.6590770205735,11.964059725792582,43.070615012853295
78.55000000000001,814.257301130696,11.964904679105011,43.07365684477804
78.60000000000001,814.8555676696755,11.965756880075114,43.07672476827041
78.65,815.4538769885604,11.966615875324816,43.07981715116934
78.7,816.0522264720047,11.967363462447148,43.082508464809735
78.75,816.6506125695378,11.968080438877058,43.08508957995741
78.80000000000001,817.2490328294315,11.968729956871783,43.08742784473842
78.85000000000001,817.8474825117046,11.969257334050738,43.08932640258266
78.9,818.445957171249,11.969729047724906,43.09102457180966
78.95,819.0444518583625,11.970058436814567,43.09221037253244
79.0,819.6429624324489,11.970364526642838,43.09331229591422
79.05000000000001,820.2414879455996,11.970655999385443,43.0943615977876
79.10000000000001,820.8400229201751,11.970742983633977,43.09467474108232
79.15,821.4385611229743,11.970785128333036,43.09482646199893
79.2,822.037099456057,11.970748194975126,43.094693501910456
79.25,822.6356364117042,11.970730030913451,43.09462811128842
79.30000000000001,823.2341727062559,11.97072175115036,43.0945983041413
79.35000000000001,823.8327076760246,11.970677039596184,43.094437342546264
79.4,824.4312388675418,11.970570621092694,43.0940542359337
79.45,825.0297639052367,11.970430886702621,43.09355119212944
79.5,825.6282807144718,11.970241482699437,43.09286933771798
79.55000000000001,826.2267874263789,11.970026993585332,43.092097176907195
79.60000000000001,826.8252822921518,11.9697676373303,43.09116349438908
79.65,827.4237627971092,11.969452560967284,43.090029219482226
79.7,828.0222264403183,11.96909316739322,43.08873540261559
79.75,828.62066853646,11.968590678276177,43.08692644179424
79.80000000000001,829.2190836084058,11.968012199554366,43.08484391839572
79.85000000000001,829.8174687555498,11.967393686208103,43.082617270349175
79.9,830.4158194059561,11.96663233003994,43.07987638814379
79.95,831.0141312746395,11.965842417295491,43.07703270226377
80.0,831.6124027684882,11.965017336656011,43.07406241196164
80.05000000000001,832.2106319838405,11.964151277433983,43.07094459876234
80.10000000000001,832.8088187802591,11.963320579312741,43.06795408552587
80.15,833.4069658369034,11.962561686458484,43.065222071250545
80.2,834.0050750159527,11.961805475514833,43.0624997118534
80.25,834.6031464558579,11.961052120694166,43.059787634499
80.30000000000001,835.2011784693115,11.960228417450661,43.05682230282238
80.35000000000001,835.7991704021128,11.959448894604485,43.05401602057615
80.4,836.397124411531,11.958711482119515,43.051361335630254
80.45,836.9950428240749,11.958025019636828,43.048890070692586
80.5,837.5929268875784,11.957337520506702,43.04641507382413
80.55000000000001,838.1907759101589,11.956623382713731,43.04384417776944
80.60000000000001,838.7885903662641,11.955954861494554,43.04143750138039
80.65,839.3863722178617,11.955319202409186,43.03914912867307
80.7,839.9841232300673,11.954721285818117,43.036996628945225
80.75,840.5818444765637,11.954128574036371,43.034862866530936
80.80000000000001,841.1795363200496,11.953545165401996,43.03276259544719
80.85000000000001,841.7772004325006,11.953019332642379,43.03086959751256
80.9,842.3748399504532,11.952561385460735,43.02922098765865
80.95,842.9724588558527,11.952194830517017,43.02790138986126
81.0,843.5700617757716,11.951921966237833,43.0269190784562
81.05000000000001,844.1676526680915,11.951713726556429,43.02616941560314
81.10000000000001,844.76523606844,11.951622287383183,43.025840234579455
81.15,845.36281732286,11.951627889415342,43.02586040189523
81.2,845.9604006032549,11.951703326382695,43.0261319749777
81.25,846.5579909739868,11.951911502890228,43.02688141040482
81.30000000000001,847.1555918683462,11.952124271487763,43.02764737735595
81.35000000000001,847.7532034260946,11.952338038447992,43.028416938412775
81.4,848.3508255826339,11.952548223124088,43.02917360324672
81.45,848.9484599684899,11.952827211116913,43.030177960020886
81.5,849.546112443126,11.95327177432572,43.031778387572594
81.55000000000001,850.1437909927695,11.953870211413134,43.033932761087286
81.60000000000001,850.7415020507297,11.954572106993142,43.036459585175315
81.65,851.3392541764285,11.95551292096407,43.03984651547065
81.7,851.9370558296197,11.956553206681113,43.043591544052006
81.75,852.5349119763562,11.957692662780207,43.04769358600875
81.80000000000001,853.1328282142407,11.958956852601677,43.05224466936604
81.85000000000001,853.7308077815167,11.960225838435372,43.05681301836734
81.9,854.3288500390607,11.961464463329868,43.061272067987524
81.95,854.9269531901433,11.962661579974244,43.065581687907276
82.0,855.525116230664,11.963860040854842,43.06989614707743
82.05000000000001,856.1233406766254,11.965117797599662,43.074424071358784
82.10000000000001,856.7216285957657,11.966398968010324,43.079036284837166
82.15,857.3199811070366,11.967701482825369,43.08372533817133
82.2,857.9183987303164,11.969003448369566,43.08841241413044
82.25,858.5168827955185,11.970359159716997,43.09329297498119
82.30000000000001,859.1154366986189,11.971796964295063,43.098469071462226
82.35000000000001,859.7140688918579,11.973490765268249,43.104566754965695
82.4,860.3127888097195,11.975305949193073,43.111101417095064
82.45,860.9116041354125,11.977307078528408,43.11830548270227
82.5,861.5105217175771,11.979396208056775,43.12582634900439
82.55000000000001,862.1095452454416,11.981544906523238,43.13356166348366
82.60000000000001,862.7086733611472,11.983579721700888,43.1408869981232
82.65,863.3079034348868,11.98562322788375,43.1482436203815
82.7,863.9072358768648,11.987674451233712,43.15562802444136
82.75,864.5066737961484,11.989842320115066,43.16343235241424
82.80000000000001,865.1062211532501,11.992051963950468,43.171387070221684
82.85000000000001,865.7058800823469,11.994305199919859,43.179498719711496
82.9,866.3056540555458,11.996653728038,43.1879534209368
82.95,866.9055469378022,11.999061562218678,43.19662162398724
83.0,867.5055623466142,12.001554790258146,43.20559724492932
83.05000000000001,868.105703908326,12.00410767821139,43.21478764156101
83.10000000000001,868.705974725732,12.006725018030185,43.22421006490867
83.15,869.3063803757318,12.009500981966129,43.234203535078066
83.2,869.9069269236531,12.012360934889674,43.24449936560283
83.25,870.5076200565085,12.015364379324748,43.25531176556909
83.30000000000001,871.1084633760931,12.01836840406417,43.26612625463101
83.35000000000001,871.7094566105292,12.021360973375517,43.276899504151864
83.4,872.3105968389187,12.02424816220557,43.28729338394005
83.45,872.9118825356362,12.027179706495232,43.29784694338284
83.5,873.5133158033339,12.030151001411333,43.3085436050808
83.55000000000001,874.1148997978424,12.033208778932481,43.319551604156935
83.60000000000001,874.7166370215031,12.036280167491535,43.33060860296953
83.65,875.3185281092889,12.039363343942748,43.34170803819389
83.7,875.9205723430292,12.042406005670534,43.352661620413926
83.75,876.522768721819,12.045449145923929,43.36361692532614
83.80000000000001,877.1251187386466,12.048551527178075,43.374785497841074
83.85000000000001,877.7276243089354,12.05167128437486,43.3860166237495
83.9,878.3302861849406,12.054803755834822,43.39729352100536
83.95,878.933105722039,12.057977728102932,43.40871982117056
84.0,879.5360840473036,12.061155282476298,43.420159016914674
84.05000000000001,880.139221351361,12.064336879820099,43.431612767352355
84.10000000000001,880.7425182491628,12.06753903225109,43.44314051610393
84.15,881.345974964683,12.070729588558441,43.454626518810386
84.2,881.9495897846821,12.073863211405717,43.46590756106058
84.25,882.5533605651744,12.07696800828996,43.477084829843854
84.30000000000001,883.1572861272932,12.080054476459635,43.48819611525469
84.35000000000001,883.7613655621452,12.083122917618068,43.499242503425045
84.4,884.3655986776539,12.086201702730543,43.510326129829956
84.45,884.9699860472218,12.089293079987305,43.5214550879543
84.5,885.5745303456702,12.092478857943957,43.53292388859825
84.55000000000001,886.179235564753,12.095729905369335,43.544627659329606
84.60000000000001,886.784106772798,12.099118416433212,43.55682629915957
84.65,887.3891469970357,12.102490553072958,43.56896599106265
84.7,887.9943555341072,12.105850929783527,43.5810633472207
84.75,888.5997315744977,12.109190685837154,43.593086469013755
84.80000000000001,889.2052741093875,12.112510709754815,43.60503855511734
84.85000000000001,889.8109821499153,12.115810911356673,43.61691928088403
84.9,890.4168515159487,12.118963729981456,43.62826942793324
84.95,891.0228765383606,12.122037166494604,43.63933379938057
85.0,891.6290519579939,12.12497961883499,43.64992662780597
85.05000000000001,892.2353711851856,12.127789468834187,43.66004208780308
85.10000000000001,892.8418290043098,12.130523296132479,43.66988386607692
85.15,893.4484198768673,12.133111606167086,43.67920178220151
85.2,894.0551393334066,12.135666655405018,43.68839995945807
85.25,894.6619858304038,12.138193224480503,43.69749560812981
85.30000000000001,895.2689592523705,12.140743654185485,43.706677155067744
85.35000000000001,895.8760607045717,12.143314433865575,43.71593196191607
85.4,896.4832916280126,12.145922503769382,43.725321013569776
85.45,897.0906541595297,12.148578756914674,43.73488352489283
85.5,897.6981492713977,12.15122571780875,43.7444125841115
85.55000000000001,898.3057749729978,12.153802346197605,43.75368844631138
85.60000000000001,898.9135280592086,12.15632110223142,43.76275596803311
85.65,899.5214059814347,12.158795786809204,43.77166483251314
85.7,900.1294039157142,12.161121584373246,43.78003770374369
85.75,900.7375164120732,12.163378269985449,43.788161771947614
85.80000000000001,901.345739534358,12.165546621406866,43.79596783706472
85.85000000000001,901.954072906644,12.167788270032348,43.80403777211645
85.9,902.5625190786116,12.170058608672175,43.81221099121983
85.95,903.1710803230662,12.172391169514835,43.82060821025341
86.0,903.7797589241003,12.174752871846309,43.829110338646714
86.05000000000001,904.3885559281139,12.177127288698292,43.83765823931385
86.10000000000001,904.9974728091466,12.179547952612145,43.846372629403724
86.15,905.6065095478825,12.181921596821988,43.85491774855916
86.2,906.2156637215282,12.184245349008762,43.863283256431544
86.25,906.8249337452403,12.186555599473602,43.87160015810497
86.30000000000001,907.4343192339308,12.188863948143887,43.87991021331799
86.35000000000001,908.0438205161115,12.191187339087664,43.88827442071559
86.4,908.6534334734811,12.193330955693503,43.89599144049661
86.45,909.2631509817336,12.195369374405205,43.90332974785874
86.5,909.872965930046,12.197228558090377,43.91002280912536
86.55000000000001,910.4828740588563,12.199096594321354,43.916747739556875
86.60000000000001,911.092875723621,12.200969996265732,43.923491986556634
86.65,911.7029740725852,12.202963962302317,43.93067026428834
86.7,912.3131715660793,12.204935777461733,43.93776879886224
86.75,912.9234666208364,12.206866412820608,43.94471908615419
86.80000000000001,913.5338556724424,12.208695651422623,43.95130434512144
86.85000000000001,914.1443347233145,12.210466383461753,43.95767898046231
86.9,914.7549001540044,12.212150844137096,43.96374303889355
86.95,915.365549195113,12.21381080020342,43.969718880732316
87.0,915.9762806532318,12.215447524551958,43.975611088387055
87.05000000000001,916.587092609488,12.217030725693839,43.98131061249782
87.10000000000001,917.1979830531666,12.218587021451402,43.98691327722505
87.15,917.8089505579218,12.220113168754404,43.992407407515856
87.2,918.4199951261681,12.221669561098281,43.998010419953815
87.25,919.0311176002266,12.223229401241356,44.003625844468885
87.30000000000001,919.6423186316551,12.224811855900468,44.009322681241684
87.35000000000001,920.2535988200639,12.226395680449981,44.01502444961993
87.4,920.8649580071061,12.227971801238024,44.02069848445689
87.45,921.476395907561,12.229544216959694,44.0263591810549
87.5,922.0879125588854,12.23112183601333,44.03203860964799
87.55000000000001,922.6995083415428,12.232709470284814,44.03775409302533
87.60000000000001,923.3111829426338,12.234274573353579,44.04338846407288
87.65,923.9229362688253,12.235858474309886,44.049090507515594
87.7,924.5347709069677,12.237527051382989,44.05509738497876
87.75,925.1466897312051,12.239225918114276,44.061213305211396
87.80000000000001,925.758693309344,12.24091720744372,44.06730194679739
87.85000000000001,926.3707789548527,12.242508612902865,44.073031006450314
87.9,926.9829455995681,12.244157175715943,44.078965832577396
87.95,927.5951960214135,12.245859698099402,44.085094913157846
88.0,928.2075325762403,12.247602494973608,44.091368981904985
88.05000000000001,928.8199544467403,12.249272325028084,44.09738037010111
88.10000000000001,929.4324564443824,12.250807580654172,44.10290729035502
88.15,930.0450295346044,12.252116028225364,44.10761770161131
88.2,930.657665835341,12.253336001239585,44.11200960446251
88.25,931.2703635222967,12.254571476988682,44.11645731715925
88.30000000000001,931.8831229906791,12.255807258306799,44.120906129904476
88.35000000000001,932.4959441120438,12.257037596283395,44.12533534662022
88.4,933.1088199105504,12.257994343981139,44.1287796383321
88.45,933.7217387771394,12.2587603195778,44.13153715048008
88.5,934.3346889144186,12.259245171590866,44.13328261772712
88.55000000000001,934.9476600137589,12.259598802021355,44.13455568727688
88.60000000000001,935.5606471810743,12.259887890593367,44.13559640613612
88.65,936.1736470824541,12.260108164597991,44.13638939255277
88.7,936.786659663005,12.260395057441382,44.137422206788976
88.75,937.3996872612216,12.260708871224788,44.138551936409236
88.80000000000001,938.0127245042631,12.260780850435056,44.1388110615662
88.85000000000001,938.6257577916083,12.260550643371811,44.13798231613852
88.9,939.2387699159891,12.25993433185858,44.135763594690886
88.95,939.8517459283612,12.25910616302325,44.132782186883695
89.0,940.4646770891306,12.258140267754692,44.129304963916894
89.05000000000001,941.0775536792163,12.256923335671333,44.1249240084168
89.10000000000001,941.6903595157269,12.25531012475107,44.11911644910385
89.15,942.3030778228813,12.253422161427542,44.11231978113915
89.2,942.9156822059222,12.250753160206065,44.10271137674184
89.25,943.5281463279529,12.247811721023865,44.09212219568592
89.30000000000001,944.1404562085545,12.244583503041271,44.080500610948576
89.35000000000001,944.7525933818381,12.240903428303461,44.06725234189246
89.4,945.3645412888147,12.237012850762587,44.05324626274532
89.45,945.9762864199797,12.232792395834345,44.038052625003644
89.5,946.5878015468559,12.227812679212,44.020125645163205
89.55000000000001,947.1990567990035,12.222397406694943,44.0006306641018
89.60000000000001,947.8100202317636,12.216139903706065,43.97810365334183
89.65,948.4206647275781,12.209639928875516,43.95470374395186
89.7,949.030978913495,12.202927507798238,43.93053902807366
89.75,949.6409415780846,12.195579075784236,43.90408467282325
89.80000000000001,950.2505256748445,12.187784794612813,43.87602526060613
89.85000000000001,950.8597021580267,12.179274532673446,43.845388317624405
89.9,951.4684306903865,12.169866761720636,43.81152034219429
89.95,952.0766790673241,12.160068315781691,43.77624593681409
90.0,952.6844252503297,12.149779004442776,43.739204415993996
90.05000000000001,953.2916452758099,12.139022014764855,43.70047925315348
90.10000000000001,953.898319097837,12.127930866321377,43.660551118756956
90.15,954.5041147002092,12.103893228568303,43.57401562284589
90.2,955.1086356802259,12.076945972100095,43.47700549956034
90.25,955.711748208582,12.047555162144523,43.371198583720286
90.30000000000001,956.3133508188488,12.016549248527268,43.25957729469816
90.35000000000001,956.9133322000412,11.982705999169768,43.137741597011164
90.4,957.5115641412907,11.946571650811155,43.00765794292016
90.45,958.1079485075993,11.908803001531671,42.87169080551402
90.5,958.702389480366,11.868835909136731,42.72780927289223
90.55000000000001,959.2947791824545,11.826752174399974,42.57630782783991
90.60000000000001,959.8850421142123,11.78376509591313,42.42155434528727
90.65,960.4731358367583,11.739983805924549,42.26394170132838
90.7,961.0590091166341,11.6949473891085,42.1018106007906
90.75,961.6425855879987,11.648111465474573,41.93320127570846
90.80000000000001,962.2238104535196,11.60088315536287,41.763179359306335
90.85000000000001,962.8026629987287,11.553218653002485,41.59158715080895
90.9,963.3791140575278,11.504823698958601,41.417365316250965
90.95,963.9531410405118,11.45625562040313,41.24252023345127
91.0,964.5247406184974,11.407727499021457,41.06781899647724
91.05000000000001,965.0939137306292,11.359196986250542,40.89310915050195
91.10000000000001,965.6606482651536,11.310184394721496,40.71666382099739
91.15,966.224952119791,11.26196979077989,40.543091246807606
91.2,966.7868659040281,11.214581578700969,40.37249368332349
91.25,967.346412846321,11.167296113012444,40.2022660068448
91.30000000000001,967.9036251613988,11.121196490100967,40.03630736436348
91.35000000000001,968.4585846038018,11.07718120601602,39.87785234165767
91.4,969.0113607345344,11.03386402328714,39.72191048383371
91.45,969.5619812704358,10.990957412769124,39.56744668596885
91.5,970.1104755995815,10.948815753058303,39.41573671100989
91.55000000000001,970.656908373861,10.908495218123237,39.270582785243654
91.60000000000001,971.2013384633183,10.86870836016651,39.127350096599436
91.65,971.7438004360721,10.829770549987979,38.98717397995672
91.7,972.284364102478,10.7927761062453,38.85399398248308
91.75,972.8231065867716,10.756923265497615,38.724923755791416
91.80000000000001,973.3600728842866,10.721728635103934,38.59822308637416
91.85000000000001,973.8953122588234,10.687846346367252,38.47624684692211
91.9,974.4289088176363,10.656016006149416,38.3616576221379
91.95,974.960932787326,10.624942781438063,38.24979401317703
92.0,975.4914227094882,10.594654105052081,38.14075477818749
92.05000000000001,976.0204389035339,10.565993656773282,38.03757716438381
92.10000000000001,976.5480309860586,10.537689644216199,37.93568271917832
92.15,977.0742024404126,10.509168529944679,37.83300670780085
92.2,977.5989578118327,10.481046326859417,37.7317667766939
92.25,978.1223426403693,10.454346814601047,37.63564853256377
92.30000000000001,978.6444061186656,10.42819231725273,37.54149234210983
92.35000000000001,979.1651591267931,10.401928007845184,37.44694082824266
92.4,979.6846281643138,10.37683349298261,37.3566005747374
92.45,980.2028528658125,10.35215456696478,37.26775644107321
92.5,980.7198387935073,10.327282540825566,37.17821714697204
92.55000000000001,981.2356085622262,10.303508207931676,37.09262954855404
92.60000000000001,981.7502093296825,10.28052249032165,37.00988096515794
92.65,982.2636540223435,10.25726521611862,36.92615477802703
92.7,982.7759286983027,10.233721822244608,36.84139856008059
92.75,983.2870454065263,10.210946506703259,36.75940742413173
92.80000000000001,983.7970473427085,10.18913094058492,36.680871386105714
92.85000000000001,984.3059539594796,10.16713373025558,36.60168142892009
92.9,984.8137714216238,10.145564755510287,36.524033119837036
92.95,985.3205302320326,10.124787660843218,36.44923557903559
93.0,985.8262439835328,10.103762399160653,36.37354463697835
93.05000000000001,986.330905947346,10.082716153364789,36.29777815211324
93.10000000000001,986.8345245431163,10.062027677451903,36.22329963882685
93.15,987.3371267742623,10.042061568385861,36.1514216461891
93.2,987.8387231495784,10.021793444257446,36.078456399326804
93.25,988.3393126987373,10.00178852210115,36.00643867956414
93.30000000000001,988.8389235012353,9.982643577817278,35.937516880142205
93.35000000000001,989.3375711706834,9.963263200105805,35.8677475203809
93.4,989.8352474353811,9.943787387803674,35.797634596093225
93.45,990.3319682921169,9.925046881628631,35.73016877386308
93.5,990.827749953537,9.90621957517609,35.66239047063392
93.55000000000001,991.3225741109943,9.88674672311682,35.592288203220555
93.60000000000001,991.816425508265,9.867309167709152,35.52231300375295
93.65,992.3093223153866,9.848563117157187,35.454827221765875
93.7,992.8012772448536,9.829634061527035,35.38668262149733
93.75,993.2922686465361,9.810022005769799,35.31607922077128
93.80000000000001,993.7822869702194,9.790710941562446,35.24655938962481
93.85000000000001,994.2713318151099,9.771082854055233,35.17589827459884
93.9,994.7593772629798,9.750735060741784,35.10264621867042
93.95,995.2463945988345,9.729958373445616,35.02785014440422
94.0,995.7323690520948,9.709019756965798,34.952471125076876
94.05000000000001,996.2172821589921,9.68750451893011,34.8750162681484
94.10000000000001,996.7010876979887,9.664717040931459,34.792981347353255
94.15,997.1837499200066,9.641771839783488,34.71037862322056
94.2,997.6652611979442,9.618679277724558,34.62724539980841
94.25,998.1455917102468,9.594541214376283,34.54034837175462
94.30000000000001,998.6247002569824,9.569800655046722,34.4512823581682
94.35000000000001,999.1025581308264,9.544514298714745,34.36025147537308
94.4,999.5791388343811,9.518713843470854,34.26736983649508
94.45,1000.054401003294,9.491772913043464,34.17038248695647
94.5,1000.5283059428151,9.4644246678044,34.07192880409584
94.55000000000001,1001.0008428447487,9.437051409538814,33.97338507433973
94.60000000000001,1001.4719901026881,9.408838908036815,33.871820068932536
94.65,1001.941728264221,9.380687553275484,33.770475191791746
94.7,1002.41005865894,9.352528235485984,33.66910164774954
94.75,1002.8769583366624,9.323458873409162,33.56445194427299
94.80000000000001,1003.3423789009689,9.293363698854305,33.4561093158755
94.85000000000001,1003.8062824357951,9.262777694191556,33.3459996990896
94.9,1004.2686578936176,9.23224061870775,33.236066227347905
94.95,1004.7294851504492,9.200849654559494,33.12305875641418
95.0,1005.1887325719114,9.169047203926723,33.008569934136204
95.05000000000001,1005.6463954847779,9.13746931073803,32.89488951865691
95.10000000000001,1006.102473403171,9.10564742498105,32.780330729931784
95.15,1006.5569496596066,9.073402832446114,32.66425019680601
95.2,1007.009816006659,9.04125104964654,32.54850377872754
95.25,1007.4610850325342,9.009509985364804,32.4342359473133
95.30000000000001,1007.9107629219178,8.977605589976278,32.319380123914605
95.35000000000001,1008.3588403302065,8.945490741572115,32.203766669659615
95.4,1008.8053310469202,8.9141379269759,32.090896537113245
95.45,1009.250268587619,8.883363700975433,31.98010932351156
95.5,1009.6936681545208,8.852618975098698,31.869428310355314
95.55000000000001,1010.1355500512935,8.82265689581321,31.761564824927557
95.60000000000001,1010.5759710121717,8.794181539317,31.6590535415412
95.65,1011.0149876332065,8.766483302072345,31.559339887460442
95.7,1011.4526326796454,8.739318555483555,31.4615467997408
95.75,1011.8889504011453,8.71339030451034,31.368205096237222
95.80000000000001,1012.324005084144,8.688797015438961,31.279669255580263
95.85000000000001,1012.757850429975,8.665016817798753,31.194060544075512
95.9,1013.1905416706621,8.642632809687974,31.11347811487671
95.95,1013.6221491392935,8.621665935566996,31.03799736804119
96.0,1014.0527280135661,8.60148903533991,30.965360527223677
96.05000000000001,1014.4823234094056,8.582326798238457,30.896376473658446
96.10000000000001,1014.9109974886995,8.564636373520095,30.832690944672343
96.15,1015.3388338819949,8.548819358293049,30.775749689854976
96.2,1015.7658976810715,8.533732604767835,30.721437377164204
96.25,1016.1922382340168,8.519889513044893,30.671602246961616
96.30000000000001,1016.6179259008748,8.50761716127012,30.627421780572433
96.35000000000001,1017.0430162323379,8.495996097253867,30.585585950113924
96.4,1017.4675437073729,8.485102904144567,30.546370454920442
96.45,1017.891548623598,8.475093744861088,30.510337481499917
96.5,1018.3150853800996,8.466376515199302,30.47895545471749
96.55000000000001,1018.73819498886,8.458007835212939,30.44882820676658
96.60000000000001,1019.160892022949,8.44987352835193,30.419544702066947
96.65,1019.5832010797171,8.442488742373163,30.39295947254339
96.7,1020.0051287220358,8.434616950374938,30.364621021349777
96.75,1020.4266520349431,8.426315565918395,30.334736037306225
96.80000000000001,1020.8477690205968,8.418363860232772,30.306109896837977
96.85000000000001,1021.2684926994745,8.410583294869435,30.278099861529967
96.9,1021.6888170711486,8.402391572095762,30.248609659544744
96.95,1022.1087210600141,8.39376798252393,30.217564737086146
97.0,1022.5281995691515,8.385372382972736,30.187340578701853
97.05000000000001,1022.9472505789596,8.376668009351857,30.156004833666685
97.10000000000001,1023.3658473206643,8.367201658839317,30.121925971821543
97.15,1023.7839646758861,8.357492550028478,30.08697318010252
97.2,1024.2015851724884,8.347327314068757,30.050378330647526
97.25,1024.6186717437113,8.336135534845456,30.010087925443642
97.30000000000001,1025.0351859041439,8.324430882455792,29.96795117684085
97.35000000000001,1025.4511109376551,8.312570457992852,29.925253648774266
97.4,1025.8664309789585,8.300231194147276,29.880832298930194
97.45,1026.2811099942462,8.286929417356816,29.83294590248454
97.5,1026.6951133975501,8.273206714800704,29.783544173282536
97.55000000000001,1027.1084256199554,8.259282181405647,29.73341585306033
97.60000000000001,1027.521018428764,8.244430170931976,29.679948615355112
97.65,1027.9328453396608,8.228646264949264,29.62312655381735
97.7,1028.3438709931722,8.21237987550678,29.56456755182441
97.75,1028.7540596516956,8.195166465422894,29.502599275522417
97.80000000000001,1029.163371346276,8.17730131780086,29.438284744083095
97.85000000000001,1029.5717787149706,8.15899342997565,29.372376347912343
97.9,1029.9792601351257,8.14026337623202,29.304948154435277
97.95,1030.3857850375055,8.120732718952597,29.23463778822935
98.0,1030.791322152247,8.10075187070899,29.162706734552366
98.05000000000001,1031.1958622173152,8.080850732021148,29.09106263527613
98.10000000000001,1031.5993947412667,8.060450226037391,29.01762081373461
98.15,1032.001890300878,8.039372158411084,28.941739770279902
98.2,1032.4033255409322,8.018037443764909,28.864934797553673
98.25,1032.8036959300853,7.996778122361984,28.78840124050314
98.30000000000001,1033.2029836283584,7.974729808560403,28.70902731081745
98.35000000000001,1033.601154837525,7.952118558103729,28.627626809173425
98.4,1033.998201528732,7.929749090173223,28.547096724623604
98.45,1034.3941247428245,7.907179473526069,28.46584610469385
98.5,1034.7889020762002,7.883913861504118,28.382089901414826
98.55000000000001,1035.1825119647026,7.860481678593935,28.297734042938167
98.60000000000001,1035.5749575070745,7.8373400162791915,28.21442405860509
98.65,1035.9662402655072,7.813970321024425,28.13029315568793
98.7,1036.3563349949823,7.789818857975267,28.04334788871096
98.75,1036.7452234673997,7.7657200387248935,27.95659213940962
98.80000000000001,1037.1329089864269,7.741700722357498,27.870122600486994
98.85000000000001,1037.519382681937,7.717247098050351,27.782089552981265
98.9,1037.904640196182,7.693053471749226,27.694992498297214
98.95,1038.2886982256625,7.669267707467581,27.609363746883293
99.0,1038.6715555989017,7.645027222101557,27.522097999565606
99.05000000000001,1039.0531994432238,7.620726550785766,27.43461558282876
99.10000000000001,1039.4336319150318,7.596572321536517,27.34766035753146
99.15,1039.812863115207,7.572675685465577,27.261632467676076
99.2,1040.190884403419,7.548175843019131,27.17343303486887
99.25,1040.567677323166,7.523540946864093,27.084747408710733
99.30000000000001,1040.9432516066468,7.499430392368812,26.997949412527724
99.35000000000001,1041.3176097886303,7.474896886976025,26.90962879311369
99.4,1041.6907304979666,7.44993148647161,26.819753351297795
99.45,1042.0626098815405,7.425243856490606,26.73087788336618
99.5,1042.4332642916747,7.400932548881554,26.643357175973595
99.55000000000001,1042.802687230092,7.375984987808255,26.553545956109716
99.60000000000001,1043.1708528230236,7.350638729449743,26.462299426019076
99.65,1043.5377622443416,7.32573812327566,26.37265724379238
99.7,1043.9034298633248,7.300966636053574,26.28347988979287
99.75,1044.2678483929226,7.275774547857651,26.192788372287545
99.80000000000001,1044.6310240274863,7.251250834687579,26.104503004875287
99.85000000000001,1044.9929872248479,7.22727705977268,26.01819741518165
99.9,1045.353748130083,7.203159149635951,25.931372938689425
99.95,1045.7132987424206,7.178865343869631,25.84391523793067
100.0,1046.0716552543415,7.1553951329659915,25.75942247867757
100.05000000000001,1046.4288442996233,7.132166678303971,25.675800041894295
100.10000000000001,1046.7848631177105,7.108586045183099,25.590909762659155
100.15,1047.1397130120413,7.0854097280478365,25.507475020972212
100.2,1047.493413952044,7.062627872057272,25.42546033940618
100.25,1047.8459670761765,7.039497093242916,25.3421895356745
100.30000000000001,1048.197362937962,7.016337378177478,25.25881456143892
100.35000000000001,1048.5476182566067,6.993875367614891,25.177951323413605
100.4,1048.8967519596254,6.971472753129623,25.097301911266644
100.45,1049.2447430270897,6.9481699454461205,25.013411803606033
100.5,1049.5915716264697,6.924974029750866,24.92990650710312
100.55000000000001,1049.9372536921276,6.902308596569214,24.84831094764917
100.60000000000001,1050.2817805746918,6.8787667059977275,24.76356014159182
100.65,1050.6251185199922,6.85475110602002,24.677103981672072
100.7,1050.967260579948,6.83093129221753,24.591352651983108
100.75,1051.3082222182527,6.807534239971255,24.507123263896517
100.80000000000001,1051.6479935132875,6.78331756142345,24.41994322112442
100.85000000000001,1051.9865520991634,6.759025873610569,24.33249314499805
100.9,1052.3239053951754,6.735105966872336,24.24638148074041
100.95,1052.6600440556715,6.710440452969344,24.15758563068964
101.0,1052.994937569893,6.685300115892899,24.067080417214434
101.05000000000001,1053.3285837804838,6.660548307737581,23.97797390785529
101.10000000000001,1053.660980156852,6.635306746996639,23.8871042891879
101.15,1053.992099957317,6.609485271601642,23.794146977765912
101.2,1054.3219263389901,6.583569995324664,23.700851983168793
101.25,1054.6504672712808,6.558067296303625,23.60904226669305
101.30000000000001,1054.9777288049745,6.532394051444286,23.51661858519943
101.35000000000001,1055.303690481887,6.506073025056192,23.42186289020229
101.4,1055.6283510627527,6.480350209572319,23.32926075446035
101.45,1055.951725281935,6.454618557724715,23.236626807808975
101.5,1056.2737963198338,6.428222958223137,23.141602649603293
101.55000000000001,1056.5945439693655,6.401683023046588,23.046058882967717
101.60000000000001,1056.9139789737706,6.375717153153309,22.95258175135191
101.65,1057.2321184456266,6.349861721084499,22.8595021959042
101.7,1057.5489551461724,6.323606300746262,22.764982682686544
101.75,1057.8644850565802,6.297590115568216,22.67132441604558
101.80000000000001,1058.1787338124059,6.272360117456374,22.58049642284295
101.85000000000001,1058.4917065114782,6.246547845442534,22.487572243593124
101.9,1058.8033803463586,6.220405549769436,22.393459979169968
101.95,1059.1137621728692,6.194867510656949,22.301523038365016
102.0,1059.4228703429383,6.169459292110258,22.210053451596927
102.05000000000001,1059.7306918767392,6.14340205992809,22.116247415741125
102.10000000000001,1060.0372200729403,6.11772578811611,22.023812837217996
102.15,1060.3424843291812,6.092844461522007,21.934240061479226
102.2,1060.6464929903682,6.067501985962079,21.843007149463485
102.25,1060.949228737989,6.04192791886774,21.750940507923865
102.30000000000001,1061.2506987905163,6.016874182226652,21.660747056015946
102.35000000000001,1061.5509076530088,5.991480317479792,21.569329142927252
102.4,1061.8498305759442,5.9654365999329135,21.475571759758488
102.45,1062.147457413682,5.939636909582695,21.3826928744977
102.5,1062.4438069736914,5.914345490784455,21.291643766824038
102.55000000000001,1062.7388767201608,5.888444367993695,21.198399724777303
102.60000000000001,1063.0326420223387,5.8621677191218815,21.103803788838775
102.65,1063.3251075775229,5.836454488248666,21.011236157695198
102.7,1063.6162826288037,5.810547562979173,20.917971226725022
102.75,1063.9061515514277,5.784209341977127,20.82315363111766
102.80000000000001,1064.1947028778693,5.757843715685403,20.72823737646745
102.85000000000001,1064.4819485916553,5.731984835755978,20.63514540872152
102.9,1064.7678923154238,5.705764114986713,20.540750813952165
102.95,1065.052512307692,5.679035575740354,20.444528072665275
103.0,1065.3358114682019,5.652930844654461,20.35055104075606
103.05000000000001,1065.6178050276983,5.62681153519772,20.256521526711794
103.10000000000001,1065.8984834365533,5.6003248190022665,20.16116934840816
103.15,1066.1778511630507,5.574384240897856,20.06778326723228
103.2,1066.4559300286717,5.548770383939183,19.975573382181057
103.25,1066.73271247048,5.522527288390629,19.881098238206263
103.30000000000001,1067.0081779072877,5.496090183916683,19.78592466210006
103.35000000000001,1067.2823315284686,5.470054663321747,19.69219678795829
103.4,1067.5551917322796,5.4443534891176695,19.59967256082361
103.45,1067.8267489058771,5.41793345478692,19.50456043723291
103.5,1068.0969921349495,5.391795708110332,19.410464549197197
103.55000000000001,1068.365938061567,5.366041356589543,19.317748883722356
103.60000000000001,1068.6335809837271,5.339675529814305,19.2228319073315
103.65,1068.8999044072996,5.313261413087211,19.12774108711396
103.7,1069.164911955545,5.2870405167282275,19.03334586022162
103.75,1069.4286190987445,5.261245211254451,18.940482760516023
103.80000000000001,1069.691028668887,5.235137594439014,18.846495339980454
103.85000000000001,1069.9521307312173,5.208944898772272,18.75220163558018
103.9,1070.211940281789,5.183437124100759,18.660373646762732
103.95,1070.470471149062,5.157797566814395,18.568071240531822
104.0,1070.7277150132136,5.131956999253916,18.4750451973141
104.05000000000001,1070.983677569572,5.106545255075964,18.38356291827347
104.10000000000001,1071.2383859835682,5.081791304769283,18.29444869716942
104.15,1071.4918594741664,5.057148319159567,18.20573394897444
104.2,1071.744095951713,5.03231078270747,18.116318817746894
104.25,1071.9951129403255,5.0083687617922665,18.03012754245216
104.30000000000001,1072.2449503937646,4.985129375775933,17.946465752793358
104.35000000000001,1072.4936351027275,4.96225898273793,17.86413233785655
104.4,1072.7412078112295,4.94064935734843,17.786337686454345
104.45,1072.9877171561166,4.91972443813561,17.711007977288197
104.5,1073.233187132387,4.899074612685371,17.636668605667335
104.55000000000001,1073.4776421644835,4.879126671174914,17.56485601622969
104.60000000000001,1073.721133637193,4.860532237197246,17.497916053910085
104.65,1073.9637110826034,4.842565579217728,17.433236085183818
104.7,1074.205397605659,4.824895343013865,17.369623234849914
104.75,1074.446228922323,4.808357323541968,17.310086364751086
104.80000000000001,1074.6862518480732,4.7925597064730745,17.253214943303067
104.85000000000001,1074.9254869880594,4.776845892979745,17.196645214727084
104.9,1075.163951511519,4.76173504539868,17.14224616343525
104.95,1075.4016953587266,4.748018842903059,17.092867834451013
105.0,1075.638771929282,4.735043979317237,17.046158325542056
105.05000000000001,1075.8751895862388,4.721662298952793,16.997984276230056
105.10000000000001,1076.1109501502242,4.70876026046338,16.951536937668166
105.15,1076.3460765284478,4.696294868481189,16.906661526532282
105.2,1076.5805636414677,4.683189652314233,16.859482748331242
105.25,1076.8143959536967,4.670102836842747,16.81237021263389
105.30000000000001,1077.047583969767,4.657417805971407,16.766704101497066
105.35000000000001,1077.2801239309172,4.644180640038184,16.71905030413746
105.4,1077.5119896626595,4.6304486296598615,16.669615066775503
105.45,1077.7431621111111,4.616449308407524,16.619217510267084
105.5,1077.9736347777896,4.602457358729618,16.568846491426626
105.55000000000001,1078.203380842787,4.587385241169839,16.51458686821142
105.60000000000001,1078.4323536631705,4.571527574165342,16.45749926699523
105.65,1078.6605407375978,4.5559554029238845,16.401439450525984
105.7,1078.8879253351572,4.539428499450518,16.341942598021866
105.75,1079.1144609747303,4.521997083468514,16.27918950048665
105.80000000000001,1079.34010876691,4.503914603718063,16.214092573385027
105.85000000000001,1079.5648500972634,4.485738610418154,16.148658997505354
105.9,1079.7886622400802,4.466747102248952,16.08028956809623
105.95,1080.011498740936,4.446712931990418,16.008166555165506
106.0,1080.2333333504027,4.426671446679696,15.936017208046906
106.05000000000001,1080.4541532108353,4.406122970621021,15.862042694235676
106.10000000000001,1080.6739237637826,4.384699147267383,15.784916930162577
106.15,1080.8926191350017,4.363115701499009,15.707216525396431
106.2,1081.110233435431,4.341456315665711,15.629242736396561
106.25,1081.3267585295062,4.319547447342233,15.550370810432037
106.30000000000001,1081.5421672495881,4.296801355940782,15.468484881386816
106.35000000000001,1081.7564354733138,4.273927593082167,15.386139335095802
106.4,1081.9695541068309,4.250817747597239,15.30294389135006
106.45,1082.1814915450068,4.226679779441906,15.216047205990863
106.5,1082.3922267150217,4.202727021158403,15.129817276170252
106.55000000000001,1082.601766408464,4.178860716534639,15.0438985795247
106.60000000000001,1082.8100833406081,4.153816569226098,14.953739649213954
106.65,1083.017139456904,4.12842808260865,14.862341097391141
106.7,1083.222929461638,4.103172106747797,14.77141958429207
106.75,1083.42746036809,4.078064151328558,14.68103094478281
106.80000000000001,1083.6307096580729,4.051907447986688,14.586866812752076
106.85000000000001,1083.8326515231565,4.0257671553631,14.492761759307161
106.9,1084.033294059827,3.999934311459777,14.399763521255197
106.95,1084.232625481637,3.9733225609300624,14.303961219348224
107.0,1084.4305962134135,3.945506710137418,14.203824156494706
107.05000000000001,1084.6271743171899,3.9176174409138866,14.103422787289992
107.10000000000001,1084.8223639902478,3.889969481405951,14.003890133061423
107.15,1085.0161474027589,3.8613670190371128,13.900921268533606
107.2,1085.208490270626,3.8323476956473885,13.796451704330599
107.25,1085.3993917380296,3.8037110004993626,13.693359601797706
107.30000000000001,1085.5888475244894,3.7745204578967786,13.588273648428403
107.35000000000001,1085.7768274329374,3.7446758800222213,13.480833168079997
107.4,1085.9633265786317,3.715289947750949,13.375043811903417
107.45,1086.1483529388088,3.6857644593278125,13.268752053580124
107.5,1086.331881231598,3.6553672522398686,13.159322108063527
107.55000000000001,1086.5138883050342,3.6249156852175544,13.049696466783196
107.60000000000001,1086.6943913337325,3.595205462714524,12.942739665772287
107.65,1086.87340581411,3.5653737523806326,12.835345508570278
107.7,1087.0509080470765,3.53471556628803,12.724976038636909
107.75,1087.2268898322511,3.5045558406924884,12.616401026492959
107.80000000000001,1087.4013740271319,3.474811954540216,12.509323036344778
107.85000000000001,1087.5743542450691,3.444396762954908,12.399828346637669
107.9,1087.7458091841722,3.413800801168157,12.289682884205366
107.95,1087.9157478361244,3.3837452769152825,12.181482996895017
108.0,1088.084191719857,3.354010072389122,12.074436260600839
108.05000000000001,1088.2511247548882,3.32331132886228,11.963920783904209
108.10000000000001,1088.4165355634125,3.293121012108307,11.855235643589905
108.15,1088.5804500415825,3.2634581146947936,11.748449212901257
108.2,1088.742858272461,3.232871120445762,11.638336033604745
108.25,1088.9037403904201,3.2024135979135795,11.528688952488887
108.30000000000001,1089.0631068562288,3.172245034436194,11.4200821239703
108.35000000000001,1089.2209800677954,3.1426834282264364,11.313660341615172
108.4,1089.3773560316324,3.1123551252594157,11.204478450933896
108.45,1089.5322092900835,3.0817752127806437,11.094390766010317
108.5,1089.6855561033024,3.052097315970385,10.987550337493385
108.55000000000001,1089.8373999286823,3.0216556992292563,10.877960517225322
108.60000000000001,1089.9877166314598,2.991012411872496,10.767644682740986
108.65,1090.1365248996062,2.9613183139870882,10.660745930353517
108.7,1090.2838400714038,2.9312885579172034,10.552638808501932
108.75,1090.4296448549117,2.900902782396254,10.443250016626514
108.80000000000001,1090.5739272557287,2.870393250280777,10.333415701010797
108.85000000000001,1090.7167096010967,2.84090056443494,10.227242031965785
108.9,1090.8580089195216,2.8110721725605115,10.119859821217842
108.95,1090.9978031571416,2.7806973322361848,10.010510396050265
109.0,1091.136104333254,2.7513497122652595,9.904858964154934
109.05000000000001,1091.272937926626,2.7219940226091275,9.79917848139286
109.10000000000001,1091.4082842969067,2.6918607886223094,9.690698839040314
109.15,1091.5421260884145,2.6618108716946547,9.582519138100757
109.2,1091.6744822581143,2.632435916292418,9.476769298652705
109.25,1091.8053713258148,2.603126791729321,9.371256450225555
109.30000000000001,1091.9347750325499,2.573021477674526,9.262877319628293
109.35000000000001,1092.0626869082653,2.5434535509461984,9.156432783406315
109.4,1092.1891314984946,2.514330058226493,9.051588209615376
109.45,1092.3140978375989,2.4843235059486255,8.943564621415051
109.5,1092.4375694664018,2.45454164616555,8.836349926195979
109.55000000000001,1092.5595723108029,2.425572129875515,8.732059667551855
109.60000000000001,1092.6801261900694,2.3965830407866333,8.627698946831881
109.65,1092.7992044397167,2.366546945110054,8.519569002396194
109.7,1092.9167900514522,2.3368775243108812,8.412759087519174
109.75,1093.0329054044112,2.3077365940506716,8.307851738582418
109.80000000000001,1093.1475470839391,2.277930587068895,8.200550113448022
109.85000000000001,1093.2606960180253,2.2480267763791755,8.092896394965033
109.9,1093.3723711583204,2.218978835429927,7.988323807547737
109.95,1093.4825828905168,2.189490452426409,7.8821656287350725
110.0,1093.5913068839575,2.159469285204636,7.77408942673669
110.05000000000001,1093.69854337895,2.129990514499771,7.667965852199176
110.10000000000001,1093.8043234803051,2.101213539706217,7.564368742942381
110.15,1093.9086486835845,2.0717945914657285,7.458460529276623
110.2,1094.011513370797,2.042792897035139,7.3540544293265
110.25,1094.1129565231884,2.0149331986135355,7.253759515008728
110.30000000000001,1094.2129893841445,1.986381239634169,7.150972462683008
110.35000000000001,1094.3115776382413,1.9571489242363533,7.045736127250872
110.4,1094.4086985921545,1.9276892322949652,6.939681236261875
110.45,1094.504361418382,1.8988238168027252,6.835765740489811
110.5,1094.5985731812298,1.8696466971104237,6.730728109597526
110.55000000000001,1094.6913040877157,1.8395895623236513,6.622522424365145
110.60000000000001,1094.78255494737,1.810444823853958,6.517601365874249
110.65,1094.872342508444,1.7810576191057559,6.411807428780722
110.7,1094.9606383890261,1.7507776041825238,6.302799375057086
110.75,1095.0474362464145,1.721136691348489,6.19609208885456
110.80000000000001,1095.1327584708865,1.69175228753676,6.090308235132336
110.85000000000001,1095.2165931143393,1.6616334505766504,5.981880422075942
110.9,1095.2989232786679,1.6315731225665508,5.8736632412395835
110.95,1095.379762583104,1.6019990548762695,5.7671965975545705
111.0,1095.4591355807815,1.572920852226217,5.662515068014382
111.05000000000001,1095.537025124252,1.5426608865904248,5.55357919172553
111.10000000000001,1095.6134138639618,1.5128887018018846,5.446399326486785
111.15,1095.6883283177162,1.483689448380199,5.3412820141687165
111.2,1095.7617613563148,1.4536320955608288,5.233075544018984
111.25,1095.8336914333033,1.4235709839814379,5.124855542333177
111.30000000000001,1095.9041273439043,1.393865440058772,5.017915584211579
111.35000000000001,1095.973095054018,1.3648429644825797,4.913434672137287
111.4,1096.0405914936398,1.3350146203896867,4.806052633402872
111.45,1096.1065955983236,1.3051495669615432,4.698538441061555
111.5,1096.171129426698,1.2762035680162858,4.594332844858629
111.55000000000001,1096.2342059423604,1.2468570584876406,4.488685410555506
111.60000000000001,1096.2958045145867,1.2170858305644978,4.381508990032192
111.65,1096.355917109783,1.1874179772826914,4.274704718217689
111.7,1096.4145633601202,1.1584320362058689,4.1703553303411285
111.75,1096.4717486037116,1.128977707448699,4.0643197468153165
111.80000000000001,1096.5274585092857,1.0994185155104752,3.9579066558377107
111.85000000000001,1096.5817196162518,1.0710257631354332,3.8556927472875597
111.9,1096.634555485624,1.0424090117544689,3.752672442316088
111.95,1096.6859486899707,1.0133191621121727,3.6479489836038215
112.0,1096.735912332958,0.9852265573750956,3.5468156065503442
112.05000000000001,1096.784484592469,0.9576638230634734,3.447589763028504
112.10000000000001,1096.8316617213957,0.9294213340026861,3.34591680240967
112.15,1096.8774316286685,0.9013749569139865,3.2449498448903515
112.2,1096.9218189705712,0.8741187191943797,3.1468273890997667
112.25,1096.964823380336,0.8460576713928445,3.04580761701424
112.30000000000001,1097.006408179281,0.8173342864049811,2.942403431057932
112.35000000000001,1097.0465723572638,0.789232832906216,2.841238198462378
112.4,1097.0853364134036,0.7613294126888905,2.740785885680006
112.45,1097.1226874936065,0.7327137954241508,2.637769663526943
112.5,1097.158607843925,0.7041002173173295,2.5347607823423863
112.55000000000001,1097.1931101972493,0.675993915660509,2.4335780963778326
112.60000000000001,1097.2262176967884,0.6483060658965337,2.3339018372275215
112.65,1097.2579238342198,0.6199394313637114,2.2317819529093614
112.7,1097.288221614631,0.5919717850863054,2.1310984263107
112.75,1097.3171377543656,0.5646738042958332,2.0328256954649997
112.80000000000001,1097.3446852429358,0.5372257385164324,1.9340126586591566
112.85000000000001,1097.3708739346996,0.510321932033469,1.8371589553204883
112.9,1097.3957696135808,0.485505223214587,1.7478188035725133
112.95,1097.419453902411,0.46186633000013827,1.6627187880004979
113.0,1097.4419839672826,0.4393362648636091,1.5816105535089928
113.05000000000001,1097.4633540811544,0.4154682900062856,1.4956858440226282
113.10000000000001,1097.4835416785768,0.3920356068869309,1.4113281847929513
113.15,1097.502568780859,0.3690484844036397,1.328574543853103
113.2,1097.5204580533318,0.34652241451057647,1.2474806922380752
113.25,1097.5372345255648,0.32453647480922654,1.1683313093132155
113.30000000000001,1097.5529236831696,0.3030298293815954,1.0909073857737435
113.35000000000001,1097.5675497475822,0.28201274712576674,1.0152458896527603
113.4,1097.5811375608398,0.26149978317433153,0.9413992194275935
113.45,1097.5937145349576,0.24157918153427707,0.8696850535233974
113.5,1097.6053085614135,0.22218187670368164,0.799854756133254
113.55000000000001,1097.6159460617705,0.20331813758063025,0.7319452952902689
113.60000000000001,1097.625654048623,0.18500133651450584,0.666004811452221
113.65,1097.6344623164318,0.16732937584106017,0.6023857530278166
113.7,1097.6424011686906,0.15022471451281405,0.5408089722461306
113.75,1097.649499227089,0.13369762142785233,0.48131143714026836
113.80000000000001,1097.6557856686295,0.11776004019072345,0.4239361446866044
113.85000000000001,1097.661292670219,0.10252002338919919,0.3690720842011171
113.9,1097.6660529535154,0.08789130846861579,0.31640871048701685
113.95,1097.6700973403354,0.07388416432705729,0.26598299157740624
114.0,1097.6719444444436,0.0,0.0
