time_s,dist_m,velocity_mps,velocity_kmh
0.0,0.0,0.019361130165660812,0.06970006859637892
0.05,0.0022667881155268516,0.07131039445541325,0.2567174200394877
0.1,0.006979033959585944,0.11717943930695042,0.4218459815050215
0.15000000000000002,0.013850796887723976,0.1576910778185708,0.5676878801468549
0.2,0.022632276910402566,0.19356812308857277,0.696845243118862
0.25,0.03310981469299826,0.22553338821525482,0.8119201975749174
0.30000000000000004,0.04510589155580251,0.25430968629691536,0.9155148706688954
0.35000000000000003,0.05847912947402176,0.28061983043185434,1.0102313895546757
0.4,0.07308500756057837,0.30361529303040985,1.0930150549094755
0.45,0.0889244000176116,0.3299604052509194,1.18785745890331
0.5,0.10606153907872942,0.3555251571937935,1.2798905658976567
0.55,0.1244586122373799,0.3803577691522257,1.3692879689480124
0.6000000000000001,0.144080231742435,0.40450701104997877,1.4562252397799236
0.65,0.16489348077133448,0.4280229501060002,1.5408826203816008
0.7000000000000001,0.18686792528241802,0.450954830337342,1.6234373892144314
0.75,0.2099755799377273,0.4733513558750297,1.704064881150107
0.8,0.2341920777963227,0.49530855846878635,1.783110810487631
0.8500000000000001,0.2594963976757785,0.5168642367094457,1.8607112521540046
0.9,0.28586715533908846,0.5379660698229539,1.9366778513626342
0.9500000000000001,0.31328229100265725,0.5586393567197974,2.0111016841912708
1.0,0.34172013107955646,0.5788742463561712,2.0839472868822164
1.05,0.3711607355264509,0.5987499315196065,2.1554997534705835
1.1,0.4015893322947587,0.6183939392127037,2.2262181811657333
1.1500000000000001,0.4329989613984914,0.6379912249366068,2.296768409771784
1.2000000000000002,0.465388794442533,0.6576020968250557,2.3673675485702006
1.25,0.4987589778558673,0.6772052397083157,2.437938862949937
1.3,0.5331123006544376,0.6969276722344974,2.5089396200441905
1.35,0.5684584338161225,0.7169176542328999,2.58090355523844
1.4000000000000001,0.6048119311562017,0.7372222393702682,2.6540000617329658
1.4500000000000002,0.6421895405559793,0.7578821366208357,2.7283756918350086
1.5,0.6806121078610252,0.779020555581,2.8044740000916
1.55,0.7201025321779392,0.8005964170955603,2.882147101544017
1.6,0.7606791564259741,0.8224685528258365,2.9608867901730114
1.6500000000000001,0.8023563740739504,0.8446201530932178,3.0406325511355843
1.7000000000000002,0.8451486843734114,0.8670722588852213,3.121460131986797
1.75,0.8890744681042834,0.8899590903496581,3.2038527252587694
1.8,0.9341561105979781,0.9133066093981295,3.2879037938332663
1.85,0.9804163430370374,0.9371026881642407,3.3735696773912665
1.9000000000000001,1.0278761821304443,0.9612908755720336,3.460647152059321
1.9500000000000002,1.0765546283429555,0.9858469729284131,3.5490491025422872
2.0,1.1264712445010563,1.0108176733956247,3.638943624224249
2.0500000000000003,1.1776458578624984,1.03616686106206,3.730200699823416
2.1,1.2300962340499064,1.0618481864342568,3.8226534711633247
2.15,1.2838408867196682,1.0879379203562183,3.916576513282386
2.2,1.3389005361530806,1.114448056980272,4.0120130051289795
2.25,1.3952931394261603,1.1412560739429183,4.108521866194506
2.3000000000000003,1.4530329493441527,1.1683363227767825,4.206010761996417
2.35,1.5121353478330217,1.1957596167779798,4.304734620400727
2.4000000000000004,1.5726179734641068,1.2235454084654243,4.404763470475528
2.45,1.6344981153600413,1.2516602673719597,4.505976962539055
2.5,1.6977908252679066,1.2800481289426553,4.608173264193559
2.5500000000000003,1.762511336716488,1.3087723290006006,4.711580384402162
2.6,1.8286773003953698,1.3378662181546765,4.816318385356836
2.6500000000000004,1.8963038903404081,1.3671973796468535,4.921910566728672
2.7,1.9654010844080754,1.3966903830598376,5.028085379015415
2.75,2.035977620869936,1.4263710754145764,5.134935871492475
2.8000000000000003,2.108042183433026,1.4562114271090185,5.242361137592467
2.85,2.181600786641258,1.4861327012202576,5.350077724392928
2.9000000000000004,2.256655469039379,1.516054594704602,5.457796540936568
2.95,2.333205747169452,1.5459565304983054,5.5654435097939
3.0,2.411249695079569,1.575801385906386,5.67288498926299
3.0500000000000003,2.490782594202374,1.6055145790057954,5.779852484420863
3.1,2.571795797500246,1.6350135529090977,5.886048790472752
3.1500000000000004,2.6542807638920793,1.6643851027642318,5.991786369951234
3.2,2.7382319456007913,1.6936621655842536,6.097183796103313
3.25,2.823644341208766,1.7228336587347357,6.202201171445049
3.3000000000000003,2.9105127966069144,1.7519045571911982,6.306856405888314
3.35,2.9988329406567393,1.780901204801799,6.411244337286476
3.4000000000000004,3.088601903589699,1.8098573125165904,6.515486325059726
3.45,3.179817427316848,1.8387636365693685,6.619549091649727
3.5,3.272475997674561,1.867579177739155,6.723285039860959
3.5500000000000003,3.366574996381851,1.8963807705524425,6.826970773988793
3.6,3.462115199408873,1.9252273505284196,6.9308184619023105
3.6500000000000004,3.5590965495204405,1.9540266539342843,7.0344959541634235
3.7,3.657514439434061,1.982688942610538,7.137680193397937
3.75,3.7573642690164712,2.0113042406858606,7.240695266469098
3.8000000000000003,3.8586443166014224,2.0398976627121863,7.3436315857638705
3.85,3.9613535174775256,2.068470372331937,7.446493340394973
3.9000000000000004,4.065490455551258,2.0970071506173538,7.549225742222474
3.95,4.171054121263182,2.125539477859643,7.651942120294715
4.0,4.278044839369719,2.1540892464018357,7.754721287046609
4.05,4.386462344599614,2.182610962793943,7.857399466058196
4.1000000000000005,4.496304056479262,2.211057512391964,7.95980704461107
4.15,4.607568032581346,2.2395015316914226,8.062205514089122
4.2,4.720255012529925,2.2679776662517415,8.16471959850627
4.25,4.834365579621272,2.2964450174021196,8.26720206264763
4.3,4.949897830385403,2.32484501316314,8.369442047387304
4.3500000000000005,5.066849100367926,2.353205786137759,8.471540830095933
4.4,5.18521827005192,2.3815610012220163,8.573619604399259
4.45,5.305004096814936,2.4098720692986153,8.675539449475016
4.5,5.426202090964675,2.438047696690928,8.776971708087341
4.55,5.548806712707261,2.4661371730125143,8.878093822845052
4.6000000000000005,5.672814827854786,2.4941874328884954,8.979074758398584
4.65,5.798222477481483,2.522118552179376,9.079626787845754
4.7,5.92502310176247,2.5499064190601253,9.17966310861645
4.75,6.053213204190456,2.5776976780593186,9.279711641013547
4.800000000000001,6.182794971055604,2.6055729965465986,9.380062787567756
4.8500000000000005,6.313771946434451,2.6335060186072745,9.480621666986188
4.9,6.446145863890091,2.661450679618322,9.58122244662596
4.95,6.579918604586694,2.689458948245815,9.682052213684933
5.0,6.7150961315539295,2.7176421304436245,9.783511669597049
5.050000000000001,6.851686721758855,2.7459814777534084,9.88553331991227
5.1000000000000005,6.989695810143777,2.7743820576434812,9.987775407516533
5.15,7.129127075885746,2.8028685720352744,10.090326859326987
5.2,7.269985933081648,2.8314857158007745,10.193348576882789
5.25,7.412278533241367,2.8602182905880023,10.296785846116808
5.300000000000001,7.556009619192333,2.889025147450657,10.400490530822367
5.3500000000000005,7.70118394766004,2.917947991257596,10.504612768527345
5.4,7.8478088413409255,2.9470477559778487,10.609371921520255
5.45,7.995892797285405,2.976310481801329,10.714717734484784
5.5,8.145441978064957,3.005656749380736,10.820364297770649
5.550000000000001,8.296460592960564,3.0350878464435382,10.926316247196738
5.6000000000000005,8.448953810834682,3.0646408685212254,11.032707126676412
5.65,8.602926592867775,3.0942704128024774,11.13937348608892
5.7,8.758380940066854,3.1239034751606525,11.24605251057835
5.75,8.91531651101166,3.1535193626316214,11.352669705473836
5.800000000000001,9.07373259891431,3.1831241534743335,11.4592469525076
5.8500000000000005,9.233628541921716,3.2127135668219244,11.565768840558928
5.9,9.395002531452871,3.2422460144242917,11.67208565192745
5.95,9.557852320289806,3.2717455390531196,11.778283940591232
6.0,9.722178698990096,3.301309608958459,11.884714592250452
6.050000000000001,9.887983792219778,3.3308941202288294,11.991218832823787
6.1000000000000005,10.055265560918142,3.360376627705731,12.097355859740631
6.15,10.2240198789363,3.3897960930205686,12.203265934874047
6.2,10.394244813478407,3.4192012886636856,12.309124639189267
6.25,10.565938671234242,3.4485530215697455,12.414790877651084
6.300000000000001,10.739097780934092,3.477811366424241,12.520120919127269
6.3500000000000005,10.913717748617316,3.506987340904725,12.62515442725701
6.4,11.089794686674736,3.5360901813920855,12.729924653011508
6.45,11.267324084239554,3.565085721200626,12.834308596322254
6.5,11.446299723502923,3.5939398493341495,12.938183457602939
6.550000000000001,11.626715102563525,3.6226753130898826,13.041631127123578
6.6000000000000005,11.808566154116077,3.651366749012215,13.144920296443974
6.65,11.991849435962001,3.679964524824771,13.247872289369177
6.7,12.176557881598582,3.7083733006384616,13.350143882298463
6.75,12.362681741456246,3.736581093668134,13.451691937205283
6.800000000000001,12.550212197474972,3.7646371470808613,13.5526937294911
6.8500000000000005,12.739142829526376,3.7925881349753054,13.6533172859111
6.9,12.92946872449065,3.820447663595667,13.753611588944402
6.95,13.121187641561145,3.848309019224123,13.853912469206843
7.0,13.314302726673358,3.8762943852643774,13.954659786951758
7.050000000000001,13.5088189622813,3.904355039053277,14.055678140591796
7.1000000000000005,13.704736696935578,3.9323543471178333,14.1564756496242
7.15,13.902054226147659,3.9603468213654165,14.2572485569155
7.2,14.100773373424918,3.98841906972494,14.358308651009784
7.25,14.300896829192666,4.016519160984964,14.45946897954587
7.300000000000001,14.502424403498274,4.044583811239367,14.56050172046172
7.3500000000000005,14.705353734977695,4.072589447937481,14.661322012574932
7.4,14.909683462215241,4.100599641564344,14.762158709631638
7.45,15.11541476869725,4.128652617715978,14.86314942377752
7.5,15.322547542883333,4.1566583497273975,14.963970059018632
7.550000000000001,15.531080806908745,4.18467221128911,15.064819960640795
7.6000000000000005,15.741017617474593,4.212800211344801,15.166080760841284
7.65,15.952363233978335,4.241024448804891,15.26768801569761
7.7,16.16512017288189,4.2692531073371836,15.369311186413862
7.75,16.379287414607017,4.2974365616680235,15.470771622004884
7.800000000000001,16.594862948406654,4.32558479031739,15.572105245142605
7.8500000000000005,16.81184507538758,4.353700288919636,15.67332104011069
7.9,17.030230660702735,4.381723123686576,15.774203245271673
7.95,17.250015390619286,4.409666072975422,15.87479786271152
8.0,17.471198041473265,4.4376399611836925,15.975503860261293
8.05,17.693780465378353,4.46565699501989,16.076365182071605
8.1,17.917763704903944,4.493672586003756,16.177221309613522
8.15,18.143147676458163,4.521686276165029,16.278070594194105
8.200000000000001,18.369932332498312,4.549699965440915,16.378919875587297
8.25,18.598117982127263,4.57772601971708,16.47981367098149
8.3,18.82770361474727,4.605699285083203,16.58051742629953
8.35,19.058685827788857,4.633589236580274,16.68092125168899
8.4,19.291063284827654,4.661509044971604,16.781432561897773
8.450000000000001,19.52483770857794,4.68946790503982,16.88208445814335
8.5,19.760008015183736,4.717344359191989,16.98243969309116
8.55,19.99657069008877,4.745162637009335,17.082585493233605
8.6,20.234525495086178,4.773029562886984,17.182906426393146
8.65,20.473874661546233,4.800937095515186,17.283373543854673
8.700000000000001,20.714619072320662,4.828839335461954,17.383821607663034
8.75,20.956758250528146,4.856727792837459,17.484220054214852
8.8,21.200292109554862,4.884626568231214,17.58465564563237
8.85,21.445221770515833,4.912559870207572,17.685215532747257
8.9,21.691545346872214,4.940383184047695,17.785379462571704
8.950000000000001,21.939256733031392,4.9680722623194065,17.885060144349865
9.0,22.188352979275425,4.9957775874419355,17.98479931479097
9.05,22.438835359534526,5.023517622922059,18.084663442519414
9.1,22.690705017372952,5.051268690614977,18.18456728621392
9.15,22.943962001520834,5.079010675300229,18.284438431080826
9.200000000000001,23.198606175268836,5.1067562746198565,18.384322588631484
9.25,23.45463828270138,5.134528022681941,18.48430088165499
9.3,23.712058706960697,5.162288947690689,18.58424021168648
9.35,23.970865701088602,5.1899908174254925,18.683966942731775
9.4,24.231059789176523,5.217772706091303,18.78398174192869
9.450000000000001,24.49264519198948,5.245643406427076,18.884316263137475
9.5,24.755622755542277,5.273459135684714,18.984452888464972
9.55,25.019990016217296,5.301231291316023,19.084432648737685
9.600000000000001,25.2857453454553,5.32898187820409,19.184334761534725
9.65,25.552888130077854,5.356729506698009,19.284226224112835
9.700000000000001,25.821418678542063,5.384492431870337,19.384172754733214
9.75,26.091336627471478,5.4122255253061855,19.48401189110227
9.8,26.362642224480943,5.439998355072431,19.58399407826075
9.850000000000001,26.635338670910322,5.467859502102781,19.684294207570012
9.9,26.909426472669956,5.495652568282583,19.7843492458173
9.950000000000001,27.184901176169245,5.523335571688952,19.884008058080227
10.0,27.461760504761312,5.551037571993768,19.983735259177564
10.05,27.740006111287165,5.578786689040323,20.08363208054516
10.100000000000001,28.01964056788653,5.606591574934205,20.18372966976314
10.15,28.300666007673122,5.634426016529542,20.28393365950635
10.200000000000001,28.58308461354594,5.662318218383177,20.38434558617944
10.25,28.866899442910764,5.6902749562098895,20.484989842355603
10.3,29.152113523845227,5.718288281168679,20.585837812207245
10.350000000000001,29.438727719414736,5.746279541611743,20.686606349802275
10.4,29.726742953232637,5.774329811104357,20.787587319975685
10.450000000000001,30.016161257355893,5.802402353825818,20.888648473772946
10.5,30.30698109618784,5.83039119945202,20.989408318027273
10.55,30.599196964379185,5.858243528201808,21.08967670152651
10.600000000000001,30.892801830522437,5.885951117528194,21.1894240231015
10.65,31.18778947051943,5.913554482351469,21.28879613646529
10.700000000000001,31.48415541357256,5.941083239773719,21.38789966318539
10.75,31.781895738505302,5.968529757536058,21.486707127129808
10.8,32.081009300675966,5.996012729290369,21.58564582544533
10.850000000000001,32.38150017568082,6.023622270903862,21.685040175253903
10.9,32.683372874433026,6.051285679184315,21.784628445063536
10.950000000000001,32.986630043556445,6.079001085752421,21.884403908708716
11.0,33.29127999844821,6.1069971099181934,21.985189595705496
11.05,33.5973367739564,6.135273910409347,22.08698607747365
11.100000000000001,33.904813171368744,6.163781986084474,22.189615149904107
11.15,34.21371821357952,6.192419702346422,22.29271092844712
11.200000000000001,34.52405875208957,6.2212018380557526,22.39632661700071
11.25,34.835843767746326,6.250198788214378,22.500715637571762
11.3,35.14908045266416,6.27926860849903,22.605366990596508
11.350000000000001,35.46376899262437,6.3082729899094465,22.709782763674006
11.4,35.77990900089512,6.337327340920642,22.814378427314313
11.450000000000001,36.09750231280454,6.3664051354560485,22.919058487641774
11.5,36.416548878454215,6.39545749053099,23.023646965911567
11.55,36.73704650106972,6.424447414089322,23.12801069072156
11.600000000000001,37.05899271742625,6.453401240171862,23.232244464618706
11.65,37.3823866416378,6.482355728290175,23.33648062184463
11.700000000000001,37.707228660720446,6.511325035015542,23.440770126055952
11.75,38.033517621893516,6.540233411907389,23.544840282866602
11.8,38.361252746057225,6.569171554640915,23.649017596707296
11.850000000000001,38.69043609043986,6.598162220664343,23.753383994391637
11.9,39.021068192586554,6.627121865203568,23.857638714732847
11.950000000000001,39.35314707180681,6.65603330360651,23.961719892983435
12.0,39.686669276150724,6.684854870150135,24.065477532540484
12.05,40.021629660366095,6.713560498464786,24.16881779447323
12.100000000000001,40.35802301467631,6.742173673943943,24.271825226198192
12.15,40.69584243520827,6.770603147334271,24.374171330403378
12.200000000000001,41.03508106990696,6.7989422406132665,24.47619206620776
12.25,41.37573692512327,6.827291968039146,24.578251084940927
12.3,41.7178084674629,6.855569725545992,24.680051011965574
12.350000000000001,42.061289337578856,6.883665079092166,24.7811942847318
12.4,42.406172341502014,6.911655077834242,24.88195828020327
12.450000000000001,42.752452503557194,6.9395514043728745,24.98238505574235
12.5,43.10012448783859,6.967327966883053,25.08238068077899
12.55,43.44918113733895,6.994938013131011,25.181776847271642
12.600000000000001,43.799613914283405,7.022373064647315,25.280543032730336
12.65,44.151414865452125,7.049664982101586,25.37879393556571
12.700000000000001,44.50457603811455,7.076781924395291,25.47641492782305
12.75,44.859087945063294,7.103694353554447,25.57329967279601
12.8,45.214944351737195,7.1305619134017135,25.67002288824617
12.850000000000001,45.5721453861938,7.157479464862579,25.766926073505285
12.9,45.93069455377247,7.184487238283991,25.86415405782237
12.950000000000001,46.29059701578943,7.21161124239439,25.961800472619807
13.0,46.651859092395206,7.238871821836686,26.05993855861207
13.05,47.01448791590402,7.266281118515888,26.1586120266572
13.100000000000001,47.37849180612179,7.293874490194801,26.257948164701283
13.15,47.74387889151176,7.32160892540433,26.35779213145559
13.200000000000001,48.11065756927513,7.349538185130413,26.458337466469487
13.25,48.478839452841626,7.377737157529369,26.55985376710573
13.3,48.848434004919085,7.406044925568937,26.661761732048173
13.350000000000001,49.21944300609449,7.434315121447119,26.76353443720963
13.4,49.59186613110115,7.462609878819434,26.865395563749964
13.450000000000001,49.9657048718216,7.490939749998574,26.96738309999487
13.5,50.340960313830784,7.519277930368689,27.069400549327284
13.55,50.71763027767976,7.547520623590454,27.171074244925638
13.600000000000001,51.09571045596019,7.575686507626731,27.27247142745623
13.65,51.475199408128816,7.603871579118408,27.37393768482627
13.700000000000001,51.85609676743592,7.632022793165729,27.475282055396622
13.75,52.238399116312934,7.660071161914696,27.576256182892905
13.8,52.62210532169364,7.6881770533133444,27.67743739192804
13.850000000000001,53.00722037496143,7.716425077398263,27.779130278633748
13.9,53.393751075940365,7.744802961759158,27.88129066233297
13.950000000000001,53.78170348198237,7.7732932799210825,27.983855807715898
14.0,54.171082578610466,7.8018705852027175,28.086734106729782
14.05,54.56189216733733,7.830512963871744,28.18984666993828
14.100000000000001,54.95413443702344,7.859177823572874,28.293040164862347
14.15,55.34780791997569,7.887761494517072,28.39594138026146
14.200000000000001,55.74290974107973,7.916311349644244,28.498720858719278
14.25,56.13943875491941,7.944849203942971,28.601457134194696
14.3,56.53739292222948,7.97331748845988,28.70394295845557
14.350000000000001,56.93676824038015,8.001695237566867,28.806102855240724
14.4,57.337560432916135,8.02999246387255,28.90797286994118
14.450000000000001,57.739766140205965,8.058235827720754,29.009648979794715
14.5,58.14338346737982,8.086457259233569,29.11124613324085
14.55,58.54840948958059,8.114583628797458,29.21250106367085
14.600000000000001,58.95484046430399,8.14265536013844,29.313559296498383
14.65,59.36267656085948,8.170788502081079,29.414838607491884
14.700000000000001,59.77192019093687,8.198956701014438,29.51624412365198
14.75,60.182569938078174,8.227033184637861,29.6173194646963
14.8,60.594623008216836,8.255089620908702,29.718322635271328
14.850000000000001,61.00808007545085,8.283193068451954,29.819495046427036
14.9,61.42294298276938,8.31132322428917,29.920763607441014
14.950000000000001,61.839211650447425,8.339423482832713,30.021924538197766
15.0,62.256885265260706,8.367521109698545,30.123075994914764
15.05,62.67596482926762,8.395661450578078,30.22438122208108
15.100000000000001,63.096451742287734,8.42381507022642,30.32573425281511
15.15,63.51834498653503,8.45191469966536,30.4268929187953
15.200000000000001,63.941642621360565,8.479990693356264,30.527966496082552
15.25,64.3663446513008,8.50809050425337,30.629125815312136
15.3,64.79245144869165,8.536181391380216,30.73025300896878
15.350000000000001,65.2199605169002,8.56418133696173,30.831052813062225
15.4,65.6488668959465,8.592073824890374,30.931465769605346
15.450000000000001,66.07916527601071,8.619861377678124,31.031500959641246
15.5,66.51085108954659,8.647571163757128,31.13125618952566
15.55,66.94391906265685,8.675147760653346,31.230531938352044
15.600000000000001,67.37836301355647,8.702610275331361,31.3293969911929
15.65,67.8141798854602,8.730064600818235,31.428232562945645
15.700000000000001,68.25136954578733,8.75752181226661,31.527078524159798
15.75,68.68992905307573,8.784858479269717,31.62549052537098
15.8,69.1298541415931,8.81214506142481,31.723722221129314
15.850000000000001,69.57114472547991,8.839478294047574,31.822121858571265
15.9,70.01380296521779,8.866851295467836,31.92066466368421
15.950000000000001,70.4578293709797,8.894204935008437,32.019137766030376
16.0,70.90322319017676,8.92154783287426,32.11757219834734
16.05,71.34998551512196,8.94894516493379,32.21620259376164
16.1,71.79811939740863,8.976410126532864,32.31507645551831
16.150000000000002,72.24762567958633,9.003841160575641,32.41382817807231
16.2,72.69850401563026,9.031292281181438,32.51265221225318
16.25,73.15075530773191,9.058759402884737,32.61153385038506
16.3,73.60437804658002,9.08615015103977,32.71014054374318
16.35,74.05936612092871,9.113372822908115,32.80814216246922
16.400000000000002,74.515711322471,9.140435238783505,32.90556685962062
16.45,74.97340600683259,9.167352135679678,33.00246768844684
16.5,75.43244406588431,9.194170226388973,33.09901281500031
16.55,75.89282062485027,9.22089213224941,33.19521167609788
16.6,76.35453246806988,9.247581596534987,33.291293747525955
16.650000000000002,76.81758102065176,9.274360506740285,33.387697824265025
16.7,77.28197232089717,9.301291503075984,33.48464941107354
16.75,77.7477138897595,9.328371251417355,33.58213650510248
16.8,78.21481436488953,9.355647753784208,33.68033191362315
16.85,78.68328417200541,9.383144530850949,33.779320311063415
16.900000000000002,79.15313410538462,9.410852804317475,33.879070095542914
16.95,79.62437099000032,9.438622580310188,33.97904128911668
17.0,80.09699685225412,9.466411909842096,34.079082875431546
17.05,80.57101468081486,9.494301232587432,34.179484437314755
17.1,81.04643053681514,9.522333007423647,34.28039882672513
17.150000000000002,81.52324847815726,9.550384646261385,34.381384726540986
17.2,82.00147026493235,9.578486824742166,34.4825525690718
17.25,82.48110032954921,9.60671575993208,34.584176735755484
17.3,82.96214396597874,9.635029697249298,34.68610691009747
17.35,83.44460363844735,9.663357201494946,34.78808592538181
17.400000000000002,83.9284797774733,9.691688359543296,34.890078094355864
17.45,84.41377269990487,9.720028537719518,34.99210273579027
17.5,84.90048242602562,9.74836050711037,35.09409782559733
17.55,85.3886067253448,9.776611465657028,35.1958012763653
17.6,85.8781410602205,9.804761929370816,35.29714294573494
17.650000000000002,86.36908272774471,9.832904771597672,35.398457177751624
17.7,86.86143245901347,9.8610844791526,35.49990412494936
17.75,87.35519057596281,9.889240198820723,35.6012647157546
17.8,87.85035605772649,9.917379071726616,35.70256465821582
17.85,88.34692792921986,9.945495788008259,35.803784836829735
17.900000000000002,88.84490547715438,9.973606129372499,35.904982065740995
17.95,89.34428578328901,10.00160611601236,36.00578201764449
18.0,89.84506239406277,10.02945831493775,36.1060499337759
18.05,90.34722942079345,10.057222754289985,36.20600191544395
18.1,90.85078270502336,10.084908614906562,36.30567101366362
18.150000000000002,91.35571430078949,10.112355215738269,36.40447877665777
18.2,91.86201242481462,10.13956974526697,36.502451082961095
18.25,92.36966809296108,10.166656980591041,36.59996513012775
18.3,92.8786751580377,10.193625622473807,36.697052240905705
18.35,93.3890269859661,10.220447494662224,36.79361098078401
18.400000000000002,93.90071607540506,10.247116082895893,36.889617898425215
18.45,94.41373491372427,10.273637449872432,36.985094819540755
18.5,94.9280770495352,10.3000479825648,37.08017273723328
18.55,95.44373501763606,10.326270741469113,37.17457466928881
18.6,95.96070074710312,10.3523584372134,37.26849037396824
18.650000000000002,96.47897037356962,10.378426621446744,37.36233583720828
18.7,96.99854505741445,10.404560732346265,37.45641863644656
18.75,97.51942675835598,10.430707305314877,37.55054629913356
18.8,98.04161668547908,10.45688977960969,37.64480320659488
18.85,98.56511707879707,10.483125953109639,37.7392534311947
18.900000000000002,99.0899314057937,10.509447126755896,37.83400965632123
18.95,99.61606285619429,10.535810889267196,37.92891920136191
19.0,100.1435128867272,10.562190332049067,38.02388519537664
19.05,100.67228289220353,10.588609887004342,38.11899559321563
19.1,101.20237401754193,10.615035126531742,38.214126455514275
19.150000000000002,101.73378273760942,10.641313676167867,38.30872923420432
19.200000000000003,102.26650302233772,10.667497712963952,38.402991766670226
19.25,102.80053136999116,10.693636193173853,38.49709029542587
19.3,103.33586682597708,10.719782046262925,38.59121536654653
19.35,103.87250777511701,10.745855919334687,38.685081309604875
19.400000000000002,104.4104501683318,10.771839809256818,38.778623313324545
19.450000000000003,104.9496907334123,10.797782793963027,38.872018058266896
19.5,105.49022991678162,10.82378454080991,38.96562434691568
19.55,106.03206734606175,10.849712630395626,39.05896546942425
19.6,106.57520064029023,10.87561913874384,39.15222889947783
19.650000000000002,107.1196324899436,10.901654847390663,39.24595745060639
19.700000000000003,107.66537055607722,10.927867797954052,39.34032407263459
19.75,108.2124221585884,10.9541963024927,39.435106688973725
19.8,108.76079509706759,10.980721236674622,39.53059645202864
19.85,109.31050140461464,11.007531065207754,39.627111834747915
19.900000000000002,109.86155917859841,11.034779894143021,39.72520761891488
19.950000000000003,110.41398655167878,11.062315029071486,39.82433410465735
20.0,110.96779639405395,11.090078665935401,39.924283197367444
20.05,111.52300321534285,11.118194185620915,40.0254990682353
20.1,112.0796270839943,11.146760560436942,40.12833801757299
20.150000000000002,112.63768853385932,11.175697434164002,40.23251076299041
20.200000000000003,113.19720852420349,11.205102179603118,40.338367846571224
20.25,113.75821293067453,11.235074079238334,40.446266685258
20.3,114.32073399363867,11.265768439327267,40.556766381578164
20.35,114.88480830772775,11.297204124236282,40.669934847250616
20.400000000000002,115.45047470320691,11.329451694930103,40.78602610174838
20.450000000000003,116.0177780301041,11.36268138095756,40.90565297144722
20.5,116.58677252404904,11.397098376840006,41.02955415662402
20.55,117.15751412854196,11.432565802876688,41.15723689035608
20.6,117.73005495268505,11.469067162847027,41.2886417862493
20.650000000000002,118.30444868980535,11.50668232196504,41.42405635907414
20.700000000000003,118.88075135332112,11.54542421866563,41.56352718719627
20.75,119.45901830163201,11.585253713770104,41.706913369572376
20.8,120.0393025297882,11.626115412477198,41.854015484917916
20.85,120.6216551568267,11.667989669062951,42.00476280862662
20.900000000000002,121.20613017836311,11.71101119239303,42.15964029261491
20.950000000000003,121.79278064935251,11.755007647182868,42.31802752985833
21.0,122.3816511670967,11.79981306258496,42.47932702530586
21.05,122.97278537772964,11.84555536273248,42.64399930583693
21.1,123.56623144437856,11.892287303224414,42.81223429160789
21.150000000000002,124.16203459685363,11.939838795778629,42.983419664803066
21.200000000000003,124.76023436814548,11.988152055895313,43.15734740122313
21.25,125.3608682344381,12.037202595809429,43.33392934491395
21.3,125.96397285950104,12.086982406708012,43.513136664148846
21.35,126.56958338869816,12.137438761176593,43.694779540235736
21.400000000000002,127.17773020084229,12.188433724588608,43.87836140851899
21.450000000000003,127.78844096671423,12.239996910289054,44.0639888770406
21.5,128.40174395747965,12.29212272032768,44.251641793179644
21.55,129.01766204035255,12.344600594588094,44.44056214051714
21.6,129.6362095048882,12.397297986837671,44.63027275261562
21.650000000000002,130.2573968409608,12.450195456066309,44.82070364183871
21.700000000000003,130.8812325899875,12.503234505000705,45.01164421800254
21.75,131.50772249755784,12.556361797813395,45.20290247212822
21.8,132.1368678631913,12.609452827525406,45.39403017909146
21.85,132.7686670871438,12.662516130574836,45.585058070069415
21.900000000000002,133.40312141596797,12.715657022391838,45.77636528061062
21.950000000000003,134.04023083470815,12.768719727215345,45.967391017975245
22.0,134.67998763376113,12.821552234903976,46.157588045654315
22.05,135.3223880304459,12.874463632486446,46.348069076951205
22.1,135.9674339586757,12.92737349670685,46.53854458814466
22.150000000000002,136.61511939309207,12.98004387994806,46.72815796781302
22.200000000000003,137.26542769478493,13.03228818776583,46.91623747595699
22.25,137.91833707329425,13.08408695260649,47.10271302938337
22.3,138.5738298089938,13.135622475375413,47.28824091135149
22.35,139.2318926018096,13.186889237257075,47.47280125412547
22.400000000000002,139.89250836973892,13.237741479916547,47.65586932769957
22.450000000000003,140.5556621647211,13.288410319370158,47.83827714973257
22.5,141.22134931615065,13.339075737812063,48.02067265612343
22.55,141.88957084036215,13.389785230648243,48.203226830333676
22.6,142.56033010536828,13.44058536959721,48.386107330549954
22.650000000000002,143.2336361297147,13.491655604259819,48.569960175335346
22.700000000000003,143.90950576615285,13.543129853265498,48.75526747175579
22.75,144.58796155465168,13.595101686688045,48.942366072076965
22.8,145.26902020694067,13.647244404871643,49.130079857537915
22.85,145.95268979179008,13.699538989105326,49.318340360779175
22.900000000000002,146.6389800105478,13.752069761204517,49.507451140336265
22.950000000000003,147.32789884194247,13.80468349458133,49.69686058049279
23.0,148.01944655808444,13.857225151097209,49.88601054394995
23.05,148.71361841030705,13.909648937806999,50.0747361761052
23.1,149.4104059851274,13.96185405500744,50.262674598026784
23.150000000000002,150.10979774023068,14.013816149123686,50.44973813684527
23.200000000000003,150.8117767292578,14.065343411960843,50.63523628305904
23.25,151.51632170910682,14.11645578199999,50.81924081519997
23.3,152.22341642293318,14.167332771054514,51.002397975796256
23.35,152.93304901935832,14.217971085950719,51.18469590942259
23.400000000000002,153.6452029942309,14.26818790895286,51.3654764722303
23.450000000000003,154.35986031344942,14.318104859787468,51.54517749523489
23.5,155.07700812578767,14.36780763374228,51.72410748147221
23.55,155.79663442285286,14.417244248865686,51.90207929591647
23.6,156.51872211683175,14.466263510289993,52.07854863704397
23.650000000000002,157.24324781808764,14.514764539945649,52.25315234380434
23.700000000000003,157.9701845892809,14.56270630778463,52.42574270802467
23.75,158.69950397797507,14.61006923998168,52.59624926393405
23.8,159.43117068944784,14.656599218928553,52.76375718814279
23.85,160.16514278700726,14.702284683447669,52.92822486041161
23.900000000000002,160.90137801113917,14.7471242818287,53.089647414583325
23.950000000000003,161.63983262793607,14.791060390046994,53.247817404169176
24.0,162.38045925115165,14.834004538576096,53.40241633887395
24.05,163.12320676913825,14.875896180888438,53.553226251198375
24.1,163.86801989659114,14.916628917226465,53.699864102015276
24.150000000000002,164.6148388455763,14.9561290421795,53.8420645518462
24.200000000000003,165.36359735622457,14.99421138375142,53.97916098150511
24.25,166.1142223062597,15.030786617653828,54.11083182355378
24.3,166.86663879194668,15.065872809825763,54.23714211537275
24.35,167.6207683050785,15.099307715446905,54.35750777560886
24.400000000000002,168.37652365883199,15.130906434692507,54.471263164893024
24.450000000000003,169.1338179636775,15.160865759127997,54.57911673286079
24.5,169.89257265353726,15.189321835262028,54.681558606943305
24.55,170.65271530001138,15.21638402370304,54.77898248533094
24.6,171.41417846046204,15.242142394323718,54.871712619565386
24.650000000000002,172.17690146308883,15.26677771074775,54.9603997586919
24.700000000000003,172.94083605772508,15.290606074702835,55.046181868930205
24.75,173.7059452318849,15.313760891689334,55.1295392100816
24.8,174.47219282959477,15.336143016705975,55.21011486014151
24.85,175.2395434092148,15.357880168094951,55.28836860514183
24.900000000000002,176.00796907641967,15.379146520100019,55.364927472360066
24.950000000000003,176.7774470195415,15.399971204773788,55.43989633718564
25.0,177.5479537954842,15.420299832933733,55.51307939856144
25.05,178.31946444831698,15.440126280376793,55.584454609356456
25.1,179.09195633443443,15.459549164320869,55.65437699155513
25.150000000000002,179.86541255371344,15.4786996068391,55.72331858462076
25.200000000000003,180.63981803715262,15.497519730728406,55.79107103062226
25.25,181.4151584640274,15.516097344262148,55.85795043934373
25.3,182.19142751663273,15.534664759951323,55.924793135824764
25.35,182.96862831835642,15.553367308996359,55.99212231238689
25.400000000000002,183.74677043075496,15.572317186945618,56.060341873004226
25.450000000000003,184.52587004157272,15.591667245764473,56.13000208475211
25.5,185.30594959869717,15.611515039213272,56.20145414116778
25.55,186.08703681843383,15.631973750253547,56.27510550091277
25.6,186.86916570548817,15.65318173191999,56.35145423491196
25.650000000000002,187.6523771778466,15.675277162417071,56.43099778470146
25.700000000000003,188.43672033752568,15.698449224746362,56.51441720908691
25.75,189.22225143438513,15.72279464963174,56.60206073867427
25.8,190.00902575189693,15.748178050839702,56.693440983022924
25.85,190.79709562076064,15.77461670370923,56.78862013335323
25.900000000000002,191.58651687373217,15.802233415151326,56.88804029454477
25.950000000000003,192.37734955698144,15.83107391481926,56.99186609334934
26.0,193.16965430235268,15.861115900029784,57.10001724010722
26.05,193.96349031022396,15.892324414820923,57.21236789335532
26.1,194.75891422586895,15.924632210978718,57.32867595952339
26.150000000000002,195.5559792656015,15.95796937832334,57.44868976196402
26.200000000000003,196.35473172306172,15.992128920085117,57.57166411230642
26.25,197.15521059166764,16.027025824151373,57.69729296694494
26.3,197.9574532350168,16.06267990981524,57.82564767533487
26.35,198.7614940731458,16.098953615345216,57.95623301524278
26.400000000000002,199.56735908822367,16.135646987769434,58.088329155969966
26.450000000000003,200.37506703294972,16.172670801272123,58.221614884579644
26.5,201.18463272370886,16.209956829093912,58.35584458473809
26.55,201.9960687286597,16.247483368939825,58.490940128183375
26.6,202.80938688655192,16.28524294674881,58.626874608295715
26.650000000000002,203.62459869276535,16.323229301788384,58.76362548643819
26.700000000000003,204.441716668706,16.361489735837765,58.901363049015956
26.75,205.26075398202542,16.400002796939575,59.04001006898247
26.8,206.08171878784734,16.43858943593711,59.1789219693736
26.85,206.90461537546528,16.47727406878057,59.318186647610055
26.900000000000002,207.72945070428065,16.51613908383385,59.45810070180186
26.950000000000003,208.55623087716725,16.55506783163057,59.59824419387005
27.0,209.38495453470807,16.593878470002192,59.737962492007895
27.05,210.21561391444143,16.632496719332245,59.876988189596084
27.1,211.04820154520854,16.671008511352294,60.01563064086826
27.150000000000002,211.88271400794684,16.709489998179567,60.154163993446446
27.200000000000003,212.7191466080643,16.74781400651866,60.29213042346718
27.25,213.55749050928333,16.78594204224178,60.429391352070404
27.3,214.3977378022233,16.823949675357348,60.566218831286456
27.35,215.23988194879624,16.861816187560265,60.70253827521696
27.400000000000002,216.08391333569452,16.899439288371006,60.83798143813562
27.450000000000003,216.92982044284855,16.936844997790338,60.97264199204522
27.5,217.77759337984614,16.974072482113385,61.10666093560819
27.55,218.62722441690434,17.011169000214757,61.24020840077313
27.6,219.4787052297776,17.048063514715242,61.373028652974874
27.650000000000002,220.33202326085797,17.084657728499472,61.504767822598104
27.700000000000003,221.18716507940377,17.121015013333082,61.6356540479991
27.75,222.0441202893131,17.157193383040234,61.76589617894484
27.8,222.9028809649024,17.19323364053263,61.89564110591746
27.85,223.76344217139567,17.22921461919716,62.02517262910977
27.900000000000002,224.62584510628602,17.2669027764166,62.16084999509976
27.950000000000003,225.49013808674448,17.304816441921254,62.29733919091652
28.0,226.35629858471538,17.3416034769144,62.429772516891845
28.05,227.22423981295142,17.37604565252701,62.55376434909724
28.1,228.09382130949223,17.407214209105422,62.66597115277952
28.150000000000002,228.9648641722684,17.43450030194063,62.76420108698627
28.200000000000003,229.83716169303366,17.457400528670718,62.84664190321458
28.25,230.71048709991535,17.475615746596837,62.91221668774862
28.3,231.58460671727596,17.48916894782763,62.961008212179465
28.35,232.4592950667782,17.498365032261873,62.99411411614275
28.400000000000002,233.33434687683024,17.50370736981965,63.01334653135074
28.450000000000003,234.20958744649707,17.5059154168536,63.02129550067296
28.5,235.08488721771346,17.506075431801513,63.02187155448545
28.55,235.96017850870464,17.505576207846328,63.02007434824678
28.6,236.83546547665168,17.50590251003544,63.021249036127585
28.650000000000002,237.7107456404341,17.505304041262235,63.01909454854405
28.700000000000003,238.5859732736903,17.50380128898611,63.01368464035
28.75,239.46110383595362,17.50142120154602,63.00511632556567
28.8,240.3360943679327,17.49820007761678,62.99352027942041
28.85,241.2109038706875,17.494180032575784,62.979048117272825
28.900000000000002,242.08549304436912,17.489386914688996,62.96179289288039
28.950000000000003,242.95982407659594,17.48385437438427,62.94187574778337
29.0,243.8338611362195,17.47762801055769,62.91946083800769
29.05,244.70757069481672,17.470754333331435,62.89471559999317
29.1,245.58092150671797,17.463278142718682,62.867801313787254
29.150000000000002,246.45388477534013,17.455252602167278,62.8389093678022
29.200000000000003,247.3264345513625,17.44673843872781,62.80825837942012
29.25,248.1985478378437,17.437793020520736,62.77605487387465
29.3,249.07020463288163,17.428478780996045,62.74252361158576
29.35,249.94138826049075,17.418866323369066,62.70791876412864
29.400000000000002,250.81208547759408,17.40902236076363,62.67248049874907
29.450000000000003,251.68228619002193,17.399006136349655,62.63642209085876
29.5,252.55198345714498,17.388884548573017,62.59998437486286
29.55,253.42117379109357,17.378728809370266,62.56342371373296
29.6,254.28985700064564,17.368599572712203,62.52695846176393
29.650000000000002,255.1580356074968,17.358544701333866,62.49076092480192
29.700000000000003,256.0257147120697,17.348619481582382,62.455030133696575
29.75,256.8929021617357,17.33887850505749,62.41996261820697
29.8,257.75960846303445,17.329373546892537,62.38574476881313
29.85,258.6258468295614,17.320161114186185,62.352580011070266
29.900000000000002,259.4916334507963,17.31130373521004,62.320693446756145
29.950000000000003,260.3569877218998,17.30286710893041,62.29032159214948
30.0,261.221932007484,17.294904314436963,62.26165553197307
30.05,262.0864913636207,17.287469931032934,62.234891751718564
30.1,262.9506937330916,17.28062484780264,62.2102494520895
30.150000000000002,263.8145701462799,17.27443167972859,62.18795404702293
30.200000000000003,264.6781540365091,17.26892392944008,62.168126145984296
30.25,265.5414806882964,17.26414214205137,62.15091171138493
30.3,266.4045874874222,17.260129822979884,62.136467362727586
30.35,267.26751359241865,17.256914376878054,62.124891756760995
30.400000000000002,268.13029904579474,17.254503758166695,62.116213529400106
30.450000000000003,268.9929844746643,17.25291339661449,62.11048822781216
30.5,269.8556124371738,17.252205103766183,62.10793837355826
30.55,270.7182285636803,17.25243995649338,62.108783843376166
30.6,271.5808799963414,17.25361734994973,62.113022459819035
30.650000000000002,272.443612877444,17.255697894153514,62.12051241895265
30.700000000000003,273.3064702983526,17.258598942189934,62.13095619188376
30.75,274.1694903738321,17.26220407698895,62.143934677160225
30.8,275.0327050939988,17.266384729679572,62.15898502684646
30.85,275.89613998253964,17.271010811954717,62.175638923036985
30.900000000000002,276.7598132419351,17.275919563862686,62.19331042990567
30.950000000000003,277.6237356316408,17.280976024365273,62.211513687714984
31.0,278.4879118528642,17.286072824572955,62.22986216846264
31.05,279.35234191657275,17.291129723768886,62.24806700556799
31.1,280.2170221836882,17.296080960849295,62.265891459057464
31.150000000000002,281.08194680508836,17.30090389515832,62.283254022569956
31.200000000000003,281.9471104402025,17.305641509406843,62.30030943386464
31.25,282.81250993767696,17.310338389570923,62.31721820245532
31.3,283.6781429751043,17.314983107522956,62.33393918708264
31.35,284.5440063945582,17.319553670631425,62.35039321427313
31.400000000000002,285.4100962081674,17.324038873735216,62.366539945446775
31.450000000000003,286.27640792322876,17.328429728720184,62.38234702339267
31.5,287.1429363915622,17.332709004616966,62.39775241662108
31.55,288.0096757901624,17.336866939392063,62.41272098181143
31.6,288.87662010043204,17.340905471391597,62.42725969700975
31.650000000000002,289.74376372938536,17.344839686740794,62.44142287226686
31.700000000000003,290.61110138968667,17.34866672531026,62.45520021111694
31.75,291.4786279716682,17.352396553949802,62.46862759421929
31.8,292.346339004258,17.35604474964488,62.48176109872157
31.85,293.2142304640141,17.35961364059785,62.49460910615226
31.900000000000002,294.08229833336134,17.363101133291323,62.50716407984876
31.950000000000003,294.95053881171685,17.366518000930384,62.519464803349386
32.0,295.8189484590407,17.369867892024885,62.53152441128959
32.050000000000004,296.6875235261178,17.373134791057453,62.54328524780683
32.1,297.5562594961579,17.376304010548075,62.554694437973076
32.15,298.4251514291042,17.379373307302405,62.56574390628866
32.2,299.2941941022076,17.382333616833346,62.576401020600045
32.25,300.16338191703227,17.385178976153846,62.586644314153844
32.300000000000004,301.03270925261376,17.38791444710597,62.596492009581496
32.35,301.9021710090055,17.39055580856395,62.60600091083022
32.4,302.7717626723402,17.39311072482345,62.61519860936443
32.45,303.64147986722566,17.3955770705956,62.624077454144164
32.5,304.51131840762764,17.397964545483422,62.63267236374032
32.550000000000004,305.38127460991916,17.40028354617767,62.641020766239606
32.6,306.2513449280494,17.40252917903171,62.64910504451416
32.65,307.1215257552623,17.40470390948709,62.656934074153526
32.7,307.9918138705474,17.406820701915386,62.664554526895394
32.75,308.8622063319656,17.40887775481191,62.67195991732288
32.800000000000004,309.7326998252007,17.410861974594006,62.67910310853842
32.85,310.60329059086007,17.412768651779622,62.68596714640664
32.9,311.4739748498081,17.41460170614199,62.69256614211117
32.95,312.3447492836355,17.41637564695584,62.69895232904102
33.0,313.21561077858485,17.418084151017254,62.70510294366212
33.050000000000004,314.0865560145939,17.419725289344207,62.711011041639146
33.1,314.95758176479,17.421304718499677,62.71669698659884
33.15,315.82868448883363,17.422804243245988,62.72209527568556
33.2,316.69986013170023,17.424221471417347,62.72719729710245
33.25,317.5711047278241,17.425562373536515,62.73202454473145
33.300000000000004,318.44241467220155,17.426835401561476,62.73660744562132
33.35,319.3137865866987,17.428041178325003,62.74094824197001
33.4,320.18521716617494,17.429182000724616,62.74505520260862
33.45,321.0567034202397,17.430268161867215,62.74896538272198
33.5,321.9282428201394,17.431307834119266,62.75270820282936
33.550000000000004,322.7998330547641,17.432301550868875,62.75628558312795
33.6,323.67147190803547,17.433252579985396,62.75970928794743
33.65,324.5431575220954,17.434171982410362,62.76301913667731
33.7,325.41488820735424,17.43505542794285,62.76619954059426
33.75,326.28666178915563,17.435887844113427,62.76919623880834
33.800000000000004,327.1584754701339,17.43665939501852,62.77197382206667
33.85,328.03032613261837,17.437367104359087,62.77452157569272
33.9,328.90221053151174,17.43800885137503,62.77683186495011
33.95,329.7741252627151,17.438580396758052,62.77888942832899
34.0,330.64606689669,17.439084962238304,62.7807058640579
34.050000000000004,331.51803228977315,17.43953076108745,62.78231073991482
34.1,332.39001856372045,17.439920196804923,62.783712708497724
34.15,333.2620228063098,17.440249506769046,62.78489822436857
34.2,334.1340421193409,17.440523014474945,62.7858828521098
34.25,335.006073598021,17.440736132728482,62.786650077822536
34.300000000000004,335.87811418430624,17.44088731868183,62.78719434725459
34.35,336.7501610312604,17.44098655948406,62.787551614142615
34.4,337.62221194859376,17.441050133850197,62.787780481860715
34.45,338.49426489009807,17.44106752632254,62.78784309476115
34.5,339.3663176338499,17.441042223750586,62.78775200550211
34.550000000000004,340.2383682984111,17.4409843586974,62.78754369131064
34.6,341.1104156210667,17.440908547525403,62.78727077109145
34.65,341.9824591511096,17.440832654189677,62.78699755508284
34.7,342.8544987052581,17.440749511749353,62.78669824229767
34.75,343.726533878502,17.440657418005756,62.78636670482072
34.800000000000004,344.5985640828387,17.440550755463878,62.78598271966996
34.85,345.4705881425185,17.440411631727354,62.785481874218476
34.9,346.34260411260703,17.440227171813863,62.78481781852991
34.95,347.21460951117086,17.439988770739525,62.78395957466229
35.0,348.0866018898904,17.43970637804135,62.782942960948866
35.050000000000004,348.95857891846015,17.43937476474871,62.781749153095355
35.1,349.8305377295837,17.43897768019196,62.78031964869106
35.15,350.70247482749005,17.438506236062786,62.77862244982603
35.2,351.5743867168574,17.43796933863088,62.77668961907116
35.25,352.4462700390255,17.437363548091476,62.77450877312931
35.300000000000004,353.31812140666483,17.436691157482,62.7720881669352
35.35,354.1899377105988,17.435960999878255,62.76945959956172
35.4,355.0617159131469,17.435167102044005,62.76660156735842
35.45,355.93345253025456,17.434297582263774,62.76347129614959
35.5,356.8051437014426,17.433349265258894,62.760057354932016
35.550000000000004,357.67678558657326,17.432326139968374,62.75637410388615
35.6,358.54837453482406,17.431231790063503,62.75243444422861
35.65,359.41990705810093,17.430069141010478,62.74824890763772
35.7,360.2913800446223,17.42885031984394,62.74386115143818
35.75,361.16279087938614,17.427583070709193,62.7392990545531
35.800000000000004,362.0341368965213,17.426257614698404,62.734527412914254
35.85,362.9054149282411,17.424863654092455,62.72950915473284
35.9,363.77662152791913,17.42340033302841,62.724241198902284
35.95,364.64775315570984,17.42186477859869,62.71871320295528
36.0,365.5188060309592,17.420250231375277,62.712900832951
36.050000000000004,366.38977623847757,17.418558069360735,62.70680904969865
36.1,367.2606601217217,17.4167972604039,62.70047013745404
36.15,368.1314542461909,17.414967718364352,62.69388378611167
36.2,369.0021548961579,17.413058280314,62.6870098091304
36.25,369.8727580416116,17.41106753783367,62.679843136201214
36.300000000000004,370.7432597093007,17.40899916973002,62.672397011028075
36.35,371.61365603836765,17.406853992948868,62.66467437461593
36.4,372.48394328398933,17.40463583191736,62.6566889949025
36.45,373.3541181348782,17.402358203638652,62.64848953309915
36.5,374.22417774177757,17.40002607233663,62.640093860411866
36.550000000000004,375.0941191340897,17.39762962014774,62.63146663253186
36.6,375.9639389146947,17.395161604054366,62.622581774595716
36.65,376.8336335564596,17.392624066539344,62.61344663954164
36.7,377.7031995909192,17.390017311845792,62.60406232264485
36.75,378.5726334495201,17.38733703218797,62.594413315876686
36.800000000000004,379.4419315514124,17.384587043504382,62.58451335661578
36.85,380.311090630875,17.381776135001992,62.574394086007175
36.9,381.18010737819424,17.37889375776733,62.564017527962385
36.95,382.04897813571495,17.37593654306142,62.553371555021116
37.0,382.9176992768214,17.372909101197404,62.54247276431066
37.050000000000004,383.78626764847587,17.369825764982004,62.531372753935216
37.1,384.65468065253623,17.366694397432003,62.520099830755214
37.15,385.5229357151139,17.363508105673226,62.50862918042362
37.2,386.39103016620834,17.36026993810446,62.49697177717605
37.25,387.2589611524329,17.35696951087899,62.485090239164364
37.300000000000004,388.1267252396109,17.35359397624007,62.47293831446425
37.35,388.9943185908713,17.350140074175314,62.46050426703113
37.4,389.86173741213156,17.346612776235684,62.447805994448466
37.45,390.7289782287195,17.343019887280967,62.43487159421148
37.5,391.5960375442916,17.339352735603576,62.421669848172876
37.550000000000004,392.46291160183364,17.335609566077824,62.40819443788017
37.6,393.32959674354873,17.331796102526425,62.39446596909513
37.65,394.196089519784,17.32791494688309,62.38049380877913
37.7,395.0623865988118,17.323968214231634,62.36628557123388
37.75,395.9284849825247,17.319967134284493,62.351881683424175
37.800000000000004,396.7943819738221,17.315912517612112,62.337285063403606
37.85,397.6600745582809,17.31179086073845,62.32244709865843
37.9,398.52555945355107,17.30760495006839,62.30737782024621
37.95,399.39083367417425,17.303363874858125,62.29210994948925
38.0,400.255894636746,17.29907462801288,62.276668660846376
38.050000000000004,401.12074005895306,17.294742260269388,62.261072136969794
38.1,401.98536802195093,17.290376259644372,62.24535453471974
38.15,402.8497772303489,17.285992076273423,62.229571474584326
38.2,403.7139668417721,17.281592380656704,62.21373257036414
38.25,404.5779358178271,17.277166661543355,62.19779998155608
38.300000000000004,405.4416827128467,17.272709139242025,62.18175290127129
38.35,406.3052058913094,17.268217999265502,62.16558479735581
38.400000000000006,407.1685034617272,17.26368481744505,62.14926534280218
38.45,408.03157304145225,17.259098371557958,62.13275413760865
38.5,408.894411830951,17.254453208393272,62.11603155021578
38.550000000000004,409.75701676905646,17.249744315824056,62.099079536966606
38.6,410.61938458891194,17.244968478396018,62.081886522225666
38.650000000000006,411.48151211339143,17.240132500783243,62.06447700281968
38.7,412.3433966263544,17.23524801773501,62.04689286384604
38.75,413.20503603576225,17.23032835858015,62.02918209088854
38.800000000000004,414.06642877097454,17.225381049910744,62.01137177967868
38.85,414.9275736652781,17.220414722232057,61.99349300003541
38.900000000000006,415.78847011328537,17.215443198060033,61.97559551301612
38.95,416.6491178523709,17.210466365361704,61.95767891530213
39.0,417.5095163308911,17.2054727754444,61.93970199159984
39.050000000000004,418.3696645305462,17.20045521076014,61.921638758736506
39.1,419.22956113482445,17.1954089603718,61.903472257338485
39.150000000000006,420.0892043886978,17.19032119456286,61.885156300426296
39.2,420.9485919129008,17.185179773556293,61.86664718480265
39.25,421.80772083458623,17.17997709386197,61.8479175379031
39.300000000000004,422.6665880999492,17.174713520655423,61.82896867435952
39.35,423.5251907905414,17.169394103033376,61.80981877092015
39.400000000000006,424.38352622738495,17.164023370709195,61.790484134553104
39.45,425.24159209120535,17.158611182107077,61.77100025558548
39.5,426.09938638889446,17.153160725458413,61.75137861165029
39.550000000000004,426.9569073250656,17.147676721384986,61.73163619698595
39.6,427.8141534821531,17.142169562116116,61.71181042361802
39.650000000000006,428.6711240723264,17.13665404481551,61.69195456133584
39.7,429.5278184430129,17.13112078264512,61.67203481752243
39.75,430.38423570463806,17.125569682362045,61.652050856503365
39.800000000000004,431.2403750473237,17.12000402506306,61.63201449022702
39.85,432.0962358110024,17.114426522084415,61.61193547950389
39.900000000000006,432.95181723212994,17.108830323017557,61.59178916286321
39.95,433.8071184352572,17.103217802073566,61.571584087464835
40.0,434.66213870194247,17.097592865335688,61.55133431520848
40.050000000000004,435.5168774259096,17.091956093349687,61.53104193605888
40.1,436.37133308689886,17.086270346219468,61.51057324639009
40.150000000000006,437.22550229491884,17.08049797457999,61.48979270848797
40.2,438.0793812149418,17.074658826339668,61.468771774822805
40.25,438.93296797269414,17.06881148375287,61.44772134151034
40.300000000000004,439.7862647378019,17.063059120556538,61.42701283400354
40.35,440.6392796372003,17.05753685537751,61.40713267935904
40.400000000000006,441.4920279903566,17.052397270873993,61.388630175146375
40.45,442.34453260368275,17.047787262172566,61.37203414382124
40.5,443.19682387019134,17.043863398171837,61.35790823341861
40.550000000000004,444.04893968487283,17.040769189088657,61.34676908071916
40.6,444.90092448253466,17.038622717385493,61.33904178258778
40.650000000000006,445.7528276920572,17.037505663517926,61.33502038866454
40.7,446.6047020735238,17.03746959514598,61.33489054252552
40.75,447.4566016175417,17.038512165569394,61.338643796049816
40.800000000000004,448.3085785245516,17.040564114826186,61.34603081337427
40.85,449.1606816546232,17.043561088038246,61.35681991693769
40.900000000000006,450.0129576588786,17.047479082177553,61.37092469583919
40.95,450.86545180241063,17.052286659105512,61.38823197277984
41.0,451.71820765261947,17.057947349247204,61.40861045728994
41.050000000000004,452.57126699230884,17.064426238326597,61.43193445797575
41.1,453.42466974818797,17.071683996838146,61.45806238861733
41.150000000000006,454.2784537006691,17.079674102407775,61.486826768667996
41.2,455.13265402616963,17.08833891761269,61.51802010340568
41.25,455.9873033747747,17.097635026589348,61.55148609572166
41.300000000000004,456.84243204292596,17.107511699462396,61.58704211806463
41.35,457.6980676286252,17.117911728506446,61.62448222262321
41.400000000000006,458.5542348940055,17.128778886705998,61.663603992141596
41.45,459.4109558889128,17.140060909585042,61.70421927450615
41.5,460.26824986485957,17.151698128287098,61.74611326183356
41.550000000000004,461.12613293666243,17.163624743826592,61.78904907777573
41.6,461.98461812783506,17.175782903079863,61.83281845108751
41.650000000000006,462.8437157351932,17.18812139124577,61.87723700848477
41.7,463.7034333044614,17.200581379482177,61.922092966135835
41.75,464.56377524081245,17.213096074559942,61.96714586841579
41.800000000000004,465.4247428837504,17.22560964295829,62.012194714649844
41.85,466.286334746865,17.238064881626087,62.057033573853914
41.900000000000006,467.1485462879311,17.250396761016948,62.10142833966101
41.95,468.0113696748779,17.262538716857026,62.14513938068529
42.0,468.8747942388559,17.2744438422608,62.18799783213888
42.050000000000004,469.73880676814,17.286057329105873,62.22980638478114
42.1,470.60339112226893,17.29731683604983,62.27034060977939
42.150000000000006,471.46852809094247,17.30816191089216,62.309382879211775
42.2,472.33419580287506,17.318546566410536,62.34676763907793
42.25,473.20036987618175,17.328416365857763,62.382298917087944
42.300000000000004,474.0670232075276,17.337716887976093,62.41578079671394
42.35,474.93412629775423,17.34640672108854,62.44706419591875
42.400000000000006,475.8016476612824,17.35444782003806,62.476012152137024
42.45,476.6695537111732,17.361794175592827,62.502459032134176
42.5,477.53780860859274,17.368401721189436,62.52624619628197
42.550000000000004,478.4063746418619,17.374239609575845,62.54726259447305
42.6,479.2752124982268,17.37927464502039,62.56538872207341
42.650000000000006,480.14428101013425,17.383465831279512,62.58047699260624
42.7,481.0135501091333,17.387298128681586,62.59427326325371
42.75,481.8829859226391,17.390134411549248,62.604483881577295
42.800000000000004,482.7525296178749,17.391613397885234,62.60980823238684
42.85,483.62210821038127,17.391530302369315,62.609509088529535
42.900000000000006,484.49164181871737,17.389814031074028,62.6033305118665
42.95,485.36105008821175,17.386516748700956,62.591460295323444
43.0,486.2302599171169,17.381876407503018,62.57475506701087
43.050000000000004,487.09921135526736,17.37618111851604,62.55425202665775
43.1,487.96786079074235,17.369796300484225,62.53126668174321
43.150000000000006,488.8361818863758,17.363047524853677,62.50697108947324
43.2,489.7041662372537,17.35632651026144,62.48277543694118
43.25,490.57182622615073,17.350073045622082,62.4602629642395
43.300000000000004,491.43919493471526,17.344675296959203,62.44083106905313
43.35,492.3063234909056,17.340466950653955,62.42568102235424
43.400000000000006,493.173279364672,17.337768000002693,62.4159648000097
43.45,494.0401195119396,17.335837890701544,62.40901640652556
43.5,494.90688102496256,17.334622630216,62.4046414687776
43.550000000000004,495.7735976606761,17.33404279832525,62.4025540739709
43.6,496.64029997288566,17.334049690057256,62.40257888420612
43.650000000000006,497.50701516545365,17.334558012661986,62.404408845583156
43.7,498.37376872947704,17.335584548272656,62.40810437378156
43.75,499.24058414831694,17.3370322053226,62.413315939161365
43.800000000000004,500.1074813607486,17.338856291942705,62.419882650993735
43.85,500.97447784689905,17.341003154076628,62.42761135467586
43.900000000000006,501.841588911895,17.343439445760517,62.43638200473786
43.95,502.7088281821017,17.346131362508636,62.446072905031095
44.0,503.5762083328653,17.349074668036184,62.45666880493027
44.050000000000004,504.44374099251536,17.35223171796669,62.46803418468008
44.1,505.3114361741789,17.355575548575217,62.48007197487078
44.150000000000006,506.1793006011558,17.35900153049964,62.49240550979871
44.2,507.0473366201085,17.36243922761082,62.50478121939896
44.25,507.91554487655975,17.365891030438323,62.51720770957797
44.300000000000004,508.7839257930743,17.369345630143588,62.52964426851692
44.35,509.65247763371974,17.37272799567615,62.541820784434144
44.400000000000006,510.521196982237,17.376045945013946,62.5537654020502
44.45,511.39008011978063,17.37927955673298,62.56540640423872
44.5,512.2591237260045,17.38246469222065,62.57687289199435
44.550000000000004,513.1283256300977,17.38561147150647,62.58820129742329
44.6,513.9976824017239,17.38865939353711,62.599173816733604
44.650000000000006,514.8671884336921,17.39158188519606,62.60969478670582
44.7,515.7368372098967,17.394369162988635,62.619728986759085
44.75,516.6066206353622,17.3969678556324,62.62908428027664
44.800000000000004,517.4765281685901,17.39933347348107,62.63760050453186
44.85,518.3465470788168,17.401422935586996,62.64512256811319
44.900000000000006,519.2166643858184,17.40326934447741,62.65176964011867
44.95,520.0868691753461,17.40492223663079,62.65772005187084
45.0,520.9571532349496,17.40644014750845,62.663184531030424
45.050000000000004,521.8275110482889,17.407872386064422,62.66834058983192
45.1,522.69793875082,17.409235715177218,62.67324857463799
45.150000000000006,523.5684343915811,17.410589915270346,62.67812369497325
45.2,524.4389983503737,17.41196843643335,62.683086371160066
45.25,525.3096320365546,17.413379010801773,62.68816443888638
45.300000000000004,526.1803359381286,17.414777052155756,62.693197387760726
45.35,527.0511085799909,17.416128622340132,62.69806304042448
45.400000000000006,527.9219472731149,17.417419102619576,62.70270876943047
45.45,528.7928486978151,17.41863788538575,62.707096387388695
45.5,529.6638093324484,17.419787499946864,62.71123499980871
45.550000000000004,530.53482596439,17.420877777720015,62.71515999979206
45.6,531.4058956849066,17.42191104294114,62.71887975458811
45.650000000000006,532.2770149454185,17.42285937753413,62.72229375912287
45.7,533.148178975126,17.42370181076726,62.72532651876213
45.75,534.0193823141816,17.424431751456364,62.72795430524291
45.800000000000004,534.890619315335,17.425048294682306,62.730173860856304
45.85,535.7618854809806,17.42559833114274,62.732153992113865
45.900000000000006,536.6331782086851,17.426110777035984,62.73399879732954
45.95,537.504496700811,17.426628908000886,62.73586406880319
46.0,538.3758411892064,17.427150627816463,62.73774226013927
46.050000000000004,539.2472117167666,17.42767047459179,62.73961370853044
46.1,540.1186080114888,17.428181314296644,62.74145273146792
46.150000000000006,540.9900300122598,17.42869871654392,62.74331537955811
46.2,541.8614786226107,17.42924569748825,62.745284510957696
46.25,542.7329553430833,17.429823121416163,62.74736323709819
46.300000000000004,543.6044602780207,17.430374276080823,62.749347393890964
46.35,544.4759913787155,17.43086975171083,62.75113110615899
46.400000000000006,545.3475453823365,17.431290393129398,62.75264541526583
46.45,546.2191185625024,17.431636813508717,62.75389252863138
46.5,547.0907074470122,17.431918566879997,62.75490684076799
46.550000000000004,547.9623092708367,17.43215438610326,62.75575578997174
46.6,548.8339219315895,17.432352044008645,62.756467358431124
46.650000000000006,549.7055431798943,17.43249788818315,62.75699239745934
46.7,550.5771698313536,17.432568170187693,62.757245412675694
46.75,551.4487975715874,17.432541439166908,62.75714918100087
46.800000000000004,552.3204217782527,17.432426827445525,62.75673657880389
46.85,553.1920386112024,17.432246490542003,62.75608736595121
46.900000000000006,554.0636449416041,17.432006725525312,62.755224211891125
46.95,554.93523843339,17.43173294591277,62.75423860528598
47.0,555.8068175934528,17.43143345659838,62.75316044375417
47.050000000000004,556.6783825438446,17.431164559071178,62.75219241265624
47.1,557.5499357700389,17.430964488703548,62.75147215933278
47.150000000000006,558.4214815878202,17.430868222545314,62.75112560116313
47.2,559.2930261794196,17.430915441431846,62.75129558915465
47.25,560.1645772949119,17.431129178259155,62.75206504173296
47.300000000000004,561.0361428222901,17.431491916872048,62.75337090073938
47.35,561.9077292943763,17.43196696657528,62.755081079671015
47.400000000000006,562.7793421597057,17.432547646600177,62.75717152776064
47.45,563.6509860331229,17.433207290087083,62.7595462443135
47.5,564.5226638597209,17.43390577383128,62.76206078579261
47.550000000000004,565.3943768106799,17.434612264527832,62.764604152300194
47.6,566.2661250351568,17.435316714548375,62.76714017237415
47.650000000000006,567.1379087174844,17.436030578554444,62.769710082796
47.7,568.0097281779565,17.43674784032982,62.77229222518735
47.75,568.8815838286491,17.43747818737385,62.774921474545856
47.800000000000004,569.7534764607291,17.438227095822928,62.77761754496254
47.85,570.6254065014941,17.438974534776964,62.78030832519707
47.900000000000006,571.4973739210902,17.439722249066474,62.783000096639306
47.95,572.3693788738052,17.44047585953036,62.785713094309294
48.0,573.2414218771784,17.44124427539402,62.78847939141847
48.050000000000004,574.1135039973414,17.442040531124277,62.7913459120474
48.1,574.9856274598352,17.442897968631325,62.79443268707277
48.150000000000006,575.8577949897387,17.44380322751151,62.79769161904144
48.2,576.7300079980209,17.444717103775154,62.800981573590555
48.25,577.6022665536748,17.445625122378488,62.804250440562555
48.300000000000004,578.4745703025935,17.446524834369736,62.807489403731054
48.35,579.3469188459592,17.447416900256147,62.81070084092213
48.400000000000006,580.2193111057845,17.44827349275595,62.81378457392142
48.45,581.0917445759595,17.449065314245722,62.8166351312846
48.5,581.9642149949107,17.44975144380172,62.81910519768619
48.550000000000004,582.836716550527,17.450310780849453,62.82111881105803
48.6,583.7092429380575,17.450744720374697,62.82268099334891
48.650000000000006,584.5817879382741,17.45105528829232,62.82379903785235
48.7,585.4543460090595,17.45126754312035,62.82456315523326
48.75,586.3269129632888,17.451410626051175,62.82507825378423
48.800000000000004,587.1994862025701,17.45151894520272,62.8254682027298
48.85,588.0720631794514,17.451560130051554,62.82561646818559
48.900000000000006,588.9446388459638,17.451466530441834,62.82527950959061
48.95,589.8172061906837,17.451227258354166,62.824418130074996
49.0,590.6897573310072,17.450818354583287,62.82294607649983
49.050000000000004,591.5622835370864,17.450229888583745,62.82082759890149
49.1,592.4347757853566,17.449460042221965,62.81805615199907
49.150000000000006,593.3072245164451,17.448489201320744,62.814561124754675
49.2,594.1796180837538,17.447253491025073,62.81011256769026
49.25,595.0519416679211,17.44568987566907,62.804483552408655
49.300000000000004,595.924178277559,17.443774509846445,62.79758823544721
49.35,596.7963102193654,17.441503162410005,62.789411384676015
49.400000000000006,597.6683199578803,17.43888637818419,62.779990961463085
49.45,598.5401903699891,17.43593010616647,62.7693483821993
49.5,599.4119052873446,17.432666588054115,62.75759971699482
49.550000000000004,600.2834495261775,17.42910296526245,62.744770674944824
49.6,601.1548089219585,17.425272865977348,62.73098231751845
49.650000000000006,602.0259715509567,17.42123229395049,62.71643625822176
49.7,602.8969277037976,17.417013819684847,62.70124975086545
49.75,603.7676696985886,17.412665971957015,62.68559749904526
49.800000000000004,604.6381922205089,17.408234904856283,62.66964565748262
49.85,605.5084913256096,17.40372929917181,62.65342547701852
49.900000000000006,606.3785626358401,17.39912311004751,62.63684319617103
49.95,607.2484008221999,17.394404344341595,62.61985563962974
50.0,608.1180018617664,17.38963723831759,62.602694057943324
50.050000000000004,608.9873643108341,17.384860724391086,62.58549860780791
50.1,609.8564877118679,17.38007531696168,62.56827114106205
50.150000000000006,610.7253716474537,17.37528210646968,62.55101558329085
50.2,611.5940168047899,17.370524186981395,62.53388707313302
50.25,612.4624261080859,17.365847944856377,62.51705260148296
50.300000000000004,613.3306051112397,17.36131218129701,62.50072385266923
50.35,614.1985614419342,17.35694104648279,62.48498776733804
50.400000000000006,615.0663035851925,17.3527446838482,62.469880861853525
50.45,615.9338402127881,17.348720419980033,62.45539351192812
50.5,616.8011804348859,17.344888463929408,62.44159847014587
50.550000000000004,617.6683342470101,17.341264021040576,62.42855047574608
50.6,618.5353114137307,17.337822647784517,62.41616153202426
50.650000000000006,619.4021206879569,17.334548321262197,62.404373956543914
50.7,620.2687715168772,17.331484835550434,62.39334540798156
50.75,621.1352748560518,17.328648731429844,62.38313543314744
50.800000000000004,622.0016409651834,17.32599563383388,62.37358428180197
50.85,622.8678782664603,17.323496417243117,62.36458710207522
50.900000000000006,623.733994240645,17.321142550145925,62.356113180525334
50.95,624.5999963690625,17.318942586557547,62.34819331160717
51.0,625.4658928487455,17.31691660076104,62.340899762739745
51.050000000000004,626.3316912750265,17.315020450479345,62.33407362172564
51.1,627.1973976269915,17.313233628118383,62.32764106122618
51.150000000000006,628.0630174493773,17.311559267314152,62.32161336233095
51.2,628.928557251825,17.310032830596448,62.316118190147215
51.25,629.7940244366325,17.308654561702713,62.31115642212977
51.300000000000004,630.6594260065106,17.307408233418393,62.30666964030622
51.35,631.5247687850892,17.30630290972877,62.302690475023574
51.400000000000006,632.3900596288479,17.305330840616982,62.29919102622114
51.45,633.2553045143014,17.304464577526275,62.29607247909459
51.5,634.1205077893212,17.303666423266314,62.29319912375873
51.550000000000004,634.9856742063433,17.302990257619044,62.29076492742856
51.6,635.8508105445574,17.302463270941267,62.28886777538856
51.650000000000006,636.7159246803205,17.30210215958726,62.28756777451414
51.7,637.5810253727136,17.301925536137315,62.28693193009433
51.75,638.4461217395235,17.301929136258916,62.2869448905321
51.800000000000004,639.3112235772993,17.30214437477348,62.28771974918453
51.85,640.1763419334993,17.3025898732291,62.28932354362476
51.900000000000006,641.0414883916061,17.303268451042072,62.29176642375146
51.95,641.9066745079208,17.30417620154767,62.29503432557161
52.0,642.7719114913234,17.30530313455872,62.299091284411396
52.050000000000004,643.6372093274514,17.30661031056192,62.303797118022906
52.1,644.5025760334233,17.308057928317083,62.3090085419415
52.150000000000006,645.368018423926,17.30963769178642,62.314695690431115
52.2,646.2335434991542,17.311365317340886,62.32091514242719
52.25,647.0991602498973,17.313304712385815,62.32789696458894
52.300000000000004,647.9648788347945,17.31543868350189,62.3355792606068
52.35,648.8307084371366,17.317745410182983,62.34388347665874
52.400000000000006,649.6966575219183,17.320217981081527,62.3527847318935
52.45,650.5627337083456,17.32282947601408,62.36218611365069
52.5,651.428942697847,17.325530104039576,62.37190837454247
52.550000000000004,652.2952876492726,17.328267952985748,62.38176463074869
52.6,653.1617689704684,17.33098489484722,62.39154562144999
52.650000000000006,654.0283848660612,17.333650928863882,62.40114334390998
52.7,654.8951309506041,17.336192452852007,62.410292830267224
52.75,655.7619997899343,17.33856112035832,62.418820033289954
52.800000000000004,656.6289824868104,17.34074675468505,62.42668831686618
52.85,657.4960689022748,17.342709863890573,62.433755510006065
52.900000000000006,658.3632480219819,17.344454924393247,62.44003772781569
52.95,659.2305101491523,17.346030162425354,62.44570858473128
53.0,660.0978470158727,17.347444506392076,62.45080022301148
53.050000000000004,660.9652500450213,17.348676659551273,62.455235974384586
53.1,661.832711008701,17.349761887636102,62.45914279548997
53.150000000000006,662.700223216401,17.350726420360658,62.46261511329837
53.2,663.5677823386112,17.351638468048108,62.46589848497319
53.25,664.4353871293139,17.35255316005758,62.4691913762073
53.300000000000004,665.3030383192505,17.353494437409356,62.472579974673685
53.35,666.1707384150858,17.35450939600073,62.47623382560263
53.400000000000006,667.0384915918706,17.355617675391727,62.48022363141022
53.45,667.9063027912852,17.356830301188275,62.48458908427779
53.5,668.7741764932222,17.358117776293362,62.48922399465611
53.550000000000004,669.6421146073176,17.359406787521465,62.49386443507728
53.6,670.5101166706492,17.36067574574263,62.49843268467347
53.650000000000006,671.3781806269908,17.36188250792325,62.50277702852371
53.7,672.2463017233374,17.36296134594247,62.506660845392894
53.75,673.1144713478304,17.36382363378007,62.50976508160825
53.800000000000004,673.9826778395162,17.364436033650303,62.51196972114109
53.85,674.8509080862564,17.364773835957273,62.513185809446185
53.900000000000006,675.7191483503658,17.36483672841817,62.51341222230541
53.95,676.5873848435059,17.36462299718535,62.512642789867265
54.0,677.4556036941206,17.36413102740097,62.51087169864349
54.050000000000004,678.3237914248285,17.363378200918945,62.5081615233082
54.1,679.1919354638977,17.362383361848355,62.50458010265408
54.150000000000006,680.060023655847,17.361144316122843,62.500119538042235
54.2,680.9280437600123,17.35965985049085,62.49477546176706
54.25,681.795983315233,17.357922358337724,62.48852049001581
54.300000000000004,682.6638301859646,17.355952470924823,62.481428895329366
54.35,683.5315733719144,17.3537749670708,62.473589881454885
54.400000000000006,684.3992033004497,17.351422174339607,62.46511982762259
54.45,685.2667119454162,17.348923624320015,62.45612504755206
54.5,686.1340928354708,17.3463119778668,62.446723120320485
54.550000000000004,687.0013408557254,17.343608832317933,62.436991796344564
54.6,687.8684513511571,17.340810984951094,62.42691954582394
54.650000000000006,688.7354198388534,17.33792852290149,62.41654268244536
54.7,689.6022419197132,17.334954711487036,62.40583696135333
54.75,690.4689130157119,17.331889128461345,62.39480086246084
54.800000000000004,691.3354296495197,17.32877622385276,62.383594405869935
54.85,692.2017904781324,17.325656920653216,62.37236491435158
54.900000000000006,693.0679958764811,17.32255901329388,62.361212447857966
54.95,693.934046635066,17.319471330102704,62.35009678836974
55.0,694.7999446170888,17.31644795081057,62.339212622918055
55.050000000000004,695.6656950714026,17.313570221741365,62.32885279826892
55.1,696.5313063562821,17.310881173438098,62.319172224377155
55.150000000000006,697.3967898008472,17.308456609164335,62.310443792991606
55.2,698.2621594187873,17.30632810843991,62.302781190383676
55.25,699.1274301128753,17.304499655081486,62.29619875829335
55.300000000000004,699.99261694062,17.30297345470415,62.290704436934945
55.35,700.8577350874623,17.30175241898931,62.28630870836152
55.400000000000006,701.7227998145468,17.300836664390047,62.28301199180417
55.45,702.587827465702,17.300269381822346,62.28096977456045
55.5,703.4528363871202,17.300087474905663,62.28031490966039
55.550000000000004,704.3178461473786,17.300302935432306,62.281090567556305
55.6,705.1828765037268,17.300911318493636,62.28328074657709
55.650000000000006,706.0479459171195,17.30186521721319,62.28671478196749
55.7,706.9130714603928,17.30315651371679,62.29136344938044
55.75,707.7782687590376,17.304735432076853,62.297047555476674
55.800000000000004,708.643549980869,17.306513441182048,62.303448388255376
55.85,709.5089242205664,17.30845614671646,62.310442128179254
55.900000000000006,710.3743980427886,17.31049674216961,62.317788271810606
55.95,711.239974830356,17.31257476052584,62.32526913789303
56.0,712.1056551875253,17.31463952624208,62.33270229447149
56.050000000000004,712.9714377009042,17.31666100891564,62.33997963209631
56.1,713.8373198942205,17.31862672373758,62.34705620545529
56.150000000000006,714.7032992895088,17.32054908779245,62.35397671605282
56.2,715.5693732396638,17.322408918409643,62.36067210627471
56.25,716.4355387998679,17.324213489753312,62.367168563111925
56.300000000000004,717.3017935148483,17.325975109463315,62.373510394067935
56.35,718.1681343597462,17.327658686453887,62.37957127123399
56.400000000000006,719.034557471372,17.32926577857498,62.385356802869936
56.45,719.9010593900462,17.330810968393898,62.39091948621803
56.5,720.7676369034078,17.33228956607226,62.39624243786013
56.550000000000004,721.6342874506591,17.333732323980527,62.4014363663299
56.6,722.5010093623595,17.335144144032256,62.40651891851612
56.650000000000006,723.3678013551801,17.336535568789806,62.4115280476433
56.7,724.2346626472365,17.337916113469397,62.41649800848983
56.75,725.101592929886,17.339295192508,62.4214626930288
56.800000000000004,725.9685922419266,17.340677289114453,62.42643824081203
56.85,726.8356602080661,17.342041356465465,62.431348883275675
56.900000000000006,727.7027955814343,17.343373578265542,62.43614488175595
56.95,728.569997332915,17.344696480962103,62.44090733146357
57.0,729.4372652029367,17.34601831990581,62.445665951660914
57.050000000000004,730.3045985849249,17.34731695962193,62.450341054638955
57.1,731.171996406786,17.348595914820578,62.45494529335408
57.150000000000006,732.0394575922156,17.3498515023634,62.459465408508244
57.2,732.9069799141953,17.35104137682541,62.46374895657148
57.25,733.7745596755357,17.352149076791747,62.46773667645029
57.300000000000004,734.6421924545177,17.35316208249119,62.47138349696828
57.35,735.5098733979581,17.354075655126618,62.47467235845583
57.400000000000006,736.3775975319868,17.354889706021417,62.477602941677105
57.45,737.2453597446838,17.35559880185834,62.48015568669002
57.5,738.113155301414,17.35622346735112,62.48240448246404
57.550000000000004,738.9809803971976,17.35678036399419,62.484409310379085
57.6,739.8488323093645,17.357296122680793,62.48626604165086
57.650000000000006,740.7167095571148,17.357793787330603,62.488057634390174
57.7,741.5846121929286,17.35831164522228,62.48992192280021
57.75,742.4525424001307,17.358896642861552,62.49202791430159
57.800000000000004,743.3205038134438,17.3595598896615,62.4944156027814
57.85,744.1885002301248,17.360296777574966,62.49706839926988
57.900000000000006,745.0565360272564,17.361135107688195,62.500086387677506
57.95,745.9246168715459,17.362098663895157,62.50355519002257
58.0,746.7927484057067,17.363162702535988,62.50738572912956
58.050000000000004,747.6609348061768,17.364293316269215,62.51145593856918
58.1,748.5291779652589,17.365433047016882,62.51555896926078
58.150000000000006,749.3974762343727,17.366497717536284,62.51939178313062
58.2,750.2658233717408,17.367387777187318,62.52259599787435
58.25,751.1342085254374,17.36801837067648,62.524866134435335
58.300000000000004,752.0026169506491,17.368318637788473,62.52594709603851
58.35,752.8710304005266,17.36821935731148,62.52558968632133
58.400000000000006,753.7394274444267,17.367662398691586,62.52358463528971
58.45,754.6077851320879,17.366645107753822,62.51992238791376
58.5,755.4760807418849,17.36517928412426,62.51464542284734
58.550000000000004,756.3442923894737,17.363286619428855,62.50783182994388
58.6,757.2123993148796,17.360990396804826,62.49956542849738
58.650000000000006,758.0803812644285,17.358287585153274,62.48983530655179
58.7,758.9482169335338,17.35513917905676,62.478501044604336
58.75,759.8158836341848,17.351528846987073,62.465503849153464
58.800000000000004,760.6833565618906,17.347388261244767,62.450597740481165
58.85,761.5506072296413,17.34263844878469,62.43349841562489
58.900000000000006,762.4176043483716,17.337246300425,62.41408668153
58.95,763.2843146100555,17.331164166932446,62.39219100095681
59.0,764.1507019584492,17.324329768816376,62.367587167738954
59.050000000000004,765.0167269640556,17.31667045543732,62.340013639574344
59.1,765.8823466975138,17.308118882888582,62.309227978398894
59.150000000000006,766.7475168762223,17.298688265453706,62.27527775563334
59.2,767.6121941336825,17.288402032951403,62.23824731862505
59.25,768.4763349995164,17.277232600406723,62.1980373614642
59.300000000000004,769.3398951177164,17.265172127593377,62.15461965933616
59.35,770.2028317757708,17.25229419458177,62.108259100494365
59.400000000000006,771.0651061737791,17.238681725750624,62.05925421270225
59.45,771.9266833562635,17.224405573628808,62.00786006506371
59.5,772.7875319369738,17.209537654781315,61.95433555721274
59.550000000000004,773.6476251096667,17.194189252935903,61.89908131056925
59.6,774.5069424320035,17.178503640536483,61.84261310593134
59.650000000000006,775.365469401919,17.162575156081996,61.78527056189519
59.7,776.2231962413454,17.146498420973643,61.727394315505116
59.75,777.0801171554282,17.130338142339305,61.6692173124215
59.800000000000004,777.9362292827415,17.114146950189983,61.61092902068394
59.85,778.7915330188207,17.098002492977326,61.552808974718374
59.900000000000006,779.646032564526,17.08197933523438,61.495125606843764
59.95,780.4997371328707,17.066203398554322,61.43833223479556
60.0,781.3526630343449,17.050832660416333,61.3829975774988
60.050000000000004,782.2048336960701,17.03599380858913,61.329577710920866
60.1,783.0562783698326,17.021793141913665,61.2784553108892
60.150000000000006,783.907031317206,17.0083247530226,61.229969110881356
60.2,784.7571306915459,16.99565022057061,61.1843407940542
60.25,785.6066165937042,16.983785865763547,61.141629116748774
60.300000000000004,786.4555299811174,16.972749630762202,61.10189867074393
60.35,787.303911886544,16.962526586305817,61.065095710700945
60.400000000000006,788.1518015310672,16.953059194620494,61.03101310063378
60.45,788.9992355768414,16.944302636349967,60.99948949085988
60.5,789.8462495820577,16.936257572300196,60.970527260280704
60.550000000000004,790.6928798322507,16.928952435421465,60.944228767517274
60.6,791.539163714078,16.9224028376698,60.92065021561128
60.650000000000006,792.3851403688903,16.916663354823015,60.899988077362856
60.7,793.2308509574841,16.91176018892959,60.88233668014653
60.75,794.0763372404309,16.907691128943924,60.86768806419813
60.800000000000004,794.9216404382665,16.90443678448076,60.85597242413074
60.85,795.7667998465744,16.901939547834314,60.84698237220353
60.900000000000006,796.6118509060857,16.900102832617282,60.84037019742222
60.95,797.4568239596383,16.89881930948753,60.835749514155104
61.0,798.3017447861864,16.898013752438434,60.83284950877837
61.050000000000004,799.1466346138619,16.897579354583534,60.83128567650073
61.1,799.9915094805325,16.89741531224168,60.83069512407005
61.150000000000006,800.8363821474468,16.897491364328186,60.83096891158147
61.2,801.6812630933458,16.897746471631592,60.831887297873735
61.25,802.526159768226,16.898120523574008,60.83323388486643
61.300000000000004,803.3710769597777,16.898567138495896,60.83484169858522
61.35,804.2160179838104,16.899073822812447,60.83666576212481
61.400000000000006,805.0609851996389,16.899614810330334,60.83861331718921
61.45,805.9059791039043,16.90014136028583,60.84050889702899
61.5,806.7509971440526,16.900580245645088,60.842088884322315
61.550000000000004,807.596034356481,16.900908251494016,60.84326970537846
61.6,808.441085521883,16.901138364584448,60.844098112504014
61.650000000000006,809.2861447227722,16.901229670984275,60.84442681554339
61.7,810.131205383821,16.901196770969516,60.84430837549026
61.75,810.9762617262784,16.901056927326913,60.843804938376884
61.800000000000004,811.8213078720831,16.900788904864406,60.842840057511864
61.85,812.6663372341031,16.9003855759345,60.8413880733642
61.900000000000006,813.5113409867869,16.899764531415094,60.83915231309434
61.95,814.356306061762,16.89883846758782,60.835818483316146
62.0,815.2012145455378,16.897500883444646,60.83100318040073
62.050000000000004,816.0460455111281,16.89573774016496,60.82465586459386
62.1,816.8907772786147,16.893532959295694,60.8167186534645
62.150000000000006,817.7353888525269,16.890929997189453,60.80734798988203
62.2,818.5798615533945,16.88797803751708,60.79672093506149
62.25,819.4241781200587,16.88468462905361,60.784864664592995
62.300000000000004,820.2683222999511,16.881082566643617,60.771897239917024
62.35,821.1122798061997,16.87721768329872,60.75798365987539
62.400000000000006,821.9560379942488,16.873109838669322,60.74319541920956
62.45,822.7995849871536,16.868769877518705,60.72757155906734
62.5,823.6429067899877,16.86410223584563,60.71076804904426
62.550000000000004,824.4859855451396,16.859047970229803,60.69257269282729
62.6,825.3287995834548,16.853513562380645,60.672648824570324
62.650000000000006,826.1713213934653,16.847358838035802,60.65049181692889
62.7,827.0135163789861,16.840440582797267,60.625586098070166
62.75,827.8553501277777,16.832909368866662,60.59847372791999
62.800000000000004,828.6967917777528,16.82475663013491,60.569123868485676
62.85,829.5378133128944,16.81610477553265,60.53797719191754
62.900000000000006,830.3783892749595,16.806933707071867,60.504961345458725
62.95,831.2184946565926,16.797281558248873,60.470213609695946
63.0,832.0581066865601,16.787199640450645,60.433918705622325
63.050000000000004,832.8972019336389,16.776610242704177,60.39579687373504
63.1,833.7357511481595,16.76535833811481,60.35529001721332
63.150000000000006,834.5737208797368,16.75343092498123,60.31235132993243
63.2,835.4110747786198,16.740725030337487,60.26661010921495
63.25,836.2477709128525,16.7271203389728,60.217633220302076
63.300000000000004,837.0837631785125,16.712570287426836,60.16525303473661
63.35,837.9190034326856,16.697039879497325,60.10934356619037
63.400000000000006,838.7534393519592,16.680396891444946,60.04942880920181
63.45,839.5870177291339,16.662738195545533,59.98585750396392
63.5,840.4196861096699,16.64399702589491,59.918389293221686
63.550000000000004,841.251395031111,16.624359831750205,59.847695394300736
63.6,842.0820999791018,16.603838087884775,59.77381711638519
63.650000000000006,842.9117564289078,16.58241990435329,59.69671165567185
63.7,843.7403178607263,16.56003736838866,59.616134526199176
63.75,844.5677374081458,16.536744528391964,59.53228030221107
63.800000000000004,845.393968955689,16.512517373337943,59.445062544016594
63.85,846.2189670740321,16.487407360383646,59.354666497381125
63.900000000000006,847.0426865175863,16.461370381784022,59.26093337442248
63.95,847.8650816433868,16.434434650237918,59.16396474085651
64.0,848.6861115018886,16.40675968983164,59.06433488339391
64.05,849.5057365348631,16.37824162914793,58.961669864932546
64.10000000000001,850.323910392201,16.34871266437058,58.85536559173409
64.15,851.1405849688871,16.318270403072333,58.7457734510604
64.2,851.9557140816501,16.28689410744519,58.63281878680268
64.25,852.7692511383009,16.25458815858625,58.516517370910506
64.3,853.5811493715333,16.221341170711845,58.396828214562646
64.35000000000001,854.3913608778835,16.18711908329473,58.27362869986102
64.4,855.1998405102521,16.152066211451004,58.147438361223614
64.45,856.0065482847035,16.116244766604467,58.01848115977608
64.5,856.8114429662099,16.07954249365372,57.886352977153386
64.55,857.6144839320218,16.042096138820224,57.75154609975281
64.60000000000001,858.4156376095101,16.004050960712377,57.61458345856456
64.65,859.2148739841172,15.965404023569754,57.47545448485111
64.7,860.0121639836079,15.926195956060015,57.334305441816056
64.75,860.8074787351696,15.886394106408527,57.1910187830707
64.8,861.6007888101801,15.846008894009524,57.04563201843428
64.85000000000001,862.3920668941607,15.805114465216985,56.89841207478115
64.9,863.1812856429917,15.763635488024732,56.74908775688904
64.95,863.9684194771521,15.721717878391376,56.598184362208954
65.0,864.7534530626339,15.679625540876724,56.44665194715621
65.05,865.5363787735191,15.637402894535066,56.29465042032624
65.10000000000001,866.3171920945689,15.595129947456506,56.14246781084342
65.15,867.0958900012108,15.552786318220225,55.99003074559281
65.2,867.8724695045966,15.510393817209945,55.837417741955804
65.25,868.6469273067221,15.467918267809386,55.684505764113794
65.3,869.4192547757582,15.425180493633807,55.530649777081706
65.35000000000001,870.1894372596637,15.38211886258766,55.375627905315575
65.4,870.9574629168588,15.338907425218064,55.220066730785035
65.45,871.7233236415286,15.295521561574486,55.06387762166815
65.5,872.487006746272,15.25180262816064,54.90648946137831
65.55,873.2484982723402,15.20785841456889,54.748290292448004
65.60000000000001,874.0077894346354,15.163788077238046,54.58963707805697
65.65,874.7648758774923,15.119669637038776,54.430810693339595
65.7,875.5197590281593,15.075656389645996,54.272363002725584
65.75,876.2724458252319,15.031815493256186,54.114535775722274
65.8,877.0229477446062,14.988261281714312,53.95774061417153
65.85000000000001,877.771277837794,14.944942445795922,53.80179280486532
65.9,878.5174440426747,14.901705749432791,53.646140697958046
65.95,879.2614500400792,14.85853414674715,53.49072292828974
66.0,880.0033018058094,14.815536482458327,53.33593133684998
66.05,880.7430101917778,14.772798956277681,53.18207624259965
66.10000000000001,881.4805886153034,14.730337984746932,53.02921674508895
66.15,882.2160510993199,14.688161375913348,52.87738095328805
66.2,882.9494119405878,14.64627227480111,52.72658018928399
66.25,883.6806884166222,14.604786766574467,52.57723235966808
66.3,884.4098959072033,14.563512856671236,52.42864628401645
66.35000000000001,885.137042553429,14.522352992351298,52.280470772464675
66.4,885.8621389929815,14.481504589748553,52.133416523094795
66.45,886.5851988356051,14.440889115195024,51.987200814702085
66.5,887.3062303819023,14.40037273669247,51.84134185209289
66.55,888.0252373170676,14.35990466992098,51.69565681171553
66.60000000000001,888.7422238231961,14.319555575217445,51.5504000707828
66.65,889.4571995202472,14.279472306823077,51.40610030456308
66.7,890.1701757909075,14.239578519589521,51.26248267052228
66.75,890.8811616507078,14.199855872422873,51.11948114072234
66.8,891.5901699390379,14.160475660779934,50.977712378807766
66.85000000000001,892.2972215344375,14.121588155206972,50.8377173587451
66.9,893.0023374054347,14.08304668467645,50.69896806483522
66.95,893.7055348353384,14.044850511472518,50.56146184130107
67.0,894.4068304106409,14.006972500622975,50.42510100224271
67.05,895.1062405096247,13.969431458731076,50.289953251431875
67.10000000000001,895.8037828688548,13.932262910469182,50.156146477689056
67.15,896.499476107259,13.895466625702955,50.02367985253064
67.2,897.1933417182623,13.85915781442602,49.89296813193367
67.25,897.885406825724,13.823446484040808,49.76440734254691
67.3,898.5756998735746,13.788275429985188,49.63779154794668
67.35000000000001,899.2642483179998,13.753662347021788,49.513184449278434
67.4,899.951080199419,13.719612909749523,49.39060647509829
67.45,900.6362257811512,13.68621035953879,49.27035729433965
67.5,901.3197164347025,13.653415782511146,49.15229681704013
67.55,902.0015819710358,13.621205670818538,49.036340414946736
67.60000000000001,902.6818509494685,13.58955346649056,48.92239247936602
67.65,903.3605533762482,13.558543604695203,48.81075697690273
67.7,904.0377189915251,13.528081006385339,48.70109162298722
67.75,904.7133725705362,13.498062154057717,48.593023754607785
67.8,905.3875394248396,13.46861201807955,48.487003265086386
67.85000000000001,906.0602501386044,13.439816532513294,48.38333951704786
67.9,906.7315353475607,13.411591825738277,48.2817305726578
67.95,907.4014227200562,13.383903074082356,48.18205106669648
68.0,908.0699393612971,13.356762575555555,48.084345272
68.05,908.7371135119031,13.330203448684516,47.98873241526426
68.10000000000001,909.4029731009073,13.304180111481562,47.895048401333625
68.15,910.0675442562805,13.278666103448511,47.803197972414644
68.2,910.7308534129628,13.253700163845988,47.71332058984556
68.25,911.3929293351116,13.229336722104469,47.62561219957609
68.3,912.0538008740087,13.205524833779178,47.53988940160504
68.35000000000001,912.7134945696877,13.182222993377534,47.456002776159124
68.4,913.3720345402226,13.159375828019364,47.37375298086971
68.45,914.0294427516433,13.136952628809608,47.29302946371459
68.5,914.6857390173598,13.114897999847992,47.213632799452775
68.55,915.3409397339071,13.093130662048837,47.13527038337582
68.60000000000001,915.9950582464376,13.071609839168007,47.057795421004826
68.65,916.6481075760931,13.05036334705305,46.98130804939098
68.7,917.3000993228096,13.029306521606314,46.90550347778273
68.75,917.9510418349075,13.008393962311445,46.8302182643212
68.8,918.6009446819073,12.987719917681162,46.755791703652186
68.85000000000001,919.2498221958328,12.967380639341345,46.68257030162884
68.9,919.8976909965724,12.947371390237977,46.61053700485672
68.95,920.5445675634651,12.927691285470196,46.539688627692705
69.0,921.1904690354356,12.908367593349743,46.470123336059075
69.05,921.835414645549,12.889456811187504,46.40204452027501
69.10000000000001,922.4794231671581,12.87088405317504,46.33518259143015
69.15,923.1225081603066,12.852515672763207,46.269056421947546
69.2,923.7646794091409,12.834334280608608,46.20360341019099
69.25,924.4059471492262,12.816375322804321,46.13895116209556
69.3,925.0463212135935,12.798587251884673,46.074914106784824
69.35000000000001,925.6858093897152,12.780939792983684,46.01138325474126
69.4,926.3244195464197,12.763466475192239,45.94847931069206
69.45,926.9621631152023,12.74627627611383,45.88659459400979
69.5,927.5990553562259,12.729413364831933,45.82588811339496
69.55,928.235113277269,12.712903476891672,45.76645251681002
69.60000000000001,928.8703551699247,12.696772229335064,45.70838002560623
69.65,929.5048015958405,12.68108480729954,45.651905306278344
69.7,930.1384738443603,12.665805133491592,45.596898480569735
69.75,930.7713905440166,12.650862852761001,45.54310626993961
69.8,931.403568099163,12.636239353092009,45.490461671131236
69.85000000000001,932.0350227322255,12.621945969409333,45.4390054898736
69.9,932.6657704497204,12.607962730390561,45.38866582940602
69.95,933.2958260428502,12.594260994802225,45.33933958128801
70.0,933.9252031855174,12.580824711887221,45.290968962794
70.05,934.5539160447205,12.567689656237429,45.243682762454746
70.10000000000001,935.1819800293183,12.554869727677184,45.197531019637864
70.15,935.809410698856,12.542357053829647,45.15248539378673
70.2,936.4362242493447,12.530184965716979,45.10866587658112
70.25,937.0624386883303,12.518392593704139,45.0662133373349
70.3,937.6880720404971,12.506941492968329,45.02498937468599
70.35000000000001,938.3131402395721,12.495786470031014,44.98483129211165
70.4,938.9376572662808,12.48489459831351,44.945620553928634
70.45,939.5616360318978,12.474256026365975,44.90732169491751
70.5,940.18508938079,12.463877929320983,44.86996054555554
70.55,940.8080301217125,12.453751707577775,44.83350614727999
70.60000000000001,941.4304704137588,12.443859974275538,44.79789590739194
70.65,942.0524211127995,12.43416798735195,44.76300475446702
70.7,942.6738909642502,12.424626070674517,44.72865385442826
70.75,943.294885765233,12.415165968636488,44.69459748709136
70.8,943.9154093735465,12.405778363902725,44.66080211004981
70.85000000000001,944.5354661651708,12.396493301068839,44.62737588384782
70.9,945.1550606770179,12.38728717281802,44.59423382214487
70.95,945.7741959379272,12.378123263554798,44.561243748797274
71.0,946.3928739189505,12.368995977379623,44.528385518566644
71.05,947.0110953770368,12.359862346070456,44.49550444585364
71.10000000000001,947.6288587879717,12.350674091327274,44.46242672877819
71.15,948.2461591549512,12.34134058785153,44.42882611626551
71.2,948.8629889575379,12.331851515616938,44.39466545622098
71.25,949.4793396183171,12.322174915548278,44.3598296959738
71.3,950.0951987958354,12.312192185183216,44.32389186665958
71.35000000000001,950.7105486630069,12.301802501677141,44.28648900603771
71.4,951.3253687942055,12.291002746268365,44.24760988656612
71.45,951.9396387122492,12.27979397548406,44.20725831174261
71.5,952.5533381389607,12.268183092974715,44.165459134708975
71.55,953.1664475313306,12.256192601819714,44.12229336655097
71.60000000000001,953.7789488258095,12.243859177333903,44.07789303840205
71.65,954.3908284148754,12.231324385302203,44.032767787087934
71.7,955.0020763151388,12.218591625233623,43.986929850841044
71.75,955.6126804995444,12.205575750988592,43.94007270355893
71.8,956.2226269384083,12.192281803568953,43.89221449284823
71.85000000000001,956.831901523217,12.178701588778729,43.84332571960343
71.9,957.4404884274194,12.16477457931977,43.79318848555118
71.95,958.0483679474432,12.150406221633657,43.741462397881165
72.0,958.6555172007556,12.13556391086438,43.68803007911177
72.05,959.261912430775,12.120245289910558,43.632883043678014
72.10000000000001,959.867529454004,12.104435639249429,43.57596830129795
72.15,960.472342203904,12.088074356746269,43.517067684286566
72.2,961.0763242087864,12.071205838551268,43.45634101878457
72.25,961.6794535215635,12.05396667252785,43.39428002110026
72.3,962.2817122690976,12.036383228837494,43.330979623814976
72.35000000000001,962.8830839610213,12.018484448108318,43.26654401318994
72.4,963.4835524805233,12.00025633197325,43.2009227951037
72.45,964.0831016503588,11.981710461450204,43.13415766122073
72.5,964.681714936105,11.962820968395988,43.06615548622556
72.55,965.2793739226822,11.943538494691614,42.99673858088981
72.60000000000001,965.8760584216033,11.923841462151158,42.92582926374417
72.65,966.4717506097959,11.903846065553278,42.853845835991805
72.7,967.066434836658,11.883523008931267,42.780682832152564
72.75,967.6600925031581,11.862783651071865,42.70602114385871
72.8,968.2527035482026,11.841658150707158,42.62996934254577
72.85000000000001,968.8442492442445,11.82016969096634,42.55261088747883
72.9,969.4347110403204,11.798302152070963,42.47388774745547
72.95,970.0240691355427,11.776021656824675,42.39367796456883
73.0,970.6123020759301,11.753295958668057,42.311865451205
73.05,971.1993870981788,11.730104931282431,42.22837775261675
73.10000000000001,971.785299667958,11.706397859887986,42.14303229559675
73.15,972.3700126220928,11.682120305501947,42.05563309980701
73.2,972.9534974533886,11.657272946334857,41.96618260680548
73.25,973.5357284297123,11.6319661066105,41.8750779837978
73.3,974.1166826525156,11.606202805520512,41.782330099873846
73.35000000000001,974.6963382287656,11.580020244482903,41.68807288013845
73.4,975.2746744350618,11.553428007366042,41.592340826517756
73.45,975.8516716620578,11.526461072474897,41.49525986090963
73.5,976.4273105656031,11.4990950693372,41.39674224961392
73.55,977.0015693318533,11.47125558066849,41.29652009040657
73.60000000000001,977.5744237756869,11.442922172675663,41.19451982163239
73.65,978.1458519390003,11.414204359860044,41.091135695496156
73.7,978.7158337247084,11.385067068465695,40.986241446476505
73.75,979.2843451999349,11.355391940593442,40.87941098613639
73.8,979.8513604021746,11.32521614899379,40.77077813637765
73.85000000000001,980.4168573384246,11.294661301006958,40.66078068362505
73.9,980.980817782192,11.26375644969051,40.54952321888584
73.95,981.5432231868845,11.232459738005803,40.43685505682089
74.0,982.1040522713248,11.200703639609607,40.32253310259458
74.05,982.6632860884699,11.168649046193346,40.20713656629605
74.10000000000001,983.2209099985548,11.13630735720042,40.090706485921515
74.15,983.7769059938389,11.103532454165432,39.97271683499556
74.2,984.3312521645134,11.070314372817066,39.853131742141436
74.25,984.8839291456133,11.03676487117743,39.73235353623875
74.3,985.4349206936482,11.002897050219868,39.61042938079153
74.35000000000001,985.9842109442856,10.968712975274661,39.48736671098878
74.4,986.5317839819241,10.93420853026904,39.36315070896854
74.45,987.0776259917852,10.899471864173425,39.23809871102433
74.5,987.6217270774093,10.864571560792182,39.112457618851856
74.55,988.1640754741219,10.829364307710543,38.985711507757955
74.60000000000001,988.7046559746304,10.793855712632954,38.85788056547864
74.65,989.2434568204078,10.75817811846303,38.72944122646691
74.7,989.7804717908394,10.722420698802749,38.600714515689894
74.75,990.315697410393,10.686604083337468,38.47177470001488
74.8,990.8491298685842,10.650694244310664,38.34249927951839
74.85000000000001,991.3807650768971,10.614714088205943,38.212970717541396
74.9,991.9106005820743,10.578706118881488,38.08334202797336
74.95,992.4386319771596,10.542549684531771,37.953178864314374
75.0,992.9648492813236,10.506142482028986,37.822112935304354
75.05,993.4892435277067,10.469627373295339,37.69065854386322
75.10000000000001,994.0118109586961,10.43306986628058,37.55905151861009
75.15,994.5325462464024,10.396341641972969,37.426829911102686
75.2,995.0514404294643,10.359425680501788,37.29393244980644
75.25,995.5684851855124,10.322364561422523,37.16051242112108
75.3,996.0836770208587,10.28530885242698,37.02711186873713
75.35000000000001,996.5970177062412,10.248318562873589,36.89394682634492
75.4,997.1085119372452,10.211450677287775,36.76122243823599
75.45,997.6181683000481,10.17480383482655,36.62929380537558
75.5,998.126001082419,10.138507460010612,36.4986268560382
75.55,998.6320247117784,10.102437714366285,36.36877577171863
75.60000000000001,999.1362498215411,10.066566676142564,36.23964003411323
75.65,999.6386871163471,10.030925116096215,36.11133041794638
75.7,1000.139349545054,9.995572032178963,35.98405931584427
75.75,1000.6382512126379,9.960494671178743,35.857780816243476
75.8,1001.1354056434345,9.925682560688323,35.73245721847796
75.85000000000001,1001.63082699063,9.891171327132499,35.608216777676994
75.9,1002.124533451617,9.8570871123472,35.48551360444992
75.95,1002.6165452060968,9.823383066845642,35.36417904064431
76.0,1003.1068809046247,9.790044874269295,35.244161547369465
76.05,1003.5955622681223,9.757209665631128,35.12595479627206
76.10000000000001,1004.0826187117077,9.72504807778337,35.01017308002013
76.15,1004.5680825871865,9.693506941368504,34.89662498892662
76.2,1005.0519859763426,9.662628624878515,34.78546304956266
76.25,1005.5343627930125,9.63244404191945,34.67679855091002
76.3,1006.015251362748,9.603098747499986,34.57115549099995
76.35000000000001,1006.4946925048738,9.574546937529094,34.46836897510474
76.4,1006.9727246354068,9.546738283794355,34.368257821659675
76.45,1007.4493864099734,9.519732698867813,34.27103771592413
76.5,1007.9247198280208,9.493604023028334,34.176974482902004
76.55,1008.3987656904496,9.468230474127498,34.085629706858995
76.60000000000001,1008.8715610797456,9.443585097710676,33.99690635175843
76.65,1009.3431431177476,9.419696422369137,33.9109071205289
76.7,1009.8135516081019,9.396643191805651,33.827915490500345
76.75,1010.2828279799389,9.374411681677298,33.74788205403827
76.80000000000001,1010.7510134643167,9.3530076934318,33.670827696354486
76.85000000000001,1011.2181496744347,9.332440711288852,33.59678656063987
76.9,1011.6842807250397,9.312801312912033,33.52608472648332
76.95,1012.1494497451725,9.293959492404074,33.45825417265467
77.0,1012.6136930552242,9.275772909662052,33.39278247478339
77.05000000000001,1013.077040868997,9.258139641250569,33.32930270850205
77.10000000000001,1013.5395200751806,9.2410286060962,33.26770298194632
77.15,1014.0011535878243,9.224311899652747,33.20752283874989
77.2,1014.4619577667446,9.207855257157203,33.14827892576593
77.25,1014.9219439260411,9.191591114700572,33.08972801292206
77.30000000000001,1015.38112308672,9.175575312457058,33.03207112484541
77.35000000000001,1015.8395065566369,9.15976348422275,32.975148543201904
77.4,1016.2971023691698,9.144069017090143,32.91864846152451
77.45,1016.7539167895428,9.12850779783179,32.86262807219445
77.5,1017.2099591742424,9.11318759015095,32.807475324543425
77.55000000000001,1017.6652393557624,9.09801967064898,32.75287081433633
77.60000000000001,1018.1197618126702,9.082878605660767,32.69836298037876
77.65,1018.5735261645115,9.06769546798916,32.64370368476098
77.7,1019.0265306649165,9.052484548216537,32.58894437357954
77.75,1019.4787727814585,9.037200113460834,32.533920408459004
77.80000000000001,1019.9302461458531,9.021734462323176,32.47824406436343
77.85000000000001,1020.3809409373803,9.006057198767039,32.42180591556134
77.9,1020.8308487146475,8.990253891922492,32.36491401092098
77.95,1021.2799620697186,8.974280310923477,32.30740911932452
78.0,1021.7282706940488,8.958064662281277,32.2490327842126
78.05000000000001,1022.1757628969625,8.941623454269145,32.189844435368926
78.10000000000001,1022.6224283693258,8.924995440261604,32.129983584941776
78.15,1023.0682577425323,8.908179488000176,32.06944615680064
78.2,1023.5132417488871,8.891180766194523,32.008250758300285
78.25,1023.9573709755925,8.873988302023676,31.946357887285235
78.30000000000001,1024.4006376234652,8.856677612882898,31.88403940637843
78.35000000000001,1024.8430363434554,8.839271186728158,31.82137627222137
78.4,1025.2845616833729,8.821742409967907,31.758272675884466
78.45,1025.7252084804666,8.804129473778383,31.69486610560218
78.5,1026.1649738856997,8.786486735548223,31.631352247973606
78.55000000000001,1026.6038562219815,8.768806715723667,31.5677041766052
78.60000000000001,1027.0418531762577,8.751071455324183,31.50385723916706
78.65,1027.478961720396,8.733270310208614,31.43977311675101
78.7,1027.9151788412391,8.71541452351473,31.375492284653028
78.75,1028.3505010128054,8.697472339131123,31.31090042087204
78.80000000000001,1028.7849228331575,8.679400474949325,31.245841709817572
78.85000000000001,1029.2184383789631,8.661221357275913,31.18039688619329
78.9,1029.6510444087098,8.64301983259605,31.11487139734578
78.95,1030.082738597129,8.62474770417708,31.04909173503749
79.0,1030.5135151639474,8.606314968555957,30.982733886801444
79.05000000000001,1030.943365620272,8.587703284430418,30.915731823949507
79.10000000000001,1031.3722813479446,8.568925822472169,30.848132960899807
79.15,1031.8002534376187,8.549957764490074,30.779847952164268
79.2,1032.2272714113556,8.530761184980667,30.710740265930404
79.25,1032.6533231314847,8.511307620182395,30.640707432656622
79.30000000000001,1033.0783963517097,8.491621188812687,30.569836279725674
79.35000000000001,1033.502478624799,8.47166973476237,30.498011045144533
79.4,1033.9255547165196,8.451373934059719,30.424946162614987
79.45,1034.347607370981,8.430732244399271,30.35063607983738
79.5,1034.7686214958228,8.409832749274536,30.275397897388327
79.55000000000001,1035.188583416953,8.38864409593539,30.199118745367407
79.60000000000001,1035.6074779252817,8.367136237214648,30.121690453972736
79.65,1036.0252880520513,8.345268833567463,30.042967800842867
79.7,1036.4419959518139,8.32304715693597,29.962969764969497
79.75,1036.8575831323994,8.300440066485399,29.881584239347436
79.80000000000001,1037.2720276550488,8.277340839487326,29.798427022154375
79.85000000000001,1037.6853047880759,8.253744481593417,29.7134801337363
79.9,1038.0973929141555,8.229780561589243,29.627210021721275
79.95,1038.5082734600353,8.205441273598424,29.539588584954327
80.0,1038.9179264387044,8.180677873163928,29.45044034339014
80.05000000000001,1039.3263315443642,8.155526353228392,29.359894871622213
80.10000000000001,1039.733470955814,8.130050104762212,29.268180377143963
80.15,1040.139328798401,8.104263598719886,29.175348955391588
80.2,1040.5438883810136,8.078119705780322,29.08123094080916
80.25,1040.9471310772117,8.051588142145125,28.98571731172245
80.30000000000001,1041.3490406982821,8.0247967006703,28.889268122413082
80.35000000000001,1041.7496043035057,7.997747508272234,28.791891029780043
80.4,1042.1488065730653,7.970343274105519,28.69323578677987
80.45,1042.5466292918402,7.942565476891346,28.593235716808845
80.5,1042.9430573717784,7.914557720637074,28.492407794293467
80.55000000000001,1043.338080864448,7.886381986153176,28.390975150151434
80.60000000000001,1043.731691918746,7.858060185765929,28.289016668757345
80.65,1044.1238829872939,7.829582556143373,28.186497202116144
80.7,1044.5146473734926,7.800992891807263,28.083574410506145
80.75,1044.9039790172878,7.772272860005787,27.980182296020832
80.80000000000001,1045.291868723009,7.743315368838466,27.87593532781848
80.85000000000001,1045.6783029525445,7.7140538125847,27.77059372530492
80.9,1046.063267305624,7.684520310595964,27.66427311814547
80.95,1046.4467473758361,7.654682497885419,27.55685699238751
81.0,1046.828727045195,7.624504276465993,27.448215395277575
81.05000000000001,1047.2091886667101,7.593960584142069,27.33825810291145
81.10000000000001,1047.5881146164395,7.563077405028189,27.22707865810148
81.15,1047.9654892325968,7.531907241266959,27.114866068561053
81.2,1048.3412996302486,7.500508664807326,27.001831193306373
81.25,1048.7155342794956,7.468877305070296,26.887958298253068
81.30000000000001,1049.0881854872348,7.437171004492737,26.773815616173852
81.35000000000001,1049.4592515706643,7.405472332687388,26.659700397674598
81.4,1049.8287317725828,7.373735744056971,26.545448678605094
81.45,1050.1966243693287,7.341968125779742,26.431085252807073
81.5,1050.562929974951,7.310256099116609,26.316921956819794
81.55000000000001,1050.927651615514,7.278609523402718,26.202994284249787
81.60000000000001,1051.2907929174717,7.247042554907257,26.089353197666124
81.65,1051.6523581637878,7.215567297738627,25.976042271859058
81.7,1052.0123537387808,7.184255701982785,25.863320527138026
81.75,1052.3707887635142,7.153145287351718,25.751323034466186
81.80000000000001,1052.7276718096964,7.122176559942303,25.63983561579229
81.85000000000001,1053.0830097209446,7.0913398899819775,25.52882360393512
81.9,1053.4368121626298,7.060757777427367,25.41872799873852
81.95,1053.789093181403,7.030482973495801,25.309738704584884
82.0,1054.139868923555,7.000546712589166,25.201968165321
82.05000000000001,1054.4891567488698,6.97096630000069,25.095478680002483
82.10000000000001,1054.8369759852278,6.94180315431846,24.990491355546457
82.15,1055.18334833888,6.91309099177437,24.887127570387733
82.2,1055.5282945309284,6.884756690157465,24.785124084566874
82.25,1055.8718315586598,6.856724419096171,24.684207908746217
82.30000000000001,1056.2139769986782,6.829093181636214,24.58473545389037
82.35000000000001,1056.5547511980146,6.801874791823639,24.4867492505651
82.4,1056.894171633435,6.774942624988972,24.3897934499603
82.45,1057.232251599758,6.7482560279324435,24.293721700556798
82.5,1057.5690047318808,6.721869256975257,24.198729325110925
82.55000000000001,1057.9044465596187,6.695803852539955,24.104893869143837
82.60000000000001,1058.238592523262,6.670034693192926,24.012124895494537
82.65,1058.5714551551935,6.64447058406841,23.920094102646274
82.7,1058.9030474772917,6.619222299859225,23.82920027949321
82.75,1059.2333879602118,6.594397016944283,23.73982926099942
82.80000000000001,1059.562495013934,6.569885131949185,23.651586475017066
82.85000000000001,1059.8903804611123,6.5455327551814575,23.563917918653246
82.9,1060.217051634772,6.521314191202595,23.476731088329345
82.95,1060.5425138101755,6.497172824939428,23.38982216978194
83.0,1060.866768800679,6.473026795201518,23.302896462725464
83.05000000000001,1061.1898146472397,6.448807067227403,23.21570544201865
83.10000000000001,1061.5116474429376,6.424504760686016,23.128217138469658
83.15,1061.8322636730818,6.400144445081185,23.04052000229227
83.2,1062.151659439764,6.3756862222057,22.95247039994052
83.25,1062.4698279786617,6.351055333702377,22.863799201328558
83.30000000000001,1062.7867629242953,6.32634249164505,22.774832969922183
83.35000000000001,1063.1024621612937,6.301626988288982,22.685857157840335
83.4,1063.416927083038,6.27696988147768,22.59709157331965
83.45,1063.7301610478576,6.252388711301978,22.50859936068712
83.5,1064.042167982332,6.2278886676759155,22.420399203633295
83.55000000000001,1064.352952188466,6.203479577677431,22.33252647963875
83.60000000000001,1064.6625179308683,6.1791501184135935,22.244940426288938
83.65,1064.9708669142449,6.1548092166468855,22.15731317992879
83.7,1065.2779998295534,6.130507395690925,22.06982662448733
83.75,1065.5839204762678,6.10631847288221,21.982746502375957
83.80000000000001,1065.888633017227,6.082183165484284,21.89585939574342
83.85000000000001,1066.1921389871095,6.058055629816264,21.809000267338554
83.9,1066.4944395728223,6.033967798696327,21.722284075306778
83.95,1066.7955370542297,6.00993145760328,21.635753247371806
84.0,1067.095434490806,5.985966005443288,21.549477619595837
84.05000000000001,1067.3941354287265,5.962071511383536,21.463457440980733
84.10000000000001,1067.6916442003285,5.938279352698854,21.377805669715872
84.15,1067.9879684192008,5.914689402191167,21.2928818478882
84.2,1068.2831179546008,5.891292013806641,21.20865124970391
84.25,1068.5771006341397,5.868015167750541,21.124854603901948
84.30000000000001,1068.8699234985968,5.84489941053248,21.041637877916926
84.35000000000001,1069.1615961521204,5.822006730416059,20.959224229497813
84.4,1069.452129841681,5.799340852008518,20.877627067230666
84.45,1069.7415371070954,5.776949764564405,20.797019152431858
84.5,1070.0298336779713,5.754913070467824,20.717687053684166
84.55000000000001,1070.317039767907,5.733330526962368,20.639989897064524
84.60000000000001,1070.603178530658,5.712219983073479,20.563991939064525
84.65,1070.8882729354937,5.691556210357236,20.48960235728605
84.7,1071.1723482282275,5.671455498993643,20.417239796377114
84.75,1071.4554360291668,5.6520565385793,20.34740353888548
84.80000000000001,1071.7375707277308,5.633331403978295,20.279993054321864
84.85000000000001,1072.0187863420372,5.615293168279761,20.215055405807142
84.9,1072.2991172794889,5.5979443297873726,20.15259958723454
84.95,1072.5785980131905,5.581285018271881,20.092626065778774
85.0,1072.8572627332521,5.565303784196755,20.035093623108317
85.05000000000001,1073.1351426108724,5.549891320612872,19.97960875420634
85.10000000000001,1073.41226601362,5.535044789284874,19.926161241425547
85.15,1073.6886635289065,5.520855822180228,19.87508095984882
85.2,1073.964366449583,5.507261004873968,19.826139617546286
85.25,1074.239402034041,5.494162373446911,19.77898454440888
85.30000000000001,1074.5137944850203,5.481535665730635,19.733528396630287
85.35000000000001,1074.7875663217324,5.469337802749186,19.68961608989707
85.4,1075.0607376781243,5.457516452928093,19.647059230541135
85.45,1075.333326445502,5.446034242187782,19.605723271876016
85.5,1075.605348450491,5.434845957366461,19.56544544651926
85.55000000000001,1075.8768183817126,5.423951291499267,19.526224649397363
85.60000000000001,1076.1477491628054,5.413279952216107,19.487807827977985
85.65,1076.4181483705945,5.402688359343531,19.449678093636713
85.7,1076.6880190397048,5.392138405069282,19.411698258249416
85.75,1076.957362156661,5.381586273182429,19.373710583456745
85.80000000000001,1077.2261764353295,5.370984873560895,19.335545544819222
85.85000000000001,1077.4944579566338,5.360275978614203,19.296993523011132
85.9,1077.7622002585756,5.349416099054035,19.257897956594526
85.95,1078.0293935845139,5.338316938473837,19.217940978505816
86.0,1078.2960238764174,5.326894737663789,19.17682105558964
86.05000000000001,1078.5620708760484,5.314985247576825,19.13394689127657
86.10000000000001,1078.8275091389999,5.302545270476399,19.089162973715037
86.15,1079.0923136340518,5.289634531603222,19.042684313771602
86.2,1079.356459388077,5.276195629400785,18.99430426584283
86.25,1079.6199179846842,5.262148234888636,18.943733645599092
86.30000000000001,1079.8826594333257,5.247509710767866,18.89103495876432
86.35000000000001,1080.1446526707884,5.232219787742773,18.835991235873983
86.4,1080.4058667437366,5.216343130180526,18.778835268649896
86.45,1080.6662728144545,5.199899698531727,18.719638914714217
86.5,1080.9258441478075,5.182953635593217,18.65863308813558
86.55000000000001,1081.1845603114552,5.165692910316427,18.596494477139135
86.60000000000001,1081.4424069421852,5.148172318880948,18.533420347971415
86.65,1081.6993690707661,5.13031282435077,18.469126167662772
86.7,1081.955430799116,5.112156309641878,18.403762714710762
86.75,1082.2105775805644,5.093714948294644,18.33737381386072
86.80000000000001,1082.4647946382697,5.074967359919284,18.26988249570942
86.85000000000001,1082.718065878332,5.055882242577246,18.201176073278084
86.9,1082.9703741231376,5.036447549645082,18.131211178722296
86.95,1083.2217011990206,5.01663548567332,18.059887748423954
87.0,1083.4720265161075,4.996377197800676,17.986957912082435
87.05000000000001,1083.7213239769715,4.975521236762906,17.911876452346462
87.10000000000001,1083.969565477809,4.954138796738262,17.834899668257744
87.15,1084.2167262963824,4.932293946197865,17.756258206312317
87.2,1084.462783623413,4.909999135030267,17.675996886108962
87.25,1084.7077153321634,4.8872692149787085,17.59416917392335
87.30000000000001,1084.9514996759378,4.864104536003022,17.510776329610877
87.35000000000001,1085.1941156931641,4.840536153051193,17.425930150984296
87.4,1085.4355433067099,4.8165683887811985,17.339646199612314
87.45,1085.675760302997,4.792111462705494,17.25160126573978
87.5,1085.914742111414,4.767160873970487,17.161779146293753
87.55000000000001,1086.1524667051904,4.7418228770826305,17.07056235749747
87.60000000000001,1086.3889149678098,4.7161076276941865,16.977987459699072
87.65,1086.6240662375267,4.6899431609782845,16.883795379521825
87.7,1086.8578989532093,4.663365466327611,16.7881156787794
87.75,1087.0903938865351,4.636431866701159,16.69115472012417
87.80000000000001,1087.3215336394132,4.609158248421573,16.592969694317663
87.85000000000001,1087.551301619134,4.581560940408054,16.493619385468996
87.9,1087.7796824137738,4.553670845182648,16.393215042657534
87.95,1088.006662570125,4.525535408861506,16.291927471901424
88.0,1088.2322301493825,4.497167761443667,16.1898039411972
88.05000000000001,1088.4563721697343,4.46851305262427,16.086646989447374
88.10000000000001,1088.6790745586145,4.4395825025835,15.9824970093006
88.15,1088.9003246631205,4.41042167765781,15.877518039568118
88.2,1089.1201111800372,4.381038999012016,15.77174039644326
88.25,1089.3384230845595,4.351437181882696,15.665173854777708
88.30000000000001,1089.5552502836695,4.321650782515513,15.557942817055846
88.35000000000001,1089.7705854762125,4.291756919210149,15.450324909156537
88.4,1089.9844247511642,4.261814078854847,15.34253068387745
88.45,1090.1967642436744,4.231765621549703,15.234356237578929
88.5,1090.407598878382,4.201619766759065,15.125831160332634
88.55000000000001,1090.6169276394521,4.171530676046305,15.017510433766699
88.60000000000001,1090.8247540011905,4.1415237934894105,14.909485656561879
88.65,1091.0310813916922,4.1115718265758465,14.801658575673049
88.7,1091.2359137212723,4.081721356631892,14.694196883874811
88.75,1091.4392568786768,4.052004939550009,14.587217782380032
88.80000000000001,1091.6411176553856,4.022426128804813,14.480734063697328
88.85000000000001,1091.8414994316524,3.9928449218659843,14.374241718717544
88.9,1092.0403999584491,3.9631761500055536,14.267434140019994
88.95,1092.2378165851803,3.9334889192445273,14.160560109280299
89.0,1092.4337489893055,3.9038072457600705,14.053706084736254
89.05000000000001,1092.6281947276175,3.874022286720045,13.946480232192163
89.10000000000001,1092.8211478008786,3.8441006437261662,13.838762317414199
89.15,1093.0126020011833,3.8140673684579154,13.730642526448495
89.2,1093.2025518291262,3.783925749259925,13.622132697335731
89.25,1093.3909919341304,3.7536784509066337,13.51324242326388
89.30000000000001,1093.5779180404265,3.7233658009349506,13.404116883365823
89.35000000000001,1093.7633295484582,3.6930945203311327,13.295140273192079
89.4,1093.9472287592603,3.6628739117489175,13.186346082296103
89.45,1094.1296156986682,3.632603664569188,13.077373192449077
89.5,1094.3104869990132,3.6022483492267057,12.96809405721614
89.55000000000001,1094.4898391935105,3.571839430666409,12.858621950399073
89.60000000000001,1094.6676708866407,3.5414282945450735,12.749141860362265
89.65,1094.8439819727787,3.5110151509696648,12.639654543490794
89.7,1095.0187727096286,3.4806143230295823,12.530211562906496
89.75,1095.1920449288023,3.4502744439207196,12.42098799811459
89.80000000000001,1095.363802675401,3.420035420035215,12.312127512126775
89.85000000000001,1095.5340490732863,3.389820495371676,12.203353783338034
89.9,1095.7027838007027,3.3595686012857624,12.094446964628744
89.95,1095.870007592894,3.3293830863582925,11.985779110889853
90.0,1096.0357251727644,3.2993201084650834,11.8775523904743
90.05000000000001,1096.1999401807,3.269280208955287,11.769408752239034
90.10000000000001,1096.3626522339314,3.2392019203043887,11.6611269130958
90.15,1096.5238603722635,3.2091236129783387,11.55284500672202
90.2,1096.6835649692773,3.1790602675774693,11.44461696327889
90.25,1096.8417662402549,3.148990571526484,11.336366057495342
90.30000000000001,1096.9984637378427,3.1189093319837333,11.22807359514144
90.35000000000001,1097.153658592354,3.088884848474641,11.119985454508708
90.4,1097.3073544257088,3.0589484857174027,11.01221454858265
90.45,1097.45955406063,3.029036911127733,10.904532880059838
90.5,1097.6102576346289,2.9991060488332897,10.796781775799843
90.55000000000001,1097.7594654195902,2.9692053496217583,10.68913925863833
90.60000000000001,1097.907180031891,2.939379142403186,10.581764912651469
90.65,1098.053404696404,2.9096074381207706,10.474586777234775
90.7,1098.1981414166403,2.879861371333689,10.367500936801282
90.75,1098.3413922631817,2.850172490322716,10.260620965161777
90.80000000000001,1098.4831609259634,2.8205740209451093,10.154066475402393
90.85000000000001,1098.6234498141564,2.7909815067804358,10.047533424409568
90.9,1098.762257009547,2.761306308849367,9.940702711857721
90.95,1098.899580581954,2.7316365874285347,9.833891714742725
91.0,1099.0354222667306,2.7020308036357448,9.727310893088681
91.05000000000001,1099.1697833969715,2.6724144059980537,9.620691861592993
91.10000000000001,1099.302662273015,2.642740635740261,9.513866288664941
91.15,1099.434057709221,2.6130768125041888,9.40707652501508
91.2,1099.5639719125174,2.5834913193545397,9.300568749676343
91.25,1099.6924080262625,2.553953230441939,9.19423162959098
91.30000000000001,1099.8193660172333,2.5243664083916753,9.087719070210031
91.35000000000001,1099.9448450055343,2.4947931236440235,8.981255245118485
91.4,1100.068848174607,2.465333639263898,8.875201101350033
91.45,1100.1913796481165,2.4359253011172046,8.769331084021937
91.5,1100.3124401062062,2.406493022471861,8.6633748808987
91.55000000000001,1100.4320289899392,2.3770623268512425,8.557424376664473
91.60000000000001,1100.5501472677556,2.34766878580309,8.451607628891123
91.65,1100.6667966202717,2.318305314845115,8.345899133442414
91.7,1100.781978135795,2.2889553060867835,8.24023910191242
91.75,1100.89569387155,2.259674124112272,8.13482684680418
91.80000000000001,1101.007948566167,2.23051366056758,8.029849178043287
91.85000000000001,1101.1187475321087,2.20144497709786,7.925201917552296
91.9,1101.2280934736646,2.1723926851327366,7.820613666477852
91.95,1101.3359878242088,2.143381336637778,7.7161728118960005
92.0,1101.4424335976987,2.1144496029606,7.612018570658161
92.05000000000001,1101.5474346099827,2.0855908884025034,7.508127198249013
92.10000000000001,1101.6509937755347,2.05677573367964,7.404392641246705
92.15,1101.7531132485087,2.028003185280712,7.300811467010564
92.2,1101.8537955474967,1.9992887742363097,7.197439587250715
92.25,1101.953042375397,1.970584341774766,7.094103630389157
92.30000000000001,1102.0508533670854,1.9418553257640625,6.9906791727506254
92.35000000000001,1102.1472297702242,1.9132007997834894,6.887522879220562
92.4,1102.242178874193,1.8847633589754929,6.785148092311775
92.45,1102.3357107080067,1.8565099935651013,6.683435976834365
92.5,1102.4278319778334,1.828340799500531,6.582026878201912
92.55000000000001,1102.5185472899832,1.800271686488563,6.480978071358827
92.60000000000001,1102.6078614694484,1.772295492117477,6.380263771622917
92.65,1102.6957780358277,1.7443671630552635,6.279721786998949
92.7,1102.782297806281,1.7164236550690912,6.179125158248729
92.75,1102.8674201487227,1.6884700426051114,6.078492153378401
92.80000000000001,1102.9511441174363,1.6604887059416753,5.977759341390032
92.85000000000001,1103.0334661031554,1.6323907228186914,5.876606602147289
92.9,1103.1143765732077,1.604028079269359,5.7745010853696925
92.95,1103.1938631305004,1.5754342124439247,5.671563164798129
93.0,1103.2719172163277,1.5467292206422516,5.568225194312106
93.05000000000001,1103.3485337215452,1.517930988057428,5.464551557006741
93.10000000000001,1103.4237077783746,1.4890312851153291,5.360512626415185
93.15,1103.4974347989657,1.4600495385279282,5.256178338700542
93.2,1103.5697114536567,1.4310166491147334,5.15165993681304
93.25,1103.6405350893192,1.4019287773827867,5.046943598578032
93.30000000000001,1103.7099005525702,1.3726897526600925,4.941683109576333
93.35000000000001,1103.7778019772038,1.34336723268518,4.836122037666648
93.4,1103.8442384175255,1.3140903801819566,4.730725368655044
93.45,1103.9092115117473,1.284833388695457,4.6254001993036455
93.5,1103.9727199847623,1.2555055319075414,4.519819914867149
93.55000000000001,1104.034761531179,1.2261563247603817,4.414162769137374
93.60000000000001,1104.0953360573994,1.1968247240603476,4.308569006617251
93.65,1104.1544456024697,1.1675570787439726,4.2032054834783015
93.7,1104.212091174565,1.1382658050782177,4.097756898281584
93.75,1104.2682709624994,1.1089257122897118,3.992132564242963
93.80000000000001,1104.3229860772117,1.0796788762012404,3.8868439543244655
93.85000000000001,1104.3762409159233,1.0505146722635175,3.781852820148663
93.9,1104.4280365215623,1.0213095532947845,3.676714391861224
93.95,1104.478371233248,0.9920789141398969,3.571484090903629
94.0,1104.5272440294284,0.9628329330726764,3.466198559061635
94.05000000000001,1104.5746549655637,0.9336045123373228,3.360976244414362
94.10000000000001,1104.62060561218,0.9044213523194096,3.2559168683498747
94.15,1104.665098208332,0.8752824937593942,3.151016977533819
94.2,1104.7081357951354,0.8462209783719102,3.046395522138877
94.25,1104.749724481395,0.8173264720147981,2.9423752992532735
94.30000000000001,1104.7898710265,0.7885353321784742,2.838727195842507
94.35000000000001,1104.828580868041,0.759858329463749,2.7354899860694966
94.4,1104.865861359016,0.7313613095367959,2.6329007143324654
94.45,1104.90172055697,0.7030066086302766,2.530823791068996
94.5,1104.9361693542437,0.6749452823145125,2.429803016332245
94.55000000000001,1104.9692312934683,0.6475322866708082,2.3311162320149097
94.60000000000001,1105.0009421294226,0.6209011515014398,2.2352441454051832
94.65,1105.0313418359128,0.5950871081105702,2.1423135891980527
94.7,1105.060469145354,0.5700052695393383,2.052018970341618
94.75,1105.0883588875045,0.5455844164742254,1.9641038993072115
94.80000000000001,1105.115044152484,0.5218261827034776,1.8785742577325193
94.85000000000001,1105.1405560309704,0.4986489567505195,1.7951362443018704
94.9,1105.164919850916,0.4759038410723443,1.7132538278604394
94.95,1105.1881552963443,0.4535139760620687,1.6326503138234474
95.0,1105.2102769912838,0.43135382151244306,1.552873757444795
95.05000000000001,1105.231295015611,0.409367151582858,1.473721745698289
95.10000000000001,1105.2512166364456,0.387497681799034,1.3949916544765224
95.15,1105.2700460623523,0.3656793544660269,1.3164456760776968
95.2,1105.2877926010058,0.3441821916685958,1.239055890006945
95.25,1105.3044798587098,0.3233081164932191,1.1639092193755889
95.30000000000001,1105.3201361804338,0.3029447524672232,1.0906011088820036
95.35000000000001,1105.334785644384,0.28303380554253116,1.018921699953112
95.4,1105.3484510798717,0.26358361395825586,0.9489010102497211
95.45,1105.3611557896832,0.24460477850471596,0.8805772026169775
95.5,1105.3729236025779,0.22610773728335742,0.8139878542200868
95.55000000000001,1105.3837788383485,0.20810169354315441,0.749166096755356
95.60000000000001,1105.393746267692,0.19059548020235106,0.6861437287284639
95.65,1105.4029737150431,0.17850241384659957,0.6426086898477584
95.7,1105.4115379390844,0.16406654780834382,0.5906395721100377
95.75,1105.4193480253068,0.1483369010932919,0.5340128439358508
95.80000000000001,1105.4263196028603,0.13052620104495127,0.4698943237618246
95.85000000000001,1105.4323289372617,0.10984717500683006,0.3954498300245882
95.9,1105.437212930395,0.08551255032243651,0.3078451811607715
95.95,1105.4407691205113,0.05673505433527887,0.20424619560700394
96.0,1105.4427556822293,0.022727414388865275,0.081818691799915
