t_local,v_ms,s_local
0.0,0.0,0.0
0.05,0.027500000000000004,0.0013750000000000004
0.1,0.05500000000000001,0.004125000000000001
0.15000000000000002,0.08250000000000002,0.008250000000000002
0.2,0.11000000000000001,0.013750000000000004
0.25,0.1375,0.020625000000000004
0.30000000000000004,0.16500000000000004,0.028875000000000005
0.35000000000000003,0.19250000000000003,0.038500000000000006
0.4,0.22000000000000003,0.04950000000000001
0.45,0.24750000000000003,0.06187500000000001
0.5,0.275,0.07562500000000001
0.55,0.30250000000000005,0.09075000000000001
0.6000000000000001,0.33000000000000007,0.10725000000000001
0.65,0.35750000000000004,0.12512500000000001
0.7000000000000001,0.38500000000000006,0.14437500000000003
0.75,0.41250000000000003,0.16500000000000004
0.8,0.44000000000000006,0.18700000000000006
0.8500000000000001,0.4675000000000001,0.21037500000000006
0.9,0.49500000000000005,0.23512500000000006
0.9500000000000001,0.5225000000000001,0.26125000000000004
1.0,0.55,0.28875000000000006
1.05,0.5775000000000001,0.31762500000000005
1.1,0.6050000000000001,0.34787500000000005
1.1500000000000001,0.6325000000000002,0.37950000000000006
1.2000000000000002,0.6600000000000001,0.4125000000000001
1.25,0.6875,0.4468750000000001
1.3,0.7150000000000001,0.4826250000000001
1.35,0.7425000000000002,0.51975
1.4000000000000001,0.7700000000000001,0.55825
1.4500000000000002,0.7975000000000002,0.598125
1.5,0.8250000000000001,0.639375
1.55,0.8525000000000001,0.682
1.6,0.8800000000000001,0.7260000000000001
1.6500000000000001,0.9075000000000002,0.7713750000000001
1.7000000000000002,0.9350000000000002,0.8181250000000002
1.75,0.9625000000000001,0.8662500000000002
1.8,0.9900000000000001,0.9157500000000002
1.85,1.0175,0.9666250000000002
1.9000000000000001,1.0450000000000002,1.0188750000000002
1.9500000000000002,1.0725000000000002,1.0725000000000002
2.0,1.1,1.1275000000000002
2.0500000000000003,1.1275000000000002,1.1838750000000002
2.1,1.1550000000000002,1.2416250000000002
2.15,1.1825,1.3007500000000003
2.2,1.2100000000000002,1.3612500000000003
2.25,1.2375,1.4231250000000002
2.3000000000000003,1.2650000000000003,1.4863750000000002
2.35,1.2925000000000002,1.5510000000000002
2.4000000000000004,1.3200000000000003,1.6170000000000002
2.45,1.3475000000000001,1.6843750000000002
2.5,1.375,1.7531250000000003
2.5500000000000003,1.4025000000000003,1.8232500000000003
2.6,1.4300000000000002,1.8947500000000002
2.6500000000000004,1.4575000000000002,1.9676250000000002
2.7,1.4850000000000003,2.041875
2.75,1.5125000000000002,2.1175
2.8000000000000003,1.5400000000000003,2.1945
2.85,1.5675000000000001,2.272875
2.9000000000000004,1.5950000000000004,2.352625
2.95,1.6225000000000003,2.4337500000000003
3.0,1.6500000000000001,2.5162500000000003
3.0500000000000003,1.6775000000000002,2.6001250000000002
3.1,1.7050000000000003,2.685375
3.1500000000000004,1.7325000000000004,2.7720000000000002
3.2,1.7600000000000002,2.8600000000000003
3.25,1.7875,2.9493750000000003
3.3000000000000003,1.8150000000000004,3.040125
3.35,1.8425000000000002,3.13225
3.4000000000000004,1.8700000000000003,3.22575
3.45,1.8975000000000002,3.320625
3.5,1.9250000000000003,3.416875
3.5500000000000003,1.9525000000000003,3.5145
3.6,1.9800000000000002,3.6135
3.6500000000000004,2.0075000000000003,3.7138750000000003
3.7,2.035,3.8156250000000003
3.75,2.0625,3.91875
3.8000000000000003,2.0900000000000003,4.02325
3.85,2.1175,4.129125
3.9000000000000004,2.1450000000000005,4.236375
3.95,2.1725000000000003,4.345
4.0,2.2,4.455
4.05,2.2275,4.566375
4.1000000000000005,2.2550000000000003,4.679125
4.15,2.2825,4.79325
4.2,2.3100000000000005,4.9087499999999995
4.25,2.3375000000000004,5.025625
4.3,2.365,5.1438749999999995
4.3500000000000005,2.3925000000000005,5.2635
4.4,2.4200000000000004,5.3845
4.45,2.4475000000000002,5.506875
4.5,2.475,5.630625
4.55,2.5025,5.75575
4.6000000000000005,2.5300000000000007,5.88225
4.65,2.5575000000000006,6.010125
4.7,2.5850000000000004,6.139375
4.75,2.6125000000000003,6.2700000000000005
4.800000000000001,2.6400000000000006,6.402
4.8500000000000005,2.6675000000000004,6.535375
4.9,2.6950000000000003,6.6701250000000005
4.95,2.7225,6.80625
5.0,2.75,6.9437500000000005
5.050000000000001,2.7775000000000007,7.082625
5.1000000000000005,2.8050000000000006,7.222875
5.15,2.8325000000000005,7.3645000000000005
5.2,2.8600000000000003,7.5075
5.25,2.8875,7.651875
5.300000000000001,2.9150000000000005,7.797625
5.3500000000000005,2.9425000000000003,7.94475
5.4,2.9700000000000006,8.09325
5.45,2.9975000000000005,8.243125
5.5,3.0250000000000004,8.394374999999998
5.550000000000001,3.0525000000000007,8.546999999999999
5.6000000000000005,3.0800000000000005,8.700999999999999
5.65,3.1075000000000004,8.856374999999998
5.7,3.1350000000000002,9.013124999999999
5.75,3.1625,9.171249999999999
5.800000000000001,3.190000000000001,9.330749999999998
5.8500000000000005,3.2175000000000007,9.491624999999999
5.9,3.2450000000000006,9.653875
5.95,3.2725000000000004,9.817499999999999
6.0,3.3000000000000003,9.982499999999998
6.050000000000001,3.3275000000000006,10.148874999999999
6.1000000000000005,3.3550000000000004,10.316624999999998
6.15,3.3825000000000003,10.485749999999998
6.2,3.4100000000000006,10.656249999999998
6.25,3.4375000000000004,10.828124999999998
6.300000000000001,3.4650000000000007,11.001374999999998
6.3500000000000005,3.4925000000000006,11.175999999999998
6.4,3.5200000000000005,11.351999999999999
6.45,3.5475000000000003,11.529374999999998
6.5,3.575,11.708124999999999
6.550000000000001,3.6025000000000005,11.88825
6.6000000000000005,3.630000000000001,12.069749999999999
6.65,3.6575000000000006,12.252624999999998
6.7,3.6850000000000005,12.436874999999999
6.75,3.7125000000000004,12.622499999999999
6.800000000000001,3.7400000000000007,12.809499999999998
6.8500000000000005,3.7675000000000005,12.997874999999999
6.9,3.7950000000000004,13.187624999999999
6.95,3.8225000000000002,13.378749999999998
7.0,3.8500000000000005,13.57125
7.050000000000001,3.877500000000001,13.765125
7.1000000000000005,3.9050000000000007,13.960374999999999
7.15,3.9325000000000006,14.157
7.2,3.9600000000000004,14.355
7.25,3.9875000000000003,14.554375
7.300000000000001,4.015000000000001,14.755125
7.3500000000000005,4.0425,14.95725
7.4,4.07,15.16075
7.45,4.0975,15.365625
7.5,4.125,15.571875
7.550000000000001,4.152500000000001,15.7795
7.6000000000000005,4.180000000000001,15.9885
7.65,4.2075000000000005,16.198875
7.7,4.235,16.410625
7.75,4.2625,16.62375
7.800000000000001,4.290000000000001,16.838250000000002
7.8500000000000005,4.317500000000001,17.054125000000003
7.9,4.345000000000001,17.271375000000003
7.95,4.3725000000000005,17.490000000000002
8.0,4.4,17.71
8.05,4.427500000000001,17.931375
8.1,4.455,18.154125
8.15,4.482500000000001,18.37825
8.200000000000001,4.510000000000001,18.60375
8.25,4.5375000000000005,18.830625
8.3,4.565,19.058875
8.35,4.5925,19.2885
8.4,4.620000000000001,19.5195
8.450000000000001,4.647500000000001,19.751875000000002
8.5,4.675000000000001,19.985625000000002
8.55,4.702500000000001,20.220750000000002
8.6,4.73,20.457250000000002
8.65,4.7575,20.695125
8.700000000000001,4.785000000000001,20.934375
8.75,4.8125,21.175
8.8,4.840000000000001,21.417
8.85,4.867500000000001,21.660375000000002
8.9,4.8950000000000005,21.905125
8.950000000000001,4.922500000000001,22.15125
9.0,4.95,22.39875
9.05,4.977500000000001,22.647625
9.1,5.005,22.897875000000003
9.15,5.032500000000001,23.149500000000003
9.200000000000001,5.060000000000001,23.402500000000003
9.25,5.0875,23.656875000000003
9.3,5.115000000000001,23.912625000000002
9.35,5.1425,24.16975
9.4,5.170000000000001,24.428250000000002
9.450000000000001,5.197500000000001,24.688125000000003
9.5,5.2250000000000005,24.949375000000003
9.55,5.2525,25.212000000000003
9.600000000000001,5.280000000000001,25.476000000000003
9.65,5.307500000000001,25.741375
9.700000000000001,5.335000000000001,26.008125
9.75,5.362500000000001,26.27625
9.8,5.390000000000001,26.54575
9.850000000000001,5.417500000000001,26.816625000000002
9.9,5.445,27.088875
9.950000000000001,5.472500000000001,27.3625
10.0,5.5,27.6375
10.05,5.527500000000001,27.913875
10.100000000000001,5.5550000000000015,28.191625000000002
10.15,5.5825000000000005,28.470750000000002
10.200000000000001,5.610000000000001,28.751250000000002
10.25,5.6375,29.033125000000002
10.3,5.665000000000001,29.316375
10.350000000000001,5.692500000000002,29.601
10.4,5.720000000000001,29.887
10.450000000000001,5.747500000000001,30.174375
10.5,5.775,30.463125
10.55,5.802500000000001,30.75325
10.600000000000001,5.830000000000001,31.04475
10.65,5.857500000000001,31.337625
10.700000000000001,5.885000000000001,31.631875
10.75,5.9125000000000005,31.927500000000002
10.8,5.940000000000001,32.2245
10.850000000000001,5.967500000000001,32.522875
10.9,5.995000000000001,32.822625
10.950000000000001,6.022500000000001,33.12375
11.0,6.050000000000001,33.42625
11.05,6.077500000000001,33.730125
11.100000000000001,6.105000000000001,34.035375
11.15,6.1325,34.342
11.200000000000001,6.160000000000001,34.65
11.25,6.187500000000001,34.959375
11.3,6.215000000000001,35.270125
11.350000000000001,6.2425000000000015,35.58225
11.4,6.2700000000000005,35.89575
11.450000000000001,6.297500000000001,36.210625
11.5,6.325,36.526875
11.55,6.352500000000001,36.8445
11.600000000000001,6.380000000000002,37.1635
11.65,6.407500000000001,37.483875
11.700000000000001,6.435000000000001,37.805625
11.75,6.4625,38.12875
11.8,6.490000000000001,38.45325
11.850000000000001,6.517500000000001,38.779125
11.9,6.545000000000001,39.106375
11.950000000000001,6.572500000000001,39.435
12.0,6.6000000000000005,39.765
12.05,6.627500000000001,40.096375
12.100000000000001,6.655000000000001,40.429125
12.15,6.682500000000001,40.76325
12.200000000000001,6.710000000000001,41.09875
12.25,6.737500000000001,41.435625
12.3,6.765000000000001,41.773875000000004
12.350000000000001,6.792500000000001,42.1135
12.4,6.820000000000001,42.4545
12.450000000000001,6.847500000000001,42.796875
12.5,6.875000000000001,43.140625
12.55,6.902500000000001,43.48575
12.600000000000001,6.9300000000000015,43.83225
12.65,6.9575000000000005,44.180125000000004
12.700000000000001,6.985000000000001,44.529375
12.75,7.0125,44.88
12.8,7.040000000000001,45.232
12.850000000000001,7.067500000000002,45.585375
12.9,7.095000000000001,45.940125
12.950000000000001,7.122500000000001,46.29625
13.0,7.15,46.65375
13.05,7.177500000000001,47.012625
13.100000000000001,7.205000000000001,47.372875
13.15,7.232500000000001,47.7345
13.200000000000001,7.260000000000002,48.0975
13.25,7.2875000000000005,48.461875
13.3,7.315000000000001,48.827625
13.350000000000001,7.342500000000001,49.19475
13.4,7.370000000000001,49.56325
13.450000000000001,7.397500000000001,49.933125
13.5,7.425000000000001,50.304375
13.55,7.452500000000001,50.677
13.600000000000001,7.480000000000001,51.051
13.65,7.507500000000001,51.426375
13.700000000000001,7.535000000000001,51.803125
13.75,7.562500000000001,52.18125
13.8,7.590000000000001,52.56075
13.850000000000001,7.6175000000000015,52.941625
13.9,7.6450000000000005,53.323875
13.950000000000001,7.672500000000001,53.7075
14.0,7.700000000000001,54.0925
14.05,7.727500000000001,54.478875
14.100000000000001,7.755000000000002,54.866625
14.15,7.782500000000001,55.25575
14.200000000000001,7.810000000000001,55.64625
14.25,7.8375,56.038125
14.3,7.865000000000001,56.431375
14.350000000000001,7.892500000000002,56.826
14.4,7.920000000000001,57.222
14.450000000000001,7.947500000000002,57.619375
14.5,7.9750000000000005,58.018125
14.55,8.002500000000001,58.41825
14.600000000000001,8.030000000000001,58.81975
14.65,8.057500000000001,59.222625
14.700000000000001,8.085,59.626875
14.75,8.1125,60.0325
14.8,8.14,60.439499999999995
14.850000000000001,8.167500000000002,60.847874999999995
14.9,8.195,61.257625
14.950000000000001,8.222500000000002,61.668749999999996
15.0,8.25,62.08125
15.05,8.277500000000002,62.495124999999994
15.100000000000001,8.305000000000001,62.910374999999995
15.15,8.332500000000001,63.327
15.200000000000001,8.360000000000001,63.745
15.25,8.387500000000001,64.16437499999999
15.3,8.415000000000001,64.58512499999999
15.350000000000001,8.4425,65.00724999999998
15.4,8.47,65.43074999999999
15.450000000000001,8.4975,65.85562499999999
15.5,8.525,66.28187499999999
15.55,8.5525,66.70949999999999
15.600000000000001,8.580000000000002,67.1385
15.65,8.607500000000002,67.56887499999999
15.700000000000001,8.635000000000002,68.00062499999999
15.75,8.662500000000001,68.43374999999999
15.8,8.690000000000001,68.86824999999999
15.850000000000001,8.717500000000001,69.30412499999998
15.9,8.745000000000001,69.74137499999999
15.950000000000001,8.7725,70.17999999999999
16.0,8.8,70.61999999999999
16.05,8.8275,71.06137499999998
16.1,8.855000000000002,71.50412499999999
16.150000000000002,8.882500000000002,71.94824999999999
16.2,8.91,72.39374999999998
16.25,8.9375,72.84062499999999
16.3,8.965000000000002,73.28887499999999
16.35,8.992500000000001,73.73849999999999
16.400000000000002,9.020000000000001,74.18949999999998
16.45,9.047500000000001,74.64187499999998
16.5,9.075000000000001,75.09562499999998
16.55,9.102500000000001,75.55074999999998
16.6,9.13,76.00724999999998
16.650000000000002,9.157500000000002,76.46512499999999
16.7,9.185,76.92437499999998
16.75,9.2125,77.38499999999998
16.8,9.240000000000002,77.84699999999998
16.85,9.267500000000002,78.31037499999998
16.900000000000002,9.295000000000002,78.77512499999997
16.95,9.3225,79.24124999999998
17.0,9.350000000000001,79.70874999999998
17.05,9.377500000000001,80.17762499999998
17.1,9.405000000000001,80.64787499999997
17.150000000000002,9.432500000000003,81.11949999999997
17.2,9.46,81.59249999999997
17.25,9.4875,82.06687499999997
17.3,9.515,82.54262499999997
17.35,9.542500000000002,83.01974999999997
17.400000000000002,9.570000000000002,83.49824999999997
17.45,9.5975,83.97812499999998
17.5,9.625,84.45937499999998
17.55,9.652500000000002,84.94199999999998
17.6,9.680000000000001,85.42599999999997
17.650000000000002,9.707500000000001,85.91137499999998
17.7,9.735000000000001,86.39812499999998
17.75,9.762500000000001,86.88624999999998
17.8,9.790000000000001,87.37574999999998
17.85,9.8175,87.86662499999998
17.900000000000002,9.845000000000002,88.35887499999998
17.95,9.8725,88.85249999999998
18.0,9.9,89.34749999999998
18.05,9.927500000000002,89.84387499999998
18.1,9.955000000000002,90.34162499999998
18.150000000000002,9.982500000000002,90.84074999999999
18.2,10.01,91.34124999999999
18.25,10.037500000000001,91.84312499999999
18.3,10.065000000000001,92.34637499999998
18.35,10.092500000000001,92.85099999999998
18.400000000000002,10.120000000000003,93.35699999999999
18.45,10.1475,93.86437499999998
18.5,10.175,94.37312499999999
18.55,10.2025,94.88324999999999
18.6,10.230000000000002,95.39474999999999
18.650000000000002,10.257500000000002,95.90762499999998
18.7,10.285,96.42187499999999
18.75,10.3125,96.93749999999999
18.8,10.340000000000002,97.45449999999998
18.85,10.367500000000001,97.97287499999999
18.900000000000002,10.395000000000001,98.49262499999999
18.95,10.422500000000001,99.01374999999999
19.0,10.450000000000001,99.53624999999998
19.05,10.477500000000001,100.06012499999999
19.1,10.505,100.58537499999998
19.150000000000002,10.532500000000002,101.11199999999998
19.200000000000003,10.560000000000002,101.63999999999999
19.25,10.5875,102.16937499999999
19.3,10.615000000000002,102.70012499999999
19.35,10.642500000000002,103.23224999999998
19.400000000000002,10.670000000000002,103.76574999999998
19.450000000000003,10.697500000000002,104.30062499999998
19.5,10.725000000000001,104.83687499999998
19.55,10.752500000000001,105.37449999999998
19.6,10.780000000000001,105.91349999999998
19.650000000000002,10.807500000000003,106.45387499999998
19.700000000000003,10.835000000000003,106.99562499999998
19.75,10.8625,107.53874999999998
19.8,10.89,108.08324999999998
19.85,10.917500000000002,108.62912499999997
19.900000000000002,10.945000000000002,109.17637499999998
19.950000000000003,10.972500000000002,109.72499999999998
20.0,11.0,110.27499999999998
20.05,11.027500000000002,110.82637499999997
20.1,11.055000000000001,111.37912499999997
20.150000000000002,11.082500000000001,111.93324999999997
20.200000000000003,11.110000000000003,112.48874999999997
20.25,11.137500000000001,113.04562499999997
20.3,11.165000000000001,113.60387499999997
20.35,11.192500000000003,114.16349999999997
20.400000000000002,11.220000000000002,114.72449999999998
20.450000000000003,11.247500000000002,115.28687499999998
20.5,11.275,115.85062499999998
20.55,11.302500000000002,116.41574999999997
20.6,11.330000000000002,116.98224999999998
20.650000000000002,11.357500000000002,117.55012499999998
20.700000000000003,11.385000000000003,118.11937499999998
20.75,11.412500000000001,118.68999999999998
20.8,11.440000000000001,119.26199999999999
20.85,11.467500000000001,119.83537499999998
20.900000000000002,11.495000000000003,120.41012499999998
20.950000000000003,11.522500000000003,120.98624999999998
21.0,11.55,121.56374999999998
21.05,11.5775,122.14262499999998
21.1,11.605000000000002,122.72287499999999
21.150000000000002,11.632500000000002,123.30449999999999
21.200000000000003,11.660000000000002,123.88749999999999
21.25,11.687500000000002,124.47187499999998
21.3,11.715000000000002,125.05762499999999
21.35,11.742500000000001,125.64474999999999
21.400000000000002,11.770000000000001,126.23324999999998
21.450000000000003,11.797500000000003,126.82312499999999
21.5,11.825000000000001,127.41437499999999
21.55,11.852500000000001,128.007
21.6,11.880000000000003,128.601
21.650000000000002,11.907500000000002,129.196375
21.700000000000003,11.935000000000002,129.79312499999997
21.75,11.9625,130.39124999999999
21.8,11.990000000000002,130.99075
21.85,12.017500000000002,131.591625
21.900000000000002,12.045000000000002,132.193875
21.950000000000003,12.072500000000003,132.79749999999999
22.0,12.100000000000001,133.40249999999997
22.05,12.127500000000001,134.008875
22.1,12.155000000000001,134.616625
22.150000000000002,12.182500000000003,135.22575
22.200000000000003,12.210000000000003,135.83625
22.25,12.2375,136.448125
22.3,12.265,137.061375
22.35,12.292500000000002,137.676
22.400000000000002,12.320000000000002,138.292
22.450000000000003,12.347500000000002,138.909375
22.5,12.375000000000002,139.52812500000002
22.55,12.402500000000002,140.14825000000002
22.6,12.430000000000001,140.76975000000002
22.650000000000002,12.457500000000001,141.392625
22.700000000000003,12.485000000000003,142.016875
22.75,12.51818181818182,142.6427840909091
22.8,12.558181818181819,143.2706931818182
22.85,12.59818181818182,143.90060227272727
22.900000000000002,12.63818181818182,144.53251136363636
22.950000000000003,12.678181818181821,145.16642045454546
23.0,12.718181818181819,145.80232954545454
23.05,12.75818181818182,146.44023863636363
23.1,12.79818181818182,147.08014772727273
23.150000000000002,12.83818181818182,147.7220568181818
23.200000000000003,12.87818181818182,148.3659659090909
23.25,12.918181818181818,149.011875
23.3,12.958181818181819,149.65978409090908
23.35,12.99818181818182,150.30969318181818
23.400000000000002,13.03818181818182,150.96160227272728
23.450000000000003,13.078181818181822,151.61551136363636
23.5,13.118181818181819,152.27142045454545
23.55,13.15818181818182,152.92932954545455
23.6,13.19818181818182,153.58923863636363
23.650000000000002,13.23818181818182,154.25114772727272
23.700000000000003,13.278181818181821,154.91505681818182
23.75,13.318181818181818,155.5809659090909
23.8,13.35818181818182,156.248875
23.85,13.39818181818182,156.9187840909091
23.900000000000002,13.438181818181821,157.59069318181818
23.950000000000003,13.47818181818182,158.26460227272727
24.0,13.51818181818182,158.94051136363638
24.05,13.558181818181819,159.61842045454546
24.1,13.59818181818182,160.29832954545455
24.150000000000002,13.63818181818182,160.98023863636365
24.200000000000003,13.678181818181821,161.66414772727273
24.25,13.718181818181819,162.35005681818183
24.3,13.75818181818182,163.03796590909093
24.35,13.79818181818182,163.727875
24.400000000000002,13.83818181818182,164.4197840909091
24.450000000000003,13.87818181818182,165.1136931818182
24.5,13.918181818181818,165.8096022727273
24.55,13.958181818181819,166.50751136363638
24.6,13.99818181818182,167.20742045454548
24.650000000000002,14.03818181818182,167.90932954545457
24.700000000000003,14.078181818181822,168.61323863636366
24.75,14.118181818181819,169.31914772727276
24.8,14.15818181818182,170.02705681818185
24.85,14.19818181818182,170.73696590909094
24.900000000000002,14.23818181818182,171.44887500000004
24.950000000000003,14.278181818181821,172.16278409090913
25.0,14.318181818181818,172.87869318181822
25.05,14.35818181818182,173.59660227272732
25.1,14.39818181818182,174.3165113636364
25.150000000000002,14.438181818181821,175.0384204545455
25.200000000000003,14.47818181818182,175.7623295454546
25.25,14.51818181818182,176.4882386363637
25.3,14.558181818181819,177.21614772727278
25.35,14.59818181818182,177.9460568181819
25.400000000000002,14.63818181818182,178.67796590909097
25.450000000000003,14.678181818181821,179.41187500000007
25.5,14.718181818181819,180.14778409090917
25.55,14.75818181818182,180.88569318181825
25.6,14.79818181818182,181.62560227272735
25.650000000000002,14.83818181818182,182.36751136363645
25.700000000000003,14.87818181818182,183.11142045454554
25.75,14.918181818181818,183.85732954545463
25.8,14.958181818181819,184.60523863636374
25.85,14.99818181818182,185.35514772727282
25.900000000000002,15.03818181818182,186.10705681818192
25.950000000000003,15.078181818181822,186.86096590909102
26.0,15.118181818181819,187.6168750000001
26.05,15.15818181818182,188.3747840909092
26.1,15.19818181818182,189.1346931818183
26.150000000000002,15.23818181818182,189.8966022727274
26.200000000000003,15.278181818181821,190.6605113636365
26.25,15.318181818181818,191.4264204545456
26.3,15.35818181818182,192.19432954545468
26.35,15.39818181818182,192.96423863636377
26.400000000000002,15.438181818181821,193.73614772727288
26.450000000000003,15.47818181818182,194.51005681818197
26.5,15.51818181818182,195.28596590909106
26.55,15.558181818181819,196.06387500000014
26.6,15.59818181818182,196.84378409090922
26.650000000000002,15.63818181818182,197.62569318181832
26.700000000000003,15.678181818181821,198.4096022727274
26.75,15.718181818181819,199.19551136363648
26.8,15.75818181818182,199.98342045454558
26.85,15.79818181818182,200.77332954545466
26.900000000000002,15.83818181818182,201.56523863636374
26.950000000000003,15.87818181818182,202.35914772727284
27.0,15.918181818181818,203.15505681818192
27.05,15.958181818181819,203.952965909091
27.1,15.99818181818182,204.7528750000001
27.150000000000002,16.03818181818182,205.55478409090918
27.200000000000003,16.07818181818182,206.35869318181827
27.25,16.118181818181817,207.16460227272736
27.3,16.15818181818182,207.97251136363644
27.35,16.19818181818182,208.78242045454553
27.400000000000002,16.238181818181822,209.59432954545463
27.450000000000003,16.27818181818182,210.4082386363637
27.5,16.31818181818182,211.2241477272728
27.55,16.35818181818182,212.0420568181819
27.6,16.39818181818182,212.86196590909097
27.650000000000002,16.43818181818182,213.68387500000006
27.700000000000003,16.47818181818182,214.50778409090915
27.75,16.51818181818182,215.33369318181823
27.8,16.55818181818182,216.16160227272732
27.85,16.59818181818182,216.99151136363642
27.900000000000002,16.63818181818182,217.8234204545455
27.950000000000003,16.67818181818182,218.6573295454546
28.0,16.71818181818182,219.49323863636369
28.05,16.758181818181818,220.33114772727276
28.1,16.79818181818182,221.17105681818185
28.150000000000002,16.83818181818182,222.01296590909095
28.200000000000003,16.878181818181822,222.85687500000003
28.25,16.918181818181818,223.70278409090912
28.3,16.95818181818182,224.55069318181822
28.35,16.99818181818182,225.4006022727273
28.400000000000002,17.03818181818182,226.2525113636364
28.450000000000003,17.07818181818182,227.10642045454549
28.5,17.118181818181817,227.96232954545457
28.55,17.15818181818182,228.82023863636365
28.6,17.19818181818182,229.68014772727275
28.650000000000002,17.238181818181822,230.54205681818183
28.700000000000003,17.27818181818182,231.40596590909092
28.75,17.31818181818182,232.27187500000002
28.8,17.35818181818182,233.1397840909091
28.85,17.39818181818182,234.0096931818182
28.900000000000002,17.43818181818182,234.8816022727273
28.950000000000003,17.47818181818182,235.75551136363637
29.0,17.51818181818182,236.63142045454546
29.05,17.55818181818182,237.50932954545456
29.1,17.59818181818182,238.38923863636364
29.150000000000002,17.63818181818182,239.27114772727273
29.200000000000003,17.67818181818182,240.15505681818183
29.25,17.71818181818182,241.04096590909091
29.3,17.758181818181818,241.928875
29.35,17.79818181818182,242.8187840909091
29.400000000000002,17.83818181818182,243.7106931818182
29.450000000000003,17.878181818181822,244.60460227272728
29.5,17.918181818181818,245.50051136363638
29.55,17.95818181818182,246.39842045454546
29.6,17.99818181818182,247.29832954545455
29.650000000000002,18.03818181818182,248.20023863636365
29.700000000000003,18.07818181818182,249.10414772727273
29.75,18.118181818181817,250.01005681818182
29.8,18.15818181818182,250.91796590909092
29.85,18.19818181818182,251.827875
29.900000000000002,18.238181818181822,252.7397840909091
29.950000000000003,18.27818181818182,253.6536931818182
30.0,18.31818181818182,254.56960227272728
30.05,18.35818181818182,255.48751136363637
30.1,18.39818181818182,256.40742045454544
30.150000000000002,18.43818181818182,257.3293295454545
30.200000000000003,18.47818181818182,258.2532386363636
30.25,18.51818181818182,259.1791477272727
30.3,18.55818181818182,260.10705681818183
30.35,18.59818181818182,261.0369659090909
30.400000000000002,18.63818181818182,261.96887499999997
30.450000000000003,18.67818181818182,262.90278409090905
30.5,18.71818181818182,263.83869318181814
30.55,18.758181818181818,264.77660227272725
30.6,18.79818181818182,265.71651136363636
30.650000000000002,18.83818181818182,266.6584204545454
30.700000000000003,18.878181818181822,267.6023295454545
30.75,18.918181818181818,268.5482386363636
30.8,18.95818181818182,269.49614772727267
30.85,18.99818181818182,270.4460568181818
30.900000000000002,19.03818181818182,271.3979659090909
30.950000000000003,19.07818181818182,272.35187499999995
31.0,19.118181818181817,273.307784090909
31.05,19.15818181818182,274.2656931818181
31.1,19.19818181818182,275.2256022727272
31.150000000000002,19.238181818181822,276.1875113636363
31.200000000000003,19.27818181818182,277.1514204545454
31.25,19.31818181818182,278.1173295454545
31.3,19.35818181818182,279.08523863636356
31.35,19.39818181818182,280.05514772727264
31.400000000000002,19.43818181818182,281.02705681818173
31.450000000000003,19.47818181818182,282.00096590909084
31.5,19.51818181818182,282.97687499999995
31.55,19.55818181818182,283.954784090909
31.6,19.59818181818182,284.9346931818181
31.650000000000002,19.63818181818182,285.9166022727272
31.700000000000003,19.67818181818182,286.90051136363627
31.75,19.71818181818182,287.8864204545454
31.8,19.758181818181818,288.8743295454545
31.85,19.79818181818182,289.86423863636355
31.900000000000002,19.83818181818182,290.8561477272726
31.950000000000003,19.878181818181822,291.8500568181817
32.0,19.918181818181818,292.8459659090908
32.050000000000004,19.95818181818182,293.8438749999999
32.1,19.99818181818182,294.843784090909
32.15,20.03818181818182,295.8456931818181
32.2,20.07818181818182,296.84960227272717
32.25,20.118181818181817,297.85551136363625
32.300000000000004,20.158181818181824,298.86342045454535
32.35,20.19818181818182,299.87332954545445
32.4,20.23818181818182,300.88523863636357
32.45,20.27818181818182,301.89914772727263
32.5,20.31818181818182,302.9150568181817
32.550000000000004,20.358181818181823,303.9329659090908
32.6,20.39818181818182,304.9528749999999
32.65,20.438181818181818,305.974784090909
32.7,20.47818181818182,306.9986931818181
32.75,20.51818181818182,308.0246022727272
32.800000000000004,20.558181818181822,309.05251136363626
32.85,20.59818181818182,310.08242045454534
32.9,20.63818181818182,311.11432954545444
32.95,20.67818181818182,312.14823863636354
33.0,20.71818181818182,313.18414772727266
33.050000000000004,20.758181818181825,314.2220568181817
33.1,20.79818181818182,315.2619659090908
33.15,20.838181818181816,316.3038749999999
33.2,20.878181818181822,317.347784090909
33.25,20.91818181818182,318.3936931818181
33.300000000000004,20.95818181818182,319.4416022727272
33.35,20.99818181818182,320.4915113636363
33.4,21.03818181818182,321.54342045454536
33.45,21.07818181818182,322.59732954545444
33.5,21.118181818181817,323.65323863636354
33.550000000000004,21.158181818181824,324.71114772727265
33.6,21.198181818181823,325.77105681818176
33.65,21.23818181818182,326.83296590909083
33.7,21.27818181818182,327.8968749999999
33.75,21.31818181818182,328.962784090909
33.800000000000004,21.358181818181823,330.0306931818181
33.85,21.39818181818182,331.1006022727272
33.9,21.438181818181818,332.1725113636363
33.95,21.478181818181824,333.2464204545454
34.0,21.51818181818182,334.32232954545447
34.050000000000004,21.558181818181822,335.40023863636355
34.1,21.59818181818182,336.48014772727265
34.15,21.63818181818182,337.56205681818176
34.2,21.67818181818182,338.6459659090909
34.25,21.71818181818182,339.73187499999995
34.300000000000004,21.758181818181825,340.819784090909
34.35,21.79818181818182,341.9096931818181
34.4,21.838181818181816,343.0016022727272
34.45,21.878181818181822,344.0955113636363
34.5,21.91818181818182,345.19142045454544
34.550000000000004,21.95818181818182,346.2893295454545
34.6,21.99818181818182,347.3892386363636
34.65,22.03818181818182,348.4911477272727
34.7,22.07818181818182,349.5950568181818
34.75,22.118181818181817,350.7009659090909
34.800000000000004,22.158181818181824,351.808875
34.85,22.198181818181823,352.91878409090907
34.9,22.23818181818182,354.03069318181815
34.95,22.27818181818182,355.14460227272724
35.0,22.29999999999963,356.25960227272725
35.050000000000004,22.29999999999963,357.37460227272726
35.1,22.29999999999963,358.48960227272727
35.15,22.29999999999963,359.6046022727273
35.2,22.29999999999963,360.7196022727273
35.25,22.29999999999963,361.8346022727273
35.300000000000004,22.29999999999963,362.9496022727273
35.35,22.29999999999963,364.0646022727273
35.4,22.29999999999963,365.1796022727273
35.45,22.29999999999963,366.29460227272733
35.5,22.29999999999963,367.40960227272734
35.550000000000004,22.29999999999963,368.52460227272735
35.6,22.29999999999963,369.63960227272736
35.65,22.29999999999963,370.75460227272737
35.7,22.29999999999963,371.8696022727274
35.75,22.29999999999963,372.9846022727274
35.800000000000004,22.29999999999963,374.0996022727274
35.85,22.29999999999963,375.2146022727274
35.9,22.29999999999963,376.3296022727274
35.95,22.29999999999963,377.4446022727274
36.0,22.29999999999963,378.55960227272743
36.050000000000004,22.29999999999963,379.67460227272744
36.1,22.29999999999963,380.78960227272745
36.15,22.29999999999963,381.90460227272746
36.2,22.29999999999963,383.01960227272747
36.25,22.29999999999963,384.1346022727275
36.300000000000004,22.29999999999963,385.2496022727275
36.35,22.29999999999963,386.3646022727275
36.4,22.29999999999963,387.4796022727275
36.45,22.29999999999963,388.5946022727275
36.5,22.29999999999963,389.7096022727275
36.550000000000004,22.29999999999963,390.82460227272753
36.6,22.29999999999963,391.93960227272754
36.65,22.29999999999963,393.05460227272755
36.7,22.29999999999963,394.16960227272756
36.75,22.29999999999963,395.28460227272757
36.800000000000004,22.29999999999963,396.3996022727276
36.85,22.29999999999963,397.5146022727276
36.9,22.29999999999963,398.6296022727276
36.95,22.29999999999963,399.7446022727276
37.0,22.29999999999963,400.8596022727276
37.050000000000004,22.29999999999963,401.9746022727276
37.1,22.29999999999963,403.08960227272763
37.15,22.29999999999963,404.20460227272764
37.2,22.29999999999963,405.31960227272765
37.25,22.29999999999963,406.43460227272766
37.300000000000004,22.29999999999963,407.54960227272767
37.35,22.29999999999963,408.6646022727277
37.4,22.29999999999963,409.7796022727277
37.45,22.29999999999963,410.8946022727277
37.5,22.29999999999963,412.0096022727277
37.550000000000004,22.29999999999963,413.1246022727277
37.6,22.29999999999963,414.2396022727277
37.65,22.29999999999963,415.35460227272773
37.7,22.29999999999963,416.46960227272774
37.75,22.29999999999963,417.58460227272775
37.800000000000004,22.29999999999963,418.69960227272776
37.85,22.29999999999963,419.81460227272777
37.9,22.29999999999963,420.9296022727278
37.95,22.29999999999963,422.0446022727278
38.0,22.29999999999963,423.1596022727278
38.050000000000004,22.29999999999963,424.2746022727278
38.1,22.29999999999963,425.3896022727278
38.15,22.29999999999963,426.5046022727278
38.2,22.29999999999963,427.61960227272783
38.25,22.29999999999963,428.73460227272784
38.300000000000004,22.29999999999963,429.84960227272785
38.35,22.29999999999963,430.96460227272786
38.400000000000006,22.29999999999963,432.07960227272787
38.45,22.29999999999963,433.1946022727279
38.5,22.29999999999963,434.3096022727279
38.550000000000004,22.29999999999963,435.4246022727279
38.6,22.29999999999963,436.5396022727279
38.650000000000006,22.29999999999963,437.6546022727279
38.7,22.29999999999963,438.7696022727279
38.75,22.29999999999963,439.88460227272793
38.800000000000004,22.29999999999963,440.99960227272794
38.85,22.29999999999963,442.11460227272795
38.900000000000006,22.29999999999963,443.22960227272796
38.95,22.29999999999963,444.34460227272797
39.0,22.29999999999963,445.459602272728
39.050000000000004,22.29999999999963,446.574602272728
39.1,22.29999999999963,447.689602272728
39.150000000000006,22.29999999999963,448.804602272728
39.2,22.29999999999963,449.919602272728
39.25,22.29999999999963,451.034602272728
39.300000000000004,22.29999999999963,452.14960227272803
39.35,22.29999999999963,453.26460227272804
39.400000000000006,22.29999999999963,454.37960227272805
39.45,22.29999999999963,455.49460227272806
39.5,22.29999999999963,456.60960227272807
39.550000000000004,22.29999999999963,457.7246022727281
39.6,22.29999999999963,458.8396022727281
39.650000000000006,22.29999999999963,459.9546022727281
39.7,22.29999999999963,461.0696022727281
39.75,22.29999999999963,462.1846022727281
39.800000000000004,22.29999999999963,463.2996022727281
39.85,22.29999999999963,464.41460227272813
39.900000000000006,22.29999999999963,465.52960227272814
39.95,22.29999999999963,466.64460227272815
40.0,22.29999999999963,467.75960227272816
40.050000000000004,22.29999999999963,468.87460227272817
40.1,22.29999999999963,469.9896022727282
40.150000000000006,22.29999999999963,471.1046022727282
40.2,22.29999999999963,472.2196022727282
40.25,22.29999999999963,473.3346022727282
40.300000000000004,22.29999999999963,474.4496022727282
40.35,22.29999999999963,475.5646022727282
40.400000000000006,22.29999999999963,476.67960227272823
40.45,22.29999999999963,477.79460227272824
40.5,22.29999999999963,478.90960227272825
40.550000000000004,22.29999999999963,480.02460227272826
40.6,22.29999999999963,481.13960227272827
40.650000000000006,22.29999999999963,482.2546022727283
40.7,22.29999999999963,483.3696022727283
40.75,22.29999999999963,484.4846022727283
40.800000000000004,22.29999999999963,485.5996022727283
40.85,22.29999999999963,486.7146022727283
40.900000000000006,22.29999999999963,487.8296022727283
40.95,22.29999999999963,488.94460227272833
41.0,22.29999999999963,490.05960227272834
41.050000000000004,22.29999999999963,491.17460227272835
41.1,22.29999999999963,492.28960227272836
41.150000000000006,22.29999999999963,493.40460227272837
41.2,22.29999999999963,494.5196022727284
41.25,22.29999999999963,495.6346022727284
41.300000000000004,22.29999999999963,496.7496022727284
41.35,22.29999999999963,497.8646022727284
41.400000000000006,22.29999999999963,498.9796022727284
41.45,22.29999999999963,500.0946022727284
41.5,22.29999999999963,501.20960227272843
41.550000000000004,22.29999999999963,502.32460227272844
41.6,22.29999999999963,503.43960227272845
41.650000000000006,22.29999999999963,504.55460227272846
41.7,22.29999999999963,505.66960227272847
41.75,22.29999999999963,506.7846022727285
41.800000000000004,22.29999999999963,507.8996022727285
41.85,22.29999999999963,509.0146022727285
41.900000000000006,22.29999999999963,510.1296022727285
41.95,22.29999999999963,511.2446022727285
42.0,22.29999999999963,512.3596022727285
42.050000000000004,22.29999999999963,513.4746022727285
42.1,22.29999999999963,514.5896022727285
42.150000000000006,22.29999999999963,515.7046022727285
42.2,22.29999999999963,516.8196022727285
42.25,22.29999999999963,517.9346022727285
42.300000000000004,22.29999999999963,519.0496022727285
42.35,22.29999999999963,520.1646022727285
42.400000000000006,22.29999999999963,521.2796022727285
42.45,22.29999999999963,522.3946022727285
42.5,22.29999999999963,523.5096022727286
42.550000000000004,22.29999999999963,524.6246022727286
42.6,22.29999999999963,525.7396022727286
42.650000000000006,22.29999999999963,526.8546022727286
42.7,22.29999999999963,527.9696022727286
42.75,22.29999999999963,529.0846022727286
42.800000000000004,22.29999999999963,530.1996022727286
42.85,22.29999999999963,531.3146022727286
42.900000000000006,22.29999999999963,532.4296022727286
42.95,22.29999999999963,533.5446022727286
43.0,22.29999999999963,534.6596022727286
43.050000000000004,22.29999999999963,535.7746022727287
43.1,22.29999999999963,536.8896022727287
43.150000000000006,22.29999999999963,538.0046022727287
43.2,22.29999999999963,539.1196022727287
43.25,22.29999999999963,540.2346022727287
43.300000000000004,22.29999999999963,541.3496022727287
43.35,22.29999999999963,542.4646022727287
43.400000000000006,22.29999999999963,543.5796022727287
43.45,22.29999999999963,544.6946022727287
43.5,22.29999999999963,545.8096022727287
43.550000000000004,22.29999999999963,546.9246022727287
43.6,22.29999999999963,548.0396022727288
43.650000000000006,22.29999999999963,549.1546022727288
43.7,22.29999999999963,550.2696022727288
43.75,22.29999999999963,551.3846022727288
43.800000000000004,22.29999999999963,552.4996022727288
43.85,22.29999999999963,553.6146022727288
43.900000000000006,22.29999999999963,554.7296022727288
43.95,22.29999999999963,555.8446022727288
44.0,22.29999999999963,556.9596022727288
44.050000000000004,22.29999999999963,558.0746022727288
44.1,22.29999999999963,559.1896022727288
44.150000000000006,22.29999999999963,560.3046022727289
44.2,22.29999999999963,561.4196022727289
44.25,22.29999999999963,562.5346022727289
44.300000000000004,22.29999999999963,563.6496022727289
44.35,22.29999999999963,564.7646022727289
44.400000000000006,22.29999999999963,565.8796022727289
44.45,22.29999999999963,566.9946022727289
44.5,22.29999999999963,568.1096022727289
44.550000000000004,22.29999999999963,569.2246022727289
44.6,22.29999999999963,570.3396022727289
44.650000000000006,22.29999999999963,571.454602272729
44.7,22.29999999999963,572.569602272729
44.75,22.29999999999963,573.684602272729
44.800000000000004,22.29999999999963,574.799602272729
44.85,22.29999999999963,575.914602272729
44.900000000000006,22.29999999999963,577.029602272729
44.95,22.29999999999963,578.144602272729
45.0,22.29999999999963,579.259602272729
45.050000000000004,22.29999999999963,580.374602272729
45.1,22.29999999999963,581.489602272729
45.150000000000006,22.29999999999963,582.604602272729
45.2,22.29999999999963,583.719602272729
45.25,22.29999999999963,584.8346022727291
45.300000000000004,22.29999999999963,585.9496022727291
45.35,22.29999999999963,587.0646022727291
45.400000000000006,22.29999999999963,588.1796022727291
45.45,22.29999999999963,589.2946022727291
45.5,22.29999999999963,590.4096022727291
45.550000000000004,22.29999999999963,591.5246022727291
45.6,22.29999999999963,592.6396022727291
45.650000000000006,22.29999999999963,593.7546022727291
45.7,22.29999999999963,594.8696022727291
45.75,22.29999999999963,595.9846022727291
45.800000000000004,22.29999999999963,597.0996022727292
45.85,22.29999999999963,598.2146022727292
45.900000000000006,22.29999999999963,599.3296022727292
45.95,22.29999999999963,600.4446022727292
46.0,22.29999999999963,601.5596022727292
46.050000000000004,22.29999999999963,602.6746022727292
46.1,22.29999999999963,603.7896022727292
46.150000000000006,22.29999999999963,604.9046022727292
46.2,22.29999999999963,606.0196022727292
46.25,22.29999999999963,607.1346022727292
46.300000000000004,22.29999999999963,608.2496022727292
46.35,22.29999999999963,609.3646022727293
46.400000000000006,22.29999999999963,610.4796022727293
46.45,22.29999999999963,611.5946022727293
46.5,22.29999999999963,612.7096022727293
46.550000000000004,22.29999999999963,613.8246022727293
46.6,22.29999999999963,614.9396022727293
46.650000000000006,22.29999999999963,616.0546022727293
46.7,22.29999999999963,617.1696022727293
46.75,22.29999999999963,618.2846022727293
46.800000000000004,22.29999999999963,619.3996022727293
46.85,22.29999999999963,620.5146022727293
46.900000000000006,22.29999999999963,621.6296022727294
46.95,22.29999999999963,622.7446022727294
47.0,22.29999999999963,623.8596022727294
47.050000000000004,22.29999999999963,624.9746022727294
47.1,22.29999999999963,626.0896022727294
47.150000000000006,22.29999999999963,627.2046022727294
47.2,22.29999999999963,628.3196022727294
47.25,22.29999999999963,629.4346022727294
47.300000000000004,22.29999999999963,630.5496022727294
47.35,22.29999999999963,631.6646022727294
47.400000000000006,22.29999999999963,632.7796022727294
47.45,22.29999999999963,633.8946022727295
47.5,22.29999999999963,635.0096022727295
47.550000000000004,22.29999999999963,636.1246022727295
47.6,22.29999999999963,637.2396022727295
47.650000000000006,22.29999999999963,638.3546022727295
47.7,22.29999999999963,639.4696022727295
47.75,22.29999999999963,640.5846022727295
47.800000000000004,22.29999999999963,641.6996022727295
47.85,22.29999999999963,642.8146022727295
47.900000000000006,22.29999999999963,643.9296022727295
47.95,22.29999999999963,645.0446022727295
48.0,22.29999999999963,646.1596022727296
48.050000000000004,22.29999999999963,647.2746022727296
48.1,22.29999999999963,648.3896022727296
48.150000000000006,22.29999999999963,649.5046022727296
48.2,22.29999999999963,650.6196022727296
48.25,22.29999999999963,651.7346022727296
48.300000000000004,22.29999999999963,652.8496022727296
48.35,22.29999999999963,653.9646022727296
48.400000000000006,22.29999999999963,655.0796022727296
48.45,22.29999999999963,656.1946022727296
48.5,22.29999999999963,657.3096022727296
48.550000000000004,22.29999999999963,658.4246022727297
48.6,22.29999999999963,659.5396022727297
48.650000000000006,22.29999999999963,660.6546022727297
48.7,22.29999999999963,661.7696022727297
48.75,22.29999999999963,662.8846022727297
48.800000000000004,22.29999999999963,663.9996022727297
48.85,22.29999999999963,665.1146022727297
48.900000000000006,22.29999999999963,666.2296022727297
48.95,22.29999999999963,667.3446022727297
49.0,22.29999999999963,668.4596022727297
49.050000000000004,22.29999999999963,669.5746022727297
49.1,22.29999999999963,670.6896022727298
49.150000000000006,22.29999999999963,671.8046022727298
49.2,22.29999999999963,672.9196022727298
49.25,22.29999999999963,674.0346022727298
49.300000000000004,22.29999999999963,675.1496022727298
49.35,22.29999999999963,676.2646022727298
49.400000000000006,22.29999999999963,677.3796022727298
49.45,22.29999999999963,678.4946022727298
49.5,22.29999999999963,679.6096022727298
49.550000000000004,22.29999999999963,680.7246022727298
49.6,22.29999999999963,681.8396022727298
49.650000000000006,22.29999999999963,682.9546022727299
49.7,22.29999999999963,684.0696022727299
49.75,22.29999999999963,685.1846022727299
49.800000000000004,22.29999999999963,686.2996022727299
49.85,22.29999999999963,687.4146022727299
49.900000000000006,22.29999999999963,688.5296022727299
49.95,22.29999999999963,689.6446022727299
50.0,22.29999999999963,690.7596022727299
50.050000000000004,22.29999999999963,691.8746022727299
50.1,22.29999999999963,692.9896022727299
50.150000000000006,22.29999999999963,694.10460227273
50.2,22.29999999999963,695.21960227273
50.25,22.29999999999963,696.33460227273
50.300000000000004,22.29999999999963,697.44960227273
50.35,22.29999999999963,698.56460227273
50.400000000000006,22.29999999999963,699.67960227273
50.45,22.29999999999963,700.79460227273
50.5,22.29999999999963,701.90960227273
50.550000000000004,22.29999999999963,703.02460227273
50.6,22.29999999999963,704.13960227273
50.650000000000006,22.29999999999963,705.25460227273
50.7,22.29999999999963,706.36960227273
50.75,22.29999999999963,707.4846022727301
50.800000000000004,22.29999999999963,708.5996022727301
50.85,22.29999999999963,709.7146022727301
50.900000000000006,22.29999999999963,710.8296022727301
50.95,22.29999999999963,711.9446022727301
51.0,22.29999999999963,713.0596022727301
51.050000000000004,22.29999999999963,714.1746022727301
51.1,22.29999999999963,715.2896022727301
51.150000000000006,22.29999999999963,716.4046022727301
51.2,22.29999999999963,717.5196022727301
51.25,22.29999999999963,718.6346022727301
51.300000000000004,22.29999999999963,719.7496022727302
51.35,22.29999999999963,720.8646022727302
51.400000000000006,22.29999999999963,721.9796022727302
51.45,22.29999999999963,723.0946022727302
51.5,22.29999999999963,724.2096022727302
51.550000000000004,22.29999999999963,725.3246022727302
51.6,22.29999999999963,726.4396022727302
51.650000000000006,22.29999999999963,727.5546022727302
51.7,22.29999999999963,728.6696022727302
51.75,22.29999999999963,729.7846022727302
51.800000000000004,22.29999999999963,730.8996022727302
51.85,22.29999999999963,732.0146022727303
51.900000000000006,22.29999999999963,733.1296022727303
51.95,22.29999999999963,734.2446022727303
52.0,22.29999999999963,735.3596022727303
52.050000000000004,22.29999999999963,736.4746022727303
52.1,22.29999999999963,737.5896022727303
52.150000000000006,22.29999999999963,738.7046022727303
52.2,22.29999999999963,739.8196022727303
52.25,22.29999999999963,740.9346022727303
52.300000000000004,22.29999999999963,742.0496022727303
52.35,22.29999999999963,743.1646022727303
52.400000000000006,22.29999999999963,744.2796022727304
52.45,22.29999999999963,745.3946022727304
52.5,22.29999999999963,746.5096022727304
52.550000000000004,22.29999999999963,747.6246022727304
52.6,22.29999999999963,748.7396022727304
52.650000000000006,22.29999999999963,749.8546022727304
52.7,22.29999999999963,750.9696022727304
52.75,22.29999999999963,752.0846022727304
52.800000000000004,22.29999999999963,753.1996022727304
52.85,22.29999999999963,754.3146022727304
52.900000000000006,22.29999999999963,755.4296022727304
52.95,22.29999999999963,756.5446022727305
53.0,22.29999999999963,757.6596022727305
53.050000000000004,22.29999999999963,758.7746022727305
53.1,22.29999999999963,759.8896022727305
53.150000000000006,22.29999999999963,761.0046022727305
53.2,22.29999999999963,762.1196022727305
53.25,22.29999999999963,763.2346022727305
53.300000000000004,22.29999999999963,764.3496022727305
53.35,22.29999999999963,765.4646022727305
53.400000000000006,22.29999999999963,766.5796022727305
53.45,22.29999999999963,767.6946022727305
53.5,22.29999999999963,768.8096022727306
53.550000000000004,22.29999999999963,769.9246022727306
53.6,22.29999999999963,771.0396022727306
53.650000000000006,22.29999999999963,772.1546022727306
53.7,22.29999999999963,773.2696022727306
53.75,22.29999999999963,774.3846022727306
53.800000000000004,22.29999999999963,775.4996022727306
53.85,22.29999999999963,776.6146022727306
53.900000000000006,22.29999999999963,777.7296022727306
53.95,22.29999999999963,778.8446022727306
54.0,22.29999999999963,779.9596022727306
54.050000000000004,22.29999999999963,781.0746022727307
54.1,22.29999999999963,782.1896022727307
54.150000000000006,22.29999999999963,783.3046022727307
54.2,22.29999999999963,784.4196022727307
54.25,22.29999999999963,785.5346022727307
54.300000000000004,22.29999999999963,786.6496022727307
54.35,22.29999999999963,787.7646022727307
54.400000000000006,22.29999999999963,788.8796022727307
54.45,22.29999999999963,789.9946022727307
54.5,22.29999999999963,791.1096022727307
54.550000000000004,22.29999999999963,792.2246022727307
54.6,22.29999999999963,793.3396022727308
54.650000000000006,22.29999999999963,794.4546022727308
54.7,22.29999999999963,795.5696022727308
54.75,22.29999999999963,796.6846022727308
54.800000000000004,22.29999999999963,797.7996022727308
54.85,22.29999999999963,798.9146022727308
54.900000000000006,22.29999999999963,800.0296022727308
54.95,22.29999999999963,801.1446022727308
55.0,22.29999999999963,802.2596022727308
55.050000000000004,22.29999999999963,803.3746022727308
55.1,22.29999999999963,804.4896022727308
55.150000000000006,22.29999999999963,805.6046022727309
55.2,22.29999999999963,806.7196022727309
55.25,22.29999999999963,807.8346022727309
55.300000000000004,22.29999999999963,808.9496022727309
55.35,22.29999999999963,810.0646022727309
55.400000000000006,22.29999999999963,811.1796022727309
55.45,22.29999999999963,812.2946022727309
55.5,22.29999999999963,813.4096022727309
55.550000000000004,22.29999999999963,814.5246022727309
55.6,22.29999999999963,815.6396022727309
55.650000000000006,22.29999999999963,816.754602272731
55.7,22.29999999999963,817.869602272731
55.75,22.29999999999963,818.984602272731
55.800000000000004,22.29999999999963,820.099602272731
55.85,22.29999999999963,821.214602272731
55.900000000000006,22.29999999999963,822.329602272731
55.95,22.29999999999963,823.444602272731
56.0,22.29999999999963,824.559602272731
56.050000000000004,22.29999999999963,825.674602272731
56.1,22.29999999999963,826.789602272731
56.150000000000006,22.29999999999963,827.904602272731
56.2,22.29999999999963,829.019602272731
56.25,22.29999999999963,830.1346022727311
56.300000000000004,22.29999999999963,831.2496022727311
56.35,22.29999999999963,832.3646022727311
56.400000000000006,22.29999999999963,833.4796022727311
56.45,22.29999999999963,834.5946022727311
56.5,22.29999999999963,835.7096022727311
56.550000000000004,22.29999999999963,836.8246022727311
56.6,22.29999999999963,837.9396022727311
56.650000000000006,22.29999999999963,839.0546022727311
56.7,22.29999999999963,840.1696022727311
56.75,22.29999999999963,841.2846022727311
56.800000000000004,22.29999999999963,842.3996022727312
56.85,22.29999999999963,843.5146022727312
56.900000000000006,22.29999999999963,844.6296022727312
56.95,22.29999999999963,845.7446022727312
57.0,22.29999999999963,846.8596022727312
57.050000000000004,22.29999999999963,847.9746022727312
57.1,22.29999999999963,849.0896022727312
57.150000000000006,22.29999999999963,850.2046022727312
57.2,22.29999999999963,851.3196022727312
57.25,22.29999999999963,852.4346022727312
57.300000000000004,22.29999999999963,853.5496022727312
57.35,22.29999999999963,854.6646022727313
57.400000000000006,22.29999999999963,855.7796022727313
57.45,22.29999999999963,856.8946022727313
57.5,22.29999999999963,858.0096022727313
57.550000000000004,22.29999999999963,859.1246022727313
57.6,22.29999999999963,860.2396022727313
57.650000000000006,22.29999999999963,861.3546022727313
57.7,22.29999999999963,862.4696022727313
57.75,22.29999999999963,863.5846022727313
57.800000000000004,22.29999999999963,864.6996022727313
57.85,22.29999999999963,865.8146022727313
57.900000000000006,22.29999999999963,866.9296022727314
57.95,22.29999999999963,868.0446022727314
58.0,22.29999999999963,869.1596022727314
58.050000000000004,22.29999999999963,870.2746022727314
58.1,22.29999999999963,871.3896022727314
58.150000000000006,22.29999999999963,872.5046022727314
58.2,22.29999999999963,873.6196022727314
58.25,22.29999999999963,874.7346022727314
58.300000000000004,22.29999999999963,875.8496022727314
58.35,22.29999999999963,876.9646022727314
58.400000000000006,22.29999999999963,878.0796022727314
58.45,22.29999999999963,879.1946022727315
58.5,22.29999999999963,880.3096022727315
58.550000000000004,22.29999999999963,881.4246022727315
58.6,22.29999999999963,882.5396022727315
58.650000000000006,22.29999999999963,883.6546022727315
58.7,22.29999999999963,884.7696022727315
58.75,22.29999999999963,885.8846022727315
58.800000000000004,22.29999999999963,886.9996022727315
58.85,22.29999999999963,888.1146022727315
58.900000000000006,22.29999999999963,889.2296022727315
58.95,22.29999999999963,890.3446022727315
59.0,22.29999999999963,891.4596022727316
59.050000000000004,22.29999999999963,892.5746022727316
59.1,22.29999999999963,893.6896022727316
59.150000000000006,22.29999999999963,894.8046022727316
59.2,22.29999999999963,895.9196022727316
59.25,22.29999999999963,897.0346022727316
59.300000000000004,22.29999999999963,898.1496022727316
59.35,22.29999999999963,899.2646022727316
59.400000000000006,22.29999999999963,900.3796022727316
59.45,22.29999999999963,901.4946022727316
59.5,22.29999999999963,902.6096022727316
59.550000000000004,22.29999999999963,903.7246022727317
59.6,22.29999999999963,904.8396022727317
59.650000000000006,22.29999999999963,905.9546022727317
59.7,22.29999999999963,907.0696022727317
59.75,22.29999999999963,908.1846022727317
59.800000000000004,22.29999999999963,909.2996022727317
59.85,22.29999999999963,910.4146022727317
59.900000000000006,22.29999999999963,911.5296022727317
59.95,22.29999999999963,912.6446022727317
60.0,22.29999999999963,913.7596022727317
60.050000000000004,22.29999999999963,914.8746022727317
60.1,22.29999999999963,915.9896022727318
60.150000000000006,22.29999999999963,917.1046022727318
60.2,22.29999999999963,918.2196022727318
60.25,22.29999999999963,919.3346022727318
60.300000000000004,22.29999999999963,920.4496022727318
60.35,22.29999999999963,921.5646022727318
60.400000000000006,22.29999999999963,922.6796022727318
60.45,22.29999999999963,923.7946022727318
60.5,22.29999999999963,924.9096022727318
60.550000000000004,22.29999999999963,926.0246022727318
60.6,22.29999999999963,927.1396022727318
60.650000000000006,22.29999999999963,928.2546022727319
60.7,22.29999999999963,929.3696022727319
60.75,22.29999999999963,930.4846022727319
60.800000000000004,22.29999999999963,931.5996022727319
60.85,22.29999999999963,932.7146022727319
60.900000000000006,22.29999999999963,933.8296022727319
60.95,22.29999999999963,934.9446022727319
61.0,22.29999999999963,936.0596022727319
61.050000000000004,22.29999999999963,937.1746022727319
61.1,22.29999999999963,938.2896022727319
61.150000000000006,22.29999999999963,939.404602272732
61.2,22.29999999999963,940.519602272732
61.25,22.29999999999963,941.634602272732
61.300000000000004,22.29999999999963,942.749602272732
61.35,22.29999999999963,943.864602272732
61.400000000000006,22.29999999999963,944.979602272732
61.45,22.29999999999963,946.094602272732
61.5,22.29999999999963,947.209602272732
61.550000000000004,22.29999999999963,948.324602272732
61.6,22.29999999999963,949.439602272732
61.650000000000006,22.29999999999963,950.554602272732
61.7,22.29999999999963,951.669602272732
61.75,22.29999999999963,952.7846022727321
61.800000000000004,22.29999999999963,953.8996022727321
61.85,22.29999999999963,955.0146022727321
61.900000000000006,22.29999999999963,956.1296022727321
61.95,22.29999999999963,957.2446022727321
62.0,22.29999999999963,958.3596022727321
62.050000000000004,22.29999999999963,959.4746022727321
62.1,22.29999999999963,960.5896022727321
62.150000000000006,22.29999999999963,961.7046022727321
62.2,22.29999999999963,962.8196022727321
62.25,22.29999999999963,963.9346022727321
62.300000000000004,22.29999999999963,965.0496022727322
62.35,22.29999999999963,966.1646022727322
62.400000000000006,22.29999999999963,967.2796022727322
62.45,22.29999999999963,968.3946022727322
62.5,22.29999999999963,969.5096022727322
62.550000000000004,22.29999999999963,970.6246022727322
62.6,22.29999999999963,971.7396022727322
62.650000000000006,22.29999999999963,972.8546022727322
62.7,22.29999999999963,973.9696022727322
62.75,22.29999999999963,975.0846022727322
62.800000000000004,22.29999999999963,976.1996022727322
62.85,22.29999999999963,977.3146022727323
62.900000000000006,22.29999999999963,978.4296022727323
62.95,22.29999999999963,979.5446022727323
63.0,22.29999999999963,980.6596022727323
63.050000000000004,22.29999999999963,981.7746022727323
63.1,22.29999999999963,982.8896022727323
63.150000000000006,22.29999999999963,984.0046022727323
63.2,22.29999999999963,985.1196022727323
63.25,22.29999999999963,986.2346022727323
63.300000000000004,22.29999999999963,987.3496022727323
63.35,22.29999999999963,988.4646022727323
63.400000000000006,22.29999999999963,989.5796022727324
63.45,22.29999999999963,990.6946022727324
63.5,22.29999999999963,991.8096022727324
63.550000000000004,22.29999999999963,992.9246022727324
63.6,22.29999999999963,994.0396022727324
63.650000000000006,22.29999999999963,995.1546022727324
63.7,22.29999999999963,996.2696022727324
63.75,22.29999999999963,997.3846022727324
63.800000000000004,22.29999999999963,998.4996022727324
63.85,22.29999999999963,999.6146022727324
63.900000000000006,22.29999999999963,1000.7296022727324
63.95,22.29999999999963,1001.8446022727325
64.0,22.29999999999963,1002.9596022727325
64.05,22.29999999999963,1004.0746022727325
64.10000000000001,22.29999999999963,1005.1896022727325
64.15,22.29999999999963,1006.3046022727325
64.2,22.29999999999963,1007.4196022727325
64.25,22.29999999999963,1008.5346022727325
64.3,22.29999999999963,1009.6496022727325
64.35000000000001,22.29999999999963,1010.7646022727325
64.4,22.29999999999963,1011.8796022727325
64.45,22.29999999999963,1012.9946022727325
64.5,22.29999999999963,1014.1096022727326
64.55,22.29999999999963,1015.2246022727326
64.60000000000001,22.29999999999963,1016.3396022727326
64.65,22.29999999999963,1017.4546022727326
64.7,22.29999999999963,1018.5696022727326
64.75,22.29999999999963,1019.6846022727326
64.8,22.29999999999963,1020.7996022727326
64.85000000000001,22.29999999999963,1021.9146022727326
64.9,22.29999999999963,1023.0296022727326
64.95,22.29999999999963,1024.1446022727325
65.0,22.29999999999963,1025.2596022727325
65.05,22.29999999999963,1026.3746022727325
65.10000000000001,22.29999999999963,1027.4896022727326
65.15,22.29999999999963,1028.6046022727326
65.2,22.29999999999963,1029.7196022727326
65.25,22.29999999999963,1030.8346022727326
65.3,22.29999999999963,1031.9496022727326
65.35000000000001,22.29999999999963,1033.0646022727326
65.4,22.29999999999963,1034.1796022727326
65.45,22.29999999999963,1035.2946022727326
65.5,22.29999999999963,1036.4096022727326
65.55,22.29999999999963,1037.5246022727326
65.60000000000001,22.29999999999963,1038.6396022727326
65.65,22.29999999999963,1039.7546022727327
65.7,22.29999999999963,1040.8696022727327
65.75,22.29999999999963,1041.9846022727327
65.8,22.29999999999963,1043.0996022727327
65.85000000000001,22.29999999999963,1044.2146022727327
65.9,22.29999999999963,1045.3296022727327
65.95,22.29999999999963,1046.4446022727327
66.0,22.29999999999963,1047.5596022727327
66.05,22.29999999999963,1048.6746022727327
66.10000000000001,22.29999999999963,1049.7896022727327
66.15,22.29999999999963,1050.9046022727327
66.2,22.29999999999963,1052.0196022727328
66.25,22.29999999999963,1053.1346022727328
66.3,22.29999999999963,1054.2496022727328
66.35000000000001,22.29999999999963,1055.3646022727328
66.4,22.29999999999963,1056.4796022727328
66.45,22.29999999999963,1057.5946022727328
66.5,22.29999999999963,1058.7096022727328
66.55,22.29999999999963,1059.8246022727328
66.60000000000001,22.29999999999963,1060.9396022727328
66.65,22.29999999999963,1062.0546022727328
66.7,22.29999999999963,1063.1696022727328
66.75,22.29999999999963,1064.2846022727329
66.8,22.29999999999963,1065.3996022727329
66.85000000000001,22.29999999999963,1066.5146022727329
66.9,22.29999999999963,1067.6296022727329
66.95,22.29999999999963,1068.744602272733
67.0,22.29999999999963,1069.859602272733
67.05,22.29999999999963,1070.974602272733
67.10000000000001,22.29999999999963,1072.089602272733
67.15,22.29999999999963,1073.204602272733
67.2,22.29999999999963,1074.319602272733
67.25,22.29999999999963,1075.434602272733
67.3,22.29999999999963,1076.549602272733
67.35000000000001,22.29999999999963,1077.664602272733
67.4,22.29999999999963,1078.779602272733
67.45,22.29999999999963,1079.894602272733
67.5,22.29999999999963,1081.009602272733
67.55,22.29999999999963,1082.124602272733
67.60000000000001,22.29999999999963,1083.239602272733
67.65,22.29999999999963,1084.354602272733
67.7,22.29999999999963,1085.469602272733
67.75,22.29999999999963,1086.584602272733
67.8,22.29999999999963,1087.699602272733
67.85000000000001,22.29999999999963,1088.814602272733
67.9,22.29999999999963,1089.929602272733
67.95,22.29999999999963,1091.044602272733
68.0,22.29999999999963,1092.159602272733
68.05,22.29999999999963,1093.274602272733
68.10000000000001,22.29999999999963,1094.389602272733
68.15,22.29999999999963,1095.504602272733
68.2,22.29999999999963,1096.6196022727331
68.25,22.29999999999963,1097.7346022727331
68.3,22.29999999999963,1098.8496022727331
68.35000000000001,22.29999999999963,1099.9646022727331
68.4,22.29999999999963,1101.0796022727332
68.45,22.29999999999963,1102.1946022727332
68.5,22.29999999999963,1103.3096022727332
68.55,22.29999999999963,1104.4246022727332
68.60000000000001,22.29999999999963,1105.5396022727332
68.65,22.29999999999963,1106.6546022727332
68.7,22.29999999999963,1107.7696022727332
68.75,22.29999999999963,1108.8846022727332
68.8,22.29999999999963,1109.9996022727332
68.85000000000001,22.29999999999963,1111.1146022727332
68.9,22.29999999999963,1112.2296022727332
68.95,22.29999999999963,1113.3446022727333
69.0,22.29999999999963,1114.4596022727333
69.05,22.29999999999963,1115.5746022727333
69.10000000000001,22.29999999999963,1116.6896022727333
69.15,22.29999999999963,1117.8046022727333
69.2,22.29999999999963,1118.9196022727333
69.25,22.29999999999963,1120.0346022727333
69.3,22.29999999999963,1121.1496022727333
69.35000000000001,22.29999999999963,1122.2646022727333
69.4,22.29999999999963,1123.3796022727333
69.45,22.29999999999963,1124.4946022727333
69.5,22.29999999999963,1125.6096022727334
69.55,22.29999999999963,1126.7246022727334
69.60000000000001,22.29999999999963,1127.8396022727334
69.65,22.29999999999963,1128.9546022727334
69.7,22.29999999999963,1130.0696022727334
69.75,22.29999999999963,1131.1846022727334
69.8,22.29999999999963,1132.2996022727334
69.85000000000001,22.29999999999963,1133.4146022727334
69.9,22.29999999999963,1134.5296022727334
69.95,22.29999999999963,1135.6446022727334
70.0,22.29999999999963,1136.7596022727334
70.05,22.29999999999963,1137.8746022727335
70.10000000000001,22.29999999999963,1138.9896022727335
70.15,22.29999999999963,1140.1046022727335
70.2,22.29999999999963,1141.2196022727335
70.25,22.29999999999963,1142.3346022727335
70.3,22.29999999999963,1143.4496022727335
70.35000000000001,22.29999999999963,1144.5646022727335
70.4,22.29999999999963,1145.6796022727335
70.45,22.29999999999963,1146.7946022727335
70.5,22.29999999999963,1147.9096022727335
70.55,22.29999999999963,1149.0246022727335
70.60000000000001,22.29999999999963,1150.1396022727336
70.65,22.29999999999963,1151.2546022727336
70.7,22.29999999999963,1152.3696022727336
70.75,22.29999999999963,1153.4846022727336
70.8,22.29999999999963,1154.5996022727336
70.85000000000001,22.29999999999963,1155.7146022727336
70.9,22.29999999999963,1156.8296022727336
70.95,22.29999999999963,1157.9446022727336
71.0,22.29999999999963,1159.0596022727336
71.05,22.29999999999963,1160.1746022727336
71.10000000000001,22.29999999999963,1161.2896022727336
71.15,22.29999999999963,1162.4046022727337
71.2,22.29999999999963,1163.5196022727337
71.25,22.29999999999963,1164.6346022727337
71.3,22.29999999999963,1165.7496022727337
71.35000000000001,22.29999999999963,1166.8646022727337
71.4,22.29999999999963,1167.9796022727337
71.45,22.29999999999963,1169.0946022727337
71.5,22.29999999999963,1170.2096022727337
71.55,22.29999999999963,1171.3246022727337
71.60000000000001,22.29999999999963,1172.4396022727337
71.65,22.29999999999963,1173.5546022727337
71.7,22.29999999999963,1174.6696022727338
71.75,22.29999999999963,1175.7846022727338
71.8,22.29999999999963,1176.8996022727338
71.85000000000001,22.29999999999963,1178.0146022727338
71.9,22.29999999999963,1179.1296022727338
71.95,22.29999999999963,1180.2446022727338
72.0,22.29999999999963,1181.3596022727338
72.05,22.29999999999963,1182.4746022727338
72.10000000000001,22.29999999999963,1183.5896022727338
72.15,22.29999999999963,1184.7046022727338
72.2,22.29999999999963,1185.8196022727338
72.25,22.29999999999963,1186.9346022727339
72.3,22.29999999999963,1188.0496022727339
72.35000000000001,22.29999999999963,1189.1646022727339
72.4,22.29999999999963,1190.2796022727339
72.45,22.29999999999963,1191.394602272734
72.5,22.29999999999963,1192.509602272734
72.55,22.29999999999963,1193.624602272734
72.60000000000001,22.29999999999963,1194.739602272734
72.65,22.29999999999963,1195.854602272734
72.7,22.29999999999963,1196.969602272734
72.75,22.29999999999963,1198.084602272734
72.8,22.29999999999963,1199.199602272734
72.85000000000001,22.29999999999963,1200.314602272734
72.9,22.29999999999963,1201.429602272734
72.95,22.29999999999963,1202.544602272734
73.0,22.29999999999963,1203.659602272734
73.05,22.29999999999963,1204.774602272734
73.10000000000001,22.29999999999963,1205.889602272734
73.15,22.29999999999963,1207.004602272734
73.2,22.29999999999963,1208.119602272734
73.25,22.29999999999963,1209.234602272734
73.3,22.29999999999963,1210.349602272734
73.35000000000001,22.29999999999963,1211.464602272734
73.4,22.29999999999963,1212.579602272734
73.45,22.29999999999963,1213.694602272734
73.5,22.29999999999963,1214.809602272734
73.55,22.29999999999963,1215.924602272734
73.60000000000001,22.29999999999963,1217.039602272734
73.65,22.29999999999963,1218.154602272734
73.7,22.29999999999963,1219.2696022727341
73.75,22.29999999999963,1220.3846022727341
73.8,22.29999999999963,1221.4996022727341
73.85000000000001,22.29999999999963,1222.6146022727341
73.9,22.29999999999963,1223.7296022727342
73.95,22.29999999999963,1224.8446022727342
74.0,22.29999999999963,1225.9596022727342
74.05,22.29999999999963,1227.0746022727342
74.10000000000001,22.29999999999963,1228.1896022727342
74.15,22.29999999999963,1229.3046022727342
74.2,22.29999999999963,1230.4196022727342
74.25,22.29999999999963,1231.5346022727342
74.3,22.29999999999963,1232.6496022727342
74.35000000000001,22.29999999999963,1233.7646022727342
74.4,22.29999999999963,1234.8796022727342
74.45,22.29999999999963,1235.9946022727343
74.5,22.29999999999963,1237.1096022727343
74.55,22.29999999999963,1238.2246022727343
74.60000000000001,22.29999999999963,1239.3396022727343
74.65,22.29999999999963,1240.4546022727343
74.7,22.29999999999963,1241.5696022727343
74.75,22.29999999999963,1242.6846022727343
74.8,22.29999999999963,1243.7996022727343
74.85000000000001,22.29999999999963,1244.9146022727343
74.9,22.29999999999963,1246.0296022727343
74.95,22.29999999999963,1247.1446022727343
75.0,22.29999999999963,1248.2596022727344
75.05,22.29999999999963,1249.3746022727344
75.10000000000001,22.29999999999963,1250.4896022727344
75.15,22.29999999999963,1251.6046022727344
75.2,22.29999999999963,1252.7196022727344
75.25,22.29999999999963,1253.8346022727344
75.3,22.29999999999963,1254.9496022727344
75.35000000000001,22.29999999999963,1256.0646022727344
75.4,22.29999999999963,1257.1796022727344
75.45,22.29999999999963,1258.2946022727344
75.5,22.29999999999963,1259.4096022727344
75.55,22.29999999999963,1260.5246022727345
75.60000000000001,22.29999999999963,1261.6396022727345
75.65,22.29999999999963,1262.7546022727345
75.7,22.29999999999963,1263.8696022727345
75.75,22.29999999999963,1264.9846022727345
75.8,22.29999999999963,1266.0996022727345
75.85000000000001,22.29999999999963,1267.2146022727345
75.9,22.29999999999963,1268.3296022727345
75.95,22.29999999999963,1269.4446022727345
76.0,22.29999999999963,1270.5596022727345
76.05,22.29999999999963,1271.6746022727345
76.10000000000001,22.29999999999963,1272.7896022727346
76.15,22.29999999999963,1273.9046022727346
76.2,22.29999999999963,1275.0196022727346
76.25,22.29999999999963,1276.1346022727346
76.3,22.29999999999963,1277.2496022727346
76.35000000000001,22.29999999999963,1278.3646022727346
76.4,22.29999999999963,1279.4796022727346
76.45,22.29999999999963,1280.5946022727346
76.5,22.29999999999963,1281.7096022727346
76.55,22.29999999999963,1282.8246022727346
76.60000000000001,22.29999999999963,1283.9396022727346
76.65,22.29999999999963,1285.0546022727347
76.7,22.29999999999963,1286.1696022727347
76.75,22.29999999999963,1287.2846022727347
76.80000000000001,22.29999999999963,1288.3996022727347
76.85000000000001,22.29999999999963,1289.5146022727347
76.9,22.29999999999963,1290.6296022727347
76.95,22.29999999999963,1291.7446022727347
77.0,22.29999999999963,1292.8596022727347
77.05000000000001,22.29999999999963,1293.9746022727347
77.10000000000001,22.29999999999963,1295.0896022727347
77.15,22.29999999999963,1296.2046022727347
77.2,22.29999999999963,1297.3196022727348
77.25,22.29999999999963,1298.4346022727348
77.30000000000001,22.29999999999963,1299.5496022727348
77.35000000000001,22.29999999999963,1300.6646022727348
77.4,22.29999999999963,1301.7796022727348
77.45,22.29999999999963,1302.8946022727348
77.5,22.29999999999963,1304.0096022727348
77.55000000000001,22.29999999999963,1305.1246022727348
77.60000000000001,22.29999999999963,1306.2396022727348
77.65,22.29999999999963,1307.3546022727348
77.7,22.29999999999963,1308.4696022727348
77.75,22.29999999999963,1309.5846022727349
77.80000000000001,22.29999999999963,1310.6996022727349
77.85000000000001,22.29999999999963,1311.8146022727349
77.9,22.29999999999963,1312.9296022727349
77.95,22.29999999999963,1314.044602272735
78.0,22.29999999999963,1315.159602272735
78.05000000000001,22.29999999999963,1316.274602272735
78.10000000000001,22.29999999999963,1317.389602272735
78.15,22.29999999999963,1318.504602272735
78.2,22.29999999999963,1319.619602272735
78.25,22.29999999999963,1320.734602272735
78.30000000000001,22.29999999999963,1321.849602272735
78.35000000000001,22.29999999999963,1322.964602272735
78.4,22.29999999999963,1324.079602272735
78.45,22.29999999999963,1325.194602272735
78.5,22.29999999999963,1326.309602272735
78.55000000000001,22.29999999999963,1327.424602272735
78.60000000000001,22.29999999999963,1328.539602272735
78.65,22.29999999999963,1329.654602272735
78.7,22.29999999999963,1330.769602272735
78.75,22.29999999999963,1331.884602272735
78.80000000000001,22.29999999999963,1332.999602272735
78.85000000000001,22.29999999999963,1334.114602272735
78.9,22.29999999999963,1335.229602272735
78.95,22.29999999999963,1336.344602272735
79.0,22.29999999999963,1337.459602272735
79.05000000000001,22.29999999999963,1338.574602272735
79.10000000000001,22.29999999999963,1339.689602272735
79.15,22.29999999999963,1340.804602272735
79.2,22.29999999999963,1341.9196022727351
79.25,22.29999999999963,1343.0346022727351
79.30000000000001,22.29999999999963,1344.1496022727351
79.35000000000001,22.29999999999963,1345.2646022727351
79.4,22.29999999999963,1346.3796022727352
79.45,22.29999999999963,1347.4946022727352
79.5,22.29999999999963,1348.6096022727352
79.55000000000001,22.29999999999963,1349.7246022727352
79.60000000000001,22.29999999999963,1350.8396022727352
79.65,22.29999999999963,1351.9546022727352
79.7,22.29999999999963,1353.0696022727352
79.75,22.29999999999963,1354.1846022727352
79.80000000000001,22.29999999999963,1355.2996022727352
79.85000000000001,22.29999999999963,1356.4146022727352
79.9,22.29999999999963,1357.5296022727352
79.95,22.29999999999963,1358.6446022727353
80.0,22.29999999999963,1359.7596022727353
80.05000000000001,22.29999999999963,1360.8746022727353
80.10000000000001,22.29999999999963,1361.9896022727353
80.15,22.29999999999963,1363.1046022727353
80.2,22.29999999999963,1364.2196022727353
80.25,22.29999999999963,1365.3346022727353
80.30000000000001,22.29999999999963,1366.4496022727353
80.35000000000001,22.29999999999963,1367.5646022727353
80.4,22.29999999999963,1368.6796022727353
80.45,22.29999999999963,1369.7946022727353
80.5,22.29999999999963,1370.9096022727354
80.55000000000001,22.29999999999963,1372.0246022727354
80.60000000000001,22.29999999999963,1373.1396022727354
80.65,22.29999999999963,1374.2546022727354
80.7,22.29999999999963,1375.3696022727354
80.75,22.29999999999963,1376.4846022727354
80.80000000000001,22.29999999999963,1377.5996022727354
80.85000000000001,22.29999999999963,1378.7146022727354
80.9,22.29999999999963,1379.8296022727354
80.95,22.29999999999963,1380.9446022727354
81.0,22.29999999999963,1382.0596022727354
81.05000000000001,22.29999999999963,1383.1746022727355
81.10000000000001,22.29999999999963,1384.2896022727355
81.15,22.29999999999963,1385.4046022727355
81.2,22.29999999999963,1386.5196022727355
81.25,22.29999999999963,1387.6346022727355
81.30000000000001,22.29999999999963,1388.7496022727355
81.35000000000001,22.29999999999963,1389.8646022727355
81.4,22.29999999999963,1390.9796022727355
81.45,22.275000000000002,1392.0933522727355
81.5,22.250000000000004,1393.2058522727355
81.55000000000001,22.224999999999998,1394.3171022727354
81.60000000000001,22.2,1395.4271022727353
81.65,22.175,1396.5358522727354
81.7,22.150000000000002,1397.6433522727355
81.75,22.125000000000004,1398.7496022727355
81.80000000000001,22.099999999999998,1399.8546022727355
81.85000000000001,22.075,1400.9583522727355
81.9,22.05,1402.0608522727355
81.95,22.025000000000002,1403.1621022727354
82.0,22.000000000000004,1404.2621022727353
82.05000000000001,21.974999999999998,1405.3608522727354
82.10000000000001,21.95,1406.4583522727355
82.15,21.925,1407.5546022727356
82.2,21.900000000000002,1408.6496022727356
82.25,21.875000000000004,1409.7433522727356
82.30000000000001,21.849999999999998,1410.8358522727356
82.35000000000001,21.825,1411.9271022727355
82.4,21.8,1413.0171022727354
82.45,21.775000000000002,1414.1058522727353
82.5,21.750000000000004,1415.1933522727354
82.55000000000001,21.724999999999998,1416.2796022727355
82.60000000000001,21.7,1417.3646022727355
82.65,21.675,1418.4483522727355
82.7,21.650000000000002,1419.5308522727355
82.75,21.625000000000004,1420.6121022727355
82.80000000000001,21.599999999999998,1421.6921022727354
82.85000000000001,21.575,1422.7708522727353
82.9,21.55,1423.8483522727354
82.95,21.525000000000002,1424.9246022727355
83.0,21.500000000000004,1425.9996022727355
83.05000000000001,21.474999999999998,1427.0733522727355
83.10000000000001,21.45,1428.1458522727355
83.15,21.425,1429.2171022727355
83.2,21.400000000000002,1430.2871022727354
83.25,21.375000000000004,1431.3558522727353
83.30000000000001,21.349999999999998,1432.4233522727354
83.35000000000001,21.325,1433.4896022727355
83.4,21.3,1434.5546022727356
83.45,21.275000000000002,1435.6183522727356
83.5,21.250000000000004,1436.6808522727356
83.55000000000001,21.224999999999998,1437.7421022727356
83.60000000000001,21.2,1438.8021022727355
83.65,21.175,1439.8608522727354
83.7,21.150000000000002,1440.9183522727353
83.75,21.125000000000004,1441.9746022727354
83.80000000000001,21.099999999999998,1443.0296022727355
83.85000000000001,21.075,1444.0833522727355
83.9,21.05,1445.1358522727355
83.95,21.025000000000002,1446.1871022727355
84.0,21.000000000000004,1447.2371022727355
84.05000000000001,20.974999999999998,1448.2858522727354
84.10000000000001,20.95,1449.3333522727353
84.15,20.925,1450.3796022727354
84.2,20.900000000000002,1451.4246022727355
84.25,20.875000000000004,1452.4683522727355
84.30000000000001,20.849999999999998,1453.5108522727355
84.35000000000001,20.825,1454.5521022727355
84.4,20.8,1455.5921022727355
84.45,20.775000000000002,1456.6308522727354
84.5,20.750000000000004,1457.6683522727353
84.55000000000001,20.724999999999998,1458.7046022727354
84.60000000000001,20.7,1459.7396022727355
84.65,20.675,1460.7733522727356
84.7,20.650000000000002,1461.8058522727356
84.75,20.625000000000004,1462.8371022727356
84.80000000000001,20.599999999999998,1463.8671022727356
84.85000000000001,20.575,1464.8958522727355
84.9,20.55,1465.9233522727354
84.95,20.525000000000002,1466.9496022727353
85.0,20.500000000000004,1467.9746022727354
85.05000000000001,20.474999999999998,1468.9983522727355
85.10000000000001,20.45,1470.0208522727355
85.15,20.425,1471.0421022727355
85.2,20.400000000000002,1472.0621022727355
85.25,20.375000000000004,1473.0808522727355
85.30000000000001,20.349999999999998,1474.0983522727354
85.35000000000001,20.325,1475.1146022727353
85.4,20.3,1476.1296022727354
85.45,20.275000000000002,1477.1433522727355
85.5,20.250000000000004,1478.1558522727355
85.55000000000001,20.224999999999998,1479.1671022727355
85.60000000000001,20.2,1480.1771022727355
85.65,20.175,1481.1858522727355
85.7,20.150000000000002,1482.1933522727354
85.75,20.125000000000004,1483.1996022727353
85.80000000000001,20.099999999999998,1484.2046022727354
85.85000000000001,20.075,1485.2083522727355
85.9,20.05,1486.2108522727356
85.95,20.025000000000002,1487.2121022727356
86.0,20.000000000000004,1488.2121022727356
86.05000000000001,19.974999999999998,1489.2108522727356
86.10000000000001,19.95,1490.2083522727355
86.15,19.925,1491.2046022727354
86.2,19.900000000000002,1492.1996022727353
86.25,19.875000000000004,1493.1933522727354
86.30000000000001,19.849999999999998,1494.1858522727355
86.35000000000001,19.825,1495.1771022727355
86.4,19.8,1496.1671022727355
86.45,19.775000000000002,1497.1558522727355
86.5,19.750000000000004,1498.1433522727355
86.55000000000001,19.724999999999998,1499.1296022727354
86.60000000000001,19.7,1500.1146022727353
86.65,19.675,1501.0983522727354
86.7,19.650000000000002,1502.0808522727355
86.75,19.625000000000004,1503.0621022727355
86.80000000000001,19.599999999999998,1504.0421022727355
86.85000000000001,19.575,1505.0208522727355
86.9,19.55,1505.9983522727355
86.95,19.525000000000002,1506.9746022727354
87.0,19.500000000000004,1507.9496022727353
87.05000000000001,19.474999999999998,1508.9233522727354
87.10000000000001,19.45,1509.8958522727355
87.15,19.425,1510.8671022727356
87.2,19.400000000000002,1511.8371022727356
87.25,19.375000000000004,1512.8058522727356
87.30000000000001,19.349999999999998,1513.7733522727356
87.35000000000001,19.325,1514.7396022727355
87.4,19.3,1515.7046022727354
87.45,19.275000000000002,1516.6683522727353
87.5,19.250000000000004,1517.6308522727354
87.55000000000001,19.224999999999998,1518.5921022727355
87.60000000000001,19.2,1519.5521022727355
87.65,19.175,1520.5108522727355
87.7,19.150000000000002,1521.4683522727355
87.75,19.125000000000004,1522.4246022727355
87.80000000000001,19.099999999999998,1523.3796022727354
87.85000000000001,19.075,1524.3333522727353
87.9,19.05,1525.2858522727354
87.95,19.025000000000002,1526.2371022727355
88.0,19.000000000000004,1527.1871022727355
88.05000000000001,18.974999999999998,1528.1358522727355
88.10000000000001,18.95,1529.0833522727355
88.15,18.925,1530.0296022727355
88.2,18.900000000000002,1530.9746022727354
88.25,18.875000000000004,1531.9183522727353
88.30000000000001,18.849999999999998,1532.8608522727354
88.35000000000001,18.825,1533.8021022727355
88.4,18.8,1534.7421022727356
88.45,18.775000000000002,1535.6808522727356
88.5,18.750000000000004,1536.6183522727356
88.55000000000001,18.724999999999998,1537.5546022727356
88.60000000000001,18.7,1538.4896022727355
88.65,18.675,1539.4233522727354
88.7,18.650000000000002,1540.3558522727353
88.75,18.625000000000004,1541.2871022727354
88.80000000000001,18.599999999999998,1542.2171022727355
88.85000000000001,18.575,1543.1458522727355
88.9,18.55,1544.0733522727355
88.95,18.525000000000002,1544.9996022727355
89.0,18.500000000000004,1545.9246022727355
89.05000000000001,18.474999999999998,1546.8483522727354
89.10000000000001,18.45,1547.7708522727353
89.15,18.425,1548.6921022727354
89.2,18.400000000000002,1549.6121022727355
89.25,18.375000000000004,1550.5308522727355
89.30000000000001,18.349999999999998,1551.4483522727355
89.35000000000001,18.325,1552.3646022727355
89.4,18.3,1553.2796022727355
89.45,18.275000000000002,1554.1933522727354
89.5,18.250000000000004,1555.1058522727353
89.55000000000001,18.224999999999998,1556.0171022727354
89.60000000000001,18.2,1556.9271022727355
89.65,18.175,1557.8358522727356
89.7,18.150000000000002,1558.7433522727356
89.75,18.125000000000004,1559.6496022727356
89.80000000000001,18.099999999999998,1560.5546022727356
89.85000000000001,18.075,1561.4583522727355
89.9,18.05,1562.3608522727354
89.95,18.025000000000002,1563.2621022727353
90.0,18.000000000000004,1564.1621022727354
90.05000000000001,17.974999999999998,1565.0608522727355
90.10000000000001,17.95,1565.9583522727355
90.15,17.925,1566.8546022727355
90.2,17.900000000000002,1567.7496022727355
90.25,17.875000000000004,1568.6433522727355
90.30000000000001,17.849999999999998,1569.5358522727354
90.35000000000001,17.825,1570.4271022727353
90.4,17.8,1571.3171022727354
90.45,17.775000000000002,1572.2058522727355
90.5,17.750000000000004,1573.0933522727355
90.55000000000001,17.724999999999998,1573.9796022727355
90.60000000000001,17.7,1574.8646022727355
90.65,17.675,1575.7483522727355
90.7,17.650000000000002,1576.6308522727354
90.75,17.625000000000004,1577.5121022727353
90.80000000000001,17.599999999999998,1578.3921022727354
90.85000000000001,17.575,1579.2708522727355
90.9,17.55,1580.1483522727356
90.95,17.525000000000002,1581.0246022727356
91.0,17.500000000000004,1581.8996022727356
91.05000000000001,17.474999999999998,1582.7733522727356
91.10000000000001,17.45,1583.6458522727355
91.15,17.425,1584.5171022727354
91.2,17.400000000000002,1585.3871022727353
91.25,17.375000000000004,1586.2558522727354
91.30000000000001,17.349999999999998,1587.1233522727355
91.35000000000001,17.325,1587.9896022727355
91.4,17.3,1588.8546022727355
91.45,17.275000000000002,1589.7183522727355
91.5,17.250000000000004,1590.5808522727355
91.55000000000001,17.224999999999998,1591.4421022727354
91.60000000000001,17.2,1592.3021022727353
91.65,17.175,1593.1608522727354
91.7,17.150000000000002,1594.0183522727355
91.75,17.125000000000004,1594.8746022727355
91.80000000000001,17.099999999999998,1595.7296022727355
91.85000000000001,17.075,1596.5833522727355
91.9,17.05,1597.4358522727355
91.95,17.025000000000002,1598.2871022727354
92.0,17.000000000000004,1599.1371022727353
92.05000000000001,16.974999999999998,1599.9858522727354
92.10000000000001,16.95,1600.8333522727355
92.15,16.925,1601.6796022727356
92.2,16.900000000000002,1602.5246022727356
92.25,16.875000000000004,1603.3683522727356
92.30000000000001,16.849999999999998,1604.2108522727356
92.35000000000001,16.825,1605.0521022727355
92.4,16.8,1605.8921022727354
92.45,16.775000000000002,1606.7308522727353
92.5,16.750000000000004,1607.5683522727354
92.55000000000001,16.724999999999998,1608.4046022727355
92.60000000000001,16.7,1609.2396022727355
92.65,16.675,1610.0733522727355
92.7,16.650000000000002,1610.9058522727355
92.75,16.625000000000004,1611.7371022727355
92.80000000000001,16.599999999999998,1612.5671022727354
92.85000000000001,16.575,1613.3958522727353
92.9,16.55,1614.2233522727354
92.95,16.525000000000002,1615.0496022727355
93.0,16.500000000000004,1615.8746022727355
93.05000000000001,16.474999999999998,1616.6983522727355
93.10000000000001,16.45,1617.5208522727355
93.15,16.425,1618.3421022727355
93.2,16.400000000000002,1619.1621022727354
93.25,16.375000000000004,1619.9808522727353
93.30000000000001,16.349999999999998,1620.7983522727354
93.35000000000001,16.325,1621.6146022727355
93.4,16.3,1622.4296022727356
93.45,16.275000000000002,1623.2433522727356
93.5,16.250000000000004,1624.0558522727356
93.55000000000001,16.224999999999998,1624.8671022727356
93.60000000000001,16.2,1625.6771022727355
93.65,16.175,1626.4858522727354
93.7,16.150000000000002,1627.2933522727353
93.75,16.125000000000004,1628.0996022727354
93.80000000000001,16.099999999999998,1628.9046022727355
93.85000000000001,16.075,1629.7083522727355
93.9,16.05,1630.5108522727355
93.95,16.025000000000002,1631.3121022727355
94.0,16.000000000000004,1632.1121022727355
94.05000000000001,15.974999999999998,1632.9108522727354
94.10000000000001,15.95,1633.7083522727353
94.15,15.925,1634.5046022727354
94.2,15.900000000000002,1635.2996022727355
94.25,15.875000000000004,1636.0933522727355
94.30000000000001,15.849999999999998,1636.8858522727355
94.35000000000001,15.825,1637.6771022727355
94.4,15.8,1638.4671022727355
94.45,15.775000000000002,1639.2558522727354
94.5,15.750000000000004,1640.0433522727353
94.55000000000001,15.724999999999998,1640.8296022727354
94.60000000000001,15.7,1641.6146022727355
94.65,15.675,1642.3983522727356
94.7,15.650000000000002,1643.1808522727356
94.75,15.625000000000004,1643.9621022727356
94.80000000000001,15.599999999999998,1644.7421022727356
94.85000000000001,15.575,1645.5208522727355
94.9,15.55,1646.2983522727354
94.95,15.525000000000002,1647.0746022727353
95.0,15.500000000000004,1647.8496022727354
95.05000000000001,15.474999999999998,1648.6233522727355
95.10000000000001,15.45,1649.3958522727355
95.15,15.425,1650.1671022727355
95.2,15.400000000000002,1650.9371022727355
95.25,15.375000000000004,1651.7058522727355
95.30000000000001,15.349999999999998,1652.4733522727354
95.35000000000001,15.325,1653.2396022727353
95.4,15.3,1654.0046022727354
95.45,15.275000000000002,1654.7683522727355
95.5,15.250000000000004,1655.5308522727355
95.55000000000001,15.224999999999998,1656.2921022727355
95.60000000000001,15.2,1657.0521022727355
95.65,15.175,1657.8108522727355
95.7,15.150000000000002,1658.5683522727354
95.75,15.125000000000004,1659.3246022727353
95.80000000000001,15.099999999999998,1660.0796022727354
95.85000000000001,15.075,1660.8333522727355
95.9,15.05,1661.5858522727356
95.95,15.025000000000002,1662.3371022727356
96.0,15.000000000000004,1663.0871022727356
96.05000000000001,14.974999999999998,1663.8358522727356
96.10000000000001,14.95,1664.5833522727355
96.15,14.925,1665.3296022727354
96.2,14.900000000000002,1666.0746022727353
96.25,14.875000000000004,1666.8183522727354
96.30000000000001,14.849999999999998,1667.5608522727355
96.35000000000001,14.825,1668.3021022727355
96.4,14.8,1669.0421022727355
96.45,14.775000000000002,1669.7808522727355
96.5,14.750000000000004,1670.5183522727355
96.55000000000001,14.724999999999998,1671.2546022727354
96.60000000000001,14.7,1671.9896022727353
96.65,14.675,1672.7233522727354
96.7,14.650000000000002,1673.4558522727355
96.75,14.625000000000004,1674.1871022727355
96.80000000000001,14.599999999999998,1674.9171022727355
96.85000000000001,14.575,1675.6458522727355
96.9,14.55,1676.3733522727355
96.95,14.525000000000002,1677.0996022727354
97.0,14.500000000000004,1677.8246022727353
97.05000000000001,14.474999999999998,1678.5483522727354
97.10000000000001,14.45,1679.2708522727355
97.15,14.425,1679.9921022727356
97.2,14.400000000000002,1680.7121022727356
97.25,14.375000000000004,1681.4308522727356
97.30000000000001,14.349999999999998,1682.1483522727356
97.35000000000001,14.325,1682.8646022727355
97.4,14.3,1683.5796022727354
97.45,14.275000000000002,1684.2933522727353
97.5,14.250000000000004,1685.0058522727354
97.55000000000001,14.224999999999998,1685.7171022727355
97.60000000000001,14.2,1686.4271022727355
97.65,14.175,1687.1358522727355
97.7,14.150000000000002,1687.8433522727355
97.75,14.125000000000004,1688.5496022727355
97.80000000000001,14.099999999999998,1689.2546022727354
97.85000000000001,14.075,1689.9583522727353
97.9,14.05,1690.6608522727354
97.95,14.025000000000002,1691.3621022727355
98.0,14.000000000000004,1692.0621022727355
98.05000000000001,13.974999999999998,1692.7608522727355
98.10000000000001,13.95,1693.4583522727355
98.15,13.925,1694.1546022727355
98.2,13.900000000000002,1694.8496022727354
98.25,13.875000000000004,1695.5433522727353
98.30000000000001,13.849999999999998,1696.2358522727354
98.35000000000001,13.825,1696.9271022727355
98.4,13.8,1697.6171022727356
98.45,13.775000000000002,1698.3058522727356
98.5,13.750000000000004,1698.9933522727356
98.55000000000001,13.724999999999998,1699.6796022727356
98.60000000000001,13.7,1700.3646022727355
98.65,13.675,1701.0483522727354
98.7,13.650000000000002,1701.7308522727353
98.75,13.625000000000004,1702.4121022727354
98.80000000000001,13.599999999999998,1703.0921022727355
98.85000000000001,13.575,1703.7708522727355
98.9,13.55,1704.4483522727355
98.95,13.525000000000002,1705.1246022727355
99.0,13.500000000000004,1705.7996022727355
99.05000000000001,13.474999999999998,1706.4733522727354
99.10000000000001,13.45,1707.1458522727353
99.15,13.425,1707.8171022727354
99.2,13.400000000000002,1708.4871022727355
99.25,13.375000000000004,1709.1558522727355
99.30000000000001,13.349999999999998,1709.8233522727355
99.35000000000001,13.325,1710.4896022727355
99.4,13.3,1711.1546022727355
99.45,13.275000000000002,1711.8183522727354
99.5,13.250000000000004,1712.4808522727353
99.55000000000001,13.224999999999998,1713.1421022727354
99.60000000000001,13.2,1713.8021022727355
99.65,13.175,1714.4608522727356
99.7,13.150000000000002,1715.1183522727356
99.75,13.125000000000004,1715.7746022727356
99.80000000000001,13.099999999999998,1716.4296022727356
99.85000000000001,13.075,1717.0833522727355
99.9,13.05,1717.7358522727354
99.95,13.025000000000002,1718.3871022727353
100.0,13.000000000000004,1719.0371022727354
100.05000000000001,12.974999999999998,1719.6858522727355
100.10000000000001,12.95,1720.3333522727355
100.15,12.925,1720.9796022727355
100.2,12.900000000000002,1721.6246022727355
100.25,12.875000000000004,1722.2683522727355
100.30000000000001,12.849999999999998,1722.9108522727354
100.35000000000001,12.825,1723.5521022727353
100.4,12.8,1724.1921022727354
100.45,12.775000000000002,1724.8308522727355
100.5,12.750000000000004,1725.4683522727355
100.55000000000001,12.724999999999998,1726.1046022727355
100.60000000000001,12.7,1726.7396022727355
100.65,12.675,1727.3733522727355
100.7,12.650000000000002,1728.0058522727354
100.75,12.625000000000004,1728.6371022727353
100.80000000000001,12.599999999999998,1729.2671022727354
100.85000000000001,12.575,1729.8958522727355
100.9,12.55,1730.5233522727356
100.95,12.525000000000002,1731.1496022727356
101.0,12.500000000000004,1731.7746022727356
101.05000000000001,12.474999999999998,1732.3983522727356
101.10000000000001,12.45,1733.0208522727355
101.15,12.425,1733.6421022727354
101.2,12.400000000000002,1734.2621022727353
101.25,12.375000000000004,1734.8808522727354
101.30000000000001,12.349999999999998,1735.4983522727355
101.35000000000001,12.325,1736.1146022727355
101.4,12.3,1736.7296022727355
101.45,12.275000000000002,1737.3433522727355
101.5,12.250000000000004,1737.9558522727355
101.55000000000001,12.224999999999998,1738.5671022727354
101.60000000000001,12.2,1739.1771022727353
101.65,12.175,1739.7858522727354
101.7,12.150000000000002,1740.3933522727355
101.75,12.125000000000004,1740.9996022727355
101.80000000000001,12.099999999999998,1741.6046022727355
101.85000000000001,12.075,1742.2083522727355
101.9,12.05,1742.8108522727355
101.95,12.025000000000002,1743.4121022727354
102.0,12.000000000000004,1744.0121022727353
102.05000000000001,11.974999999999998,1744.6108522727354
102.10000000000001,11.95,1745.2083522727355
102.15,11.925,1745.8046022727356
102.2,11.900000000000002,1746.3996022727356
102.25,11.875000000000004,1746.9933522727356
102.30000000000001,11.849999999999998,1747.5858522727356
102.35000000000001,11.825,1748.1771022727355
102.4,11.8,1748.7671022727354
102.45,11.775000000000002,1749.3558522727353
102.5,11.750000000000004,1749.9433522727354
102.55000000000001,11.724999999999998,1750.5296022727355
102.60000000000001,11.7,1751.1146022727355
102.65,11.675,1751.6983522727355
102.7,11.650000000000002,1752.2808522727355
102.75,11.625000000000004,1752.8621022727355
102.80000000000001,11.599999999999998,1753.4421022727354
102.85000000000001,11.575,1754.0208522727353
102.9,11.55,1754.5983522727354
102.95,11.525000000000002,1755.1746022727355
103.0,11.500000000000004,1755.7496022727355
103.05000000000001,11.474999999999998,1756.3233522727355
103.10000000000001,11.45,1756.8958522727355
103.15,11.425,1757.4671022727355
103.2,11.400000000000002,1758.0371022727354
103.25,11.375000000000004,1758.6058522727353
103.30000000000001,11.349999999999998,1759.1733522727354
103.35000000000001,11.325,1759.7396022727355
103.4,11.3,1760.3046022727356
103.45,11.275000000000002,1760.8683522727356
103.5,11.250000000000004,1761.4308522727356
103.55000000000001,11.224999999999998,1761.9921022727356
103.60000000000001,11.2,1762.5521022727355
103.65,11.175,1763.1108522727354
103.7,11.150000000000002,1763.6683522727353
103.75,11.125000000000004,1764.2246022727354
103.80000000000001,11.099999999999998,1764.7796022727355
103.85000000000001,11.075,1765.3333522727355
103.9,11.05,1765.8858522727355
103.95,11.025000000000002,1766.4371022727355
104.0,11.000000000000004,1766.9871022727355
104.05000000000001,10.974999999999998,1767.5358522727354
104.10000000000001,10.95,1768.0833522727353
104.15,10.925,1768.6296022727354
104.2,10.900000000000002,1769.1746022727355
104.25,10.875000000000004,1769.7183522727355
104.30000000000001,10.849999999999998,1770.2608522727355
104.35000000000001,10.825,1770.8021022727355
104.4,10.8,1771.3421022727355
104.45,10.775000000000002,1771.8808522727354
104.5,10.750000000000004,1772.4183522727353
104.55000000000001,10.724999999999998,1772.9546022727354
104.60000000000001,10.7,1773.4896022727355
104.65,10.675,1774.0233522727356
104.7,10.650000000000002,1774.5558522727356
104.75,10.625000000000004,1775.0871022727356
104.80000000000001,10.599999999999998,1775.6171022727356
104.85000000000001,10.575,1776.1458522727355
104.9,10.55,1776.6733522727354
104.95,10.525000000000002,1777.1996022727353
105.0,10.500000000000004,1777.7246022727354
105.05000000000001,10.474999999999998,1778.2483522727355
105.10000000000001,10.45,1778.7708522727355
105.15,10.425,1779.2921022727355
105.2,10.400000000000002,1779.8121022727355
105.25,10.375000000000004,1780.3308522727355
105.30000000000001,10.349999999999998,1780.8483522727354
105.35000000000001,10.325,1781.3646022727353
105.4,10.3,1781.8796022727354
105.45,10.275000000000002,1782.3933522727355
105.5,10.250000000000004,1782.9058522727355
105.55000000000001,10.224999999999998,1783.4171022727355
105.60000000000001,10.2,1783.9271022727355
105.65,10.175,1784.4358522727355
105.7,10.150000000000002,1784.9433522727354
105.75,10.125000000000004,1785.4496022727353
105.80000000000001,10.099999999999998,1785.9546022727354
105.85000000000001,10.075,1786.4583522727355
105.9,10.05,1786.9608522727356
105.95,10.025000000000002,1787.4621022727356
106.0,10.000000000000004,1787.9621022727356
106.05000000000001,9.974999999999998,1788.4608522727356
106.10000000000001,9.95,1788.9583522727355
106.15,9.925,1789.4546022727354
106.2,9.900000000000002,1789.9496022727353
106.25,9.875000000000004,1790.4433522727354
106.30000000000001,9.849999999999998,1790.9358522727355
106.35000000000001,9.825,1791.4271022727355
106.4,9.8,1791.9171022727355
106.45,9.775000000000002,1792.4058522727355
106.5,9.750000000000004,1792.8933522727355
106.55000000000001,9.724999999999998,1793.3796022727354
106.60000000000001,9.7,1793.8646022727353
106.65,9.675,1794.3483522727354
106.7,9.650000000000002,1794.8308522727355
106.75,9.625000000000004,1795.3121022727355
106.80000000000001,9.599999999999998,1795.7921022727355
106.85000000000001,9.575,1796.2708522727355
106.9,9.55,1796.7483522727355
106.95,9.525000000000002,1797.2246022727354
107.0,9.500000000000004,1797.6996022727353
107.05000000000001,9.474999999999998,1798.1733522727354
107.10000000000001,9.45,1798.6458522727355
107.15,9.425,1799.1171022727356
107.2,9.400000000000002,1799.5871022727356
107.25,9.375000000000004,1800.0558522727356
107.30000000000001,9.349999999999998,1800.5233522727356
107.35000000000001,9.325,1800.9896022727355
107.4,9.3,1801.4546022727354
107.45,9.275000000000002,1801.9183522727353
107.5,9.250000000000004,1802.3808522727354
107.55000000000001,9.224999999999998,1802.8421022727355
107.60000000000001,9.2,1803.3021022727355
107.65,9.175,1803.7608522727355
107.7,9.150000000000002,1804.2183522727355
107.75,9.125000000000004,1804.6746022727355
107.80000000000001,9.099999999999998,1805.1296022727354
107.85000000000001,9.075,1805.5833522727353
107.9,9.05,1806.0358522727354
107.95,9.025000000000002,1806.4871022727355
108.0,9.000000000000004,1806.9371022727355
108.05000000000001,8.974999999999998,1807.3858522727355
108.10000000000001,8.95,1807.8333522727355
108.15,8.925,1808.2796022727355
108.2,8.900000000000002,1808.7246022727354
108.25,8.875000000000004,1809.1683522727353
108.30000000000001,8.849999999999998,1809.6108522727354
108.35000000000001,8.825,1810.0521022727355
108.4,8.8,1810.4921022727356
108.45,8.775000000000002,1810.9308522727356
108.5,8.750000000000004,1811.3683522727356
108.55000000000001,8.724999999999998,1811.8046022727356
108.60000000000001,8.7,1812.2396022727355
108.65,8.675,1812.6733522727354
108.7,8.650000000000002,1813.1058522727353
108.75,8.625000000000004,1813.5371022727354
108.80000000000001,8.599999999999998,1813.9671022727355
108.85000000000001,8.575,1814.3958522727355
108.9,8.55,1814.8233522727355
108.95,8.525000000000002,1815.2496022727355
109.0,8.500000000000004,1815.6746022727355
109.05000000000001,8.474999999999998,1816.0983522727354
109.10000000000001,8.45,1816.5208522727353
109.15,8.425,1816.9421022727354
109.2,8.400000000000002,1817.3621022727355
109.25,8.375000000000004,1817.7808522727355
109.30000000000001,8.349999999999998,1818.1983522727355
109.35000000000001,8.325,1818.6146022727355
109.4,8.3,1819.0296022727355
109.45,8.275000000000002,1819.4433522727354
109.5,8.250000000000004,1819.8558522727353
109.55000000000001,8.224999999999998,1820.2671022727354
109.60000000000001,8.2,1820.6771022727355
109.65,8.175,1821.0858522727356
109.7,8.150000000000002,1821.4933522727356
109.75,8.125000000000004,1821.8996022727356
109.80000000000001,8.099999999999998,1822.3046022727356
109.85000000000001,8.075,1822.7083522727355
109.9,8.05,1823.1108522727354
109.95,8.025000000000002,1823.5121022727353
110.0,8.000000000000004,1823.9121022727354
110.05000000000001,7.974999999999998,1824.3108522727355
110.10000000000001,7.949999999999999,1824.7083522727355
110.15,7.925000000000001,1825.1046022727355
110.2,7.900000000000002,1825.4996022727355
110.25,7.8750000000000036,1825.8933522727355
110.30000000000001,7.849999999999998,1826.2858522727354
110.35000000000001,7.824999999999999,1826.6771022727353
110.4,7.800000000000001,1827.0671022727354
110.45,7.775000000000002,1827.4558522727355
110.5,7.7500000000000036,1827.8433522727355
110.55000000000001,7.724999999999998,1828.2296022727355
110.60000000000001,7.699999999999999,1828.6146022727355
110.65,7.675000000000001,1828.9983522727355
110.7,7.650000000000002,1829.3808522727354
110.75,7.6250000000000036,1829.7621022727353
110.80000000000001,7.599999999999998,1830.1421022727354
110.85000000000001,7.574999999999999,1830.5208522727355
110.9,7.550000000000001,1830.8983522727356
110.95,7.525000000000002,1831.2746022727356
111.0,7.5000000000000036,1831.6496022727356
111.05000000000001,7.474999999999998,1832.0233522727356
111.10000000000001,7.449999999999999,1832.3958522727355
111.15,7.425000000000001,1832.7671022727354
111.2,7.400000000000002,1833.1371022727353
111.25,7.3750000000000036,1833.5058522727354
111.30000000000001,7.349999999999998,1833.8733522727355
111.35000000000001,7.324999999999999,1834.2396022727355
111.4,7.300000000000001,1834.6046022727355
111.45,7.275000000000002,1834.9683522727355
111.5,7.2500000000000036,1835.3308522727355
111.55000000000001,7.224999999999998,1835.6921022727354
111.60000000000001,7.199999999999999,1836.0521022727353
111.65,7.175000000000001,1836.4108522727354
111.7,7.150000000000002,1836.7683522727355
111.75,7.1250000000000036,1837.1246022727355
111.80000000000001,7.099999999999998,1837.4796022727355
111.85000000000001,7.074999999999999,1837.8333522727355
111.9,7.050000000000001,1838.1858522727355
111.95,7.025000000000002,1838.5371022727354
112.0,7.0000000000000036,1838.8871022727353
112.05000000000001,6.974999999999998,1839.2358522727354
112.10000000000001,6.949999999999999,1839.5833522727355
112.15,6.925000000000001,1839.9296022727356
112.2,6.900000000000002,1840.2746022727356
112.25,6.8750000000000036,1840.6183522727356
112.30000000000001,6.849999999999998,1840.9608522727356
112.35000000000001,6.824999999999999,1841.3021022727355
112.4,6.800000000000001,1841.6421022727354
112.45,6.775000000000002,1841.9808522727353
112.5,6.7500000000000036,1842.3183522727354
112.55000000000001,6.724999999999998,1842.6546022727355
112.60000000000001,6.699999999999999,1842.9896022727355
112.65,6.675000000000001,1843.3233522727355
112.7,6.650000000000002,1843.6558522727355
112.75,6.6250000000000036,1843.9871022727355
112.80000000000001,6.599999999999998,1844.3171022727354
112.85000000000001,6.574999999999999,1844.6458522727353
112.9,6.550000000000001,1844.9733522727354
112.95,6.525000000000002,1845.2996022727355
113.0,6.5000000000000036,1845.6246022727355
113.05000000000001,6.474999999999998,1845.9483522727355
113.10000000000001,6.449999999999999,1846.2708522727355
113.15,6.425000000000001,1846.5921022727355
113.2,6.400000000000002,1846.9121022727354
113.25,6.3750000000000036,1847.2308522727353
113.30000000000001,6.349999999999998,1847.5483522727354
113.35000000000001,6.324999999999999,1847.8646022727355
113.4,6.300000000000001,1848.1796022727356
113.45,6.275000000000002,1848.4933522727356
113.5,6.2500000000000036,1848.8058522727356
113.55000000000001,6.224999999999998,1849.1171022727356
113.60000000000001,6.199999999999999,1849.4271022727355
113.65,6.175000000000001,1849.7358522727354
113.7,6.150000000000002,1850.0433522727353
113.75,6.1250000000000036,1850.3496022727354
113.80000000000001,6.099999999999998,1850.6546022727355
113.85000000000001,6.074999999999999,1850.9583522727355
113.9,6.050000000000001,1851.2608522727355
113.95,6.025000000000002,1851.5621022727355
114.0,6.0000000000000036,1851.8621022727355
114.05000000000001,5.974999999999998,1852.1608522727354
114.10000000000001,5.949999999999999,1852.4583522727353
114.15,5.925000000000001,1852.7546022727354
114.2,5.900000000000002,1853.0496022727355
114.25,5.8750000000000036,1853.3433522727355
114.30000000000001,5.849999999999998,1853.6358522727355
114.35000000000001,5.824999999999999,1853.9271022727355
114.4,5.800000000000001,1854.2171022727355
114.45,5.775000000000002,1854.5058522727354
114.5,5.7500000000000036,1854.7933522727353
114.55000000000001,5.724999999999998,1855.0796022727354
114.60000000000001,5.699999999999999,1855.3646022727355
114.65,5.675000000000001,1855.6483522727356
114.7,5.650000000000002,1855.9308522727356
114.75,5.6250000000000036,1856.2121022727356
114.80000000000001,5.599999999999998,1856.4921022727356
114.85000000000001,5.574999999999999,1856.7708522727355
114.9,5.550000000000001,1857.0483522727354
114.95,5.525000000000002,1857.3246022727353
115.0,5.5000000000000036,1857.5996022727354
115.05000000000001,5.474999999999998,1857.8733522727355
115.10000000000001,5.449999999999999,1858.1458522727355
115.15,5.425000000000001,1858.4171022727355
115.2,5.400000000000002,1858.6871022727355
115.25,5.3750000000000036,1858.9558522727355
115.30000000000001,5.349999999999998,1859.2233522727354
115.35000000000001,5.324999999999999,1859.4896022727353
115.4,5.300000000000001,1859.7546022727354
115.45,5.275000000000002,1860.0183522727355
115.5,5.2500000000000036,1860.2808522727355
115.55000000000001,5.224999999999998,1860.5421022727355
115.60000000000001,5.199999999999999,1860.8021022727355
115.65,5.175000000000001,1861.0608522727355
115.7,5.150000000000002,1861.3183522727354
115.75,5.1250000000000036,1861.5746022727353
115.80000000000001,5.099999999999998,1861.8296022727354
115.85000000000001,5.074999999999999,1862.0833522727355
115.9,5.050000000000001,1862.3358522727356
115.95,5.025000000000002,1862.5871022727356
116.0,5.0000000000000036,1862.8371022727356
116.05000000000001,4.974999999999998,1863.0858522727356
116.10000000000001,4.949999999999999,1863.3333522727355
116.15,4.925000000000001,1863.5796022727354
116.2,4.900000000000002,1863.8246022727353
116.25,4.8750000000000036,1864.0683522727354
116.30000000000001,4.849999999999998,1864.3108522727355
116.35000000000001,4.824999999999999,1864.5521022727355
116.4,4.800000000000001,1864.7921022727355
116.45,4.775000000000002,1865.0308522727355
116.5,4.7500000000000036,1865.2683522727355
116.55000000000001,4.724999999999998,1865.5046022727354
116.60000000000001,4.699999999999999,1865.7396022727353
116.65,4.675000000000001,1865.9733522727354
116.7,4.650000000000002,1866.2058522727355
116.75,4.6250000000000036,1866.4371022727355
116.80000000000001,4.599999999999998,1866.6671022727355
116.85000000000001,4.574999999999999,1866.8958522727355
116.9,4.550000000000001,1867.1233522727355
116.95,4.525000000000002,1867.3496022727354
117.0,4.5000000000000036,1867.5746022727353
117.05000000000001,4.474999999999998,1867.7983522727354
117.10000000000001,4.449999999999999,1868.0208522727355
117.15,4.425000000000001,1868.2421022727356
117.2,4.400000000000002,1868.4621022727356
117.25,4.3750000000000036,1868.6808522727356
117.30000000000001,4.349999999999998,1868.8983522727356
117.35000000000001,4.324999999999999,1869.1146022727355
117.4,4.300000000000001,1869.3296022727354
117.45,4.275000000000002,1869.5433522727353
117.5,4.2500000000000036,1869.7558522727354
117.55000000000001,4.224999999999998,1869.9671022727355
117.60000000000001,4.199999999999999,1870.1771022727355
117.65,4.175000000000001,1870.3858522727355
117.7,4.150000000000002,1870.5933522727355
117.75,4.1250000000000036,1870.7996022727355
117.80000000000001,4.099999999999998,1871.0046022727354
117.85000000000001,4.074999999999999,1871.2083522727353
117.9,4.050000000000001,1871.4108522727354
117.95,4.025000000000002,1871.6121022727355
118.0,4.0000000000000036,1871.8121022727355
118.05000000000001,3.974999999999998,1872.0108522727355
118.10000000000001,3.9499999999999993,1872.2083522727355
118.15,3.9250000000000007,1872.4046022727355
118.2,3.900000000000002,1872.5996022727354
118.25,3.8750000000000036,1872.7933522727353
118.30000000000001,3.849999999999998,1872.9858522727354
118.35000000000001,3.8249999999999993,1873.1771022727355
118.4,3.8000000000000007,1873.3671022727356
118.45,3.775000000000002,1873.5558522727356
118.5,3.7500000000000036,1873.7433522727356
118.55000000000001,3.724999999999998,1873.9296022727356
118.60000000000001,3.6999999999999993,1874.1146022727355
118.65,3.6750000000000007,1874.2983522727354
118.7,3.650000000000002,1874.4808522727353
118.75,3.6250000000000036,1874.6621022727354
118.80000000000001,3.599999999999998,1874.8421022727355
118.85000000000001,3.5749999999999993,1875.0208522727355
118.9,3.5500000000000007,1875.1983522727355
118.95,3.525000000000002,1875.3746022727355
119.0,3.5000000000000036,1875.5496022727355
119.05000000000001,3.474999999999998,1875.7233522727354
119.10000000000001,3.4499999999999993,1875.8958522727353
119.15,3.4250000000000007,1876.0671022727354
119.2,3.400000000000002,1876.2371022727355
119.25,3.3750000000000036,1876.4058522727355
119.30000000000001,3.349999999999998,1876.5733522727355
119.35000000000001,3.3249999999999993,1876.7396022727355
119.4,3.3000000000000007,1876.9046022727355
119.45,3.275000000000002,1877.0683522727354
119.5,3.2500000000000036,1877.2308522727353
119.55000000000001,3.224999999999998,1877.3921022727354
119.60000000000001,3.1999999999999993,1877.5521022727355
119.65,3.1750000000000007,1877.7108522727356
119.7,3.150000000000002,1877.8683522727356
119.75,3.1250000000000036,1878.0246022727356
119.80000000000001,3.099999999999998,1878.1796022727356
119.85000000000001,3.0749999999999993,1878.3333522727355
119.9,3.0500000000000007,1878.4858522727354
119.95,3.025000000000002,1878.6371022727353
120.0,3.0000000000000036,1878.7871022727354
120.05000000000001,2.974999999999998,1878.9358522727355
120.10000000000001,2.9499999999999993,1879.0833522727355
120.15,2.9250000000000007,1879.2296022727355
120.2,2.900000000000002,1879.3746022727355
120.25,2.8750000000000036,1879.5183522727355
120.30000000000001,2.849999999999998,1879.6608522727354
120.35000000000001,2.8249999999999993,1879.8021022727353
120.4,2.8000000000000007,1879.9421022727354
120.45,2.775000000000002,1880.0808522727355
120.5,2.7500000000000036,1880.2183522727355
120.55000000000001,2.724999999999998,1880.3546022727355
120.60000000000001,2.6999999999999993,1880.4896022727355
120.65,2.6750000000000007,1880.6233522727355
120.7,2.650000000000002,1880.7558522727354
120.75,2.6250000000000036,1880.8871022727353
120.80000000000001,2.599999999999998,1881.0171022727354
120.85000000000001,2.5749999999999993,1881.1458522727355
120.9,2.5500000000000007,1881.2733522727356
120.95,2.525000000000002,1881.3996022727356
121.0,2.5000000000000036,1881.5246022727356
121.05000000000001,2.474999999999998,1881.6483522727356
121.10000000000001,2.4499999999999993,1881.7708522727355
121.15,2.4250000000000007,1881.8921022727354
121.2,2.400000000000002,1882.0121022727353
121.25,2.3750000000000036,1882.1308522727354
121.30000000000001,2.349999999999998,1882.2483522727355
121.35000000000001,2.3249999999999993,1882.3646022727355
121.4,2.3000000000000007,1882.4796022727355
121.45,2.275000000000002,1882.5933522727355
121.5,2.2500000000000036,1882.7058522727355
121.55000000000001,2.224999999999998,1882.8171022727354
121.60000000000001,2.1999999999999993,1882.9271022727353
121.65,2.1750000000000007,1883.0358522727354
121.7,2.150000000000002,1883.1433522727355
121.75,2.1250000000000036,1883.2496022727355
121.80000000000001,2.099999999999998,1883.3546022727355
121.85000000000001,2.0749999999999993,1883.4583522727355
121.9,2.0500000000000007,1883.5608522727355
121.95,2.025000000000002,1883.6621022727354
122.0,2.0000000000000036,1883.7621022727353
122.05000000000001,1.9749999999999979,1883.8608522727354
122.10000000000001,1.9499999999999993,1883.9583522727355
122.15,1.9250000000000007,1884.0546022727356
122.2,1.9000000000000021,1884.1496022727356
122.25,1.8750000000000036,1884.2433522727356
122.30000000000001,1.8499999999999979,1884.3358522727356
122.35000000000001,1.8249999999999993,1884.4271022727355
122.4,1.8000000000000007,1884.5171022727354
122.45,1.7750000000000021,1884.6058522727353
122.5,1.7500000000000036,1884.6933522727354
122.55000000000001,1.7249999999999979,1884.7796022727355
122.60000000000001,1.6999999999999993,1884.8646022727355
122.65,1.6750000000000007,1884.9483522727355
122.7,1.6500000000000021,1885.0308522727355
122.75,1.6250000000000036,1885.1121022727355
122.80000000000001,1.5999999999999979,1885.1921022727354
122.85000000000001,1.5749999999999993,1885.2708522727353
122.9,1.5500000000000007,1885.3483522727354
122.95,1.5250000000000021,1885.4246022727355
123.0,1.5000000000000036,1885.4996022727355
123.05000000000001,1.4749999999999979,1885.5733522727355
123.10000000000001,1.4499999999999993,1885.6458522727355
123.15,1.4250000000000007,1885.7171022727355
123.2,1.4000000000000021,1885.7871022727354
123.25,1.3750000000000036,1885.8558522727353
123.30000000000001,1.3499999999999979,1885.9233522727354
123.35000000000001,1.3249999999999993,1885.9896022727355
123.4,1.3000000000000007,1886.0546022727356
123.45,1.2750000000000021,1886.1183522727356
123.5,1.2500000000000036,1886.1808522727356
123.55000000000001,1.2249999999999979,1886.2421022727356
123.60000000000001,1.1999999999999993,1886.3021022727355
123.65,1.1750000000000007,1886.3608522727354
123.7,1.1500000000000021,1886.4183522727353
123.75,1.1250000000000036,1886.4746022727354
123.80000000000001,1.0999999999999979,1886.5296022727355
123.85000000000001,1.0749999999999993,1886.5833522727355
123.9,1.0500000000000007,1886.6358522727355
123.95,1.0250000000000021,1886.6871022727355
124.0,1.0000000000000036,1886.7371022727355
124.05000000000001,0.9749999999999979,1886.7858522727354
124.10000000000001,0.9499999999999993,1886.8333522727353
124.15,0.9250000000000007,1886.8796022727354
124.2,0.9000000000000021,1886.9246022727355
124.25,0.8750000000000036,1886.9683522727355
124.30000000000001,0.8499999999999979,1887.0108522727355
124.35000000000001,0.8249999999999993,1887.0521022727355
124.4,0.8000000000000007,1887.0921022727355
124.45,0.7750000000000021,1887.1308522727354
124.5,0.7500000000000036,1887.1683522727353
124.55000000000001,0.7249999999999979,1887.2046022727354
124.60000000000001,0.6999999999999993,1887.2396022727355
124.65,0.6750000000000007,1887.2733522727356
124.7,0.6500000000000021,1887.3058522727356
124.75,0.6250000000000036,1887.3371022727356
124.80000000000001,0.5999999999999979,1887.3671022727356
124.85000000000001,0.5749999999999993,1887.3958522727355
124.9,0.5500000000000007,1887.4233522727354
124.95,0.5250000000000021,1887.4496022727353
125.0,0.5000000000000036,1887.4746022727354
125.05000000000001,0.47499999999999787,1887.4983522727355
125.10000000000001,0.4499999999999993,1887.5208522727355
125.15,0.4250000000000007,1887.5421022727355
125.2,0.40000000000000213,1887.5621022727355
125.25,0.37500000000000355,1887.5808522727355
125.30000000000001,0.34999999999999787,1887.5983522727354
125.35000000000001,0.3249999999999993,1887.6146022727353
125.4,0.3000000000000007,1887.6296022727354
125.45,0.27500000000000213,1887.6433522727355
125.5,0.25000000000000355,1887.6558522727355
125.55000000000001,0.22499999999999787,1887.6671022727355
125.60000000000001,0.1999999999999993,1887.6771022727355
125.65,0.1750000000000007,1887.6858522727355
125.7,0.15000000000000213,1887.6933522727354
125.75,0.12500000000000355,1887.6996022727353
125.80000000000001,0.09999999999999787,1887.7046022727354
125.85000000000001,0.07499999999999929,1887.7083522727355
125.9,0.05000000000000071,1887.7108522727356
125.95,0.02500000000000213,1887.7121022727356
126.0,3.552713678800501e-15,1887.7121022727356
