t_ref_s,v_ref_mps,v_ref_kmh,s_ref_m
0.0,0.0,0.0,0.0
0.05,0.10569052212171297,0.3804858796381667,0.002642263053042824
0.1,0.1407608974737556,0.5067392309055201,0.00880354854292954
0.15000000000000002,0.1746061244483891,0.6285820480142008,0.01668772409098316
0.2,0.20727560670746487,0.7461921841468735,0.026234767369879508
0.25000000000000006,0.23881874791283422,0.8597474924862032,0.03738712623538699
0.30000000000000004,0.2692849517263485,0.9694258262148545,0.050089718726366556
0.35000000000000003,0.2987236218098591,1.075405038515493,0.06428993306477175
0.4,0.32718416182521737,1.1778629825707825,0.07993762765564866
0.45000000000000007,0.3547159754342747,1.276977511563389,0.09698513108713597
0.5000000000000001,0.3813684662988824,1.3729264786759765,0.11538724213046489
0.55,0.4071910380808918,1.4658877370912105,0.13510122973995925
0.6000000000000001,0.43223309444215435,1.5560391399917557,0.1560868330530354
0.65,0.45654403904452134,1.6435585405602768,0.17830626139020228
0.7000000000000001,0.4801732755498441,1.728623791979439,0.2017241942550614
0.7500000000000001,0.5031702076199742,1.8114127474319073,0.22630778133430687
0.8,0.5255842389167626,1.8921032601003456,0.2520266424977253
0.8500000000000001,0.547464773102061,1.9708731831674196,0.27885286779819585
0.9000000000000001,0.5688612138377207,2.0479003698157947,0.3067610174716904
0.9500000000000001,0.589822964785593,2.123362673228135,0.3357281219372732
1.0000000000000002,0.6103994296075292,2.1974379465871055,0.36573368179710125
1.05,0.6306400119653808,2.2703040430753707,0.396759667836424
1.1,0.6505941155209991,2.3421388158755967,0.4287905210235835
1.1500000000000001,0.6703111439362353,2.413120118170447,0.46181315251001437
1.2000000000000002,0.6898405008729411,2.483425803142588,0.49581694363024376
1.25,0.7092315899929542,2.5532337239746354,0.5307937459018911
1.3,0.7268003231364547,2.616481163291237,0.5666945437301263
1.3500000000000003,0.7438765964117934,2.677955747082456,0.6034614667188325
1.4000000000000001,0.7650382767381573,2.7541377962573663,0.6411843385475813
1.45,0.7846825921840969,2.8248573318627486,0.6799273602706376
1.5000000000000002,0.8048849774191003,2.897585918708761,0.7196665495107175
1.5500000000000003,0.8261942976662281,2.974299471598421,0.7604435313878507
1.6,0.8479371010788009,3.0525735638836835,0.8022968163564764
1.6500000000000001,0.8691125369944883,3.128805133180158,0.8452230573083086
1.7000000000000002,0.89144871132564,3.209215360772304,0.8892370885163118
1.7500000000000002,0.9150003242348911,3.2940011672456078,0.9343983144053251
1.8000000000000003,0.9375644070925043,3.375231865533016,0.9807124326885099
1.85,0.9596483571165525,3.454734085619589,1.0281427517937363
1.9000000000000001,0.9819435068484637,3.534996624654469,1.0766825483928617
1.9500000000000004,1.0046407103379646,3.616706557216673,1.1263471538225225
2.0000000000000004,1.028132598748753,3.701277355495511,1.1771664865496905
2.0500000000000003,1.0529246227616107,3.7905286419417985,1.2291929170874496
2.1,1.0766880620267434,3.8760770232962765,1.2824332342071585
2.1500000000000004,1.100972396913801,3.9635006288896837,1.3368747456806722
2.2,1.1268545621520354,4.056676423747327,1.392570419657318
2.25,1.1529979460289854,4.150792605704348,1.4495667323618435
2.3000000000000003,1.178668458585981,4.243206450909532,1.5078583924772178
2.3500000000000005,1.205485417991808,4.339747504770509,1.5674622393916624
2.4000000000000004,1.2333798479774731,4.440167452718903,1.6284338710408943
2.45,1.260787586171397,4.53883531021703,1.690788056894616
2.5,1.2887750429109182,4.639590154479306,1.7545271226216739
2.5500000000000003,1.3161305444482734,4.738069960013784,1.8196497623056536
2.6,1.3438377966347759,4.837816067885194,1.8861489708327297
2.6500000000000004,1.3723543623938763,4.940475704617955,1.9540537748084459
2.7000000000000006,1.4020680565068109,5.047445003424519,2.0234143352809633
2.7500000000000004,1.4305715354601924,5.150057527656693,2.0942303250801384
2.8000000000000003,1.4593534236105126,5.253672324997845,2.166478449056906
2.85,1.4892945131462019,5.361460247326327,2.240194647475824
2.9,1.5190979765838035,5.468752715701693,2.315404459719074
2.9500000000000006,1.5486184478668075,5.575026412320507,2.3920973703303394
3.0000000000000004,1.577853608334181,5.6802729900030515,2.470259171735364
3.0500000000000003,1.6069702791020022,5.785093004767208,2.5498797689212687
3.1000000000000005,1.6370290697365106,5.893304651051438,2.6309797526422316
3.1500000000000004,1.6673125072864146,6.002325026231093,2.7135882920678047
3.2,1.6967349416094122,6.108245789793884,2.7976894782902004
3.2500000000000004,1.7262807478473143,6.214610692250332,2.8832648705266184
3.3000000000000003,1.756341475958379,6.322829313450165,2.9703304261217607
3.3500000000000005,1.787120735796105,6.433634648865978,3.058916981415623
3.4000000000000004,1.816228025345276,6.5384208912429935,3.1490007004441574
3.45,1.8453010475123972,6.64308377104463,3.2405389272655993
3.5000000000000004,1.87530226775893,6.751088163932148,3.3335540101473824
3.5500000000000007,1.9050606116520739,6.858218201947466,3.4280630821326574
3.6000000000000005,1.9341311703764914,6.962872213355369,3.5240428766833714
3.6500000000000004,1.9624125994871786,7.064685358153843,3.6214564709299633
3.7,1.9908090465153234,7.166912567455165,3.7202870120800258
3.7500000000000004,2.020189181716844,7.272681054180639,3.82056196778583
3.8000000000000003,2.049641354638556,7.378708876698802,3.922307731194715
3.85,2.077217222812879,7.477982002126364,4.025479195631001
3.900000000000001,2.105494890197959,7.579781604712653,4.1300469984562715
3.9500000000000006,2.1340463183695992,7.682566746130558,4.2360355286704605
4.000000000000001,2.1626836277335455,7.785661059840764,4.343453777323039
4.050000000000001,2.1914821160370095,7.889335617733234,4.452307920917303
4.1000000000000005,2.219422466840222,7.9899208806247985,4.562580535489233
4.15,2.2479709366502827,8.092695371941018,4.674265370576496
4.2,2.2777298770312377,8.199827557312457,4.787407890918534
4.25,2.307215521954556,8.305975879036401,4.902031525893179
4.300000000000001,2.3352581567946293,8.406929364460666,5.018093367861908
4.3500000000000005,2.3643800380551925,8.511768136998693,5.135584322733154
4.4,2.394546288370325,8.62036663813317,5.254557480893792
4.45,2.4249079314029576,8.729668553050647,5.375043836388124
4.5,2.4554406054351574,8.839586179566567,5.4970525498090765
4.550000000000001,2.4854034060120114,8.94745226164324,5.620573650095256
4.6000000000000005,2.514457837895793,9.052048216424854,5.745570181192951
4.65,2.5450591388201222,9.16221289975244,5.872058105610849
4.700000000000001,2.5756751395510427,9.272430502383754,6.000076462570128
4.75,2.605253807616595,9.378913707419743,6.1295996862493185
4.800000000000001,2.6350455723150263,9.486164060334096,6.260607170747609
4.8500000000000005,2.6659346781014306,9.59736484116515,6.393131677008021
4.9,2.6965967431009714,9.707748275163498,6.527194962538081
4.950000000000001,2.7255209967472753,9.811875588290192,6.662747906034287
5.0,2.7552409591145333,9.91886745281232,6.799766954930832
5.050000000000001,2.785694291397176,10.028499449029834,6.938290336193625
5.1000000000000005,2.8163021787786953,10.138687843603304,7.078340247948022
5.15,2.846831398073119,10.248593033063228,7.2199185873693175
5.2,2.8766540292099747,10.355954505155909,7.363005723051395
5.250000000000001,2.9057281800405104,10.460621448145838,7.507565278282657
5.300000000000001,2.9362858420584925,10.570629031410574,7.653615628835132
5.3500000000000005,2.9665963316675734,10.679746794003265,7.801187683178283
5.400000000000001,2.996123712362768,10.786045364505966,7.950255684279042
5.45,3.0258690697518937,10.893128651106817,8.100805503831909
5.500000000000001,3.056324634396823,11.002768683828563,8.252860346435627
5.55,3.0864074267909847,11.111066736447546,8.406428647965322
5.6000000000000005,3.1161226176359222,11.21804142348932,8.561491899075994
5.650000000000001,3.144876795714964,11.321556464573872,8.718016884409767
5.7,3.173565839339912,11.424837021623684,8.875977950286138
5.750000000000001,3.2032387629343497,11.53165954656366,9.035398065342996
5.8,3.2329751856786606,11.638710668443178,9.19630341405832
5.8500000000000005,3.2619329241890136,11.742958527080448,9.358676116805013
5.900000000000001,3.289735820604567,11.84304895417644,9.522467835424852
5.95,3.3189214856994873,11.948117348518155,9.687684268082453
6.000000000000001,3.3477335183440964,12.051840666038748,9.854350643183542
6.050000000000001,3.3754200041502336,12.151512014940842,10.0224294812459
6.1000000000000005,3.4030203406803685,12.250873226449327,10.191890489866665
6.150000000000001,3.431380747590541,12.352970691325947,10.362750517073438
6.200000000000001,3.459536748949959,12.454332296219853,10.53502345448695
6.250000000000001,3.4872621125948178,12.554143605341345,10.708693426025569
6.300000000000001,3.5140894867133134,12.650722152167928,10.883727216008273
6.3500000000000005,3.541010622138798,12.747638239699672,11.060104718729576
6.4,3.569802225297633,12.85128801107148,11.237875039915487
6.450000000000001,3.5982281896017905,12.953621482566446,11.417075800287972
6.500000000000001,3.6260213603640494,13.053676897310579,11.597682039037117
6.550000000000001,3.6541051548906816,13.154778557606454,11.779685201918486
6.6000000000000005,3.6829813380442777,13.2587328169594,11.96311236424186
6.65,3.7118051697931183,13.362498611255226,12.147982026937795
6.700000000000001,3.7403507605705504,13.465262738053982,12.334285925196887
6.75,3.768103825732847,13.56517377263825,12.521997289854472
6.800000000000001,3.7958816393733934,13.665173901744216,12.711096926482128
6.850000000000001,3.8248051200693247,13.769298432249569,12.901614095468195
6.9,3.8531214383945858,13.87123717822051,13.093562259429794
6.950000000000001,3.880746107432872,13.97068598675834,13.28690894807548
7.000000000000001,3.9086132652405317,14.071007754865914,13.481642932392315
7.050000000000001,3.9372310004393944,14.17403160158182,13.677789039034314
7.100000000000001,3.965561384193091,14.276020983095128,13.875358848650126
7.15,3.994633689738463,14.380681283058468,14.074363725498415
7.200000000000001,4.022343151857181,14.480435346685853,14.274788146538306
7.250000000000001,4.050381217489104,14.581372382960774,14.476606255771964
7.300000000000001,4.079461551415728,14.686061585096622,14.679852324994584
7.3500000000000005,4.108287709809186,14.78983575531307,14.884546056525208
7.4,4.136250325688983,14.890501172480338,15.090659507412662
7.450000000000001,4.1644492426800115,14.992017273648042,15.298176996621887
7.500000000000001,4.193901144793471,15.098044121256496,15.507135756308724
7.550000000000001,4.22257350164972,15.201264605938992,15.717547622469803
7.6000000000000005,4.250511791040732,15.301842447746635,15.929374754787064
7.650000000000001,4.278550232154571,15.402780835756456,16.142601305366945
7.7,4.307375095686663,15.50655034447199,16.357249438562977
7.750000000000001,4.335864189551421,15.609111082385114,16.573330420693928
7.800000000000002,4.364683329487064,15.712859986153429,16.79084410866989
7.8500000000000005,4.392079743093136,15.811487075135291,17.009763185484395
7.900000000000001,4.4197612066543845,15.911140343955784,17.230059209228084
7.95,4.448018804511973,16.012867696243102,17.451753709507244
8.000000000000002,4.476027822378684,16.113700160563262,17.67485487517951
8.05,4.503253409643744,16.211712274717478,17.89933690598007
8.100000000000001,4.530677966145425,16.31044067812353,18.1251851903748
8.15,4.559618702852301,16.414627330268285,18.352442607099743
8.200000000000001,4.588178605408773,16.517442979471582,18.58113753980627
8.25,4.616665954226707,16.619997435216145,18.811258653797157
8.3,4.644259825320654,16.719335371154358,19.04278179828584
8.350000000000001,4.6719534196217,16.81903231063812,19.2756871294094
8.4,4.700175600461074,16.920632161659867,19.50999035491147
8.450000000000001,4.729019268819498,17.024469367750193,19.745720226643485
8.5,4.756299368949767,17.122677728219163,19.982853192587715
8.55,4.78410366274605,17.22277318588578,20.22136326838011
8.600000000000001,4.812795765477811,17.32606475572012,20.461285754085704
8.65,4.841454750083516,17.429237100300657,20.70264201697474
8.700000000000001,4.869309403063418,17.529513851028305,20.945411120803413
8.75,4.897137219287477,17.629693989434916,21.189572286362186
8.8,4.926289331974692,17.73464159510889,21.43515795014374
8.850000000000001,4.954584311826063,17.836503522573828,21.68217979123876
8.9,4.982737798356372,17.93785607408294,21.93061284399332
8.950000000000001,5.009902647714635,18.035649531772687,22.180428855145095
9.0,5.037443719816204,18.134797391338335,22.431612514333366
9.05,5.065599703877856,18.236158933960283,22.68418859992572
9.100000000000001,5.094504474219873,18.340216107191544,22.93819120437816
9.15,5.121980319232423,18.439129149236724,23.193603324214468
9.200000000000001,5.1496935844519935,18.538896904027176,23.45039517180658
9.250000000000002,5.178401189467308,18.64224428208231,23.708597541154564
9.3,5.206921141786908,18.744916110432868,23.96823059943592
9.35,5.235272662143858,18.84698158371789,24.229285444534188
9.400000000000002,5.263085358219266,18.947107289589358,24.491744395043266
9.450000000000001,5.291117892177575,19.048024411839272,24.75559947630319
9.5,5.319861149029867,19.151500136507522,25.020873952333375
9.550000000000002,5.3485228347483185,19.254682205093946,25.28758355192783
9.600000000000001,5.376296743022097,19.35466827487955,25.555704041372092
9.65,5.404131249870116,19.454872499532417,25.825214741194397
9.700000000000001,5.432484505959708,19.556944221454952,26.096130135090142
9.750000000000002,5.461368439526421,19.660926382295116,26.368476458727294
9.8,5.489466218885303,19.762078387987092,26.642247325187586
9.850000000000001,5.516761321628118,19.860340757861223,26.917403013700422
9.900000000000002,5.544767499999951,19.961162999999825,27.193941234241123
9.950000000000001,5.573688454144844,20.06527843492144,27.471902633094743
10.0,5.602042865573162,20.16735431606338,27.75129591608769
10.05,5.629739227009932,20.267061217235753,28.03209046840227
10.100000000000001,5.657632470102705,20.367476892369737,28.314274760830084
10.15,5.686247479160917,20.470490924979302,28.597871759561674
10.200000000000001,5.714867066741463,20.573521440269268,28.882899623209234
10.250000000000002,5.74240374787157,20.672653492337655,29.16933139357456
10.3,5.770038907403219,20.772140066651588,29.45714245995643
10.350000000000001,5.798155130679723,20.873358470447005,29.746347310908504
10.4,5.8264017272212705,20.975046217996574,30.036961232356028
10.450000000000001,5.85460072778649,21.076562620031364,30.328986293731223
10.500000000000002,5.882096129602996,21.175546066570785,30.62240371516596
10.55,5.910067732907969,21.276243838468687,30.917207811728733
10.600000000000001,5.938994398293763,21.38037983385755,31.213434365008776
10.650000000000002,5.96770579576515,21.48374086475454,31.511101869860248
10.700000000000001,5.995124269915976,21.582447371697516,31.810172621502275
10.75,6.023200734561635,21.683522644421885,32.11063074661421
10.800000000000002,6.052222510543557,21.788001037956807,32.41251632774184
10.850000000000001,6.081338575509384,21.892818871833782,32.715855354893165
10.9,6.11047034310872,21.997693235191395,33.02065057785862
10.950000000000001,6.138888084067423,22.099997102642725,33.326884538538025
11.000000000000002,6.166694614788041,22.20010061323695,33.63452410600941
11.05,6.196224556629806,22.3064084038673,33.943597085294854
11.1,6.225795398818361,22.4128634357461,34.254147584181055
11.150000000000002,6.254718819574047,22.51698775046657,34.56616043964087
11.200000000000001,6.2839186602835415,22.62210717702075,34.879626376637304
11.25,6.313775929722316,22.729593347000336,35.19456874138745
11.300000000000002,6.343037310562124,22.83493431802365,35.51098907239456
11.350000000000001,6.370991435266213,22.93556916695837,35.82883979104027
11.4,6.400008695834137,23.04003130500289,36.14811479431778
11.450000000000003,6.430213316967014,23.14876794108125,36.46887034463781
11.500000000000002,6.461125338492136,23.26005121857169,36.79115381102429
11.55,6.491271867009234,23.368578721233245,37.11496374116182
11.6,6.520751090469442,23.474703925689994,37.44026431509879
11.650000000000002,6.549292703837762,23.577453733815943,37.767015409956464
11.700000000000001,6.579001204692358,23.684404336892488,38.09522275766972
11.75,6.6084169424353885,23.7903009927674,38.42490821134791
11.800000000000002,6.637064524011357,23.893432286440884,38.75604524800908
11.850000000000001,6.666281294101811,23.998612658766522,39.08862889346191
11.9,6.695987276452314,24.105554195228333,39.42268560772576
11.950000000000003,6.725380970758275,24.21137149472979,39.758219813906024
12.000000000000002,6.754524938288475,24.316289777838513,40.095217461632195
12.05,6.783048938982382,24.418976180336575,40.43365680856397
12.100000000000001,6.812199327342073,24.523917578431465,40.77353801522208
12.150000000000002,6.841758625964459,24.630331053472055,41.11488696405474
12.200000000000001,6.87065038901979,24.734341400471244,41.45769718942935
12.250000000000002,6.898914375962621,24.836091753465436,41.801936308553906
12.300000000000002,6.926910871133554,24.936879136080794,42.14758193973131
12.350000000000001,6.956150514953865,25.042141853833915,42.4946584743835
12.400000000000002,6.985513003075523,25.147846811071883,42.84320006233423
12.450000000000001,7.0141598091666495,25.250975312999937,43.193191882640285
12.500000000000002,7.041749130884682,25.350296871184856,43.54458960614157
12.55,7.069317587251248,25.449543314104496,43.89736627409497
12.600000000000001,7.0971064083539295,25.549583070074146,44.2515268739851
12.650000000000002,7.124829754496303,25.64938711618669,44.60707527805636
12.700000000000001,7.151642751319674,25.745913904750825,44.96398709070176
12.750000000000002,7.178720576375733,25.84339407495264,45.32224617389414
12.8,7.206309831057,25.9427153918052,45.681871934079965
12.850000000000001,7.233201519031157,26.039525468512167,46.042859717832165
12.900000000000002,7.259445657454924,26.134004366837726,46.40517589724432
12.950000000000001,7.2857701960868075,26.228772705912508,46.76880629358286
13.000000000000002,7.312940443488689,26.32658559655928,47.13377405957225
13.050000000000002,7.340297536293824,26.425071130657766,47.50010500906681
13.100000000000001,7.367508985581209,26.52303234809235,47.86780017211368
13.15,7.393952077781322,26.61822748001276,48.23683669869774
13.200000000000001,7.420376951631753,26.713357025874313,48.607194924433074
13.250000000000002,7.447826344431111,26.812174839952,48.97890000683464
13.3,7.474690142196443,26.908884511907196,49.35196291900033
13.350000000000001,7.5008370723689435,27.003013460528198,49.726351099364464
13.400000000000002,7.527617862778934,27.099424306004163,50.102062472743164
13.450000000000001,7.554805776332569,27.197300794797247,50.47912306372095
13.5,7.581555080372463,27.293598289340867,50.85753208513857
13.550000000000002,7.609085352078198,27.392707267481512,51.23729809594984
13.600000000000001,7.635765529554953,27.48875590639783,51.61841936799067
13.65,7.66256525620361,27.585234922332997,52.00087763763463
13.700000000000003,7.690157771482155,27.684567977335757,52.38469571332678
13.750000000000002,7.717650777716425,27.78354279977913,52.76989092705674
13.8,7.744156705605197,27.87896414017871,53.15643611413978
13.850000000000003,7.77095583709664,27.975441013547904,53.54431392770733
13.900000000000002,7.799039946024433,28.076543805687958,53.93356382228536
13.950000000000001,7.826829610789235,28.176586598841247,54.324210561205696
14.000000000000002,7.8537954874259785,28.273663754733523,54.716226188661075
14.050000000000002,7.880345526076285,28.369243893874625,55.109579713998635
14.100000000000001,7.907460137525378,28.466856495091363,55.504274855588676
14.15,7.935131930748168,28.566474950693404,55.90033965729552
14.200000000000003,7.963291678563006,28.66785004282682,56.2978002475283
14.250000000000002,7.990744771753766,28.766681178313558,56.69665115878622
14.3,8.018840639234252,28.86782630124331,57.09689079406092
14.350000000000001,8.047883855385724,28.972381879388607,57.49855890642642
14.400000000000002,8.07664386357237,29.075917908860532,57.90167209940037
14.450000000000001,8.104528914050153,29.17630409058055,58.306201418840935
14.500000000000002,8.132747211319215,29.277889960749174,58.712133321975166
14.550000000000002,8.162145531795568,29.383723914464046,59.11950564055304
14.600000000000001,8.191215242105729,29.488374871580625,59.52833965990057
14.650000000000002,8.219475838116097,29.59011301721795,59.93860693690611
14.700000000000001,8.24734023043544,29.690424829567586,60.350277338619904
14.750000000000002,8.275646718433743,29.792328186361473,60.763352012341635
14.8,8.304347309489927,29.89565031416374,61.17785186303973
14.850000000000001,8.332968583697737,29.998686901311853,61.59378476036942
14.900000000000002,8.360616331187797,30.09821879227607,62.01112438324156
14.950000000000001,8.388565838592143,30.198837018931716,62.42985393748606
15.000000000000002,8.4174560432011,30.302841755523957,62.85000448453089
15.05,8.446438086530504,30.407177111509817,63.271601837774185
15.100000000000001,8.474802428650841,30.50928874314303,63.69463285065372
15.150000000000002,8.502506995501681,30.609025183806054,64.11906558625753
15.200000000000001,8.530806492414458,30.710903372692048,64.54489842345544
15.250000000000002,8.559554552279875,30.814396388207552,64.97215744957279
15.300000000000002,8.587448028290556,30.914812901846002,65.40083251408706
15.350000000000001,8.614839253643872,31.01342131311794,65.83088969613542
15.4,8.642729626067773,31.113826653843983,66.2623289181282
15.450000000000003,8.671103141326668,31.215971308776005,66.69517473731307
15.500000000000002,8.699686910618837,31.318872878227815,67.12944448861171
15.55,8.727366024471781,31.41851768809841,67.56512081198898
15.600000000000003,8.755594104673188,31.520138776823476,68.0021948152176
15.650000000000002,8.784453371498348,31.624032137394053,68.4406960021219
15.700000000000001,8.81295744586239,31.726646805104604,68.88063127255592
15.75,8.840833145471818,31.826999323698544,69.32197603733927
15.800000000000002,8.868049675613742,31.924978832209472,69.76469810786641
15.850000000000001,8.896076422043562,32.025875119356826,70.20880126030784
15.9,8.924494846105633,32.12818144598028,70.65431554201157
15.950000000000003,8.952106041958059,32.227581751049016,71.10123056421317
16.000000000000004,8.97928158349023,32.32541370056483,71.54951525484938
16.05,9.006802999183122,32.42449079705924,71.99916736941621
16.1,9.034831067909963,32.52539184447587,72.45020822109355
16.150000000000002,9.062973899396367,32.62670603782692,72.9026533452762
16.200000000000003,9.090692156890704,32.72649176480653,73.35649499668338
16.250000000000004,9.117969833686276,32.82469140127059,73.81171154644781
16.3,9.14548192334863,32.92373492405507,74.26829784037368
16.35,9.1736723230589,33.02522036301204,74.72627669653386
16.400000000000002,9.201304577072694,33.1246964774617,75.18565111903715
16.450000000000003,9.228284430874913,33.22182395114969,75.64639084423584
16.5,9.255834620990289,33.32100463556504,76.10849382053247
16.55,9.283746806847994,33.42148850465278,76.57198335622843
16.6,9.311486922889724,33.52135292240301,77.03686419947188
16.650000000000002,9.339242116691072,33.62127162008786,77.5031324254614
16.700000000000003,9.36592648897121,33.71733536029636,77.97076164060296
16.750000000000004,9.392439585992117,33.81278250957162,78.43972079247705
16.8,9.419788208467573,33.911237550483264,78.91002648733854
16.85,9.446866673097452,34.00872002315083,79.38169285937767
16.900000000000002,9.473355528280914,34.10407990181129,79.85469841441213
16.950000000000003,9.500169965761113,34.20061187674001,80.32903655176318
17.0,9.527808885434325,34.300111987563575,80.80473602304306
17.050000000000004,9.555081233567432,34.39829244084275,81.28180827601811
17.1,9.581723273207711,34.49420378354776,81.7602283886875
17.150000000000002,9.608932481832417,34.5921569345967,82.2399947825635
17.200000000000003,9.636956635941672,34.69304388939002,82.72114201050785
17.250000000000004,9.664926310260565,34.79373471693803,83.2036890841629
17.3,9.692943835080065,34.89459780628824,83.68763583779642
17.35,9.720340324276744,34.99322516739628,84.17296794178034
17.400000000000002,9.748251568578375,35.09370564688215,84.65968273910173
17.450000000000003,9.777029318570744,35.19730554685468,85.14781476128046
17.5,9.805383587054884,35.299380913397584,85.6373750839211
17.550000000000004,9.832988753463539,35.39875951246874,86.12833439243406
17.6,9.860805985608886,35.49890154819199,86.62067926091086
17.650000000000002,9.889452096304458,35.60202754669605,87.1144357129587
17.700000000000003,9.918146405800346,35.705327060881245,87.60962567551131
17.750000000000004,9.946427139515482,35.80713770225574,88.1062400141442
17.8,9.974144995422847,35.90692198352225,88.60425431751766
17.85,10.002561212213894,36.00922036397002,89.10367197270858
17.900000000000002,10.031480604427509,36.11333017593903,89.60452301812462
17.950000000000003,10.060140308316159,36.216505109938176,90.10681354094322
18.0,10.088244424106641,36.31767992678391,90.61052315925379
18.05,10.116804090957288,36.42049472744624,91.11564937213039
18.1,10.146020016181748,36.525672058254294,91.62221997480887
18.150000000000002,10.174416042614384,36.62789775341178,92.13023087627877
18.200000000000003,10.202082323172096,36.72749636341955,92.63964333542343
18.250000000000004,10.230105402158642,36.82837944777111,93.1504480285567
18.3,10.258747571117782,36.93149125602402,93.6626693528886
18.35,10.2873887568288,37.03459952458368,94.17632276108726
18.400000000000002,10.315397168196538,37.13542980550754,94.6913924092129
18.450000000000003,10.342749129521076,37.23389686627588,95.20784606665583
18.500000000000004,10.370661981691276,37.3343831340886,95.72568134443614
18.55,10.398813811374358,37.43572972094769,96.24491823926279
18.6,10.426686795297828,37.53607246307218,96.7655557544296
18.650000000000002,10.453756370143036,37.633522932514936,97.28756683356562
18.7,10.481160315437355,37.73217713557448,97.81093975070513
18.75,10.50912975633145,37.832867122793225,98.33569700249934
18.800000000000004,10.536519751389053,37.93147110500059,98.86183824019236
18.85,10.563446139886397,38.02840610359103,99.38933738747424
18.900000000000002,10.58968696068728,38.122873058474205,99.91816571498859
18.950000000000003,10.61643771672576,38.21917578021274,100.44831883192391
19.0,10.643570187960215,38.31685267665677,100.97981902954106
19.05,10.669935300118818,38.411767080427744,101.51265666674304
19.100000000000005,10.695432817651103,38.50355814354397,102.04679086968729
19.150000000000002,10.721254178896203,38.59651504402633,102.58220804460097
19.200000000000003,10.747303548906105,38.69029277606198,103.11892198779603
19.250000000000004,10.773555781480654,38.78480081333036,103.6569434710557
19.3,10.800082063327952,38.88029542798063,104.19628441717592
19.35,10.826075196842103,38.97387070863157,104.73693834868017
19.400000000000002,10.852575461328119,39.069271660781226,105.27890461513442
19.45,10.87960019700475,39.1665607092171,105.82220900659274
19.500000000000004,10.906307096552524,39.262705547589086,106.36685668893168
19.550000000000004,10.932345779647543,39.356444806731155,106.91282301083668
19.6,10.958722131425848,39.451399673133054,107.46009970861351
19.650000000000002,10.985786324828226,39.54883076938162,108.00871242001986
19.700000000000003,11.012551115628039,39.64518401626094,108.55867085603127
19.75,11.038509896918711,39.73863562890736,109.10994738134494
19.800000000000004,11.064869285607587,39.83352942818731,109.66253186090809
19.850000000000005,11.09174265626096,39.930273562539455,110.2164471594548
19.900000000000002,11.11850597960191,40.02662152656688,110.77170337535138
19.950000000000003,11.144874385179193,40.121547786645095,111.32828788447091
20.0,11.170663011320206,40.214386840752745,111.8861763193834
20.05,11.196743926880108,40.30827813676839,112.4453614928384
20.1,11.223396231509168,40.40422643343301,113.00586499679814
20.15,11.249723171235763,40.499003416448744,113.56769298186676
20.200000000000003,11.275271543187351,40.59097755547447,114.13081784972734
20.250000000000004,11.301167044750002,40.68420136110001,114.69522881442577
20.3,11.327649899952924,40.779539639830524,115.26094923804335
20.35,11.35414168878687,40.874910079632734,115.82799402776185
20.400000000000002,11.380166739784675,40.96860026322483,116.39635173847614
20.45,11.405659322004437,41.060373559215975,116.96599739002087
20.500000000000004,11.431642832764826,41.15391419795338,117.5369299438901
20.550000000000004,11.458052475773574,41.24898891278487,118.10917232660356
20.6,11.484044596132836,41.34256054607821,118.68272475340122
20.650000000000002,11.509472087491412,41.434099514969084,119.25756267049182
20.700000000000003,11.535349898001124,41.527259632804046,119.83368322012913
20.75,11.561872624492139,41.6227414481717,120.41111378319147
20.8,11.587999958513018,41.716799850646865,120.9898605977666
20.850000000000005,11.613373761026352,41.80814553969487,121.56989494075508
20.900000000000002,11.639151973912016,41.90094710608326,122.15120808412854
20.950000000000003,11.665339092371605,41.99522073253778,122.73382036078563
21.000000000000004,11.691474915223806,42.0893096948057,123.31774071097551
21.05,11.71715784029044,42.18176822504559,123.90295652986337
21.1,11.742207763608365,42.27194794899011,124.48944066996084
21.150000000000006,11.767687881171739,42.36367637221826,125.07718806108035
21.200000000000003,11.793683544721826,42.45726076099858,125.6662223467277
21.250000000000004,11.819104042840571,42.54877455422606,126.25654203641675
21.300000000000004,11.843887273505388,42.637994184619394,126.8481168193254
21.35,11.869228054646106,42.729220996725985,127.44094470252918
21.400000000000002,11.895291417852011,42.82304910426724,128.03505768934164
21.450000000000003,11.921429025162062,42.917144490583425,128.63047570041698
21.5,11.94703062924717,43.00931026528981,129.2271871917772
21.550000000000004,11.972005980183557,43.099221528660806,129.82516310701297
21.600000000000005,11.997513434490596,43.19104836416615,130.4244010923798
21.650000000000002,12.023757749757094,43.28552789912554,131.024932871986
21.700000000000003,12.049662611692368,43.378785402092525,131.62676838102226
21.75,12.075060851260794,43.47021906453886,132.2298864675961
21.8,12.101008625849673,43.56363105305882,132.83428820452386
21.850000000000005,12.127572175196015,43.65925983070566,133.44000272455
21.900000000000002,12.154282194171019,43.75541589901567,134.04704908378417
21.950000000000003,12.180706168220789,43.85054220559484,134.65542379284398
22.000000000000004,12.206651629851198,43.943945867464315,135.26510773779577
22.05,12.233566632679933,44.04083987764776,135.87611319435905
22.1,12.261329062840268,44.14078462622496,136.48848558674706
22.150000000000002,12.288735117891823,44.239446424410566,137.10223719126537
22.2,12.315547718450613,44.335971786422206,137.71734426217392
22.250000000000004,12.343175105202434,44.43543037872876,138.33381233276526
22.300000000000004,12.371859471967563,44.53869409908322,138.9516881971945
22.35,12.400320117406203,44.64115242266233,139.57099268692883
22.400000000000002,12.428612180588045,44.74300385011696,140.19171599437868
22.450000000000003,12.458016199126053,44.84885831685379,140.81388170387154
22.5,12.488408757449045,44.95827152681657,141.43754232778593
22.550000000000004,12.519033322665253,45.06851996159491,142.06272837978878
22.600000000000005,12.54960339636917,45.17857222692901,142.68944429776465
22.650000000000002,12.579823931510457,45.287366153437645,143.31767998096166
22.700000000000003,12.611182265060933,45.400256154219356,143.94745513587594
22.750000000000004,12.64361624715985,45.51701848977546,144.57882509868145
22.8,12.675892137622064,45.633211695439435,145.211812808301
22.85,12.708163107661766,45.74938718758236,145.8464141894331
22.900000000000006,12.741684863092928,45.87006550713454,146.48266038870196
22.950000000000003,12.776385754856523,45.99498871748349,147.1206121541507
23.000000000000004,12.811507543411198,46.12142715628031,147.7603094866074
23.050000000000004,12.846656003664272,46.24796161319138,148.4017635752843
23.1,12.881544753035588,46.373561110928115,149.04496859420178
23.150000000000002,12.917698313752407,46.50371392950866,149.68994967087147
23.2,12.954282444069872,46.63541679865154,150.33674918981703
23.250000000000004,12.990184863395793,46.76466550822486,150.98536087250366
23.300000000000004,13.026000230920495,46.89360083131378,151.63576549986158
23.35,13.063220466256645,47.02759367852392,152.287996017291
23.400000000000002,13.101929445703052,47.166946004530985,152.94212476508997
23.450000000000003,13.14058799012179,47.30611676443845,153.5981877009856
23.5,13.179487634166197,47.44615548299831,154.2561895915928
23.55,13.220024232877833,47.5920872383602,154.9161773882689
23.600000000000005,13.261836710654165,47.742612158354994,155.57822391185718
23.650000000000002,13.303936616226608,47.89417181841579,156.2423682450292
23.700000000000003,13.346157194565423,48.046165900435525,156.90862059029902
23.750000000000004,13.38877559111682,48.199592128020555,157.57699390994108
23.8,13.433268071521798,48.35976505747848,158.24754500150704
23.85,13.479232201345196,48.525235924842704,158.92035750832872
23.900000000000006,13.525188537986269,48.69067873675057,159.595468026812
23.950000000000003,13.570616812407755,48.854220524667916,160.27286316057186
24.000000000000004,13.617055814516164,49.02140093225819,160.95255497624495
24.050000000000004,13.664896566656195,49.1936276399623,161.63460378577426
24.1,13.713107129580687,49.36718566649047,162.31905387818017
24.150000000000002,13.761027463484703,49.53969886854493,163.00590724300682
24.200000000000003,13.80875460110738,49.711516563986564,163.6951517946216
24.25,13.857929184898342,49.888545065634034,164.38681888927175
24.300000000000004,13.90833083599181,50.069991009570515,165.080975389794
24.350000000000005,13.958519944994713,50.250671801980964,165.77764665931866
24.400000000000002,14.008343293488313,50.43003585655793,166.47681824028075
24.450000000000003,14.05924064432792,50.61326631958051,167.17850783872615
24.500000000000004,14.11113398243295,50.80008233675862,167.88276720439518
24.55,14.16328521052887,50.98782675790393,168.58962768421924
24.600000000000005,14.214747692954813,51.17309169463733,169.29907850680632
24.650000000000006,14.265536837331835,51.355932614394604,170.01108562006348
24.700000000000003,14.317579658551859,51.54328677078669,170.72566353246057
24.750000000000004,14.370769507711607,51.734770227761786,171.44287226161717
24.800000000000004,14.423362967904401,51.92410668445584,172.16272557350757
24.85,14.475269286810889,52.1109694325192,172.88519137987547
24.900000000000002,14.528129657874764,52.30126676834915,173.6102763534926
24.95,14.581614295695518,52.493811464503864,174.33801995233185
25.000000000000004,14.634325753900438,52.683572714041574,175.06841845357175
25.050000000000004,14.686187427525407,52.87027473909147,175.8014312831074
25.1,14.738624402112563,53.05904784760523,176.53705157884835
25.150000000000002,14.791318210006173,53.24874555602222,177.27530014415132
25.200000000000003,14.843600466274504,53.43696167858821,178.01617311105832
25.25,14.89480124730832,53.621284490309954,178.75963315389788
25.300000000000004,14.945177795857905,53.80264006508846,179.50563262997704
25.350000000000005,14.996330947967264,53.98679141268215,180.25417034857267
25.400000000000002,15.047703257200546,54.171731725921966,181.00527120370188
25.450000000000003,15.097602931739713,54.35137055426297,181.75890385842538
25.500000000000004,15.146079060364666,54.5258846173128,182.514995908228
25.55,15.194873981057675,54.701546331807634,183.27351973426357
25.6,15.243812169391715,54.87772380981018,184.03448688802482
25.650000000000006,15.292540688775173,55.05314647959062,184.79789570947898
25.700000000000003,15.340104291160394,55.22437544817742,185.56371183397738
25.750000000000004,15.38717383480626,55.39382580530254,186.33189378712655
25.800000000000004,15.435687005615765,55.56847322021676,187.10246530813708
25.85,15.484968202257141,55.74588552812571,187.8754816883339
25.900000000000002,15.533274120861131,55.919786835100076,188.65093774641187
25.950000000000006,15.580573726763774,56.09006541634959,189.42878394260248
26.000000000000004,15.628699776983717,56.263319197141385,190.20901578019615
26.050000000000004,15.677176519077442,56.43783546867879,190.99166268759768
26.100000000000005,15.724447565797567,56.60801123687124,191.77670328971956
26.150000000000002,15.770730628732345,56.77463026343644,192.5640827445828
26.200000000000003,15.817033025120798,56.94131889043487,193.35377683592912
26.250000000000004,15.864218340055702,57.11118602420053,194.14580812005855
26.3,15.911843421617203,57.28263631782193,194.94020966410037
26.350000000000005,15.958177246272994,57.44943808658278,195.7369601807976
26.400000000000002,16.003188705035754,57.61147933812872,196.53599432958032
26.450000000000003,16.04864816422526,57.775133391210936,197.33729025131186
26.500000000000004,16.09496062512581,57.941858250452924,198.14088047104562
26.55,16.14043485470693,58.105565476944946,198.94676535804143
26.6,16.184410661348853,58.26387838085587,199.75488649594283
26.650000000000006,16.22886676505808,58.42392035420909,200.565218431603
26.700000000000003,16.27423852362172,58.58725868503819,201.37779606382
26.750000000000004,16.319742820966006,58.751074155477625,202.1926455974347
26.800000000000004,16.364314868181594,58.91153352545374,203.00974703966338
26.85,16.40781731872257,59.068142347401256,203.829050344336
26.900000000000002,16.451887280971853,59.22679421149867,204.65054295932836
26.950000000000003,16.496559499425693,59.3876141979325,205.4742541288383
27.0,16.54008409972481,59.54430275900933,206.30017021881707
27.050000000000004,16.582283866506312,59.696221919422726,207.12822941797285
27.100000000000005,16.624951329787706,59.84982478723574,207.9584102978802
27.150000000000002,16.66842926837997,60.00634536616789,208.7907448128344
27.200000000000003,16.712240716841624,60.16406658062985,209.62526156246494
27.250000000000004,16.755227040685163,60.31881734646659,210.4619482564031
27.3,16.79739882956514,60.47063578643451,211.30076390315935
27.350000000000005,16.840299900068263,60.62507964024575,212.14170637140018
27.400000000000006,16.883904794697962,60.782057260912666,212.98481148876934
27.450000000000003,16.926837052060048,60.93661338741617,213.83008003493828
27.500000000000004,16.96899013198006,61.088364475128216,214.67747571453927
27.550000000000004,17.011375282155075,61.24095101575827,215.52698484989264
27.6,17.053847115809273,61.393849616913386,216.37861540984176
27.650000000000002,17.095296652929026,61.5430679505445,217.23234400406022
27.700000000000006,17.135905222894344,61.68925880241964,218.0881240509558
27.750000000000004,17.17687151149165,61.83673744136995,218.94594346931544
27.800000000000004,17.218090932116944,61.985127355620996,219.80581753040565
27.850000000000005,17.259259346444743,62.13333364720108,220.6677512873697
27.900000000000002,17.299297824356568,62.27747216768365,221.53171521663972
27.950000000000003,17.338293825640157,62.417857772304565,222.39765500788965
28.000000000000004,17.377331991591518,62.558395169729465,223.26554565332046
28.050000000000004,17.416331385011443,62.6987929860412,224.13538723773553
28.100000000000005,17.454434056203997,62.83596260233439,225.00715637376592
28.150000000000002,17.491652253571804,62.969948112858496,225.88080853151033
28.200000000000003,17.528245466800648,63.10168368048233,226.75630597451965
28.250000000000004,17.564019914019603,63.23047169047057,227.63361260904014
28.3,17.598925268993174,63.356130968375425,228.51268623861546
28.35,17.632120040438267,63.47563214557776,229.39346237135123
28.400000000000006,17.663807512718915,63.589707045788096,230.27586056018015
28.450000000000003,17.694830589325587,63.70139012157212,231.15982651273126
28.500000000000004,17.72540804898566,63.81146897634838,232.04533247868903
28.550000000000004,17.7544406008424,63.91598616303264,232.93232869493474
28.6,17.781792734574346,64.01445384446765,233.82073452832014
28.650000000000002,17.80791889500831,64.10850802202992,234.71047731905972
28.700000000000003,17.832793440391647,64.19805638540993,235.6014951274447
28.750000000000004,17.856785092256427,64.28442633212313,236.4937345907609
28.800000000000004,17.878896484584867,64.36402734450553,237.38712663018194
28.850000000000005,17.89914159872431,64.43690975540751,238.28157758226467
28.900000000000002,17.918004225320608,64.5048152111542,239.1770062278658
28.950000000000003,17.935636221084454,64.56829039590404,240.07334723902594
29.000000000000004,17.951152540414377,64.62414914549176,240.9705169580634
29.05,17.964551742210027,64.6723862719561,241.868409565129
29.100000000000005,17.976623394992192,64.71584422197189,242.76693894355907
29.150000000000006,17.987955693085254,64.75664049510692,243.66605342076102
29.200000000000003,17.997767215913367,64.79196197728812,244.56569649348597
29.250000000000004,18.005637782483486,64.82029601694055,245.4657816184459
29.300000000000004,18.012139943919866,64.84370379811152,246.366226061606
29.35,18.017508959729398,64.86303225502583,247.26696728419722
29.400000000000002,18.021997432045495,64.87919075536378,248.1679549439916
29.450000000000006,18.025104401587253,64.89037584571412,249.0691324898324
29.500000000000004,18.026726977311952,64.89621711832304,249.97042827430488
29.550000000000004,18.02752467686008,64.89908883669628,250.87178456565917
29.6,18.02809970745755,64.90115894684718,251.7731751752671
29.650000000000002,18.027586045913583,64.8993097652889,252.67456731910139
29.700000000000003,18.026106778571542,64.89398440285755,253.5759096397135
29.75,18.02416164791267,64.88698193248561,254.4771663503756
29.800000000000004,18.021906833505195,64.8788646006187,255.37831806241104
29.850000000000005,18.019242657255607,64.86927356612019,256.27934679968007
29.900000000000002,18.015736887266925,64.85665279416094,257.1802212882931
29.950000000000003,18.011416928903625,64.84110094405305,258.0809001336974
30.000000000000004,18.006617840280228,64.82382422500882,258.981351002927
30.05,18.001772729713885,64.80638182696998,259.88156076717684
30.1,17.996357599960096,64.78688735985635,260.7815140254187
30.150000000000006,17.990529077731185,64.76590467983227,261.681186192361
30.200000000000003,17.984694982136613,64.74490193569181,262.5805667938577
30.250000000000004,17.979098069332462,64.72475304959687,263.47966162014444
30.300000000000004,17.973250746839273,64.70370268862139,264.37847034054874
30.35,17.967204432552666,64.6819359571896,265.2769817200335
30.400000000000002,17.96125351544752,64.66051265561107,266.17519316873353
30.450000000000006,17.955435573115444,64.6395680632156,267.0731103959476
30.500000000000004,17.949931415369836,64.6197530953314,267.97074457065975
30.550000000000004,17.94457071554068,64.60045457594646,268.86810712393253
30.600000000000005,17.93958225350567,64.58249611262042,269.7652109481587
30.650000000000002,17.93461206855671,64.56460344680416,270.66206580621025
30.700000000000003,17.929414169095065,64.54589100874223,271.55866646215156
30.750000000000004,17.924138211213382,64.52689756036818,272.4550052716593
30.8,17.919000459823707,64.50840165536535,273.3510837384352
30.850000000000005,17.91448636298937,64.49215090676172,274.2469209090055
30.900000000000006,17.91070212329325,64.47852764385571,275.14255062116257
30.950000000000003,17.907413903637078,64.46669005309349,276.03800352183583
31.000000000000004,17.904373016885195,64.4557428607867,276.9332981948489
31.050000000000004,17.901426706652977,64.44513614395072,277.82844318793735
31.1,17.8985319751286,64.43471511046296,278.7234421549819
31.150000000000006,17.89558702989924,64.42411330763727,279.6182951301076
31.200000000000006,17.89275978931697,64.4139352415411,280.51300380058797
31.250000000000004,17.890216540294674,64.40477954506083,281.4075782088283
31.300000000000004,17.887897425464235,64.39643073167124,282.3020310579723
31.35,17.88590989493865,64.38927562177913,283.1963762409823
31.400000000000002,17.883980476734358,64.38232971624369,284.09062350027415
31.450000000000003,17.882339293175107,64.37642145543039,284.9847814945219
31.5,17.88116053885085,64.37217793986306,285.87886899032253
31.550000000000004,17.880470606984968,64.36969418514589,286.7729097689684
31.600000000000005,17.88007551383589,64.3682718498092,287.66692342198894
31.650000000000002,17.879917585799294,64.36770330887747,288.5609232494798
31.700000000000003,17.879718933054775,64.36698815899719,289.45491416245113
31.750000000000004,17.87948450422082,64.36614421519495,290.34889424838303
31.8,17.879398908283257,64.36583606981972,291.24286633369564
31.850000000000005,17.8797797644202,64.36720715191272,292.13684580051324
31.900000000000006,17.88037382686926,64.36934577672933,293.03084964029546
31.950000000000003,17.881224448775157,64.37240801559057,293.92488959718656
32.00000000000001,17.882165707175062,64.37579654583023,294.81897435108533
32.050000000000004,17.88317118660562,64.37941627178023,295.71310777342984
32.1,17.88432477857247,64.3835692028609,296.6072951725593
32.150000000000006,17.885526131256274,64.38789407252258,297.501541445305
32.2,17.886843682604344,64.39263725737564,298.3958506906515
32.25,17.88761545508173,64.39541563829422,299.29021216909365
32.300000000000004,17.88840606628399,64.39826183862237,300.18461270712777
32.35000000000001,17.889407080292994,64.40186548905479,301.0790580357922
32.400000000000006,17.890565254203718,64.40603491513339,301.9735573441546
32.45,17.89146598811892,64.40927755722811,302.86810812521264
32.50000000000001,17.89191469040412,64.41089288545484,303.7626926421757
32.550000000000004,17.89275398772217,64.41391435579982,304.6573093591289
32.6,17.89347876337223,64.41652354814003,305.55196517790625
32.650000000000006,17.894156926547534,64.41896493557113,306.44665607015423
32.7,17.89484250558575,64.42143302010871,307.3413810559576
32.75000000000001,17.895575115286483,64.42407041503134,308.2361414964794
32.800000000000004,17.896249467504074,64.42649808301466,309.13093711104915
32.85,17.89702790424692,64.42930045528891,310.02576904534294
32.900000000000006,17.898117269163752,64.4332221689895,310.9206476746782
32.95,17.899122604192804,64.4368413750941,311.8155786715121
33.0,17.90010605507631,64.44038179827471,312.71055938799384
33.050000000000004,17.901039747952776,64.44374309263,313.6055880330696
33.1,17.901869533336818,64.44673032001255,314.5006607651018
33.150000000000006,17.902763321596893,64.44994795774882,315.39577658647517
33.2,17.903588932073152,64.45292015546335,316.2909353928169
33.25,17.90424238561098,64.45527258819953,317.186131175759
33.300000000000004,17.904921240190045,64.45771646468417,318.08136026640403
33.35,17.90567517702291,64.46043063728249,318.9766251768344
33.400000000000006,17.90653313254812,64.46351927717323,319.87193038457366
33.45,17.907376543122943,64.46655555524259,320.76727812646544
33.50000000000001,17.908005381939244,64.46881937498128,321.662662674592
33.550000000000004,17.908725253514138,64.4714109126509,322.55808094047836
33.6,17.909335991136693,64.4736095680921,323.45353247159466
33.650000000000006,17.909527913339335,64.47430048802161,324.34900406920656
33.7,17.909799518431363,64.47527826635292,325.2444872550008
33.75000000000001,17.910261796675236,64.47694246803086,326.1399887878785
33.800000000000004,17.911062005413275,64.47982321948778,327.0355218829307
33.85,17.9117942265162,64.48245921545832,327.93109328872896
33.900000000000006,17.912279771776504,64.48420717839542,328.82669513868626
33.95,17.912655415076316,64.48555949427474,329.72231851835755
34.0,17.913005348256124,64.48681925372205,330.61796003744087
34.050000000000004,17.91331883016335,64.48794778858807,331.51361814190136
34.10000000000001,17.913430145661835,64.4883485243826,332.409286866297
34.150000000000006,17.91327809797874,64.48780115272346,333.304954572388
34.2,17.91299141937233,64.48676910974038,334.2006113103218
34.25000000000001,17.9128167207394,64.48614019466184,335.0962565138246
34.300000000000004,17.912497120871986,64.48498963513916,335.99188935986484
34.35,17.912125159778746,64.48365057520348,336.8875049168811
34.400000000000006,17.911579999319052,64.48168799754859,337.78309754585854
34.45,17.910955592596007,64.47944013334563,338.6786609356564
34.50000000000001,17.910413424713255,64.47748832896772,339.57419516108916
34.550000000000004,17.909842211853206,64.47543196267155,340.4697015520033
34.6,17.90913304195649,64.47287895104337,341.36517593334855
34.650000000000006,17.908367834583377,64.47012420450015,342.26061345526205
34.7,17.90739176927585,64.46661036939307,343.1560074453585
34.75000000000001,17.9063690518291,64.46292858658475,344.0513514658861
34.800000000000004,17.905855397888548,64.46107943239878,344.94665707712903
34.85,17.905267258942352,64.45896213219247,345.8419351435498
34.900000000000006,17.904311627302476,64.45552185828892,346.7371746157059
34.95,17.90322718914433,64.4516178809196,347.63236308611704
35.0,17.902394309297605,64.44861951347139,348.52750362357807
35.050000000000004,17.902044805203786,64.44736129873364,349.4226146014406
35.10000000000001,17.901078036717013,64.44388093218124,350.31769267248865
35.150000000000006,17.900298388623636,64.44107419904509,351.21272708312216
35.2,17.8995090511199,64.43823258403164,352.10772226911575
35.25000000000001,17.898584864411514,64.43490551188145,353.00267461700406
35.300000000000004,17.897681021270323,64.43165167657317,353.8975812641461
35.35,17.89708884332737,64.42951983597854,354.792450510761
35.400000000000006,17.896976043642518,64.42911375711307,355.68730213293526
35.45,17.896725540938384,64.42821194737819,356.58214467254976
35.50000000000001,17.896480161794628,64.42732858246066,357.47697481511807
35.550000000000004,17.895894419254375,64.42521990931576,358.3717841796443
35.6,17.895426425587722,64.4235351321158,359.26656720076534
35.650000000000006,17.895163869825332,64.42258993137119,360.16133195815064
35.7,17.894707862053444,64.42094830339241,361.0560787514476
35.75,17.893992346917845,64.41837244890424,361.9507962566719
35.800000000000004,17.89363076175986,64.4170707423355,362.8454868343888
35.85000000000001,17.893644719093096,64.41712098873515,363.7401687214101
35.900000000000006,17.89364793166214,64.4171325539837,364.63485103767897
35.95,17.893549914217562,64.41677969118322,365.52953098382596
36.0,17.893220196740884,64.41559270826718,366.4242002365999
36.050000000000004,17.892822261499088,64.41416014139672,367.3188512980559
36.1,17.89270425309563,64.41373531114426,368.21348946092075
36.150000000000006,17.892645243508145,64.41352287662933,369.1081231983359
36.2,17.892924212633154,64.41452716547936,370.0027624347394
36.25000000000001,17.89317199249145,64.41541917296922,370.8974148398675
36.300000000000004,17.89338778700563,64.41619603322027,371.7920788343549
36.35,17.893149802498577,64.41533928899489,372.6867422740925
36.400000000000006,17.89284238710176,64.41423259356634,373.58139207883255
36.45,17.892492214351055,64.4129719716638,374.4760254438689
36.50000000000001,17.892206835928402,64.41194460934224,375.3706429201259
36.550000000000004,17.891774653010078,64.41038875083628,376.26524245734936
36.6,17.89117215622083,64.40821976239499,377.15981612758014
36.650000000000006,17.890825599843808,64.40697215943771,378.05436607148175
36.7,17.890722663940934,64.40660159018736,378.9489047780764
36.75,17.890402016513193,64.4054472594475,379.84343289508774
36.800000000000004,17.89011955057819,64.40443038208149,380.73794593426504
36.85000000000001,17.890050080467475,64.40418028968291,381.6324501750412
36.900000000000006,17.89018499341407,64.40466597629066,382.52695605188825
36.95,17.89018986251354,64.40468350504875,383.42146542328646
37.00000000000001,17.8901819286047,64.40465494297692,384.3159747180644
37.050000000000004,17.890095710897974,64.40434455923271,385.210481659052
37.1,17.88998833219371,64.40395799589736,386.1049837601293
37.150000000000006,17.889901851155415,64.4036466641595,386.999481014713
37.2,17.889836896965594,64.40341282907615,387.89397448341606
37.25000000000001,17.889989675526838,64.40396283189662,388.7884701477284
37.300000000000004,17.89021070562502,64.40475854025007,389.6829751572572
37.35000000000001,17.890273573564823,64.40498486483337,390.57748726423694
37.4,17.889883131550683,64.40357927358247,391.47199118186484
37.45,17.889645642786217,64.40272431403038,392.3664794012233
37.5,17.88947057950623,64.40209408622243,393.2609573067806
37.550000000000004,17.889424770142057,64.4019291725114,394.1554296905218
37.60000000000001,17.889426738665886,64.40193625919719,395.049900978242
37.650000000000006,17.88966153335076,64.40278152006275,395.9443781850424
37.7,17.88970877310716,64.40295158318578,396.8388624427039
37.75,17.88978671994709,64.40323219180952,397.73334983003025
37.800000000000004,17.89000523027395,64.40401882898622,398.6278446287858
37.85000000000001,17.890396923113023,64.40542892320688,399.52235468262046
37.900000000000006,17.89086959300587,64.40713053482114,400.41688634552344
37.95000000000001,17.89098094728176,64.40753141021435,401.31143260903065
38.0,17.89122633960477,64.40841482257717,402.2059877912028
38.050000000000004,17.890855400156898,64.40707944056483,403.10053983469686
38.1,17.890859261677306,64.40709334203831,403.9950827012427
38.150000000000006,17.890968374720263,64.40748614899294,404.88962839215264
38.20000000000001,17.891296480273223,64.4086673289836,405.78418501352746
38.25000000000001,17.891845986907597,64.41064555286735,406.678763575207
38.300000000000004,17.892647541069707,64.41353114785095,407.5733759134064
38.35,17.893247658433975,64.41569157036231,408.46802329339397
38.400000000000006,17.893596302454974,64.41694668883791,409.3626943924162
38.45,17.89389569979851,64.41802451927464,410.2573816924725
38.50000000000001,17.894186559902334,64.4190716156484,411.152083748965
38.55,17.894900092511154,64.42164033304016,412.0468109152754
38.6,17.895847594581014,64.42505134049165,412.9415796074527
38.650000000000006,17.89647904935183,64.42732457766658,413.836387773551
38.7,17.89661487559515,64.42781355214255,414.73121512167467
38.75000000000001,17.89674793343551,64.42829256036784,415.62604919190045
38.800000000000004,17.89700444004862,64.42921598417503,416.52089300123754
38.85,17.897054287332406,64.42939543439667,417.41574446942207
38.9,17.897282454501664,64.43021683620599,418.31060288796795
38.95,17.89780294847325,64.4320906145037,419.2054800230423
39.00000000000001,17.898653618660823,64.43515302717897,420.10039143722065
39.050000000000004,17.89964125173872,64.4387085062594,420.9953488089806
39.10000000000001,17.900390805140173,64.44140689850462,421.8903496104026
39.15,17.90125334197564,64.44451203111231,422.7853907140805
39.2,17.90209357837865,64.44753688216315,423.68047438708936
39.25000000000001,17.90277195362584,64.44997903305303,424.5755960253895
39.300000000000004,17.903603146781943,64.452971328415,425.47075540289967
39.35000000000001,17.90433471405464,64.45560497059671,426.3659538494206
39.400000000000006,17.90546147230701,64.45966130030524,427.2611987540796
39.45,17.905984118551597,64.46154282678575,428.1564848938511
39.5,17.90654310024342,64.46355516087633,429.05179807432097
39.550000000000004,17.907124622318772,64.46564864034758,429.947139767385
39.60000000000001,17.90809486100359,64.46914149961293,430.84252025446807
39.650000000000006,17.909037428838072,64.47253474381706,431.7379485617141
39.70000000000001,17.90991215457945,64.47568375648603,432.63342230129956
39.75,17.910484838826786,64.47774541977643,433.5289322261347
39.800000000000004,17.911054752833675,64.47979711020123,434.42447071592625
39.85,17.911737857340874,64.48225628642714,435.3200405311806
39.900000000000006,17.912388469419614,64.48459848991061,436.21564368934963
39.95000000000001,17.91303011346188,64.48690840846277,437.11127915392166
40.0,17.913432593074006,64.48835733506642,438.00694072158507
40.050000000000004,17.913817846391858,64.48974424701069,438.9026219825717
40.1,17.91448230327331,64.49213629178392,439.7983294863133
40.150000000000006,17.915075939234217,64.49427338124319,440.694068442376
40.2,17.915666395764298,64.49639902475147,441.589837000751
40.25000000000001,17.91624678195299,64.49848841503076,442.48563483019393
40.3,17.91687064408152,64.50073431869347,443.3814627658448
40.35,17.91772773788651,64.50381985639143,444.277327725394
40.400000000000006,17.918553256614903,64.50679172381365,445.17323475025654
40.45,17.919144545655428,64.50892036435954,446.0691771953133
40.50000000000001,17.919764952666014,64.51115382959766,446.9651499327713
40.55000000000001,17.91992189396958,64.51171881829049,447.8611421039372
40.6,17.92062710324806,64.51425757169301,448.75715582886767
40.650000000000006,17.921704580480885,64.51813648973119,449.6532141209609
40.7,17.922864729631783,64.52231302667442,450.54932835371375
40.75000000000001,17.92373335078232,64.52544006281636,451.4454933057241
40.800000000000004,17.924408736684015,64.52787145206246,452.34169685791073
40.85000000000001,17.924971974576792,64.52989910847646,453.23793137569226
40.9,17.925776432609354,64.53279515739368,454.1342000858719
40.95,17.926614452237065,64.53581202805343,455.0305098579931
41.00000000000001,17.927564054369814,64.53923059573133,455.92686432065824
41.050000000000004,17.928607279427418,64.5429862059387,456.82326860400315
41.10000000000001,17.929449617540723,64.54601862314661,457.71972002642735
41.150000000000006,17.92993948306074,64.54778213901866,458.6162047539424
41.2,17.930500816741898,64.54980294027084,459.51271576143745
41.25,17.931478134585117,64.55332128450642,460.40926523522063
41.300000000000004,17.93230559661935,64.55630014782966,461.30585982850073
41.35000000000001,17.93314451674471,64.55932026028097,462.20249608133486
41.400000000000006,17.934648131231476,64.56473327243332,463.09919089753424
41.45000000000001,17.93615671492932,64.57016417374555,463.99596101868826
41.5,17.937358688938758,64.57449128017953,464.892798903785
41.550000000000004,17.938392481961568,64.57821293506164,465.78969268305747
41.6,17.939104364756318,64.58077571312275,466.6866301042254
41.650000000000006,17.94018473831954,64.58466505795035,467.58361233180227
41.70000000000001,17.941242876142685,64.58847435411367,468.48064802216385
41.75,17.941887082978926,64.59079349872414,469.3777262711419
41.800000000000004,17.94235320658596,64.59247154370945,470.27483227838104
41.85,17.942840402990925,64.59422545076733,471.17196211862046
41.900000000000006,17.943384559039657,64.59618441254277,472.0691177426712
41.95000000000001,17.9435356238548,64.59672824587729,472.9662907472436
42.00000000000001,17.944035370137755,64.59852733249592,473.8634800220934
42.050000000000004,17.94440126142577,64.59984454113278,474.7606909378825
42.1,17.94460915307838,64.60059295108216,475.6579161982451
42.150000000000006,17.94440587251606,64.59986114105781,476.55514157388495
42.2,17.944341048471337,64.59962777449681,477.4523602469096
42.25000000000001,17.94468551314922,64.6008678473372,478.3495859109501
42.30000000000001,17.94532797956405,64.60318072643058,479.2468362482679
42.35,17.945794548604404,64.60486037497586,480.14411431147215
42.400000000000006,17.945843109580665,64.6050351944904,481.0414052529268
42.45,17.94545121436406,64.60362437171061,481.9386876110254
42.50000000000001,17.94512500700335,64.60245002521206,482.8359520165596
42.550000000000004,17.945078575870014,64.60228287313205,483.73320710613143
42.60000000000001,17.945071723420064,64.60225820431224,484.6304608636137
42.65,17.944963871403285,64.60186993705183,485.52771175348425
42.7,17.944863890567188,64.60151000604188,486.42495744753353
42.75000000000001,17.94454149669866,64.60034938811518,487.32219258221517
42.800000000000004,17.94414144916516,64.59890921699457,488.21940965586174
42.85000000000001,17.943821445809924,64.59775720491572,489.1166087282361
42.900000000000006,17.94372493339774,64.59740976023187,490.0137973877163
42.95,17.9439584590095,64.5982504524342,490.91098947252647
43.0,17.94417968198094,64.59904685513139,491.8081929260512
43.050000000000004,17.943877884429757,64.59796038394713,492.7053943652115
43.10000000000001,17.943341101538095,64.59602796553715,493.60257483986067
43.150000000000006,17.94335427698695,64.59607539715302,494.49974222432377
43.20000000000001,17.943270962453685,64.59577546483327,495.3969078553098
43.25,17.943044707479636,64.59496094692669,496.29406574705814
43.300000000000004,17.942780779427785,64.59401080594003,497.1912113842308
43.35000000000001,17.94226169272136,64.5921420937969,498.08833744603453
43.400000000000006,17.941575271351617,64.58967097686582,498.9854333701364
43.45000000000001,17.940770861790828,64.58677510244698,499.8824920234649
43.5,17.939964919825346,64.58387371137125,500.7795104180053
43.550000000000004,17.939181687039174,64.58105407334102,501.67648908317693
43.6,17.939158275241073,64.58096979086787,502.57344758223394
43.650000000000006,17.93861847062605,64.57902649425378,503.4703920008806
43.70000000000001,17.938299310235955,64.57787751684944,504.3673149454022
43.75000000000001,17.937377027232294,64.57455729803627,505.2642068538389
43.800000000000004,17.936440352043498,64.5711852673566,506.16105228832083
43.85,17.93626795078204,64.57056462281534,507.05786999589145
43.900000000000006,17.93614545535066,64.57012363926238,507.95468033104476
43.95,17.93558804756549,64.56811697123577,508.85147366861764
44.00000000000001,17.934576047510635,64.5644737710383,509.74822777099456
44.05000000000001,17.933547936772396,64.56077257238063,510.6449308706016
44.1,17.93254172291543,64.55715020249555,511.5415831120938
44.150000000000006,17.931585658134416,64.5537083692839,512.4381862966201
44.2,17.93046010717743,64.54965638583876,513.3347374407529
44.25000000000001,17.929612789651802,64.54660604274649,514.2312392631736
44.300000000000004,17.929624389673315,64.54664780282394,515.1277201926567
44.35000000000001,17.929786139122317,64.54723010084034,516.0242054558767
44.4,17.93002962020055,64.54810663272198,516.9207008498597
44.45,17.93006947190985,64.54825009887546,517.8172033271625
44.50000000000001,17.930385725134684,64.54938861048487,518.7137147070886
44.550000000000004,17.930648483908225,64.5503345420696,519.6102405623146
44.60000000000001,17.93087140662282,64.55113706384216,520.5067785595779
44.650000000000006,17.931164718257328,64.55219298572638,521.4033294627
44.7,17.931189435434852,64.55228196756548,522.2998883165423
44.75000000000001,17.93117108681335,64.55221591252807,523.1964473295984
44.800000000000004,17.93075913752953,64.55073289510631,524.092995585207
44.85000000000001,17.93019584812363,64.54870505324507,524.9895194598482
44.900000000000006,17.929579398689913,64.54648583528369,525.8860138410186
44.95,17.92928653217192,64.5454315158189,526.7824854892901
45.0,17.92926789633146,64.54536442679326,527.6789493500028
45.050000000000004,17.930062635553792,64.54822548799365,528.5754326132999
45.10000000000001,17.9308186676974,64.55094720371065,529.4719546458812
45.150000000000006,17.93130149625797,64.5526853865287,530.3685076499801
45.20000000000001,17.93157124814461,64.5536564933206,531.2650794685901
45.25,17.932111805877774,64.55560250116,532.1616715449406
45.300000000000004,17.933055619785048,64.55900023122618,533.0583007305822
45.35,17.934137220222446,64.56289399280081,533.9549805515824
45.400000000000006,17.935371843037224,64.567338634934,534.8517182781638
45.45000000000001,17.93625335045345,64.57051206163241,535.7485089080011
45.50000000000001,17.936190843295623,64.57028703586424,536.6453200128449
45.550000000000004,17.936278720384042,64.57060339338256,537.5421317519368
45.6,17.93673262898011,64.5722374643284,538.4389570356709
45.650000000000006,17.937492108258084,64.5749715897291,539.3358126541019
45.7,17.93785557272651,64.57628006181544,540.2326963461265
45.75000000000001,17.937921713175605,64.57651816743218,541.1295907782741
45.80000000000001,17.937584959373087,64.57530585374312,542.0264784450878
45.85,17.93696582390673,64.57307696606422,542.9233422146698
45.900000000000006,17.936505664417474,64.5714203919029,543.8201790018779
45.95,17.936631988357775,64.57187515808799,544.7170074431973
46.00000000000001,17.93653227199375,64.57151617917751,545.6138365497061
46.050000000000004,17.936410247277045,64.57107689019736,546.5106601126879
46.10000000000001,17.936280858337277,64.5706110900142,547.4074773903283
46.150000000000006,17.93525134483256,64.56690484139722,548.3042656954075
46.2,17.934385347936928,64.56378725257294,549.2010066127267
46.25000000000001,17.933658316544083,64.5611699395587,550.0977077043387
46.300000000000004,17.93358581976779,64.56090895116404,550.9943888077465
46.35000000000001,17.933694153524186,64.56129895268707,551.8910708070788
46.4,17.9331455899032,64.55932412365152,552.7877418006644
46.45,17.93255995558487,64.55721584010554,553.6843844393017
46.50000000000001,17.931983294181872,64.55513985905475,554.5809980205458
46.550000000000004,17.931739829767793,64.55426338716406,555.4775910986446
46.60000000000001,17.93110510781007,64.55197838811625,556.374162222084
46.650000000000006,17.9304088769594,64.54947195705384,557.2707000717032
46.7,17.92994271660254,64.54779377976915,558.1672088615422
46.75,17.92986668043712,64.54752004957363,559.0637040964682
46.800000000000004,17.929944536099455,64.54780032995804,559.9601993768816
46.85000000000001,17.929658411971996,64.54677028309919,560.8566894505834
46.900000000000006,17.929619058729827,64.54662861142738,561.753171387351
46.95000000000001,17.92944592608333,64.54600533389998,562.6496480119713
47.0,17.929436322084655,64.54597075950475,563.5461200681755
47.050000000000004,17.928556177707083,64.5428022397455,564.4425698806702
47.1,17.927576448694623,64.53927521530065,565.3389731963302
47.150000000000006,17.9267873911866,64.53643460827176,566.2353322923273
47.20000000000001,17.926249849981133,64.53449945993208,567.1316582233565
47.25000000000001,17.92662071611943,64.53583457802995,568.027979987509
47.300000000000004,17.926940775739922,64.53698679266373,568.9243190248054
47.35,17.926907932984175,64.53686855874304,569.8206652425235
47.400000000000006,17.927045030898448,64.53736211123442,570.7170140666207
47.45,17.927446553874393,64.53880759394782,571.61337635624
47.50000000000001,17.928016641239115,64.54085990846082,572.5097629361178
47.55000000000001,17.92889494375306,64.54402179751102,573.4061857257426
47.6,17.929255594958384,64.54532014185018,574.3026394892104
47.650000000000006,17.929724762465398,64.54700914487543,575.199113998146
47.7,17.930649429582807,64.5503379464981,576.0956233529472
47.75000000000001,17.931681016982,64.5540516611352,576.9921816141114
47.80000000000001,17.93245569624447,64.5568405064801,577.888785031942
47.85000000000001,17.93312205556341,64.55923940002828,578.7854244757372
47.900000000000006,17.933450508212218,64.56042182956399,579.6820887898316
47.95,17.934120979710777,64.56283552695879,580.5787780770297
48.00000000000001,17.934783733934434,64.56522144216396,581.4755006948708
48.050000000000004,17.935948045320757,64.56941296315473,582.3722689893522
48.10000000000001,17.93682384022884,64.57256582482383,583.269088286491
48.15,17.93733224141434,64.57439606909162,584.1659421885321
48.2,17.93818734870075,64.5774744553227,585.0628301782849
48.25000000000001,17.938322915667662,64.57796249640359,585.9597429348942
48.300000000000004,17.93837449646643,64.57814818727915,586.8566603701976
48.35000000000001,17.938605823107558,64.5789809631872,587.7535848781869
48.400000000000006,17.939073050223374,64.58066298080415,588.6505268500201
48.45,17.939418032123488,64.58190491564456,589.5474891270788
48.5,17.939525983238088,64.58229353965712,590.4444627274629
48.550000000000004,17.939799345922573,64.58327764532126,591.3414458606919
48.60000000000001,17.940276040492424,64.58499374577273,592.2384477453523
48.650000000000006,17.94082257165754,64.58696125796715,593.1354752106561
48.70000000000001,17.941479100079267,64.58932476028536,594.0325327524495
48.75,17.942149293546333,64.5917374567668,594.9296234622901
48.800000000000004,17.942309019790283,64.59231247124502,595.8267349201235
48.85,17.941904152832958,64.59085495019865,596.723840249439
48.900000000000006,17.94145692079454,64.58924491486034,597.6209242762798
48.95000000000001,17.941631858174656,64.58987468942877,598.518001495754
49.00000000000001,17.941563014205066,64.58962685113823,599.4150813675635
49.050000000000004,17.941158601995244,64.58817096718288,600.3121494079685
49.1,17.94064693761463,64.58632897541267,601.2091945464588
49.150000000000006,17.940248191215318,64.58489348837514,602.1062169246795
49.20000000000001,17.939994111801973,64.58397880248711,603.003222982255
49.25000000000001,17.939767102696,64.5831615697056,603.9002170126174
49.30000000000001,17.939602075605404,64.58256747217945,604.797201242075
49.35,17.9391103797536,64.58079736711296,605.694169053459
49.400000000000006,17.93852830953548,64.57870191432774,606.5911100206912
49.45,17.938002026894893,64.57680729682161,607.488023279102
49.50000000000001,17.93736798145092,64.57452473322331,608.3849075293107
49.55000000000001,17.936494371320425,64.57137973675353,609.28175408813
49.60000000000001,17.935993960182298,64.56957825665627,610.1785662964176
49.650000000000006,17.93551902776695,64.56786849996102,611.0753541211163
49.7,17.934991524208197,64.56596948714952,611.9721168849157
49.75000000000001,17.93450248898096,64.56420896033146,612.8688542352455
49.800000000000004,17.933682976505924,64.56125871542133,613.7655588718827
49.85000000000001,17.932971259022057,64.5586965324794,614.6622252277709
49.9,17.932759482848706,64.55793413825535,615.5588684963177
49.95,17.932486816003305,64.5569525376119,616.455499653789
50.00000000000001,17.932325787167844,64.55637283380425,617.3521199688684
50.050000000000004,17.932151153734193,64.5557441534431,618.2487318923909
50.10000000000001,17.931730539790106,64.55422994324438,619.145328934729
50.150000000000006,17.931157122510324,64.55216564103716,620.0419011262866
50.2,17.93042629397263,64.54953465830147,620.9384407116986
50.25,17.930176041040635,64.5486337477463,621.834955770074
50.300000000000004,17.930097192119014,64.54834989162845,622.731462600903
50.35000000000001,17.930251915189974,64.54890689468391,623.6279713285858
50.400000000000006,17.930464967532966,64.54967388311869,624.5244892506538
50.45000000000001,17.931027344085685,64.55169843870847,625.4210265584443
50.5,17.931115303861233,64.55201509390044,626.317580124643
50.550000000000004,17.931140298753448,64.55210507551242,627.2141365147083
50.60000000000001,17.931111524014156,64.55200148645096,628.1106928102776
50.650000000000006,17.9311171784829,64.55202184253844,629.00724852784
50.70000000000001,17.931490709681086,64.5533665548519,629.9038137250442
50.75000000000001,17.931478916976392,64.55332410111501,630.8003879657106
50.800000000000004,17.931861464429367,64.55470127194573,631.6969714752457
50.85,17.93170004648921,64.55412016736115,632.5935605130187
50.900000000000006,17.932155239682036,64.55575886285533,633.490156895173
50.95000000000001,17.932738828048436,64.55785978097437,634.3867792468662
51.00000000000001,17.934096391791282,64.56274701044862,635.2834501273622
51.05000000000001,17.93544154555896,64.56758956401225,636.180188575796
51.1,17.936824364420854,64.57256771191507,637.0769952235455
51.150000000000006,17.937960405047498,64.576657458171,637.9738648427822
51.2,17.93881783752121,64.57974421507636,638.8707842988464
51.25000000000001,17.939408480461644,64.58187052966193,639.7677399567959
51.30000000000001,17.93979138825307,64.58324899771105,640.6647199535138
51.35,17.94030317568226,64.58509143245614,641.5617223176122
51.400000000000006,17.94108665716342,64.58791196578832,642.4587570634333
51.45,17.94176151450114,64.59034145220411,643.3558282677249
51.50000000000001,17.94144093081535,64.58918735093526,644.2529083288578
51.550000000000004,17.941043985221224,64.5877583467964,645.1499704517587
51.60000000000001,17.940765279871318,64.58675500753675,646.047015683386
51.65,17.94020327556907,64.58473179204864,646.944039897272
51.7,17.939755716520494,64.58312057947379,647.8410388720743
51.75000000000001,17.939070039271517,64.58065214137746,648.738009515969
51.800000000000004,17.938473102415234,64.57850316869484,649.6349480945112
51.85000000000001,17.93774716280925,64.5758897861133,650.5318536011417
51.90000000000001,17.937155147832794,64.57375853219806,651.4287261589078
51.95,17.936437535612306,64.5711751282043,652.325565975994
52.00000000000001,17.93550170465588,64.56780613676118,653.2223644570007
52.050000000000004,17.934392748529646,64.56381389470673,654.1191118183303
52.10000000000001,17.933325458920866,64.55997165211512,655.0158047735166
52.150000000000006,17.93180001832794,64.55448006598058,655.9124329104478
52.20000000000001,17.93056685917032,64.55004069301316,656.8089920823853
52.25,17.929489620938128,64.54616263537726,657.7054934943881
52.300000000000004,17.928256245843553,64.54172248503679,658.6019371410576
52.35000000000001,17.92677543551541,64.53639156785547,659.4983129330916
52.400000000000006,17.92491771275097,64.52970376590349,660.3946052617982
52.45000000000001,17.92264243552942,64.5215127679059,661.2907942655053
52.50000000000001,17.920521676150027,64.5138780341401,662.1868733682973
52.550000000000004,17.91823217281457,64.50563582213245,663.0828422145214
52.6,17.915870368680803,64.49713332725089,663.9786947780588
52.650000000000006,17.913713470529142,64.48936849390492,664.874434374039
52.70000000000001,17.911865145964306,64.48271452547151,665.7700738394514
52.75000000000001,17.910361607765125,64.47730178795446,666.6656295082946
52.800000000000004,17.908745805414874,64.47148489949355,667.5611071936241
52.85,17.907225694561564,64.46601250042163,668.4565064811236
52.900000000000006,17.905581912345568,64.46009488444405,669.3518266712963
52.95,17.904041254533734,64.45454851632144,670.2470672504683
53.00000000000001,17.902633819999885,64.44948175199958,671.1422341273316
53.05000000000001,17.90137604504358,64.44495376215689,672.0373343739576
53.1,17.90029850394208,64.44107461419148,672.9323762376822
53.150000000000006,17.89966539200723,64.43879541122602,673.8273753350809
53.2,17.899151175160608,64.43694423057819,674.7223457492601
53.25000000000001,17.898572239323098,64.43486006156316,675.6172888346222
53.30000000000001,17.898248115741293,64.43369321666866,676.5122093434987
53.35000000000001,17.898317251935428,64.43394210696754,677.4071234776907
53.400000000000006,17.899242684019626,64.43727366247066,678.3020624760895
53.45,17.89981328613546,64.43932783008765,679.1970388753434
53.50000000000001,17.900697252812506,64.44251011012503,680.0920516388171
53.550000000000004,17.90110537859298,64.44397936293473,680.9870967046022
53.60000000000001,17.901439941725272,64.44518379021098,681.8821603376101
53.65000000000001,17.901702491151482,64.44612896814535,682.7772388984321
53.7,17.90197356983383,64.44710485140179,683.6723307999567
53.75000000000001,17.90234016526133,64.44842459494079,684.5674386433341
53.800000000000004,17.902337816250004,64.44841613850002,685.4625555928718
53.85000000000001,17.902405365991843,64.44865931757063,686.3576741724279
53.900000000000006,17.902382367439277,64.4485765227814,687.2527938657637
53.95000000000001,17.902728115953582,64.4498212174329,688.1479216278485
54.0,17.903194682079295,64.45150085548546,689.0430696977993
54.050000000000004,17.90395393718329,64.45423417385985,689.9382484132809
54.10000000000001,17.904830872096543,64.45739113954755,690.8334680335129
54.150000000000006,17.90562702061162,64.46025727420184,691.7287294808306
54.20000000000001,17.906480349269465,64.46332925737008,692.6240321650776
54.25000000000001,17.907052251442334,64.4653881051924,693.5193704800953
54.300000000000004,17.907654692916743,64.46755689450028,694.4147381537043
54.35,17.90817894601611,64.46944420565801,695.3101339946776
54.400000000000006,17.908535194211233,64.47072669916044,696.2055518481833
54.45000000000001,17.909052272602633,64.47258818136947,697.1009915348536
54.50000000000001,17.909539536868067,64.47434233272504,697.9964563300904
54.550000000000004,17.90958298809682,64.47449875714855,698.8919343932145
54.6,17.909647160275536,64.47472977699194,699.7874151469238
54.650000000000006,17.909585285848465,64.47450702905448,700.6828959580769
54.70000000000001,17.909744306749065,64.47507950429663,701.5783791978918
54.75000000000001,17.90937772057239,64.47375979406061,702.4738572485747
54.80000000000001,17.908606378828402,64.47098296378225,703.3693068510597
54.85,17.90767858518724,64.46764290667407,704.2647139751601
54.900000000000006,17.906485262785537,64.46334694602794,705.1600680713594
54.95,17.905372128963602,64.45933966426897,706.0553645061532
55.00000000000001,17.90454078678059,64.45634683241012,706.9506123290467
55.05000000000001,17.903782963145964,64.45361866732547,707.8458204227949
55.10000000000001,17.90317844353184,64.45144239671463,708.7409944579618
55.150000000000006,17.90249641072581,64.44898707861292,709.6361363293183
55.2,17.90148906148908,64.44536062136069,710.5312359661237
55.25000000000001,17.900483739892724,64.44174146361381,711.4262852861583
55.300000000000004,17.89966101960077,64.43877967056278,712.3212889051456
55.35000000000001,17.89889817619237,64.43603343429253,713.2162528850404
55.40000000000001,17.898046609118772,64.43296779282758,714.1111765046732
55.45,17.897160575960587,64.42977807345811,715.0060566843001
55.50000000000001,17.89635811781594,64.42688922413738,715.9008946516445
55.550000000000004,17.895519234947308,64.42386924581031,716.7956915854636
55.60000000000001,17.89466394391173,64.42079019808223,717.6904461649351
55.650000000000006,17.89377674248901,64.41759627296044,718.5851571820951
55.70000000000001,17.89265487177438,64.41355753838776,719.4798179724518
55.75,17.891574850185858,64.4096694606691,720.3744237155008
55.800000000000004,17.89060837145252,64.40619013722907,721.2689782960418
55.85000000000001,17.88954219606066,64.40235190581838,722.1634820602296
55.900000000000006,17.8882355613773,64.39764802095829,723.0579265041656
55.95000000000001,17.88664108634926,64.39190791085734,723.9522984203587
56.00000000000001,17.88519902168716,64.38671647807378,724.8465944230596
56.050000000000004,17.883668424078834,64.38120632668381,725.7408161092038
56.10000000000001,17.88235877128373,64.37649157662143,726.6349667890879
56.150000000000006,17.881068324965295,64.37184596987507,727.5290524664941
56.20000000000001,17.879877558070966,64.36755920905549,728.42307611357
56.25000000000001,17.878730495028805,64.3634297821037,729.3170413148976
56.300000000000004,17.877696778547033,64.35970840276933,730.210951996737
56.35,17.877256568641414,64.3581236471091,731.1048258304166
56.400000000000006,17.876875928504784,64.35675334261722,731.9986791428453
56.45000000000001,17.876672375866978,64.35602055312113,732.8925178504546
56.50000000000001,17.876194622331667,64.354300640394,733.7863395254096
56.55000000000001,17.875504028968784,64.35181450428763,734.6801319916922
56.6,17.874881304881203,64.34957269757233,735.5738916250384
56.650000000000006,17.874172331279286,64.34702039260543,736.4676179659424
56.7,17.873377760916103,64.34415993929797,737.3613067182473
56.75000000000001,17.872595228847874,64.34134282385234,738.2549560429914
56.80000000000001,17.871895398477754,64.33882343451992,739.1485683086745
56.85000000000001,17.871198156436414,64.33631336317109,740.0421456475474
56.900000000000006,17.870628553282426,64.33426279181674,740.9356913152903
56.95,17.870218180693175,64.33278545049544,741.8292124836397
57.00000000000001,17.869609095229077,64.33059274282468,742.7227081655377
57.050000000000004,17.868897270473713,64.32803017370537,743.6161708246802
57.10000000000001,17.86819385699485,64.32549788518146,744.5095981028669
57.15000000000001,17.86742381137946,64.32272572096606,745.4029885445763
57.2,17.866631963608665,64.3198750689912,746.296339938951
57.25000000000001,17.86603662429298,64.31773184745474,747.1896566536485
57.300000000000004,17.8654485461741,64.31561476622676,748.0829437829102
57.35000000000001,17.86494659452098,64.31380774027554,748.9762036614276
57.400000000000006,17.864467525848532,64.31208309305472,749.8694390144368
57.45000000000001,17.86389645219432,64.31002722789955,750.7626481138878
57.50000000000001,17.86343799054736,64.30837676597051,751.6558314749564
57.550000000000004,17.86298137488254,64.30673294957715,752.5489919590921
57.60000000000001,17.862564463357444,64.3052320680868,753.4421306050481
57.650000000000006,17.862401738897347,64.30464626003045,754.3352547601045
57.70000000000001,17.862370977386032,64.30453551858972,755.2283740780116
57.75,17.862607822204716,64.30538815993698,756.1214985480013
57.800000000000004,17.862948400967902,64.30661424348445,757.0146374535807
57.85000000000001,17.863124220027217,64.30724719209799,757.9077892691056
57.900000000000006,17.863034354139195,64.3069236749011,758.8009432334597
57.95000000000001,17.862962615423246,64.30666541552368,759.6940931576988
58.00000000000001,17.86313358008303,64.3072808882989,760.5872455625865
58.050000000000004,17.863286401603567,64.30783104577284,761.4804060621287
58.1,17.86353740923774,64.30873467325587,762.3735766573998
58.150000000000006,17.863622972607345,64.30904270138645,763.2667556669459
58.20000000000001,17.863939675510746,64.31018283183869,764.1599447331488
58.25000000000001,17.864395003790882,64.31182201364717,765.0531531001313
58.30000000000001,17.864916024805776,64.3136976893008,765.9463858758462
58.35,17.865602785794664,64.3161700288608,766.8396488461112
58.400000000000006,17.866528160156285,64.31950137656263,767.7329521197601
58.45,17.86737722855802,64.32255802280888,768.6262997544779
58.50000000000001,17.868565392487007,64.32683541295323,769.5196983200041
58.55000000000001,17.86974435362411,64.3310796730468,770.4131560636569
58.60000000000001,17.87117578351808,64.33623282066509,771.3066790670854
58.650000000000006,17.87258104024414,64.3412917448789,772.2002729876795
58.7,17.874078385399432,64.34668218743796,773.0939394733206
58.75000000000001,17.87564547369136,64.3523237052889,773.9876825697978
58.800000000000004,17.87723671771207,64.35805218376345,774.8815046245829
58.85000000000001,17.878834094329527,64.3638027395863,775.7754063948839
58.90000000000001,17.880149374157728,64.36853774696782,776.6693809815961
58.95,17.881366206631657,64.37291834387396,777.5634188711158
59.00000000000001,17.882505619118866,64.37702022882792,778.4575156667596
59.050000000000004,17.883671256794,64.3812165244584,779.3516700886574
59.10000000000001,17.885041930849788,64.38615095105924,780.2458879183486
59.15000000000001,17.886374380326817,64.39094776917655,781.140173326128
59.2,17.88755942191393,64.39521391889015,782.034521671184
59.25000000000001,17.888838040868784,64.39981694712762,782.9289316077536
59.300000000000004,17.890095359493536,64.40434329417673,783.8234049427626
59.35000000000001,17.891380994751902,64.40897158110685,784.7179418516188
59.400000000000006,17.8926222905127,64.41344024584572,785.6125419337504
59.45000000000001,17.893564767486392,64.41683316295101,786.5071966102004
59.5,17.894497072486395,64.42018946095102,787.4018981561996
59.550000000000004,17.89536907316427,64.42332866339137,788.2966448098409
59.60000000000001,17.89630759192747,64.4267073309389,789.1914367264682
59.650000000000006,17.897232684709333,64.4300376649536,790.0862752333841
59.70000000000001,17.89804120892086,64.43294835211509,790.9811570807249
59.75000000000001,17.898927865685703,64.43614031646854,791.8760813075901
59.800000000000004,17.89964661930532,64.43872782949914,792.7710456697149
59.85,17.900335312068204,64.44120712344554,793.6660452179992
59.900000000000006,17.90085136254142,64.44306490514911,794.5610748848644
59.95000000000001,17.901362836963404,64.44490621306825,795.4561302398521
60.00000000000001,17.902091549914577,64.44752957969247,796.351216599524
60.05000000000001,17.902802017587298,64.45008726331427,797.2463389387116
60.1,17.90355251932454,64.45278906956834,798.1414978021344
60.150000000000006,17.90424909213874,64.45529673169948,799.036692842421
60.2,17.904902874080687,64.45765034669047,799.9319216415764
60.25000000000001,17.90545284319271,64.45963023549375,800.8271805345082
60.30000000000001,17.90582020415725,64.46095273496611,801.722462360692
60.35000000000001,17.906060749303972,64.4618186974943,802.6177593845285
60.400000000000006,17.90607716488424,64.46187779358327,803.5130628323833
60.45,17.90630567737521,64.46270043855077,804.4083724034398
60.50000000000001,17.906569386322023,64.46364979075928,805.3036942800322
60.55000000000001,17.9068720521197,64.46473938763091,806.1990303159932
60.60000000000001,17.907517785467984,64.46706402768474,807.0943900619329
60.65000000000001,17.90827955476747,64.4698063971629,807.9897849954389
60.7,17.909372483847875,64.47374094185236,808.8852262964042
60.75000000000001,17.910451016941426,64.47762366098914,809.7807218839239
60.800000000000004,17.911468503429585,64.48128661234651,810.6762698719332
60.85000000000001,17.91248692101912,64.48495291566883,811.5718687575444
60.90000000000001,17.913446476654123,64.48840731595484,812.4675170924862
60.95,17.91420590460906,64.49114125659261,813.3632084020178
61.00000000000001,17.91503062016351,64.49411023258864,814.2589393151371
61.050000000000004,17.915799722575418,64.49687900127151,815.1547100737056
61.10000000000001,17.916674695364385,64.50002890331179,816.0505219341541
61.150000000000006,17.917426887277145,64.50273679419773,816.9463744737201
61.20000000000001,17.918186184009826,64.50547026243538,817.8422648005022
61.25,17.919034981349864,64.50852593285951,818.7381953296363
61.300000000000004,17.920014039107606,64.51205054078738,819.6341715551476
61.35000000000001,17.920936567638172,64.51537164349742,820.5301953203162
61.400000000000006,17.921691788497533,64.51809043859112,821.4262610292196
61.45000000000001,17.92259785994586,64.5213522958051,822.3223682704307
61.50000000000001,17.92377896055688,64.52560425800478,823.2185276909433
61.550000000000004,17.924893256687334,64.5296157240744,824.1147444963744
61.6,17.92609391169457,64.53393808210045,825.011019175584
61.650000000000006,17.927546520327375,64.53916747317855,825.9073601863846
61.70000000000001,17.929371751423695,64.5457383051253,826.8037831431784
61.75000000000001,17.931404494952364,64.55305618182851,827.7003025493378
61.80000000000001,17.932783898107342,64.55802203318643,828.5969072591644
61.85,17.933488901333313,64.56056004479993,829.4935640791504
61.900000000000006,17.93383831431289,64.5618179315264,830.3902472595415
61.95000000000001,17.933848306085665,64.56185390190839,831.2869394250515
62.00000000000001,17.933613015404763,64.56100685545715,832.1836259580888
62.05000000000001,17.933269044695322,64.55976856090317,833.0802980095913
62.10000000000001,17.93246418064047,64.55687105030569,833.9769413402247
62.150000000000006,17.93147751186553,64.55331904271591,834.8735398825373
62.2,17.930215765329397,64.54877675518583,835.7700822144672
62.25000000000001,17.9283111464195,64.5419201271102,836.6665453872608
62.30000000000001,17.925659512888018,64.53237424639687,837.5628946537436
62.35000000000001,17.92263765697394,64.52149556510619,838.4591020829902
62.40000000000001,17.919121703099563,64.50883813115843,839.355146066992
62.45,17.915125974702498,64.494453508929,840.2510022589371
62.50000000000001,17.91055244667138,64.47798880801697,841.1466442194715
62.550000000000004,17.905475857522354,64.45971308708047,842.0420449270763
62.60000000000001,17.900054772964978,64.44019718267393,842.9371831928385
62.65000000000001,17.89432939833065,64.41958583399034,843.8320427971208
62.7,17.888166861872566,64.39740070274124,844.7266052036259
62.75000000000001,17.88145191738077,64.37322690257076,845.6208456731073
62.800000000000004,17.874383289578763,64.34777984248355,846.5147415532813
62.85000000000001,17.867105837945623,64.32158101660424,847.4082787814694
62.900000000000006,17.85965923101173,64.29477323164222,848.3014479081934
62.95000000000001,17.85233830090427,64.26841788325538,849.1942478464913
63.0,17.844993331083447,64.24197599190042,850.086681137291
63.050000000000004,17.83775713265885,64.21592567757186,850.9787498988845
63.10000000000001,17.83044383251376,64.18959779704954,851.8704549230139
63.150000000000006,17.822775430831705,64.16199155099414,852.7617854045975
63.20000000000001,17.815006600092303,64.1340237603323,853.6527299553707
63.250000000000014,17.807214250980284,64.10597130352902,854.5432854766475
63.300000000000004,17.799505470735717,64.07821969464858,855.4334534696904
63.35000000000001,17.792012695493156,64.05124570377536,856.3232414238462
63.400000000000006,17.784776480214322,64.02519532877156,857.2126611532389
63.45000000000001,17.777673934723943,63.9996261650062,858.1017224136123
63.50000000000001,17.770703952598577,63.97453422935488,858.9904318607953
63.55000000000001,17.76410658577685,63.95078370879666,859.8788021242547
63.6,17.758002864639025,63.92881031270049,860.7668548605151
63.650000000000006,17.752261363924408,63.90814091012787,861.6546114662292
63.70000000000001,17.747045308017537,63.88936310886314,862.5420941330277
63.75000000000001,17.742426581873357,63.87273569474409,863.429330930275
63.80000000000001,17.7382577622684,63.85772794416624,864.3163480388786
63.85000000000001,17.73449954436889,63.84419835972801,865.2031669715445
63.900000000000006,17.73119414593978,63.83229892538321,866.0898093138022
63.95,17.728489451478314,63.82256202532193,866.9763014037377
64.00000000000001,17.726272504225783,63.814581015212816,867.8626704526303
64.05000000000001,17.724506591098734,63.80822372795544,868.7489399300134
64.10000000000001,17.723211110750118,63.80355999870042,869.6351328725597
64.15,17.721972934860073,63.79910256549626,870.5212624737
64.2,17.720735627850146,63.79464826026053,871.4073301877677
64.25,17.719159427373693,63.7889739385453,872.2933275641483
64.30000000000001,17.71759907754387,63.78335667915793,873.1792465267712
64.35000000000001,17.71665343539575,63.7799523674247,874.0651028395947
64.4,17.716159957303756,63.77817584629352,874.9509231744122
64.45,17.715852415563543,63.777068696028756,875.8367234837339
64.5,17.715661649903495,63.77638193965259,876.7225113353705
64.55000000000001,17.71558520784251,63.77610674823303,877.6082925068142
64.60000000000001,17.715085284336656,63.77430702361196,878.4940592691187
64.65,17.714922651497698,63.773721545391716,879.3798094675145
64.70000000000002,17.714823146825385,63.773363328571385,880.2655531124726
64.75,17.7146297868172,63.77266723254191,881.1512894358137
64.80000000000001,17.714885037599796,63.77358613535927,882.0370273064242
64.85000000000001,17.71564174682741,63.77631028857867,882.9227904760348
64.9,17.716041617834986,63.77774982420595,883.8085825601514
64.95,17.715980569392098,63.77753004981155,884.6943831148321
65.00000000000001,17.71590885450018,63.77727187620066,885.5801803504295
65.05,17.716041503783778,63.7777494136216,886.4659791093866
65.10000000000001,17.71631968868001,63.77875087924804,887.3517881391982
65.15,17.716654266638955,63.779955359900235,888.2376124880811
65.2,17.717150359798396,63.78174129527422,889.123457603742
65.25000000000001,17.717779601722352,63.78400656620047,890.0093308527801
65.30000000000001,17.718385145262864,63.786186522946316,890.8952349714547
65.35000000000001,17.719109322904437,63.78879356245597,891.7811723331589
65.4,17.719892452600988,63.79161282936356,892.6671473775466
65.45,17.720669776077326,63.794411193878375,893.5531614332635
65.50000000000001,17.72160071018183,63.79776255665458,894.43921819542
65.55000000000001,17.72233642207538,63.80041111947137,895.3253166237265
65.60000000000001,17.72272814482121,63.801821321356364,896.211443237899
65.65,17.723140034164786,63.80330412299323,897.0975899423736
65.7,17.723681601314492,63.80525376473217,897.9837604832605
65.75000000000001,17.72431979309009,63.807551255124324,898.8699605181207
65.80000000000001,17.725104836375806,63.8103774109529,899.7561961338573
65.85000000000001,17.72620617438832,63.81434222779795,900.6424789091265
65.9,17.72750470427612,63.81901693539404,901.5288216810931
65.95,17.728680154030027,63.8232485545081,902.4152263025508
66.0,17.72988424026781,63.82758326496412,903.3016904124082
66.05000000000001,17.7312442902636,63.83247944494896,904.1882186256715
66.10000000000001,17.732655386284723,63.837559390625,905.0748161175852
66.15,17.73398820908937,63.84235755272174,905.9614822074695
66.2,17.735363269681297,63.84730777085267,906.8482159944388
66.25,17.736353239098158,63.85087166075337,907.7350089071582
66.30000000000001,17.73658975209119,63.851723107528294,908.621832481938
66.35000000000001,17.73693089673845,63.85295122825842,909.5086704981587
66.4,17.73780705470954,63.85610539695434,910.395538946945
66.45000000000002,17.73854112870104,63.858748063323745,911.2824476515302
66.5,17.73898876790227,63.860359564448174,912.1693858989453
66.55000000000001,17.739500841853438,63.862203030672376,913.0563481391891
66.60000000000001,17.73990901097337,63.863672439504136,913.9433333855098
66.65,17.74042450924866,63.86552823329517,914.8303417235154
66.7,17.74134942917958,63.868857945046486,915.7173860719761
66.75000000000001,17.74211888654419,63.87162799155909,916.6044727798692
66.80000000000001,17.74278881313143,63.87403972727315,917.491595472361
66.85000000000001,17.7435364756906,63.876731312486164,918.3787536045816
66.9,17.74428211213008,63.879415603668285,919.2659490692771
66.95,17.744752458673123,63.881108851223246,920.1531749335472
67.00000000000001,17.745200099014863,63.882720356453504,921.0404237474894
67.05000000000001,17.745759091224745,63.884732728409084,921.9276977272453
67.10000000000001,17.746342322991037,63.886832362767734,922.8150002626007
67.15,17.747087283803847,63.88951422169385,923.7023360027706
67.2,17.74757149358788,63.89125737691637,924.5897024722054
67.25000000000001,17.74783083589416,63.892191009218976,925.4770875304425
67.30000000000001,17.748063315783075,63.89302793681907,926.3644848842345
67.35000000000001,17.747948437578344,63.892614375282044,927.2518851780685
67.4,17.74720854196972,63.88995075109099,928.1392641025573
67.45,17.74666893402966,63.88800816250678,929.0266110394573
67.50000000000001,17.74647433162366,63.88730759384517,929.9139396210986
67.55000000000001,17.7466206618564,63.887834382683046,930.8012669959356
67.60000000000001,17.746909508639614,63.88887423110261,931.6886052501981
67.65,17.74699159813619,63.88916975329029,932.5759527778674
67.7,17.746944818703142,63.88900134733131,933.4633011882884
67.75,17.746536340250987,63.88753082490356,934.3506382172623
67.80000000000001,17.745776027828942,63.88479370018419,935.2379460264642
67.85000000000001,17.74489313817546,63.88161529743166,936.1252127556144
67.9,17.74401683865415,63.87846061915494,937.0124355050351
67.95,17.743067619986906,63.87504343195286,937.8996126165011
68.0,17.742001925637698,63.87120693229571,938.7867393551418
68.05000000000001,17.740493597287834,63.8657769502362,939.6738017432149
68.10000000000001,17.738883921578324,63.859982117681966,940.5607861811866
68.15,17.737614879883477,63.85541356758052,941.4476986512232
68.20000000000002,17.73635947148971,63.85089409736295,942.3345480100074
68.25,17.735044225369986,63.84615921133195,943.221333102429
68.30000000000001,17.733888716392435,63.84199937901277,944.108056425973
68.35000000000001,17.732829315388813,63.838185535399724,944.9947243767675
68.4,17.731473686588057,63.83330527171701,945.881331951817
68.45000000000002,17.729897866282286,63.82763231861623,946.7678662406387
68.50000000000001,17.728281270008914,63.821812572032094,947.6543207190459
68.55000000000001,17.72656188242426,63.81562277672734,948.5406917978568
68.60000000000001,17.72485872616381,63.809491414189715,949.4269773130715
68.65,17.722976992388897,63.80271717260003,950.3131732060352
68.7,17.721077951596797,63.795880625748474,951.1992745796349
68.75000000000001,17.719206735750898,63.78914424870324,952.0852816968186
68.80000000000001,17.717528527748396,63.78310269989423,952.971200078406
68.85000000000001,17.716426846061573,63.779136645821666,953.8570489627513
68.9,17.715325951454812,63.77517342523733,954.7428427826892
68.95,17.713928946460282,63.77014420725702,955.628574155137
69.00000000000001,17.712807686489867,63.76610767136352,956.5142425709607
69.05000000000001,17.712159416389298,63.76377389900147,957.3998667485328
69.10000000000001,17.711487071029406,63.761353455705866,958.2854579107183
69.15,17.710636905581786,63.758292860094436,959.1710110101335
69.2,17.70941842937652,63.753906345755475,960.0565123935074
69.25000000000001,17.707873141339142,63.748343308820914,960.9419446827753
69.30000000000001,17.706819728974306,63.744551024307505,961.8273120045332
69.35000000000001,17.70647362271938,63.74330504178977,962.7126443383255
69.4,17.70605816129201,63.74180938065123,963.5979576329258
69.45,17.705332067843614,63.73919544423701,964.4832423886543
69.50000000000001,17.704756619185115,63.73712382906642,965.3684946058299
69.55000000000001,17.70420477202989,63.73513717930761,966.2537186406103
69.60000000000001,17.70368070255297,63.73325052919069,967.1389157774748
69.65,17.70323030762114,63.731629107436106,968.0240885527292
69.7,17.702960625242365,63.730658250872516,968.9092433260507
69.75,17.70292758536811,63.730539307325195,969.794390531316
69.80000000000001,17.702908012533626,63.73046884512106,970.6795364212636
69.85000000000001,17.702908156871768,63.73046936473837,971.5646818254987
69.9,17.703130622367745,63.731270240523884,972.4498327949797
69.95000000000002,17.703615551371364,63.73301598493691,973.3350014493232
70.0,17.70393514110089,63.7341665079632,974.2201902166349
70.05000000000001,17.704268413933857,63.735366290161885,975.1053953055108
70.10000000000001,17.70442862185407,63.735943038674655,975.9906127314055
70.15,17.704267286791122,63.73536223244804,976.8758301291216
70.20000000000002,17.70436009057487,63.73569632606953,977.7610458135557
70.25000000000001,17.704537449072028,63.7363348166593,978.6462682520469
70.30000000000001,17.704652606955666,63.7367493850404,979.5314980034476
70.35000000000001,17.70485834075944,63.73749002673399,980.4167357771405
70.4,17.705110271828215,63.73839697858158,981.3019849924552
70.45,17.705186899159052,63.73867283697259,982.1872424217299
70.50000000000001,17.705271504561885,63.73897741642279,983.072503881823
70.55,17.705317695427347,63.73914370353845,983.9577686118226
70.60000000000001,17.705428130640595,63.73954127030614,984.8430372574743
70.65,17.705622965711058,63.74024267655981,985.7283135348831
70.7,17.7057394520378,63.740662027336086,986.6135975953268
70.75000000000001,17.706122864442456,63.74204231199284,987.4988941532389
70.80000000000001,17.706784930620525,63.744425750233894,988.3842168481154
70.85000000000001,17.70744477337032,63.746801184133155,989.2695725907153
70.9,17.708021252798286,63.74887651007383,990.1549592413695
70.95,17.708496490617417,63.7505873662227,991.0403721849549
71.00000000000001,17.708967799752646,63.75228407910953,991.9258087922142
71.05000000000001,17.709417227150073,63.753902017740266,992.8112684178867
71.10000000000001,17.709929609039502,63.75574659254221,993.6967520887914
71.15,17.710339188972863,63.75722108030231,994.5822588087417
71.2,17.710800211006056,63.7588807596218,995.4677872937411
71.25000000000001,17.711245786767503,63.76048483236301,996.3533384436855
71.30000000000001,17.711543865869174,63.76155791712903,997.2389081850014
71.35000000000001,17.711981762055984,63.763134343401546,998.1244963256995
71.4,17.71265766258207,63.76556758529546,999.0101123113154
71.45,17.71330676627024,63.76790435857286,999.8957614220367
71.5,17.713476731334556,63.7685162328044,1000.7814310094768
71.55000000000001,17.713425301717,63.7683310861812,1001.6671035603031
71.60000000000001,17.713500469572555,63.768601690461196,1002.5527767045853
71.65,17.713636202800785,63.769090330082825,1003.4384551213947
71.70000000000002,17.713789897193216,63.769643629895576,1004.3241407738946
71.75,17.714201081827063,63.77112389457743,1005.20984054837
71.80000000000001,17.714809508138547,63.77331422929877,1006.0955658131192
71.85000000000001,17.715154376937882,63.774555756976376,1006.981314910246
71.9,17.715042322641033,63.77415236150772,1007.8670698277356
71.95000000000002,17.71496345344364,63.77386843239711,1008.7528199721377
72.0,17.71489142788891,63.77360914040008,1009.638566344171
72.05000000000001,17.714828683758025,63.77338326152889,1010.5243093469621
72.10000000000001,17.714854691741763,63.77347689027035,1011.4100514313496
72.15,17.71468062742363,63.772850258725065,1012.2957898143288
72.2,17.71451401647859,63.77225045932292,1013.1815196804264
72.25000000000001,17.71434619050801,63.77164628582884,1014.067241185601
72.30000000000001,17.714084654363408,63.770704755708266,1014.9529519567228
72.35000000000001,17.71380828053698,63.76970980993313,1015.8386492800953
72.4,17.71344398222751,63.76839833601904,1016.7243305866645
72.45,17.71284033973053,63.766225223029906,1017.6099876947134
72.50000000000001,17.712169619917148,63.76381063170174,1018.4956129437046
72.55000000000001,17.711590433927324,63.761725562138366,1019.3812069450507
72.60000000000001,17.711113928745835,63.760010143485005,1020.2667745541175
72.65,17.710912751287765,63.75928590463595,1021.1523252211184
72.7,17.71077448827705,63.75878815779738,1022.0378674021075
72.75000000000001,17.71047878441848,63.75772362390653,1022.9233987339248
72.80000000000001,17.7102286805134,63.75682324984824,1023.8089164205481
72.85000000000001,17.709823229487167,63.7553636261538,1024.6944177182982
72.9,17.70922816503489,63.7532213941256,1025.5798940031611
72.95,17.70866727399914,63.7512021863969,1026.465341389137
73.00000000000001,17.708139061548774,63.749300621575586,1027.3507615475257
73.05000000000001,17.707560422751293,63.74721752190465,1028.2361540346333
73.10000000000001,17.707081367574908,63.74549292326967,1029.1215200793915
73.15,17.706627361148254,63.74385850013371,1030.0068627976095
73.2,17.70623738218201,63.74245457585524,1030.8921844161928
73.25,17.705944977698127,63.74140191971326,1031.7774889751897
73.30000000000001,17.705507843816918,63.7398282377409,1032.6627752957277
73.35000000000001,17.704861536284167,63.737501530623,1033.54803453023
73.4,17.703938268194893,63.73417776550161,1034.4332545253421
73.45000000000002,17.70286053979596,63.730297943265455,1035.3184244955419
73.5,17.702008110051715,63.72722919618617,1036.203546211788
73.55000000000001,17.701277531096082,63.7245991119459,1037.0886283528168
73.60000000000001,17.700500611551103,63.72180220158397,1037.973672806383
73.65,17.699675109170045,63.71883039301216,1038.8586771994012
73.70000000000002,17.698974304802622,63.71630749728944,1039.7436434347505
73.75,17.69839586686199,63.71422512070316,1040.6285776890422
73.80000000000001,17.697772588295464,63.711981317863675,1041.513481900421
73.85000000000001,17.697068504195503,63.709446615103815,1042.3983529277334
73.9,17.696136974426892,63.706093107936816,1043.283183064699
73.95000000000002,17.695053076998192,63.7021910771935,1044.1679628159845
74.00000000000001,17.693987142951364,63.698353714624915,1045.0526888214833
74.05000000000001,17.693149832848874,63.695339398255946,1045.9373672458782
74.10000000000001,17.692514588156456,63.69305251736324,1046.8220088564033
74.15,17.691574757931107,63.68966912855199,1047.7066110900555
74.2,17.69041511409042,63.68549441072552,1048.591160836856
74.25000000000001,17.689156883943074,63.68096478219507,1049.475650136807
74.30000000000001,17.68783013088029,63.67618847116904,1050.3600748121776
74.35000000000001,17.686541914516393,63.67155089225902,1051.2444341133125
74.4,17.68538501626842,63.667386058566315,1052.1287322865821
74.45,17.684265300171173,63.66335508061623,1053.0129735444932
74.50000000000001,17.683134539101612,63.65928434076581,1053.897158540475
74.55000000000001,17.682215276237276,63.6559749944542,1054.7812922858584
74.60000000000001,17.681101995732813,63.65196718463813,1055.6653752176576
74.65000000000002,17.67977595732756,63.64719344637922,1056.5493971664841
74.70000000000002,17.678621039135262,63.643035740886944,1057.4333570913957
74.75000000000001,17.67745062651627,63.63882225545857,1058.317258883037
74.8,17.676289934608352,63.634643764590066,1059.2011023970651
74.85000000000001,17.6750239556953,63.630086240503076,1060.0848852443228
74.9,17.673959952915574,63.62625583049607,1060.968609842038
74.95,17.673036972362063,63.622933100503424,1061.85228476517
75.0,17.672143764685988,63.61971755286956,1062.7359142835962
75.05000000000001,17.671622007027025,63.617839225297296,1063.619508427889
75.10000000000001,17.67137111743585,63.61693602276906,1064.5030832560005
75.15,17.671307236341157,63.616706050828164,1065.3866502148448
75.20000000000002,17.671157502757044,63.61616700992536,1066.2702118333223
75.25000000000001,17.67108907393384,63.61592066616182,1067.1537679977396
75.30000000000001,17.671162421151976,63.61618471614712,1068.0373242851167
75.35,17.67101800241746,63.61566480870285,1068.920878795706
75.4,17.67098746558702,63.61555487611328,1069.804428932406
75.45,17.671187003749083,63.6162732134967,1070.6879832941393
75.5,17.671432228290094,63.61715602184434,1071.5715487749403
75.55000000000001,17.671655555252855,63.61795999891028,1072.4551259695288
75.60000000000001,17.67178331592156,63.61841993731761,1073.3387119413082
75.65,17.671827259598075,63.61857813455307,1074.2223022056962
75.70000000000002,17.672219364415454,63.619989711895634,1075.1059033712966
75.75000000000001,17.6727587238506,63.621931405862156,1075.9895278235033
75.80000000000001,17.67310735323503,63.62318647164611,1076.8731744754305
75.85000000000001,17.673576800674393,63.624876482427815,1077.7568415792782
75.90000000000002,17.674158570494306,63.626970853779504,1078.6405349635575
75.95,17.674827409856732,63.62937867548424,1079.5242596130663
76.0,17.67552748404299,63.63189894255477,1080.4080184854138
76.05,17.675968339224994,63.63348602120998,1081.2918058809955
76.10000000000001,17.676199828959348,63.63431938425365,1082.1756100852
76.15,17.676330840087445,63.6347910243148,1083.0594233519262
76.2,17.676730000936175,63.63622800337023,1083.9432498729518
76.25000000000001,17.67699475788686,63.6371811283927,1084.8270929919224
76.30000000000001,17.676908041649636,63.63686894993869,1085.7109405619108
76.35000000000001,17.676844444669168,63.63664000080901,1086.5947843740687
76.40000000000002,17.676900149242766,63.636840537273955,1087.4786279889165
76.45000000000002,17.677080111022075,63.63748839967947,1088.362477495423
76.50000000000001,17.67723858929238,63.63805892145257,1089.2463354629308
76.55,17.677346432438505,63.63844715677862,1090.130200088474
76.60000000000001,17.677507908544776,63.6390284707612,1091.0140714469987
76.65,17.677567355201827,63.63924247872658,1091.8979483285925
76.7,17.67743459617563,63.63876454623227,1092.781823377377
76.75000000000001,17.67719877895832,63.637915604249955,1093.6656892117553
76.80000000000001,17.67702339823581,63.63728423364892,1094.5495447661851
76.85000000000001,17.67682043739704,63.636553574629346,1095.433390862076
76.9,17.676700256381448,63.63612092297321,1096.3172288794206
76.95000000000002,17.676707259885887,63.63614613558919,1097.2010640673273
77.00000000000001,17.67683863540759,63.63661908746733,1098.0849027147096
77.05000000000001,17.676909926409188,63.636875735073076,1098.9687464287551
77.1,17.676710371963146,63.63615733906733,1099.8525869362145
77.15,17.67682455128743,63.63656838463476,1100.7364253092958
77.2,17.677210482132814,63.637957735678135,1101.6202761851314
77.25,17.6775846164718,63.639304619298485,1102.5041460625964
77.30000000000001,17.677897283926693,63.6404302221361,1103.3880331101063
77.35000000000001,17.678240951640092,63.64166742590433,1104.2719365659955
77.4,17.67875596437405,63.64352147174659,1105.1558614888959
77.45000000000002,17.679156941805058,63.64496499049821,1106.0398093115505
77.50000000000001,17.679264983780453,63.64535394160963,1106.92376985969
77.55000000000001,17.679669026020832,63.646808493674996,1107.807743209935
77.60000000000001,17.680341718730006,63.649230187428024,1108.691743478554
77.65000000000002,17.681055576764937,63.65180007635377,1109.5757784109412
77.7,17.68204615730619,63.65536616630228,1110.459855954293
77.75,17.68321681462838,63.65958053266217,1111.3439875285915
77.8,17.6843132156176,63.66352757622336,1112.2281757793476
77.85000000000001,17.68522375014309,63.66680550051513,1113.1124142034917
77.9,17.685898477715877,63.66923451977716,1113.9966922591882
77.95,17.68638586528334,63.67098911502003,1114.8809993677633
78.00000000000001,17.687157969459655,63.67376869005476,1115.7653379636317
78.05000000000001,17.688012492803885,63.67684497409399,1116.6497172251884
78.10000000000001,17.68878003651597,63.679608131457485,1117.5341370384215
78.15000000000002,17.68954583448425,63.6823650041433,1118.4185951851964
78.20000000000002,17.690236408078256,63.68485106908172,1119.3030897412605
78.25000000000001,17.69064760424394,63.68633137527818,1120.1876118415685
78.3,17.690899521373126,63.687238276943255,1121.0721505197089
78.35000000000001,17.69138242609455,63.68897673394038,1121.9567075683956
78.4,17.69170381827667,63.69013374579602,1122.841284724505
78.45,17.69146780641197,63.6892841030831,1123.7258640151222
78.50000000000001,17.691006036646396,63.687621731927024,1124.6104258611986
78.55000000000001,17.690564964640377,63.68603387270536,1125.4949651362308
78.60000000000001,17.690247171660896,63.684889817979226,1126.3794854396383
78.65,17.689819973097112,63.68335190314961,1127.2639871182573
78.70000000000002,17.689457982106916,63.6820487355849,1128.1484690671375
78.75000000000001,17.688954699476216,63.68023691811438,1129.0329293841771
78.80000000000001,17.6885852438979,63.67890687803244,1129.9173678827615
78.85,17.688592699045117,63.67893371656242,1130.8017973313351
78.9,17.688701895092002,63.67932682233121,1131.6862296961885
78.95,17.68879300591231,63.679654821284316,1132.5706670687136
79.0,17.68882491091369,63.67976967928929,1133.4551075166344
79.05000000000001,17.688916742664354,63.68010027359168,1134.3395510579737
79.10000000000001,17.688690948330454,63.679287413989634,1135.2239912502487
79.15,17.688177180718867,63.67743785058792,1136.108412953475
79.20000000000002,17.68767108678928,63.67561591244141,1136.9928091601626
79.25000000000001,17.68739219433203,63.67461189959531,1137.8771857421905
79.30000000000001,17.686778762883332,63.672403546379996,1138.7615400161208
79.35000000000001,17.685841768351153,63.669030366064156,1139.6458555294016
79.40000000000002,17.685155191301515,63.666558688685456,1140.530130453393
79.45,17.684833737214934,63.665401453973764,1141.4143801766058
79.5,17.684671292370382,63.664816652533375,1142.2986178023455
79.55000000000001,17.684970660060607,63.66589437621818,1143.1828588511562
79.60000000000001,17.685497685998254,63.66779166959371,1144.0671205598076
79.65,17.68608933322293,63.66992159960255,1144.951410235288
79.7,17.686436194623568,63.671170300644846,1145.8357233734841
79.75000000000001,17.686601420353348,63.67176511327205,1146.7200493138585
79.80000000000001,17.686652120613438,63.67194763420838,1147.6043806523826
79.85000000000001,17.686717987846535,63.672184756247525,1148.4887149050942
79.90000000000002,17.686748179038453,63.67229344453843,1149.3730515592663
79.95000000000002,17.68684846337749,63.67265446815897,1150.2573914753266
80.0,17.687203718059877,63.67393338501556,1151.1417427798626
80.05,17.688106541836728,63.67718355061222,1152.02612553636
80.10000000000001,17.689197590149366,63.68111132453772,1152.9105581396598
80.15,17.69007352065166,63.684264674345975,1153.79503991743
80.2,17.69092714394179,63.68733771819044,1154.6795649340447
80.25000000000001,17.69131371315712,63.688729367365625,1155.5641209554722
80.30000000000001,17.69131306122775,63.6887270204199,1156.4486866248317
80.35000000000001,17.69153168839373,63.689514078217435,1157.3332577435722
80.4,17.69169113597257,63.69008808950125,1158.2178383141813
80.45000000000002,17.691808053539596,63.690508992742544,1159.102425793919
80.50000000000001,17.692094714404707,63.691540971856945,1159.9870233631177
80.55000000000001,17.69200119254189,63.69120429315081,1160.8716257607914
80.6,17.691625004774288,63.68985001718744,1161.7562164157243
80.65,17.69136997309673,63.68893190314823,1162.6407912901711
80.7,17.6912498060841,63.688499301902766,1163.5253567846507
80.75,17.691291216556586,63.68864837960371,1164.4099203102166
80.80000000000001,17.691261015670314,63.688539656413134,1165.2944841160224
80.85000000000001,17.6910040002621,63.687614400943566,1166.1790407414207
80.9,17.690689349139916,63.6864816569037,1167.0635830751557
80.95000000000002,17.690333550686717,63.68520078247218,1167.9481086476515
81.00000000000001,17.6902486528059,63.684895150101234,1168.8326232027387
81.05000000000001,17.690347364505516,63.68525051221986,1169.7171381031715
81.10000000000002,17.6905744798692,63.68606812752912,1170.6016611492807
81.15000000000002,17.690723861605335,63.68660590177921,1171.4861936078175
81.2,17.690912893750394,63.68728641750142,1172.3707345267014
81.25,17.691173286721735,63.68822383219825,1173.2552866812132
81.30000000000001,17.691420823587606,63.68911496491538,1174.1398515339708
81.35000000000001,17.691701102020463,63.69012396727367,1175.024429582111
81.4,17.691847318645525,63.69065034712389,1175.9090182926277
81.45,17.691838978080778,63.690620321090805,1176.793610450046
81.50000000000001,17.691587665929884,63.689715597347586,1177.6781961161462
81.55000000000001,17.69100772758226,63.68762781929614,1178.562761000984
81.60000000000001,17.69012953316351,63.68446631938864,1179.4472894325027
81.65000000000002,17.68979828638687,63.68327383099274,1180.3317876279914
81.70000000000002,17.68983005370311,63.68338819333119,1181.2162783364936
81.75,17.68975489319751,63.68311761551104,1182.1007679601662
81.8,17.689326832786776,63.68157659803239,1182.9852450033159
81.85000000000001,17.689168185657326,63.68100546836638,1183.8697073787769
81.9,17.689723554016833,63.6830047944606,1184.7541796722687
81.95,17.690423093176204,63.68552313543434,1185.6386833384486
82.00000000000001,17.691037213177378,63.68773396743856,1186.5232198461074
82.05000000000001,17.691458584991736,63.68925090597025,1187.4077822410616
82.10000000000001,17.691209470100695,63.6883540923625,1188.2923489424388
82.15,17.690622137686624,63.68623969567185,1189.1768947326334
82.20000000000002,17.689946899734682,63.68380883904486,1190.061408958569
82.25000000000001,17.689149500331315,63.68093820119273,1190.9458863685707
82.30000000000001,17.688104129653706,63.67717486675334,1191.8303177093203
82.35000000000001,17.68674706006939,63.672289416249804,1192.7146889890635
82.4,17.685156605156305,63.6665637785627,1193.5989865806941
82.45,17.683517642934394,63.66066351456382,1194.4832034368965
82.5,17.681796261227746,63.65446654041988,1195.3673362845004
82.55000000000001,17.679880855608168,63.64757108018941,1196.2513782124213
82.60000000000001,17.677751613923714,63.63990581012537,1197.1353190241596
82.65,17.675345406170262,63.63124346221294,1198.019146449662
82.70000000000002,17.67254968915145,63.621178880945216,1198.902843827045
82.75000000000001,17.669531421541787,63.61031311755043,1199.7863958548123
82.80000000000001,17.666709555432544,63.600154399557155,1200.6698018792367
82.85000000000002,17.66402240939664,63.590480673827905,1201.5530701783575
82.90000000000002,17.661213984475562,63.580370344112026,1202.4362010882044
82.95,17.65842849613923,63.570342586101226,1203.3191921502198
83.0,17.655481842359436,63.55973463249397,1204.2020399086823
83.05000000000001,17.652337986629835,63.54841675186741,1205.084735404407
83.10000000000001,17.649555472875697,63.538399702352514,1205.9672827408947
83.15,17.64712532526705,63.52965117096139,1206.8496997608484
83.2,17.64475028992607,63.52110104373385,1207.7319966512282
83.25000000000001,17.642476961712923,63.51291706216652,1208.6141773325191
83.30000000000001,17.640329714954543,63.50518697383636,1209.4962474994359
83.35000000000001,17.638406392660535,63.498263013577926,1210.3782159021262
83.40000000000002,17.636839751005805,63.4926231036209,1211.2600970557178
83.45000000000002,17.635104276625157,63.486375395850565,1212.1418956564085
83.5,17.633345306998937,63.480043105196174,1213.0236068959991
83.55,17.631818638454682,63.47454709843686,1213.9052359946354
83.60000000000001,17.63047833724904,63.46972201409655,1214.786793419028
83.65,17.62917436281008,63.46502770611629,1215.6682847365296
83.7,17.628002268759488,63.46080816753416,1216.5497141523188
83.75000000000001,17.627123761080092,63.45764553988833,1217.4310923030648
83.80000000000001,17.626242362265966,63.45447250415748,1218.3124264561484
83.85000000000001,17.62555412786221,63.451994860303955,1219.1937213684016
83.90000000000002,17.625127956012737,63.450460641645854,1220.0749884204986
83.95000000000002,17.625017084173454,63.450061503024436,1220.9562420465033
84.00000000000001,17.625141473488487,63.45050930455855,1221.837496010445
84.05000000000001,17.625596190327432,63.452146285178756,1222.7187644520404
84.10000000000001,17.626652940084025,63.45595058430249,1223.6000706803006
84.15,17.627994147933396,63.46077893256023,1224.481436857501
84.2,17.629116710305233,63.46482015709884,1225.362864628957
84.25,17.629857580481428,63.46748728973314,1226.2443389862265
84.30000000000001,17.630566446114866,63.47003920601352,1227.1258495868913
84.35000000000001,17.631556072237593,63.47360186005534,1228.00740264985
84.4,17.632756074681843,63.47792186885464,1228.889010453523
84.45000000000002,17.63401290478726,63.48244645723413,1229.7706796780099
84.50000000000001,17.635354207299127,63.48727514627686,1230.652413855812
84.55000000000001,17.636667498201003,63.49200299352361,1231.5342143984494
84.60000000000002,17.63748815530663,63.49495735910387,1232.416068289787
84.65000000000002,17.638444695681173,63.498400904452225,1233.2979666110618
84.7,17.63938429140457,63.50178344905646,1234.179912335739
84.75,17.63998324614351,63.503939686116645,1235.0618965241777
84.80000000000001,17.64070201737771,63.50652726255976,1235.9439136557658
84.85000000000001,17.641303970269423,63.50869429296992,1236.825963805457
84.9,17.642116826019056,63.5116205736686,1237.708049325364
84.95,17.643107272676858,63.515186181636686,1238.5901799278315
85.00000000000001,17.64395123823752,63.51822445765507,1239.4723563906043
85.05000000000001,17.644655623939563,63.52076024618243,1240.3545715621588
85.10000000000001,17.645260501421028,63.5229378051157,1241.2368194652927
85.15000000000002,17.64577918147154,63.52480505329754,1242.119095457365
85.20000000000002,17.646130421424726,63.52606951712902,1243.0013931974372
85.25,17.647081735212637,63.529494246765495,1243.8837235013532
85.3,17.6480830364406,63.53309893118616,1244.7661026206445
85.35000000000001,17.648847021755028,63.5358492783181,1245.6485258720993
85.4,17.6495564175365,63.538403103131394,1246.5309859580816
85.45,17.650085401733367,63.54030744624012,1247.4134770035635
85.50000000000001,17.65022112000821,63.54079603202956,1248.295984666607
85.55000000000001,17.650576740414802,63.54207626549329,1249.1785046131176
85.60000000000001,17.651323439811527,63.5447643833215,1250.0610521176234
85.65000000000002,17.65228672213308,63.54823219967909,1250.943642371672
85.70000000000002,17.653332998884167,63.551998795983,1251.8262828646975
85.75000000000001,17.654223609044006,63.55520499255842,1252.7089717798958
85.80000000000001,17.654943385132697,63.55779618647771,1253.5917009547502
85.85000000000001,17.655387869297375,63.55939632947055,1254.474459236111
85.9,17.655712472274416,63.5605649001879,1255.3572367446502
85.95,17.655782441422524,63.560816789121084,1256.2400241174926
86.0,17.65605539979548,63.56179943926373,1257.122820063523
86.05000000000001,17.656523559470006,63.56348481409202,1258.0056345375046
86.10000000000001,17.657262276359408,63.566144194893866,1258.8884791834005
86.15,17.65779316217006,63.568055383812215,1259.7713555693638
86.20000000000002,17.65833870958016,63.57001935448858,1260.6542588661575
86.25000000000001,17.658941512913707,63.57218944648935,1261.53719087172
86.30000000000001,17.659349728351103,63.57365902206397,1262.4201481527516
86.35000000000002,17.66009879893578,63.576355676168816,1263.3031343659338
86.40000000000002,17.66112485732255,63.58004948636119,1264.1861649573402
86.45,17.66211026190323,63.58359694285163,1265.0692458353208
86.5,17.662973829761604,63.586705787141774,1265.9523729376124
86.55000000000001,17.663583455004723,63.588900438017006,1266.8355368697316
86.60000000000001,17.66403094980445,63.590511419296014,1267.7187272298518
86.65,17.664346070374073,63.59164585334666,1268.6019366553562
86.70000000000002,17.664652786573637,63.59275003166509,1269.48516162678
86.75000000000001,17.664976142654183,63.59391411355506,1270.3684023500107
86.80000000000001,17.66543755537612,63.59557519935403,1271.2516626924614
86.85000000000001,17.665642265000056,63.5963121540002,1272.134939687971
86.90000000000002,17.665961550466307,63.59746158167871,1273.0182297833576
86.95000000000002,17.66639907624014,63.59903667446451,1273.9015387990253
87.0,17.66660110299953,63.59976397079831,1274.7848638035064
87.05,17.66671679046093,63.600180445659355,1275.668196750843
87.10000000000001,17.66658018683191,63.59968867259488,1276.5515291752754
87.15,17.66680334335148,63.600492036065326,1277.43486376353
87.2,17.667125709784358,63.60165255522369,1278.3182119898586
87.25000000000001,17.66719237461556,63.601892548616014,1279.2015699419685
87.30000000000001,17.66743932405435,63.60278156659566,1280.0849357344352
87.35000000000001,17.667514699356385,63.60305291768299,1280.9683095850205
87.40000000000002,17.667655610192586,63.60356019669331,1281.8516888427591
87.45000000000002,17.667715122492446,63.603774440972806,1282.7350731110762
87.50000000000001,17.6679838534307,63.60474187235053,1283.6184655854743
87.55000000000001,17.668115756692682,63.60521672409366,1284.5018680757273
87.60000000000001,17.668215774975597,63.60557678991215,1285.385276364019
87.65,17.66834017873711,63.6060246434536,1286.2686902628618
87.7,17.668272213595433,63.60577996894356,1287.15210557267
87.75,17.66825379964793,63.60571367873254,1288.0355187230011
87.80000000000001,17.667840172100597,63.60422461956215,1288.9189210722948
87.85000000000001,17.667352705457635,63.60246973964749,1289.8023008942337
87.9,17.667192763403452,63.60189394825243,1290.6856645309551
87.95000000000002,17.66726437159413,63.602151737738865,1291.56902595933
88.00000000000001,17.66706989724229,63.60145163007224,1292.452384316051
88.05000000000001,17.66711799846546,63.60162479447566,1293.3357390134436
88.10000000000002,17.66726147919216,63.60214132509178,1294.219098500385
88.15,17.667466003039358,63.60287761094169,1295.1024666874407
88.2,17.66746482837529,63.602873382151046,1295.985839958226
88.25,17.667205906157623,63.60194126216744,1296.8692067265895
88.30000000000001,17.667083581866414,63.601500894719095,1297.7525639637902
88.35000000000001,17.666892835911884,63.60081420928279,1298.6359133742346
88.4,17.667002328681995,63.601208383255184,1299.5192607533495
88.45000000000002,17.667089064498008,63.60152063219283,1300.402613038179
88.50000000000001,17.667167914686864,63.60180449287271,1301.2859694626586
88.55000000000001,17.667335297251686,63.60240707010607,1302.169332042957
88.60000000000001,17.66751738450196,63.60306258420705,1303.0527033600008
88.65000000000002,17.667359524706008,63.60249428894163,1303.936075282731
88.70000000000002,17.667310123172356,63.602316443420484,1304.819442023928
88.75,17.667185589139013,63.60186812090045,1305.702804416736
88.8,17.666686454930872,63.60007123775114,1306.5861512178376
88.85000000000001,17.666584245280742,63.59970328301067,1307.469482985343
88.9,17.666459529018915,63.5992543044681,1308.3528090797004
88.95,17.666250399910712,63.598501439678564,1309.2361268279235
89.00000000000001,17.66570335481819,63.59653207734549,1310.1194256717918
89.05000000000001,17.664394748506272,63.59182109462258,1311.0026781243748
89.10000000000001,17.663974756521434,63.59030912347716,1311.8858873620006
89.15000000000002,17.663834846484573,63.58980544734446,1312.7690826020757
89.20000000000002,17.663557861407032,63.58880830106531,1313.6522674197731
89.25000000000001,17.663140696434805,63.5873065071653,1314.535434883719
89.30000000000001,17.662679663186577,63.585646787471674,1315.4185803927096
89.35000000000001,17.662191978072187,63.58389112105987,1316.301702183741
89.4,17.66208862936731,63.58351906572232,1317.184809198927
89.45,17.661734443091284,63.58224399512862,1318.0679047757385
89.50000000000001,17.661022377434424,63.579680558763926,1318.9509736962516
89.55000000000001,17.660540643512004,63.577946316643214,1319.8340127717752
89.60000000000001,17.660110489057747,63.57639776060789,1320.7170290500894
89.65,17.65991595989797,63.57569745563269,1321.6000297113133
89.70000000000002,17.659750420907542,63.57510151526716,1322.4830213708333
89.75000000000001,17.659427929968768,63.57394054788757,1323.3660008296051
89.80000000000001,17.65931301355688,63.57352684880477,1324.2489693531932
89.85000000000002,17.65939134569981,63.57380884451931,1325.1319369621747
89.9,17.65971395259065,63.57497022932634,1326.014914594632
89.95,17.66032830044079,63.57718188158684,1326.8979156509579
90.0,17.66094219861237,63.579391915004535,1327.7809474134342
90.05000000000001,17.661210102362574,63.58035636850527,1328.6640012209587
90.10000000000001,17.661480793650988,63.581330857143556,1329.547068493359
90.15,17.661953976520824,63.58303431547497,1330.4301543626132
90.20000000000002,17.662440929553192,63.584787346391494,1331.313264235265
90.25000000000001,17.66285841614982,63.58629029813935,1332.1963967189076
90.30000000000001,17.663815396001688,63.58973542560608,1333.0795635642114
90.35000000000001,17.66526221134008,63.594943960824295,1333.962790504395
90.40000000000002,17.666739908830625,63.60026367179025,1334.846090557399
90.45000000000002,17.667620528991815,63.60343390437053,1335.7294495683445
90.5,17.66807822307416,63.605081603066985,1336.6128420371463
90.55,17.66858179881646,63.60689447573926,1337.4962585376936
90.60000000000001,17.668837646213596,63.607815526368945,1338.3796940238194
90.65,17.668437747073387,63.606375889464196,1339.2631259086515
90.7,17.66752946119416,63.60310606029898,1340.1465250888582
90.75000000000001,17.666215297420383,63.59837507071338,1341.0298687078237
90.80000000000001,17.664602651373915,63.592569544946095,1341.9131391565436
90.85000000000001,17.662499057461478,63.584996606861324,1342.7963166992645
90.90000000000002,17.65992325239549,63.57572370862377,1343.6793772570109
90.95000000000002,17.65671714967154,63.564181738817545,1344.5622932670626
91.00000000000001,17.652896815049505,63.550428534178224,1345.4450336161806
91.05000000000003,17.648865253410683,63.535914912278464,1346.327577667892
91.10000000000001,17.644379180858703,63.51976505109133,1347.2099087787487
91.15,17.6395264159357,63.50229509736852,1348.0920064186687
91.2,17.634289651561136,63.483442745620096,1348.973851820356
91.25000000000001,17.628436806455067,63.46237250323824,1349.8554199818063
91.30000000000001,17.622143990760826,63.43971836673897,1350.7366845017368
91.35000000000001,17.615994570698412,63.41758045451429,1351.6176379657734
91.4,17.609591911653325,63.39453088195197,1352.498277627832
91.45000000000002,17.60317517482426,63.37143062936733,1353.378596804994
91.50000000000001,17.596472014483314,63.34729925213993,1354.2585879847268
91.55000000000001,17.589863086670928,63.32350711201534,1355.1382463622556
91.60000000000002,17.584046042175295,63.30256575183106,1356.0175940904767
91.65,17.577433860735432,63.27876189864756,1356.8966310880494
91.7,17.57062991372325,63.2542676894037,1357.7753326824109
91.75,17.563735575173702,63.22944807062533,1358.6536918196332
91.80000000000001,17.55699624583692,63.205186485012916,1359.5317101151584
91.85000000000001,17.550293586054046,63.18105690979457,1360.4093923609557
91.9,17.543785833257264,63.15762899972615,1361.2867443464386
91.95000000000002,17.53725850844969,63.13413063041888,1362.1637704549812
92.00000000000001,17.53121991232505,63.11239168437018,1363.0404824155005
92.05000000000001,17.525853068937565,63.09307104817523,1363.916909240032
92.10000000000001,17.520644947066256,63.07432180943852,1364.793071690432
92.15000000000002,17.5161281863759,63.05806147095325,1365.668991018768
92.20000000000002,17.51210842726285,63.04359033814626,1366.544696934109
92.25,17.508681207381628,63.03125234657386,1367.420216674975
92.30000000000001,17.505920886661727,63.02131519198222,1368.2955817273262
92.35000000000001,17.503407449230917,63.0122668172313,1369.1708149357235
92.4,17.501040739501303,63.00374666220469,1370.0459261404417
92.45,17.499202947882218,62.99713061237598,1370.9209322326262
92.50000000000001,17.498104386129526,62.993175790066296,1371.7958649159766
92.55000000000001,17.497705138601876,62.991738498966754,1372.670760154095
92.60000000000001,17.49789322583269,62.99241561299769,1373.5456501132057
92.65000000000002,17.49880854543992,62.995710763583716,1374.4205676574875
92.70000000000002,17.500124177432895,63.00044703875842,1375.2955409755593
92.75000000000001,17.501884400925416,63.0067838433315,1376.1705911900183
92.8,17.50414881071436,63.01493571857169,1377.0457420203093
92.85000000000001,17.5065625950162,63.02362534205832,1377.9210098054525
92.9,17.508684038386026,63.031262538189694,1378.7963909712876
92.95,17.51078323068222,63.038819630456,1379.6718776530142
93.00000000000001,17.51303788231328,63.046936376327814,1380.5474731808392
93.05000000000001,17.51512499443238,63.05444997995657,1381.4231772527578
93.10000000000001,17.517068557584142,63.061446807302914,1382.2989820915582
93.15,17.519018441897316,63.06846639083034,1383.1748842665452
93.20000000000002,17.520924872067095,63.07532953944154,1384.0508828493944
93.25000000000001,17.52276228427583,63.081944223392995,1384.9269750283029
93.30000000000001,17.525011260655475,63.09004053835971,1385.803169366926
93.35000000000002,17.527249327910475,63.09809758047771,1386.6794758816402
93.4,17.52964857752653,63.106734879095505,1387.555898329276
93.45,17.532103346382964,63.11557204697867,1388.4324421273739
93.5,17.534585376392457,63.124507355012845,1389.3091093454432
93.55000000000001,17.53713301157072,63.13367884165459,1390.1859023051422
93.60000000000001,17.539461905151622,63.14206285854584,1391.0628171780602
93.65,17.54172312176023,63.150203238336836,1391.939846803733
93.70000000000002,17.543852341838313,63.15786843061793,1392.816986190323
93.75000000000001,17.545884490526575,63.165184165895674,1393.694229611132
93.80000000000001,17.548191969346007,63.17349108964563,1394.5715815226288
93.85000000000002,17.550702387968098,63.18252859668515,1395.4490538815617
93.90000000000002,17.553040795447224,63.19094686361001,1396.326647461147
93.95000000000002,17.55509579442148,63.19834485991733,1397.2043508758939
94.0,17.556814518735017,63.20453226744606,1398.0821486337227
94.05000000000001,17.558432709570983,63.21035775445554,1398.9600298144303
94.10000000000001,17.55968295683083,63.21485864459099,1399.8379827060903
94.15,17.560839679123134,63.21902284484329,1400.7159957719891
94.2,17.561987036734212,63.223153332243164,1401.5940664398856
94.25000000000001,17.56299636900462,63.22678692841663,1402.4721910250291
94.30000000000001,17.56385328723411,63.2298718340428,1403.350362266435
94.35000000000001,17.564590934323192,63.23252736356349,1404.2285733719739
94.40000000000002,17.565345989618226,63.235245562625614,1405.1068217950724
94.45000000000002,17.565996806735686,63.23758850424847,1405.9851053649813
94.50000000000001,17.566953461921784,63.241032462918426,1406.8634291216977
94.55,17.567877226133803,63.24435801408169,1407.741799888899
94.60000000000001,17.56886009168117,63.247896330052214,1408.6202183218445
94.65,17.569938097224533,63.25177715000832,1409.4986882765672
94.7,17.570748569240582,63.254694849266095,1410.3772054432288
94.75000000000001,17.57140079020168,63.257042844726044,1411.255759177215
94.80000000000001,17.571666233043647,63.25799843895713,1412.134335852796
94.85000000000001,17.571830594392004,63.25859013981122,1413.0129232734819
94.9,17.572217928193957,63.25998454149825,1413.8915244865466
94.95000000000002,17.573168941520294,63.26340818947306,1414.7701591582895
95.00000000000001,17.573924403281154,63.26612785181216,1415.6488364919096
95.05000000000001,17.574605902834428,63.268581250203944,1416.5275497495625
95.10000000000002,17.575048481646974,63.27017453392911,1417.4062911091744
95.15,17.574922042451586,63.26971935282571,1418.2850403722769
95.2,17.574721968122137,63.2689990852397,1419.1637814725411
95.25,17.574750014961285,63.269100053860626,1420.0425182721183
95.30000000000001,17.574543436861767,63.268356372702364,1420.9212506084139
95.35000000000001,17.57450332327822,63.26821196380159,1421.7999767774174
95.4,17.574124514613885,63.26684825260999,1422.6786924733647
95.45000000000002,17.573424089530086,63.26432672230831,1423.5573811884683
95.50000000000001,17.572361788774533,63.26050243958832,1424.4360258354259
95.55000000000001,17.571269259190164,63.25656933308459,1425.314616611625
95.60000000000002,17.57006540707416,63.25223546546698,1426.1931499782818
95.65000000000002,17.568787199083822,63.24763391670176,1427.0716212934358
95.70000000000002,17.567562083070747,63.24322349905469,1427.9500300254897
95.75,17.566692868537125,63.24009432673365,1428.82838639928
95.80000000000001,17.566170089232795,63.238212321238066,1429.7067079732242
95.85000000000001,17.5655577589485,63.236007932214605,1430.5850011694288
95.9,17.564947827351165,63.2338121784642,1431.4632638090864
95.95,17.56362084168728,63.2290350300742,1432.3414780258124
96.00000000000001,17.562252122722626,63.22410764180145,1433.2196248499226
96.05000000000001,17.56080792802752,63.218908540899065,1434.0977013511913
96.10000000000001,17.55956430796648,63.214431508679326,1434.9757106570912
96.15000000000002,17.558009014850352,63.20883245346127,1435.8536499901616
96.20000000000002,17.556494154724515,63.203378957008255,1436.7315125694008
96.25000000000001,17.554819541109158,63.197350347992966,1437.6092954117967
96.3,17.553738456183215,63.193458442259576,1438.487009361729
96.35000000000001,17.552665547208118,63.189595969949224,1439.3646694618137
96.4,17.551548939513147,63.18557618224733,1440.2422748239817
96.45,17.550538131039954,63.181937271743834,1441.1198270007455
96.50000000000001,17.549533560534154,63.17832081792296,1441.997328793035
96.55000000000001,17.548338946629258,63.17402020786533,1442.8747756057141
96.60000000000001,17.546984877668834,63.169145559607806,1443.7521587013216
96.65000000000002,17.545962634928543,63.16546548574276,1444.6294823891365
96.70000000000002,17.545238471036487,63.162858495731356,1445.5067624167855
96.75000000000001,17.544533341086957,63.160320027913045,1446.3840067120886
96.80000000000001,17.54408139119365,63.15869300829714,1447.2612220803956
96.85000000000002,17.543886526723323,63.15799149620396,1448.1384212783435
96.9,17.543901370424518,63.15804493352827,1449.015615975772
96.95,17.543820244787366,63.157752881234515,1449.8928090161523
97.0,17.544124514335092,63.15884825160633,1450.7700076351305
97.05000000000001,17.54439093694029,63.15980737298504,1451.6472205214125
97.10000000000001,17.544637842786173,63.160696234030226,1452.5244462409057
97.15,17.544719603181655,63.16099057145396,1453.401680177055
97.20000000000002,17.544737803346507,63.161056092047424,1454.2789166122182
97.25000000000001,17.54464954089173,63.16073834721023,1455.1561512958242
97.30000000000001,17.544529456059323,63.16030604181356,1456.033380770748
97.35000000000002,17.54468061978221,63.16085023121595,1456.910611022644
97.40000000000002,17.54460062749724,63.16056225899006,1457.787843053826
97.45000000000002,17.544669145914,63.160808925290404,1458.6650747981612
97.5,17.544644747256147,63.16072109012213,1459.5423076454904
97.55000000000001,17.54488466499451,63.16158479398023,1460.4195458807967
97.60000000000001,17.54506994738934,63.162251810601624,1461.2967947461063
97.65,17.54524328684869,63.16287583265529,1462.1740525769624
97.7,17.54534234393338,63.16323243816017,1463.0513172177318
97.75000000000001,17.545602232291497,63.16416803624939,1463.9285908321374
97.80000000000001,17.545427366826996,63.163538520577184,1464.8058665721153
97.85000000000001,17.545501582861874,63.163805698302745,1465.6831397958574
97.90000000000002,17.545415381565846,63.16349537363705,1466.560412719968
97.95000000000002,17.545441306545655,63.16358870356436,1467.437684137171
98.00000000000001,17.545591150315907,63.16412814113727,1468.3149599485923
98.05,17.546418177561595,63.16710543922174,1469.1922601817894
98.10000000000001,17.547181765217488,63.169854354782956,1470.0696001803587
98.15,17.548290589994743,63.17384612398107,1470.9469869892391
98.2,17.549515927774056,63.1782573399866,1471.8244321521834
98.25000000000001,17.55058593370241,63.182109361328685,1472.7019346987204
98.30000000000001,17.551615004118194,63.185814014825496,1473.5794897221658
98.35000000000001,17.552340822196285,63.18842695990663,1474.4570886178237
98.40000000000002,17.55296357365615,63.190668865162145,1475.3347212277201
98.45000000000002,17.553579551931655,63.19288638695396,1476.2123848058598
98.50000000000001,17.554767105053067,63.19716157819104,1477.0900934722845
98.55000000000001,17.55604237134597,63.2017525368455,1477.9678637091945
98.60000000000002,17.557391492574958,63.20660937326985,1478.8456995557924
98.65,17.55863240898877,63.211076672359575,1479.7236001533315
98.7,17.560457373775524,63.21764654559189,1480.6015773979007
98.75,17.562365956725195,63.224517444210704,1481.4796479811632
98.80000000000001,17.564753536051516,63.23311272978546,1482.3578259684825
98.85000000000001,17.56670791024389,63.240148476878,1483.23611250464
98.9,17.568457042573353,63.24644535326407,1484.1144916284604
98.95000000000002,17.57022978305909,63.25282721901273,1484.9929587991012
99.00000000000001,17.57178337351742,63.258420144662715,1485.8715091280155
99.05000000000001,17.57359745281347,63.26495083012849,1486.7501436486739
99.10000000000002,17.575679610041256,63.27244659614852,1487.6288755752453
99.15000000000002,17.5782624754472,63.28174491160992,1488.5077241273825
99.20000000000002,17.580763424397595,63.290748327831345,1489.3866997748787
99.25,17.582782724140262,63.298017806904944,1490.2657884285923
99.30000000000001,17.584861121479936,63.30550003732777,1491.1449795247327
99.35000000000001,17.5865462395916,63.311566462529754,1492.0242647087593
99.4,17.58856940218529,63.31884984786704,1492.9036425998038
99.45000000000002,17.590325229637394,63.32517082669462,1493.7831149655995
99.50000000000001,17.59221900874043,63.33198843146555,1494.662678571559
99.55000000000001,17.593697374127515,63.33731054685906,1495.5423264811307
99.60000000000001,17.595020155737192,63.34207256065389,1496.4220444193772
99.65000000000002,17.596153179202528,63.3461514451291,1497.3018237527508
99.70000000000002,17.59705346356589,63.3493924688372,1498.18165391882
99.75000000000001,17.59800161224273,63.352805804073824,1499.0615302957153
99.8,17.599010037172427,63.356436133820736,1499.9414555869507
99.85000000000001,17.599791856230524,63.35925068242989,1500.8214256342858
99.9,17.600708142991987,63.36254931477116,1501.7014381342663
99.95,17.601749738574654,63.366299058868755,1502.5814995813055
100.00000000000001,17.60261974379995,63.36943107767981,1503.4616088183648
100.05000000000001,17.603319962957958,63.37195186664865,1504.3417573110337
100.10000000000001,17.603866696754054,63.37392010831459,1505.2219369775264
100.15000000000002,17.604267846655834,63.375364247961,1506.1021403411116
100.20000000000002,17.604475814342578,63.37611293163328,1506.9823589326365
100.25000000000001,17.605322513774027,63.3791610495865,1507.8626038908394
100.30000000000001,17.605913155447226,63.38128735961001,1508.74288478257
100.35000000000002,17.606766440068633,63.38435918424708,1509.6232017724578
100.4,17.607466967354984,63.38688108247794,1510.5035576076434
100.45,17.607640618174134,63.38750622542688,1511.3839352972816
100.5,17.60790492601651,63.388457733659436,1512.2643239358863
100.55000000000001,17.608603261302033,63.39097174068732,1513.1447366405694
100.60000000000001,17.608869923414762,63.391931724293144,1514.0251734701874
100.65,17.60938753524899,63.39379512689637,1514.905629906654
100.70000000000002,17.609928275083917,63.395741790302104,1515.7861128019124
100.75000000000001,17.61016923993908,63.39660926378069,1516.666615239788
100.80000000000001,17.61020859710968,63.396750949594846,1517.5471246857142
100.85000000000002,17.610252959734293,63.396910655043456,1518.4276362246353
100.90000000000002,17.611352098459367,63.400867554453725,1519.3081763510902
100.95,17.612495396417746,63.404983427103886,1520.1887725384622
101.0,17.613432025352445,63.408355291268805,1521.0694207240065
101.05000000000001,17.61417551800941,63.41103186483388,1521.9501109125906
101.10000000000001,17.614974620830914,63.413908634991294,1522.8308396660616
101.15,17.616059980015915,63.417815928057294,1523.7116155310828
101.20000000000002,17.61680120172327,63.42048432620377,1524.5924370606263
101.25000000000001,17.617268880608584,63.422167970190905,1525.4732888126846
101.30000000000001,17.61753816906716,63.42313740864178,1526.3541589889264
101.35000000000001,17.617326868487343,63.42237672655443,1527.2350306148653
101.40000000000002,17.61682416168851,63.42056698207863,1528.1158843906196
101.45000000000002,17.61629491561739,63.418661696222614,1528.9967123675522
101.50000000000001,17.615509714244034,63.41583497127852,1529.8775074832986
101.55,17.61469761097892,63.412911399524106,1530.7582626664291
101.60000000000001,17.613830622851573,63.409790242265665,1531.6389758722748
101.65,17.61279929130726,63.40607744870614,1532.5196416201288
101.7,17.611206582805693,63.40034369810049,1533.4002417669817
101.75000000000001,17.609524677389793,63.39428883860325,1534.2807600484866
101.80000000000001,17.607924543521047,63.38852835667577,1535.1611962790093
101.85000000000001,17.605981005714,63.3815316205704,1536.0415439177402
101.90000000000002,17.60452522227577,63.37629080019278,1536.9218065734399
101.95000000000002,17.602592581681353,63.36933329405287,1537.8019845185388
102.00000000000001,17.600612953573805,63.3622066328657,1538.6820646569201
102.05000000000001,17.598287158384014,63.353833770182455,1539.562037159719
102.10000000000002,17.596095722612304,63.3459446014043,1540.441896731744
102.15,17.593818074646343,63.33774506872684,1541.3216445766755
102.2,17.59162485688789,63.329849484796405,1542.2012806499638
102.25000000000001,17.5892382054315,63.3212575395534,1543.0808022265219
102.30000000000001,17.586811016184434,63.312519658263966,1543.9602034570623
102.35000000000001,17.584398869594562,63.30383593054042,1544.8394837042067
102.4,17.582328330636486,63.29638199029135,1545.7186518842125
102.45000000000002,17.58022181359162,63.28879852892984,1546.5977156378183
102.50000000000001,17.57843812672451,63.282377256208235,1547.4766821363262
102.55000000000001,17.57708229098417,63.27749624754301,1548.355570146769
102.60000000000002,17.5759579071512,63.273448465744316,1549.2343961517224
102.65000000000002,17.57531603817461,63.271137737428596,1550.1131780003557
102.7,17.57458451436809,63.268504251725126,1550.9919255141692
102.75,17.573940142854585,63.26618451427651,1551.8706386305998
102.80000000000001,17.5730357678546,63.26292876427656,1552.7493130283676
102.85000000000001,17.572341350164663,63.26042886059279,1553.627947456318
102.9,17.571665447611,63.2579956113996,1554.5065476262623
102.95000000000002,17.571123731877922,63.25604543476052,1555.3851173557496
103.00000000000001,17.571324304357695,63.256767495687704,1556.2636785566553
103.05000000000001,17.57177112916995,63.25837606501182,1557.1422559424936
103.10000000000001,17.572090731825277,63.259526634570996,1558.0208524890186
103.15000000000002,17.572660204960886,63.261576737859194,1558.8994712624383
103.20000000000002,17.573425340038206,63.26433122413754,1559.7781234010633
103.25000000000001,17.574107929097313,63.26678854475033,1560.6568117327918
103.3,17.574880903927863,63.26957125414031,1561.5355364536174
103.35000000000001,17.576118946884886,63.274028208785595,1562.4143114498877
103.4,17.5775282530624,63.279101711024644,1563.2931526298864
103.45,17.578678812851194,63.2832437262643,1564.1720578065342
103.50000000000001,17.579631344452547,63.28667284002917,1565.0510155604668
103.55000000000001,17.58054910982455,63.289976795368375,1565.9300200718237
103.60000000000001,17.581558531054895,63.293610711797626,1566.8090727628457
103.65000000000002,17.582387922011844,63.29659651924264,1567.6881714241724
103.70000000000002,17.58269416496226,63.29769899386413,1568.5672984763469
103.75000000000001,17.582909517211192,63.298474261960294,1569.4464385684012
103.80000000000003,17.582961581713807,63.29866169416971,1570.3255853458743
103.85000000000002,17.582927668080583,63.2985396050901,1571.204732577119
103.9,17.582968665941152,63.29868719738815,1572.0838799854696
103.95,17.583022937271245,63.29888257417648,1572.96302977555
104.00000000000001,17.58301952055054,63.29887027398195,1573.8421808369956
104.05000000000001,17.58296904078945,63.29868854684202,1574.721330551029
104.10000000000001,17.583007933644915,63.298828561121695,1575.6004799753898
104.15,17.582771407282547,63.29797706621717,1576.479624458913
104.20000000000002,17.58249622224986,63.29698640009949,1577.3587561496513
104.25000000000001,17.58202768842402,63.29529967832647,1578.237869247418
104.30000000000001,17.581593585326903,63.29373690717685,1579.1169597792618
104.35000000000002,17.58119322763748,63.292295619494936,1579.9960294495859
104.40000000000002,17.58102924063053,63.291705266269915,1580.8750850112926
104.45,17.58050898166779,63.289832334004046,1581.7541234668502
104.5,17.57987978587121,63.28756722913636,1582.6331331860385
104.55000000000001,17.579404513139735,63.28585624730305,1583.5121152935137
104.60000000000001,17.579138646977707,63.28489912911975,1584.3910788725166
104.65,17.578662674478714,63.28318562812337,1585.270023905553
104.70000000000002,17.57804364254551,63.280957113163836,1586.1489415634785
104.75000000000001,17.577537551784015,63.27913518642246,1587.0278310933368
104.80000000000001,17.57745244956145,63.27882881842122,1587.9067058433704
104.85000000000001,17.577625783444965,63.27945282040188,1588.7855827991957
104.90000000000002,17.57812632542517,63.28125477153061,1589.6644766019174
104.95000000000002,17.578857317753066,63.283886343911036,1590.543401192997
105.00000000000001,17.58006791213288,63.28824448367837,1591.4223743237442
105.05000000000001,17.581019428615132,63.291669943014476,1592.3014015072629
105.10000000000001,17.581932782233004,63.29495801603881,1593.180475312534
105.15,17.583255654196588,63.299720355107716,1594.0596050234449
105.2,17.584561208498215,63.304420350593574,1594.9388004450122
105.25000000000001,17.585339488800813,63.30722215968293,1595.8180479624448
105.30000000000001,17.586313848535905,63.31072985472926,1596.6973392958782
105.35000000000001,17.587306530027103,63.314303508097574,1597.5766798053423
105.40000000000002,17.588151609297803,63.31734579347209,1598.4560662588256
105.45000000000002,17.58867335054606,63.31922406196582,1599.3354868828217
105.50000000000001,17.58834851116621,63.318054640198355,1600.2149124293644
105.55000000000003,17.587845305900245,63.316243101240886,1601.0943172747911
105.60000000000001,17.58699466067721,63.31318077843795,1601.9736882739555
105.65,17.585586652402426,63.30811194864874,1602.8530028067826
105.7,17.583078666112407,63.299083198004666,1603.7322194397454
105.75000000000001,17.579518774200714,63.28626758712257,1604.6112843757533
105.80000000000001,17.57542977776813,63.27154719996526,1605.4901580895526
105.85000000000001,17.57071800104606,63.254584803765816,1606.368811784023
105.9,17.564950384379223,63.2338213837652,1607.2472034936586
105.95000000000002,17.558592726138617,63.21093381409902,1608.1252920714217
106.00000000000001,17.551252255511177,63.18450811984024,1609.003038195963
106.05000000000001,17.543265202297498,63.15575472827099,1609.8804011324082
106.10000000000002,17.534563303048625,63.12442789097505,1610.7573468450419
106.15000000000002,17.524960485184955,63.08985774666584,1611.6338349397477
106.2,17.51471952344719,63.05299028440989,1612.5098269399634
106.25,17.503898026557188,63.01403289560588,1613.3852923787135
106.30000000000001,17.492591469441315,62.97332928998873,1614.2602046161135
106.35000000000001,17.48069110959633,62.93048799454679,1615.1345366805895
106.4,17.468372722868793,62.88614180232766,1616.008263276401
106.45000000000002,17.455570021176666,62.840052076236,1616.8813618450022
106.50000000000001,17.44235409301729,62.792474734862246,1617.753809947857
106.55000000000001,17.428762436843396,62.74354477263623,1618.6255878611034
106.60000000000002,17.414914592005815,62.69369253122093,1619.4966797868246
106.65000000000002,17.400717600498226,62.64258336179361,1620.3670705916372
106.70000000000002,17.386328091504055,62.5907811294146,1621.2367467339373
106.75000000000001,17.372012160618347,62.53924377822605,1622.1057052402402
106.80000000000001,17.35808542288607,62.48910752238985,1622.973957679828
106.85000000000001,17.34421011946012,62.43915643005643,1623.8415150683866
106.9,17.3303756410438,62.38935230775768,1624.7083797123992
106.95,17.316772696461637,62.3403817072619,1625.5745584208369
107.00000000000001,17.30355831661075,62.2928099397987,1626.4400666961637
107.05000000000001,17.291165470602458,62.24819569416885,1627.304934790844
107.10000000000001,17.279193192791045,62.20509549404776,1628.169193757429
107.15000000000002,17.267872613712925,62.16434140936653,1629.0328704025915
107.20000000000002,17.25759568985554,62.12734448347994,1629.8960071101808
107.25000000000001,17.248573502060054,62.0948646074162,1630.7586613399787
107.30000000000003,17.240135110520978,62.06448639787552,1631.6208790552932
107.35000000000001,17.23293829809659,62.03857787314773,1632.4827058905087
107.4,17.226875545292746,62.016751963053885,1633.3442012365933
107.45,17.222240058816837,62.000064211740614,1634.2054291266961
107.50000000000001,17.21887460792869,61.98794858854328,1635.0664569933647
107.55000000000001,17.216448253473096,61.979213712503146,1635.9273400648997
107.60000000000001,17.21530707800768,61.97510548082765,1636.7881339481867
107.65,17.215428514156798,61.97554265096448,1637.6489023379909
107.70000000000002,17.216389102715564,61.97900076977603,1638.5096977784126
107.75000000000001,17.217901433375722,61.9844451601526,1639.370555041815
107.80000000000001,17.22058856078326,61.994118818819736,1640.231517291669
107.85000000000002,17.223504721198797,62.00461699631567,1641.0926196237185
107.90000000000002,17.227087683325234,62.01751565997084,1641.9538844338317
107.95,17.231036644708166,62.0317319209494,1642.8153375420325
108.0,17.23564763133745,62.04833147281482,1643.6770046489337
108.05000000000001,17.241179019378933,62.06824446976416,1644.5389253152016
108.10000000000001,17.246787946083753,62.088436605901514,1645.4011244893381
108.15,17.252481742473403,62.10893427290425,1646.263606231552
108.20000000000002,17.258175146146726,62.12943052612822,1647.1263726537677
108.25000000000001,17.26468973168795,62.15288303407663,1647.9894442757136
108.30000000000001,17.27165215817431,62.17794776942751,1648.8528528229601
108.35000000000002,17.27865656881073,62.20316364771863,1649.7166105411347
108.40000000000002,17.285867764803058,62.22912395329101,1650.580723649475
108.45000000000002,17.293396809976773,62.25622851591638,1651.4452052638444
108.50000000000001,17.301074153907052,62.28386695406539,1652.3100670379415
108.55000000000001,17.308750034496992,62.31150012418917,1653.1753126426515
108.60000000000001,17.31635679238886,62.33888445259989,1654.0409403133237
108.65,17.323940581318112,62.3661860927452,1654.9069477476664
108.7,17.33147327714423,62.39330379771923,1655.773333094128
108.75000000000001,17.33889426089048,62.42001933920573,1656.640092282579
108.80000000000001,17.34612401668913,62.44604646008087,1657.5072177395184
108.85000000000001,17.35309559546803,62.47114414368491,1658.3746982298223
108.90000000000002,17.359781944661098,62.49521500077995,1659.2425201683257
108.95000000000002,17.366001170778393,62.51760421480222,1660.1106647462116
109.00000000000001,17.371997025579677,62.53918929208684,1660.9791147011206
109.05000000000003,17.377775105747755,62.55999038069192,1661.8478590044037
109.10000000000001,17.383130105551043,62.57926837998376,1662.7168816346862
109.15,17.388184720707507,62.597464994547025,1663.5861645053426
109.2,17.393231593687894,62.61563373727642,1664.4556999132026
109.25000000000001,17.397963932828745,62.63267015818348,1665.3254798013654
109.30000000000001,17.402073785425344,62.64746562753124,1666.1954807443217
109.35000000000001,17.40582755247651,62.660979188915434,1667.0656782777692
109.40000000000002,17.40922508660274,62.67321031176986,1667.9360545937461
109.45000000000002,17.41237307066922,62.68454305440919,1668.8065945476778
109.50000000000001,17.41525303522352,62.69491092680468,1669.677285200325
109.55000000000001,17.41809265536731,62.70513355932232,1670.54811884259
109.60000000000002,17.420619101478763,62.71422876532355,1671.419086636511
109.65000000000002,17.42295617671307,62.72264223616705,1672.290176018466
109.7,17.4251692146704,62.730609172813445,1673.1613791532504
109.75,17.42708705889487,62.737513412021535,1674.0326855600895
109.80000000000001,17.428545122089997,62.742762439523986,1674.9040763646142
109.85000000000001,17.429963236759022,62.74786765233248,1675.7755390735854
109.9,17.431233347240404,62.75244005006546,1676.6470689881853
109.95000000000002,17.43248865716996,62.75695916581185,1677.5186620382956
110.00000000000001,17.43335169139541,62.760066089023475,1678.3903080470097
110.05000000000001,17.433898971496777,62.7620362973884,1679.261989313582
110.10000000000002,17.434390665384367,62.763806395383725,1680.133696554504
110.15000000000002,17.435157765183806,62.7665679546617,1681.0054352652683
110.20000000000002,17.435773120359556,62.76878323329441,1681.877208537407
110.25000000000001,17.43629804579078,62.77067296484682,1682.7490103165605
110.30000000000001,17.436824031708152,62.77256651414935,1683.620838368498
110.35000000000001,17.4373317824216,62.77439441671777,1684.4926922638513
110.4,17.438028005098605,62.77690081835498,1685.3645762585393
110.45,17.438528946828292,62.77870420858185,1686.2364901823375
110.50000000000001,17.43911471192534,62.78081296293122,1687.1084312738064
110.55000000000001,17.439427773617236,62.78193998502205,1687.980394835945
110.60000000000001,17.439608334925726,62.782590005732615,1688.8523707386585
110.65000000000002,17.439717187805204,62.78298187609874,1689.7243538767268
110.70000000000002,17.43963752062953,62.782695074266314,1690.5963377444377
110.75000000000001,17.4398105667872,62.783318040433926,1691.468323946623
110.80000000000003,17.439712036048828,62.78296332977578,1692.3403120116939
110.85000000000001,17.439514239828874,62.78225126338395,1693.2122926685909
110.9,17.4392136349365,62.7811690857714,1694.08426086546
110.95,17.43899048025442,62.78036572891592,1694.9562159683398
111.00000000000001,17.43875447573969,62.77951611266288,1695.8281595922397
111.05000000000001,17.438392261462575,62.77821214126527,1696.7000882606696
111.10000000000001,17.438139995273335,62.77730398298401,1697.5720015670881
111.15000000000002,17.43796118135606,62.77666025288181,1698.443904096504
111.20000000000002,17.437792823526692,62.77605416469609,1699.315797946626
111.25000000000001,17.43767133383687,62.77561680181274,1700.18768455056
111.30000000000001,17.43786926539759,62.77632935543133,1701.059573065541
111.35000000000002,17.438484223865224,62.77854320591481,1701.9314819027725
111.40000000000002,17.439165950380403,62.78099742136945,1702.8034231571287
111.45,17.439618666064202,62.78262719783113,1703.67539277254
111.5,17.440367097075058,62.78532154947021,1704.5473924166183
111.55000000000001,17.441063860544865,62.787829897961515,1705.4194281905588
111.60000000000001,17.441234980187566,62.78844592867524,1706.291485661577
111.65,17.44099711625799,62.78758961852876,1707.1635414639882
111.70000000000002,17.440661138510567,62.78638009863804,1708.0355829203575
111.75000000000001,17.44005114063681,62.78418410629252,1708.907600727336
111.80000000000001,17.439443239341042,62.781995661627754,1709.7795880868355
111.85000000000002,17.43845395315427,62.77843423135537,1710.6515355166478
111.90000000000002,17.43650936689982,62.771433720839354,1711.523409599649
111.95000000000002,17.434414360219545,62.76389169679037,1712.3951826928271
112.00000000000001,17.43191440680947,62.754891864514086,1713.2668409120029
112.05000000000001,17.428770095128485,62.74357234246255,1714.1383580245513
112.10000000000001,17.424317450351584,62.7275428212657,1715.0096852131883
112.15,17.419008315797562,62.70842993687123,1715.880768357342
112.20000000000002,17.412924358973527,62.6865276923047,1716.7515666742113
112.25000000000001,17.40600622433667,62.66162240761202,1717.622039938794
112.30000000000001,17.39813527100623,62.633286975622426,1718.4921434761775
112.35000000000001,17.38904212542876,62.60055165154353,1719.3618229110884
112.40000000000002,17.379311739769644,62.56552226317072,1720.2310317577185
112.45000000000002,17.368894885092736,62.52802158633385,1721.09973692334
112.50000000000001,17.357534478953042,62.48712412423095,1721.9678976574412
112.55000000000003,17.344877214726154,62.441557973014156,1722.8354579497832
112.60000000000001,17.33118609132676,62.39226992877634,1723.7023595324345
112.65,17.316563954240472,62.3396302352657,1724.5685532835737
112.7,17.300878041399713,62.283160949038965,1725.4339893334648
112.75000000000001,17.28423702174472,62.22325327828099,1726.2986172100434
112.80000000000001,17.266811305646403,62.160520700327055,1727.1623934182282
112.85000000000001,17.248838878308785,62.09581996191163,1728.0252846728272
112.90000000000002,17.230287607198328,62.02903538591398,1728.8872628349648
112.95000000000002,17.211190135481175,61.96028448773223,1729.7482997785316
113.00000000000001,17.191524031439247,61.88948651318129,1730.6083676327046
113.05000000000001,17.171337039758985,61.816813343132345,1731.4674391594845
113.10000000000002,17.151036652856483,61.74373195028334,1732.3254985017998
113.15000000000002,17.13048488625943,61.66974559053396,1733.1825365402776
113.2,17.10985784833703,61.595488254013304,1734.0385451086424
113.25,17.089321937138738,61.521558973699456,1734.8935246032793
113.30000000000001,17.068716815296224,61.44738053506641,1735.7474755720903
113.35000000000001,17.04830378590946,61.37389362927406,1736.6004010871204
113.4,17.028428906951685,61.30234406502607,1737.452319404442
113.45000000000002,17.009096588402908,61.23274771825047,1738.3032575418258
113.50000000000001,16.990371391229722,61.165337008427,1739.1532442413165
113.55000000000001,16.972566438648325,61.10123917913397,1740.0023176870634
113.60000000000002,16.95568422698618,61.04046321715025,1740.8505239537042
113.65000000000002,16.939755199298293,60.98311871747386,1741.6979099393614
113.70000000000002,16.924832140383998,60.9293957053824,1742.5445246228535
113.75,16.91113806242473,60.880097024729025,1743.3904238779237
113.80000000000001,16.898781880774685,60.835614770788865,1744.2356718765036
113.85000000000001,16.88722933072948,60.79402559062613,1745.0803221567912
113.9,16.87626566615897,60.7545563981723,1745.9244095317135
113.95000000000002,16.866164555911787,60.71819240128244,1746.7679702872654
114.00000000000001,16.857448138197743,60.686813297511875,1747.6110606046182
114.05000000000001,16.849372002754556,60.65773920991641,1748.453731108142
114.10000000000001,16.84209452184827,60.63154027865377,1749.296017771257
114.15000000000002,16.836050547258807,60.609781970131706,1750.1379713979848
114.20000000000002,16.831603425474956,60.59377233170984,1750.979662747303
114.25000000000001,16.828043338472334,60.5809560185004,1751.8211539164017
114.30000000000003,16.82513695420943,60.57049303515395,1752.6624834237189
114.35000000000001,16.822828805592614,60.56218370013341,1753.503682567714
114.4,16.82138628922437,60.55699064120774,1754.3447879450844
114.45,16.82080956705742,60.554914441406716,1755.1858428414914
114.50000000000001,16.820082751157994,60.55229790416878,1756.0268651494468
114.55000000000001,16.819396861647046,60.54982870192937,1756.867852139767
114.60000000000001,16.819128191472736,60.54886148930185,1757.708815266095
114.65000000000002,16.819683237194052,60.55085965389859,1758.5497855518115
114.70000000000002,16.820182468472446,60.552656886500806,1759.390782194453
114.75000000000001,16.820685455203627,60.55446763873306,1760.231803892545
114.80000000000001,16.821632335821135,60.55787640895609,1761.0728618373207
114.85000000000002,16.822703372518955,60.56173214106824,1761.9139702300292
114.90000000000002,16.823957011598328,60.56624524175398,1762.7551367396322
114.95,16.824760286349612,60.569137030858606,1763.596354672081
115.00000000000001,16.824532497323474,60.56831699036451,1764.4375869916728
115.05000000000001,16.82370260897654,60.56532939231554,1765.2787928693303
115.10000000000001,16.82292153879133,60.562517539648795,1766.1199584730246
115.15,16.82190064058805,60.558842306116986,1766.961079027509
115.20000000000002,16.82036785623792,60.55332428245651,1767.8021357399296
115.25000000000001,16.81883578901643,60.54780884045915,1768.6431158310609
115.30000000000001,16.817158877269257,60.54177195816933,1769.484015697718
115.35000000000002,16.81477959212686,60.5332065316567,1770.324814159453
115.40000000000002,16.811434108310202,60.52116278991673,1771.1654695019638
115.45000000000002,16.807723887340373,60.50780599442535,1772.0059484518551
115.5,16.803568754640565,60.492847516706036,1772.8462307679047
115.55000000000001,16.799015443833255,60.47645559779972,1773.6862953728664
115.60000000000001,16.793734530173193,60.457444308623494,1774.5261141222165
115.65,16.78724898840539,60.43409635825941,1775.365638710181
115.70000000000002,16.780216845077533,60.40878064227912,1776.204825356018
115.75000000000001,16.772584392969467,60.381303814690085,1777.0436453869693
115.80000000000001,16.764236004686754,60.351249616872316,1777.8820658969107
115.85000000000001,16.75493784243415,60.31777623276294,1778.7200452430886
115.90000000000002,16.745333441032834,60.2832003877182,1779.5575520251753
115.95000000000002,16.735193184419696,60.24669546391091,1780.3945651908116
116.00000000000001,16.72473207876163,60.20903548354187,1781.231063322391
116.05000000000003,16.7134249888999,60.168329960039635,1782.0670172490825
116.10000000000001,16.70093094544594,60.12335140360538,1782.9023761474411
116.15,16.688096971293092,60.077149096655134,1783.7371018453596
116.2,16.67474669600782,60.02908810562815,1784.571172937042
116.25000000000001,16.660444389805996,59.97759980330159,1785.4045527141875
116.30000000000001,16.64479131953091,59.92124875031128,1786.237183606921
116.35000000000001,16.62867868327637,59.863243259794935,1787.0690203569911
116.40000000000002,16.612203872409196,59.80393394067311,1787.9000424208832
116.45000000000002,16.595147740450248,59.74253186562089,1788.7302262112048
116.50000000000001,16.576985241010654,59.677146867638356,1789.5595295357414
116.55000000000003,16.557423913531352,59.60672608871287,1790.387889764605
116.60000000000002,16.537555700993337,59.535200523576016,1791.2152642549681
116.65000000000002,16.517364465087496,59.462512074314986,1792.04163725912
116.7,16.496346398674298,59.386847035227476,1792.866980030714
116.75000000000001,16.473839328557624,59.30582158280745,1793.691234673895
116.80000000000001,16.450880136583763,59.22316849170155,1794.5143526605236
116.85000000000001,16.427609742142756,59.13939507171393,1795.336314907492
116.9,16.403220684740674,59.05159446506643,1796.157085668164
116.95000000000002,16.377387700156923,58.95859572056492,1796.9766008777865
117.00000000000001,16.351425101572357,58.865130365660484,1797.7948211978298
117.05000000000001,16.325573315583817,58.772063936101745,1798.6117461582587
117.10000000000002,16.299449186275123,58.67801707059044,1799.4273717208052
117.15000000000002,16.272166110168698,58.57979799660731,1800.2416621032164
117.20000000000002,16.2435476226754,58.47677144163144,1801.0545549465376
117.25,16.214914263284918,58.373691347825705,1801.8660164936866
117.30000000000001,16.185887390354566,58.26919460527644,1802.6760365350276
117.35000000000001,16.155324145530013,58.159166923908046,1803.4845668234248
117.4,16.12308002922711,58.0430881052176,1804.2915269277937
117.45000000000002,16.090381564660742,57.92537363277867,1805.096863467641
117.50000000000001,16.057438987996164,57.80678035678619,1805.9005589814574
117.55000000000001,16.024534486693344,57.688324152096044,1806.7026083183246
117.60000000000001,15.99064450439553,57.56632021582391,1807.5029877931017
117.65000000000002,15.955473030826592,57.43970291097573,1808.3016407314824
117.70000000000002,15.920383836079235,57.31338180988525,1809.0985371531551
117.75000000000001,15.885244835740142,57.18688140866451,1809.8936778699506
117.80000000000003,15.848771417336824,57.05557710241257,1810.6870282762775
117.85000000000001,15.810991089260014,56.91956792133605,1811.4785223389424
117.9,15.773300422602759,56.783881521369935,1812.268129626739
117.95,15.735969925537919,56.64949173193651,1813.0558613854425
118.00000000000001,15.697811484825943,56.512121345373394,1813.8417059207015
118.05000000000001,15.658219384582274,56.36958978449619,1814.6256066924368
118.10000000000001,15.618254106509074,56.225714783432664,1815.407518529714
118.15000000000002,15.578282478128044,56.08181692126096,1816.18743194433
118.20000000000002,15.538593650422303,55.93893714152029,1816.9653538475438
118.25000000000001,15.49800971076551,55.79283495875584,1817.7412689315736
118.30000000000003,15.456403166382573,55.64305139897726,1818.5151292535022
118.35000000000002,15.414927780380513,55.493740009369844,1819.2869125271714
118.4,15.373959770813856,55.34625517492989,1820.0566347159513
118.45,15.332201477942151,55.19592532059175,1820.8242887471702
118.50000000000001,15.289551801073172,55.04238648386342,1821.5898325791457
118.55000000000001,15.246693056810363,54.88809500451731,1822.3532387005928
118.60000000000001,15.204048957932457,54.73457624855685,1823.1145072509614
118.65,15.161943252856155,54.582995710282155,1823.8736570562312
118.70000000000002,15.118890410547126,54.428005477969656,1824.6306778978162
118.75000000000001,15.074814580996879,54.26933249158876,1825.3855205226048
118.80000000000001,15.031096757804468,54.111948328096084,1826.138168306075
118.85000000000002,14.988229613100025,53.95762660716009,1826.8886514653475
118.90000000000002,14.944607355821507,53.80058648095743,1827.6369723895705
118.95000000000002,14.900152558315405,53.64054920993546,1828.383091387424
119.0,14.855778062236409,53.480801024051075,1829.1269896529377
119.05000000000001,14.811795263685255,53.32246294926692,1829.8686789860858
119.10000000000001,14.76870838798924,53.16735019676126,1830.6081915773777
119.15,14.725195138319666,53.0107024979508,1831.3455391655355
119.20000000000002,14.68100935364839,52.8516336731342,1832.0806942778347
119.25000000000001,14.63749608376641,52.69498590155907,1832.81365691377
119.30000000000001,14.595119833260505,52.542431399737815,1833.5444723116957
119.35000000000002,14.552380566253976,52.38857003851432,1834.2731598216835
119.40000000000002,14.508963218569178,52.23226758684904,1834.9996934163041
119.45000000000002,14.466227792363764,52.07842005250955,1835.7240731915774
119.50000000000001,14.42462303148825,51.928642913357706,1836.4463444621738
119.55000000000003,14.382482417808669,51.77693670411121,1837.1665220984062
119.60000000000001,14.33974004214641,51.62306415172708,1837.884577659905
119.65,14.297178966527653,51.469844279499554,1838.600500635122
119.7,14.255378902971731,51.31936405069823,1839.3143145818594
119.75000000000001,14.21487629608176,51.173554665894336,1840.0260709618358
119.80000000000001,14.174074483200826,51.026668139522975,1840.7357947313178
119.85000000000001,14.132872090674146,50.87833952642693,1841.4434683956647
119.90000000000002,14.09261985634321,50.733431482835556,1842.14910569434
119.95000000000002,14.05370266545728,50.59332959564621,1842.852763757385
120.00000000000001,14.014561523938573,50.452421486178864,1843.55447036212
120.05000000000003,13.974916650110597,50.30969994039815,1844.2542073164711
120.10000000000002,13.935404895267101,50.167457622961564,1844.9519653551056
120.15,13.897185546205144,50.02986796633852,1845.6477801161425
120.2,13.860379755846663,49.89736712104799,1846.3417192486938
120.25000000000001,13.822807528516341,49.76210710265883,1847.033798930803
120.30000000000001,13.784664576465142,49.62479247527451,1847.7239857334275
120.35000000000001,13.747422301050095,49.49072028378034,1848.4122879053655
120.4,13.711242210185095,49.360471956666345,1849.0987545181463
120.45000000000002,13.674570496080896,49.228453785891226,1849.783399835803
120.50000000000001,13.637284614897716,49.09422461363178,1850.4661962135774
120.55000000000001,13.600450956380312,48.96162344296913,1851.1471396028594
120.60000000000002,13.564624085017279,48.83264670606221,1851.8262664788942
120.65000000000002,13.529112447451373,48.704804810824946,1852.503609892206
120.70000000000002,13.4933623600495,48.5761044961782,1853.1791717623935
120.75,13.457059236698655,48.44541325211516,1853.8529323023122
120.80000000000001,13.421441384447775,48.31718898401199,1854.5248948178407
120.85000000000001,13.386941647268644,48.19298993016712,1855.1951043936338
120.9,13.352193535073996,48.06789672626638,1855.8635827731923
120.95000000000002,13.317137115475372,47.941693615711344,1856.530316039456
121.00000000000001,13.283085545554556,47.8191079639964,1857.1953216059817
121.05000000000001,13.250304072872508,47.70109466234103,1857.8586563464423
121.10000000000002,13.21741686718174,47.582700721854266,1858.5203493699437
121.15000000000002,13.184508845815145,47.464231844934524,1859.1803975127686
121.20000000000002,13.152034798984609,47.34732527634459,1859.8388111038887
121.25000000000001,13.120632827985109,47.234278180746394,1860.495627794563
121.30000000000003,13.090584901108214,47.12610564398957,1861.1509082377904
121.35000000000001,13.060549687962869,47.01797887666633,1861.8046866025172
121.4,13.030158450352852,46.90857042127027,1862.4569543059752
121.45,13.000616850260094,46.80222066093634,1863.1077236884905
121.50000000000001,12.97204577854222,46.699364802751994,1863.7570402542106
121.55000000000001,12.94330900999972,46.59591243599899,1864.404924123924
121.60000000000001,12.914512211681695,46.492243962054104,1865.051369654466
121.65000000000002,12.885974568625965,46.38950844705347,1865.6963818239738
121.70000000000002,12.858232195510855,46.28963590383908,1866.3399869930772
121.75000000000001,12.831395560117562,46.19302401642322,1866.982227686968
121.80000000000003,12.804279538488657,46.095406338559165,1867.6231195644332
121.85000000000002,12.776820934787118,45.996555365233625,1868.262647076265
121.9,12.75020452156593,45.90073627763735,1868.9008227126737
121.95,12.724647822418927,45.80873216070814,1869.5376940212734
122.00000000000001,12.6989366988884,45.71617211599824,1870.173283634306
122.05000000000001,12.673129687312688,45.62326687432568,1870.807585293961
122.10000000000001,12.648340417129578,45.534025501666484,1871.4406220465721
122.15000000000002,12.624594461027375,45.44854005969855,1872.072445418526
122.20000000000002,12.600819627159622,45.36295065777464,1872.7030807707308
122.25000000000001,12.577141864554964,45.27771071239787,1873.3325298080238
122.30000000000001,12.553709097501839,45.19335275100662,1873.9608010820752
122.35000000000002,12.530974515440093,45.11150825558433,1874.5879181723988
122.40000000000002,12.509084515639225,45.03270425630121,1875.2139196481758
122.45000000000002,12.48681784088202,44.952544227175274,1875.8388172070888
122.5,12.464208578919873,44.87115088411154,1876.462592867584
122.55000000000001,12.442216310225612,44.7919787168122,1877.0852534898127
122.60000000000001,12.421029664343537,44.715706791636734,1877.7068346391768
122.65,12.399677430302287,44.63883874908824,1878.327352316543
122.70000000000002,12.377380396951336,44.558569429024814,1878.9467787622243
122.75000000000001,12.354384754782053,44.475785117215395,1879.5650728910177
122.80000000000001,12.331848114418912,44.394653211908086,1880.1822287127477
122.85000000000002,12.30981595321036,44.3153374315573,1880.7982703144385
122.90000000000002,12.287191677800807,44.233890040082905,1881.4131955052137
122.95000000000002,12.26415694401015,44.15096499843654,1882.026979220759
123.00000000000001,12.241584024971932,44.06970248989896,1882.6396227449834
123.05000000000003,12.21946336972129,43.99006813099664,1883.2511489298508
123.10000000000001,12.197071083210203,43.90945589955673,1883.861562291174
123.15,12.174408144758365,43.827869321130116,1884.4708492718732
123.2,12.151638281716147,43.74589781417813,1885.0790004325352
123.25000000000001,12.129016866267325,43.66446071856237,1885.6860168112348
123.30000000000001,12.106960801573244,43.58505888566368,1886.2919162529308
123.35000000000001,12.084830044933941,43.50538816176219,1886.8967110240935
123.40000000000002,12.062517133247262,43.425061679690145,1887.500394703548
123.45000000000002,12.040798862629432,43.34687590546596,1888.102977603445
123.50000000000001,12.01966478687698,43.27079323275713,1888.7044891946825
123.55000000000003,11.998289100802898,43.19384076289043,1889.3049380418745
123.60000000000002,11.976831628164916,43.1165938613937,1889.9043160600986
123.65,11.956069537076289,43.04185033347464,1890.5026385892297
123.7,11.935927807441127,42.96934010678806,1891.0999385228426
123.75000000000001,11.91552102932773,42.895875705579826,1891.6962247437618
123.80000000000001,11.894836760256327,42.821412336922776,1892.2914836885013
123.85000000000001,11.874149290211086,42.746937444759915,1892.885708339763
123.90000000000002,11.853953453923097,42.67423243412315,1893.4789109083663
123.95000000000002,11.834399515884842,42.60383825718543,1894.0711197326116
124.00000000000001,11.814598682011864,42.53255525524271,1894.662344687559
124.05000000000001,11.794622468113356,42.460640885208086,1895.2525752163122
124.10000000000002,11.775086829147693,42.39031258493169,1895.8418179487437
124.15000000000002,11.756080410464898,42.321889477673636,1896.4300971297341
124.20000000000002,11.736834254878264,42.25260331756175,1897.0174199963676
124.25,11.717474290633772,42.18290744628158,1897.6037777100055
124.30000000000001,11.698387375116141,42.11419455041811,1898.1891742516493
124.35000000000001,11.679733243123168,42.047039675243404,1898.7736272671052
124.4,11.661537349997127,41.98153445998966,1899.3571590319332
124.45000000000002,11.643025906581856,41.91489326369469,1899.9397731133477
124.50000000000001,11.624505245674783,41.84821888442922,1900.5214613921542
124.55000000000001,11.606782830684477,41.784418190464116,1901.102243594063
124.60000000000002,11.589607661136652,41.72258758009195,1901.6821533563586
124.65000000000002,11.572164502236859,41.65979220805269,1902.261197660443
124.70000000000002,11.55452719060963,41.59629788619467,1902.8393649527643
124.75000000000001,11.53735048485541,41.534461745479476,1903.4166618946508
124.80000000000003,11.520598528415304,41.474154702295095,1903.9931106199826
124.85000000000001,11.503448219939614,41.41241359178261,1904.5687117886914
124.9,11.48574473073328,41.34868103063981,1905.1434416124582
124.95000000000002,11.467753088048353,41.28391111697407,1905.7172790579277
125.00000000000001,11.449994658221426,41.219980769597136,1906.2902227515845
125.05000000000001,11.432441594383137,41.15678973977929,1906.8622836578995
125.10000000000001,11.4146374784307,41.092694922350525,1907.43346063472
125.15000000000002,11.396467119342276,41.02728162963219,1908.0037382496644
125.20000000000002,11.378436552564528,40.962371589232305,1908.573110841462
125.25000000000001,11.36074554753001,40.898683971108035,1909.1415903939644
125.30000000000003,11.34300229322993,40.83480825562775,1909.7091840899834
125.35000000000002,11.325303989108267,40.77109436078976,1910.275891747042
125.4,11.307821539757832,40.708157543128195,1910.8417198852635
125.45,11.291037386978871,40.647734593123936,1911.406691358432
125.50000000000001,11.274484256260951,40.58814332253942,1911.970829399513
125.55000000000001,11.257685387898318,40.52766739643395,1912.5341336406168
125.60000000000001,11.24090759341077,40.46726733627877,1913.0965984651496
125.65000000000002,11.224545968671949,40.408365487219015,1913.6582348042016
125.70000000000002,11.208760475061382,40.351537710220974,1914.219067465295
125.75000000000001,11.19312684848947,40.295256654562095,1914.7791146483837
125.80000000000001,11.177862725017208,40.24030581006195,1915.3383893877215
125.85000000000002,11.16304331381204,40.18695592972335,1915.896912038692
125.90000000000002,11.148651397577066,40.13514503127744,1916.4547044064768
125.95000000000002,11.134928666976654,40.08574320111595,1917.0117939080906
126.0,11.121481865086164,40.03733471431019,1917.5682041713922
126.05000000000001,11.108319741027108,39.98995106769759,1918.123949211545
126.10000000000001,11.0960435797313,39.94575688703268,1918.6790582945641
126.15,11.084456145793908,39.90404212485807,1919.2335707877023
126.20000000000002,11.073013753310622,39.86284951191824,1919.7875075351799
126.25000000000001,11.061900260683592,39.82284093846093,1920.3408803855298
126.30000000000001,11.051536324499377,39.78553076819776,1920.8937163001594
126.35000000000002,11.041900975619916,39.7508435122317,1921.4460522326624
126.40000000000002,11.032389791437973,39.71660324917671,1921.9979095018389
126.45000000000002,11.022977500677232,39.682719002438034,1922.5492936841417
126.50000000000003,11.013873588032228,39.64994491691602,1923.1002149613594
126.55000000000001,11.005353916760145,39.61927410033652,1923.650695648979
126.60000000000001,10.99758123793303,39.59129245655891,1924.2007690278465
126.65,10.989860654212261,39.56349835516414,1924.75045507515
126.70000000000002,10.982014288294419,39.53525143785991,1925.2997519487128
126.75000000000001,10.97449681957164,39.5081885504579,1925.8486647264094
126.80000000000001,10.967164631723007,39.48179267420282,1926.3972062626917
126.85000000000001,10.959367410280073,39.453722677008265,1926.945369563742
126.90000000000002,10.951395287446505,39.425023034807424,1927.493138631185
126.95000000000002,10.94361439819974,39.397011833519066,1928.0405138733263
127.00000000000001,10.936249407323189,39.37049786636348,1928.5875104684644
127.05000000000003,10.928990680807255,39.344366450906115,1929.1341414706676
127.10000000000002,10.920848529294144,39.31505470545892,1929.68038745092
127.15,10.912063245180438,39.283427682649574,1930.226210245282
127.2,10.903308617524209,39.25191102308715,1930.7715945418495
127.25000000000001,10.89428902876564,39.2194405035563,1931.3165344830068
127.30000000000001,10.88423845334093,39.18325843202735,1931.8609976700595
127.35000000000001,10.873061388571255,39.14302099885652,1932.4049301661073
127.40000000000002,10.861439413972452,39.10118189030083,1932.9482926861708
127.45000000000002,10.849647702665191,39.05873172959469,1933.4910698640867
127.50000000000001,10.836957650680576,39.013047542450074,1934.0332349979203
127.55000000000001,10.823624856150488,38.96504948214176,1934.574749560591
127.60000000000002,10.809804344698398,38.91529564091423,1935.1155852906122
127.65000000000002,10.795764738850547,38.86475305986197,1935.655724517701
127.70000000000002,10.781397593523893,38.81303133668602,1936.1951535760104
127.75000000000001,10.76595204448844,38.75742736015839,1936.7338373169607
127.80000000000001,10.750254657716116,38.70091676777802,1937.271742484516
127.85000000000001,10.734633927737853,38.64468213985627,1937.8088646991523
127.9,10.718726766200772,38.587416358322784,1938.3451987165008
127.95000000000002,10.701699467907574,38.526118084467264,1938.8807093723535
128.00000000000003,10.683601138492394,38.46096409857262,1939.4153418875135
128.05,10.665376013661891,38.39535364918281,1939.9490663163174
128.10000000000002,10.647207053601603,38.32994539296577,1940.481880892999
128.15,10.628946916761395,38.264208900341025,1941.0137847422582
128.20000000000002,10.609747996495827,38.19509278738498,1941.5447521150895
128.25000000000003,10.589673025910836,38.12282289327901,1942.0747376406498
128.3,10.569440527735713,38.049985899848565,1942.603715479491
128.35,10.54902842488828,37.976502329597814,1943.1316772033067
128.4,10.527512195476326,37.89904390371478,1943.6585907188157
128.45000000000002,10.505411186369752,37.81948027093111,1944.1844138033618
128.5,10.483223928952707,37.73960614422975,1944.7091296812448
128.55,10.4608852252826,37.65918681101736,1945.2327324101007
128.60000000000002,10.43836449911796,37.578112196824655,1945.7552136532106
128.65,10.41476740315771,37.493162651367754,1946.2765419507675
128.70000000000002,10.390515774798576,37.40585678927488,1946.7966740302165
128.75000000000003,10.366334260432584,37.318803337557306,1947.3155952810973
128.8,10.342088546135415,37.2315187660875,1947.8333058512615
128.85000000000002,10.31684640623601,37.14064706244964,1948.3497792250707
128.9,10.290939473764439,37.04738210555198,1948.8649738720708
128.95000000000002,10.265041493869068,36.954149377928644,1949.3788733962617
129.0,10.239229813797293,36.86122732967026,1949.8914801789533
129.05,10.212447167584084,36.764809803302704,1950.402772103488
129.10000000000002,10.184975478914316,36.665911724091536,1950.9127076696504
129.15,10.15696709510895,36.56508154239222,1951.421256234001
129.20000000000002,10.128724770672164,36.463409174419795,1951.9283985306456
129.25000000000003,10.100431089483866,36.36155192214192,1952.4341274271494
129.3,10.071243838126746,36.25647781725628,1952.9384193003398
129.35000000000002,10.041611141850254,36.14980011066091,1953.4412406748393
129.40000000000003,10.012259309913011,36.04413351568684,1953.9425874361334
129.45000000000002,9.982873340105199,35.938344024378715,1954.442465752384
129.5,9.952411330553296,35.82868078999187,1954.9408478691503
129.55,9.921222034577383,35.71639932447858,1955.4376887032786
129.60000000000002,9.889594494051586,35.60254017858571,1955.9329591164942
129.65,9.858213186216108,35.48956747037799,1956.426654308501
129.70000000000002,9.826919560758299,35.37691041872988,1956.9187826271752
129.75000000000003,9.794556154369822,35.26040215573136,1957.4093195200535
129.8,9.76164255000657,35.14191318002366,1957.898224487663
129.85000000000002,9.729157474297619,35.02496690747143,1958.3854944882705
129.9,9.69706512314763,34.90943444333146,1958.8711500532067
129.95000000000002,9.664280026805294,34.79140809649906,1959.3551836819556
130.00000000000003,9.631170039696705,34.672212142908144,1959.8375699336182
130.05,9.598728547262455,34.55542277014484,1960.318317398292
130.1,9.566669897230275,34.44001163002899,1960.7974523594044
130.15,9.534091810988082,34.3227305195571,1961.2749714021097
130.20000000000002,9.50123308401037,34.204439102437334,1961.7508545244846
130.25,9.468611588041393,34.08700171694901,1962.225100641286
130.3,9.436930288465506,33.972949038475825,1962.6977391881987
130.35000000000002,9.405304237448469,33.85909525481449,1963.1687950513465
130.4,9.372851687116107,33.742266073617984,1963.6382489494606
130.45000000000002,9.340351820739771,33.62526655466318,1964.106079037157
130.50000000000003,9.308590553780093,33.51092599360833,1964.57230259652
130.55,9.277364499670496,33.39851219881378,1965.0369514728563
130.60000000000002,9.245470801898648,33.283694886835136,1965.5000223553957
130.65,9.213337017909458,33.16801326447405,1965.9614925508909
130.70000000000002,9.180992078565653,33.05157148283635,1966.4213507783027
130.75,9.149121252622809,32.93683650944212,1966.8796036115823
130.8,9.117893291767118,32.824415850361625,1967.336278975192
130.85000000000002,9.086142543940326,32.71011315818517,1967.7913798710847
130.9,9.053961225245654,32.59426041088436,1968.2448824653143
130.95000000000002,9.022578667599035,32.481283203356526,1968.6967959626354
131.00000000000003,8.991845643993807,32.37064431837771,1969.1471565704253
131.05,8.960459401035887,32.257653843729194,1969.595964196551
131.10000000000002,8.928865283976574,32.14391502231567,1970.0431973136763
131.15000000000003,8.89743401581989,32.03076245695161,1970.4888547961712
131.20000000000002,8.866741651469868,31.920269945291523,1970.9329591878534
131.25,8.836574187143002,31.81166707371481,1971.3755420838188
131.3,8.805863245498806,31.7011076837957,1971.8166030196348
131.35000000000002,8.774835785587445,31.589408828114802,1972.256120495412
131.4,8.744514757773581,31.480253127984895,1972.694104258996
131.45000000000002,8.714716709043744,31.372980152557478,1973.1305850456665
131.50000000000003,8.68456211324126,31.264423607668537,1973.5655670162237
131.55,8.65412323397107,31.154843642295855,1973.999034149904
131.60000000000002,8.624271290026671,31.04737664409602,1974.430994013004
131.65,8.595098430347798,30.942354349252074,1974.8614782560135
131.70000000000002,8.565616969583086,30.836221090499112,1975.2904961410118
131.75000000000003,8.536192582323256,30.730293296363723,1975.7180413798094
131.8,8.507053705278587,30.625393339002912,1976.1441225369995
131.85000000000002,8.478882069462935,30.52397545006657,1976.568770931368
131.9,8.45130023888161,30.424680859973794,1976.9920254890765
131.95000000000002,8.423316860042986,30.32394069615475,1977.4138909165497
132.0,8.395376042643615,30.223353753517017,1977.834358239117
132.05,8.368538132031107,30.126737275311985,1978.2534560934837
132.10000000000002,8.342407854095134,30.032668274742484,1978.6712297431368
132.15,8.316030034351074,29.937708123663867,1979.087690690348
132.20000000000002,8.28958192979051,29.842494947245836,1979.5028309894515
132.25000000000003,8.263345543807437,29.748043957706777,1979.9166541762913
132.3,8.238018934036052,29.65686816252979,1980.3291882882374
132.35000000000002,8.21340944334041,29.56827399602548,1980.7404739976719
132.4,8.188354711496887,29.478076961388794,1981.1505181015427
132.45000000000002,8.163257712592946,29.387727765334606,1981.559308412145
132.5,8.13910324242927,29.300771672745373,1981.9668674360205
132.55,8.115363587846327,29.215308916246777,1982.3732291067774
132.60000000000002,8.09104163449932,29.127749884197552,1982.7783892373361
132.65,8.066505783373065,29.039420820143036,1983.1823279227829
132.70000000000002,8.042882973554464,28.95437870479607,1983.5850626417061
132.75000000000003,8.019735779317939,28.871048805544582,1983.986628110528
132.8,7.9965279164290415,28.78750049914455,1984.3870347029217
132.85000000000002,7.97253276528315,28.701117955019342,1984.7862612199644
132.90000000000003,7.9483739088367855,28.614146071812428,1985.1842838868174
132.95000000000002,7.925011986021335,28.530043149676807,1985.5811185341888
133.0,7.901765625527769,28.44635625189997,1985.9767879744775
133.05,7.877796926595069,28.360068935742248,1986.3712770382806
133.10000000000002,7.8539899814833305,28.27436393333999,1986.7645717109826
133.15,7.83099299148223,28.19157476933603,1987.1566962853067
133.20000000000002,7.808010823892765,28.108838966013955,1987.547671380691
133.25000000000003,7.784273637821468,28.023385096157288,1987.937478492234
133.3,7.7602709210254135,27.936975315691488,1988.3260921062051
133.35000000000002,7.736168709251398,27.850207353305034,1988.713503096962
133.4,7.712670969253361,27.7656154893121,1989.0997240889246
133.45000000000002,7.689557811762,27.682408122343197,1989.48477980845
133.50000000000003,7.665673421698997,27.596424318116387,1989.8686605892865
133.55,7.641347630148708,27.50885146853535,1990.2513361155827
133.60000000000002,7.61767561141627,27.42363220109857,1990.6328116966217
133.65,7.594473212720689,27.34010356579448,1991.0131154172252
133.70000000000002,7.570459370863033,27.25365373510692,1991.3922387318148
133.75,7.546076646914549,27.165875928892376,1991.7701521322592
133.8,7.521428810365704,27.077143717316535,1992.1468397686913
133.85000000000002,7.497001458496825,26.989205250588572,1992.522300525413
133.9,7.472572150142856,26.90125974051428,1992.896539865629
133.95000000000002,7.447281142976341,26.81021211471483,1993.269536197957
134.00000000000003,7.421697939279314,26.71811258140553,1993.6412606750134
134.05,7.396561409340048,26.627621073624173,1994.011717158729
134.10000000000002,7.371724062518137,26.538206625065293,1994.3809242955253
134.15,7.346332280148864,26.44679620853591,1994.748875704092
134.20000000000002,7.3204716617180585,26.35369798218501,1995.1155458026385
134.25,7.295035338614203,26.26212721901113,1995.4809334776469
134.3,7.269688480191571,26.170878528689656,1995.845051573117
134.35000000000002,7.243582028186308,26.07689530147071,1996.2078833358264
134.4,7.2172050991821735,25.981938357055824,1996.5694030140107
134.45000000000002,7.190920666276975,25.887314398597113,1996.9296061581472
134.50000000000003,7.165255804957273,25.794920897846186,1997.2885105699281
134.55,7.1399546525557485,25.703836749200693,1997.646140831366
134.60000000000002,7.113879247569988,25.60996529125196,1998.0024866788692
134.65000000000003,7.087441613670546,25.514789809213966,1998.3575197004002
134.70000000000002,7.061459508654644,25.42125423115672,1998.7112422284583
134.75,7.035829631402104,25.328986673047574,1999.0636744569597
134.8,7.0095295571976,25.234306405911358,1999.4148084366748
134.85000000000002,6.983112899152571,25.13920643694926,1999.7646244980835
134.9,6.956540688377416,25.0435464781587,2000.1131158377718
134.95000000000002,6.930568729863761,24.95004742750954,2000.4602935732278
135.00000000000003,6.904791716416621,24.857250179099836,2000.8061775843848
135.05,6.878273860862561,24.76178589910522,2001.1507542238169
135.10000000000002,6.851742978062855,24.66627472102628,2001.49400464479
135.15000000000003,6.825990075484356,24.57356427174368,2001.8359479711287
135.20000000000002,6.8004926970945405,24.481773709540345,2002.1766100404432
135.25000000000003,6.7742160447626665,24.3871777611456,2002.5159777589895
135.3,6.7479948083281105,24.292781309981198,2002.8540330303167
135.35000000000002,6.7218492569079755,24.198657324868712,2003.1907791319477
135.4,6.696549909049989,24.107579672579963,2003.5262391110966
135.45000000000002,6.671510131537333,24.0174364735344,2003.8604406121112
135.5,6.645758932060158,23.924732155416567,2004.1933723387012
135.55,6.619817976402846,23.831344715050246,2004.5250117614128
135.60000000000002,6.594596599018739,23.74054775646746,2004.8553721257983
135.65,6.569253175121473,23.6493114304373,2005.1844683701518
135.70000000000002,6.5430195079924465,23.554870228772806,2005.5122751872295
135.75000000000003,6.516836870034517,23.46061273212426,2005.8387715966803
135.8,6.491479171931747,23.36932501895429,2006.1639794977295
135.85000000000002,6.466403596723294,23.27905294820386,2006.4879265669458
135.9,6.440736744449692,23.186652280018894,2006.8106050754752
135.95000000000002,6.414865232354511,23.09351483647624,2007.1319951248954
136.0,6.388740533550125,22.99946592078045,2007.452085269043
136.05,6.36318125589542,22.907452521223515,2007.7708833137792
136.10000000000002,6.337880845080187,22.816371042288676,2008.0884098663037
136.15,6.311994562846835,22.723180426248607,2008.4046567515018
136.20000000000002,6.285630069732839,22.62826825103822,2008.7195973673163
136.25000000000003,6.259637240925498,22.53469406733179,2009.0332290500828
136.3,6.2340081469513,22.44242932902468,2009.3455701847797
136.35000000000002,6.208020423012612,22.348873522845402,2009.656620899029
136.40000000000003,6.182094079405823,22.255538685860962,2009.9663737615895
136.45000000000002,6.156048307521411,22.16177390707708,2010.2748273212626
136.5,6.130732971331644,22.070638696793917,2010.581996853234
136.55,6.105659597121395,21.980374549637023,2010.8879066674453
136.60000000000002,6.080407947252202,21.88946861010793,2011.1925583560546
136.65,6.055097282789948,21.79835021804381,2011.4959459868057
136.70000000000002,6.0306006037545306,21.71016217351631,2011.7980884339693
136.75000000000003,6.006894138706372,21.624818899342937,2012.0990258025308
136.8,5.983290760678932,21.539846738444155,2012.3987804250155
136.85000000000002,5.96003101266463,21.456111645592667,2012.697363469349
136.90000000000003,5.937772923872355,21.37598252594048,2012.9948085677624
136.95000000000002,5.916199585726365,21.298318508614916,2013.2911578805024
137.00000000000003,5.894675988606454,21.220833558983234,2013.5864297698606
137.05,5.873432127542549,21.144355659153177,2013.8806324727643
137.10000000000002,5.852475640924139,21.0689123073269,2014.173780166976
137.15,5.832625489218421,20.997451761186316,2014.4659076952296
137.20000000000002,5.813570704460204,20.928854536056736,2014.7570626000715
137.25,5.7949199165119705,20.861711699443095,2015.047274865596
137.3,5.776766358433537,20.796358890360736,2015.3365670224696
137.35000000000002,5.760029782939178,20.73610721858104,2015.6249869260039
137.4,5.744042780615148,20.678554010214533,2015.9125887400928
137.45000000000002,5.72827986249053,20.621807504965908,2016.1993968061704
137.50000000000003,5.7128676464409365,20.56632352718737,2016.4854254938937
137.55,5.697958065211193,20.512649034760294,2016.770696136685
137.60000000000002,5.6843213452512105,20.463556842904357,2017.0552531219466
137.65,5.671390493278786,20.41700577580363,2017.33914591791
137.70000000000002,5.658443449963433,20.37039641986836,2017.622391766491
137.75,5.645843951595617,20.32503822574422,2017.9049989515302
137.8,5.634548494956977,20.284374581845118,2018.187008762694
137.85000000000002,5.623648690318332,20.245135285145995,2018.468463692326
137.9,5.612563594540928,20.205228940347343,2018.7493689994474
137.95000000000002,5.60135339193968,20.16487221098285,2019.0297169241094
138.00000000000003,5.590139141787828,20.124500910436183,2019.3095042374525
138.05,5.579619696212947,20.086630906366608,2019.5887482084026
138.10000000000002,5.569612439210695,20.0506047811585,2019.8674790117882
138.15000000000003,5.559114806119191,20.012813302029087,2020.1456971929215
138.20000000000002,5.548385737150847,19.97418865374305,2020.4233847065032
138.25,5.538293149253363,19.937855337312108,2020.7005516786633
138.3,5.52825609333198,19.90172193599513,2020.977215409728
138.35000000000002,5.51734313947626,19.862435302114537,2021.2533553905482
138.4,5.506126119274043,19.822054029386557,2021.528942122017
138.45000000000002,5.495164108129228,19.78259078926522,2021.8039743777022
138.50000000000003,5.483992624265268,19.742373447354964,2022.078453296012
138.55,5.472046061199271,19.699365820317375,2022.3523542631485
138.60000000000002,5.4597172219320855,19.65498199895551,2022.6256483452269
138.65000000000003,5.447200655265645,19.60992235895632,2022.8983212921569
138.70000000000002,5.4347853625225415,19.56522730508115,2023.1703709426015
138.75000000000003,5.42215295303161,19.519750630913794,2023.4417944004904
138.8,5.4086752414899575,19.471230869363847,2023.7125651053534
138.85000000000002,5.394731917544128,19.421034903158862,2023.9826502843293
138.9,5.380708871171159,19.37055193621617,2024.2520363040471
138.95000000000002,5.366378463005436,19.31896246681957,2024.5207134874015
139.00000000000003,5.3511527284090254,19.264149822272493,2024.7886517671868
139.05,5.335518355055157,19.207866078198567,2025.0558185442735
139.10000000000002,5.319769028349486,19.15116850205815,2025.3222007288587
139.15,5.304040250249739,19.09454490089906,2025.5877959608235
139.20000000000002,5.287902546870553,19.03644916873399,2025.8525945307515
139.25000000000003,5.270636991361202,18.974293168900328,2026.1165580192073
139.3,5.252878893169839,18.91036401541142,2026.3796459163207
139.35,5.2351625031246165,18.84658501124862,2026.641846951228
139.4,5.217245831050022,18.782084991780078,2026.9031571595824
139.45000000000002,5.198307507400561,18.713907026642023,2027.1635459930437
139.5,5.179016039903102,18.644457743651166,2027.4229790817262
139.55,5.16070133912809,18.578524820861123,2027.681472016202
139.60000000000002,5.142233326792524,18.512039976453085,2027.93904538285
139.65,5.122490059885983,18.440964215589542,2028.195663467517
139.70000000000002,5.102363616407342,18.36850901906643,2028.4512848094244
139.75000000000003,5.081936703757264,18.29497213352615,2028.7058923174284
139.8,5.061389103514154,18.221000772650953,2028.9594754626103
139.85000000000002,5.040587188151874,18.146113877346746,2029.2120248699018
139.90000000000003,5.018322441810489,18.06596079051776,2029.4634976106508
139.95000000000002,4.99551057421572,17.983838067176592,2029.7138434360515
140.0,4.972856705939545,17.902284141382363,2029.9630526180554
140.05,4.949881371031155,17.819572935712156,2030.2111210699795
140.10000000000002,4.925705178801364,17.73253864368491,2030.4580107337254
140.15,4.9011387862192635,17.64409963038935,2030.7036818328509
140.20000000000002,4.876419740785691,17.555111066828488,2030.948120796026
140.25000000000003,4.85179752324261,17.466471083673394,2031.1913262276266
140.3,4.827096753501132,17.377548312604073,2031.4332985845451
140.35000000000002,4.800950085329598,17.283420307186553,2031.673999755516
140.40000000000003,4.77426098638728,17.18733955099421,2031.9133800323089
140.45000000000002,4.747656913570025,17.09156488885209,2032.1514279798077
140.50000000000003,4.721139724771992,16.99610300917917,2032.3881478957662
140.55,4.693512707482718,16.896645746937786,2032.6235142065725
140.60000000000002,4.665501501987138,16.795805407153697,2032.8574895618092
140.65,4.637157655502273,16.693767559808183,2033.0900560407465
140.70000000000002,4.608957811591742,16.59224812173027,2033.3212089274239
140.75000000000003,4.5806198119419905,16.490231322991168,2033.5509483680123
140.8,4.551045621210007,16.383764236356026,2033.779240003841
140.85000000000002,4.521148728924685,16.276135424128867,2034.0060448625945
140.9,4.491757456052568,16.170326841789244,2034.231367517219
140.95000000000002,4.4623588610929765,16.064491899934715,2034.4552204251477
141.00000000000003,4.431922438549143,15.954920778776915,2034.6775774576388
141.05,4.4013075394261545,15.844707141934157,2034.898408207088
141.1,4.371155778049605,15.73616080097858,2035.117719790025
141.15,4.341361742021392,15.628902271277012,2035.3355327280267
141.20000000000002,4.310538898021899,15.517940032878837,2035.5518302440278
141.25,4.279594967376873,15.406541882556743,2035.7665835906628
141.3,4.248539503395567,15.294742212224042,2035.979786952432
141.35000000000002,4.218169397763393,15.185409831948217,2036.191454674961
141.4,4.187804939376722,15.0760977817562,2036.4016040333895
141.45000000000002,4.156596693475994,14.96374809651358,2036.6102140742107
141.50000000000003,4.125515221004052,14.851854795614589,2036.8172668720727
141.55,4.0952428413522615,14.742874228868141,2037.0227858236315
141.60000000000002,4.065208295976731,14.634749865516232,2037.2267971020647
141.65000000000003,4.034238091608654,14.523257129791155,2037.4292832617543
141.70000000000002,4.003419850462417,14.412311461664702,2037.630224710306
141.75,3.9727477787367182,14.301892003452187,2037.829628901036
141.8,3.943200279662099,14.195521006783556,2038.0275276024959
141.85000000000002,3.913809086182294,14.089712710256258,2038.223952836642
141.9,3.883535473890405,13.980727706005458,2038.4188864506439
141.95000000000002,3.8533708668630773,13.872135120707078,2038.6123091091627
142.00000000000003,3.824345647675224,13.767644331630805,2038.804252022026
142.05,3.7955698367434554,13.66405141227644,2038.9947499091365
142.10000000000002,3.7649895225084045,13.553962281030257,2039.1837638931179
142.15000000000003,3.7343974736080527,13.44383090498899,2039.3712485680207
142.20000000000002,3.7047370330449194,13.33705331896171,2039.557226930687
142.25000000000003,3.675194677996533,13.230700840787518,2039.741725223463
142.3,3.6447111919687836,13.120960291087622,2039.924722870212
142.35000000000002,3.6142382959757513,13.011257865512706,2040.1061966074105
142.4,3.5836269371289458,12.901056973664206,2040.286143238238
142.45000000000002,3.55406873035678,12.794647429284408,2040.4645856299253
142.50000000000003,3.5247486429255313,12.689095114531913,2040.6415560642574
142.55,3.494356925096571,12.579684930347657,2040.817033703458
142.60000000000002,3.4641378139479593,12.470896130212653,2040.9909960719342
142.65,3.434975058065493,12.365910209035775,2041.1634738937346
142.70000000000002,3.405908880554822,12.26127196999736,2041.3344959922001
142.75000000000003,3.3757436158322016,12.152677016995925,2041.5040373046097
142.8,3.3456628207914783,12.044386154849322,2041.6720724655254
142.85,3.315363547421601,11.935308770717764,2041.8385981247307
142.9,3.2859635849880418,11.82946890595695,2042.003631303041
142.95000000000002,3.256772672397097,11.724381620629549,2042.1671997094757
143.0,3.226703404638565,11.616132256698835,2042.3292866114016
143.05,3.1962159416452365,11.506377389922852,2042.4898595950588
143.10000000000002,3.166676597865518,11.400035752315864,2042.6489319085465
143.15,3.137413154853169,11.294687357471409,2042.8065341523645
143.20000000000002,3.107129698294731,11.185666913861033,2042.9626477236932
143.25000000000003,3.076893866098698,11.076817917955314,2043.117248312803
143.3,3.046771217053015,10.968376381390854,2043.2703399398818
143.35000000000002,3.0175386700056825,10.863139212020457,2043.4219476870583
143.40000000000003,2.9885073754367673,10.758626551572362,2043.5720988381943
143.45000000000002,2.9583978664206994,10.650232319114519,2043.7207714692406
143.5,2.928071962157407,10.541059063766665,2043.867933214955
143.55,2.8986856609674776,10.43526837948292,2044.0136021555331
143.60000000000002,2.8695013833054874,10.330204979899754,2044.15780683164
143.65,2.839487170472204,10.222153813699935,2044.3005315454845
143.70000000000002,2.8091298534652056,10.11286747247474,2044.441746971083
143.75000000000003,2.7798039755908275,10.007294312126978,2044.5814703168094
143.8,2.7507889315447467,9.902840153561089,2044.7197351394877
143.85000000000002,2.720913508955563,9.795288632240027,2044.8565277005002
143.90000000000003,2.6910160740399425,9.687657866543793,2044.9918259400752
143.95000000000002,2.6612264625649336,9.58041526523376,2045.1256320034902
144.0,2.632280821846252,9.476210958646508,2045.2579696856005
144.05,2.603459424076887,9.372453926676792,2045.3888631917487
144.10000000000002,2.573691667791097,9.265290004047948,2045.5182919690453
144.15,2.5438561002693905,9.157881960969807,2045.6462306632468
144.20000000000002,2.515128250848067,9.054461703053041,2045.7727052720247
144.25000000000003,2.4864991705321358,8.951397013915688,2045.8977459575592
144.3,2.4570602559364856,8.84541692137135,2046.0213349432208
144.35000000000002,2.427339665463888,8.738422795669997,2046.143444941256
144.4,2.3978605509859454,8.632297983549403,2046.264074946667
144.45000000000002,2.3694656657623536,8.530076396744473,2046.3832581020858
144.50000000000003,2.3411052529595358,8.427978910654328,2046.501022375054
144.55,2.311632904379349,8.321878455765656,2046.6173408289874
144.60000000000002,2.282214677658816,8.215972839571737,2046.7321870185383
144.65,2.253793037669525,8.113654935610292,2046.8455872114216
144.70000000000002,2.225534306206303,8.011923502342691,2046.9575703950186
144.75,2.196357728331365,7.906887821992914,2047.068117695882
144.8,2.167083585921864,7.80150090931871,2047.1772037287383
144.85000000000002,2.138941538537506,7.700189538735022,2047.2848543568498
144.9,2.110983090722424,7.599539126600726,2047.3911024725812
144.95000000000002,2.0830282203768884,7.498901593356798,2047.4959527553588
145.00000000000003,2.0539300645552485,7.394148232398895,2047.5993767124821
145.05,2.024826845366923,7.2893766433209235,2047.7013456352302
145.10000000000002,1.9968330020132705,7.188598807247774,2047.8018871314146
145.15000000000003,1.968880866805758,7.087971120500729,2047.901029978135
145.20000000000002,1.9399017175890847,6.983646183320705,2047.998749542745
145.25,1.911019487630592,6.879670155470131,2048.095022572875
145.3,1.8831339718872464,6.7792822987940875,2048.189876409363
145.35000000000002,1.8553929884860898,6.679414758549924,2048.2833395833723
145.4,1.8267355165161956,6.576247859458304,2048.3753927959974
145.45000000000002,1.798068886234399,6.4730479904438365,2048.466012906066
145.50000000000003,1.7694004273315878,6.369841538393716,2048.5551996389054
145.55,1.7416073602925652,6.269786497053235,2048.642974833596
145.60000000000002,1.713938835460553,6.17017980765799,2048.7293634884895
145.65000000000003,1.6852414324524048,6.066869156828657,2048.8143429951874
145.70000000000002,1.6567000325499277,5.96412011717974,2048.8978915318125
145.75,1.629101830741574,5.864766590669667,2048.980036578395
145.8,1.601595834328302,5.765745003581888,2049.060804020022
145.85000000000002,1.5730866152410465,5.663111814867768,2049.140171081261
145.9,1.5447143324955241,5.560971596983887,2049.2181161049543
145.95000000000002,1.516209367518281,5.458353723065812,2049.2946391974547
146.00000000000003,1.4895158024574304,5.3622568888467494,2049.369782326704
146.05,1.4627719276985105,5.265978939714638,2049.4435895199576
146.10000000000002,1.4348463510886211,5.165446863919036,2049.5160299769273
146.15,1.4066691428577325,5.064008914287837,2049.587067864276
146.20000000000002,1.3791082701994362,4.96478977271797,2049.6567122996025
146.25000000000003,1.3517792822728392,4.866405416182221,2049.7249844884145
146.3,1.3232810828131805,4.76381189812745,2049.791860997542
146.35000000000002,1.2943845100283728,4.659784236102142,2049.857302637363
146.4,1.2663609242742986,4.558899327387475,2049.9213212732207
146.45000000000002,1.2383543626904097,4.4580757056854745,2049.9839391553946
146.5,1.2092704372912848,4.353373574248625,2050.0451297753943
146.55,1.1801470058847365,4.248529221185052,2050.1048652114737
146.60000000000002,1.1506735425173649,4.142424753062514,2050.1631357251836
146.65,1.1219980200431483,4.039192872155334,2050.219952514248
146.70000000000002,1.0934352735564727,3.936366984803302,2050.275338346588
146.75000000000003,1.0639121545113421,3.830083756240832,2050.3292720322897
146.8,1.0343720680048205,3.7237394448173537,2050.3817291378527
146.85000000000002,1.0055675524118883,3.620043188682798,2050.432727628363
146.90000000000003,0.9770596138662373,3.5174146099184544,2050.4822933075197
146.95000000000002,0.9477130281577809,3.4117669013680114,2050.5304126235706
147.0,0.9182290722061112,3.305624659942,2050.5770611760795
147.05,0.888586457403061,3.1989112466510194,2050.62223156432
147.10000000000002,0.8597918814361594,3.0952507731701737,2050.665941022791
147.15,0.8309549600303191,2.991437856109149,2050.7082096938275
147.20000000000002,0.8017671674368593,2.8863618027726936,2050.749027747014
147.25000000000003,0.7726569775021391,2.781565119007701,2050.788388350638
147.3,0.7447335826918352,2.6810408976906066,2050.826323114643
147.35000000000002,0.7168580354041312,2.5806889274548723,2050.8628629050954
147.40000000000003,0.6887183647835604,2.4793861132208175,2050.8980023151003
147.45000000000002,0.6608215535354209,2.3789575927275153,2050.9317408130582
147.5,0.6331935272731389,2.2794966981833,2050.9640911900783
147.55,0.6070137166446249,2.18524937992065,2050.9950963711763
147.60000000000002,0.5823581618704472,2.09648938273361,2051.024830668139
147.65,0.5574491460305523,2.0068169257099884,2051.0533258508367
147.70000000000002,0.5354394844638986,1.927582144070035,2051.080648066599
147.75000000000003,0.5118013213087292,1.8424847567114253,2051.1068290867433
147.8,0.4886385418887098,1.7590987507993554,2051.1318400833234
147.85000000000002,0.4659573686112314,1.677446527000433,2051.155704981086
147.90000000000003,0.44376402388367475,1.597550485981229,2051.178448015898
147.95000000000002,0.42206473011342094,1.5194330284083155,2051.200093734748
148.00000000000003,0.40086570970785074,1.4431165549482627,2051.2206669957436
148.05,0.3801731850743453,1.368623466267643,2051.240192968113
148.10000000000002,0.35999337862028535,1.2959761630330273,2051.2586971322057
148.15,0.3403325127530521,1.2251970459109875,2051.27620527949
148.20000000000002,0.3211968098800262,1.1563085155680943,2051.2927435125557
148.25,0.30259249240858865,1.089332972670919,2051.3083382451127
148.3,0.2845257827461204,1.0242928178860335,2051.323016201992
148.35000000000002,0.2670029033000024,0.9612104518800088,2051.336804419143
148.4,0.25003007647761577,0.9001082753194168,2051.349730243637
148.45000000000002,0.2336135246863409,0.8410086888708272,2051.3618213336663
148.50000000000003,0.21775947033355925,0.7839340932008133,2051.3731056585416
148.55,0.20247413582665152,0.7289068889759455,2051.3836114986957
148.60000000000002,0.1877637435729984,0.6759494768627943,2051.3933674456807
148.65000000000003,0.17363451597998147,0.6250842575279333,2051.4024024021696
148.70000000000002,0.16009267545498118,0.5763336316379323,2051.4107455819553
148.75,0.14714444440537866,0.5297199998593632,2051.418426509952
148.8,0.1347960452385546,0.4852657628587966,2051.425475022193
148.85000000000002,0.12305370036189012,0.44299332130280444,2051.431921265833
148.9,0.11192363218276613,0.40292507585795806,2051.4377956991466
148.95000000000002,0.0,0.0,2051.440593789951
