time_s,dist_m,velocity_mps,velocity_kmh
0.0,0.0,0.0,0.0
0.05,0.0,0.0,0.0
0.1,0.0,0.0,0.0
0.15000000000000002,0.0,0.0,0.0
0.2,0.0,0.0,0.0
0.25,0.0,0.0,0.0
0.30000000000000004,0.0,0.0,0.0
0.35000000000000003,0.0,0.0,0.0
0.4,0.0,0.0,0.0
0.45,0.0,0.0,0.0
0.5,0.0,0.0,0.0
0.55,0.0,0.0,0.0
0.6000000000000001,0.0,0.0,0.0
0.65,0.0,0.0,0.0
0.7000000000000001,0.0,0.0,0.0
0.75,0.0,0.0,0.0
0.8,0.0,0.0,0.0
0.8500000000000001,0.0,0.0,0.0
0.9,0.0,0.0,0.0
0.9500000000000001,0.0,0.0,0.0
1.0,0.0,0.0,0.0
1.05,0.0,0.0,0.0
1.1,0.0,0.0,0.0
1.1500000000000001,0.0,0.0,0.0
1.2000000000000002,0.0,0.0,0.0
1.25,0.0,0.0,0.0
1.3,0.0,0.0,0.0
1.35,0.0,0.0,0.0
1.4000000000000001,0.0,0.0,0.0
1.4500000000000002,0.0,0.0,0.0
1.5,0.0,0.0,0.0
1.55,0.0,0.0,0.0
1.6,0.0,0.0,0.0
1.6500000000000001,0.0,1.1885262382871842e-05,4.2786944578338635e-05
1.7000000000000002,0.0,7.360307283886354e-05,0.00026497106221990877
1.75,0.0,0.00019474262584586897,0.0007010734530451283
1.8,0.0,0.0002855360607722637,0.0010279298187801495
1.85,0.0,0.00020100716619269568,0.0007236257982937045
1.9000000000000001,0.0,-0.00019728598620326224,-0.0007102295503317441
1.9500000000000002,0.0,-0.001014499472068624,-0.0036521980994470467
2.0,-4.209363760600413e-06,-0.0022540153120947713,-0.008114455123541177
2.0500000000000003,-3.378492185819807e-05,-0.0037694207463326765,-0.013569914686797635
2.1,-0.00012616134427925098,-0.0052220262612494685,-0.01879929454049809
2.15,-0.0003014843354795518,-0.006085403694824084,-0.021907453301366703
2.2,-0.0005338943795086728,-0.005631633492469593,-0.020273880572890538
2.25,-0.0007481094560034022,-0.0029207449414407555,-0.01051468178918672
2.3000000000000003,-0.0008128966394571159,0.0031333017583556155,0.011279886330080216
2.35,-0.0005378286385348493,0.013530638668970437,0.048710299208293575
2.4000000000000004,0.0003179565294170305,0.02901209867793049,0.10444355524054977
2.45,0.002031317653408329,0.04983294058313243,0.17939858609927675
2.5,0.004900789472873228,0.07571435206208847,0.2725716674235185
2.5500000000000003,0.009225887735178077,0.10597126958981089,0.3814965705233192
2.6,0.015261042337180529,0.13957033564824944,0.502453208333698
2.6500000000000004,0.023159255061446414,0.17517171896756262,0.6306181882832255
2.7,0.03296048403919839,0.21137006028117655,0.7609322170122356
2.75,0.04461313619154521,0.2468256484168896,0.8885723343008025
2.8000000000000003,0.058004626810326386,0.28046980962417056,1.0096913146470141
2.85,0.07299678820640623,0.31152870454420184,1.1215033363591267
2.9000000000000004,0.08943628246687331,0.3397124149997766,1.2229646939991958
2.95,0.10716424660337201,0.36524619072928494,1.3148862866254258
3.0,0.12605026342764608,0.38867444050972877,1.3992279858350236
3.0500000000000003,0.14600626603343314,0.41052113885351704,1.4778760998726614
3.1,0.1669837425507917,0.43128364428571564,1.5526211194285764
3.1500000000000004,0.18896293802931405,0.4514034806071535,1.6250525301857528
3.2,0.21195292203147528,0.4712790782766624,1.6966046817959846
3.25,0.23598476153497133,0.4912317040833628,1.7684341347001062
3.3000000000000003,0.2610691765768494,0.5114054997322397,1.8410597990360629
3.35,0.28718293559976893,0.5318118961745826,1.9145228262284972
3.4000000000000004,0.3143076304525613,0.5525091464637943,1.9890329272696596
3.45,0.3424584405460187,0.5735666066242227,2.0648397838472015
3.5,0.37166560543887267,0.5951236003774963,2.142444961358987
3.5500000000000003,0.40195616389872085,0.6172200133225105,2.221992047961038
3.6,0.43335133940228154,0.6399831590934595,2.3039393727364543
3.6500000000000004,0.46588380932360496,0.6635331074099622,2.388719186675864
3.7,0.4996088756845461,0.6878335877076303,2.476200915747469
3.75,0.534580770549162,0.7126381684021371,2.565497406247694
3.8000000000000003,0.5708316461164825,0.7377044339742957,2.655735962307465
3.85,0.6083619724200634,0.7628433397500579,2.7462360231002085
3.9000000000000004,0.6471597967141779,0.7878596542904296,2.8362947554455467
3.95,0.6872093978124925,0.8125087216910807,2.9250313980878904
4.0,0.7284725130363501,0.8364914462630091,3.0113692065468327
4.05,0.7708999780116125,0.859631566697372,3.094673640110539
4.1000000000000005,0.8144545378150142,0.8819341175590165,3.1749628232124594
4.15,0.8591107162541133,0.9034696582053644,3.2524907695393117
4.2,0.9048347734153714,0.9243219321945929,3.3275589559005345
4.25,0.9515825984865134,0.9445371606235913,3.4003337782449288
4.3,0.999314337886961,0.9642914118196253,3.471449082550651
4.3500000000000005,1.048015948187486,0.9838011293389142,3.541684065620091
4.4,1.0976958091715467,1.0032385237260117,3.6116586854136425
4.45,1.148358835199614,1.0227779816151106,3.682000733814398
4.5,1.2000051767626954,1.0427141233246764,3.753770843968835
4.55,1.2526498723777804,1.0633796327242295,3.8281666778072263
4.6000000000000005,1.3063357880405517,1.0850317410246848,3.9061142676888654
4.65,1.3611209352864664,1.1077973373369892,3.988070414413161
4.7,1.4170615065029275,1.1317353137745536,4.074247129588393
4.75,1.474222111915014,1.1569467978950274,4.165008472422099
4.800000000000001,1.5326853710855377,1.1834811139425105,4.260532010193038
4.8500000000000005,1.5925283481293542,1.2112106839785934,4.360358462322936
4.9,1.653801038489624,1.2398812204712726,4.463572393696581
4.95,1.7165319827603374,1.2692438265150545,4.5692777754541964
5.0,1.7807472168156104,1.2991084528722632,4.676790430340148
5.050000000000001,1.846474951336092,1.3292741518234392,4.7853869465643815
5.1000000000000005,1.9137241859410554,1.35947093753197,4.894095375115092
5.15,1.9824757213566968,1.389492622844585,5.002173442240506
5.2,2.0527069713420873,1.4192792595542025,5.109405334395129
5.25,2.124412881925468,1.4488027769813936,5.215689997133017
5.300000000000001,2.197592861862706,1.4779897161594375,5.320762978173975
5.3500000000000005,2.2722310559840886,1.5067691842757194,5.42436906339259
5.4,2.348296846836629,1.5351932029840336,5.526695530742521
5.45,2.4257686018852707,1.5633938109048513,5.6282177192574645
5.5,2.5046441662256456,1.591450165055857,5.729220594201085
5.550000000000001,2.584918814918125,1.619335604236365,5.829608175250914
5.6000000000000005,2.6665763786599377,1.647081971764029,5.929495098350505
5.65,2.7496105197779483,1.6748246631020014,6.029368787167205
5.7,2.834036773184414,1.702712332312224,6.129764396324006
5.75,2.91987217962372,1.7307895968791223,6.230842548764841
5.800000000000001,3.0071172270000646,1.7590045665889043,6.332416439720055
5.8500000000000005,3.0957658914526087,1.7873708838819113,6.434535181974881
5.9,3.1858310166062083,1.8159536200814685,6.537433032293287
5.95,3.27734045329621,1.8447596545992555,6.64113475655732
6.0,3.3703086484702607,1.8736860806787925,6.745269890443653
6.050000000000001,3.4647285028560906,1.9026887560327332,6.84967952171784
6.1000000000000005,3.560590605306297,1.931811291683091,6.954520650059128
6.15,3.6579053663874515,1.9610749412615953,7.059869788541743
6.2,3.7566891484937806,1.9904000445221728,7.165440160279823
6.25,3.856941944611556,2.0196462952184957,7.2707266627865845
6.300000000000001,3.9586506633965066,2.048813737006002,7.375729453221608
6.3500000000000005,4.061814839176803,2.07796178505805,7.48066242620898
6.4,4.1664460661679845,2.1070770149225355,7.585477253721128
6.45,4.272540405947996,2.136048748692045,7.689775495291362
6.5,4.3800757606308425,2.1648265969929668,7.793375749174681
6.550000000000001,4.489032274380672,2.1934728467885267,7.896502248438696
6.6000000000000005,4.599414437713011,2.222057215860083,7.999405977096299
6.65,4.71123122292634,2.250570937828943,8.102055376184195
6.7,4.824468953363208,2.2789170598000537,8.204101415280194
6.75,4.939109054778001,2.3071191665288127,8.305628999503726
6.800000000000001,5.055154191097194,2.335242928681617,8.40687454325382
6.8500000000000005,5.172617295878037,2.3632802169527034,8.507808781029732
6.9,5.291495425042559,2.391132872335631,8.608078340408273
6.95,5.41176677552038,2.418758886071669,8.707531989858008
7.0,5.5334070862355,2.4462772995208897,8.806598278275203
7.050000000000001,5.6564149525974825,2.4738060292719237,8.905701705378926
7.1000000000000005,5.7807996687710785,2.501342790362359,9.004834045304491
7.15,5.906555155788847,2.5289063136947068,9.104062729300944
7.2,6.033673745640548,2.5566288427465516,9.203863833887587
7.25,6.162171834596152,2.584642812112513,9.304714123605047
7.300000000000001,6.2920846200839335,2.6129879827246736,9.406756737808825
7.3500000000000005,6.423433710768264,2.6415579288530586,9.50960854387101
7.4,6.556216595536888,2.6702170628871578,9.612781426393768
7.45,6.690435625025434,2.6989304582475953,9.716149649691344
7.5,6.826105832266832,2.7276183730946904,9.819426143140886
7.550000000000001,6.963226602005222,2.75609772641583,9.921951815096989
7.6000000000000005,7.101773326207618,2.7842213658263533,10.023196916974872
7.65,7.241710757179835,2.812002497033093,10.123208989319135
7.7,7.383017645738662,2.839556203586233,10.22240233291044
7.75,7.525691674071098,2.8669681803038163,10.321085449093738
7.800000000000001,7.669724712392574,2.8942465892276563,10.419287721219563
7.8500000000000005,7.815101766156696,2.9214935452385102,10.517376762858637
7.9,7.961828885587055,2.9488779943377432,10.615960779615875
7.95,8.10993550537837,2.9765216311496454,10.715477872138724
8.0,8.259447572280653,3.004426000760257,10.815933602736925
8.05,8.410372424786843,3.032531951049667,10.917115023778802
8.1,8.562706218195004,3.060852485305117,11.019068947098422
8.15,8.716456252943882,3.0894086803464025,11.121871249247048
8.200000000000001,8.87164040601217,3.1181012652872138,11.22516455503397
8.25,9.028264196493748,3.1467715749406535,11.328377669786352
8.3,9.186316755460771,3.1753543948832497,11.4312758215797
8.35,9.345791190674161,3.203842309814414,11.53383231533189
8.4,9.506694023804023,3.2322073019244524,11.635946286928029
8.450000000000001,9.669022723649935,3.2603501499255945,11.73726053973214
8.5,9.832753381512951,3.2881605266779035,11.837377896040453
8.55,9.997860770380846,3.315638539063352,11.936298740628068
8.6,10.164335510606229,3.3428653284490775,12.034315182416679
8.65,10.332171012494785,3.3699020934881654,12.131647536557395
8.700000000000001,10.501351098220143,3.396743155844288,12.228275361039437
8.75,10.671856797883772,3.423470325045623,12.324493170164242
8.8,10.843682098928836,3.450242189296954,12.420871881469035
8.85,11.016841425386502,3.4771592005736247,12.51777312206505
8.9,11.191355661165133,3.504210824102226,12.615158966768014
8.950000000000001,11.367233588113281,3.531361662794989,12.712901986061961
9.0,11.54447277355371,3.558625314463441,12.811051132068389
9.05,11.72308240400718,3.5859770791249552,12.90951748484984
9.1,11.903078026406606,3.613336311115601,13.008010720016165
9.15,12.084456244222723,3.6406081474111693,13.106189330680209
9.200000000000001,12.267198177897635,3.6678063699477175,13.204102931811784
9.25,12.45129029360033,3.6950392139750865,13.302141170310312
9.3,12.636735220302146,3.722441213644025,13.40078836911849
9.35,12.823539463014828,3.750064362417161,13.500231704701779
9.4,13.011709476892225,3.777925551838878,13.600531986619961
9.450000000000001,13.201265515886314,3.8061369861441094,13.702093150118793
9.5,13.392245812969657,3.8347866131748423,13.805231807429433
9.55,13.584686449831114,3.8638148732009716,13.909733543523497
9.600000000000001,13.778602533916976,3.8930363585850443,14.01493089090616
9.65,13.97398934221162,3.9222628266390727,14.120146175900661
9.700000000000001,14.170839023267357,3.9513414307707464,14.224829150774687
9.75,14.369151572030136,3.9800980554722365,14.328352999700051
9.8,14.56891307950634,4.008346983526101,14.430049140693963
9.850000000000001,14.77008234042506,4.036041543054861,14.5297495549975
9.9,14.972614362842375,4.063321847955656,14.627958652640363
9.950000000000001,15.176486613089118,4.090413048099878,14.72548697315956
10.0,15.381695809434444,4.117534383970151,14.823123782292543
10.05,15.588244370173658,4.144879442184017,14.921565991862462
10.100000000000001,15.796143890292857,4.172754806837838,15.021917304616217
10.15,16.00543598386669,4.201485159483875,15.12534657414195
10.200000000000001,16.21618697977832,4.2312266775742255,15.232416039267212
10.25,16.428456984424155,4.261898642381748,15.342835112574294
10.3,16.642288023739127,4.293319595909882,15.455950545275575
10.350000000000001,16.85771515175864,4.325284836823382,15.571025412564175
10.4,17.074778468294262,4.357522118169415,15.687079625409895
10.450000000000001,17.293493805198413,4.389663979110853,15.802790324799073
10.5,17.513829379643198,4.421298173760041,15.916673425536148
10.55,17.735728663817557,4.452198212961592,16.02791356666173
10.600000000000001,17.959142727112734,4.482291214939088,16.136248373780717
10.65,18.18403440008076,4.511577317643171,16.241678343515417
10.700000000000001,18.410360751087133,4.540063501410225,16.34422860507681
10.75,18.638073709928346,4.567892216020461,16.44441197767366
10.8,18.867138287462442,4.5953760890395525,16.54335392054239
10.850000000000001,19.09755418874972,4.622760816074773,16.64193893786918
10.9,19.32934089369136,4.650144336172623,16.740519610221444
10.950000000000001,19.562507704987517,4.677559890494894,16.83921560578162
11.0,19.797054280649935,4.705095056182597,16.93834220225735
11.05,20.03299184629059,4.732827500786061,17.03817900282982
11.100000000000001,20.27034055377797,4.760748483036865,17.138694538932715
11.15,20.50909899613972,4.788750226555502,17.239500815599808
11.200000000000001,20.74924783480907,4.816738851232887,17.340259864438394
11.25,20.990780538415247,4.844754758020197,17.44111712887271
11.3,21.23371074523837,4.872862084518799,17.542303504267675
11.350000000000001,21.478050734198266,4.901030128501973,17.643708462607105
11.4,21.723798338981272,4.929160962415074,17.744979464694268
11.450000000000001,21.970945354016,4.957243756964373,17.846077525071742
11.5,22.219494523409608,4.985290967647546,17.947047483531165
11.55,22.46945882768496,5.0132274448150245,18.04761880133409
11.600000000000001,22.720837516670862,5.040919039495353,18.14730854218327
11.65,22.97360357504886,5.068329154119785,18.245984954831226
11.700000000000001,23.227725837498696,5.09553222478347,18.34391600922049
11.75,23.483193660994036,5.122612524365457,18.441405087715644
11.8,23.740005876997994,5.1496058048052085,18.53858089729875
11.850000000000001,23.998155376470518,5.1765503591382815,18.635581292897815
11.9,24.2576375522061,5.203581648072943,18.732893933062595
11.950000000000001,24.51846864234908,5.230877712401034,18.831159764643722
12.0,24.78067869000631,5.258527459219316,18.930698853189536
12.05,25.04428666454812,5.286451922368228,19.03122692052562
12.100000000000001,25.309297359817446,5.314547939717718,19.132372582983784
12.15,25.57571825684154,5.342781325123228,19.234012770443623
12.200000000000001,25.84356605371108,5.37109969689496,19.335958908821855
12.25,26.112848254787107,5.399370587989311,19.43773411676152
12.3,26.38354866925726,5.427450415502721,19.538821495809795
12.350000000000001,26.65563717926419,5.455309597191715,19.639114549890177
12.4,26.92909685975951,5.482973202137549,19.738703527695176
12.450000000000001,27.20393049625431,5.510430849224525,19.83755105720829
12.5,27.48013570577366,5.537624980960179,19.935449931456645
12.55,27.757694845308517,5.564582026033243,20.032495293719673
12.600000000000001,28.036594116360586,5.591417662560584,20.129103585218104
12.65,28.31683645976942,5.618238456051494,20.22565844178538
12.700000000000001,28.598426331855862,5.645055080768252,20.32219829076571
12.75,28.881355613176257,5.6718258806043655,20.418573170175716
12.8,29.16561381306516,5.698620437632854,20.515033575478277
12.850000000000001,29.45120889841399,5.725581501329078,20.61209340478468
12.9,29.73816178067962,5.752772730289526,20.709981829042295
12.950000000000001,30.02648411569949,5.780170290585354,20.808613046107276
13.0,30.316175772070274,5.807788154276659,20.908037355395976
13.05,30.60724276159808,5.83569124274908,21.00848847389669
13.100000000000001,30.899711982770494,5.863907653978233,21.11006755432164
13.15,31.193610441224962,5.892356700143985,21.212484120518347
13.200000000000001,31.48894074372256,5.920888369600487,21.315198130561754
13.25,31.785695220071222,5.949450638079931,21.418022297087752
13.3,32.08387885502161,5.978015033567733,21.52085412084384
13.350000000000001,32.38349995570219,6.006484077497974,21.623342678992707
13.4,32.684550471014056,6.034692836719453,21.72489421219003
13.450000000000001,32.98700433637139,6.06256407961668,21.82523068662005
13.5,33.29083445550622,6.0901577610315165,21.92456793971346
13.55,33.59603357647814,6.1175252312274635,22.02309083241887
13.600000000000001,33.902598301801156,6.144621344665411,22.12063684079548
13.65,34.210508291716124,6.171442594237545,22.217193339255164
13.700000000000001,34.519743306025326,6.198105360409137,22.313179297472896
13.75,34.83030575514182,6.224761950536963,22.409143021933065
13.8,35.14221049025052,6.251504322525376,22.505415561091354
13.850000000000001,35.455457982118794,6.278323095951436,22.60196314542517
13.9,35.77003731385368,6.305220928789941,22.698795343643788
13.950000000000001,36.08595488907413,6.332297963723423,22.796272669404324
14.0,36.40323704531105,6.35960032797699,22.894561180717165
14.05,36.72190332559692,6.387051608827967,22.993385791780682
14.100000000000001,37.04195396371401,6.41459247308591,23.092532903109277
14.15,37.36338077692857,6.442277082567436,23.19219749724277
14.200000000000001,37.68618872890826,6.47016618317277,23.292598259421972
14.25,38.010394944950534,6.498205321060698,23.393539155818512
14.3,38.33600427702835,6.526255523405256,23.49451988425892
14.350000000000001,38.66300706113955,6.554266503439446,23.595359412382006
14.4,38.99140680106204,6.582261026289268,23.696139694641364
14.450000000000001,39.321221730908206,6.61024270608471,23.796873741904957
14.5,39.652454781073864,6.638135661182266,23.89728838025616
14.55,39.98508426604146,6.665882728128684,23.997177821263264
14.600000000000001,40.31908524696805,6.693541616247856,24.09674981849228
14.65,40.65445396988397,6.721211544741518,24.196361561069466
14.700000000000001,40.99120047039615,6.748911791205066,24.296082448338236
14.75,41.329327341527424,6.7765916213981034,24.395729837033173
14.8,41.66883055226171,6.804298388604413,24.495474198975888
14.850000000000001,42.0097190465498,6.832142599449801,24.595713358019285
14.9,42.3520154904776,6.860165259126708,24.69659493285615
14.950000000000001,42.695730876476304,6.8882785888306834,24.79780291979046
15.0,43.0408551627831,6.916370467467985,24.898933682884746
15.05,43.38737329174412,6.944402630448893,24.999849469616017
15.100000000000001,43.735286216313064,6.97234642557082,25.100447132054953
15.15,44.084602226816415,7.000105457190507,25.20037964588583
15.200000000000001,44.435311956129965,7.027564896227494,25.299233626418978
15.25,44.787389545240224,7.054743808824862,25.397077711769505
15.3,45.140815473071754,7.081750159170156,25.494300573012563
15.350000000000001,45.49558461369272,7.108650688523804,25.591142478685697
15.4,45.851690577440756,7.135418149483424,25.68750533814033
15.450000000000001,46.20911867200379,7.162005723198606,25.78322060351498
15.5,46.56786285083785,7.188475169113916,25.8785106088101
15.55,46.927939516215524,7.2149586984856935,25.973851314548497
15.600000000000001,47.289367146216044,7.241551001413271,26.069583605087775
15.65,47.65214299666487,7.268303441276165,26.165892388594195
15.700000000000001,48.01625135339998,7.295336267045883,26.26321056136518
15.75,48.38168967170197,7.322791723519298,26.362050204669476
15.8,48.74848380515882,7.350714296370937,26.462571466935373
15.850000000000001,49.11667474554907,7.379009639499792,26.56443470219925
15.9,49.48629454430509,7.407584883607388,26.667305580986596
15.950000000000001,49.85736444014524,7.436439721331979,26.771182996795126
16.0,50.22990614294635,7.465515136579607,26.875854491686585
16.05,50.603927426479906,7.494578354561106,26.980482076419985
16.1,50.979403992593184,7.523281469752054,27.083813291107393
16.150000000000002,51.35629323680092,7.551318504707847,27.18474661694825
16.2,51.73456322650763,7.578522651346944,27.282681544848998
16.25,52.11419528833245,7.604864726726841,27.37751301621663
16.3,52.495151812688505,7.630374860171994,27.469349496619177
16.35,52.87736790915804,7.655206261088496,27.558742539918587
16.400000000000002,53.26078648100999,7.679716541478411,27.646979549322282
16.45,53.645388451323136,7.704309254672769,27.73551331682197
16.5,54.031192164908155,7.729298594276932,27.825474939396955
16.55,54.41823916290859,7.754948981164597,27.91781633219255
16.6,54.80658187886919,7.781616452703841,28.01381922973383
16.650000000000002,55.1962882530036,7.809672464676254,28.114820872834514
16.7,55.587444923493415,7.839232911542252,28.22123848155211
16.75,55.98012717150813,7.870092168708476,28.332331807350513
16.8,56.37438064549668,7.901907366881667,28.446866520774
16.85,56.77024307907361,7.934292344918142,28.563452441705312
16.900000000000002,57.16775878988947,7.966832872028991,28.68059833930437
16.95,57.56694901048122,7.999079633488108,28.79668668055719
17.0,57.96777512304416,8.030575122586063,28.910070441309827
17.05,58.370156223502526,8.061032234132602,29.01971604287737
17.1,58.77401876803556,8.090375727812567,29.125352620125245
17.150000000000002,59.1793054243002,8.118588092053288,29.22691713139184
17.2,59.585958934428504,8.145700633924976,29.324522282129916
17.25,59.99392379982281,8.17195434435787,29.41903563968833
17.3,60.40316261166341,8.19783353894106,29.512200740187815
17.35,60.81367469624171,8.223839871712494,29.60582353816498
17.400000000000002,61.22548499423183,8.250264988474047,29.70095395850657
17.45,61.63861743597649,8.277247084034855,29.798089502525478
17.5,62.053100939238966,8.304936841383967,29.89777262898228
17.55,62.4689911256576,8.333404160502,30.000254977807202
17.6,62.8863550089659,8.362571585731937,30.105257708634973
17.650000000000002,63.3052301371956,8.392209614359858,30.21195461169549
17.7,63.72561338412998,8.422073955129465,30.319466238466074
17.75,64.14749120413343,8.452010372999151,30.427237342796946
17.8,64.57086379122059,8.481870960635609,30.534735458288193
17.85,64.99572581594785,8.51143559698593,30.641168149149347
17.900000000000002,65.42205107156698,8.540549564547526,30.745978432371093
17.95,65.84980895519314,8.569262281138187,30.849344212097474
18.0,66.27898543919655,8.597737659419492,30.951855573910173
18.05,66.70958046583574,8.626063326179905,31.053827974247657
18.1,67.14158481388937,8.654212564011488,31.155165230441355
18.150000000000002,67.57497841326644,8.682184211742287,31.255863162272234
18.2,68.00975555842697,8.7100508416278,31.356183029860077
18.25,68.44593239057698,8.737828358050372,31.45618208898134
18.3,68.8835190618143,8.765437568708307,31.555575247349907
18.35,69.32249806145693,8.792786036656205,31.65402973196234
18.400000000000002,69.76283857931679,8.819878747184177,31.751563489863038
18.45,70.20452321034648,8.846770192909892,31.84837269447561
18.5,70.64754684189413,8.873462538379293,31.944465138165455
18.55,71.09189815160899,8.899921262759594,32.03971654593454
18.6,71.53755965994681,8.926237910309444,32.134456477114
18.650000000000002,71.98452773331682,8.952647981084201,32.22953273190313
18.7,72.43281987855704,8.979375769759573,32.32575277113446
18.75,72.88245762770943,9.00652011112801,32.42347240006084
18.8,73.33345445203769,9.034136243481598,32.52289047653375
18.85,73.78582736895173,9.062314739862014,32.62433306350325
18.900000000000002,74.2396153974248,9.091111296137196,32.728000666093905
18.95,74.69486898239886,9.120455100644492,32.83363836232017
19.0,75.1516182941116,9.15014641897675,32.9405271083163
19.05,75.609866956608,9.179980823065138,33.047930963034496
19.1,76.06961450503972,9.20979474925393,33.15526109731415
19.150000000000002,76.530863315816,9.239394498725007,33.261820195410024
19.200000000000003,76.99359972999606,9.268532878766383,33.36671836355898
19.25,77.45778577318443,9.297017669621919,33.46926361063891
19.3,77.92337283451222,9.324841367705918,33.569428923741306
19.35,78.39032365977148,9.352119304309234,33.667629495513246
19.400000000000002,78.85861598064655,9.378950936475071,33.76422337131026
19.450000000000003,79.32822680215222,9.405402614406906,33.859449411864865
19.5,79.7991326621496,9.431621194421929,33.95383629991895
19.55,80.27132853248115,9.457790385447591,34.04804538761133
19.6,80.74483278989511,9.484014961599144,34.14245386175692
19.650000000000002,81.21966479119075,9.510266109152083,34.236957992947495
19.700000000000003,81.69582471285001,9.536435615658311,34.33116821636992
19.75,82.17330139995795,9.562464457753952,34.42487204791423
19.8,82.6520902014093,9.588324723586403,34.51796900491105
19.85,83.13218467544831,9.613931123660876,34.610152045179156
19.900000000000002,83.61356051898376,9.639205004958232,34.70113801784964
19.950000000000003,84.09618398712442,9.66421423738289,34.7911712545784
20.0,84.58003409362372,9.689174847053241,34.88102944939167
20.05,85.06511631674442,9.714328660935294,34.97158317936706
20.1,85.55144929090469,9.73983580495844,35.06340889785039
20.150000000000002,86.03904919132088,9.765801322697348,35.15688476171045
20.200000000000003,86.5279437718322,9.792366100346047,35.25251796124577
20.25,87.01818547050364,9.819603539039004,35.350572740540414
20.3,87.50982982499653,9.84743222958962,35.45075602652263
20.35,88.00290804216873,9.875656362600818,35.55236290536295
20.400000000000002,88.49742323142249,9.904104567253796,35.654776442113665
20.450000000000003,88.99336827571503,9.932671082255851,35.75761589612107
20.5,89.49074253298623,9.961212578585206,35.86036528290674
20.55,89.98953917312653,9.989519126356806,35.9622688548845
20.6,90.48973388367402,10.01749397551255,36.062978311845185
20.650000000000002,90.99130462884672,10.045210266582487,36.16275695969696
20.700000000000003,91.49424950464172,10.07278608939137,36.26202992180893
20.75,91.99857299853667,10.100272367597288,36.360980523350236
20.8,92.50426426834207,10.127630629224651,36.45947026520874
20.85,93.01130579686507,10.154833807303351,36.55740170629207
20.900000000000002,93.51970045299758,10.181922273664476,36.65492018519212
20.950000000000003,94.02946458101613,10.208886844216842,36.751992639180635
21.0,94.54059550349342,10.235622587334557,36.848241314404405
21.05,95.05306585801907,10.262065545301995,36.94343596308718
21.1,95.56684362205068,10.288261948793469,37.03774301565649
21.150000000000002,96.08191253541032,10.314256994583257,37.13132518049973
21.200000000000003,96.59826995028374,10.34000150923578,37.224005433248806
21.25,97.11590672889723,10.365437109240018,37.31557359326406
21.3,97.63480506961494,10.390658357629306,37.406370087465504
21.35,98.15496127381168,10.415816823996431,37.49694056638715
21.400000000000002,98.67638654915918,10.440996086859988,37.58758591269596
21.450000000000003,99.19908135756147,10.466205900065358,37.67834124023529
21.5,99.72303206248685,10.491477551989458,37.769319187162054
21.55,100.24823568299553,10.516931390153363,37.86095300455211
21.6,100.77471426376883,10.542719113471865,37.953788808498715
21.650000000000002,101.30249293791344,10.568903327475235,38.04805197891085
21.700000000000003,101.83158263689027,10.595458934548782,38.14365216437562
21.75,102.36199459058825,10.622399998695538,38.24063999530394
21.8,102.8937557685066,10.649725737200253,38.33901265392091
21.85,103.42690088533573,10.677303978018486,38.438294320866554
21.900000000000002,103.96144918279835,10.704880614074753,38.53757021066911
21.950000000000003,104.49739246227541,10.732227089072158,38.63601752065977
22.0,105.03470616452216,10.759211027226057,38.73315969801381
22.05,105.57336727601866,10.785694006216676,38.82849842238004
22.1,106.11334738724733,10.811515095963552,38.92145434546879
22.150000000000002,106.65460000524303,10.836593096997555,39.0117351491912
22.200000000000003,107.19707498210713,10.861021888247635,39.09967879769149
22.25,107.7407425073391,10.885028246388398,39.186101686998235
22.3,108.28559415344702,10.908861792844219,39.27190245423919
22.35,108.8316253186802,10.932716777006688,39.357780397224076
22.400000000000002,109.37883454499504,10.956787504310126,39.444435015516454
22.450000000000003,109.92724103990244,10.981325710667557,39.5327725584032
22.5,110.47688789377884,11.00651510908939,39.623454392721804
22.55,111.02782155647398,11.032364128374137,39.7165108621469
22.6,111.5800731929462,11.05876552922212,39.81155590519963
22.650000000000002,112.13366026141665,11.085593689354113,39.908137281674804
22.700000000000003,112.68860188903017,11.11269286001377,40.00569429604957
22.75,113.24492039263203,11.139821547470058,40.10335757089221
22.8,113.80261777776751,11.166694314569485,40.200099532450146
22.85,114.36166498212464,11.193123438253323,40.29524437771197
22.900000000000002,114.922024430692,11.219075400593002,40.38867144213481
22.950000000000003,115.48366849563865,11.244607411820724,40.48058668255461
23.0,116.046574152058,11.269805164245746,40.57129859128469
23.05,116.61071784411364,11.294825288919435,40.66137104010997
23.1,117.17608689276456,11.31999017117372,40.75196461622539
23.150000000000002,117.74269822403487,11.345738312526116,40.84465792509402
23.200000000000003,118.31059689597647,11.372405311191986,40.94065912029115
23.25,118.87983583851654,11.400098647674167,41.040355131627
23.3,119.45046734214283,11.428800114257719,41.143680411327786
23.35,120.02255287979739,11.458383110642593,41.25017919831334
23.400000000000002,120.59616345787222,11.488583321398437,41.358899957034374
23.450000000000003,121.17135028099443,11.51898418606635,41.46834306983886
23.5,121.74811018682182,11.549113711555217,41.576809361598784
23.55,122.3263887551373,11.57859267714577,41.68293363772477
23.6,122.90611954217812,11.607155656401751,41.78576036304631
23.650000000000002,123.48723975155548,11.634603449116197,41.88457241681831
23.700000000000003,124.06968259668206,11.660813136640371,41.978927291905336
23.75,124.65338182556019,11.68588847849861,42.069198522594995
23.8,125.23828766345527,11.710173441910749,42.1566243908787
23.85,125.82437874227942,11.734077198186196,42.2426779134703
23.900000000000002,126.41165094633766,11.757867843108238,42.32832423518966
23.950000000000003,127.00010234128058,11.78169155507169,42.41408959825809
24.0,127.58973800693587,11.805713168510945,42.500567406639405
24.05,128.18058707593403,11.830043145213596,42.58815532276895
24.1,128.77269065480587,11.8546950113949,42.67690204102164
24.150000000000002,129.36606740902764,11.879604216188898,42.766575178280036
24.200000000000003,129.960707508822,11.904740590370663,42.857066125334384
24.25,130.55660125147085,11.930147687656115,42.948531675562016
24.3,131.15376011686362,11.955867868581814,43.04112432689453
24.35,131.75219978828898,11.98186161192385,43.13470180292586
24.400000000000002,132.35192892096978,12.008074893357596,43.22906961608735
24.450000000000003,132.95296268823842,12.034581801208521,43.32449448435068
24.5,133.55533197540498,12.06146836658297,43.42128611969869
24.55,134.15907131194317,12.088690670476693,43.519286413716095
24.6,134.76419704822092,12.116095339890242,43.61794322360487
24.650000000000002,135.37070307389283,12.143579196573404,43.716885107664254
24.700000000000003,135.97858161318337,12.17110448908029,43.81597616068905
24.75,136.5878386635757,12.198581389276015,43.91489300139366
24.8,137.1984729149818,12.225877677444672,44.01315963880082
24.85,137.81046269435785,12.25293183589238,44.11055460921257
24.900000000000002,138.4237898389381,12.279824033034547,44.207366518924374
24.950000000000003,139.0384573342821,12.306695232273652,44.30410283618515
25.0,139.65447294939153,12.33362754556768,44.40105916404365
25.05,140.27183108270006,12.360621151937437,44.498236146974776
25.1,140.8905253793443,12.387732681184394,44.59583765226382
25.150000000000002,141.5105710287013,12.41508647466464,44.694311308792706
25.200000000000003,142.1320009717537,12.442715917345915,44.79377730244529
25.25,142.75483979939483,12.470574466506465,44.89406807942327
25.3,143.37909147540353,12.49867673856129,44.99523625882065
25.35,144.00475514189776,12.527146941257023,45.09772898852528
25.400000000000002,144.6318473603337,12.55610750203583,45.20198700732899
25.450000000000003,145.26039431193158,12.585583359136653,45.30810009289195
25.5,145.89041237710376,12.615552445736053,45.41598880464979
25.55,146.52192147982134,12.646077988132236,45.52588075727605
25.6,147.15496542631607,12.677279768526766,45.63820716669636
25.650000000000002,147.7895998482662,12.70918580298623,45.75306889075043
25.700000000000003,148.4258649642476,12.741677430536534,45.870038749931524
25.75,149.0637765116119,12.774602797664624,45.98857007159265
25.8,149.70334351596142,12.807881490838103,46.10837336701717
25.85,150.3445878723149,12.841420437232319,46.22911357403635
25.900000000000002,150.98753137551307,12.875055778040306,46.3502008009451
25.950000000000003,151.63217137541423,12.908690948108756,46.471287413191526
26.0,152.27849041292737,12.942411991329774,46.59268316878719
26.05,152.92648723920726,12.976428589473265,46.71514292210376
26.1,153.57618349514001,13.010945210078628,46.839402756283064
26.150000000000002,154.22760457682716,13.046085208783786,46.96590675162163
26.200000000000003,154.88077629173026,13.081990485729733,47.09516574862704
26.25,155.53574682939689,13.118904038780816,47.22805453961094
26.3,156.19259263956897,13.157029839637763,47.36530742269595
26.35,156.85139191689478,13.196372837424972,47.506942214729904
26.400000000000002,157.51220122851362,13.236799438484033,47.65247797854252
26.450000000000003,158.17505906034708,13.278193021995286,47.80149487918303
26.5,158.8400085612342,13.320438382569105,47.95357817724878
26.55,159.50710141353113,13.363317945263885,48.107944602949985
26.6,160.17636799263042,13.406509627838211,48.26343466021756
26.650000000000002,160.84780311596052,13.449762853716908,48.419146273380875
26.700000000000003,161.5213937542889,13.492976137440218,48.57471409478479
26.75,162.19714345963678,13.536085903568733,48.72990925284744
26.8,162.87505572265343,13.578981531827747,48.88433351457989
26.85,163.5551124262864,13.621588106515341,49.03771718345523
26.900000000000002,164.23728490968142,13.66403243812286,49.190516777242294
26.950000000000003,164.92156532627388,13.706597192116613,49.34374989161981
27.0,165.6079728833034,13.749512390814589,49.49824460693252
27.05,166.29652680603476,13.792878974896787,49.654364309628434
27.1,166.98724075252534,13.836830153522666,49.812588552681596
27.150000000000002,167.680151031182,13.88161932922076,49.973829585194736
27.200000000000003,168.37532791881782,13.927443995794233,50.13879838485924
27.25,169.07284336812924,13.974295121981266,50.30746243913256
27.3,169.77273844895743,14.022014768557828,50.47925316680818
27.35,170.4750347750101,14.070486853730731,50.65375267343063
27.400000000000002,171.17976939303355,14.119632392066269,50.83067661143857
27.450000000000003,171.8869943018264,14.169245123472137,51.009282444499696
27.5,172.59673457881553,14.219025467096404,51.188491681547056
27.55,173.30897426224388,14.268826508846416,51.3677754318471
27.6,174.02369277412748,14.318697077172967,51.54730947782268
27.650000000000002,174.74089465993856,14.368694271814672,51.72729937853282
27.700000000000003,175.46059289158435,14.418743353337254,51.90747607201411
27.75,176.1827806769711,14.468757808309089,52.087528109912725
27.8,176.9074486719058,14.518842316426962,52.267832339137065
27.85,177.6346214399854,14.569235577033128,52.44924807731926
27.900000000000002,178.3643395089152,14.620029642462752,52.632106712865905
27.950000000000003,179.0966157830766,14.67109732881123,52.81595038372043
28.0,179.8314367970449,14.722294532975184,53.000260318710666
28.05,180.5688020757804,14.773573107762495,53.184863187944984
28.1,181.3087417699233,14.824866631268199,53.36951987256552
28.150000000000002,182.0512803304427,14.875954296629503,53.553435467866215
28.200000000000003,182.79639490376584,14.9266308554398,53.73587107958328
28.25,183.54403133545566,14.976921268653818,53.91691656715375
28.3,184.29415576405046,15.026929323132055,54.0969455632754
28.35,185.04676246738612,15.076655450752106,54.27595962270758
28.400000000000002,185.80184128131972,15.126046503523542,54.45376741268475
28.450000000000003,186.55936709984226,15.17521406511629,54.630770634418646
28.5,187.3193318577918,15.224466226576691,54.80807841567609
28.55,188.08176385487673,15.27408906826625,54.9867206457585
28.6,188.84669074880142,15.324098530087431,55.166754708314755
28.650000000000002,189.61411354047502,15.37431654512337,55.34753956244413
28.700000000000003,190.38403399906687,15.424610066977248,55.528596241118095
28.75,191.15647961995612,15.474882270815922,55.70957617493732
28.8,191.93148001367993,15.524932338272162,55.889756417779786
28.85,192.70902359311205,15.574461620814684,56.06806183493286
28.900000000000002,193.48904764343098,15.62329731766923,56.24387034360923
28.950000000000003,194.27147851707682,15.671470431479264,56.41729355332535
29.0,195.05627445554276,15.719041691595812,56.58855008974493
29.05,195.84341414950703,15.766018174430169,56.75766542794861
29.1,196.63286815638207,15.812481285615505,56.92493262821582
29.150000000000002,197.4246100443477,15.858673414416996,57.091224291901185
29.200000000000003,198.2186439825066,15.90486090769712,57.25749926770963
29.25,199.0149973776484,15.951131024573609,57.42407168846499
29.3,199.81368613217782,15.997335022778602,57.590406082002964
29.35,200.61470159028974,16.043308349227146,57.755910057217726
29.400000000000002,201.41803111601894,16.08902520392591,57.92049073413328
29.450000000000003,202.22366838152365,16.13447734215148,58.08411843174533
29.5,203.0315941482378,16.179598803433606,58.246555692360985
29.55,203.84176610694882,16.224417860714357,58.40790429857169
29.6,204.6541434309512,16.26918594516501,58.56906940259404
29.650000000000002,205.46872492772695,16.314318986119563,58.73154835003043
29.700000000000003,206.28555111673003,16.360225297728267,58.89681107182176
29.75,207.10467045905327,16.407165463641412,59.065795669109086
29.8,207.92613183265837,16.45529647174099,59.239067298267564
29.85,208.75000911465673,16.504685314401463,59.41686713184527
29.900000000000002,209.57639885499765,16.55517104200542,59.59861575121951
29.950000000000003,210.40538384830052,16.60632173139246,59.782758233012856
30.0,211.23699992264298,16.657608614603443,59.9673910125724
30.05,212.07122562804233,16.708610502776697,60.15099780999611
30.1,212.9080058636616,16.75898141310359,60.33233308717293
30.150000000000002,213.7472762198066,16.8083087547883,60.50991151723788
30.200000000000003,214.58895657073614,16.856213917713625,60.68237010376905
30.25,215.43295783062953,16.902575176728092,60.849270636221135
30.3,216.27921404605306,16.947536122785124,61.011130042026444
30.35,217.1276872183353,16.99136144559563,61.16890120414427
30.400000000000002,217.97833601132731,17.0342595933349,61.323334536005646
30.450000000000003,218.83109893968194,17.07632504655054,61.474770167581944
30.5,219.6859236292806,17.11767280786672,61.6236221083202
30.55,220.54279598234038,17.158457633648773,61.770447481135584
30.6,221.4017191048999,17.19872473273163,61.91540903783387
30.650000000000002,222.26267646536724,17.23847774257614,62.05851987327411
30.700000000000003,223.1256259463183,17.27787322840686,62.200343622264704
30.75,223.99052677074954,17.3171628229349,62.34178616256564
30.8,224.8573684782093,17.35651768543667,62.48346366757202
30.85,225.72616274991714,17.395950498490297,62.62542179456507
30.900000000000002,226.5969170852181,17.43551815772393,62.76786536780615
30.950000000000003,227.46964610898792,17.475446258205423,62.911606529539526
31.0,228.34439321874075,17.515957777597276,63.057447999350195
31.05,229.22120264073146,17.557100649618512,63.20556233862664
31.1,230.10008941024503,17.598753916027224,63.355514097698006
31.150000000000002,230.9810526657028,17.64077692158092,63.50679691769131
31.200000000000003,231.8641087851181,17.68306899990582,63.65904839966095
31.25,232.74929184157196,17.72543463544776,63.811564687611934
31.3,233.63660962912044,17.76750988521509,63.96303558677433
31.35,234.5260276432639,17.808948864371434,64.11221591173717
31.400000000000002,235.41749924978154,17.849531103149662,64.25831197133878
31.450000000000003,236.31098621979154,17.88900649735827,64.40042339048978
31.5,237.2064395096859,17.927089622122036,64.53752263963933
31.55,238.10377407021153,17.963564171479188,64.66883101732508
31.6,239.0028835199091,17.99845739945946,64.79444663805407
31.650000000000002,239.90367823914687,18.03195871692197,64.9150513809191
31.700000000000003,240.8060921092757,18.06422488543338,65.03120958756017
31.75,241.71006070534682,18.095368639683436,65.14332710286037
31.8,242.61552649215267,18.12553982340954,65.25194336427434
31.85,243.52245733461464,18.154902764898694,65.3576499536353
31.900000000000002,244.43084000198627,18.18348832776419,65.46055797995109
31.950000000000003,245.34065087363376,18.211091204034393,65.55992833452382
32.0,246.2518355958267,18.237352350431472,65.65446846155331
32.050000000000004,247.16431944918966,18.26189737884269,65.74283056383369
32.1,248.07801467717366,18.28435260221237,65.82366936796453
32.15,248.99280857706034,18.304333662714946,65.89560118577381
32.2,249.90855587790074,18.321574177343944,65.9576670384382
32.25,250.8250919409369,18.336017926998302,66.00966453719388
32.300000000000004,251.74225791891578,18.347810522241318,66.05211788006875
32.35,252.6599171270106,18.357183259355423,66.08585973367953
32.4,253.5779562395948,18.364439956250322,66.11198384250116
32.45,254.4962854302833,18.369982326887907,66.13193637679647
32.5,255.41484217268803,18.374244883586414,66.1472815809111
32.550000000000004,256.3335875333447,18.377590980468167,66.1593275296854
32.6,257.2524911936852,18.38024651580336,66.1688874568921
32.65,258.1715214835603,18.38229420689405,66.17625914481857
32.7,259.09065124719683,18.3837383441241,66.18145803884677
32.75,260.0098585394999,18.38455629396082,66.18440265825896
32.800000000000004,260.92911394197466,18.38472175071511,66.1849983025744
32.85,261.84837643034587,18.38422636653712,66.18321491953364
32.9,262.7676002015188,18.383123256020472,66.1792437216737
32.95,263.68674286238365,18.381537260563043,66.17353413802695
33.0,264.60577560477407,18.379621762582097,66.16663834529555
33.050000000000004,265.5246886757223,18.377543904098196,66.1591580547535
33.1,266.44348709168787,18.375519114832787,66.15186881339804
33.15,267.3621838549967,18.373774408555057,66.14558787079821
33.2,268.2807982765116,18.372467636841545,66.14088349262957
33.25,269.19935503182666,18.37164099815692,66.13790759336491
33.300000000000004,270.1178780751769,18.371199973050512,66.13631990298184
33.35,271.0363868484954,18.370934038959916,66.1353625402557
33.4,271.9548948270859,18.370568671465968,66.13404721727748
33.45,272.873401207688,18.36979099643514,66.1312475871665
33.5,273.79188027763956,18.36826671367834,66.12576016924203
33.550000000000004,274.71027967334885,18.36567241122136,66.1164206803969
33.6,275.62852746745506,18.361751389815073,66.10230500333427
33.65,276.54654347737363,18.356337888425973,66.0828163983335
33.7,277.46424732680197,18.34937502580974,66.05775009291506
33.75,278.38156061289277,18.340954275143655,66.02743539051716
33.800000000000004,279.29841145241596,18.331340188871103,65.99282467993598
33.85,280.214743552711,18.320918850600698,65.95530786216251
33.9,281.13052251948665,18.31011415722214,65.91641096599972
33.95,282.0457361621873,18.299336248124863,65.8776104932495
34.0,282.9603957459308,18.288955507096574,65.84023982554767
34.050000000000004,283.8745385504583,18.279292474655207,65.80545290875875
34.1,284.78822271119657,18.270584609567955,65.77410459444464
34.15,285.70151238331135,18.26296369226346,65.74666929214847
34.2,286.61446449107973,18.25644130223128,65.72318868803261
34.25,287.52712769866406,18.25091709733008,65.70330155038829
34.300000000000004,288.4395454795173,18.24620648157061,65.6863433336542
34.35,289.35175458667254,18.242073213084133,65.67146356710288
34.4,290.26378080862395,18.23829165133594,65.65784994480939
34.45,291.1756380603814,18.23470024702548,65.64492088929173
34.5,292.08732871767523,18.231214376900198,65.63237175684071
34.550000000000004,292.99884612667137,18.22779585655555,65.62006508359998
34.6,293.9101838320054,18.224460611098216,65.60805819995358
34.65,294.82134401088393,18.22131019463977,65.59671670070317
34.7,295.7323413924313,18.218517159357244,65.58666177368607
34.75,296.6432020865255,18.2162901598077,65.57864457530772
34.800000000000004,297.55395920643986,18.214827124194773,65.57337764710118
34.85,298.4646515416425,18.2142796454266,65.57140672353576
34.9,299.37532870007806,18.21470240010893,65.57292864039215
34.95,300.2860512530284,18.216066392458675,65.57783901285123
35.0,301.1968779577275,18.218285237399428,65.58582685463794
35.050000000000004,302.10785481607644,18.221211625617187,65.59636185222188
35.1,303.0190120347673,18.22467121285031,65.60881636626112
35.15,303.93036383397674,18.228463570399338,65.62246885343762
35.2,304.8419114297538,18.232374792529065,65.63654925310463
35.25,305.75365192247347,18.23623274888868,65.65043789599925
35.300000000000004,306.665582066781,18.239965406498115,65.66387546339321
35.35,307.5776929218959,18.243562981997755,65.67682673519192
35.4,308.48997337189843,18.24704199907046,65.68935119665366
35.45,309.4024149764963,18.25045199379916,65.70162717767698
35.5,310.31501494695476,18.25386157889017,65.71390168400461
35.550000000000004,311.22778284015203,18.257329440421145,65.72638598551613
35.6,312.14073554640333,18.260903891047874,65.73925400777235
35.65,313.0538824688206,18.264670354961993,65.75281327786318
35.7,313.9672269137834,18.268731796628927,65.76743446786413
35.75,314.88077918276326,18.27317268861744,65.78342167902278
35.800000000000004,315.7945566594711,18.278068247402935,65.80104569065057
35.85,316.70857862189837,18.283450314194745,65.82042113110109
35.9,317.6228691094729,18.289332690758272,65.84159768672978
35.95,318.5374611511277,18.295743908432705,65.86467807035774
36.0,319.452389602206,18.302655686520012,65.88956047147205
36.050000000000004,320.3676816116558,18.309929114916912,65.91574481370088
36.1,321.2833541821445,18.317377125672238,65.94255765242006
36.15,322.1994120071227,18.324805957513842,65.96930144704983
36.2,323.11584984454265,18.332002694752585,65.9952097011093
36.25,324.0326540743527,18.338758973198335,66.01953230351401
36.300000000000004,324.94979401739437,18.344943238011584,66.0417956568417
36.35,325.86722646204714,18.350537912148017,66.06193648373286
36.4,326.7849136972582,18.355596172304377,66.08014622029576
36.45,327.70282730503044,18.360216084982632,66.09677790593747
36.5,328.62094417045785,18.364531295741074,66.11231266466787
36.550000000000004,329.5392524899478,18.368694785110854,66.12730122639908
36.6,330.4577590403698,18.37288372743385,66.14238141876187
36.65,331.37648210588503,18.377257478455128,66.15812692243847
36.7,332.29543739718144,18.381868232402027,66.1747256366473
36.75,333.2146345350322,18.386688970726688,66.19208029461608
36.800000000000004,334.13408195567195,18.391660879180467,66.20997916504969
36.85,335.0537884326594,18.396697881671646,66.22811237401793
36.9,335.97375950818986,18.401698616453196,66.24611501923151
36.95,336.8939911298305,18.4065886565105,66.2637191634378
37.0,337.81446693267924,18.411340768293144,66.28082676585532
37.050000000000004,338.7351681899442,18.415954586400595,66.29743651104215
37.1,339.6560842295136,18.420441745631493,66.31359028427337
37.15,340.5772126370852,18.42485549940902,66.32947979787248
37.2,341.4985569999733,18.429293278654058,66.34545580315461
37.25,342.42012383650285,18.433856649561392,66.36188393842102
37.300000000000004,343.3419193050212,18.438613030553142,66.37900690999132
37.35,344.26394956190927,18.443551497625187,66.39678539145068
37.4,345.1862248543548,18.448585087367714,66.41490631452378
37.45,346.108760393225,18.453608724973137,66.4329914099033
37.5,347.03156659365914,18.458533593592957,66.45072093693464
37.550000000000004,347.95463673222054,18.463283892847944,66.4678220142526
37.6,348.87794753260994,18.467774324782297,66.48398756921627
37.65,349.8014684228402,18.4719119216979,66.49888291811244
37.7,350.7251727721583,18.475631896227256,66.51227482641812
37.75,351.6490448552166,18.478940562682954,66.52418602565864
37.800000000000004,352.57307660375375,18.48193625696294,66.53497052506658
37.85,353.4972590755045,18.48479531907647,66.54526314867529
37.9,354.4215785109138,18.487701034679734,66.55572372484704
37.95,355.3460257919915,18.49077711226969,66.56679760417089
38.0,356.2706096082811,18.494081478587926,66.57869332291654
38.050000000000004,357.195356319747,18.497632278402083,66.5914762022475
38.1,358.1202968155218,18.50144180546284,66.60519049966622
38.15,359.0454531138064,18.505497948400777,66.6197926142428
38.2,359.9708315240546,18.509718705616564,66.63498734021964
38.25,360.8964244439927,18.513929722723823,66.65014700180576
38.300000000000004,361.82221919733496,18.517880609262953,66.66437019334663
38.35,362.74820434523247,18.52132831085703,66.67678191908531
38.400000000000006,363.6743645897902,18.524111044419108,66.6867997599088
38.45,364.6006689063291,18.52616148089426,66.69418133121934
38.5,365.5270679889707,18.527493845689282,66.69897784448142
38.550000000000004,366.45350777257636,18.528185515483216,66.70146785573958
38.6,367.3799454468901,18.528355249997684,66.70207889999166
38.650000000000006,368.30635822194967,18.528170557733954,66.70141400784223
38.7,369.2327423515367,18.52786827728256,66.70032579821722
38.75,370.15910533135207,18.52772796548684,66.69982067575262
38.800000000000004,371.08546286101426,18.527992744821397,66.70077388135704
38.85,372.0118392125787,18.52879225611786,66.7036521220243
38.900000000000006,372.93826547816167,18.53013020354951,66.70846873277824
38.95,373.86477724936583,18.531931363418522,66.71495290830669
39.0,374.79140871082916,18.534074726174616,66.72266901422861
39.050000000000004,375.7181799910233,18.536424648605482,66.73112873497973
39.1,376.64508907807476,18.538831754969642,66.73979431789071
39.150000000000006,377.57211797352585,18.54113087683679,66.74807115661244
39.2,378.4992459979962,18.54317273108681,66.75542183191251
39.25,379.4264574532878,18.544844528612984,66.76144030300675
39.300000000000004,380.3537388112396,18.546085366798124,66.76590732047325
39.35,381.28107405265524,18.5469019164946,66.76884689938056
39.400000000000006,382.20844408215294,18.54735982843465,66.77049538236474
39.45,383.1358292791542,18.547542593776967,66.77115333759708
39.5,384.06321444626406,18.54752138672427,66.77107699220737
39.550000000000004,384.9905903324314,18.54735705208126,66.77048538749254
39.6,385.9179526424322,18.54713696417253,66.76969307102111
39.650000000000006,386.8453025195162,18.546983571378355,66.76914085696208
39.7,387.7726466128542,18.547024142193443,66.7692869118964
39.75,388.69999631071715,18.547368490343608,66.77052656523699
39.800000000000004,389.6273666689543,18.54809517172017,66.77314261819262
39.85,390.5547764658374,18.549249010543527,66.7772964379567
39.900000000000006,391.4822498747679,18.550830918361214,66.78299130610037
39.95,392.40981321497776,18.552773563480557,66.78998482853001
40.0,393.3374873606785,18.55495698722686,66.7978451540167
40.050000000000004,394.26528478087005,18.557244482769374,66.80608013796974
40.1,395.1932096720978,18.55950375129002,66.81421350464407
40.150000000000006,396.1212566469938,18.5615903194677,66.82172515008372
40.2,397.04940757226575,18.563340317315124,66.82802514233445
40.25,397.97763280568574,18.564614098539465,66.83261075474208
40.300000000000004,398.9059014453544,18.565340818482607,66.83522694653739
40.35,399.8341897552469,18.565520033416142,66.83587212029812
40.400000000000006,400.76247802199373,18.56520982840594,66.83475538226139
40.45,401.69074225845213,18.564525652110156,66.83229234759656
40.5,402.6189561922122,18.56361829186106,66.82902585069982
40.550000000000004,403.54710478233596,18.562633378993056,66.82548016437501
40.6,404.47518962048116,18.561673502927846,66.82202461054025
40.650000000000006,405.4032227506269,18.560804454067235,66.81889603464205
40.7,406.33122073399903,18.560091836397568,66.81633061103125
40.75,407.2592010554529,18.559600525536123,66.81456189193004
40.800000000000004,408.18717702137667,18.559358754480087,66.81369151612832
40.85,409.11515402621836,18.559335428153926,66.81360754135413
40.900000000000006,410.0431334068684,18.55947909063966,66.81412472630278
40.95,410.9711200211613,18.559773432198348,66.81518435591406
41.0,411.89912406342677,18.56024010099914,66.8168643635969
41.050000000000004,412.82715494853664,18.560914981841243,66.81929393462848
41.1,413.75521793439776,18.56183301295838,66.82259884665018
41.150000000000006,414.6833200439899,18.563010818118112,66.8268389452252
41.2,415.61147668305057,18.564417851833497,66.83190426660059
41.25,416.53970867472026,18.56597317725293,66.83750343811055
41.300000000000004,417.4680322872937,18.56756555039355,66.84323598141678
41.35,418.39645158000206,18.569072382619026,66.8486605774285
41.400000000000006,419.32495762267445,18.570364221189465,66.85331119628208
41.45,420.25353088202036,18.571310686045972,66.8567184697655
41.5,421.18214447682607,18.571814462168245,66.85853206380568
41.550000000000004,422.1107700512838,18.571846307965984,66.85864670867754
41.6,423.0393817178801,18.571459587972967,66.85725451670268
41.650000000000006,423.9679564221466,18.57078094882769,66.85481141577968
41.7,424.8964769288209,18.569977032798814,66.85191731807573
41.75,425.824938893742,18.569215878258767,66.84917716173156
41.800000000000004,426.7533545681452,18.568652978063547,66.84715072102877
41.85,427.6817468759774,18.568404381189957,66.84625577228385
41.900000000000006,428.61014059270127,18.568537321368325,66.84673435692598
41.95,429.53855898186686,18.569072631230156,66.84866147242856
42.0,430.4670217328855,18.569964747452225,66.85187309082801
42.050000000000004,431.39554240901606,18.571096901473922,66.85594884530612
42.1,432.324128969557,18.572318190893796,66.86034548721767
42.150000000000006,433.25278321958825,18.57349500143018,66.86458200514866
42.2,434.1815001712752,18.574526776013183,66.86829639364746
42.25,435.1102686828333,18.575340193430716,66.87122469635058
42.300000000000004,436.039070442858,18.5758882674832,66.87319776293953
42.35,436.9678843314652,18.57615759517496,66.87416734262985
42.400000000000006,437.89669498222673,18.576155581765608,66.87416009435618
42.45,438.8254944840794,18.57590396856641,66.87325428683909
42.5,439.7542764803228,18.57544163796977,66.87158989669118
42.550000000000004,440.68303378579265,18.574816984297325,66.86934114347036
42.6,441.61176089848743,18.57409338292686,66.8667361785367
42.650000000000006,442.5404546022335,18.573336472255765,66.86401130012075
42.7,443.4691126880589,18.57259693607667,66.86134896987602
42.75,444.3977346468593,18.571933107613972,66.8589591874103
42.800000000000004,445.3263242675947,18.571434130020656,66.85716286807437
42.85,446.254891455718,18.57122149940303,66.85639739785091
42.900000000000006,447.1834531056784,18.571430563415205,66.85715002829474
42.95,448.1120314812403,18.572196230354894,66.85990642927761
43.0,449.04065317351865,18.573636203749402,66.86509033349785
43.050000000000004,449.9693511170196,18.57580600343436,66.87290161236369
43.1,450.8981638720579,18.578659516839572,66.88317426062247
43.150000000000006,451.82713126871386,18.58205348829189,66.89539255785081
43.2,452.7562886726507,18.58576523312204,66.90875483923935
43.25,453.685658743779,18.589527347388064,66.92229845059703
43.300000000000004,454.6152439336244,18.593060364214093,66.93501731117074
43.35,455.5450209478808,18.596082107470195,66.9458955868927
43.400000000000006,456.4749429402291,18.59833519088797,66.9540066871967
43.45,457.4049520510704,18.599636758454505,66.95869233043622
43.5,458.33499066114234,18.59991710727507,66.95970158619025
43.550000000000004,459.26500781166993,18.599247715760548,66.95729177673797
43.6,460.1949617605192,18.597840251866195,66.9522249067183
43.650000000000006,461.1248191997162,18.59599517773499,66.94558263984597
43.7,462.05455846599796,18.594039123079398,66.93854084308583
43.75,462.9841764362376,18.592226947973508,66.93201701270463
43.800000000000004,463.9136909238124,18.590721211955525,66.92659636303989
43.85,464.84313614499257,18.589607258181722,66.9225861294542
43.900000000000006,465.7725523071875,18.58889610553789,66.92002597993641
43.95,466.7019717189889,18.588550942993095,66.91878339477515
44.0,467.63140968245136,18.588484932295206,66.91854575626274
44.050000000000004,468.560862532979,18.58854718125286,66.9187698525103
44.1,469.4903167595802,18.588557551396143,66.91880718502611
44.150000000000006,470.41975978801497,18.588359843543365,66.91809543675612
44.2,471.34918036575743,18.587868611505982,66.91632700142154
44.25,472.2785689757242,18.587090036083385,66.91352412990018
44.300000000000004,473.207915754782,18.586111828905455,66.91000258405964
44.35,474.13720770543904,18.58505668161505,66.90620405381418
44.400000000000006,475.06643507012456,18.58403633887476,66.90253081994913
44.45,475.9955984746862,18.583119116436315,66.89922881917073
44.5,476.92470961307873,18.582359844155853,66.89649543896107
44.550000000000004,477.85378710136257,18.581786568170273,66.89443164541298
44.6,478.7828502963405,18.58140881004619,66.89307171616629
44.650000000000006,479.711913444676,18.581241015477453,66.89246765571883
44.7,480.6409826750953,18.58126564325904,66.89255631573255
44.75,481.5700588414703,18.581417546226348,66.89310316641486
44.800000000000004,482.49914187572426,18.58161528902744,66.89381504049878
44.85,483.42822999201627,18.581794198570897,66.89445911485524
44.900000000000006,484.3573223205186,18.581921731426956,66.89491823313705
44.95,485.286421728005,18.581996126397186,66.89518605502987
45.0,486.2155274531307,18.58203375124041,66.89532150446547
45.050000000000004,487.1446328490019,18.582054284632253,66.89539542467611
45.1,488.07373211394656,18.582056377174883,66.89540295782957
45.150000000000006,489.0028241113143,18.582011930029143,66.89524294810492
45.2,489.9319100803034,18.5818753653381,66.89475131521716
45.25,490.8609900209079,18.581581867204292,66.89369472193546
45.300000000000004,491.7900605460629,18.58110224117515,66.89196806823054
45.35,492.71911393524294,18.58043961254436,66.8895826051597
45.400000000000006,493.6481364040722,18.579583155343887,66.88649935923799
45.45,494.57710892202994,18.578518916760483,66.88266810033774
45.5,495.50601381110954,18.57726073226555,66.87813863615598
45.550000000000004,496.434840631654,18.57585311974183,66.87307123107058
45.6,497.3635893641979,18.57436167741281,66.86770203868612
45.650000000000006,498.2922649105689,18.57286782248579,66.86232416094884
45.7,499.22086923936996,18.571457868179042,66.85724832544456
45.75,500.1494053844252,18.570213407749485,66.85276826789814
45.800000000000004,501.07788261986036,18.56917821027512,66.84904155699043
45.85,502.006313179964,18.56836399354529,66.84611037676305
45.900000000000006,502.93470912448146,18.56776754977141,66.84396317917708
45.95,503.8630828499663,18.567388054825678,66.84259699737244
46.0,504.79144644073915,18.567237965257263,66.84205667492616
46.050000000000004,505.7198101466991,18.567320909598266,66.84235527455375
46.1,506.6481810321476,18.56760816325049,66.84338938770176
46.150000000000006,507.5765655862745,18.568054882586146,66.84499757731012
46.2,508.50497202417256,18.56860728322713,66.84698621961768
46.25,509.4334082425633,18.5691965167786,66.84910746040296
46.300000000000004,510.3618788849358,18.56974832106978,66.85109395585121
46.35,511.2903834912433,18.57020251264341,66.85272904551627
46.400000000000006,512.2189148510593,18.570510247293775,66.8538368902576
46.45,513.147459552727,18.570623626823295,66.85424505656387
46.5,514.0760015973981,18.570489751108934,66.85376310399216
46.550000000000004,515.0045252349194,18.5700794148838,66.85228589358168
46.6,515.9330176037254,18.56939812044324,66.84983323359566
46.650000000000006,516.8614701740709,18.568489180766136,66.8465610507581
46.7,517.7898760667431,18.567428619737157,66.84274303105377
46.75,518.7182272287345,18.566320771351144,66.83875477686412
46.800000000000004,519.6465172514145,18.56525376013016,66.83491353646859
46.85,520.5747464606189,18.564295999675572,66.83146559883207
46.900000000000006,521.5029232566156,18.56349002350018,66.82856408460064
46.95,522.4310615297296,18.562862831773856,66.82630619438588
47.0,523.3591778618958,18.562430195871087,66.82474870513592
47.050000000000004,524.2872876454356,18.562209907003222,66.8239556652116
47.1,525.2153991683803,18.562190659136395,66.82388637289102
47.150000000000006,526.1435148502464,18.562310442561692,66.82431759322209
47.2,527.0716359585039,18.562478523099003,66.82492268315642
47.25,527.9997641702613,18.562612535310272,66.82540512711698
47.300000000000004,528.9279012954605,18.562656676336417,66.82556403481111
47.35,529.8560473816873,18.56259558947669,66.82534412211608
47.400000000000006,530.7841967562722,18.562473887091674,66.82490599353002
47.45,531.7123373939245,18.56235618390265,66.82448226204954
47.5,532.6404601881313,18.56228827652573,66.82423779549264
47.550000000000004,533.5685661600189,18.562310872917504,66.82431914250301
47.6,534.4966658879905,18.562465402688158,66.82487544967736
47.650000000000006,535.4247769059966,18.56281301209856,66.82612684355482
47.7,536.3529205543514,18.56342864019579,66.82834310470486
47.75,537.2811126427465,18.564376966446364,66.83175707920691
47.800000000000004,538.2093604467809,18.565663869145006,66.83638992892202
47.85,539.1376707007697,18.56721947365833,66.84199010516998
47.900000000000006,540.0660537558507,18.56893101394217,66.84815165019181
47.95,540.9945227292222,18.570666604852896,66.85439977747043
48.0,541.9230878149763,18.5722935195738,66.86025667046569
48.050000000000004,542.8517476030578,18.57370497666068,66.86533791597844
48.1,543.78048536107,18.57480657933916,66.86930368562098
48.150000000000006,544.709272704749,18.575483282418293,66.87173981670585
48.2,545.6380777608937,18.575629450313546,66.87226602112877
48.25,546.5668708004314,18.57519475536014,66.87070111929651
48.300000000000004,547.4956258331582,18.57420973952725,66.86715506229811
48.35,548.4243213925098,18.572791747840377,66.86205029222536
48.400000000000006,549.3529371195051,18.571126735923944,66.8560562493262
48.45,550.2814555122509,18.5694179399225,66.849904583721
48.5,551.2098714999861,18.56784120621449,66.84422834237216
48.550000000000004,552.1381969174147,18.56652449698307,66.83948818913906
48.6,553.0664567466002,18.565555173282153,66.83599862381575
48.650000000000006,553.9946817462651,18.56497455429833,66.833908395474
48.7,554.9229020442953,18.56478875947175,66.8332395340983
48.75,555.8511401922067,18.564968277908708,66.83388580047135
48.800000000000004,556.7794070795782,18.56541158141471,66.83548169309296
48.85,557.7077046926889,18.56598439921097,66.83754383715949
48.900000000000006,558.6360306997489,18.56654994462172,66.83957980063819
48.95,559.5643804460553,18.56700158156915,66.84120569364894
49.0,560.4927482731086,18.567278942188658,66.84220419187918
49.050000000000004,561.4211267442689,18.56736258509829,66.84250530635384
49.1,562.3495040033491,18.567270973109693,66.8421755031949
49.150000000000006,563.27786898143,18.567037155800996,66.84133376088359
49.2,564.2062144367734,18.566695108187268,66.84010238947417
49.25,565.1345362313763,18.56628718374035,66.83863386146527
49.300000000000004,566.0628346506649,18.56585954405251,66.83709435858904
49.35,566.9911117433504,18.565458656289664,66.83565116264279
49.400000000000006,567.919370324388,18.56513222979847,66.83447602727449
49.45,568.8476142424722,18.564903850146603,66.83365386052778
49.5,569.7758478412894,18.564755031718168,66.83311811418541
49.550000000000004,570.7040765674831,18.564661825207793,66.83278257074805
49.6,571.6323051255503,18.56459606037872,66.8325458173634
49.650000000000006,572.5605358280407,18.564524394037306,66.83228781853431
49.7,573.4887683209116,18.564413219805886,66.8318875913012
49.75,574.4169977308268,18.5642331263683,66.83123925492589
49.800000000000004,575.3452163869887,18.563989867508106,66.83036352302918
49.85,576.2734196104709,18.563721307808322,66.82939670810997
49.900000000000006,577.2016070258766,18.563493792287392,66.82857765223461
49.95,578.1297786429811,18.56338586210779,66.82818910358804
50.0,579.0579364553556,18.563454392673602,66.82843581362496
50.050000000000004,579.9860897330527,18.563729887092514,66.82942759353305
50.1,580.9142565848308,18.564206778977297,66.83114440431827
50.150000000000006,581.8424575901432,18.564837940988898,66.83341658756004
50.2,582.77070727196,18.565548570079926,66.83597485228773
50.25,583.699009209419,18.566253088886285,66.83851111999063
50.300000000000004,584.6273543345387,18.566842966678955,66.84063468004425
50.35,585.5557258337795,18.567182129743433,66.84185566707636
50.400000000000006,586.4841041690205,18.567154169520993,66.84175501027558
50.45,587.4124695217852,18.566702353293838,66.84012847185782
50.5,588.3408032002478,18.565848488107285,66.83705455718624
50.550000000000004,589.2690865533201,18.564671586634987,66.83281771188595
50.6,590.1973001800823,18.563291193663165,66.8278482971874
50.650000000000006,591.1254288733974,18.561827360826417,66.8225784989751
50.7,592.0534699448042,18.560384801338714,66.81738528481937
50.75,592.981434019693,18.559065257882654,66.81263492837756
50.800000000000004,593.9093381317441,18.557957856787908,66.80864828443647
50.85,594.8372000989647,18.55713231624349,66.80567633847656
50.900000000000006,595.7650361976496,18.55663339788274,66.80388023237788
50.95,596.6928593419751,18.556462357721372,66.80326448779694
51.0,597.6206807280023,18.556574182045335,66.8036670553632
51.050000000000004,598.5485131286155,18.55689996826529,66.80483988575506
51.1,599.4763682950695,18.5573708277405,66.8065349798658
51.150000000000006,600.4042537496215,18.557924768857713,66.80852916788777
51.2,601.3321732462138,18.55852866175588,66.81070318232116
51.25,602.2601269858029,18.559171305359083,66.8130166992927
51.300000000000004,603.1881132656553,18.559863126980535,66.81550725712992
51.35,604.116130512865,18.560600088937754,66.81816032017592
51.400000000000006,605.0441771520475,18.56137101737626,66.82093566255453
51.45,605.9722538252404,18.562169389380262,66.82380980176895
51.5,606.9003677906682,18.56298205314245,66.82673539131282
51.550000000000004,607.8285287554742,18.563795756166606,66.82966472219978
51.6,608.7567419762,18.56461016942422,66.8325966099272
51.650000000000006,609.6850043431655,18.565424791655786,66.83552924996083
51.7,610.6133066576577,18.566222859861853,66.83840229550268
51.75,611.5416407914969,18.566950820298356,66.84102295307409
51.800000000000004,612.470001234748,18.567544886472152,66.84316159129975
51.85,613.3983861967663,18.567977603220477,66.84471937159373
51.900000000000006,614.3267973277335,18.568284050068293,66.84582258024585
51.95,615.2552336924849,18.5685261585734,66.84669417086424
52.0,616.1836867101014,18.56878312894622,66.84761926420639
52.050000000000004,617.1121440833557,18.569101435374826,66.84876516734937
52.1,618.0406027110174,18.569524690614763,66.85028888621315
52.150000000000006,618.9690754561383,18.57010544338562,66.85237959618824
52.2,619.8975830998785,18.570905451504256,66.85525962541533
52.25,620.8261443618164,18.572014416561554,66.8592518996216
52.300000000000004,621.7547739929664,18.573514233496713,66.86465124058817
52.35,622.6834831659769,18.575428789736844,66.87154364305263
52.400000000000006,623.6122844164166,18.57765845394612,66.87957043420604
52.45,624.5411944992285,18.580012820967497,66.888046155483
52.5,625.4702285520656,18.58229849865228,66.8962745951482
52.550000000000004,626.3993953476821,18.584352554128195,66.90366919486151
52.6,627.3286872880767,18.58603499128003,66.90972596860811
52.650000000000006,628.2580744643494,18.58723679099638,66.91405244758697
52.7,629.1875091789477,18.58788831996267,66.9163979518656
52.75,630.1169434056486,18.5879542227628,66.91663520194608
52.800000000000004,631.0463454914277,18.58747327790386,66.9149038004539
52.85,631.975697447705,18.58656519363651,66.91163469709144
52.900000000000006,632.9049891797033,18.58542904489038,66.90754456160536
52.95,633.8342194060192,18.584318447864327,66.90354641231158
53.0,634.7633948162121,18.583451074608796,66.90042386859167
53.050000000000004,635.6925277288912,18.582960022129754,66.89865607966712
53.1,636.6216375965048,18.582849115879316,66.89825681716555
53.150000000000006,637.5507507484471,18.583081223884488,66.89909240598416
53.2,638.479895626082,18.583607101342132,66.90098556483167
53.25,639.4090940702068,18.58436030862022,66.9036971110328
53.300000000000004,640.3383525931898,18.58525398544546,66.90691434760365
53.35,641.267663022173,18.586200565113145,66.91032203440733
53.400000000000006,642.1970103297922,18.58709793415746,66.91355256296686
53.45,643.1263846066455,18.587822189977167,66.9161598839178
53.5,644.0557828338221,18.58827751183217,66.91779904259582
53.550000000000004,644.9852006898208,18.58843327234395,66.91835978043822
53.6,645.9146298082322,18.58831787231437,66.91794434033173
53.650000000000006,646.8440574166971,18.58798585440509,66.91674907585833
53.7,647.7734659980225,18.587493828791757,66.91497778365033
53.75,648.7028355509977,18.58687992947091,66.91276774609528
53.800000000000004,649.6321551612351,18.586166994461767,66.91020118006236
53.85,650.5614279837018,18.585418724396863,66.9075074078287
53.900000000000006,651.4906624096201,18.584710472167703,66.90495769980373
53.95,652.419865706703,18.584106612030304,66.90278380330909
54.0,653.3490444249329,18.5836210930345,66.9010359349242
54.050000000000004,654.2782023736294,18.583228102700815,66.89962116972293
54.1,655.2073406577565,18.58282660131406,66.89817576473062
54.150000000000006,656.1364612775351,18.58226638792625,66.8961589965345
54.2,657.0655616840063,18.581431047464108,66.89315177087079
54.25,657.9946283150083,18.580250079303386,66.8889002854922
54.300000000000004,658.9236362721265,18.57867660636202,66.88323578290327
54.35,659.8525564126329,18.5767031972486,66.87613151009496
54.400000000000006,660.7813595284557,18.574372856345775,66.86774228284479
54.45,661.7100222733196,18.57175908527221,66.85833270697995
54.5,662.6385367478058,18.568978841535916,66.8483238295293
54.550000000000004,663.5669054999469,18.56619609466006,66.83830594077622
54.6,664.4951346830234,18.563574334002013,66.82886760240724
54.650000000000006,665.4232369386682,18.5612439843659,66.82047834371724
54.7,666.3512319417011,18.559283642565745,66.81342111323669
54.75,667.2791417918062,18.5577419937595,66.8078711775342
54.800000000000004,668.2069898626411,18.556608954144707,66.80379223492095
54.85,669.1347994265708,18.555866246607444,66.8011184877868
54.900000000000006,670.0625893267483,18.555526875004166,66.799896750015
54.95,670.9903733009451,18.555581634241097,66.80009388326795
55.0,671.9181642912982,18.555998071231457,66.80159305643325
55.050000000000004,672.8459772436842,18.556747886158256,66.80429239016972
55.1,673.7738278203676,18.55780545363452,66.80809963308427
55.150000000000006,674.7017339190054,18.55913704989139,66.81289337960901
55.2,675.6297156544352,18.560691253971125,66.81848851429605
55.25,676.5577844637658,18.562389043385988,66.82460055618955
55.300000000000004,677.4859422934579,18.56410682407786,66.83078456668031
55.35,678.4141884875488,18.565698762908497,66.8365155464706
55.400000000000006,679.3425179435864,18.567033714302642,66.84132137148951
55.45,680.270917238697,18.568000488752347,66.84480175950846
55.5,681.1993629348794,18.568520482435037,66.84667373676614
55.550000000000004,682.127825076271,18.56858822460254,66.84691760856914
55.6,683.0562731937936,18.568266043382913,66.84575775617849
55.650000000000006,683.9846836328378,18.56761726334108,66.8434221480279
55.7,684.913044069678,18.566758479133306,66.8403305248799
55.75,685.8413503048735,18.565857728634544,66.83708782308436
55.800000000000004,686.7696060546513,18.565090831761758,66.83432699434233
55.85,687.6978250643895,18.564594462265546,66.83254006415596
55.900000000000006,688.6260258326815,18.56443965250613,66.83198274902207
55.95,689.5542257470485,18.56463524602644,66.8326868856952
56.0,690.4824466747675,18.56514840668595,66.83453426406942
56.050000000000004,691.4107131401992,18.565925823113005,66.83733296320682
56.1,692.3390385043969,18.566888019274295,66.84079686938746
56.150000000000006,693.2674224249198,18.56791895763665,66.84450824749194
56.2,694.1958572785416,18.568911067203423,66.84807984193233
56.25,695.1243350964447,18.569788081263678,66.85123709254924
56.300000000000004,696.0528506397254,18.570487921882595,66.85375651877735
56.35,696.9813978801996,18.570970577926765,66.85549408053636
56.400000000000006,697.9099652145289,18.57126614432513,66.85655811957047
56.45,698.8385384750527,18.571430436937142,66.85714957297371
56.5,699.7671090029282,18.571489049467985,66.85736057808475
56.550000000000004,700.6956746541763,18.571444737989484,66.85720105676215
56.6,701.624234536379,18.57129797804958,66.85667272097848
56.650000000000006,702.5527893565832,18.571080502195773,66.85588980790479
56.7,703.4813415791955,18.57084452991372,66.85504030768939
56.75,704.4098891232205,18.5706298295567,66.85426738640413
56.800000000000004,705.3384235000162,18.570441370969473,66.85358893549011
56.85,706.2669388631026,18.57027193442438,66.85297896392777
56.900000000000006,707.1954384924073,18.570135207491116,66.85248674696803
56.95,708.1239326312095,18.570049765380503,66.85217915536981
57.0,709.0524303354739,18.570029810633564,66.85210731828083
57.050000000000004,709.9809337864816,18.57008926393057,66.85232135015005
57.1,710.9094419310992,18.570242060207534,66.85287141674712
57.150000000000006,711.8379561676005,18.570461883541626,66.85366278074986
57.2,712.766481488416,18.57069022415052,66.85448480694188
57.25,713.6950211205739,18.57087659862796,66.85515575506066
57.300000000000004,714.6235745265238,18.571007863486216,66.85562830855038
57.35,715.552138471843,18.571104314587533,66.85597553251512
57.400000000000006,716.4807084490606,18.571196749321,66.8563082975556
57.45,717.4092784160637,18.5713122717772,66.85672417839791
57.5,718.3378438934045,18.571467702200504,66.85728372792181
57.550000000000004,719.2664071579547,18.571671192836725,66.8580162942122
57.6,720.1949768513346,18.571922330909292,66.85892039127346
57.650000000000006,721.123562875505,18.572207259549682,66.85994613437886
57.7,722.0521722877014,18.57250158223463,66.86100569604467
57.75,722.9808071865375,18.57276583991255,66.86195702368518
57.800000000000004,723.9094616895718,18.5729558965935,66.8626412277366
57.85,724.8381231847679,18.572995526816907,66.86278389654086
57.900000000000006,725.7667771464586,18.57280846563434,66.86211047628362
57.95,726.6954113267658,18.572342022498496,66.86043128099459
58.0,727.6240147905502,18.57159533347355,66.85774320050479
58.050000000000004,728.5525760737086,18.570594976433306,66.8541419151599
58.1,729.4810831231504,18.569410596474434,66.84987814730796
58.150000000000006,730.4095219844232,18.568090193735436,66.84512469744757
58.2,731.3378804777957,18.566650172913793,66.83994062248965
58.25,732.2661536490334,18.565060718784693,66.8342185876249
58.300000000000004,733.1943427536904,18.56326570830754,66.82775654990715
58.35,734.1224487181328,18.561216355382978,66.82037887937872
58.400000000000006,735.0504675498986,18.558878371864324,66.81196213871156
58.45,735.9783836512969,18.556262615061076,66.80254541421988
58.5,736.9061720681046,18.553416986651992,66.79230115194717
58.550000000000004,737.8338087077171,18.550402315028425,66.78144833410234
58.6,738.7612769865921,18.547338362644396,66.77041810551982
58.650000000000006,739.6885766629027,18.54444617188984,66.76000621880343
58.7,740.615725132011,18.54201699633149,66.75126118679337
58.75,741.5427564300421,18.540352351456153,66.74526846524215
58.800000000000004,742.469715728235,18.539719999193075,66.74299199709507
58.85,743.396654167294,18.540255495478252,66.74491978372171
58.900000000000006,744.3236347656884,18.541953714687686,66.75103337287567
58.95,745.250731602204,18.544649429669263,66.76073794680936
59.0,746.17801049868,18.548063154642605,66.77302735671338
59.050000000000004,747.1055129680458,18.551884028748677,66.78678250349525
59.1,748.0332530592116,18.555829548598822,66.80098637495577
59.150000000000006,748.9612167685412,18.559676674731463,66.81483602903327
59.2,749.8893689618445,18.563230488846937,66.82762975984897
59.25,750.8176666835818,18.56637150374887,66.83893741349593
59.300000000000004,751.7460748704954,18.56914436203893,66.84891970334014
59.35,752.6745798564101,18.57170631892861,66.858142748143
59.400000000000006,753.6031885275544,18.574218243016276,66.86718567485859
59.45,754.5319149150724,18.576801829488005,66.87648658615682
59.5,755.4607703286075,18.579497401372777,66.886190644942
59.550000000000004,756.3897689380077,18.582232070226134,66.89603545281409
59.6,757.3189294172413,18.58483620853421,66.90541035072316
59.650000000000006,758.2482525971863,18.587082835290875,66.91349820704716
59.7,759.1777089306005,18.588783001210015,66.91961880435605
59.75,760.1072521607078,18.589863843885862,66.9235098379891
59.800000000000004,761.0368319550254,18.590373953990355,66.92534623436528
59.85,761.9664022976949,18.590434847311563,66.92556545032163
59.900000000000006,762.8959320003786,18.590247436903034,66.92489077285093
59.95,763.8254132092563,18.590119696122127,66.92443090603966
60.0,764.754866350221,18.59040592033557,66.92546131320806
60.050000000000004,765.6843347661277,18.591328693603934,66.92878329697416
60.1,766.6138693523884,18.59297030970928,66.9346931149534
60.150000000000006,767.5435169141025,18.595298811800888,66.9430757224832
60.2,768.4733198643424,18.598164908640438,66.95339367110557
60.25,769.4033107738634,18.60133856399566,66.96481883038439
60.300000000000004,770.3334964239109,18.604545300373882,66.97636308134598
60.35,771.2638516448254,18.60751798998069,66.98706476393048
60.400000000000006,772.194339275913,18.610052600216534,66.99618936077952
60.45,773.1249278534103,18.612035114840733,67.00332641342663
60.5,774.0555887517484,18.6134428847526,67.00839438510937
60.550000000000004,774.9862972368412,18.614342729138876,67.01163382489996
60.6,775.9170336024029,18.614914578845216,67.01369248384277
60.650000000000006,776.8477835831588,18.615367645296942,67.015323523069
60.7,777.7785411607953,18.61584240207473,67.01703264746902
60.75,778.7093103098057,18.616375657709504,67.01895236775422
60.800000000000004,779.6401041101275,18.61698260281062,67.02113737011823
60.85,780.5709392669269,18.61763613450023,67.02349008420083
60.900000000000006,781.501828598006,18.618269389970944,67.0257698038954
60.95,782.4327694272978,18.618789853594127,67.02764347293886
61.0,783.3637408699967,18.619064041159767,67.02863054817516
61.050000000000004,784.2947168376685,18.618937085199235,67.02817350671725
61.1,785.2256754503126,18.618293884989228,67.02585798596122
61.150000000000006,786.1565944029062,18.61712767152042,67.02165961747352
61.2,787.0874500821774,18.615549899121532,67.01597963683751
61.25,788.0182215977899,18.61378235053108,67.00961646191189
61.300000000000004,788.9488913103856,18.61211641375316,67.00361908951137
61.35,789.8794534467481,18.61081201693716,66.99892326097378
61.400000000000006,790.80992785608,18.610069213606334,66.9962491689828
61.45,791.7403624152499,18.610054210838122,66.99619515901725
61.5,792.6708184824303,18.61089120727381,66.99920834618571
61.550000000000004,793.6013565841672,18.61261557233342,67.00541606040032
61.6,794.532026831261,18.61517849924507,67.01464259728225
61.650000000000006,795.4628605893087,18.618404539365073,67.02625634171427
61.7,796.39387378877,18.622000432707722,67.0392015577478
61.75,797.3250753322258,18.625631416421953,67.05227309911903
61.800000000000004,798.2564653647788,18.629032076033145,67.06451547371933
61.85,799.188030621152,18.632030672391867,67.07531042061072
61.900000000000006,800.1197448575759,18.634543572230353,67.08435686002927
61.95,801.0515696706905,18.636573890334788,67.09166600520524
62.0,801.9834647431701,18.638165570430104,67.09739605354838
62.050000000000004,802.9154040604433,18.639386265036897,67.10179055413283
62.1,803.8473806086026,18.640347871609645,67.10525233779472
62.150000000000006,804.7793969108226,18.641203559813434,67.10833281532837
62.2,805.7114578982333,18.64210718477927,67.11158586520537
62.25,806.6435705042727,18.643169672858654,67.11541082229115
62.300000000000004,807.5757399083506,18.644420121012146,67.11991243564373
62.35,808.5079720897265,18.645787581661683,67.12483529398206
62.400000000000006,809.4402762272008,18.64714154582857,67.12970956498286
62.45,810.3726578788103,18.64834511359858,67.1340424089549
62.5,811.305112259432,18.64928353205217,67.13742071538782
62.550000000000004,812.2376213273296,18.649855044767847,67.13947816116425
62.6,813.1701556427429,18.64998989568833,67.13996362447799
62.650000000000006,814.10268265848,18.649658259726998,67.13876973501719
62.7,815.0351738956206,18.648895290619116,67.13602304622881
62.75,815.9676081016435,18.647821436004413,67.1321571696159
62.800000000000004,816.8999725550658,18.646616272597072,67.12781858134946
62.85,817.8322635935119,18.645471635747644,67.12369788869152
62.900000000000006,818.7644877350153,18.644566874446213,67.12044074800637
62.95,819.6966626511934,18.64403068298565,67.11851045874835
63.0,820.6288182388065,18.643913194189416,67.1180874990819
63.050000000000004,821.5609883079165,18.644199079742087,67.11911668707151
63.1,822.4931979310055,18.644816912806636,67.1213408861039
63.150000000000006,823.425460141564,18.6456564117277,67.12436308221972
63.2,824.357779428799,18.646585568665753,67.1277080471967
63.25,825.2901523550612,18.647462253743726,67.13086411347741
63.300000000000004,826.2225663827255,18.64815682769605,67.13336457970578
63.35,827.1550047191093,18.648595200354833,67.1349427212774
63.400000000000006,828.0874511502776,18.648783222615542,67.13561960141595
63.45,829.0198916353977,18.648750061054272,67.13550021979539
63.5,829.9523152287418,18.64852149702722,67.134677389298
63.550000000000004,830.8847130683891,18.648112345334678,67.13320444320485
63.6,831.8170789476269,18.647524965283473,67.1310898750205
63.650000000000006,832.74941098594,18.646703835644356,67.12813380831969
63.7,833.6817053048018,18.64554089719715,67.12394722990975
63.75,834.6139458071501,18.64392571201505,67.11813256325418
63.800000000000004,835.5461051923899,18.64174503685873,67.11028213269142
63.85,836.4781504774562,18.63889866206718,67.10003518344185
63.900000000000006,837.410042240181,18.635312806957284,67.08712610504622
63.95,838.3417336443704,18.63095531393274,67.07143913015787
64.0,839.2731795019324,18.625870778338218,67.05313480201758
64.05,840.2043474829984,18.620187848991737,67.03267625637025
64.10000000000001,841.1352141136862,18.614085043211098,67.01070615555996
64.15,842.0657619246716,18.607759117565507,66.98793282323582
64.2,842.995983611108,18.601422971268924,66.96512269656813
64.25,843.9258844868281,18.595298035454352,66.94307292763567
64.3,844.8554834000421,18.589567633528684,66.92244348070327
64.35000000000001,845.7848074959969,18.584345259839434,66.90364293542197
64.4,846.7138867223707,18.579721809573368,66.88699851446412
64.45,847.6427537195784,18.575759068408914,66.8727326462721
64.5,848.5714430681151,18.572449971830654,66.86081989859035
64.55,849.4999888438423,18.569745626220882,66.85108425439518
64.60000000000001,850.4284197591513,18.567573719773712,66.84326539118537
64.65,851.3567583617001,18.565865921651444,66.8371173179452
64.7,852.2850268109887,18.564565225556272,66.83243481200259
64.75,853.2132428137527,18.563613524119077,66.82900868682869
64.8,854.1414164313096,18.562963317135385,66.82666794168739
64.85000000000001,855.0695581871374,18.56259677513213,66.82534839047567
64.9,855.9976825796639,18.562520431863064,66.82507355470703
64.95,856.9258056488582,18.56275170271208,66.8259061297635
65.0,857.8539418287044,18.563270490860482,66.82777376709774
65.05,858.7821028585417,18.564013430567286,66.83044835004223
65.10000000000001,859.7103006439212,18.564882899922875,66.83357843972234
65.15,860.6385468243418,18.56571361444083,66.836569011987
65.2,861.5668464457638,18.566312328315803,66.8387243819369
65.25,862.4951913992828,18.56651123103957,66.83944043174246
65.3,863.4235569697585,18.56619657047846,66.83830765372247
65.35000000000001,864.3519053037811,18.56531832637769,66.83514597495969
65.4,865.2801937602278,18.563898268081356,66.83003376509288
65.45,866.2083829143953,18.56204829951692,66.82337387826091
65.5,867.136447839431,18.559986647392186,66.81595193061187
65.55,868.0643847389753,18.558005524462043,66.80881988806335
65.60000000000001,868.9922086213681,18.556409673573675,66.80307482486523
65.65,869.9199490923243,18.55544705382188,66.79960939375877
65.7,870.8476479395085,18.55524585704951,66.79888508537823
65.75,871.7753565734116,18.555806397608084,66.8009030313891
65.8,872.703127508867,18.556996946786352,66.80518900843087
65.85000000000001,873.6310009894653,18.558580934059716,66.81089136261498
65.9,874.5589945863911,18.56028881068321,66.81703971845957
65.95,875.487101188375,18.561859109779228,66.82269279520523
66.0,876.415293931255,18.56308235366118,66.82709647318025
66.05,877.3435370457323,18.56385860783294,66.82989098819858
66.10000000000001,878.2717947259899,18.564224692303924,66.83120889229413
66.15,879.2000389267337,18.564350908884904,66.83166327198566
66.2,880.1282578923493,18.564495842023778,66.8321850312856
66.25,881.056458408944,18.564942838756153,66.83379421952215
66.3,881.9846665237804,18.565927243601863,66.8373380769667
66.35000000000001,882.9129279025376,18.567587023298486,66.84331328387455
66.4,883.8412966571381,18.569932608399014,66.85175739023646
66.45,884.7698196022544,18.572857466329037,66.86228687878453
66.5,885.6985268095696,18.57612588886225,66.87405319990411
66.55,886.6274279549981,18.579420706842143,66.88591454463172
66.60000000000001,887.5565115294031,18.58239414483846,66.89661892141847
66.65,888.4857471694245,18.58473527221133,66.90504697996079
66.7,889.4150911887435,18.586270018151172,66.91057206534423
66.75,890.3444925612239,18.58700435027441,66.91321566098787
66.8,891.2738981826855,18.58706588861966,66.91343719903077
66.85000000000001,892.2032625093545,18.58666322423155,66.91198760723358
66.9,893.1325587613296,18.586043788231542,66.90975763763356
66.95,894.0617860848585,18.585459950312917,66.9076558211265
67.0,894.9909712643301,18.58510175054426,66.90636630195934
67.05,895.9201526623938,18.585046819069017,66.90616854864847
67.10000000000001,896.8493582807141,18.58524418509597,66.9068790663455
67.15,897.7786003972763,18.585519030067147,66.90786850824173
67.2,898.7078781370867,18.58556463513878,66.90803268649961
67.25,899.637174723742,18.585022339321757,66.90608042155833
67.3,900.5664518598354,18.583569873530138,66.9008515447085
67.35000000000001,901.4956498555222,18.581035663594722,66.891728388941
67.4,902.4246989985743,18.577449212594384,66.87881716533978
67.45,903.3535311540169,18.572983165424283,66.86273939552743
67.5,904.2820873916868,18.56788890367405,66.84440005322658
67.55,905.2103322825254,18.562485757648442,66.82494872753439
67.60000000000001,906.1382656712506,18.557134906828388,66.8056856645822
67.65,907.0659204165785,18.55217145042754,66.78781722153914
67.7,907.9933468134511,18.547829171787566,66.77218501843524
67.75,908.9205927621806,18.544201243247578,66.75912447569128
67.8,909.8476965068686,18.54125341594612,66.74851229740604
67.85000000000001,910.7746887930035,18.538828412558964,66.73978228521227
67.9,911.7015914547554,18.536680286452313,66.73204903122833
67.95,912.6284106091844,18.53457751718849,66.72447906187857
68.0,913.5551359108998,18.53238195979722,66.71657505527
68.05,914.4817482897153,18.53007055628991,66.70825400264368
68.10000000000001,915.4082292182741,18.527704976566945,66.69973791564101
68.15,916.3345669355454,18.525387821176793,66.69139615623645
68.2,917.2607624123415,18.523234189128857,66.68364308086389
68.25,918.18683548747,18.521370272126354,66.67693297965488
68.3,919.1128211231014,18.519907985979756,66.67166874952713
68.35000000000001,920.0387561375195,18.51890304070743,66.66805094654674
68.4,920.9646700834024,18.51834293512717,66.66603456645781
68.45,921.8905829360267,18.51814510953031,66.66532239430911
68.5,922.8165039016814,18.51817990818274,66.66544766945788
68.55,923.7424350585018,18.518303701034686,66.66589332372487
68.60000000000001,924.6683746541391,18.518411541870428,66.66628155073354
68.65,925.594317090295,18.518464297792107,66.66647147205158
68.7,926.520254658159,18.518473524546227,66.66650468836642
68.75,927.4461798090861,18.51846991113334,66.66649168008003
68.8,928.3720892046485,18.518495741015506,66.66658466765583
68.85000000000001,929.2979880593176,18.51857020222779,66.66685272802005
68.9,930.2238881869998,18.518655767735538,66.66716076384795
68.95,931.1497991515276,18.51867772920715,66.66723982514574
69.0,932.0757210217926,18.518533226510144,66.66671961543652
69.05,933.0016443219578,18.518101863803015,66.66516670969085
69.10000000000001,933.9275516010129,18.517247216201195,66.6620899783243
69.15,934.8534144599175,18.515837781299254,66.65701601267732
69.2,935.7791938895123,18.513799501224774,66.64967820440918
69.25,936.7048502771655,18.51114137824998,66.64010896169994
69.3,937.6303508609335,18.50795162503684,66.62862585013262
69.35000000000001,938.5556702817909,18.50436741391553,66.61572269009592
69.4,939.4807900570119,18.500549691674742,66.60197889002907
69.45,940.4057022564691,18.496682829718665,66.5880581869872
69.5,941.3304141484778,18.49294490120952,66.57460164435427
69.55,942.254942990519,18.489441248841477,66.56198849582931
69.60000000000001,943.1793078865718,18.486208466115198,66.5503504780147
69.65,944.103526465292,18.483248033430073,66.53969292034826
69.7,945.0276137801619,18.480536259429925,66.52993053394773
69.75,945.9515823885018,18.478010377647976,66.52083735953272
69.8,946.8754381664869,18.475580183188416,66.5120886594783
69.85000000000001,947.7991764686296,18.47317676987344,66.50343637154438
69.9,948.7227909241798,18.470779811988784,66.49480732315962
69.95,949.6462812079968,18.468396575886967,66.48622767319308
70.0,950.5696499977146,18.466063683697357,66.47782926131049
70.05,951.492899046879,18.463841377773043,66.46982895998296
70.10000000000001,952.4160329449721,18.461795674612876,66.46246442860635
70.15,953.3390648927102,18.45999364531268,66.45597712312565
70.2,954.2620133607264,18.458475419064225,66.45051150863121
70.25,955.1848961084595,18.45724329674889,66.446075868296
70.3,956.1077303220936,18.456303854483146,66.44269387613933
70.35000000000001,957.0305325140463,18.455656118452463,66.44036202642887
70.4,957.9533148736608,18.45528944885687,66.43904201588474
70.45,958.8760865836009,18.455182222554882,66.43865600119757
70.5,959.7988573523298,18.455342915313153,66.43923449512735
70.55,960.7216392626985,18.455818409084856,66.44094627270549
70.60000000000001,961.6444480728118,18.45666303374921,66.44398692149716
70.65,962.5673002155045,18.457915347433335,66.44849525076
70.7,963.4902133839497,18.459593038594143,66.45453493893892
70.75,964.4132102154454,18.461650764802734,66.46194275328985
70.8,965.3363168870407,18.46397668682085,66.47031607255506
70.85000000000001,966.2595557914108,18.466422537500762,66.47912113500274
70.9,967.1829361787809,18.468812458738793,66.48772485145966
70.95,968.106451774562,18.470960298344696,66.49545707404091
71.0,969.0300815471768,18.47268618260234,66.50167025736843
71.05,969.953790107738,18.47383557922396,66.50580808520625
71.10000000000001,970.8775366345807,18.47433026325944,66.50758894773398
71.15,971.8012853534638,18.47419365573306,66.50709716063902
71.2,972.7250055435081,18.473552991834055,66.5047907706026
71.25,973.648671770937,18.472604843139052,66.5013774353006
71.3,974.5722683541679,18.471567176144443,66.49764183412
71.35000000000001,975.4957951398064,18.47064732833414,66.49433038200291
71.4,976.4192695008749,18.470004382508158,66.49201577702937
71.45,977.3427200641823,18.4697290796994,66.49102468691784
71.5,978.2661775427517,18.469874070089716,66.49154665232298
71.55,979.1896679636769,18.470449594122417,66.4936185388407
71.60000000000001,980.1132086616792,18.471401887970345,66.49704679669324
71.65,981.0368077646143,18.47260722386232,66.50138600590435
71.7,981.9604664956198,18.47388271817578,66.5059777854328
71.75,982.8841828186983,18.475034116390614,66.51012281900621
71.8,983.807952904109,18.475880409982718,66.51316947593779
71.85000000000001,984.7317654585875,18.47626724012562,66.51456206445224
71.9,985.6555969124211,18.476074357516612,66.5138676870598
71.95,986.5794120930988,18.47522305527815,66.51080299900134
72.0,987.5031687157694,18.47365719823472,66.50516591364499
72.05,988.4268248299018,18.471356715274418,66.49688417498791
72.10000000000001,989.350342463798,18.4683647874076,66.48611323466737
72.15,990.273689507129,18.46482274122534,66.47336186841123
72.2,991.1968427735749,18.460943865068067,66.45939791424505
72.25,992.1197886735491,18.456964073853676,66.44507066587323
72.3,993.042521569296,18.45311118504828,66.4312002661738
72.35000000000001,993.9650472022962,18.449554870424386,66.4183975335278
72.4,994.8873876941577,18.44639096329182,66.40700746785055
72.45,995.8095767580137,18.443635622446603,66.39708824080778
72.5,996.7316452034319,18.44120273669011,66.3883298520844
72.55,997.6536105895331,18.43890716667026,66.38006580001293
72.60000000000001,998.5754756420835,18.436470230732557,66.3712928306372
72.65,999.4972239304408,18.43351434747896,66.36065165092425
72.7,1000.4188186566244,18.429582849112006,66.34649825680322
72.75,1001.3402042146741,18.424251024998405,66.32730368999427
72.8,1002.2613052068006,18.417216092034785,66.30197793132523
72.85000000000001,1003.1820292407062,18.408328342837464,66.26998203421488
72.9,1004.1022719385929,18.397576981442224,66.23127713319201
72.95,1005.0219232300634,18.385114101359434,66.18641076489396
73.0,1005.9408828723256,18.371244762820886,66.13648114615519
73.05,1006.8590818904888,18.356380184863454,66.08296866550843
73.10000000000001,1007.7764887868233,18.341002143153048,66.02760771535098
73.15,1008.6930999093287,18.325587770631802,65.97211597427449
73.2,1009.608932991724,18.31054701188186,65.91796924277469
73.25,1010.524026463173,18.296180349683052,65.86624925885899
73.3,1011.4384318074789,18.282627275926608,65.8174581933358
73.35000000000001,1012.3522009426357,18.269846444460466,65.77144720005768
73.4,1013.2653776810589,18.257690845879146,65.72768704516493
73.45,1014.1779906042884,18.246009390950892,65.68563380742322
73.5,1015.0900527528986,18.234674545220997,65.6448283627956
73.55,1016.0015666526524,18.22359053784794,65.60492593625258
73.60000000000001,1016.912527793779,18.212734046093374,65.56584256593615
73.65,1017.8229333052624,18.20219219772288,65.52789191180237
73.7,1018.7327966152122,18.192139972092278,65.4917038995322
73.75,1019.6421526645781,18.182813524219764,65.45812868719115
73.8,1020.5510501650414,18.17445279022892,65.42803004482411
73.85000000000001,1021.4595462323526,18.167244149665727,65.40207893879662
73.9,1022.3677075552225,18.161311622312216,65.38072184032397
73.95,1023.2756073688462,18.156686652025236,65.36407194729085
74.0,1024.1833159749438,18.153264851513605,65.35175346544898
74.05,1025.090893291217,18.15082095842042,65.34295545031353
74.10000000000001,1025.998383033997,18.14906851310541,65.33664664717948
74.15,1026.9058116328645,18.14770224335829,65.33172807608985
74.2,1027.8131927013114,18.146414161237992,65.32709098045677
74.25,1028.7205248041225,18.14494572037922,65.32180459336519
74.3,1029.6277875784456,18.143148601955016,65.31533496703805
74.35000000000001,1030.534949204036,18.140988577602833,65.3075588793702
74.4,1031.4419791605023,18.138525847523425,65.29869305108433
74.45,1032.3488569217366,18.13588321637302,65.28917957894288
74.5,1033.2555756709105,18.1332193979353,65.27958983256708
74.55,1034.1621456228,18.130742868025955,65.27067432489343
74.60000000000001,1035.0685938766578,18.128686509482343,65.26327143413644
74.65,1035.9749548724776,18.127224208320918,65.2580071499553
74.7,1036.8812619555858,18.12641543117219,65.25509555221988
74.75,1037.787544733027,18.12619950237929,65.25431820856545
74.8,1038.6938314957792,18.126439398112147,65.25518183320374
74.85000000000001,1039.6001513380531,18.126955085282095,65.25703830701555
74.9,1040.506523645367,18.127560166515757,65.25921659945672
74.95,1041.4129458835098,18.128111314321217,65.26120073155639
75.0,1042.3193964083293,18.128483541413615,65.26254074908901
75.05,1043.225845770784,18.128523705545703,65.26268533996453
75.10000000000001,1044.132268486343,18.128078143904176,65.26108131805503
75.15,1045.0386465582974,18.127031900042752,65.25731484015391
75.2,1045.9449660583557,18.12538233585857,65.25137640909085
75.25,1046.851212303748,18.123250872222286,65.24370314000024
75.3,1047.757359352724,18.120812909565092,65.23492647443433
75.35000000000001,1048.6633711525012,18.118255880507466,65.22572116982688
75.4,1049.5692226536673,18.115758303171724,65.21672989141821
75.45,1050.4749152090765,18.11346530042759,65.20847508153932
75.5,1051.3804761440708,18.111501694794423,65.20140610125992
75.55,1052.2859452155403,18.109946516448815,65.19580745921574
75.60000000000001,1053.1913577579346,18.10881937106229,65.19174973582425
75.65,1054.0967404453315,18.108027715063706,65.18889977422934
75.7,1055.0021084181806,18.107299077004356,65.18627667721569
75.75,1055.9074586371157,18.106258062674225,65.18252902562722
75.8,1056.8127699063712,18.10455634939011,65.17640285780439
75.85000000000001,1057.7180039715126,18.101957238010495,65.16704605683779
75.9,1058.6231058678115,18.098395677911768,65.15422444048237
75.95,1059.528006941155,18.09395537382584,65.13823934577302
76.0,1060.4326366543498,18.08884855930511,65.11985481349839
76.05,1061.3369492851266,18.08340001121038,65.10024004035736
76.10000000000001,1062.2409384806974,18.077963553896744,65.08066879402828
76.15,1063.1446296876106,18.072854263449614,65.06227534841861
76.2,1064.0480690547379,18.068314270229703,65.04593137282693
76.25,1064.9513109356908,18.06446966946011,65.0320908100564
76.3,1065.8544075744521,18.061308285510002,65.02070982783601
76.35000000000001,1066.7573996412016,18.0586820342167,65.01125532318012
76.4,1067.6603046794803,18.056355230422277,65.0028788295202
76.45,1068.563117309304,18.05411011669652,64.99479642010748
76.5,1069.465819271793,18.05178408730374,64.98642271429347
76.55,1070.368387684775,18.049289610616217,64.97744259821839
76.60000000000001,1071.2708028811157,18.04661480535371,64.96781329927336
76.65,1072.173056533882,18.04381319985388,64.95772751947396
76.7,1073.075153477708,18.040998035609842,64.94759292819543
76.75,1073.977106992594,18.03829131577332,64.93784873678396
76.80000000000001,1074.8789322534842,18.035758928076888,64.9287321410768
76.85000000000001,1075.7806421965809,18.033397774498237,64.92023198819365
76.9,1076.682245660555,18.031136110083978,64.91208999630233
76.95,1077.5837471249554,18.028861073877607,64.90389986595939
77.0,1078.485146675396,18.026479421654194,64.8953259179551
77.05000000000001,1079.3864360376188,18.0239466925917,64.88620809333013
77.10000000000001,1080.2875977678914,18.02125136097689,64.8765048995168
77.15,1081.1886111193382,18.01840983374942,64.86627540149792
77.2,1082.0894594716742,18.01544427159762,64.85559937775143
77.25,1082.990137839464,18.01237724211417,64.84455807161102
77.30000000000001,1083.8906562973466,18.009245193214767,64.83328269557316
77.35000000000001,1084.7910299053094,18.00612226953436,64.82204017032369
77.4,1085.6912662399268,18.00311054235636,64.8111979524829
77.45,1086.5913659196553,18.00030452082554,64.80109627497195
77.5,1087.4913272438532,17.997753172951533,64.79191142262552
77.55000000000001,1088.3911507818452,17.99545615218579,64.78364214786885
77.60000000000001,1089.2908468904775,17.99338398859357,64.77618235893686
77.65,1090.1904367789991,17.991516258808325,64.76945853170997
77.7,1091.0899436982277,17.989846248366348,64.76344649411885
77.75,1091.9893832625337,17.988326028372466,64.75797370214087
77.80000000000001,1092.88875814114,17.986845359649617,64.75264329473862
77.85000000000001,1093.7880606012886,17.985241044116986,64.74686775882115
77.9,1094.687278738888,17.983310597716994,64.73991815178118
77.95,1095.5863969169131,17.980866487476938,64.73111935491698
78.0,1096.4853900760386,17.97777167055598,64.71997801400154
78.05000000000001,1097.3842199846038,17.973959005198196,64.7062524187135
78.10000000000001,1098.2828412856727,17.969425973000313,64.68993350280113
78.15,1099.1812096506762,17.964222096088683,64.67119954591927
78.2,1100.0792874170304,17.958442218608027,64.65039198698891
78.25,1100.9770491602383,17.95223218536412,64.62803586731084
78.30000000000001,1101.8744792230725,17.945748145445304,64.6046933236031
78.35000000000001,1102.7715683204365,17.93912839533029,64.58086222318904
78.4,1103.6683142230354,17.93246057622068,64.55685807439446
78.45,1104.56471969344,17.92574844041938,64.53269438550977
78.5,1105.460789217517,17.918889795920872,64.50800326531514
78.55000000000001,1106.3565211681032,17.911666544217343,64.48199955918244
78.60000000000001,1107.2518953874649,17.903793037447656,64.45365493481157
78.65,1108.1468715842473,17.894949946071065,64.42181980585583
78.7,1109.0413948481932,17.88476809446772,64.3851651400838
78.75,1109.9353934691073,17.87292811748448,64.34254122294413
78.80000000000001,1110.8287757360615,17.85922737943069,64.29321856595048
78.85000000000001,1111.7214363396033,17.843642337691566,64.23711241568964
78.9,1112.613271464495,17.82635325708106,64.17487172549181
78.95,1113.5041863019617,17.807680987341705,64.10765155443013
79.0,1114.3940992543874,17.78800049606003,64.03680178581611
79.05000000000001,1115.2829624909145,17.767759180992236,63.96393305157205
79.10000000000001,1116.170771702078,17.747455108236075,63.89083838964987
79.15,1117.0575557819882,17.72752414335205,63.81908691606738
79.2,1117.9433617130119,17.708222178092612,63.7495998411334
79.25,1118.8282338374506,17.689609672742243,63.68259482187208
79.30000000000001,1119.712206133284,17.671607858603714,63.61778829097337
79.35000000000001,1120.5953104633754,17.653988199678146,63.55435751884133
79.4,1121.4775710482413,17.636377529191762,63.49095910509035
79.45,1122.3589815266707,17.618401672379743,63.42624602056708
79.5,1123.2394986728648,17.59975993800157,63.35913577680565
79.55000000000001,1124.1190625513677,17.580280342825517,63.289009234171864
79.60000000000001,1124.997616888967,17.55988183204794,63.21557459537258
79.65,1125.8751084084092,17.538520534249958,63.13867392329985
79.7,1126.7514832294846,17.516208430516194,63.0583503498583
79.75,1127.6266998628778,17.49309324073478,62.97513566664521
79.80000000000001,1128.5007363204459,17.469407707662896,62.88986774758643
79.85000000000001,1129.3735799064902,17.445301018510975,62.80308366663951
79.9,1130.245212895574,17.42078333142223,62.714819993120024
79.95,1131.115609771928,17.39582674408809,62.62497627871713
80.0,1131.9847481815075,17.370425173537086,62.53353062473351
80.05000000000001,1132.8526152556976,17.34452323114077,62.44028363210677
80.10000000000001,1133.7191940482867,17.317992091223125,62.34477152840325
80.15,1134.584442665464,17.290727474682786,62.24661890885803
80.2,1135.4483040757993,17.262718238196964,62.14578565750907
80.25,1136.3107356731705,17.234013597081027,62.0424489494917
80.30000000000001,1137.171711042912,17.20463599206368,61.93668957142925
80.35000000000001,1138.0311981591312,17.17459164556705,61.82852992404139
80.4,1138.8891570777905,17.14394373786116,61.71819745630018
80.45,1139.745560171673,17.112863389996065,61.60630820398583
80.5,1140.6003993598865,17.08150194085448,61.49340698707613
80.55000000000001,1141.4536674861365,17.049839454155013,61.37942203495805
80.60000000000001,1142.3053433491202,17.017776919420495,61.263996909913786
80.65,1143.1554025979565,16.985285278129407,61.14702700126587
80.7,1144.0038324228656,16.952349137277604,61.02845689419938
80.75,1144.8506253603468,16.918868256051816,60.90792572178654
80.80000000000001,1145.6957539960897,16.884713394842514,60.784968221433054
80.85000000000001,1146.5391633412974,16.849864065256007,60.659510634921624
80.9,1147.3808032269146,16.814455940708008,60.53204138654883
80.95,1148.2206502527597,16.778650446994785,60.403141609181226
81.0,1149.0586872139381,16.742538752704178,60.27313950973504
81.05000000000001,1149.8948902908242,16.706227683287516,60.142419659835056
81.10000000000001,1150.7292499828673,16.669925669871173,60.01173241153622
81.15,1151.561787178827,16.633861322033837,59.881900759321816
81.2,1152.3925380899302,16.59807246045533,59.75306085763919
81.25,1153.221521244927,16.562381525103167,59.624573490371404
81.30000000000001,1154.0487287389492,16.526609174396395,59.49579302782702
81.35000000000001,1154.8741526281854,16.490639334968403,59.36630160588625
81.4,1155.697794635243,16.454264666280835,59.23535279861101
81.45,1156.5196370208157,16.417217751398155,59.10198390503336
81.5,1157.339621846729,16.37934033662705,58.96562521185738
81.55000000000001,1158.1576778701456,16.340710198229875,58.826556713627554
81.60000000000001,1158.973762659262,16.301542966507967,58.685554679428684
81.65,1159.7878587748467,16.261985647409954,58.543148330675834
81.7,1160.5999426056974,16.22210412950109,58.39957486620393
81.75,1161.409995537356,16.182072668468418,58.25546160648631
81.80000000000001,1162.2180334515958,16.14216222408686,58.111784006712696
81.85000000000001,1163.0240985223265,16.102491191597146,57.968968289749725
81.9,1163.8282182912915,16.0629271302299,57.82653766882765
81.95,1164.630380250704,16.02325625404168,57.68372251455005
82.0,1165.4305574711877,15.983382759021344,57.54017793247684
82.05000000000001,1166.2287439471231,15.943247218351852,57.395689986066664
82.10000000000001,1167.0249381449014,15.902679066939765,57.249644640983156
82.15,1167.8191025026724,15.86155343456866,57.10159236444718
82.2,1168.6111783958559,15.819955822961656,56.95184096266196
82.25,1169.4011348236243,15.77815062231176,56.801342240322334
82.30000000000001,1170.1889803944357,15.736336572712283,56.650811661764216
82.35000000000001,1170.9747303701315,15.694565307215761,56.50043510597674
82.4,1171.7583841863159,15.652895126804227,56.35042245649522
82.45,1172.5399521189943,15.611532259068056,56.201516132645004
82.5,1173.319474036783,15.570631889264984,56.05427480135394
82.55000000000001,1174.0969891582522,15.530094709423961,55.90834095392626
82.60000000000001,1174.87250233906,15.489722753170332,55.7630019114132
82.65,1175.645998579194,15.44943268271234,55.61795765776442
82.7,1176.417480915267,15.409286272312107,55.47343058032359
82.75,1177.1869719189478,15.369322896083196,55.3295624258995
82.80000000000001,1177.9544771076373,15.329489674507172,55.186162828225825
82.85000000000001,1178.7199753561424,15.289813499541577,55.043328598349675
82.9,1179.4834631714377,15.250480219832816,54.90172879139814
82.95,1180.2449788557856,15.211664426109746,54.761991933995084
83.0,1181.0045747851377,15.173383703616885,54.624181333020786
83.05000000000001,1181.7622839882117,15.135610332181614,54.48819719585381
83.10000000000001,1182.5181203851687,15.098401556765756,54.35424560435672
83.15,1183.2721069558702,15.061827683249142,54.22257965969691
83.2,1184.024282336951,15.025755492386384,54.09271977259098
83.25,1184.7746704767524,14.9898864524991,53.96359122899676
83.30000000000001,1185.523269924898,14.954005290526442,53.834419045895196
83.35000000000001,1186.270079773561,14.918052126997022,53.70498765718928
83.4,1187.0151083917947,14.882009224614443,53.575233208612
83.45,1187.7583488868524,14.845785625315276,53.44482825113499
83.5,1188.4997653131013,14.809249692624189,53.31329889344708
83.55000000000001,1189.2393214247504,14.772397506239223,53.180631022461206
83.60000000000001,1189.977013709182,14.735380653707232,53.04737035334603
83.65,1190.7128602626608,14.698337542257196,52.914015152125906
83.7,1191.446869567761,14.661384399628636,52.78098383866309
83.75,1192.1790354453399,14.624736669932542,52.64905201175715
83.80000000000001,1192.9093594073468,14.58867139768569,52.51921703166849
83.85000000000001,1193.6378732900723,14.553345072418328,52.39204226070598
83.9,1194.3646318295714,14.518738187430849,52.267457474751055
83.95,1195.0896827783868,14.484801755960337,52.14528632145721
84.0,1195.8130644543435,14.451572076931914,52.02565947695489
84.05000000000001,1196.5348226251276,14.4190963456562,51.90874684436232
84.10000000000001,1197.2549982738049,14.387302471718087,51.794288898185115
84.15,1197.9736056099575,14.355996551877872,51.681587586760344
84.2,1198.6906441993676,14.32498414836303,51.569942934106905
84.25,1199.406126477677,14.294206235390337,51.45914244740521
84.30000000000001,1200.1200801309378,14.26368155041209,51.349253581483524
84.35000000000001,1200.8325265332692,14.233392793961873,51.240214058262744
84.4,1201.5434668405705,14.203351532479367,51.13206551692572
84.45,1202.2528967076396,14.173670740262704,51.025214664945736
84.5,1202.9608304985834,14.144437902535948,50.919976449129415
84.55000000000001,1203.6673043331655,14.115608028381795,50.81618890217446
84.60000000000001,1204.3723532596225,14.08710387527463,50.71357395098867
84.65,1205.075996676528,14.058917462128267,50.61210286366176
84.7,1205.7782519387824,14.031119065228356,50.51202863482209
84.75,1206.4791420844324,14.003753976270882,50.41351431457518
84.80000000000001,1207.1786786277266,13.976756177765267,50.316322239954964
84.85000000000001,1207.8768572856527,13.950027401300247,50.22009864468089
84.9,1208.573683692925,13.923550241785508,50.12478087042783
84.95,1209.2691844817741,13.89737512541798,50.03055045150473
85.0,1209.9633924416057,13.871502086835237,49.93740751260685
85.05000000000001,1210.6563277357145,13.84588210149914,49.8451755653969
85.10000000000001,1211.3479924725416,13.820494961782405,49.75378186241666
85.15,1212.0383896064704,13.795354423098633,49.66327592315508
85.2,1212.7275355217466,13.770385083484836,49.57338630054541
85.25,1213.415444427222,13.745449032933568,49.483616518560844
85.30000000000001,1214.102114803999,13.720516801943328,49.39386048699598
85.35000000000001,1214.7875417366702,13.695676258555585,49.30443453080011
85.4,1215.4717305438023,13.671066702206435,49.21584012794317
85.45,1216.154692011349,13.646785260879643,49.128426939166715
85.5,1216.8364322796028,13.622869339143703,49.04232962091733
85.55000000000001,1217.516964037636,13.599403014975845,48.957850853913044
85.60000000000001,1218.1963273732904,13.57654178190905,48.875550414872585
85.65,1218.874575698258,13.554397024169505,48.79582928701022
85.7,1219.5517500086173,13.532978872582978,48.71872394129872
85.75,1220.2278763759705,13.512260932145306,48.644139355723105
85.80000000000001,1220.9029780272367,13.492219133967348,48.571988882282454
85.85000000000001,1221.5770887947542,13.472795833408757,48.50206500027153
85.9,1222.250247494948,13.453837480682326,48.43381493045637
85.95,1222.9224771752201,13.435199877582102,48.36671955929557
86.0,1223.5937835524062,13.416840975070231,48.30062751025283
86.05000000000001,1224.2641719158876,13.39870285287231,48.23533027034031
86.10000000000001,1224.9336522232702,13.380644514560563,48.17032025241803
86.15,1225.6022284686999,13.362470411932907,48.10489348295847
86.2,1226.2698925642567,13.344003325344772,48.03841197124118
86.25,1226.9366353525222,13.325176478214553,47.970635321572395
86.30000000000001,1227.602449827374,13.306013847386934,47.90164985059296
86.35000000000001,1228.267312778288,13.286526020364555,47.8314936733124
86.4,1228.9311849939156,13.266718147903143,47.760185332451314
86.45,1229.594035674504,13.246675004691545,47.68803001688956
86.5,1230.255856564601,13.22656468589062,47.61563286920624
86.55000000000001,1230.9166614615217,13.206560598683495,47.54361815526058
86.60000000000001,1231.5764738408077,13.186811083284482,47.472519899824135
86.65,1232.2353110105917,13.16748676426634,47.40295235135882
86.7,1232.8931888805475,13.148734503272268,47.335444211780164
86.75,1233.550137374116,13.130558697966295,47.27001131267866
86.80000000000001,1234.2061943497663,13.112842898717341,47.20623443538243
86.85000000000001,1234.8613872048156,13.09542850674566,47.14354262428438
86.9,1235.5157305337884,13.078175247046284,47.08143088936662
86.95,1236.1692331102586,13.061010731583037,47.01963863369893
87.0,1236.8218941012185,13.043883860300246,46.957981897080884
87.05000000000001,1237.4736975902515,13.02670537040172,46.89613933344619
87.10000000000001,1238.1246236281154,13.009411420544144,46.83388111395892
87.15,1238.7746631391271,12.992043383603955,46.77135618097424
87.2,1239.4238214852862,12.974699206921274,46.70891714491659
87.25,1240.0721142327013,12.95747002673711,46.646892096253595
87.30000000000001,1240.7195556511151,12.940451701533782,46.585626125521614
87.35000000000001,1241.3661532884523,12.923752208761153,46.52550795154015
87.4,1242.0119193329724,12.907448208933422,46.46681355216032
87.45,1242.6568776918634,12.891535435271386,46.40952756697699
87.5,1243.301052341781,12.875952646906633,46.35342952886388
87.55000000000001,1243.9444586757936,12.86062690869722,46.298256871309995
87.60000000000001,1244.5871093507626,12.84551657212786,46.243859659660295
87.65,1245.229017258489,12.830602584605877,46.19016930458116
87.7,1245.8701906502893,12.815821634008369,46.13695788243013
87.75,1246.510628483095,12.801074963295715,46.08386986786458
87.80000000000001,1247.1503244832518,12.786305059724112,46.03069821500681
87.85000000000001,1247.7892771406357,12.771527253211003,45.97749811155961
87.9,1248.4274927666818,12.75678060471809,45.92441017698513
87.95,1249.0649772299134,12.742111013836002,45.87159964980961
88.0,1249.7017288987533,12.727591170532483,45.81932821391694
88.05000000000001,1250.3377476436694,12.713322533975251,45.76796112231091
88.10000000000001,1250.9730467949014,12.699392202573232,45.71781192926364
88.15,1251.6076508846347,12.68581522269437,45.668934801699734
88.2,1252.241584830491,12.6725521150003,45.62118761400108
88.25,1252.874868796544,12.659572790965655,45.57446204747636
88.30000000000001,1253.5075205813127,12.64686387853098,45.528709962711524
88.35000000000001,1254.139555167702,12.63435668932281,45.48368408156212
88.4,1254.770977147439,12.621911841993523,45.43888263117668
88.45,1255.4017770306027,12.609396416806328,45.39382710050278
88.5,1256.031942096808,12.596742611807546,45.34827340250717
88.55000000000001,1256.6614680455582,12.58393570115698,45.302168524165126
88.60000000000001,1257.2903525694112,12.570976161859134,45.255514182692885
88.65,1257.9185827197548,12.557857911988785,45.20828848315963
88.7,1258.54614137091,12.544598178462316,45.16055344246434
88.75,1259.17302284038,12.531239845055211,45.11246344219876
88.80000000000001,1259.7992329779988,12.517782159008158,45.06401577242937
88.85000000000001,1260.424776288294,12.504171145859187,45.01501612509308
88.9,1261.0496477723996,12.49037995962275,44.965367854641904
88.95,1261.6738348085196,12.476459468137215,44.915254085293974
89.0,1262.297326045972,12.462469024630693,44.864888488670495
89.05000000000001,1262.9201139103188,12.448414046239124,44.81429056646085
89.10000000000001,1263.5421869201687,12.43430197284083,44.76348710222699
89.15,1264.1635354660934,12.420196701046734,44.712708123768245
89.2,1264.784166136893,12.406189278860722,44.662281403898604
89.25,1265.4040979158008,12.392319786242602,44.61235123047337
89.30000000000001,1266.0233434070415,12.378538540024813,44.56273874408933
89.35000000000001,1266.641902627222,12.364715361842395,44.51297530263262
89.4,1267.25977436379,12.350718340660011,44.46258602637604
89.45,1267.8769582250754,12.33640416593892,44.41105499738011
89.5,1268.493440810064,12.321588691320267,44.35771928875296
89.55000000000001,1269.1091864671619,12.306140270886457,44.30210497519125
89.60000000000001,1269.7241450951813,12.290059337329442,44.24421361438599
89.65,1270.3382693614906,12.2734362147498,44.184370373099284
89.7,1270.9515277997502,12.256367896433325,44.12292442715997
89.75,1271.5639014207468,12.238957285986643,44.060246229551915
89.80000000000001,1272.1753783536678,12.221365545946888,43.996915965408796
89.85000000000001,1272.7859636506878,12.203796689057292,43.93366808060625
89.9,1273.3956783870324,12.186401061844432,43.871043822639955
89.95,1274.0045397947852,12.169190756645978,43.809086723925525
90.0,1274.6125510743307,12.152050796308968,43.747382866712286
90.05000000000001,1275.2197094345122,12.134823700875675,43.68536532315243
90.10000000000001,1275.826013736515,12.117368934363238,43.622528163707656
90.15,1276.4314581359954,12.099520502242035,43.55827380807133
90.2,1277.0360179088257,12.081125116538708,43.492050419539346
90.25,1277.6396477179499,12.062150540612315,43.42374194620434
90.30000000000001,1278.242299392739,12.042652384126022,43.35354858285368
90.35000000000001,1278.8439407135445,12.022668635061516,43.281607086221456
90.4,1279.4445544249509,12.002217382906569,43.20798257846365
90.45,1280.0441261174224,11.98135581287437,43.13288092634773
90.5,1280.64264734852,11.960229044030005,43.05682455850802
90.55000000000001,1281.2401230149885,11.939042582747266,42.98055329789016
90.60000000000001,1281.8365562169797,11.917942197952778,42.90459191263
90.65,1282.4319346756693,11.896951608193616,42.82902578949702
90.7,1283.0262457737763,11.876052562146395,42.753789223727026
90.75,1283.6194945360078,11.855254422379158,42.67891592056497
90.80000000000001,1284.2117025502657,11.834536623629017,42.604331845064465
90.85000000000001,1284.8028918103269,11.813807939670575,42.529708582814074
90.9,1285.393063717202,11.792971892680885,42.45469881365119
90.95,1285.9821983218694,11.771981949288877,42.37913501743996
91.0,1286.5702762442802,11.750746388766483,42.30268699955934
91.05000000000001,1287.1572846547124,11.72906219455808,42.22462390040909
91.10000000000001,1287.7432001572133,11.706733654171574,42.14424115501767
91.15,1288.3279866355685,11.68370393428495,42.06133416342582
91.2,1288.91161086408,11.660086382726757,41.976310977816325
91.25,1289.4940478185476,11.636070186528318,41.88985267150195
91.30000000000001,1290.0752681719987,11.611780072390713,41.80240826060657
91.35000000000001,1290.6552358257084,11.587271105103406,41.71417597837226
91.4,1291.233935159468,11.562659802379205,41.62557528856514
91.45,1291.8113872752194,11.538079810639037,41.537087318300536
91.5,1292.3876273240842,11.513550112118292,41.448780403625854
91.55000000000001,1292.962671314553,11.488989582744534,41.360362497880324
91.60000000000001,1293.5365049810173,11.464282853222134,41.271418271599686
91.65,1294.1091016255114,11.439318142868345,41.181545314326044
91.7,1294.6804440114556,11.41389615707996,41.09002616548786
91.75,1295.2505109852134,11.38770969511473,40.995754902413026
91.80000000000001,1295.8192554784723,11.360569063869503,40.898048629930216
91.85000000000001,1296.386619078265,11.332497501621642,40.79699100583791
91.9,1296.9525527436906,11.303603189863034,40.69297148350692
91.95,1297.5170173829324,11.273966715242462,40.58628017487287
92.0,1298.0799706435055,11.243613758202759,40.47700952952994
92.05000000000001,1298.641368223018,11.212613090123268,40.36540712444376
92.10000000000001,1299.2011944216315,11.181197396364762,40.25231062691314
92.15,1299.7594613586223,11.14962015258382,40.138632549301754
92.2,1300.316170088623,11.11804642886601,40.02496714391764
92.25,1300.8713049018022,11.086629432303322,39.91186595629196
92.30000000000001,1301.4248573130048,11.055571557732943,39.800057607838596
92.35000000000001,1301.9768454375924,11.025079169824032,39.69028501136652
92.4,1302.5273162704618,10.995250054712203,39.582900196963934
92.45,1303.0763174994402,10.96608969879972,39.477922915678995
92.5,1303.623880601221,10.93768297725747,39.37565871812689
92.55000000000001,1304.1700409538557,10.910095558698037,39.276344011312936
92.60000000000001,1304.7148462444197,10.883222433522798,39.17960076068207
92.65,1305.2583356993982,10.856839056030461,39.08462060170966
92.7,1305.8005251691598,10.830666651830976,38.990399946591516
92.75,1306.3414171375955,10.804495387384694,38.8961833945849
92.80000000000001,1306.881015652808,10.778231133826672,38.80163208177602
92.85000000000001,1307.4193131155405,10.75175675923002,38.706324333228075
92.9,1307.9562781198013,10.724938993098117,38.60978037515322
92.95,1308.4918771844846,10.697765771927024,38.51195677893729
93.0,1309.02609089961,10.670351631281868,38.41326587261472
93.05000000000001,1309.5589176240355,10.642828974304447,38.31418430749601
93.10000000000001,1310.0903678944458,10.615313200518194,38.215127521865504
93.15,1310.6204469694967,10.587943903389764,38.11659805220315
93.2,1311.1491601487303,10.560935802264623,38.01936888815265
93.25,1311.6765324490743,10.534471404095369,37.92409705474333
93.30000000000001,1312.2026011814455,10.508657175686029,37.83116583246971
93.35000000000001,1312.7273972144408,10.483564245486727,37.74083128375222
93.4,1313.2509486305937,10.459243030566626,37.653274910039855
93.45,1313.7732929429033,10.435760291718758,37.56873705018753
93.5,1314.2944783019975,10.413119963578506,37.487231868882624
93.55000000000001,1314.8145516754546,10.391174875190734,37.40822955068664
93.60000000000001,1315.3335477740475,10.369713511742813,37.33096864227413
93.65,1315.8514903294913,10.348558258804072,37.254809731694664
93.7,1316.368395312152,10.327507798325959,37.179028073973456
93.75,1316.8842672088401,10.306305940584618,37.10270138610463
93.80000000000001,1317.3990873963046,10.284695757434758,37.02490472676513
93.85000000000001,1317.9128151313002,10.262499212752694,36.9449971659097
93.9,1318.4254096297952,10.239671774551816,36.862818388386536
93.95,1318.9368418264091,10.216256927568843,36.77852493924784
94.0,1319.447083160682,10.192339239619958,36.69242126263185
94.05000000000001,1319.9561029357985,10.168051311528773,36.604984721503584
94.10000000000001,1320.4638814925968,10.143613731417947,36.51700943310461
94.15,1320.9704201444579,10.119261930498057,36.429342949793
94.2,1321.4757386847946,10.09511206553018,36.34240343590865
94.25,1321.97985931947,10.071164000828539,36.25619040298274
94.30000000000001,1322.4827961228195,10.0474048469902,36.17065744916472
94.35000000000001,1322.98456130927,10.023839897422341,36.085823630720434
94.4,1323.4851712109753,10.000409026825338,36.00147249657122
94.45,1323.9846303287895,9.9769794380903,35.91712597712508
94.5,1324.4829184171463,9.953402811908823,35.83225012287176
94.55000000000001,1324.9800094177244,9.929608520599764,35.74659067415915
94.60000000000001,1325.4758929881518,9.905588050575744,35.66011698207268
94.65,1325.9705700298439,9.881335902795797,35.57280925006487
94.7,1326.464033555769,9.856833209059541,35.48459955261435
94.75,1326.956266198798,9.832132885050546,35.39567838618197
94.80000000000001,1327.4472562780136,9.807384736011786,35.30658504964243
94.85000000000001,1327.9370069437434,9.782678458729148,35.217642451424936
94.9,1328.4255243611574,9.758005523582895,35.12881988489843
94.95,1328.9128077676935,9.733375263021703,35.04015094687813
95.0,1329.3988581473748,9.708883909779159,34.951982075204974
95.05000000000001,1329.883691001862,9.684665799032459,34.864796876516856
95.10000000000001,1330.3673302541715,9.660790961878163,34.77884746276139
95.15,1330.8497857320538,9.637252510832166,34.6941090389958
95.2,1331.331059835348,9.614068810826133,34.61064771897408
95.25,1331.8111730569344,9.591314058830436,34.52873061178957
95.30000000000001,1332.2901618869284,9.56900647397073,34.44842330629463
95.35000000000001,1332.768057250098,9.547092794489137,34.369534060160895
95.4,1333.2448730346166,9.525510794602283,34.29183886056822
95.45,1333.720614880017,9.504265787607055,34.2153568353854
95.5,1334.1952988911169,9.483340509812052,34.14002583532339
95.55000000000001,1334.6689472254134,9.462601221352902,34.06536439687045
95.60000000000001,1335.1415659647075,9.441915543517169,33.99089595666181
95.65,1335.6131491334106,9.421245153188918,33.91648255148011
95.7,1336.0836971475464,9.40058944592855,33.84212200534278
95.75,1336.5532165124282,9.37991784161869,33.76770422982729
95.80000000000001,1337.0217024639715,9.35913786363305,33.69289630907898
95.85000000000001,1337.4891375533377,9.338155763069125,33.61736074704885
95.9,1337.9555138564488,9.316999923115006,33.54119972321402
95.95,1338.4208354553255,9.295738689350795,33.46465928166286
96.0,1338.885098121521,9.274362605577242,33.387705380078074
96.05000000000001,1339.3482849042164,9.252840700179588,33.310226520646516
96.10000000000001,1339.8103777624367,9.23119322863118,33.232295623072254
96.15,1340.2713702222727,9.209438743114784,33.15397947521323
96.2,1340.7312718003645,9.187508459047008,33.07503045256923
96.25,1341.190086482269,9.165289906669253,32.99504366400931
96.30000000000001,1341.647795761193,9.142741468167698,32.91386928540371
96.35000000000001,1342.1043754482441,9.119864835081042,32.831513406291755
96.4,1342.5598082877818,9.09661986532453,32.747831515168315
96.45,1343.014070967228,9.072933297522729,32.662559871081825
96.5,1343.4671298711835,9.048735353703094,32.57544727333114
96.55000000000001,1343.9189571986042,9.024063660581845,32.486629178094645
96.60000000000001,1344.3695407633318,8.9990877629338,32.396715946561685
96.65,1344.8188736764735,8.973954715021062,32.30623697407582
96.7,1345.266942522313,8.948737870827305,32.2154563349783
96.75,1345.7137349278898,8.923526207485502,32.124694346947805
96.80000000000001,1346.1592520333415,8.898432784963735,32.034358025869444
96.85000000000001,1346.6035137001213,8.873490837461274,31.94456701486059
96.9,1347.0465456634693,8.848662598136057,31.855185353289805
96.95,1347.488355362644,8.823886303862773,31.765990693905984
97.0,1347.9289337795317,8.799128948614047,31.67686421501057
97.05000000000001,1348.3682755160235,8.774348375000091,31.58765415000033
97.10000000000001,1348.8063784422914,8.749428461839553,31.497942462622394
97.15,1349.2432286617031,8.724201395396092,31.40712502342593
97.2,1349.678803756601,8.698539160443922,31.314740977598117
97.25,1350.1130840033734,8.672439991871679,31.220783970738044
97.30000000000001,1350.5460551168435,8.645933575068717,31.125360870247384
97.35000000000001,1350.977701230567,8.618994146104011,31.02837892597444
97.4,1351.4079933665419,8.591604640678007,30.929776706440826
97.45,1351.8368979403135,8.563846867657931,30.829848723568553
97.5,1352.2643985563295,8.535889371990145,30.72920173916452
97.55000000000001,1352.6904982243382,8.507894137102284,30.62841889356822
97.60000000000001,1353.115197966758,8.47999553358924,30.527983920921262
97.65,1353.5384930799744,8.452330442988,30.4283895947568
97.7,1353.9603941207818,8.42508519449865,30.330306700195138
97.75,1354.3809352519816,8.398394125449858,30.23421885161949
97.80000000000001,1354.8001603067198,8.3722513601568,30.140104896564484
97.85000000000001,1355.2181009281435,8.3465327897406,30.04751804306616
97.9,1355.6347715105092,8.321142725280666,29.956113811010397
97.95,1356.0501845377319,8.295988122030534,29.865557239309926
98.0,1356.4643548642957,8.270833816935129,29.775001740966466
98.05000000000001,1356.8772782429521,8.245368605434283,29.68332697956342
98.10000000000001,1357.2889224336825,8.219330347791391,29.58958925204901
98.15,1357.6992454206832,8.192586290805055,29.4933106468982
98.2,1358.1082152203749,8.165072932693334,29.394262557696006
98.25,1358.5157979215028,8.136707438370852,29.292146778135066
98.30000000000001,1358.9219361418097,8.107405914600953,29.186661292563432
98.35000000000001,1359.3265712977757,8.077226639667167,29.078015902801802
98.4,1359.7296687146847,8.046348193111575,28.96685349520167
98.45,1360.1312124075282,8.014929398306423,28.853745833903123
98.5,1360.5311847425883,7.983121010134722,28.739235636485
98.55000000000001,1360.9295597060493,7.951121958921322,28.624039052116757
98.60000000000001,1361.3263228910607,7.919288711801858,28.50943936248669
98.65,1361.7214918190707,7.887949501184385,28.39661820426379
98.7,1362.1151025412482,7.857283841840662,28.286221830626385
98.75,1362.5071880129258,7.827452854395327,28.178830275823177
98.80000000000001,1362.8977903062496,7.798650293781508,28.07514105761343
98.85000000000001,1363.2869730950863,7.771035416008143,27.975727497629315
98.9,1363.6748148873348,7.744588609272165,27.880518993379795
98.95,1364.0613786391646,7.719131200765499,27.788872322755797
99.0,1364.4466978781675,7.694438014221699,27.69997685119812
99.05000000000001,1364.8308041141606,7.670308182389814,27.61310945660333
99.10000000000001,1365.213731132073,7.646458887804274,27.527251996095387
99.15,1365.5954892079315,7.622531017249111,27.4411116620968
99.2,1365.9760551967815,7.5982252384460445,27.353610858405762
99.25,1366.3553942983594,7.573398708647362,27.264235351130505
99.30000000000001,1366.7334803774627,7.548079135977212,27.173084889517963
99.35000000000001,1367.1102885798687,7.522288935371362,27.080240167336903
99.4,1367.4857839815227,7.496067520436302,26.98584307357069
99.45,1367.8599356023121,7.469622694862549,26.890641701505178
99.5,1368.2327398206032,7.443278679277379,26.795803245398563
99.55000000000001,1368.6042221511925,7.417308279510074,26.70230980623627
99.60000000000001,1368.9744181948477,7.391878328977107,26.610761984317588
99.65,1369.3433552002575,7.367120581798456,26.521634094474443
99.7,1369.7110625635792,7.3431555966169455,26.435360147821005
99.75,1370.0775904053914,7.319987599755615,26.351955359120215
99.80000000000001,1370.442991328526,7.297428827562486,26.27074377922495
99.85000000000001,1370.8072913704746,7.275185420105068,26.190667512378244
99.9,1371.17049491189,7.252990236132139,26.1107648500757
99.95,1371.532601323775,7.230637544526524,26.030295160295488
100.0,1371.8936020370033,7.2079049127781225,25.94845768600124
100.05000000000001,1372.2534646299443,7.184515830154923,25.864256988557724
100.10000000000001,1372.6121333240555,7.160272341625565,25.776980429852035
100.15,1372.9695534880138,7.135178026956837,25.68664089704461
100.2,1373.3256894481447,7.109339203312024,25.59362113192329
100.25,1373.6805155801198,7.082851728186951,25.498266221473024
100.30000000000001,1374.0339992612107,7.055848080393505,25.40105308941662
100.35000000000001,1374.3861076201185,7.0285538293251415,25.30279378557051
100.4,1374.7368305096654,7.001240870507678,25.20446713382764
100.45,1375.086185978786,6.974094605482364,25.10674057973651
100.5,1375.434196813617,6.947193881912845,25.009897974886243
100.55000000000001,1375.7808741771769,6.920600516111886,24.91416185800279
100.60000000000001,1376.126232236272,6.8944476980427645,24.820011712953953
100.65,1376.470300072365,6.868835338558984,24.727807218812345
100.7,1376.8131080119922,6.84372907241633,24.63742466069879
100.75,1377.1546708529502,6.8190029566198564,24.548410643831485
100.80000000000001,1377.4949946924476,6.794568354472947,24.46044607610261
100.85000000000001,1377.8340958048702,6.770402600282045,24.373449361015364
100.9,1378.1720021958497,6.746417090610579,24.287101526198082
100.95,1378.508727310764,6.722426223467565,24.200734404483235
101.0,1378.8442562461253,6.698239990585319,24.113663966107147
101.05000000000001,1379.178566173896,6.673763327800608,24.02554798008219
101.10000000000001,1379.511644624255,6.648907407098502,23.93606666555461
101.15,1379.8434808838902,6.623536992322185,23.844733172359867
101.2,1380.1740445426515,6.5975355930876205,23.751128135115433
101.25,1380.503290428676,6.57091874212779,23.655307471660045
101.30000000000001,1380.8311833089883,6.543871862016919,23.55793870326091
101.35000000000001,1381.1577091170936,6.516550110337174,23.459580397213827
101.4,1381.4828571972132,6.4890454795094,23.360563726233842
101.45,1381.8066124367456,6.461491151854437,23.261368146675974
101.5,1382.1289751633524,6.434118079491872,23.16282508617074
101.55000000000001,1382.4499718782197,6.407140510350428,23.06570583726154
101.60000000000001,1382.7696432761225,6.380645992715936,22.97032557377737
101.65,1383.0880140662084,6.354631479532419,22.87667332631671
101.7,1383.4050952091243,6.32908606896288,22.78470984826637
101.75,1383.720912509035,6.304066356397303,22.694638883030294
101.80000000000001,1384.0355031649237,6.279538618042256,22.606339024952124
101.85000000000001,1384.348890276166,6.255397365726468,22.519430516615287
101.9,1384.6610783164633,6.2315590909380445,22.43361272737696
101.95,1384.9720723844678,6.208041732339497,22.34895023642219
102.0,1385.281891163238,6.184905775348072,22.265660791253058
102.05000000000001,1385.5905639619739,6.1620989061094225,22.183556061993922
102.10000000000001,1385.8981082476844,6.139550593700378,22.10238213732136
102.15,1386.2045289456198,6.117290241937806,22.022244870976103
102.2,1386.5098415511936,6.095384536457476,21.943384331246914
102.25,1386.8140733404832,6.073831674239832,21.865794027263398
102.30000000000001,1387.1172457972198,6.052584463266686,21.78930406776007
102.35000000000001,1387.4193640700532,6.031616272384079,21.713818580582686
102.4,1387.7204361518786,6.010983037373565,21.639538934544834
102.45,1388.0204882957303,5.990807279187923,21.566906205076524
102.5,1388.3195481333828,5.971140809616755,21.49610691462032
102.55000000000001,1388.6176336187525,5.95202119613929,21.427276306101444
102.60000000000001,1388.9147667877958,5.93354237967076,21.360752566814735
102.65,1389.2109846637593,5.915835730411757,21.297008629482328
102.7,1389.5063378081863,5.898982139582242,21.23633570249607
102.75,1389.8008782135926,5.882986194555331,21.17875030039919
102.80000000000001,1390.0946473678596,5.8678695804528695,21.12433048963033
102.85000000000001,1390.3876850224888,5.85370443536573,21.073335967316627
102.9,1390.6800405341726,5.840528145331933,21.025901323194958
102.95,1390.971764671339,5.828324256505403,20.98196732341945
103.0,1391.2629006864038,5.8170691897630205,20.941449083146875
103.05000000000001,1391.5534897415769,5.806769427697702,20.904369939711728
103.10000000000001,1391.84358040711,5.797463980264492,20.870870328952172
103.15,1392.1332281982923,5.789158165840043,20.840969397024153
103.2,1392.4224842414374,5.781784551503636,20.81442438541309
103.25,1392.7113906726183,5.775252351392304,20.790908465012294
103.30000000000001,1392.9999867085007,5.7694661577469875,20.770078167889157
103.35000000000001,1393.2883110136786,5.764276774010365,20.751396386437314
103.4,1393.5763946389177,5.75946508017802,20.734074288640873
103.45,1393.8642519908249,5.754770861690606,20.71717510208618
103.5,1394.1518813110004,5.749961458896453,20.699861252027233
103.55000000000001,1394.4392712738804,5.744850763229593,20.681462747626536
103.60000000000001,1394.7264019955533,5.739260849019059,20.661339056468613
103.65,1395.013240898313,5.733033482918575,20.63892053850687
103.7,1395.2997449528461,5.726062835332992,20.61382620719877
103.75,1395.5858696269113,5.718327073877661,20.58597746595958
103.80000000000001,1395.8715776147744,5.709837311041385,20.555414319748987
103.85000000000001,1396.1568379435469,5.700610016409414,20.522196059073888
103.9,1396.441617434049,5.690659477299653,20.486374118278754
103.95,1396.7258812572043,5.68003058235606,20.448110096481816
104.0,1397.009598634271,5.668786555296456,20.40763159906724
104.05000000000001,1397.292743681605,5.656957255212744,20.36504611876588
104.10000000000001,1397.57528752553,5.644537352800516,20.320334470081857
104.15,1397.8571965949982,5.631536841485305,20.2735326293471
104.2,1398.1384392071136,5.618009409744593,20.224833875080535
104.25,1398.418990668311,5.604010148997963,20.17443653639267
104.30000000000001,1398.6988313932552,5.589571012342583,20.122455644433302
104.35000000000001,1398.9779383886223,5.57472145139688,20.06899722502877
104.4,1399.2562886884198,5.5595172419531105,20.014262071031197
104.45,1399.53386929679,5.544058034638187,19.958608924697476
104.5,1399.8106731843527,5.528386972670977,19.902193101615516
104.55000000000001,1400.0866879572545,5.512504275747677,19.84501539269164
104.60000000000001,1400.3618976307298,5.496387860340085,19.786996297224306
104.65,1400.6362902643289,5.480047304134487,19.728170294884155
104.7,1400.90985948054,5.463442285472276,19.668392227700192
104.75,1401.182598242948,5.4464619043387845,19.607262855619624
104.80000000000001,1401.454484305429,5.428956381204413,19.544242972335887
104.85000000000001,1401.7254836971058,5.410837912017409,19.479016483262672
104.9,1401.9955646190763,5.391998768770387,19.411195567573394
104.95,1402.2646955927253,5.372304618556193,19.340296626802296
105.0,1402.532831147764,5.351651575992419,19.26594567357271
105.05000000000001,1402.7999138366665,5.330035209334799,19.188126753605278
105.10000000000001,1403.0658919889372,5.307594040461825,19.10733854566257
105.15,1403.3307285012536,5.2845571173694825,19.02440562253014
105.2,1403.594389240164,5.261116719970404,18.940020191893453
105.25,1403.8568436275914,5.2374943539671,18.85497967428156
105.30000000000001,1404.118085961649,5.213960062356301,18.770256224482683
105.35000000000001,1404.378138958968,5.190753234562884,18.68671164442638
105.4,1404.6370429967408,5.167941844460889,18.6045906400592
105.45,1404.8948334083302,5.145483267224616,18.52373976200862
105.5,1405.1515265923142,5.123272753927822,18.44378191414016
105.55000000000001,1405.4071332773874,5.10122168293337,18.364398058560134
105.60000000000001,1405.6616627646956,5.079123537105626,18.284844733580254
105.65,1405.915101780344,5.056732235132305,18.2042360464763
105.7,1406.167410057178,5.033855302517539,18.121879089063142
105.75,1406.4185456409368,5.010438780008718,18.037579608031386
105.80000000000001,1406.6684816290244,4.986524057384191,17.95148660658309
105.85000000000001,1406.9172013289613,4.962144257031581,17.863719325313692
105.9,1407.1646815063643,4.937290140136989,17.77424450449316
105.95,1407.410895327298,4.912036719257526,17.683332189327093
106.0,1407.6558316895248,4.886491839455651,17.591370622040344
106.05000000000001,1407.8994923520613,4.8606557922865345,17.498360852231524
106.10000000000001,1408.1418711432739,4.834427730257897,17.40393982892843
106.15,1408.382941478528,4.807730468995477,17.30782968838372
106.2,1408.6226697484428,4.780574878767445,17.210069563562804
106.25,1408.8610340780344,4.753033627338415,17.110921058418295
106.30000000000001,1409.098015562686,4.725120676261817,17.010434434542542
106.35000000000001,1409.3335811619995,4.696841909003768,16.908630872413568
106.4,1409.5677006127346,4.668280518849639,16.805809867858702
106.45,1409.8003683522552,4.639604629500185,16.702576666200667
106.5,1410.0316000311946,4.610920425664902,16.599313532393648
106.55000000000001,1410.261409731013,4.582230502626336,16.49602980945481
106.60000000000001,1410.489794670759,4.55349940432886,16.392597855583894
106.65,1410.7167461451718,4.524766423687318,16.289159125274345
106.7,1410.9422661943677,4.496034821528401,16.185725357502243
106.75,1411.1663605196711,4.467195343246029,16.081903235685704
106.80000000000001,1411.3890164053396,4.438138495174876,15.977298582629553
106.85000000000001,1411.6102077653406,4.408863257496292,15.871907726986652
106.9,1411.8299194976416,4.379462154066156,15.76606375463816
106.95,1412.048154747098,4.349991174809851,15.659968229315465
107.0,1412.264914619158,4.320435620282504,15.553568233017016
107.05000000000001,1412.480186649628,4.290773388108915,15.446784197192096
107.10000000000001,1412.6939665558075,4.261079206619628,15.33988514383066
107.15,1412.906269323009,4.2314698338549075,15.233291401877667
107.2,1413.1171093373898,4.201942685067631,15.126993666243472
107.25,1413.326480947625,4.172428257223469,15.02074172600449
107.30000000000001,1413.5343689947751,4.142918394173104,14.914506219023174
107.35000000000001,1413.7407700778933,4.11348309876236,14.808539155544494
107.4,1413.945698863695,4.084116903480905,14.702820852531259
107.45,1414.149170134657,4.054740781705935,14.597066814141368
107.5,1414.3511761955192,4.025307389868672,14.49110660352722
107.55000000000001,1414.5517037520403,3.995887731655846,14.385195833961046
107.60000000000001,1414.7507593780063,3.9665220759441953,14.279479473399103
107.65,1414.948355353514,3.937147265507428,14.17373015582674
107.7,1415.1444850677167,3.9076614598485815,14.067581255454893
107.75,1415.3391323140283,3.8780390846345254,13.960940704684292
107.80000000000001,1415.532293438471,3.8483892581956,13.85420132950416
107.85000000000001,1415.7239799477652,3.818793586741718,13.747656912270186
107.9,1415.9141927092571,3.789198606241902,13.641114982470848
107.95,1416.1029151937937,3.759592085203,13.534531506730799
108.0,1416.2901405514158,3.7300725751343595,13.428261270483695
108.05000000000001,1416.4758852749567,3.700697688094207,13.322511677139145
108.10000000000001,1416.660176517473,3.671417521621577,13.217103077837677
108.15,1416.8430207037256,3.642144672162707,13.111720819785745
108.2,1417.0244035700027,3.612855652277699,13.006280348199716
108.25,1417.204325329551,3.583654010723874,12.901154438605946
108.30000000000001,1417.3828007268696,3.554544522818513,12.796360282146647
108.35000000000001,1417.5598269132147,3.5254808037623313,12.691730893544394
108.4,1417.7353881657384,3.4964736358181745,12.587305088945428
108.45,1417.9094816507438,3.467672433993198,12.483620762375514
108.5,1418.0821281836318,3.4392398190245914,12.38126334848853
108.55000000000001,1418.2533637251545,3.4111889808038978,12.280280330894032
108.60000000000001,1418.4232077775036,3.3834461408255887,12.18040610697212
108.65,1418.5916681226884,3.3560415577783775,12.08174960800216
108.7,1418.7587682933,3.328981018385767,11.98433166618876
108.75,1418.9245387348624,3.3021198706916017,11.887631534489767
108.80000000000001,1419.0889875617,3.2752406282801623,11.790866261808585
108.85000000000001,1419.2520932960788,3.24813618947178,11.69329028209841
108.9,1419.413833351973,3.2207377681824227,11.594655965456722
108.95,1419.5742023141256,3.193046685738279,11.494968068657805
109.0,1419.7331866296415,3.1649777141600675,11.393919770976243
109.05000000000001,1419.8907504407225,3.1364821233441678,11.291335644039004
109.10000000000001,1420.0468617109173,3.107660128054378,11.18757646099576
109.15,1420.2015091100823,3.078691403193433,11.083289051496358
109.2,1420.354702559503,3.049669281913674,10.978809414889227
109.25,1420.5064507478585,3.020608410680642,10.874190278450312
109.30000000000001,1420.6567464080413,2.99155758869885,10.76960731931586
109.35000000000001,1420.8055887272915,2.9626732665567355,10.665623759604248
109.4,1420.952997530127,2.934025508992458,10.56249183237285
109.45,1421.0989907893404,2.905577858104109,10.460080289174794
109.5,1421.2435661518869,2.8772636406032457,10.358149106171684
109.55000000000001,1421.3867182139904,2.849076365220417,10.256674914793502
109.60000000000001,1421.5284576164152,2.8210764514953492,10.155875225383257
109.65,1421.668807097117,2.793230728649374,10.055630623137747
109.7,1421.8077761070774,2.765421475357397,9.955517311286629
109.75,1421.9453556861276,2.737570447269699,9.855253610170916
109.80000000000001,1422.0815404101224,2.70971529269737,9.754975053710533
109.85000000000001,1422.216337796128,2.6818795667522064,9.654766440307943
109.9,1422.3497534285698,2.654006171423036,9.55442221712293
109.95,1422.481773512716,2.6260419165540356,9.453750899594528
110.0,1422.6123800731903,2.5980378828598516,9.352936378295466
110.05000000000001,1422.74157392987,2.5701256502854566,9.252452341027643
110.10000000000001,1422.8693732216907,2.5423487149105055,9.152455373677821
110.15,1422.9957906660472,2.514676612058935,9.052835803412165
110.2,1423.1208239602026,2.4870977105325913,8.95355175791733
110.25,1423.244475530062,2.4596843886386703,8.854863799099213
110.30000000000001,1423.3667644305935,2.4324446092116494,8.756800593161937
110.35000000000001,1423.487708228376,2.4052639121503008,8.658950083741082
110.4,1423.607301240985,2.3780011530278893,8.560804150900402
110.45,1423.7255257913519,2.3506051132618513,8.462178407742664
110.5,1423.8423760297821,2.323113117752553,8.36320722390919
110.55000000000001,1423.9578563882885,2.2955085869681806,8.263830913085451
110.60000000000001,1424.0719561040978,2.267711299717898,8.163760678984433
110.65,1424.184649704691,2.239714985321955,8.062973947159039
110.7,1424.295923876646,2.2116402958766304,7.96190506515587
110.75,1424.4057869109156,2.1835521678591667,7.860787804293
110.80000000000001,1424.5142519501878,2.155402074156023,7.759447466961683
110.85000000000001,1424.6213144410624,2.1271175098524293,7.657623035468745
110.9,1424.7269610141266,2.0987388860459943,7.55545998976558
110.95,1424.831194209362,2.070402085162157,7.453447506583765
111.0,1424.9340261663624,2.042127752948244,7.351659910613678
111.05000000000001,1425.0354470077216,2.013877674617249,7.249959628622097
111.10000000000001,1425.1354337529424,1.9856611677535838,7.148380203912902
111.15,1425.2339839390686,1.9575828413032117,7.047298228691562
111.2,1425.3311234169084,1.9296820036475943,6.9468552131313395
111.25,1425.4268830136934,1.9018645646292565,6.846712432665323
111.30000000000001,1425.5212646516225,1.8739741716504552,6.746307017941639
111.35000000000001,1425.614254593544,1.8459618741449928,6.645462746921974
111.4,1425.7058497674752,1.8177599039609214,6.543935654259317
111.45,1425.7960460626184,1.7891116552688113,6.440801958967721
111.5,1425.8848117739294,1.7597586233572282,6.335131044086022
111.55000000000001,1425.9720940710347,1.7295859330628323,6.226509359026196
111.60000000000001,1426.0578485745464,1.698729981309798,6.115427932715273
111.65,1426.1420519150445,1.6674152614196975,6.002694941110911
111.7,1426.2246779563875,1.6358094887518053,5.888914159506499
111.75,1426.3056863457236,1.6041228161495193,5.77484213813827
111.80000000000001,1426.3850677048038,1.5727047253430204,5.661737011234874
111.85000000000001,1426.4628636720015,1.5419058439434292,5.550861038196345
111.9,1426.5391432725144,1.5119014011843135,5.442845044263529
111.95,1426.6139654429796,1.4827572897186667,5.3379262429872005
112.0,1426.6873662048342,1.4544964690586508,5.236187288611143
112.05000000000001,1426.7593833908472,1.4271735605528693,5.13782481799033
112.10000000000001,1426.8300681423464,1.4006353780489815,5.042287360976333
112.15,1426.8994565131354,1.3745481891809972,4.94837348105159
112.2,1426.9675518673973,1.3486361253316916,4.85509005119409
112.25,1427.034350866582,1.322768151150464,4.761965344141671
112.30000000000001,1427.0998586730452,1.2969045057350383,4.668856220646139
112.35000000000001,1427.1640804765243,1.270931796370069,4.575354466932248
112.4,1427.226997989384,1.2447001997516804,4.48092071910605
112.45,1427.2885781767136,1.218142255770104,4.385312120772375
112.5,1427.3488099978267,1.1913509737818706,4.288863505614734
112.55000000000001,1427.407702679269,1.1643804433579685,4.191769596088687
112.60000000000001,1427.4652566752088,1.137224110470041,4.094006797692147
112.65,1427.5214513832157,1.1099179393222758,3.995704581560193
112.7,1427.5762665853779,1.0825860840678805,3.89730990264437
112.75,1427.6297033344329,1.0553721527851345,3.7993397500264843
112.80000000000001,1427.6817801094462,1.0282720847271738,3.701779505017826
112.85000000000001,1427.7325066116227,1.0012245075002106,3.6044082270007585
112.9,1427.7818806879625,0.9742545049629836,3.507316217866741
112.95,1427.8299111077488,0.9474651090942878,3.4108743927394363
113.0,1427.8766180711025,0.9208746168296241,3.3151486205866467
113.05000000000001,1427.9220118480994,0.8943915725060044,3.219809661021616
113.10000000000001,1427.9660822972257,0.8679232213253801,3.1245235967713687
113.15,1428.0088186585617,0.8414688926957942,3.0292880137048592
113.2,1428.0502297318974,0.8150898291896223,2.93432338508264
113.25,1428.0903322912195,0.7887654824240176,2.839555736726463
113.30000000000001,1428.1291250424526,0.76246023260838,2.7448568373901683
113.35000000000001,1428.1665957547839,0.736217787501497,2.6503840350053895
113.4,1428.2027463172358,0.7101364404716672,2.556491185698002
113.45,1428.2375956925407,0.6842323150591946,2.4632363342131005
113.5,1428.2711611658196,0.6584355954981079,2.3703681437931885
113.55000000000001,1428.3034451744936,0.6327065615858302,2.277743621708989
113.60000000000001,1428.3344500246167,0.6071380356650811,2.1856969283942917
113.65,1428.3641915034102,0.5818672432708558,2.094722075775081
113.7,1428.3926857577744,0.5569294736032837,2.0049461049718214
113.75,1428.4199355238359,0.5323491475302584,1.9164569311089303
113.80000000000001,1428.4459457589312,0.5082370677493252,1.8296534438975707
113.85000000000001,1428.4707461196754,0.4847834570449086,1.745220445361671
113.9,1428.4943890468446,0.4620653110223838,1.6634351196805817
113.95,1428.5169251771126,0.44004332884835085,1.584155983854063
114.0,1428.5383872593309,0.4187619665855885,1.5075430797081186
114.05000000000001,1428.558810535848,0.3982960438844044,1.433865757983856
114.10000000000001,1428.5782466465084,0.3786904081402365,1.3632854693048515
114.15,1428.596743144252,0.3599300138117647,1.295748049722353
114.2,1428.614321104803,0.3420399192050658,1.231343709138237
114.25,1428.6309997273604,0.3251495627696671,1.1705384259708016
114.30000000000001,1428.6468361543998,0.30957451776870176,1.1144682639673265
114.35000000000001,1428.6618997669493,0.29528061425289137,1.063010211310409
114.4,1428.6762499861754,0.2822685971975215,1.0161669499110775
114.45,1428.6899486059276,0.27041225869258356,0.9734841312933008
114.5,1428.703061522418,0.2594314626358565,0.9339532654890833
114.55000000000001,1428.7156475304962,0.24881127368226372,0.8957205852561494
114.60000000000001,1428.7277326404953,0.2377294369674161,0.855825973082698
114.65,1428.7392472955614,0.224780737958527,0.8092106566506971
114.7,1428.7500846332262,0.20959826794693187,0.7545537646089547
114.75,1428.7601050803166,0.19049160828499712,0.6857697898259897
114.80000000000001,1428.7690708669274,0.16640302016262648,0.5990508725854553
114.85000000000001,1428.776683160816,0.13627476476972494,0.4905891531710098
114.9,1428.7825820674027,0.09904910329619743,0.35657677186631076
114.95,1428.786346629771,0.05366829693194897,0.1932058689550163
115.0,1428.7876388888906,0.0,0.0
