t_ref_s,v_ref_mps,v_ref_kmh,s_ref_m
0.0,0.0,0.0,0.0
0.05,0.14217433389612438,0.5118276020260478,0.00355435834740311
0.1,0.17318026856388602,0.6234489668299897,0.01143822340890337
0.15,0.203249763929143,0.7316991501449148,0.020848974221229097
0.2,0.23242259951099692,0.8367213582395889,0.031740783307232595
0.25,0.2607385548285491,0.9386587973827767,0.04406981216572124
0.3,0.2882374094009009,1.0376546738432433,0.057794211271457493
0.35000000000000003,0.31495894274715397,1.1338521938897543,0.07287412007515887
0.4,0.34094293438640955,1.2273945637910744,0.08927166700349795
0.44999999999999996,0.36622916383776916,1.318424989815969,0.10695096945910242
0.5,0.39085741062033424,1.4070866782332032,0.12587813382055502
0.55,0.41486745425320626,1.4935228353115426,0.14602125544239353
0.6,0.4382990742554866,1.5778766673197517,0.16735041865511086
0.65,0.46119205014627673,1.6602913805265962,0.18983769676515494
0.7000000000000001,0.48358616144467803,1.740910181200841,0.21345715205492882
0.75,0.505521187669792,1.8198762756112514,0.23818483578279057
0.8,0.52703690834072,1.8973328700265921,0.2639987881830534
0.85,0.5481731029765635,1.9734231707156287,0.2908790384659855
0.8999999999999999,0.5689695510964241,2.0482903839471267,0.3188076048178102
0.95,0.5894660322194031,2.122077715989851,0.34776849440070584
1.0,0.6097023258646017,2.194928373112566,0.37774770335280594
1.05,0.6297182115511217,2.2669855615840384,0.408733216788199
1.1,0.6495534687980643,2.3383924876730315,0.44071500879692865
1.15,0.6692478771245312,2.409292357648312,0.47368504244499354
1.2,0.6888412160496236,2.4798283777786447,0.5076372697743474
1.25,0.7083732650924296,2.5501437543327468,0.5425676318028988
1.3,0.7247564058526795,2.6091230610696465,0.5783958735765266
1.35,0.7460645885317876,2.6858325187144354,0.6151663984361382
1.4000000000000001,0.7659300258312548,2.757348092992517,0.6529662637952143
1.45,0.7856907839748752,2.828486822309551,0.6917567840403676
1.5,0.806986230688564,2.9051504304788307,0.7315737094069535
1.55,0.8282262320921022,2.981614435531568,0.7724540209764702
1.6,0.8499563527603637,3.0598428699373095,0.8144085855977818
1.6500000000000001,0.8717017588706474,3.1381263319343304,0.8574500383885572
1.7,0.8934177075312604,3.2163037471125375,0.9015780250486048
1.75,0.9158330442737614,3.296998959385541,0.9468092938437304
1.7999999999999998,0.9392009960536815,3.381123585793253,0.9931851448519164
1.8499999999999999,0.9613560269303135,3.4608816969491287,1.0406990704265162
1.9,0.9834846787844402,3.540544843623985,1.089320088069385
1.95,1.0061873997067126,3.622274638944165,1.1390618900316638
2.0,1.0302505926485885,3.708902133534919,1.1899728398405462
2.05,1.0536347285083183,3.793085022629946,1.2420699728694689
2.1,1.076906750072826,3.8768643002621737,1.2953335098339975
2.15,1.1003773580046896,3.9613584888168827,1.3497656125359354
2.2,1.1249059743369705,4.049661507613094,1.405397695844477
2.25,1.1502505381842179,4.140901937463185,1.4622766086575067
2.3,1.1752748735053884,4.230989544619399,1.5204147439497468
2.35,1.2006508944851597,4.322343220146575,1.5798128881495106
2.4,1.2267297906753833,4.41622724643138,1.6404974052785242
2.45,1.2541415697917302,4.514909651250229,1.702519189290202
2.5,1.2807123090609447,4.610564312619401,1.765890536261519
2.5500000000000003,1.3080280185214361,4.70890086667717,1.8306090444510785
2.6,1.336120277158214,4.810032997769571,1.8967127518430698
2.65,1.364521191347254,4.912276288850114,1.9642287885557064
2.7,1.3932369352393321,5.0156529668615955,2.033172741720371
2.75,1.4210882836415417,5.115917821109551,2.1035308721923927
2.8000000000000003,1.4500645243405843,5.220232287626104,2.175309692391946
2.85,1.4803364181446073,5.329211105320586,2.248569715954076
2.9,1.511212688615885,5.440365679017186,2.3233584436230883
2.95,1.5414924025509475,5.549372649183411,2.399676070902259
3.0,1.5717338412016357,5.658241828325889,2.4775067269960735
3.0500000000000003,1.6024027516350932,5.768649905886336,2.556860141816992
3.1,1.6337865176909916,5.88163146368757,2.637764873550144
3.1500000000000004,1.6647243507781369,5.9930076628012925,2.7202276452618723
3.2,1.695175519225409,6.102631869211472,2.804225142011961
3.25,1.7246997429893653,6.208919074761716,2.88972202356733
3.3000000000000003,1.7553192093961654,6.319149153826196,2.9767224973769686
3.3499999999999996,1.786148341077977,6.430134027880717,3.0652591861388223
3.4,1.8156808445434118,6.536451040356282,3.155304915779357
3.4499999999999997,1.8456883352646212,6.644478006952636,3.2468391452745577
3.5,1.8765424483092705,6.755552813913374,3.339894914863905
3.55,1.9079090363227802,6.868472530762009,3.4345062019797066
3.5999999999999996,1.9393121417479469,6.981523710292609,3.5306867314314747
3.65,1.9698026425547623,7.091289513197145,3.6284146010390423
3.6999999999999997,1.9992936069548977,7.197456985037632,3.727642007276784
3.75,2.030123003622138,7.308442813039696,3.8283774225412097
3.8,2.060856650763517,7.419083942748662,3.930651913900851
3.8499999999999996,2.0908969345247232,7.527228964289004,4.034445753533057
3.9,2.119969771206565,7.631891176343634,4.139717421176339
3.9499999999999997,2.150110323530065,7.740397164708234,4.246469423544755
4.0,2.1804007173884896,7.849442582598563,4.354732199567719
4.050000000000001,2.2092243948889205,7.953207821600114,4.464472827374654
4.1,2.238521938485655,8.058678978548357,4.575666485709018
4.15,2.268552487749142,8.166788955896912,4.688343346364888
4.2,2.2981498575000816,8.273339487000294,4.802510904996118
4.25,2.3275484578620103,8.379174448303237,4.918153362880171
4.3,2.355940435278993,8.481385567004375,5.035240585208696
4.3500000000000005,2.3838337742517446,8.58180158730628,5.153734940446964
4.4,2.4129608746924647,8.686659148892874,5.273654806670569
4.449999999999999,2.4424349997884605,8.792765999238458,5.395039703532592
4.5,2.470906785044657,8.895264426160766,5.517873248153419
4.55,2.4983278180507535,8.993980144982713,5.642104113230805
4.6,2.5265823845868205,9.095696584512554,5.767726868296744
4.6499999999999995,2.554624412451607,9.196647884825786,5.894757038222705
4.7,2.5833463330694935,9.300046799050177,6.023206306860732
4.75,2.611304227088906,9.400695217520061,6.153072570864692
4.8,2.6390094491451883,9.500434016922679,6.284330412770545
4.85,2.667430467099491,9.602749681558167,6.416991410676662
4.9,2.6960938051915813,9.705937698689693,6.551079517483939
4.949999999999999,2.723829672710682,9.805786821758456,6.686577604431496
5.0,2.751268288962408,9.904565840264668,6.823455053473323
5.05,2.7799396943886663,10.0077828997992,6.9617352530571
5.1000000000000005,2.808338333026267,10.11001799889456,7.101442203742473
5.1499999999999995,2.835480888210114,10.207731197556411,7.242537684273382
5.2,2.8629688797399866,10.306687967063953,7.384998928472135
5.25,2.8906844790318384,10.406464124514619,7.528840262441431
5.3,2.9193163579022268,10.509538888448017,7.674090283364783
5.35,2.947777441274406,10.611998788587863,7.820767628344199
5.4,2.975450135276122,10.711620486994038,7.9688483177579625
5.449999999999999,3.0025415140679916,10.809149450644771,8.118298108991565
5.5,3.030094134397345,10.908338883830442,8.2691140002032
5.55,3.0579225910513688,11.008521327784928,8.421314418339417
5.6000000000000005,3.084946238955444,11.105806460239599,8.574886139089587
5.6499999999999995,3.111598327147996,11.201753977732785,8.729799753242172
5.7,3.139275956612642,11.301393443805512,8.886071610336188
5.75,3.1670993174715187,11.401557542897468,9.043730992188292
5.8,3.195213749519562,11.502769498270423,9.20278881886307
5.85,3.222766740070581,11.60196026425409,9.363238331102824
5.9,3.2497179952575825,11.698984782927297,9.525050449486029
5.95,3.2777095730353385,11.799754462927218,9.688236138693352
6.0,3.3061027721352345,11.901969979686845,9.852831447322616
6.05,3.333548977299508,12.000776318278229,10.018822741058486
6.1000000000000005,3.3605320312238285,12.097915312405783,10.18617476627157
6.1499999999999995,3.388108732383396,12.197191436580226,10.35489078536175
6.2,3.416074335613104,12.297867608207175,10.524995362061663
6.25,3.444062749453179,12.398625898031444,10.69649878918832
6.300000000000001,3.4713759700717968,12.496953492258468,10.869384757176444
6.35,3.49880533777818,12.595699216001448,11.043639289872694
6.4,3.5265757927463066,12.695672853886704,11.219273818135806
6.45,3.555243862727995,12.798877905820783,11.396319309522664
6.5,3.5834744228182807,12.900507922145811,11.574787266661321
6.55,3.6109426740511688,12.999393626584208,11.754647694083058
6.6000000000000005,3.6392703634475114,13.101373308411041,11.935903020020525
6.65,3.668058775876663,13.205011593155987,12.118586248503629
6.699999999999999,3.6959482041036975,13.305413534773312,12.302686423003138
6.75,3.7232791069852347,13.403804785146844,12.488167105780361
6.8,3.7511372529876192,13.50409411075543,12.675027514779682
6.85,3.779422061969612,13.605919423090603,12.863291497653613
6.8999999999999995,3.807672013269915,13.707619247771694,13.0529688495346
6.95,3.835303433094589,13.80709235914052,13.244043235693713
7.0,3.8625974888631283,13.905350959907262,13.436490758742655
7.05,3.890336478876462,14.005211323955264,13.630314107936146
7.1,3.918689208424121,14.107281150326836,13.82553975011866
7.15,3.946403488376164,14.20705255815419,14.022167067538668
7.199999999999999,3.973597952815979,14.304952630137524,14.220167103568471
7.25,4.001196502835534,14.404307410207924,14.41953696495976
7.3,4.029410117122219,14.50587642163999,14.620302130458702
7.3500000000000005,4.057549919848874,14.607179711455947,14.82247613138298
7.3999999999999995,4.084993341014236,14.705976027651252,15.026039712904558
7.45,4.11213604190606,14.803689750861817,15.230967947477565
7.5,4.139749995770551,14.903099984773982,15.43726509841948
7.55,4.1679200491055,15.0045121767798,15.644956849541382
7.6,4.195478004902373,15.103720817648544,15.85404180089158
7.65,4.2226510042106415,15.20154361515831,16.064495026119406
7.699999999999999,4.250265459040435,15.300955652545566,16.276317937700682
7.75,4.278639117092569,15.403100821533247,16.489540552104007
7.8,4.306444259450133,15.503199334020481,16.704167636517575
7.8500000000000005,4.3336775572276105,15.601239206019399,16.92017068193452
7.8999999999999995,4.360916021054899,15.699297675797636,17.13753552139158
7.95,4.388422875378668,15.798322351363204,17.35626899380242
8.0,4.416624081846538,15.899846694647538,17.57639516773305
8.049999999999999,4.44438425650721,15.999783323425955,17.797920376191893
8.100000000000001,4.4717026429812945,16.098129514732662,18.020822548679106
8.149999999999999,4.499249608927772,16.19729859213998,18.245096354976834
8.2,4.527418205911743,16.298705541282274,18.470763050347824
8.25,4.555070846822894,16.39825504856242,18.69782527666619
8.3,4.582233121363365,16.496039236908114,18.926257875870846
8.35,4.609781924231201,16.595214927232323,19.15605825201071
8.4,4.6380797900373905,16.697087244134607,19.387254794867424
8.450000000000001,4.666407036868226,16.799065332725615,19.619866965540066
8.5,4.694120451220635,16.898833624394285,19.85388015274229
8.549999999999999,4.721357882799953,16.996888378079834,20.089267111092802
8.6,4.749061243350603,17.09662047606217,20.326027589246564
8.65,4.777075769964533,17.19747277187232,20.564181014579443
8.700000000000001,4.803902795182234,17.29405006265604,20.803705478708114
8.75,4.8303713450606,17.38933684221816,21.044562332214184
8.8,4.857384151105772,17.48658294398078,21.286756219618344
8.85,4.885197685445955,17.58671166760544,21.530320765532135
8.899999999999999,4.913336819878777,17.688012551563595,21.775284128165254
8.95,4.941129400158501,17.788065840570603,22.021645783666184
9.0,4.968414728655748,17.886293023160693,22.26938438688654
9.05,4.996179978171207,17.986247921416346,22.518499254557213
9.1,5.024898877449915,18.089635958819695,22.76902622594774
9.15,5.0533692005734565,18.192129122064443,23.020982927898324
9.2,5.081598368056968,18.293754125005083,23.274357117114086
9.25,5.110202238200736,18.396728057522648,23.52915213227053
9.299999999999999,5.1396351651074434,18.502686594386798,23.785398067353235
9.35,5.168568556146772,18.60684680212838,24.04310316038459
9.4,5.197045522465705,18.709363880876538,24.3022435123499
9.450000000000001,5.226002727649323,18.813609819537565,24.562819718602775
9.5,5.255568370132246,18.920046132476084,24.824858996047315
9.549999999999999,5.285136881833081,19.02649277459909,25.08837662734645
9.6,5.314402877976809,19.131850360716513,25.353365121341696
9.65,5.343239798918421,19.235663276106315,25.619806188264075
9.7,5.372394435640159,19.340619968304573,25.88769704412804
9.75,5.402308788744505,19.448311639480217,26.157064624737657
9.8,5.4317480981367,19.55429315329212,26.427916046909687
9.850000000000001,5.460465082465702,19.65767429687653,26.700221376424746
9.899999999999999,5.489276861080646,19.761396699890327,26.973964925013405
9.95,5.518913434439502,19.868088363982206,27.24916968240141
10.0,5.5487137591734585,19.975369533024452,27.525860362241733
10.05,5.578108596878338,20.081190948762018,27.804030921143028
10.1,5.607073139690192,20.185463302884692,28.08366046455724
10.15,5.636373533459317,20.290944720453542,28.36474663138598
10.200000000000001,5.666340596654763,20.39882614795715,28.647314484638834
10.25,5.695782483168726,20.504816939407412,28.93136756163442
10.299999999999999,5.7245473268104625,20.608370376517666,29.216875806883902
10.35,5.753386634321426,20.712191883557136,29.5038241559122
10.4,5.782889890178053,20.81840360464099,29.792231069024684
10.450000000000001,5.812164164517107,20.923790992261583,30.082107420392063
10.5,5.8409602816866855,21.02745701407207,30.37343553154716
10.55,5.869036360324839,21.12853089716942,30.666185447597446
10.6,5.897325673524682,21.230372424688856,30.960344498443686
10.65,5.926374251796232,21.334947306466436,31.255936996576708
10.7,5.9550607232523,21.438218603708282,31.55297287095292
10.75,5.982890963675126,21.538407469230453,31.851421663126107
10.8,6.010687628831072,21.63847546379186,32.15126112793876
10.850000000000001,6.039118152833974,21.740825350202307,32.452506272480385
10.899999999999999,6.066961491427275,21.841061369138192,32.755158263586914
10.95,6.0940764072802125,21.938675066208766,33.0591842110546
11.0,6.121093454404057,22.035936435854605,33.36456345759671
11.05,6.148726594690598,22.135415740886152,33.67130895882408
11.1,6.17616419871159,22.234191115361725,33.97943122865913
11.15,6.202998724416191,22.33079540789829,34.288910301737324
11.200000000000001,6.229278131300481,22.425401272681732,34.59971722313024
11.249999999999998,6.256592560143822,22.523733216517762,34.91186399041635
11.299999999999999,6.284764747597759,22.625153091351933,35.22539792310989
11.35,6.312361356091331,22.72450088192879,35.54032607570212
11.4,6.339327896526013,22.82158042749365,35.856618307017555
11.45,6.366542916819357,22.919554500549687,36.17426507735119
11.5,6.394615908042023,23.020617268951284,36.49329404797272
11.55,6.422810889295738,23.122119201464656,36.81372971790616
11.6,6.450846505766653,23.22304742075995,37.135571152782724
11.649999999999999,6.4783018962665055,23.32188682655942,37.45879986283355
11.7,6.5059557189718555,23.42144058829868,37.78340630321451
11.75,6.534271258101231,23.523376529164434,38.10941197764134
11.8,6.562311352456643,23.624320868843913,38.43682654290528
11.85,6.589479920279585,23.722127713006508,38.76562132472368
11.9,6.616998037747306,23.821192935890302,39.09578327367436
11.95,6.645332108025812,23.923195588892924,39.42734152731869
12.0,6.673028481492757,24.022902533373927,39.760300542056655
12.049999999999999,6.700216444995587,24.120779201984114,40.09463166521886
12.1,6.727577005401969,24.21927721944709,40.4303265014788
12.15,6.755635920864901,24.320289315113644,40.76740682463547
12.200000000000001,6.783539218654719,24.42074118715699,41.10588620312346
12.25,6.811378225120082,24.520961610432295,41.445759139217834
12.299999999999999,6.838300040056688,24.617880144204076,41.78700109584725
12.35,6.865314082263259,24.71513069614773,42.12959144890525
12.4,6.893395923046972,24.8162253229691,42.47355919903801
12.45,6.921838511952084,24.918618643027504,42.81894005991298
12.5,6.949713635435828,25.018969087568983,43.16572886359768
12.55,6.9775812706762235,25.119292574434404,43.51391123625048
12.600000000000001,7.00619659412767,25.222307738859612,43.863505682870574
12.649999999999999,7.0342858335144465,25.32342900065201,44.21451774356163
12.7,7.061632763593148,25.421877948935332,44.56691570848932
12.75,7.088111782873815,25.517202418345736,44.920659322150996
12.8,7.114733458716877,25.61304045138076,45.27573045319076
12.85,7.142176359677071,25.71183489483746,45.63215319865061
12.9,7.1695912584211055,25.81052853031598,45.989947389103065
12.950000000000001,7.1960795030718225,25.90588621105856,46.34908915814039
13.0,7.222671877667662,26.001618759603584,46.709557942658876
13.049999999999999,7.249988299148956,26.099957876936244,47.07137444707929
13.1,7.277304727286467,26.19829701823128,47.43455677274018
13.15,7.304227689521553,26.29521968227759,47.79909508316038
13.200000000000001,7.330312146033086,26.38912372571911,48.16495857904925
13.25,7.356359351880289,26.48289366676904,48.532125366497084
13.3,7.383350793803211,26.58006285769156,48.90061812013917
13.35,7.4100960190781855,26.676345668681467,49.2704542904612
13.399999999999999,7.435988689786257,26.769559283230524,49.64160640818282
13.45,7.462101873701427,26.863566745325137,50.01405867227001
13.5,7.48901392358002,26.960450124888073,50.387836567202044
13.55,7.515803501313447,27.056892604728407,50.76295700282438
13.6,7.541662727741204,27.149985819868334,51.139393658550745
13.65,7.567627229712069,27.24345802696345,51.51712590748708
13.7,7.594499204795781,27.340197137264813,51.896179068349774
13.75,7.6215150714858195,27.43745425734895,52.27657942525681
13.799999999999999,7.648052009468316,27.532987234085937,52.658318602280666
13.85,7.6739090182099865,27.626072465555954,53.041367627972626
13.9,7.700047485495593,27.720170947784133,53.42571654056527
13.950000000000001,7.727130447380475,27.81766961056971,53.81139598888717
14.0,7.753873613503921,27.913945008614117,54.19842109040928
14.049999999999999,7.779841009714243,28.007427634971275,54.58676395598974
14.1,7.8056584386503145,28.100370379141133,54.97640144219885
14.15,7.832539803760406,28.197143293537465,55.36735639825912
14.2,7.85958984215317,28.29452343175141,55.759659639406955
14.25,7.886328335564182,28.390782008031053,56.15330759384989
14.3,7.912446092445713,28.48480593280457,56.54827695455013
14.350000000000001,7.93861178545369,28.579002427633284,56.944553401497615
14.399999999999999,7.966080851028488,28.67789106370256,57.34217071740967
14.45,7.993244019591121,28.77567847052804,57.74115383917516
14.5,8.019856340000697,28.87148282400251,58.14148134816496
14.55,8.046708677059947,28.968151237415807,58.54314547359147
14.6,8.074538814578638,29.068339732483096,58.946176660882436
14.65,8.10229235935635,29.168252493682857,59.350597440230814
14.700000000000001,8.129504297432861,29.2662154707583,59.756392356650544
14.75,8.156601252676433,29.36376450963516,60.16354499540328
14.799999999999999,8.18460698929516,29.464585161462576,60.57207520145257
14.85,8.212986839086026,29.566752620709696,60.9820150471621
14.9,8.241286689805072,29.66863208329826,61.393371885384376
14.950000000000001,8.268714515309862,29.767372255115504,61.80612191551225
15.0,8.296106051657771,29.86598178596798,62.220242429686444
15.049999999999999,8.324179089716882,29.967044722980777,62.63574955822081
15.1,8.351815453604122,30.066535632974837,63.052649421803835
15.15,8.37754133813972,30.15914881730299,63.47088334159743
15.2,8.40349010131707,30.252564364741453,63.89040912758385
15.25,8.430812480986502,30.350924931551408,64.31126669214144
15.3,8.458487567339247,30.45055524242129,64.73349919334959
15.350000000000001,8.486139490156406,30.55010216456306,65.15711486978698
15.399999999999999,8.513167811841797,30.64740412263047,65.58209755233693
15.45,8.539790688718927,30.743246479388137,66.00842151485095
15.5,8.567755710865809,30.843920559116913,66.43611017484056
15.55,8.596080470798194,30.9458896948735,66.86520607938216
15.6,8.623831820336333,31.0457945532108,67.29570388666052
15.65,8.651405450988173,31.145059623557426,67.72758481844363
15.700000000000001,8.680175329255887,31.248631185321194,68.16087433794974
15.749999999999998,8.709189143858731,31.353080917891432,68.5956084497776
15.799999999999999,8.738352895612802,31.45807042420609,69.03179700076439
15.85,8.766730998316936,31.56023159394097,69.46942409811263
15.9,8.795274926366288,31.662989734918636,69.9084742462297
15.95,8.825022995235173,31.770082782846625,70.34898169426974
16.0,8.854638916541168,31.876700099548206,70.79097324206414
16.05,8.883452564484015,31.980429232142455,71.23442552908978
16.099999999999998,8.912149601881815,32.083738566774535,71.67931558324892
16.15,8.94198128502252,32.19113262608107,72.12566885542154
16.200000000000003,8.971931265791884,32.298952556850786,72.5735166691919
16.25,9.000899211873694,32.4032371627453,73.02283743113354
16.299999999999997,9.029762186946433,32.50714387300716,73.47360396610404
16.35,9.059621261388966,32.61463654100028,73.92583855231243
16.4,9.089637983893512,32.722696742016645,74.3795700334445
16.45,9.119437137230571,32.82997369403006,74.8347969114726
16.5,9.14813454232359,32.93328435236492,75.29148620346145
16.55,9.176799369853399,33.03647773147224,75.74960955126588
16.6,9.206320703944936,33.14275453420177,76.20918755311084
16.65,9.236089220030129,33.24992119210847,76.67024780121021
16.7,9.264666192355204,33.35279829247874,77.13276668651984
16.75,9.293232442924783,33.45563679452922,77.59671415240184
16.8,9.322825578593369,33.56217208293613,78.0621156029398
16.849999999999998,9.352144476352318,33.667720114868345,78.52898985431344
16.900000000000002,9.381645832903779,33.7739249984536,78.99733461204484
16.95,9.409881363341396,33.87557290802903,79.46712279195097
17.0,9.438125839490809,33.97725302216691,79.93832297202178
17.05,9.467091238816804,34.0815284597405,80.41095339897947
17.099999999999998,9.49612339790321,34.18604423245156,80.88503376489747
17.150000000000002,9.524164524409422,34.28699228787392,81.36054096295528
17.2,9.552108992937706,34.38759237457574,81.83744780088897
17.25,9.580582914450654,34.490098492022355,82.31576509857368
17.3,9.609150254064676,34.592940914632834,82.79550842778656
17.349999999999998,9.63662659847923,34.69185575452523,83.27665284910016
17.400000000000002,9.66376448498324,34.789552145939666,83.75916262618672
17.45,9.691668183895116,34.890005462022415,84.24304844290869
17.5,9.71960415398991,34.99057495436367,84.72833025135581
17.55,9.747112187289922,35.08960387424372,85.21499815988781
17.6,9.77316417958826,35.18339104651774,85.70300506905977
17.65,9.799237173463695,35.277253824469305,86.19231510288607
17.7,9.827157228982564,35.377766024337234,86.68297496294723
17.75,9.855018046994235,35.47806496917925,87.17502934484665
17.799999999999997,9.882036164700022,35.57533019292008,87.668455700139
17.85,9.908906822824617,35.67206456216862,88.16322927482712
17.9,9.936766558302303,35.77235960988829,88.65937110935529
17.950000000000003,9.964783393505822,35.873220216620965,89.1569098581505
18.0,9.993343746376238,35.97603748695446,89.65586303664755
18.049999999999997,10.020882990868868,36.07517876712792,90.15621870507867
18.1,10.047945690211005,36.17260448475962,90.65793942210567
18.15,10.075646132229439,36.27232607602598,91.16102921766668
18.2,10.104090829697558,36.37472698691121,91.66552264171486
18.25,10.131552992290187,36.47359077224468,92.17141373726456
18.3,10.159049651817016,36.57257874654126,92.67867880336723
18.35,10.18739302593119,36.674614893352285,93.18733987031094
18.4,10.215733598604249,36.7766409549753,93.69741803592431
18.45,10.243945411242661,36.87820348047358,94.20891001117049
18.5,10.271435564925367,36.977168033731324,94.72179453557469
18.55,10.299042728137414,37.07655382129469,95.23605649290126
18.599999999999998,10.327427116884776,37.17873762078519,95.75171823902681
18.650000000000002,10.356352607189686,37.28286938588287,96.26881273212868
18.7,10.384235366130905,37.38324731807126,96.78732743146169
18.75,10.411886945691363,37.482793004488904,97.30723048925725
18.8,10.44032612666231,37.58517405598432,97.8285358160661
18.849999999999998,10.46902034197015,37.688473231092544,98.3512694777819
18.900000000000002,10.496783857079699,37.78842188548692,98.87541458275814
18.95,10.524175069848043,37.887030251452956,99.40093855593133
19.0,10.552338217528618,37.98841758310303,99.92785138811576
19.05,10.580644295113729,38.090319462409425,100.45617595093181
19.099999999999998,10.60893292578418,38.19215853282304,100.98591538145426
19.150000000000002,10.636224121080197,38.29040683588871,101.51704430762587
19.2,10.663441857692826,38.38839068769418,102.04953595709519
19.25,10.691552643300382,38.48958951588138,102.58341081962001
19.3,10.719603251173748,38.590571704225496,103.11868971698186
19.35,10.746437949259779,38.687176617335204,103.6553407469927
19.4,10.77332703640674,38.78397733106427,104.19333487163436
19.45,10.800659460209413,38.88237405675389,104.73268453404977
19.5,10.828320136388289,38.98195249099784,105.2734090239647
19.55,10.85598710035947,39.08155356129409,105.8155167048834
19.6,10.882814514407094,39.17813225186554,106.35898674525255
19.65,10.909487345361676,39.27415444330203,106.90379429174678
19.700000000000003,10.936731729334639,39.3722342256047,107.44994976861419
19.75,10.964355180405166,39.471678649458596,107.99747694135769
19.799999999999997,10.991103598769136,39.56797295556889,108.54636341083705
19.85,11.017843158195053,39.664235369502194,109.09658707976115
19.9,11.045156047946275,39.76256177260659,109.64816205991468
19.950000000000003,11.072832298456678,39.862196274444045,110.20111176857476
20.0,11.099484765373365,39.95814515534411,110.75541969517052
20.05,11.125850342953804,40.053061234633695,111.31105307287869
20.1,11.152293540810394,40.14825674691742,111.8680066699728
20.15,11.179660979711846,40.24677952696265,112.42630553298585
20.2,11.207108449460046,40.34559041805617,112.98597476871515
20.25,11.233650258481072,40.44114093053186,113.54699373641368
20.3,11.260140467201456,40.53650568192524,114.10933850455575
20.349999999999998,11.286982549995088,40.63313717998232,114.67301657998567
20.400000000000002,11.314154844181697,40.73095743905411,115.2380450148401
20.45,11.34049153174276,40.82576951427394,115.80441117423821
20.5,11.366387308717496,40.91899431138299,116.37208314524972
20.55,11.392726191809647,41.01381429051473,116.94106098276289
20.599999999999998,11.419592814226563,41.11053413121563,117.5113689579138
20.650000000000002,11.4466942803442,41.208099409239125,118.08302613527808
20.7,11.47308544903576,41.30310761652874,118.65602062851258
20.75,11.499051359112183,41.39658489280386,119.23032404871628
20.8,11.525673257719856,41.49242372779148,119.80594216413708
20.849999999999998,11.55237501974858,41.588550071094886,120.38289337107379
20.900000000000002,11.57817895546531,41.681444239675116,120.96115722045414
20.95,11.603920977438616,41.77411551877902,121.54070971877674
21.0,11.630426978736683,41.86953712345206,122.12156841768112
21.05,11.657194561464877,41.96590042127356,122.70375895618616
21.1,11.684047331081013,42.06257039189165,123.2872900034998
21.15,11.710152508879776,42.156549031967195,123.87214499949883
21.2,11.735895803307864,42.24922489190831,124.45829620730352
21.25,11.762422899904495,42.34472243965618,125.04575417488383
21.3,11.78927356975161,42.441384851105795,125.63454658662523
21.35,11.815119820492987,42.53443135377475,126.22465642138135
21.4,11.840565787180092,42.62603683384833,126.81604856157318
21.45,11.866604197396171,42.719775110626216,127.40872781118759
21.5,11.893113664396592,42.81520919182773,128.00272075773242
21.549999999999997,11.918832563694732,42.90779722930104,128.5980194134347
21.6,11.94354538940441,42.99676340185587,129.1945788622622
21.65,11.968568862721273,43.08684790579659,129.79238171856534
21.700000000000003,11.994414569401995,43.17989244984718,130.39145630436843
21.75,12.020208966906507,43.27275228086343,130.99182189277616
21.799999999999997,12.045466806231259,43.36368050243253,131.5934637871046
21.85,12.070892109447902,43.45521159401245,132.1963727599966
21.9,12.09756336147024,43.551228101292864,132.80058414676955
21.95,12.125096838181385,43.650348617452984,133.40615065176084
22.0,12.152118015268814,43.74762485496773,134.0130810230971
22.05,12.179127235070963,43.84485804625547,134.6213621543556
22.1,12.207343840865319,43.94643782711515,135.23102393125401
22.15,12.236446023152961,44.05120568335066,135.84211867785447
22.2,12.265944220285192,44.15739919302669,136.45467843394042
22.25,12.295262252833197,44.26294411019951,137.06870859576838
22.3,12.324751291691983,44.36910465009114,137.6842089343815
22.349999999999998,12.355453913286016,44.47963408782966,138.30121406450596
22.400000000000002,12.38712149549823,44.59363738379363,138.91977844972556
22.45,12.418344740970383,44.70604106749338,139.53991510563728
22.499999999999996,12.449346582468495,44.81764769688658,140.16160738872324
22.55,12.481523826013493,44.93348577364858,140.7848791489353
22.599999999999998,12.514915655779081,45.05369636080469,141.4097901359801
22.650000000000002,12.548565796003208,45.17483686561155,142.03637717227465
22.7,12.581929835336918,45.29494740721291,142.66463956305816
22.75,12.615537088344723,45.41593351804101,143.2945762361502
22.8,12.650349209205793,45.541257153140855,143.92622339358894
22.849999999999998,12.686370557838975,45.670934008220314,144.55964138776505
22.9,12.722119739374584,45.79963106174851,145.1948536451954
22.95,12.757851155808961,45.92826416091226,145.831852917575
23.0,12.794665886023425,46.06079718968433,146.4706658436208
23.05,12.832672847191613,46.19762224988981,147.11134931195116
23.1,12.870331519995139,46.3331934719825,147.75392442113082
23.15,12.907780346348241,46.46800924685367,148.3983772177894
23.2,12.946348440932665,46.60685438735759,149.04473043747143
23.25,12.986092428617832,46.749932743024196,149.69304145921018
23.299999999999997,13.026124252425275,46.89404730873099,150.34334687623627
23.35,13.065715106129135,47.036574382064885,150.99564286020012
23.4,13.105254155084475,47.17891495830411,151.64991709173046
23.450000000000003,13.145961390262368,47.32546100494453,152.30619748036412
23.5,13.18768379185747,47.475661650686895,152.96453860991713
23.549999999999997,13.2288434075942,47.62383626733912,153.6249517899034
23.6,13.269810042809517,47.77131615411427,154.2874181261635
23.65,13.311750870572107,47.92230313405958,154.95195714899802
23.7,13.354785818846356,48.07722894784688,155.6186205662335
23.75,13.398116656730185,48.23321996422867,156.2874431281229
23.8,13.441116922619303,48.388020921429494,156.95842396760665
23.85,13.483829746268956,48.54178708656824,157.63154763432885
23.9,13.527705441273895,48.69973958858602,158.30683601401742
23.95,13.573042819176898,48.86295414903683,158.9843547205287
24.0,13.61804220549319,49.024951939775484,159.66413184614544
24.05,13.66271472995087,49.18577302782314,160.34615076953153
24.099999999999998,13.708215719739956,49.349576591063844,161.03042403077382
24.150000000000002,13.755414812922307,49.519493326520305,161.71701479409037
24.2,13.802622989507817,49.68944276222815,162.40596573915113
24.25,13.849779848220317,49.85920745359314,163.09727581009435
24.3,13.898111783893981,50.033202422018334,163.7909731008972
24.349999999999998,13.947457755399798,50.210847919439274,164.48711233937954
24.400000000000002,13.996966511137344,50.38907944009444,165.18572294604297
24.45,14.045720950189862,50.5645954206835,165.88679013257615
24.5,14.09369967952672,50.73731884629619,166.59027564831908
24.55,14.142277456233673,50.91219884244122,167.2961750767131
24.599999999999998,14.19160216695864,51.0897678010511,168.0045220672929
24.65,14.239972617200364,51.26390142192131,168.71531143689688
24.7,14.28743514068624,51.43476650647047,169.42849663084405
24.75,14.335195193931696,51.60670269815411,170.1440623892095
24.8,14.383297290164666,51.7798702445928,170.8620247013119
24.85,14.430799484116722,51.9508781428202,171.58237712066892
24.9,14.476953203125998,52.117031531253595,172.30507093785
24.95,14.522026903182258,52.27929685145613,173.0300454405077
25.0,14.567160243665436,52.44177687719557,173.7572751191789
25.049999999999997,14.612795053962635,52.60606219426549,174.4867740016196
25.1,14.657130050242294,52.76566818087226,175.21852212922474
25.15,14.700016844356751,52.92006063968431,175.95245080158972
25.200000000000003,14.742781074207889,53.0740118671484,176.68852074955385
25.25,14.785780763872733,53.22881074994184,177.42673479550587
25.299999999999997,14.828075702051496,53.381072527385385,178.16708120715398
25.35,14.868699215146302,53.52731717452669,178.90950058008394
25.4,14.908013705178247,53.66884933864169,179.65391840309206
25.45,14.947250515951222,53.8101018574244,180.4003000086203
25.5,14.986809622758505,53.95251464193062,181.14865151208804
25.55,15.024975807131284,54.08991290567263,181.8989461478353
25.6,15.061856821551089,54.222684557583925,182.65111696355234
25.65,15.098677652309267,54.355239548313364,183.40513032539886
25.7,15.135928287538226,54.489341835137616,184.16099547389504
25.75,15.171690740937544,54.61808666737516,184.91868594960692
25.8,15.205843381328831,54.741036172783794,185.67812430266358
25.849999999999998,15.24009627468646,54.86434658887126,186.43927279406395
25.900000000000002,15.275047550842972,54.9901711830347,187.20215138970218
25.95,15.309802998880711,55.11529079597056,187.96677265344528
26.0,15.343404096491755,55.23625474737032,188.73310283082958
26.05,15.376099584487587,55.353958504155315,189.50109042285408
26.099999999999998,15.409447745441582,55.4740118835897,190.2707291061023
26.150000000000002,15.44403874504776,55.59853948217194,191.04206626836452
26.2,15.478020756394827,55.720874723021375,191.8151177559006
26.25,15.511141398887027,55.8401090359933,192.58984680978264
26.3,15.54493374489709,55.96176148162952,193.36624868837725
26.349999999999998,15.58002588743391,56.08809319476208,194.14437267918552
26.400000000000002,15.615423161372263,56.21552338094015,194.92425890540568
26.45,15.650316749316653,56.34114029753995,195.7059024031729
26.5,15.684825463707924,56.46537166934853,196.4892809584985
26.55,15.720589292320401,56.59412145235345,197.27441632739922
26.6,15.758019651171402,56.72887074421705,198.0613815509865
26.65,15.79520449650411,56.8627361874148,198.8502121546784
26.7,15.8323069271415,56.996304937709404,199.64089994026952
26.75,15.870423331081478,57.13352399189332,200.4334681967251
26.799999999999997,15.909952132961863,57.27582767866271,201.22797758332618
26.85,15.949260422946953,57.41733752260903,202.0244578972239
26.9,15.988077500347348,57.55707900125046,202.82289134530626
26.950000000000003,16.027368683905106,57.698527262058384,203.62327749991258
27.0,16.068237480805863,57.845654930901105,204.42566765403035
27.049999999999997,16.10965012211114,57.99474043960011,205.23011484410327
27.1,16.150462339521354,58.141664422276875,206.03661765564408
27.15,16.19045832276203,58.28564996194331,206.84514067220115
27.2,16.231157757048745,58.43216792537548,207.65568107419642
27.25,16.273154306281583,58.5833555026137,208.46828887577968
27.3,16.314504666877003,58.732216800757215,209.28298035010863
27.35,16.35583622822838,58.88101042162217,210.09973887248626
27.4,16.397656496123304,59.03156338604389,210.91857619059505
27.45,16.44098178204253,59.18753441535311,211.7395421475492
27.5,16.484674867591266,59.34482952332856,212.56268356379005
27.55,16.52795820190554,59.50064952685995,213.38799939052745
27.599999999999998,16.5704446489503,59.65360073622108,214.21545946179884
27.650000000000002,16.613352236258553,59.80806805053079,215.04505438392906
27.7,16.65762824961914,59.96746169862891,215.876828896076
27.75,16.70141484781637,60.125093452138934,216.7108049735119
27.8,16.74430663321852,60.27950387958668,217.54694801053776
27.849999999999998,16.78745304041791,60.43483094550447,218.38524200237867
27.900000000000002,16.831824666050263,60.59456879778095,219.2257239450404
27.95,16.875932698666183,60.75335771519826,220.0684178791583
28.0,16.91957368581552,60.91046526893588,220.91330553877035
28.05,16.961825474464735,61.06257170807305,221.76034051777737
28.099999999999998,17.003356113577425,61.21208200887873,222.60947005747843
28.150000000000002,17.046176132238344,61.36623407605804,223.46070836362384
28.2,17.088708022340736,61.51934888042665,224.3140804674883
28.25,17.13042640324109,61.66953505166792,225.16955882812786
28.3,17.172646661345055,61.8215279808422,226.02713565474252
28.35,17.21622476862789,61.9784091670604,226.88685744049184
28.4,17.259127585469642,62.132859307690715,227.74874124934428
28.45,17.30094026090527,62.28338493925898,228.61274294550364
28.5,17.342913724922383,62.43448940972058,229.47883929514933
28.55,17.386089181064385,62.58992105183179,230.347064367799
28.6,17.429259555986896,62.745334401552824,231.21744808622526
28.65,17.471989656453296,62.899162763231864,232.08997931653627
28.700000000000003,17.513696009910873,63.04930563567915,232.96462145819538
28.75,17.555608567799673,63.200190844078826,233.84135407263815
28.799999999999997,17.598712877734716,63.35536635984498,234.7202121087765
28.85,17.641203014558243,63.50833085240968,235.60121000608382
28.9,17.682508076297854,63.65702907467227,236.48430278335522
28.950000000000003,17.723957083768063,63.80624550156503,237.36946441235688
29.0,17.766957105612118,63.961045580203624,238.25673726709138
29.05,17.80992790700666,64.11574046522398,239.14615939240684
29.1,17.851907526857808,64.26686709668812,240.03770527825347
29.15,17.8925682186132,64.41324558700752,240.93131717189024
29.2,17.93379474778634,64.56166109203083,241.82697624605024
29.25,17.97602083950517,64.71367502221862,242.72472163573252
29.3,18.017576132271362,64.8632740761769,243.62456156002693
29.349999999999998,18.05809480004784,65.00914128017223,244.5264533333349
29.400000000000002,18.09850189564633,65.15460682432679,245.43036825072724
29.45,18.139719116999792,65.30298882119925,246.3363237760434
29.5,18.180034361623175,65.44812370184343,247.24431761300897
29.55,18.21868513117555,65.58726647223199,248.15428560032893
29.599999999999998,18.25706853349109,65.72544672056793,249.0661794419456
29.650000000000002,18.29661432796293,65.86781158066655,249.98002151348194
29.7,18.336504813527494,66.01141732869898,250.8958494920192
29.75,18.375814551895537,66.15293238682393,251.8136574761548
29.8,18.41352150587987,66.28867742116753,252.73339087759916
29.849999999999998,18.451574002806858,66.4256664101047,253.65501826531633
29.900000000000002,18.4901583327774,66.56456999799865,254.57856157370594
29.95,18.528470857320986,66.70249508635555,255.5040273034584
30.0,18.565138610116964,66.83449899642108,256.4313675401443
30.05,18.601531565589625,66.96551363612265,257.360534294537
30.099999999999998,18.638809605189913,67.09971457868369,258.2915428238065
30.15,18.675849852822925,67.23305947016253,259.2244093102568
30.2,18.712496146706304,67.36498612814269,260.15911796024506
30.25,18.74815464778916,67.49335673204098,261.09563423010746
30.3,18.78375284933393,67.62151025760215,262.03393191753554
30.35,18.820006105644833,67.7520219803214,262.97402589141
30.4,18.855824619592745,67.88096863053389,263.91592165954097
30.45,18.889954161747383,68.00383498229058,264.8595661290745
30.5,18.924558396000766,68.12841022560276,265.8049289430182
30.549999999999997,18.959527121501207,68.25429763740435,266.75203108095576
30.6,18.995188335502363,68.38267800780851,267.70089896738085
30.65,19.0315393456376,68.51354164429536,268.65156715940935
30.700000000000003,19.06708586253726,68.64150910513415,269.6040327896137
30.75,19.10227549813993,68.76819179330376,270.5582668236306
30.799999999999997,19.137633511576723,68.8954806416762,271.51426454887354
30.85,19.17246007404649,69.02085626656736,272.47201688851413
30.9,19.205598399821913,69.14015423935889,273.43146835036083
30.95,19.23827080250484,69.25777488901743,274.392565080419
31.0,19.270886067012338,69.37518984124442,275.35529400215694
31.05,19.302780840802964,69.49001102689067,276.3196356748523
31.1,19.332766987370572,69.59796115453406,277.28552437055663
31.15,19.362199250987754,69.70391730355591,278.2528985265156
31.2,19.391435357416437,69.80916728669918,279.2217393917257
31.25,19.419715810463586,69.91097691766892,280.19201817092267
31.3,19.44719055145879,70.00988598525164,281.16369082997073
31.349999999999998,19.47238831575914,70.10059793673291,282.13668030165115
31.400000000000002,19.496271737951012,70.18657825662365,283.1108968029939
31.45,19.51986042171864,70.2714975181871,284.0863001069857
31.499999999999996,19.542644215549906,70.35351917597967,285.0628627229174
31.55,19.56329418117711,70.4278590522376,286.04051118283553
31.599999999999998,19.58315685677842,70.49936468440231,287.0191724587844
31.650000000000002,19.603240220008857,70.57166479203188,287.9988323857041
31.7,19.623096198096164,70.64314631314619,288.9794907961567
31.75,19.64159812959895,70.70975326655622,289.96110815434906
31.8,19.65858301339973,70.77089884823903,290.943612682924
31.849999999999998,19.67538193097069,70.83137495149448,291.9269618065333
31.9,19.692034550008646,70.89132438003112,292.9111472185578
31.95,19.708196366232187,70.94950691843587,293.8961529914638
32.0,19.722742182859022,71.00187185829249,294.8819264551911
32.05,19.737238619494917,71.0540590301817,295.8684259752499
32.1,19.752184905918472,71.1078656613065,296.85566156338524
32.15,19.766891769310245,71.16081036951688,297.84363848026595
32.199999999999996,19.7802326617732,71.20883758238352,298.832316591043
32.25,19.79304384122179,71.25495782839845,299.8216485036179
32.3,19.80605954151614,71.30181434945811,300.81162608818636
32.35,19.820057342914446,71.352206434492,301.8022790102971
32.400000000000006,19.834594603242437,71.40454057167277,302.79364530895106
32.45,19.848221037473643,71.45359573490512,303.78571569996893
32.5,19.86272928330615,71.50582541990215,304.7784894579884
32.55,19.877958114937393,71.56064921377461,305.7720066429445
32.599999999999994,19.892991603187603,71.61476977147538,306.76628038589763
32.650000000000006,19.90771708090692,71.66778149126492,307.761298103
32.7,19.92306787706181,71.72304435742252,308.75706772694923
32.75,19.93890668348115,71.78006406053214,309.7536170909628
32.8,19.95460665483221,71.83658395739596,310.7509549244206
32.85,19.970316312192644,71.89313872389351,311.74907799859625
32.9,19.985683453294,71.94846043185841,312.7479779927334
32.95,20.001388147740688,72.00499733186648,313.7476547827593
33.0,20.01758972382776,72.06332300577995,314.7481292295485
33.05,20.033120189043157,72.11923268055537,315.7493969773703
33.1,20.048001360860614,72.17280489909821,316.7514250161179
33.15,20.06246237631995,72.22486455475182,317.7541866095474
33.2,20.076702860158274,72.27613029656979,318.75766574045934
33.25,20.090343490058274,72.32523656420979,319.76184189921474
33.3,20.103405867725396,72.37226112381143,320.76668563315934
33.35,20.115431129834807,72.4155520674053,321.77215655809835
33.4,20.12684374981104,72.45663749931975,322.77821343008947
33.45,20.13765359561624,72.49555294421846,323.78482586372513
33.5,20.14782093420608,72.5321553631419,324.79196272697067
33.550000000000004,20.1566918893534,72.56409080167224,325.79957554755964
33.6,20.16505044168135,72.59418159005286,326.8076191058355
33.65,20.172693856882358,72.6216978847765,327.8160627132996
33.699999999999996,20.179364888909454,72.64571360007403,328.82486418194435
33.75,20.18462823292509,72.66466163853032,329.8339640099902
33.800000000000004,20.189079499165302,72.6806861969951,330.84330670329246
33.85,20.19234200389522,72.69243121402279,331.852842240869
33.9,20.195427351873317,72.70353846674394,332.8625364747632
33.949999999999996,20.19833428249967,72.7140034169988,333.8723805156225
34.0,20.200211057832814,72.72075980819812,334.88234414913086
34.050000000000004,20.20168006971089,72.72604825095921,335.89239142731947
34.1,20.20263486944483,72.72948553000138,336.90249930079835
34.15,20.203070144790974,72.7310525212475,337.91264192615427
34.199999999999996,20.20268701774156,72.72967326386961,338.92278585521757
34.24999999999999,20.201639913243753,72.72590368767752,339.9328940284922
34.300000000000004,20.200304726295077,72.72109701466228,340.9429426444807
34.35,20.19850473172888,72.71461703422398,341.9529128809313
34.4,20.19640544603223,72.70705960571603,342.9627856353753
34.449999999999996,20.19335820562129,72.69608954023664,343.97252972666666
34.5,20.18960051012426,72.68256183644735,344.9821036945603
34.550000000000004,20.185528529227774,72.66790270521999,345.9914819205441
34.6,20.18151637712427,72.65345895764737,347.0006580432029
34.65,20.17705444286415,72.63739599431095,348.0096223137026
34.699999999999996,20.172498396653143,72.62099422795131,349.01836113469056
34.75,20.16784091568159,72.60422729645373,350.02686961749896
34.800000000000004,20.1630817291338,72.58709422488168,351.03514268361937
34.85,20.158014720615526,72.5688529942159,352.0431700948631
34.9,20.152953575349283,72.55063287125742,353.0509443022622
34.949999999999996,20.147507326380303,72.53102637496909,354.05845582480543
35.0,20.14214439880962,72.51171983571463,355.0656971179352
35.05,20.135711543158436,72.48856155537037,356.0726435164844
35.1,20.129373766990202,72.46574556116472,357.0792706492381
35.15,20.12375333995049,72.44551202382176,358.0855988269116
35.2,20.117848865438802,72.42425591557969,359.09163888204637
35.25,20.111738113471862,72.40225720849871,360.0973785565191
35.3,20.105545440438487,72.37996358557855,361.1028106453669
35.35,20.098957107623512,72.35624558744465,362.1079232090685
35.4,20.092678246451786,72.33364168722643,363.1127140929204
35.45,20.086838776305655,72.31261959470037,364.1172020184893
35.5,20.081257186101762,72.29252586996634,365.1214044175495
35.55,20.07593408437376,72.27336270374553,366.1253341993114
35.599999999999994,20.07094541854974,72.25540350677907,367.1290061868845
35.65,20.066152582447813,72.23814929681213,368.13243363690947
35.7,20.06127583750006,72.22059301500022,369.1356193474082
35.75,20.05654533356006,72.20356320081622,370.1385648766847
35.8,20.052057257277603,72.18740612619938,371.14127994145565
35.849999999999994,20.04810076085955,72.17316273909438,372.1437838919091
35.900000000000006,20.044447267359974,72.16001016249591,373.1460975926146
35.95,20.040955699780316,72.14744051920914,374.1482326667931
36.0,20.03786341262384,72.13630828544582,375.1502031446032
36.05,20.034927184637095,72.12573786469355,376.1520229095347
36.099999999999994,20.03243732834636,72.1167743820469,377.1537070223593
36.150000000000006,20.03013938622204,72.10850179039934,378.1552714402235
36.2,20.028265385122122,72.10175538643963,379.1567315595071
36.25,20.02662757723434,72.09585927804362,380.158103883566
36.3,20.025414040169483,72.09149054461014,381.15940492400114
36.349999999999994,20.024672070717124,72.08881945458165,382.1606570767733
36.4,20.024423316836128,72.08792394061007,383.16188446146214
36.45,20.024168843613406,72.08700783700826,384.16309926547336
36.5,20.024240692658502,72.08726649357061,385.16430950388013
36.55,20.024450769161366,72.08802276898092,386.16552679042564
36.6,20.02453620966573,72.08833035479662,387.1667514648963
36.65,20.02489943283071,72.08963795819056,388.16798735595876
36.7,20.025804835617354,72.09289740822247,389.16925496267
36.75,20.026671951944955,72.09601902700184,390.170566882359
36.8,20.027440197515695,72.09878471105651,391.1719196860955
36.85,20.028219924136433,72.10159172689116,392.1733111891368
36.9,20.028796042833346,72.10366575420005,393.1747365883111
36.95,20.029298647702305,72.1054751317283,394.17618895557445
37.0,20.029948559010894,72.10781481243922,395.1776701357423
37.05,20.030851694797157,72.11106610126977,396.17919014208746
37.1,20.03200978242209,72.11523521671953,397.18076167901796
37.15,20.033083036084307,72.1190989299035,398.1823889994806
37.199999999999996,20.03397738974622,72.1223186030864,399.1840655101264
37.25,20.034889990672074,72.12560396641946,400.1857871946369
37.300000000000004,20.036014657677843,72.12965276764024,401.18755981084564
37.35,20.03720074270898,72.13392267375232,402.1893901958553
37.4,20.038474405278592,72.13850785900293,403.191282074555
37.449999999999996,20.039295194729362,72.1414627010257,404.19322631455515
37.5,20.04018603871903,72.1446697393885,405.1952133453914
37.550000000000004,20.041294291301043,72.14865944868376,406.1972503536419
37.6,20.04296890966834,72.15468807480602,407.19935693366614
37.65,20.044418551762618,72.15990678634543,408.2015416202019
37.699999999999996,20.045543579904567,72.16395688765644,409.2037906734936
37.75,20.046342654785725,72.16683355722861,410.20608782936085
37.800000000000004,20.047190974249983,72.16988750729993,411.20842617008674
37.85,20.04814942640042,72.17333793504152,412.210809680103
37.9,20.049840256832784,72.17942492459802,413.21325942218385
37.949999999999996,20.05183070022609,72.18659052081394,414.2158011961103
38.0,20.05320030277681,72.19152108999651,415.21842697118535
38.050000000000004,20.054085694693708,72.19470850089735,416.22110912112214
38.1,20.054973367700793,72.19790412372285,417.223835597682
38.15,20.05567829866179,72.20044187518245,418.22660188934105
38.199999999999996,20.056185213260754,72.20226676773872,419.2293984771391
38.25,20.056903663482935,72.20485318853856,420.2322256990577
38.300000000000004,20.05788374104855,72.20838146777479,421.235095384171
38.35,20.058592704802088,72.21093373728752,422.2380072953173
38.4,20.05911587426997,72.2128171473719,423.24095000979406
38.449999999999996,20.059598617183795,72.21455502186167,424.24391787208043
38.5,20.060157914213114,72.21656849116721,425.24691178536534
38.55,20.060848900255184,72.21905604091866,426.24993695572704
38.6,20.06191690770148,72.22290086772533,427.253006100926
38.65,20.063096265047,72.22714655416921,428.2561314302447
38.7,20.064182968298756,72.23105868587552,429.2593134110783
38.75,20.06527733261256,72.23499839740522,430.2625499186011
38.8,20.06643466555861,72.239164796011,431.2658427185554
38.85,20.067725565153435,72.24381203455236,432.2691967243232
38.9,20.06900336060177,72.24841209816637,433.27261494746705
38.95,20.070229075773103,72.25282467278318,434.2760957583764
39.0,20.07152301332335,72.25748284796407,435.2796395606038
39.05,20.072882689852225,72.26237768346802,436.2832497031832
39.1,20.074420046447568,72.26791216721125,437.2869322715907
39.15,20.076235583667533,72.27444810120312,438.2906986623436
39.2,20.078097030851975,72.28114931106711,439.2945569777066
39.25,20.079747313120734,72.28709032723465,440.2985030863059
39.3,20.08125180107701,72.29250648387723,441.30252806416087
39.349999999999994,20.08275371745027,72.29791338282098,442.30662820212405
39.400000000000006,20.08446305401022,72.3040669944368,443.31080862141056
39.45,20.086380143373347,72.31096851614406,444.31507970134516
39.5,20.088292316416233,72.31785233909844,445.3194465128399
39.55,20.09007793034856,72.32428054925482,446.323905769009
39.599999999999994,20.09188710918145,72.33079359305322,447.32845489499726
39.650000000000006,20.093971877767498,72.338298759963,448.333101369671
39.7,20.096346856947395,72.34684868501063,449.33785933803887
39.75,20.098770158654364,72.35557257115572,450.3427372634289
39.8,20.10087982984612,72.36316738744604,451.3477285131414
39.849999999999994,20.10259343226337,72.36933635614812,452.35281534469414
39.900000000000006,20.104413122136354,72.37588723969087,453.3579905085541
39.95,20.10632896416341,72.38278427098828,454.3632590607116
40.0,20.108267085129476,72.38976150646612,455.3686239619439
40.05,20.110235613246395,72.39684820768703,456.3740865294033
40.1,20.111814946468236,72.40253380728565,457.37963779339617
40.15,20.113006093867675,72.40682193792364,458.38525831940456
40.2,20.114102918552238,72.41077050678805,459.39093604471503
40.25,20.115058667161385,72.41421120178099,460.3966650843579
40.3,20.11612210290454,72.41803957045634,461.4024446036095
40.35,20.117095538052144,72.42154393698772,462.40827504463346
40.4,20.117789758043628,72.42404312895707,463.41414717703583
40.45,20.11815908491038,72.42537270567738,464.42004589810966
40.5,20.118358340397524,72.4260900254311,465.42595883374236
40.55,20.118688175106964,72.42727743038508,466.43188499662995
40.6,20.118925087093288,72.42813031353585,467.43782532818494
40.65,20.118775664899992,72.42759239363997,468.44376784698477
40.699999999999996,20.11892572779055,72.42813262004599,469.44971038180205
40.75,20.119337896980607,72.42961642913019,470.45566697242134
40.800000000000004,20.11981175326264,72.4313223117455,471.4616457136774
40.85,20.120201065783252,72.4327238368197,472.4676460341535
40.9,20.120665130236652,72.43439446885195,473.473667689054
40.949999999999996,20.12131665905439,72.4367399725958,474.4797172337863
41.0,20.122041465282948,72.43934927501861,475.4858011868947
41.050000000000004,20.122803044774507,72.44209096118823,476.49192229964615
41.1,20.123405415394206,72.44425949541915,477.49807751115037
41.15,20.123782517158883,72.44561706177198,478.5042572094642
41.199999999999996,20.124119008667655,72.44682843120356,479.51045474760986
41.25,20.124305257665203,72.44749892759474,480.5166653542682
41.300000000000004,20.124391917909055,72.4478109044726,481.52288278365756
41.35,20.124770256904007,72.44917292485442,482.5291118380279
41.4,20.125079987119403,72.45028795362985,483.5353580941285
41.449999999999996,20.125278849161,72.4510038569796,484.54161706503555
41.5,20.125482094296746,72.45173553946829,485.547886088622
41.550000000000004,20.125948035608797,72.45341292819167,486.5541718418697
41.6,20.126555434489774,72.4555995641632,487.56048442862215
41.65,20.12706884677049,72.45744784837377,488.56682503565366
41.699999999999996,20.12754200123468,72.45915120444485,489.5731903068538
41.75,20.127968228062073,72.46068562102347,490.5795780625862
41.800000000000004,20.128191715383227,72.46149017537962,491.58598206117233
41.85,20.128293156362716,72.46185536290578,492.59239418296596
41.9,20.12831062504369,72.46191825015728,493.5988092775011
41.949999999999996,20.128172363576063,72.46142050887383,494.60522135221663
42.0,20.128136228483868,72.46129042254192,495.61162906701816
42.050000000000004,20.128447112168104,72.46240960380517,496.61804365053445
42.1,20.128913752334284,72.46408950840343,497.624477672147
42.15,20.129520445607746,72.46627360418789,498.63093852709557
42.2,20.130040510606616,72.46814583818382,499.63742755100094
42.25,20.130173607579167,72.468624987285,500.6439329039556
42.3,20.130213220811605,72.46876759492179,501.65044257466536
42.35,20.130290709178073,72.46904655304107,502.6569551729151
42.4,20.130356510103237,72.46928343637165,503.66347135339714
42.45,20.130221621442445,72.46879783719281,504.66998580668576
42.5,20.129942178857508,72.46779184388703,505.67648990169323
42.55,20.129675089335514,72.46683032160786,506.68298033339806
42.6,20.129416861083673,72.46590069990123,507.68945763215856
42.65,20.129211004379027,72.46515961576449,508.6959233287951
42.7,20.129231915829983,72.46523489698794,509.7023844018003
42.75,20.12927419519286,72.4653871026943,510.70884705457587
42.8,20.12942094255891,72.46591539321207,511.71531443301967
42.849999999999994,20.12970835948532,72.46695009414715,512.7217926655708
42.9,20.130525984123874,72.46989354284595,513.728298524161
42.95,20.1310740983211,72.47186675395596,514.7348385262221
43.0,20.131468536516966,72.47328673146107,515.741402092093
43.05,20.131644900012994,72.47392164004678,516.7479799280063
43.099999999999994,20.131609714233285,72.47379497123983,517.7545612933625
43.150000000000006,20.13159182261536,72.4737305614153,518.7611413317837
43.2,20.131536168678977,72.47353020724432,519.7677195315661
43.25,20.131172324348118,72.47222036765322,520.7742872438918
43.3,20.1305704853026,72.47005374708935,521.7808308141331
43.349999999999994,20.12969564859003,72.46690433492411,522.7873374674804
43.400000000000006,20.128683074696188,72.46325906890628,523.7937969355626
43.45,20.127462247665488,72.45886409159576,524.8002005686216
43.5,20.125880048286625,72.45316817383186,525.8065341260203
43.55,20.124137984714398,72.44689674497184,526.8127845768454
43.599999999999994,20.122173469275623,72.43982448939225,527.8189423631951
43.65,20.120100489091588,72.43236176072972,528.8249992121542
43.7,20.117855998716333,72.4242815953788,529.8309481243494
43.75,20.11587478511436,72.4171492264117,530.8367913939452
43.8,20.114198788958873,72.41111564025195,531.842543233297
43.85,20.112534744161238,72.40512507898046,532.8482115716249
43.9,20.11062341393137,72.39824429015295,533.8537905255772
43.95,20.10859061674217,72.39092622027181,534.859270876344
44.0,20.106597458001296,72.38375084880467,535.8646505782126
44.05,20.104934672005907,72.37776481922127,536.8699388814628
44.1,20.103170064120555,72.371412230834,537.8751414998659
44.15,20.101387004426215,72.36499321593438,538.8802554265795
44.2,20.09958415934753,72.35850297365111,539.8852797056738
44.25,20.097790987548812,72.35204755517573,540.8902140843462
44.3,20.096002664002008,72.34560959040724,541.895058925635
44.35,20.094236946617702,72.33925300782373,542.8998149159005
44.4,20.09269851516489,72.3337146545936,543.9044883024451
44.449999999999996,20.0913795965919,72.32896654773084,544.909090255239
44.5,20.09007174089334,72.32425826721602,545.9136265386761
44.550000000000004,20.088766339881037,72.31955882357174,546.9180974906955
44.6,20.08714316177368,72.31371538238525,547.9224952282368
44.65,20.085760215792785,72.30873677685403,548.926817812676
44.699999999999996,20.084983232456285,72.30593963684262,549.9310863988821
44.75,20.084155723045004,72.30296060296202,550.9353148727697
44.800000000000004,20.083468548877118,72.30048677595762,551.9395054795677
44.85,20.082834935144117,72.29820576651882,552.9436630666683
44.9,20.082269353043277,72.29616967095579,553.947790673873
44.949999999999996,20.081813597442675,72.29452895079363,554.9518927476352
44.99999999999999,20.08148030708809,72.29332910551712,555.9559750952484
45.050000000000004,20.081051131848383,72.29178407465419,556.9600383812218
45.1,20.080870189993,72.29113268397481,557.9640864142679
45.15,20.080696742940006,72.29050827458403,558.9681255875912
45.199999999999996,20.080735260083102,72.29064693629917,559.9721613876668
45.25,20.081008237587163,72.29162965531378,560.9762049751085
45.300000000000004,20.08133966609601,72.29282279794563,561.9802636727006
45.35,20.081607334028636,72.29378640250309,562.9843373477038
45.4,20.081826493788896,72.29457537764003,563.9884231933992
45.449999999999996,20.081317486125702,72.29274295005253,564.9925017928971
45.5,20.08077252469148,72.29078108888933,565.9965540431675
45.550000000000004,20.080123758154922,72.28844552935772,567.0005764502387
45.6,20.079463983062546,72.28607033902517,568.0045661437691
45.65,20.078739362819366,72.28346170614972,569.0085212274162
45.699999999999996,20.077840947845203,72.28022741224274,570.0124357351827
45.75,20.076855578587622,72.27668008291545,571.0163031483436
45.8,20.075923800373797,72.27332568134567,572.0201226328176
45.85,20.074946100534977,72.26980596192591,573.0238943803403
45.9,20.073753135454034,72.26551128763452,574.02761186124
45.95,20.072650343495845,72.26154123658505,575.0312719482137
46.0,20.07159314190658,72.25773531086368,576.0348780353487
46.05,20.07062351144251,72.25424464119304,577.0384334516824
46.1,20.06971028954512,72.25095704236244,578.0419417967071
46.15,20.068496708656124,72.24658815116204,579.0453969716621
46.2,20.06800328499298,72.24481182597472,580.0488094715033
46.25,20.068070128854924,72.24505246387773,581.0522113068495
46.3,20.068006825371274,72.2448245713366,582.0556132307051
46.35,20.067873534250985,72.24434472330356,583.0590102396957
46.4,20.06750438656763,72.24301579164347,584.0623946877162
46.45,20.067257092973037,72.24212553470294,585.0657637247047
46.5,20.06723207594843,72.24203547341435,586.0691259539277
46.55,20.067571521505428,72.24325747741955,587.072496043864
46.599999999999994,20.067724968328903,72.24380988598405,588.0758784561099
46.650000000000006,20.067566698129298,72.24324011326547,589.0792607477713
46.7,20.06761969910191,72.24343091676688,590.0826404077021
46.75,20.067819158065213,72.24414896903477,591.0860263791313
46.8,20.06802829482693,72.24490186137696,592.0894225654537
46.849999999999994,20.06793304242812,72.24455895274123,593.092821598885
46.900000000000006,20.068845100070682,72.24784236025445,594.0962410524476
46.95,20.06971224268305,72.25096407365898,595.0997049860164
47.0,20.070984790895164,72.25554524722259,596.1032224118559
47.05,20.07237643829986,72.2605551778795,597.1068064425857
47.099999999999994,20.073741723735566,72.26547020544804,598.1104593966365
47.15,20.075427522991525,72.2715390827695,599.1141886278048
47.2,20.077044932588613,72.27736175731901,600.1180004391942
47.25,20.078090900379582,72.28112724136649,601.1218788350185
47.3,20.07898400855168,72.28434243078604,602.1258057077417
47.35,20.07966341102829,72.28678827970184,603.1297718932312
47.4,20.080303879449453,72.28909396601803,604.1337710754932
47.45,20.080681336617218,72.290452811822,605.1377957058949
47.5,20.080762895672926,72.29074642442254,606.1418318117021
47.55,20.081456408890848,72.29324307200706,607.1458872943163
47.6,20.082389777940367,72.29660320058532,608.1499834489871
47.65,20.083526031718247,72.30069371418568,609.1541313442285
47.7,20.08455932427569,72.30441356739249,610.1583334781284
47.75,20.08545676987155,72.30764437153758,611.1625838804821
47.8,20.08579389002837,72.30885800410213,612.1668651469796
47.85,20.086047235386815,72.30977004739253,613.171161175115
47.9,20.086578824239538,72.31168376726234,614.1754768266056
47.949999999999996,20.086773577986698,72.31238488075212,615.1798106366613
48.0,20.086654164008532,72.31195499043072,616.1841463302112
48.050000000000004,20.08648618564456,72.31135026832042,617.1884748389525
48.1,20.08626825538948,72.31056571940213,618.1927936999783
48.15,20.08594010368248,72.30938437325692,619.1970989089551
48.199999999999996,20.08599587072594,72.30958513461339,620.2013973083153
48.25,20.086030056664224,72.3097082039912,621.2056979565001
48.300000000000004,20.086011090091656,72.30963992432996,622.209998985169
48.35,20.085451838198285,72.30762661751383,623.2142855583762
48.4,20.08483759604675,72.3054153457683,624.2185427942323
48.449999999999996,20.084548990281235,72.30437636501244,625.2227774588905
48.5,20.084150585126213,72.30294210645437,626.2269949482757
48.550000000000004,20.083908310172962,72.30206991662267,627.2311964206582
48.6,20.083735055275703,72.30144619899254,628.2353875047944
48.65,20.0835209785326,72.30067552271737,629.2395689056397
48.699999999999996,20.083844385960695,72.30183978945851,630.2437530397519
48.75,20.083406544084433,72.30026355870396,631.247934313003
48.800000000000004,20.082887412802087,72.29839468608752,632.2520916619252
48.85,20.08229562872438,72.29626426340778,633.2562212379634
48.9,20.08161533407186,72.29381520265869,634.2603190120333
48.949999999999996,20.08116379190476,72.29218965085714,635.2643884901827
49.0,20.08065694896944,72.29036501629,636.2684340087045
49.050000000000004,20.08008891281396,72.28832008613026,637.2724526552491
49.1,20.078978535781477,72.28432272881332,638.276429341464
49.15,20.078013535614684,72.28084872821286,639.2803541432489
49.199999999999996,20.077726717553396,72.27981618319222,640.2842476495781
49.25,20.07747338924847,72.2789042012945,641.2881276522481
49.3,20.077178107492337,72.27784118697241,642.2919939396667
49.35,20.076809884197097,72.27651558310956,643.2958436394589
49.4,20.077171381944492,72.27781697500018,644.2996931711124
49.45,20.076968187872126,72.27708547633965,645.3035466603578
49.5,20.076966928341097,72.27708094202795,646.3073950382632
49.55,20.076784569051735,72.27642444858625,647.311238825698
49.6,20.07664017366215,72.27590462518374,648.3150744442657
49.65,20.076707338237114,72.2761464176536,649.3189081320633
49.7,20.07656634023863,72.27563882485907,650.3227399740251
49.75,20.076394182548185,72.27501905717347,651.3265639870948
49.8,20.07615326245076,72.27415174482273,652.3303776732198
49.85,20.075995534271215,72.27358392337638,653.3341813931379
49.9,20.076100807044952,72.27396290536183,654.3379838016708
49.95,20.076381923012384,72.27497492284459,655.3417958699223
50.0,20.076842979050344,72.27663472458124,656.3456264924739
50.05,20.07772049962707,72.27979379865745,657.3494905794408
50.099999999999994,20.0779537464189,72.28063348710803,658.353382435592
50.150000000000006,20.07804119554585,72.28094830396506,659.3572823091412
50.2,20.077898158218737,72.28043336958746,660.3611807929852
50.25,20.077797465942115,72.28007087739162,661.3650731835893
50.3,20.077648712334163,72.27953536440299,662.3689593380462
50.349999999999994,20.077914891071995,72.28049360785919,663.3728484281314
50.400000000000006,20.07833369306014,72.28200129501651,664.3767546427347
50.45,20.07829189814349,72.28185083331657,665.3806702825148
50.5,20.078472226315167,72.28250001473461,666.3845893856262
50.55,20.07887031751056,72.28393314303801,667.3885229492219
50.599999999999994,20.079386581664167,72.285791693991,668.3924793717013
50.650000000000006,20.080305066442307,72.28909823919231,669.3964716629039
50.7,20.081388800973006,72.29299968350283,670.4005140095893
50.75,20.08218256842049,72.29585724631376,671.4046032938242
50.8,20.082729286512787,72.29782543144604,672.4087260901974
50.85,20.083400932796906,72.30024335806887,673.4128793456802
50.9,20.084470813749462,72.30409492949806,674.4170761393439
50.95,20.085613612482806,72.3082090049381,675.4213282499996
51.0,20.086769909342628,72.31237167363346,676.4256378380453
51.05,20.087899671317597,72.31643881674336,677.4300045775618
51.1,20.08877198143734,72.31957913317443,678.4344213688806
51.15,20.089504220764677,72.32221519475284,679.4388782739356
51.2,20.090056247116607,72.3242024896198,680.4433672856327
51.25,20.09052861473829,72.32590301305784,681.4478819071791
51.3,20.09100698340054,72.32762514024195,682.4524202971326
51.35,20.091249517800467,72.32849826408169,683.4569767096626
51.4,20.091618938097184,72.32982817714986,684.4615484210601
51.449999999999996,20.092003783567876,72.33121362084435,685.4661389891018
51.5,20.092360100786973,72.3324963628331,686.4707480862106
51.55,20.09282782134937,72.33418015685774,687.4753777842641
51.6,20.093258866985856,72.33573192114909,688.4800299514725
51.65,20.093922541649285,72.33812114993742,689.4847094866884
51.699999999999996,20.09458157994224,72.34049368779206,690.4894220897282
51.75,20.09505640438794,72.34220305579659,691.4941630393365
51.800000000000004,20.09545185991601,72.34362669569764,692.4989257459441
51.85,20.095991382395557,72.34556897662401,693.5037118270019
51.9,20.096649796850432,72.34793926866156,694.508527856483
51.949999999999996,20.097202774021003,72.34992998647562,695.5133741707548
52.0,20.097886792753677,72.35239245391324,696.5182514099241
52.050000000000004,20.098577920082437,72.35488051229677,697.523163027745
52.1,20.099056305846787,72.35660270104843,698.5281038833932
52.15,20.09948113423714,72.35813208325371,699.5330673193953
52.199999999999996,20.099620681860664,72.35863445469839,700.5380448647977
52.24999999999999,20.099803107274916,72.3592911861897,701.5430304595261
52.300000000000004,20.10035643328952,72.36128315984227,702.5480344480402
52.35,20.101055305684692,72.36379910046489,703.5530697415146
52.4,20.10160466031885,72.36577677714786,704.5581362406647
52.449999999999996,20.10185325998941,72.36667173596189,705.5632226886723
52.5,20.10179912269864,72.36647684171511,706.5683139982395
52.550000000000004,20.101701053991547,72.36612379436957,707.5734015026568
52.6,20.101572024550187,72.36565928838067,708.5784833296203
52.65,20.101550159268292,72.36558057336586,709.5835613842158
52.699999999999996,20.101724888055898,72.36620959700123,710.588643260399
52.75,20.10195045687793,72.36702164476056,711.5937351440223
52.800000000000004,20.102318924995608,72.36834812998418,712.5988418785691
52.85,20.10283469236227,72.37020489250416,713.6039707190031
52.9,20.103224712045133,72.37160896336248,714.6091222041133
52.949999999999996,20.103290895678445,72.3718472244424,715.6142850943064
53.0,20.10351921201166,72.37266916324197,716.6194553469986
53.05,20.103909976510558,72.37407591543801,717.6246410767117
53.1,20.104570028783325,72.37645210361997,718.629853076844
53.15,20.10520523855068,72.37873885878246,719.6350974585274
53.2,20.10559476703394,72.38014116132219,720.640367458667
53.25,20.10577839795213,72.38080223262767,721.6456517877916
53.3,20.105619144381578,72.38022891977369,722.65093672635
53.35,20.105458615586887,72.37965101611279,723.6562136703492
53.4,20.105033615203787,72.37812101473364,724.6614759761189
53.45,20.104511966608456,72.37624307979044,725.6667146156642
53.5,20.10370293825464,72.3733305777167,726.6719199882858
53.55,20.102586988754467,72.36931315951608,727.6770772364611
53.599999999999994,20.101307727189468,72.36470781788209,728.6821746043596
53.65,20.099727337232558,72.35901841403721,729.6872004809702
53.7,20.09782321728828,72.35216358223781,730.6921392448332
53.75,20.095716454280023,72.34457923540809,731.6969777366224
53.8,20.09343576783775,72.3363687642159,732.7017065421754
53.849999999999994,20.091369100613317,72.32892876220794,733.7063266638867
53.900000000000006,20.089407355423756,72.32186647952553,734.7108460752876
53.95,20.087230310447783,72.31402911761202,735.7152620169344
54.0,20.084946528913505,72.30580750408862,736.7195664379184
54.05,20.082668850157873,72.29760786056835,737.7237568223952
54.099999999999994,20.080113897966463,72.28841003267927,738.7278263910983
54.150000000000006,20.077451541068676,72.27882554784723,739.7317655270742
54.2,20.074835116679054,72.2694064200446,740.735572693518
54.25,20.0722095983918,72.25995455421048,741.7392488113948
54.3,20.069568372648693,72.25044614153529,742.7427932606707
54.349999999999994,20.066966476252823,72.24107931451016,743.7462066318933
54.4,20.064333954508545,72.23160223623076,744.7494891426624
54.45,20.061802106967072,72.22248758508147,745.7526425441993
54.5,20.059479259127567,72.21412533285924,746.7556745783517
54.55,20.056934509312434,72.20496423352476,747.7585849225627
54.6,20.05440373599682,72.19585344958855,748.7613683786955
54.65,20.052153312260632,72.18775192413828,749.7640323049019
54.7,20.050074220989828,72.18026719556339,750.7665879932332
54.75,20.048224757424013,72.17360912672645,751.7690454676936
54.8,20.046478812305963,72.16732372430147,752.7714130569368
54.85,20.044531977623965,72.16031511944628,753.773688326685
54.9,20.042667692656433,72.15360369356316,754.775868318442
54.95,20.041150438563136,72.14814157882729,755.7779637717225
55.0,20.04002457057188,72.14408845405877,756.7799931469509
55.05,20.039159482058142,72.14097413540931,757.7819727482666
55.1,20.038659703360334,72.1391749320972,758.7839182279021
55.15,20.038442752152083,72.1383939077475,759.7858457892899
55.199999999999996,20.03838065339499,72.13817035222198,760.7877663744285
55.25,20.038602735379968,72.13896984736789,761.789690959148
55.300000000000004,20.0391452805105,72.1409230098378,762.7916346595453
55.35,20.03978875380035,72.14323951368127,763.793608010403
55.4,20.04046311431457,72.14566721153246,764.7956143071059
55.449999999999996,20.041138281008337,72.14809781163001,765.797654341989
55.5,20.04198039527567,72.15112942299241,766.7997323088961
55.550000000000004,20.042972290297442,72.1547002450708,767.8018561260354
55.6,20.044057450132964,72.15860682047867,768.8040318695462
55.65,20.04515509275477,72.16255833391718,769.8062621831184
55.699999999999996,20.046450099769498,72.16722035917019,770.8085523129315
55.74999999999999,20.047775023172722,72.1719900834218,771.8109079410051
55.800000000000004,20.04899118118349,72.17636825226056,772.813327096114
55.85,20.0500290051181,72.18010441842516,773.8158026007716
55.9,20.050948441783753,72.18341439042152,774.8183270369441
55.949999999999996,20.051916972854666,72.1869011022768,775.82089867231
56.0,20.05279128226858,72.19004861616689,776.823516378688
56.050000000000004,20.05359374492091,72.19293748171528,777.8261760043678
56.1,20.054258294803905,72.19532986129406,778.8288723053608
56.15,20.054783759306016,72.19722153350166,779.8315983567136
56.199999999999996,20.055174703619922,72.19862893303173,780.8343473182867
56.25,20.055567957932407,72.20004464855667,781.8371158848256
56.300000000000004,20.05601144768109,72.20164121165193,782.8399053699659
56.35,20.056516285929252,72.2034586293453,783.8427185633061
56.4,20.05712157527551,72.20563767099183,784.8455595098362
56.449999999999996,20.05766898114444,72.20760833211999,785.8484292737468
56.5,20.058203209454163,72.209531554035,786.8513260785118
56.55,20.058560730768214,72.21081863076557,787.8542451770173
56.6,20.05884515545817,72.21184255964941,788.857180324173
56.65,20.059273796937347,72.21338566897445,789.8601332979829
56.7,20.05968019377889,72.214848697604,790.8631071477508
56.75,20.05997029476379,72.21589306114964,791.8660984099644
56.8,20.060279849585452,72.21700745850762,792.8691046635731
56.85,20.060549357014462,72.21797768525207,793.8721253937381
56.9,20.06047061460713,72.21769421258567,794.8751508930286
56.95,20.060475186796126,72.21771067246605,795.8781745380637
57.0,20.060617305030952,72.21822229811143,796.8812018503594
57.05,20.060646148019547,72.21832613287037,797.8842334366857
57.1,20.06089437372735,72.21921974541847,798.8872719497293
57.15,20.061257940343385,72.22052858523618,799.8903257575811
57.2,20.061530329428205,72.22150918594154,800.8933954643254
57.25,20.06178826995659,72.22243777184373,801.89647842931
57.3,20.06200211586988,72.22320761713158,802.8995731889557
57.349999999999994,20.06234788507531,72.22445238627112,803.9026819389794
57.400000000000006,20.062794310701243,72.22605951852448,804.9058104938738
57.45,20.063248087024913,72.22769311328969,805.908961553817
57.5,20.063822883709815,72.22976238135533,806.9121383280853
57.55,20.064552063704095,72.23238742933475,807.9153477017707
57.599999999999994,20.065280512729224,72.2350098458252,808.9185935161815
57.650000000000006,20.06589774293886,72.23723187457989,809.9218729725733
57.7,20.066249123383216,72.23849684417958,810.9251766442313
57.75,20.066663447389697,72.2399884106029,811.9284994585006
57.8,20.06743630115129,72.24277068414465,812.9318519522142
57.849999999999994,20.068027835353668,72.2449002072732,813.9352385556268
57.900000000000006,20.068468600377773,72.24648696135999,814.9386509665201
57.95,20.068811006104784,72.24771962197723,815.9420829566822
58.0,20.06928926452649,72.24944135229536,816.945535463448
58.05,20.06995429870995,72.25183547535582,817.9490165525289
58.1,20.07069573678247,72.25450465241688,818.9525328034161
58.15,20.07143679617944,72.25717246624599,819.9560861167402
58.2,20.071953251614243,72.25903170581128,820.959670867935
58.25,20.072302568340035,72.26028924602413,821.9632772634338
58.3,20.072559604691886,72.2612145768908,822.9668988177597
58.35,20.07281052772203,72.2621178997993,823.97053307107
58.4,20.073227208709284,72.26361795135342,824.9741840144808
58.45,20.073693340233646,72.26529602484113,825.9778570282043
58.5,20.073955517273667,72.2662398621852,826.981548249642
58.55,20.07402471277198,72.26648896597914,827.9852477553931
58.6,20.074128069381374,72.26686104977294,828.9889515749469
58.65,20.07428464234299,72.26742471243477,829.99266189274
58.699999999999996,20.074278550981944,72.267402783535,830.9963759725731
58.75,20.07439269216791,72.26781369180448,832.0000927536519
58.800000000000004,20.074741633910655,72.26906988207836,833.0038211118039
58.85,20.075036615748367,72.27013181669412,834.0075655680454
58.9,20.075202268372056,72.2707281661394,835.0113215401484
58.949999999999996,20.075085508086442,72.27030782911119,836.0150787345599
59.0,20.074783369795895,72.26922013126523,837.018825456507
59.050000000000004,20.074348997654575,72.26765639155647,838.0225537656933
59.1,20.074057605363706,72.26660737930935,839.0262639307687
59.15,20.073642188814627,72.26511187973266,840.0299564256231
59.199999999999996,20.07304901718304,72.26297646185894,841.033623705773
59.25,20.072242638683512,72.26007349926064,842.0372559971697
59.300000000000004,20.071367060215803,72.25692141677689,843.0408462396422
59.35,20.070423134455798,72.25352328404087,844.044390994509
59.4,20.069271335594877,72.24937680814156,845.0478833562602
59.449999999999996,20.068216032873515,72.24557771834466,846.0513205404719
59.5,20.06681426403602,72.24053135052966,847.0546962978947
59.550000000000004,20.06501934583076,72.23406964499074,848.0579921381413
59.6,20.063105278389838,72.22717900220341,849.0611952537469
59.65,20.061003928051495,72.21961414098539,850.0642979839079
59.699999999999996,20.058610565956897,72.21099803744484,851.0672883462581
59.75,20.056174076973594,72.20222667710495,852.0701579623313
59.800000000000004,20.053779868470645,72.19360752649432,853.0729068109674
59.85,20.05167438413612,72.18602778289004,854.0755431672826
59.9,20.049489789407527,72.1781632418671,855.0780722716212
59.949999999999996,20.047389237329284,72.17060125438543,856.0804942472896
60.0,20.04537886449556,72.16336391218402,857.0828134498353
60.050000000000004,20.043214750847387,72.1555731030506,858.0850282902188
60.1,20.040765796520017,72.14675686747206,859.087127803903
60.15,20.03852611863774,72.13869402709587,860.0891101017819
60.199999999999996,20.036243335876016,72.13047600915365,861.0909793381447
60.25,20.03421552346405,72.12317588447058,862.0927408096283
60.3,20.032306845760676,72.11630464473843,863.0944038688589
60.35,20.030443021723983,72.10959487820634,864.095972615546
60.4,20.028782037182523,72.10361533385709,865.0974532420187
60.45,20.02733340367507,72.09840025323025,866.0988561280401
60.5,20.026052932282024,72.09379055621528,867.100190786439
60.55,20.02487144081751,72.08953718694303,868.1014638957665
60.6,20.023932359422584,72.08615649392131,869.1026839907726
60.65,20.023101731695423,72.08316623410353,870.1038598430505
60.7,20.022402279772162,72.08064820717979,871.1049974433372
60.75,20.02200029556477,72.07920106403317,872.1061075077206
60.8,20.021701507245872,72.07812542608514,873.1072000527909
60.849999999999994,20.02151538000364,72.0774553680131,874.108280474972
60.9,20.021492163704174,72.07737178933503,875.1093556635648
60.95,20.02153999430287,72.07754397949033,876.1104314675149
61.0,20.021623853882975,72.07784587397872,877.1115105637195
61.05,20.021727852744363,72.07822026987971,878.1125943563852
61.099999999999994,20.022257553466595,72.08012719247975,879.1136939915405
61.150000000000006,20.023046600879354,72.08296776316568,880.1148265953991
61.2,20.02423661715929,72.08725182177345,881.11600867585
61.25,20.025323155560372,72.09116336001735,882.117247670168
61.3,20.026459815999058,72.09525533759661,883.118542244457
61.349999999999994,20.027341586739944,72.0984297122638,884.1198872795254
61.400000000000006,20.028056192681394,72.10100229365302,885.1212722240109
61.45,20.028872241983024,72.1039400711389,886.1226954348775
61.5,20.029964144031233,72.10787091851245,887.1241663445279
61.55,20.03102122794637,72.11167642060693,888.1256909788274
61.599999999999994,20.032134127879175,72.11568286036503,889.127269862723
61.65,20.03303982752335,72.11894337908406,890.1288992116081
61.7,20.033822917428164,72.12176250274139,891.1305707802319
61.75,20.034600167450584,72.1245606028221,892.1322813573538
61.8,20.035392848963106,72.12741425626719,893.1340311827641
61.85,20.036146584953993,72.13012770583438,894.135819668612
61.9,20.03688354203254,72.13278075131716,895.1376454217867
61.95,20.037461925835,72.134862933006,896.1395040584835
62.0,20.03743057403589,72.13475006652921,897.1413763709802
62.05,20.037520137216013,72.13507249397765,898.1432501387615
62.1,20.037923532589847,72.13652471732345,899.1451362305066
62.15,20.03863281064312,72.13907811831523,900.1470501390875
62.2,20.039186293588955,72.14107065692023,901.1489956166932
62.25,20.03996174400369,72.1438622784133,902.1509743176331
62.3,20.040589978687965,72.14612392327668,903.1529881107003
62.35,20.040989829310814,72.14756338551894,904.1550276059003
62.4,20.041565902045825,72.14963724736498,905.1570914991842
62.449999999999996,20.042271373860835,72.15217694589901,906.1591874310818
62.5,20.04281164314841,72.15412191533429,907.1613145065071
62.550000000000004,20.0434896323694,72.15656267652984,908.1634720383951
62.6,20.04437802108979,72.15976087592325,909.1656687297316
62.65,20.045263400811727,72.16294824292223,910.1679097652791
62.699999999999996,20.045917052087933,72.16530138751656,911.1701892766016
62.75,20.046491160218835,72.1673681767878,912.1724994819093
62.800000000000004,20.04708359519676,72.16950094270834,913.1748388507947
62.85,20.047692823031067,72.17169416291185,914.1772082612504
62.9,20.04817758375015,72.17343930150054,915.1796050214199
62.949999999999996,20.048586776979906,72.17491239712767,916.1820241304381
62.99999999999999,20.04918312246062,72.17705924085823,917.1844683779241
63.050000000000004,20.049489354421357,72.17816167591688,918.1869351898462
63.1,20.0499444488702,72.17980001593273,919.1894210349285
63.15,20.0502657863122,72.18095683072391,920.191926290808
63.199999999999996,20.050569491048506,72.18205016777462,921.1944471727421
63.25,20.05072071736794,72.18259458252459,922.1969794279526
63.300000000000004,20.050819353262398,72.18294967174464,923.1995179297184
63.35,20.050923900800075,72.18332604288027,924.2020615110699
63.4,20.050968878068318,72.18348796104594,925.2046088305416
63.449999999999996,20.050805859897302,72.18290109563029,926.2071531989907
63.5,20.05085822964684,72.18308962672862,927.2096948012293
63.550000000000004,20.051038409535504,72.18373827432782,928.2122422172088
63.6,20.051599487369902,72.18575815453165,929.2148081646314
63.65,20.05176513902189,72.1863545004788,930.2173922802913
63.699999999999996,20.051846349573662,72.18664685846518,931.2199825675061
63.75,20.0514982749367,72.18539378977212,932.2225661831188
63.8,20.051363290027997,72.18490784410079,933.225137722243
63.85,20.051185592373574,72.18426813254487,934.227701444303
63.9,20.05121566025172,72.1843763769062,935.2302614756186
63.95,20.05132856454751,72.18478283237104,936.2328250812386
64.0,20.05137768295401,72.18495965863443,937.2353927374262
64.05,20.051312827454485,72.18472617883614,938.2379600001864
64.1,20.051371869502137,72.18493873020769,939.2405271176103
64.14999999999999,20.05154202867578,72.18555130323281,940.2430999650647
64.2,20.051591254893548,72.18572851761678,941.245678297154
64.25,20.05166348144814,72.1859885332133,942.2482596655625
64.3,20.05170599679089,72.1861415884472,943.2508439025185
64.35,20.05141661579481,72.18509981686132,944.2534219678331
64.39999999999999,20.05107755722148,72.18387920599733,945.2559843221585
64.45,20.05040694439997,72.18146499983989,946.258521434699
64.5,20.050296024968453,72.18106568988644,947.2610390089332
64.55,20.05076763621075,72.18276349035871,948.2635656004626
64.6,20.051275386626426,72.18459139185514,949.2661166760336
64.65,20.05132265329298,72.18476155185473,950.2686816270316
64.7,20.05075127902073,72.18270460447464,951.2712334753394
64.75,20.05027696433432,72.18099707160356,952.2737591814233
64.80000000000001,20.049570414746707,72.17845349308814,953.2762553659004
64.85,20.048739864513454,72.17546351224844,954.2787131228819
64.9,20.04794268301002,72.17259365883608,955.28113018657
64.94999999999999,20.046404244998165,72.1670552819934,956.2834888597702
65.0,20.04478582501659,72.16122897005972,957.2857686115206
65.05000000000001,20.043264593226723,72.1557525356162,958.2879698719767
65.1,20.04145879633474,72.14925166680507,959.2900879567156
65.15,20.039608412267658,72.14259028416357,960.2921146369307
65.19999999999999,20.03758531634368,72.13530713883725,961.294044480146
65.25,20.035370619144047,72.12733422891857,962.2958683785332
65.30000000000001,20.033152797992614,72.11935007277341,963.2975814639616
65.35,20.03081532829212,72.11093518185164,964.2991806671187
65.4,20.028736430343102,72.10345114923517,965.3006694610846
65.44999999999999,20.02651637430631,72.09545894750272,966.3020507812008
65.5,20.024070747747004,72.08665469188922,967.3033154592522
65.55,20.021238115459003,72.07645721565241,968.3044481808323
65.6,20.01859169849879,72.06693011459564,969.3054439261813
65.65,20.015634049544744,72.05628257836108,970.3062995698824
65.7,20.012788048610673,72.04603697499843,971.3070101223364
65.75,20.010150474749626,72.03654170909866,972.3075835854204
65.8,20.00759950705676,72.02735822540434,973.3080273349656
65.85,20.004979977080666,72.0179279174904,974.308341822069
65.9,20.002438838384347,72.00877981818365,975.3085272924557
65.95,19.999942710431693,71.9997937575541,976.3085868311761
66.0,19.99767370943871,71.99162535397936,977.3085272416728
66.05,19.995235676601915,71.9828484357669,978.3083499763238
66.1,19.992681196613177,71.97365230780744,979.3080478981542
66.15,19.9903478078049,71.96525210809763,980.3076236232647
66.2,19.988393648564166,71.958217134831,981.307092159674
66.25,19.986056632555268,71.94980387719897,982.306453416702
66.3,19.98396977790131,71.94229120044473,983.3057040769634
66.35,19.982269564244536,71.93617043128033,984.3048600605171
66.4,19.980819296417344,71.93094946710244,985.3039372820336
66.45,19.979340824987002,71.92562696995321,986.3029412850688
66.5,19.97808636696184,71.92111092106262,987.3018769648675
66.55,19.977246963572203,71.91808906885993,988.3007602981309
66.6,19.97644270952314,71.91519375428331,989.2996025399582
66.65,19.975660039105716,71.91237614078058,990.2984051086739
66.7,19.974930403330664,71.9097494519904,991.2971698697348
66.75,19.97444546512868,71.90800367446326,992.2959042664463
66.8,19.973948733180276,71.906215439449,993.294614121404
66.85,19.973271927988417,71.9037789407583,994.2932946379333
66.9,19.97303534254537,71.90292723316333,995.2919523196966
66.95,19.9730316195341,71.90291383032276,996.2906039937486
67.0,19.973614045263194,71.9050105629475,997.2892701353685
67.05,19.973708382991,71.9053501787676,998.2879531960748
67.10000000000001,19.973685107271443,71.9052663861772,999.2866380333313
67.14999999999999,19.97337118130767,71.90413625270762,1000.2853144405458
67.2,19.973245008937845,71.90368203217625,1001.2839798453019
67.25,19.97326546927225,71.9037556893801,1002.2826426072572
67.3,19.973157506901266,71.90336702484456,1003.2813031816615
67.35000000000001,19.97302678755833,71.90289643520998,1004.279957789023
67.39999999999999,19.972971040872196,71.9026957471399,1005.2786077347338
67.45,19.972878369627743,71.90236213065988,1006.2772539699963
67.5,19.973153871732617,71.90335393823742,1007.2759047760303
67.55,19.973467360329536,71.90448249718634,1008.2745703068318
67.60000000000001,19.97373818301717,71.9054574588618,1009.2732504454156
67.64999999999999,19.97409222730845,71.90673201831042,1010.2719462056737
67.7,19.974145225560274,71.90692281201699,1011.2706521419954
67.75,19.974197492842947,71.90711097423461,1012.2693607099554
67.8,19.974265287912214,71.90735503648398,1013.2680722794743
67.85000000000001,19.974191025721478,71.90708769259732,1014.2667836873151
67.89999999999999,19.97404681758049,71.90656854328977,1015.2654896333976
67.95,19.973646424354556,71.90512712767641,1016.2641819644459
68.0,19.973235362622848,71.90364730544225,1017.2628540091204
68.05,19.972892524679047,71.90241308884457,1018.2615072063029
68.10000000000001,19.9725486436527,71.90117511714972,1019.2601432355112
68.14999999999999,19.97221388917346,71.89997000102446,1020.2587622988319
68.2,19.972047562279915,71.8993712242077,1021.2573688351183
68.25,19.97179388935789,71.89845800168841,1022.2559648714092
68.3,19.97109916116186,71.8959569801827,1023.2545371976722
68.35000000000001,19.970406054167476,71.89346179500292,1024.2530748280556
68.39999999999999,19.96989861435904,71.89163501169254,1025.2515824447687
68.45,19.9693566155241,71.88968381588676,1026.2500638255158
68.49999999999999,19.96874131974696,71.88746875108906,1027.2485162738976
68.55,19.96805235393942,71.88498847418191,1028.2469361157398
68.60000000000001,19.967406640079705,71.88266390428694,1029.2453225905904
68.64999999999999,19.967020434554534,71.88127356439632,1030.2436832674562
68.7,19.96629731127983,71.8786703206074,1031.242016211102
68.75,19.96552348264976,71.87588453753914,1032.2403117309502
68.8,19.96519876069182,71.87471553849055,1033.2385797870338
68.85000000000001,19.964837117576543,71.87341362327555,1034.2368306839905
68.89999999999999,19.96440555066601,71.87185998239764,1035.2350617506966
68.95,19.964097683365228,71.87075166011482,1036.2332743315474
69.0,19.963903917750397,71.87005410390142,1037.2314743715754
69.05,19.963963907604377,71.87027006737576,1038.2296710672092
69.10000000000001,19.96394795950444,71.87021265421599,1039.227868863887
69.14999999999999,19.963886068158942,71.86998984537219,1040.2260647145786
69.2,19.96384210749413,71.86983158697888,1041.22425791897
69.25,19.963719025892193,71.8693884932119,1042.2224469473047
69.3,19.96359768792741,71.86895167653869,1043.2206298651502
69.35000000000001,19.96362537045085,71.86905133362306,1044.2188104416095
69.39999999999999,19.963860275369328,71.86989699132958,1045.216997582755
69.45,19.964354989803997,71.87167796329439,1046.2152029643844
69.5,19.96516238908531,71.87458460070712,1047.2134408988566
69.55,19.965805756604485,71.87690072377615,1048.2117151024988
69.60000000000001,19.966387844275523,71.87899623939188,1049.2100199425208
69.64999999999999,19.96718841520203,71.88187829472731,1050.2083593490079
69.7,19.9681954360138,71.88550356964969,1051.2067439452883
69.75,19.969044318972923,71.88855954830252,1052.205174939163
69.8,19.969719140903834,71.8909889072538,1053.20364402566
69.85,19.97035588888877,71.89328119999956,1054.2021459014047
69.89999999999999,19.9709037970834,71.89525366950024,1055.200677393554
69.95,19.97143350363589,71.8971606130892,1056.199235826072
70.0,19.972114203491657,71.89961113256997,1057.1978245187502
70.05,19.972903324560058,71.90245196841622,1058.1964499569515
70.1,19.973861527175266,71.90590149783097,1059.195119078245
70.15,19.97477891819617,71.9092041055062,1060.1938350893793
70.2,19.975556540723773,71.91200354660559,1061.1925934758522
70.25,19.976271900858258,71.91457884308973,1062.1913891868917
70.3,19.97694863035387,71.91701506927393,1063.190219700172
70.35,19.9774545495327,71.91883637831772,1064.1890797796693
70.4,19.97796652693724,71.92067949697407,1065.187965306581
70.45,19.97835044767972,71.922061611647,1066.1868732309463
70.5,19.97874525531988,71.92348291915157,1067.1858006235213
70.55,19.979078453702073,71.92468243332746,1068.1847462162468
70.6,19.97926458760052,71.92535251536188,1069.1837047922793
70.65,19.97942241644926,71.92592069921734,1070.1826719673804
70.7,19.97968473613637,71.92686505009094,1071.1816496461952
70.75,19.979969685598533,71.92789086815472,1072.1806410067386
70.8,19.980288351808614,71.92903806651101,1073.1796474576738
70.85,19.98089605167689,71.9312257860368,1074.1786770677609
70.9,19.981399818905835,71.93303934806102,1075.1777344645254
70.95,19.981604381437972,71.9337757731767,1076.176809569534
71.0,19.981697251445784,71.93411010520482,1077.1758921103562
71.05,19.981918666400155,71.93490719904057,1078.1749825083025
71.1,19.982286306280464,71.93623070260968,1079.1740876326196
71.15,19.982644345030316,71.93751964210914,1080.1732108989024
71.19999999999999,19.98298529027658,71.9387470449957,1081.1723516397851
71.25,19.98342521316786,71.94033076740429,1082.1715119023713
71.3,19.98386430699582,71.94191150518495,1083.1706941403754
71.35,19.984432073890346,71.94395546600525,1084.1699015498975
71.4,19.98503326227857,71.94611974420286,1085.1691381833018
71.44999999999999,19.985713379739703,71.94856816706293,1086.1684068493523
71.5,19.986449507512006,71.95121822704323,1087.1677109215336
71.55000000000001,19.98713221861398,71.95367598701033,1088.1670504646868
71.6,19.987818456733226,71.95614644423962,1089.1664242315705
71.65,19.98855167457295,71.95878602846263,1090.1658334848532
71.69999999999999,19.98931661749434,71.96153982297962,1091.165280192155
71.75,19.990038152799894,71.96413735007962,1092.1647640614124
71.80000000000001,19.990671038916144,71.96641574009811,1093.1642817912052
71.85,19.991289404763734,71.96864185714945,1094.1638308022973
71.9,19.992040394506663,71.97134542022398,1095.163414047279
71.94999999999999,19.992914420375477,71.97449191335173,1096.163037917651
72.0,19.993926080084158,71.97813388830298,1097.1627089301626
72.05000000000001,19.99512253695787,71.98244113304833,1098.1624351455887
72.1,19.996457429235367,71.98724674524732,1099.1622246447434
72.15,19.997976802143217,71.99271648771558,1100.1620855005278
72.19999999999999,19.999192308767906,71.99709231156446,1101.1620147283006
72.25,20.00021441927064,72.00077190937431,1102.1619998965016
72.30000000000001,20.001068969244876,72.00384828928156,1103.1620319812146
72.35,20.00141840058391,72.00510624210207,1104.1620941654603
72.4,20.001355685179398,72.00488046664583,1105.1621635176043
72.44999999999999,20.001198711727334,72.0043153622184,1106.162227377527
72.5,20.001069891592397,72.00385160973264,1107.16228409261
72.55000000000001,20.000821378938507,72.00295696417862,1108.1623313743733
72.6,20.00014917537847,72.0005370313625,1109.1623556382312
72.65,19.998892164281372,71.99601179141294,1110.1623316717228
72.69999999999999,19.997325709914968,71.99037255569388,1111.1622371185777
72.75,19.995527557128682,71.98389920566326,1112.1620584502537
72.8,19.993159111243735,71.97537280047744,1113.161775616963
72.85,19.99023484447771,71.96484544011975,1114.161360465856
72.9,19.987012862015316,71.95324630325514,1115.1607916585183
72.95,19.983539876405246,71.94074355505889,1116.1600554769789
73.0,19.980026597511213,71.92809575104037,1117.1591446388268
73.05,19.976291900699092,71.91465084251674,1118.158052601282
73.1,19.972380144500537,71.90056852020193,1119.156769402412
73.15,19.968489573483755,71.88656246454151,1120.1552911453616
73.2,19.964460780936648,71.87205881137193,1121.1536149042222
73.25,19.960305763353016,71.85710074807086,1122.1517340678295
73.3,19.9560757371593,71.84187265377348,1123.1496436053424
73.35,19.951515566377694,71.8254560389597,1124.1473333879308
73.4,19.946532235729684,71.80751604862687,1125.1447845829834
73.45,19.941287643635786,71.78863551708884,1126.1419800799677
73.5,19.93599811309348,71.76959320713652,1127.1389122238859
73.55,19.93112328226947,71.7520438161701,1128.13559025877
73.6,19.926552812232064,71.73559012403543,1129.1320321611324
73.65,19.922005623210026,71.7192202435561,1130.1282461220185
73.7,19.917597738689565,71.70335185928244,1131.124236206066
73.75,19.913202014493283,71.68752725217583,1132.1200061998954
73.8,19.90896625812328,71.67227852924381,1133.1155604067108
73.85,19.904830092547552,71.65738833317118,1134.1109053154776
73.9,19.90080764920485,71.64290753713746,1135.1060462590215
73.95,19.89723193874292,71.63003497947452,1136.1009972487202
74.0,19.89398067553639,71.61833043193101,1137.0957775640773
74.05,19.891003507203717,71.60761262593338,1138.0904021686458
74.1,19.888539260875284,71.59874133915102,1139.084890737848
74.14999999999999,19.886448604064253,71.59121497463131,1140.0792654344714
74.2,19.88466214542407,71.58478372352666,1141.0735432032086
74.25,19.88318095067813,71.57945142244128,1142.0677392806112
74.3,19.882010867482528,71.5752391229371,1143.0618690760652
74.35000000000001,19.881279652046448,71.57260674736722,1144.0559513390535
74.39999999999999,19.880991370880796,71.57156893517087,1145.0500081146267
74.45,19.88105975048246,71.57181510173686,1146.0440593926608
74.5,19.88151529974036,71.5734550790653,1147.0381237689164
74.55,19.882220524400825,71.57599388784297,1148.03221716452
74.60000000000001,19.882925347210453,71.57853124995763,1149.0263458113104
74.64999999999999,19.883634744929864,71.58108508174752,1150.020509813614
74.7,19.884317737925027,71.5835438565301,1151.0147086256852
74.75,19.884961166904883,71.58586020085758,1152.008940598306
74.8,19.885626295878698,71.58825466516332,1153.0032052848755
74.85000000000001,19.886233038029186,71.59043893690507,1153.9975017682232
74.89999999999999,19.88717454641662,71.59382836709983,1154.9918369578343
74.95,19.888425855759955,71.59833308073584,1155.9862269678886
75.0,19.889771758633863,71.6031783310819,1156.9806819082485
75.05,19.890888144334838,71.60719731960542,1157.9751984058228
75.10000000000001,19.891793086093482,71.61045510993654,1158.9697654365834
75.14999999999999,19.89250459111267,71.61301652800562,1159.9643728785136
75.2,19.89343672025971,71.61637219293496,1160.959021411298
75.25,19.89445751676704,71.62004706036134,1161.9537187672236
75.3,19.895403742371244,71.62345347253648,1162.948465298702
75.35000000000001,19.896386613944387,71.6269918101998,1163.94326005761
75.39999999999999,19.897332814721388,71.630398132997,1164.9381030433265
75.45,19.898246087439237,71.63368591478125,1165.9329925158804
75.5,19.89921504309901,71.63717415515643,1166.9279290441439
75.55,19.900174794766365,71.64062926115892,1167.9229137900904
75.60000000000001,19.901218375745053,71.64438615268219,1168.9179486193532
75.64999999999999,19.90230230578388,71.64828830082197,1169.9130366363913
75.7,19.90330883709653,71.65191181354751,1170.9081769149634
75.75,19.904185828139667,71.6550689813028,1171.9033642815943
75.8,19.904666569767326,71.65679965116237,1172.898585591542
75.85000000000001,19.904951212411923,71.65782436468292,1173.8938260360965
75.89999999999999,19.90521866569372,71.6587871964974,1174.8890802830492
75.95,19.905643388702075,71.66031619932747,1175.884351834409
76.0,19.906275718757044,71.66259258752537,1176.8796498120955
76.05,19.907198558984174,71.66591481234303,1177.8749866690391
76.10000000000001,19.907953190600548,71.66863148616197,1178.8703654627786
76.14999999999999,19.9083299904548,71.66998796563728,1179.865772542305
76.2,19.908595254424448,71.67094291592801,1180.861195673427
76.25,19.908617377209602,71.67102255795457,1181.8566259892177
76.3,19.909017813142214,71.67246412731197,1182.8520668689764
76.35000000000001,19.909173601593434,71.67302496573636,1183.8475216543447
76.39999999999999,19.90919922491675,71.67311720970031,1184.8429809750075
76.45,19.909396143731875,71.67382611743476,1185.8384458592238
76.5,19.909618026516217,71.67462489545838,1186.8339212134802
76.55,19.90992078582688,71.67571482897677,1187.8294096837888
76.60000000000001,19.910385929947715,71.67738934781178,1188.824917351683
76.64999999999999,19.91075356895348,71.67871284823254,1189.8204458391556
76.7,19.91091892263047,71.67930812146969,1190.815987651445
76.75,19.91066961842128,71.67841062631662,1191.8115273649714
76.8,19.91039209277806,71.67741153400102,1192.8070539077514
76.85000000000001,19.910207282737876,71.67674621785635,1193.8025688921393
76.89999999999999,19.910131734099732,71.67647424275904,1194.7980773675604
76.95,19.91019255306562,71.67669319103624,1195.7935854747395
77.0,19.910506256313372,71.67782252272814,1196.789102944974
77.05,19.910947199306236,71.67940991750245,1197.7846392813644
77.1,19.911426151043315,71.68113414375594,1198.7801986151233
77.14999999999999,19.911817765448724,71.68254395561542,1199.7757797130355
77.2,19.912298903728566,71.68427605342283,1200.771382629765
77.25,19.912643429873448,71.68551634754442,1201.767006188105
77.3,19.913044252741148,71.68695930986813,1202.7626483801703
77.35,19.91319528049155,71.68750300976959,1203.758304368501
77.4,19.913311690281226,71.68792208501242,1204.7539670427705
77.45,19.913413323416453,71.68828796429923,1205.749635168113
77.5,19.91354422135976,71.68875919689513,1206.7453091067323
77.55,19.913726933137067,71.68941695929344,1207.7409908855948
77.6,19.91420605837304,71.69114181014295,1208.7366892103826
77.65,19.91486080923674,71.69349891325226,1209.7324158820727
77.7,19.915679372207446,71.69644573994681,1210.7281793866089
77.75,19.91638745549419,71.69899483977908,1211.7239810573014
77.8,19.916973627652766,71.70110505954996,1212.7198150843801
77.85,19.917486172487603,71.70295022095537,1213.7156765793836
77.9,19.917990068273838,71.70476424578582,1214.7115634854026
77.95,19.91874529185619,71.70748305068228,1215.707481869406
78.0,19.919678457429555,71.7108424467464,1216.7034424631381
78.05,19.92069260083005,71.7144933629882,1217.6994517395947
78.1,19.921860731810856,71.71869863451909,1218.6955155729106
78.15,19.922935060962153,71.72256621946376,1219.6916354677298
78.2,19.923808416739472,71.72571030026211,1220.6878040546724
78.25,19.924426976491873,71.72793711537075,1221.684009939503
78.3,19.925103954065158,71.73037423463457,1222.680248212767
78.35,19.925653806263632,71.73235370254908,1223.6765171567754
78.4,19.92630235032709,71.73468846117753,1224.6728160606901
78.44999999999999,19.92693148491237,71.73695334568453,1225.669146906571
78.5,19.927663445213064,71.73958840276703,1226.6655117798243
78.55,19.928229272816537,71.74162538213953,1227.6619090977752
78.6,19.928562742888957,71.74282587440025,1228.6583288981678
78.65,19.928792246409365,71.74365208707371,1229.6547627729003
78.69999999999999,19.929013652423997,71.74444914872639,1230.6512079203712
78.75,19.929108962445238,71.74479226480285,1231.647660985743
78.80000000000001,19.9292995466802,71.74547836804872,1232.644121198471
78.85,19.929193985988668,71.74509834955921,1233.6405835367877
78.9,19.92924647166325,71.7452872979877,1234.6370445482291
78.94999999999999,19.929574892436865,71.74646961277271,1235.6335150823315
79.0,19.93004921635453,71.7481771788763,1236.6300056850514
79.05000000000001,19.93056148167687,71.75002133403675,1237.6265209525022
79.1,19.93098000133456,71.75152800480443,1238.6230594895776
79.15,19.93097888566525,71.75152398839491,1239.6196084617527
79.19999999999999,19.930867968468668,71.7511246864872,1240.6161546331061
79.25,19.93093261300986,71.7513574068355,1241.612699647643
79.30000000000001,19.931245452164124,71.75248362779085,1242.6092540992724
79.35,19.93149428047814,71.7533794097213,1243.6058225925885
79.4,19.93164422506295,71.75391921022663,1244.6024010552271
79.44999999999999,19.93209558668625,71.7555441120705,1245.598994550521
79.5,19.932687744240855,71.75767587926708,1246.5956141337942
79.55000000000001,19.933029220186764,71.75890519267236,1247.592257057905
79.6,19.933519917133324,71.76067170167997,1248.5889207863381
79.65,19.934066621038657,71.76263983573917,1249.5856104497925
79.69999999999999,19.934957621619454,71.76584743783003,1250.582336055859
79.75,19.935509478990948,71.76783412436741,1251.5790977333743
79.80000000000001,19.936429048003564,71.77114457281283,1252.5758961965491
79.85,19.937299168956926,71.77427700824494,1253.5727394019732
79.9,19.938290213294813,71.77784476786132,1254.5696291365296
79.94999999999999,19.939039566385897,71.78054243898923,1255.5665623810216
80.0,19.939997172662423,71.78398982158473,1256.5635382994978
80.05,19.941465100937645,71.78927436337553,1257.5605748563378
80.1,19.942615366488123,71.79341531935725,1258.5576768680235
80.15,19.943189696120413,71.79548290603348,1259.5548219945886
80.2,19.943109596233636,71.7951945464411,1260.5519794768975
80.25,19.942602945939903,71.79337060538366,1261.5491222904518
80.3,19.941478458797725,71.78932245167181,1262.5462243255702
80.35,19.9399870999609,71.78395355985924,1263.543260964539
80.4,19.938005370769382,71.77681933476978,1264.5402107763073
80.45,19.935838480701634,71.76901853052588,1265.5370568725941
80.5,19.933346463521286,71.76004726867663,1266.5337864961996
80.55,19.93052637246794,71.74989494088459,1267.5303833170992
80.6,19.92736254055748,71.73850514600693,1268.526830539925
80.65,19.923563742827557,71.7248294741792,1269.5231036970097
80.7,19.919352163487098,71.70966778855356,1270.5191765946674
80.75,19.91468668801107,71.69287207683985,1271.5150275659548
80.8,19.909802240654997,71.675288066358,1272.5106397891714
80.85,19.904478095455765,71.65612114364076,1273.5059967975742
80.9,19.89903277184661,71.6365179786478,1274.5010845692568
80.95,19.89302233566709,71.61488040840153,1275.4958859469446
81.0,19.88689507103646,71.59282225573125,1276.4903838821122
81.05,19.88032254037052,71.56916114533388,1277.4845643223973
81.1,19.873621086422585,71.5450359111213,1278.4784129130671
81.15,19.866982423478227,71.52113672452163,1279.4719280008146
81.2,19.860231444268646,71.49683319936713,1280.4651083475082
81.25,19.853475600093724,71.4725121603374,1281.4579510236174
81.3,19.84684435771308,71.4486396877671,1282.4504590225627
81.35,19.84017749612131,71.42463898603671,1283.4426345689085
81.39999999999999,19.83365699121941,71.40116516838988,1284.434480431092
81.45,19.827197909833043,71.37791247539896,1285.4260018036182
81.5,19.820811690402696,71.3549220854497,1286.417202043624
81.55,19.814316944329136,71.33154099958489,1287.4080802594924
81.60000000000001,19.80801540168736,71.3088554460745,1288.3986385681428
81.64999999999999,19.80184352325677,71.28663668372438,1289.3888850412663
81.7,19.79622103594806,71.26639572941302,1290.3788366552465
81.75,19.791071531548063,71.24785751357302,1291.3685189694338
81.8,19.786190366581167,71.2302853196922,1292.357950516887
81.85000000000001,19.78169713488913,71.21410968560086,1293.3471477044238
81.89999999999999,19.777873158830673,71.20034337179042,1294.336136961767
81.95,19.77487760816632,71.18955938939875,1295.3249557309418
82.0,19.772329572269516,71.18038646017025,1296.3136359104528
82.05,19.769838631501376,71.17141907340495,1297.302190115547
82.10000000000001,19.76816027302071,71.16537698287456,1298.2906400881602
82.14999999999999,19.766867469310753,71.16072288951871,1299.2790157817185
82.2,19.766057344867587,71.15780644152332,1300.2673389020729
82.25,19.76541076220159,71.15547874392573,1301.2556256047496
82.3,19.76526268752771,71.15494567509975,1302.2438924409928
82.35000000000001,19.764968819561634,71.15388775042189,1303.23214822867
82.39999999999999,19.765009174160536,71.15403302697793,1304.220397678513
82.45,19.76527652900806,71.15499550442901,1305.2086548210923
82.5,19.766554749919795,71.15959709971126,1306.1969506030655
82.55,19.767690786083122,71.16368682989925,1307.1853067414656
82.60000000000001,19.76820044250877,71.16552159303158,1308.1737040221803
82.64999999999999,19.768862048546488,71.16790337476736,1309.1621305844567
82.7,19.769673777429297,71.17082559874547,1310.1505939801061
82.74999999999999,19.770690495522278,71.1744857838802,1311.13910308693
82.8,19.77181591375737,71.17853728952653,1312.127665747162
82.85000000000001,19.773207492024866,71.18354697128952,1313.1162913323064
82.89999999999999,19.77474905141349,71.18909658508856,1314.1049902458924
82.95,19.77622401302583,71.19440644689298,1315.0937645725035
83.0,19.777515506432884,71.19905582315839,1316.08260806049
83.05,19.77877867992306,71.20360324772302,1317.071515415149
83.10000000000001,19.780000371241584,71.2080013364697,1318.0604848914281
83.14999999999999,19.781318749057732,71.21274749660783,1319.0495178694357
83.2,19.782528420318485,71.21710231314655,1320.03861404867
83.25,19.78368463652634,71.22126469149482,1321.027769375091
83.3,19.784859737100064,71.22549505356024,1322.0169829844317
83.35000000000001,19.785647583332995,71.22833129999879,1323.0062456674425
83.39999999999999,19.786480875587273,71.23133115211418,1323.9955488789155
83.45,19.787663718943893,71.23558938819802,1324.984902493779
83.5,19.78904582920525,71.2405649851389,1325.9743202324826
83.55,19.790302548886395,71.24508917599103,1326.9638039419349
83.60000000000001,19.791488371312788,71.24935813672604,1327.95334871494
83.64999999999999,19.792533527822737,71.25312070016186,1328.9429492624183
83.7,19.79340112150308,71.2562440374111,1329.9325976286514
83.75,19.794166758614388,71.2590003310118,1330.9222868256543
83.8,19.79469492228509,71.26090172022633,1331.9120083676767
83.85000000000001,19.79514040059054,71.26250544212594,1332.9017542507486
83.89999999999999,19.795476266220643,71.26371455839431,1333.8915196674188
83.95,19.79562005783796,71.26423220821667,1334.8812970755203
84.0,19.795919095352,71.26530874326721,1335.87108555435
84.05,19.796180456786885,71.26624964443279,1336.8608880431534
84.10000000000001,19.79674755971169,71.26829121496209,1337.850711243566
84.14999999999999,19.79720251491443,71.26992905369195,1338.8405599954315
84.2,19.797937445247996,71.27257480289279,1339.8304384944356
84.25,19.79906781896325,71.27664414826769,1340.820363626041
84.3,19.800514882040925,71.28185357534733,1341.810353193566
84.35,19.801990130210665,71.28716446875839,1342.8004158188724
84.4,19.80310171867451,71.29116618722824,1343.7905431150946
84.45,19.8038702811686,71.29393301220696,1344.7807174150907
84.5,19.804504063493358,71.2962146285761,1345.7709267737073
84.55,19.804814982645023,71.29733393752208,1346.7611597498608
84.6,19.804874969486704,71.29754989015214,1347.751401998664
84.65,19.804418731626217,71.29590743385438,1348.741634341192
84.7,19.80356508646013,71.29283431125647,1349.731833936644
84.75,19.802304803079643,71.28829729108672,1350.7219806838825
84.8,19.800818096209237,71.28294514635326,1351.7120587563647
84.85,19.798842723947217,71.27583380620999,1352.7020502768687
84.9,19.79644462194641,71.26720063900707,1353.691932460516
84.95,19.793482731233492,71.25653783244057,1354.6816806443455
85.0,19.790074397112342,71.24426782960444,1355.6712695725541
85.05,19.785592568684898,71.22813324726563,1356.660661246699
85.1,19.78074380846252,71.21067771046508,1357.6498196561276
85.15,19.775368854372193,71.1913278757399,1358.6387224726984
85.2,19.769195685315832,71.169104467137,1359.6273365861907
85.25,19.76238618198025,71.1445902551289,1360.615626132873
85.3,19.75521619599455,71.11877830558038,1361.6035661923224
85.35,19.747825505860646,71.09217182109833,1362.5911422348688
85.4,19.740007616994603,71.06402742118057,1363.5783380629402
85.45,19.731875790358508,71.03475284529063,1364.565135148124
85.5,19.723755881361907,71.00552117290286,1365.551525939917
85.55,19.715572243758352,70.97606007753006,1366.5375091430449
85.6,19.707077422795074,70.94547872206226,1367.5230753847088
85.65,19.698429081401255,70.91434469304451,1368.5082130473138
85.69999999999999,19.689508584084532,70.88223090270432,1369.492911488951
85.75,19.680677355665434,70.85043848039557,1370.4771661374448
85.8,19.671615197109283,70.81781470959342,1371.4609734512642
85.85,19.662453514418193,70.78483265190549,1372.4443251690523
85.9,19.653773011693314,70.75358284209594,1373.427230832205
85.94999999999999,19.645278475684115,70.72300251246281,1374.4097071193894
86.0,19.63665784785988,70.69196825229557,1375.391755527478
86.05000000000001,19.627942481234367,70.66059293244372,1376.3733705357054
86.1,19.619479276375436,70.63012539495158,1377.3545560796456
86.15,19.611453963095755,70.60123426714472,1378.3353294106323
86.19999999999999,19.603762226873815,70.57354401674574,1379.3157098153815
86.25,19.596403424583084,70.5470523284991,1380.295713956668
86.30000000000001,19.589256521869686,70.52132347873088,1381.2753554553292
86.35,19.582406259072062,70.49666253265943,1382.2546470248528
86.4,19.57618706869321,70.47427344729556,1383.233611858047
86.44999999999999,19.571288703188827,70.45663933147978,1384.212298752344
86.5,19.56739953867428,70.44263833922741,1385.1907659583906
86.55000000000001,19.56411695116804,70.43082102420495,1386.1690538706366
86.6,19.561763800150707,70.42234968054255,1387.1472008894195
86.65,19.560312974999004,70.41712670999641,1388.1252528087982
86.69999999999999,19.559805711653173,70.41530056195143,1389.1032557759645
86.75,19.55995313037394,70.41583126934619,1390.0812497470151
86.80000000000001,19.560435931493227,70.41756935337563,1391.0592594735617
86.85,19.56095514828608,70.41943853382989,1392.0372942505562
86.9,19.561411238689516,70.42108045928227,1393.0153534102305
86.94999999999999,19.562334571282303,70.42440445661629,1393.99344705548
87.0,19.56360979126078,70.42899524853881,1394.9715956645434
87.05000000000001,19.564986356796783,70.43395088446842,1395.9498105682449
87.1,19.566460358504994,70.43925729061797,1396.9280967361274
87.15,19.56844842436585,70.44641432771706,1397.9064694556992
87.19999999999999,19.5707023610781,70.45452849988116,1398.8849482253352
87.25,19.573131775475172,70.46327439171063,1399.863544078749
87.3,19.575867695515218,70.47312370385478,1400.8422690655239
87.35,19.57857349122074,70.48286456839467,1401.8211300951923
87.4,19.581353390582443,70.49287220609679,1402.8001282672374
87.45,19.58428796301757,70.50343666686325,1403.7792693010774
87.5,19.587385104887844,70.51458637759625,1404.758561127775
87.55,19.590597182025828,70.52614985529299,1405.7380106849478
87.6,19.593846937963754,70.53784897666952,1406.7176217879476
87.65,19.597054664705656,70.54939679294036,1407.6973943280143
87.7,19.600437770843858,70.56157597503788,1408.677331638903
87.75,19.604093623219047,70.57473704358857,1409.6574449237546
87.8,19.60799275024316,70.58877390087538,1410.6377470830912
87.85,19.612063950127407,70.60343022045866,1411.6182485006004
87.9,19.616091491257258,70.61792936852613,1412.5989523866351
87.95,19.620043276968993,70.63215579708837,1413.5798557558408
88.0,19.623753736651274,70.6455134519446,1414.5609506811813
88.05,19.627368076586027,70.6585250757097,1415.5422287265123
88.1,19.630792975746054,70.6708547126858,1416.5236827528206
88.15,19.63429233989277,70.68345242361397,1417.5053098857115
88.2,19.637734774587443,70.6958451885148,1418.4871105635737
88.25,19.641176655941617,70.70823596138982,1419.4690833493369
88.3,19.644574701252843,70.72046892451024,1420.4512271332667
88.35,19.647891635369678,70.73240988733085,1421.4335387916822
88.4,19.651024163192012,70.74368698749124,1422.4160116866462
88.45,19.65384404984607,70.75383857944585,1423.3986333919722
88.5,19.656296013123313,70.76266564724394,1424.3813868935465
88.55,19.658456356243583,70.7704428824769,1425.3642557027806
88.6,19.66075526857217,70.77871896685981,1426.347235993401
88.64999999999999,19.662795797806858,70.78606487210469,1427.3303247700605
88.7,19.664400037326907,70.79184013437687,1428.3135046659388
88.75,19.665903723816434,70.79725340573917,1429.2967622599674
88.8,19.667417639647212,70.80270350272997,1430.280095294054
88.85000000000001,19.669053576798106,70.80859287647318,1431.2635070744652
88.89999999999999,19.670964864807157,70.81547351330576,1432.2470075355054
88.95,19.673026097109503,70.82289394959422,1433.2306073095533
89.0,19.67474531494404,70.82908313379855,1434.2143015948545
89.05,19.676173790221867,70.83422564479872,1435.1980745724836
89.10000000000001,19.67768730993489,70.8396743157656,1436.1819210999874
89.14999999999999,19.679043926547685,70.84455813557167,1437.1658393808996
89.2,19.680053939547324,70.84819418237036,1438.149816827552
89.25,19.68098216314729,70.85153578733025,1439.1338427301193
89.3,19.681653937259913,70.8539541741357,1440.1179086326295
89.35000000000001,19.681967370712265,70.85508253456416,1441.1019991653288
89.39999999999999,19.682255226074414,70.8561188138679,1442.0861047302485
89.45,19.682762734388444,70.8579458437984,1443.07023017926
89.5,19.68329659208781,70.85986773151612,1444.054381662422
89.55,19.684040579442595,70.86254608599334,1445.0385650917103
89.60000000000001,19.684995011044037,70.86598203975853,1446.0227909814726
89.64999999999999,19.685892828804977,70.86921418369792,1447.0070631774688
89.7,19.68666682840749,70.87200058226696,1447.9913771688991
89.75,19.687425579347217,70.87473208564998,1448.975729479093
89.8,19.688180365757056,70.8774493167254,1449.9601196277206
89.85000000000001,19.688597745404092,70.87895188345473,1450.9445390804997
89.89999999999999,19.688792662350014,70.87965358446006,1451.9289738406935
89.95,19.68910359923539,70.88077295724742,1452.9134212472331
89.99999999999999,19.689505021794165,70.88221807845899,1453.8978864627588
90.05,19.689740940643873,70.88306738631795,1454.8823676118197
90.10000000000001,19.689943810942324,70.88379771939238,1455.8668597306093
90.14999999999999,19.69033730925129,70.88521431330464,1456.8513667586142
90.2,19.690801445708427,70.88688520455034,1457.8358952274882
90.25,19.69126378236355,70.88854961650878,1458.82044685819
90.3,19.691763608626584,70.8903489910557,1459.8050225429647
90.35000000000001,19.69207928182284,70.89148541456223,1460.789618615226
90.39999999999999,19.69231438147208,70.89233177329949,1461.7742284568083
90.45,19.692540261290024,70.89314494064409,1462.7588498228772
90.5,19.692997032473762,70.89478931690554,1463.7434882552213
90.55,19.693433754259438,70.89636151533398,1464.7281490248897
90.60000000000001,19.69380357057673,70.89769285407623,1465.7128299580106
90.64999999999999,19.694247466889053,70.89929088080059,1466.6975312339473
90.7,19.694643865413497,70.90071791548858,1467.6822535172548
90.75,19.695284226460654,70.90302321525836,1468.6670017195518
90.8,19.69602040058355,70.90567344210078,1469.6517843352278
90.85000000000001,19.696550217911028,70.9075807844797,1470.6365986006901
90.89999999999999,19.6970012004701,70.90920432169237,1471.6214373861496
90.95,19.697426435812773,70.91073516892598,1472.6062980770566
91.0,19.69786923409233,70.9123292427324,1473.5911804688042
91.05,19.69852560654636,70.9146921835669,1474.5760903398202
91.10000000000001,19.699627401724015,70.91865864620645,1475.561044165027
91.14999999999999,19.700722679737115,70.92260164705361,1476.5460529170634
91.2,19.70190228360557,70.92684822098005,1477.531118541147
91.25,19.703231613278234,70.93163380780165,1478.516246888569
91.3,19.70441902085582,70.93590847508095,1479.5014381544222
91.35000000000001,19.7058084406144,70.94091038621184,1480.4866938409589
91.39999999999999,19.707503311515822,70.94701192145696,1481.4720266347622
91.45,19.708828321401278,70.9517819570446,1482.4574349255852
91.5,19.709738122586508,70.95505724131144,1483.442899086685
91.55,19.710728977538043,70.95862431913696,1484.4284107641881
91.6,19.71215996648494,70.96377587934579,1485.4139829877888
91.65,19.713647458400192,70.96913085024069,1486.399628173411
91.7,19.714988709259096,70.97395935333275,1487.3853440776024
91.75,19.715724471473944,70.9766080973062,1488.3711119071208
91.8,19.71652391633384,70.97948609880183,1489.3569181168161
91.85,19.71729828324289,70.9822738196744,1490.3427636718056
91.9,19.71760716884759,70.98338580785132,1491.328636308108
91.95,19.71672985344752,70.98022747241107,1492.3144947336652
92.0,19.715508129479527,70.9758292661263,1493.3003006832384
92.05,19.71393161956229,70.97015383042424,1494.2860366769644
92.1,19.71170450672157,70.96213622419765,1495.2716775801214
92.15,19.70769231040525,70.9476923174589,1496.2571625005496
92.2,19.70334015799527,70.93202456878298,1497.2424383122595
92.25,19.698508100357373,70.91462916128654,1498.2274845187183
92.3,19.693032318096726,70.89491634514822,1499.2122730291796
92.35,19.686278006260533,70.87060082253792,1500.1967557872886
92.4,19.677538750231754,70.83913950083432,1501.180851206201
92.45,19.668328496401465,70.80598258704528,1502.1644978873667
92.5,19.658142296329544,70.76931226678636,1503.147659657185
92.55,19.646449667795647,70.72721880406434,1504.1302744562881
92.6,19.63221341988593,70.67596831158934,1505.1122410334801
92.65,19.617005925557727,70.62122133200782,1506.0934715171163
92.7,19.600406038182854,70.56146173745827,1507.0739068162097
92.75,19.582835812938733,70.49820892657944,1508.0534878624878
92.8,19.563511336347382,70.42864081085058,1509.03214654122
92.85,19.54104120388314,70.34774833397931,1510.0097603547258
92.9,19.517715555467348,70.26377599968245,1510.9862292737096
92.94999999999999,19.493604770481678,70.17697717373404,1511.9615122818584
93.0,19.46937214875228,70.08973973550822,1512.9355867048394
93.05000000000001,19.441229793439554,69.9884272563824,1513.908351753394
93.1,19.411689719086805,69.8820829887125,1514.8796747412073
93.15,19.380380345187902,69.76936924267645,1515.8494764928141
93.19999999999999,19.34737328213588,69.65054381568918,1516.8176703334973
93.25,19.31194174597998,69.52299028552792,1517.7841532092002
93.30000000000001,19.27256624336884,69.38123847612782,1518.7487659089338
93.35,19.231764836091187,69.23435340992827,1519.7113741859202
93.4,19.18917756335397,69.08103922807429,1520.6718977459063
93.44999999999999,19.144475693047557,68.9201124949712,1521.6302390773164
93.5,19.09619249350952,68.74629297663428,1522.5862557819803
93.55000000000001,19.046703829925292,68.56813378773106,1523.5398281900661
93.6,18.995532738288617,68.38391785783902,1524.4908841042716
93.65,18.942772189130757,68.19397988087073,1525.439341727457
93.69999999999999,18.886547668240105,67.99157160566438,1526.3850747238914
93.75,18.82919871301974,67.78511536687107,1527.327968383423
93.80000000000001,18.770686990319927,67.57447316515174,1528.2679655260065
93.85,18.711452017342857,67.36122726243428,1529.205019001198
93.9,18.650446170211502,67.14160621276142,1530.139066455887
93.94999999999999,18.586146506439825,66.91012742318337,1531.0699812728033
94.0,18.521883321259974,66.6787799565359,1531.9976820184957
94.05000000000001,18.457435385265683,66.44676738695647,1532.9221649861588
94.1,18.3920231118111,66.21128320251997,1533.8434014485858
94.15,18.323708839840688,65.96535182342647,1534.7612947473772
94.19999999999999,18.255232706957774,65.71883774504799,1535.675768286047
94.25,18.18615072968762,65.47014262687543,1536.5868028719633
94.3,18.11745575319043,65.22284071148555,1537.4943930340353
94.35,18.047714719164812,64.97177298899332,1538.3985222958443
94.4,17.97549792569431,64.71179253249952,1539.2991026119657
94.44999999999999,17.903592095151026,64.4529315425437,1540.1960798624868
94.5,17.83254218474224,64.19715186507207,1541.0894832194842
94.55,17.76121192732906,63.940362938384624,1541.979327072286
94.6,17.688052644140786,63.67698951890683,1542.8655586865727
94.65,17.61566646731023,63.41639928231683,1543.748151664359
94.7,17.544620594746885,63.160634141088785,1544.6271588409104
94.75,17.473659120382727,62.90517283337782,1545.5026158337887
94.8,17.40110931082291,62.64399351896248,1546.374485044569
94.85,17.328974030640563,62.384306510306025,1547.2427371281055
94.9,17.257577574192464,62.127279267092874,1548.1074009182264
94.95,17.18834860045829,61.878054961649845,1548.9685490725926
95.0,17.11921615687354,61.62917816474475,1549.8262381915258
95.05,17.048861715395635,61.37590217542429,1550.6804401383326
95.1,16.97976678537146,61.12716042733726,1551.5311558508517
95.15,16.91313594168361,60.887289390061,1552.3784784190282
95.2,16.84698703079461,60.649153310860605,1553.2224814933402
95.25,16.780227278934863,60.408818204165506,1554.0631618510834
95.3,16.71421506656588,60.171174239637175,1554.9005229097208
95.35,16.649753601398967,59.93911296503628,1555.73462212642
95.4,16.588079895467743,59.717087623683874,1556.5655679638417
95.45,16.5269643059377,59.49707150137572,1557.3934440688768
95.5,16.46445552456643,59.272039888439146,1558.2182295646394
95.55,16.400892786827153,59.04321403257775,1559.0398632724243
95.6,16.340153206373426,58.824551542944334,1559.8583894222543
95.65,16.279553665811715,58.60639319692218,1560.6738820940589
95.7,16.217914797302022,58.38449327028728,1561.4863188056368
95.75,16.15666513282148,58.16399447815733,1562.2956833038897
95.8,16.09618999052931,57.94628396590552,1563.1020046819735
95.85,16.038227491379924,57.73761896896773,1563.9053651190213
95.89999999999999,15.980441196657573,57.529588307967266,1564.7058318362222
95.95,15.921636791332636,57.317892448797494,1565.5033837859219
96.0,15.863327670107594,57.10797961238734,1566.2980078974579
96.05,15.807742217063312,56.907871981427924,1567.0897846446371
96.10000000000001,15.752663703833878,56.709589333801965,1567.8787947926596
96.14999999999999,15.697186967402196,56.50987308264791,1568.6650410594405
96.2,15.642232613158614,56.31203740737101,1569.4485265489545
96.25,15.590160513101283,56.12457784716462,1570.229336377111
96.3,15.538724737023049,55.93940905328298,1571.0075585083641
96.35000000000001,15.486929730003464,55.75294702801247,1571.7831998700399
96.39999999999999,15.435526800409297,55.56789648147347,1572.5562612833003
96.45,15.385234931397298,55.38684575303027,1573.3267803265953
96.5,15.337474456866797,55.214908044720474,1574.094848061302
96.55,15.290126209051607,55.04445435258579,1574.86053807795
96.60000000000001,15.242336109305631,54.87240999350027,1575.623849635909
96.64999999999999,15.195245363777437,54.702883309598775,1576.384789172736
96.7,15.150738783845252,54.54265962184291,1577.1434387764266
96.75,15.106627888473287,54.383860398503835,1577.8998729432346
96.8,15.062607915801479,54.22538849688532,1578.6541038383416
96.85000000000001,15.018810826824314,54.067718976567534,1579.4061393069073
96.89999999999999,14.975890048984514,53.91320417634425,1580.1560068288024
96.95,14.935650859066058,53.768343092637814,1580.9037953515037
97.0,14.895731294581612,53.6246326604938,1581.649579905345
97.05,14.855698852669175,53.48051586960903,1582.3933656590264
97.10000000000001,14.816489449619935,53.33936201863177,1583.1351703665837
97.14999999999999,14.7799136251958,53.20768905070488,1583.8750804434542
97.2,14.743419656344814,53.07631076284133,1584.6131637754927
97.24999999999999,14.706976848775707,52.94511665559254,1585.3494236881206
97.3,14.671033616914109,52.81572102089079,1586.0838739497628
97.35000000000001,14.63750577203244,52.695020779316785,1586.8165874344866
97.39999999999999,14.604401809581042,52.57584651449175,1587.547635124027
97.45,14.571814446474752,52.45853200730911,1588.2770405304284
97.5,14.53952905384462,52.34230459384063,1589.0048241179363
97.55,14.508042909643125,52.22895447471525,1589.7310134170234
97.60000000000001,14.47891859086921,52.124106927129155,1590.4556874545362
97.64999999999999,14.450354018394926,52.02127446622173,1591.178919269768
97.7,14.422148488252997,51.91973455771079,1591.900731832434
97.75,14.394828349882214,51.821382059575974,1592.6211562533874
97.8,14.369953325785012,51.73183197282604,1593.340275795279
97.85000000000001,14.345937502268063,51.645375008165026,1594.0581730659803
97.89999999999999,14.322154322062204,51.559755559423934,1594.7748753615886
97.95,14.298983500347248,51.476340601250094,1595.4904038071488
98.0,14.276567908482178,51.39564447053584,1596.2047925923696
98.05,14.256185975713443,51.3222695125684,1596.9181114394744
98.10000000000001,14.236308373960034,51.250710146256125,1597.6304237982163
98.14999999999999,14.216670691976773,51.18001449111639,1598.3417482748646
98.2,14.19769239742202,51.111692630719276,1599.0521073520995
98.25,14.18100344433417,51.051612399603016,1599.7615747481434
98.3,14.164910373221167,50.993677343596204,1600.4702225935823
98.35000000000001,14.149625303218322,50.93865109158596,1601.1780859854932
98.39999999999999,14.1349056898685,50.8856604835266,1601.8851992603204
98.45,14.120341084832196,50.83322790539591,1602.5915804296878
98.5,14.107699442614008,50.78771799341043,1603.297281442874
98.55,14.095955861424462,50.745441101128065,1604.002372825475
98.6,14.084763355622451,50.705148080240825,1604.7068908059011
98.64999999999999,14.074038060672146,50.666537018419724,1605.4108608413085
98.7,14.065201371580637,50.634724937690294,1606.1143418271147
98.75,14.057132347171379,50.60567644981697,1606.8174001700834
98.8,14.049486016499046,50.578149659396566,1607.5200656291752
98.85,14.042462074166718,50.552863467000186,1608.222364331442
98.9,14.036866351941057,50.53271886698781,1608.9243475420947
98.95,14.031788870668082,50.5144399344051,1609.6260639226598
99.0,14.0269569012129,50.49704484436644,1610.3275325669567
99.05,14.022652607192533,50.481549385893125,1611.028772804667
99.1,14.018439537248303,50.46638233409389,1611.729800108278
99.15,14.015353539341698,50.45527274163011,1612.4306449351927
99.2,14.01266198638434,50.44558315098362,1613.1313453233358
99.25,14.010412394869533,50.437484621530324,1613.8319221828672
99.3,14.00827748515178,50.429798946546406,1614.5323894298676
99.35,14.007130365951024,50.42566931742369,1615.232774626145
99.4,14.006314770632493,50.42273317427698,1615.9331107545597
99.45,14.005531959122713,50.419915052841766,1616.6334069228035
99.5,14.004955933564242,50.41784136083127,1617.3336691201207
99.55,14.004422502299988,50.41592100827996,1618.0339035810173
99.6,14.00452698823122,50.41629715763239,1618.7341273182806
99.65,14.004595992642681,50.41654557351365,1619.4343553928024
99.7,14.004530081574144,50.416308293666916,1620.134583544658
99.75,14.004510352986268,50.416237270750564,1620.834809555522
99.8,14.004867941202587,50.417524588329314,1621.5350440128768
99.85,14.005152356855639,50.4185484846803,1622.2352945203284
99.9,14.00540309807877,50.41945115308357,1622.9355584067016
99.95,14.00559840905326,50.42015427259174,1623.6358334443798
100.0,14.006042375037218,50.42175255013399,1624.336124463982
100.05,14.006506155896929,50.42342216122895,1625.0364381772554
100.1,14.00690792516198,50.42486853058313,1625.736773529282
100.15,14.007298575970758,50.42627487349473,1626.4371286918101
100.19999999999999,14.007608637199299,50.42739109391748,1627.1375013721395
100.25,14.008059980894545,50.42901593122036,1627.8378930875917
100.30000000000001,14.008559960201973,50.4308158567271,1628.5383085861192
100.35,14.009018453402318,50.43246643224835,1629.2387480464592
100.4,14.009249166167741,50.43329699820387,1629.9392047369486
100.44999999999999,14.009635464151152,50.43468767094415,1630.6396768527065
100.5,14.01007584102554,50.436273027691946,1631.340169635336
100.55000000000001,14.010325777818203,50.43717280014553,1632.040679675807
100.6,14.01062544354302,50.438251596754874,1632.741203456341
100.65,14.011006315835605,50.43962273700818,1633.4417442503254
100.69999999999999,14.011583255530642,50.44169971991031,1634.1423089896095
100.75,14.012291938751387,50.44425097950499,1634.8429058694667
100.80000000000001,14.012731484667613,50.44583334480341,1635.543531455052
100.85,14.013031266997679,50.446912561191645,1636.2441755238438
100.9,14.013346891754175,50.44804881031503,1636.9448349778124
100.94999999999999,14.013579307539267,50.44888550714136,1637.6455081327947
101.0,14.013703740304527,50.449333465096295,1638.3461902089907
101.05000000000001,14.01378355654904,50.44962080357654,1639.046877391412
101.1,14.014187144758804,50.45107372113169,1639.7475766589446
101.15,14.014789173579366,50.45324102488572,1640.448301066903
101.19999999999999,14.01540887669482,50.455471956101356,1641.1490560181599
101.25,14.015570606037732,50.45605418173584,1641.849830505228
101.30000000000001,14.015361314579714,50.45530073248697,1642.5506038032436
101.35,14.014925432011733,50.45373155524224,1643.2513609719083
101.4,14.014020966925633,50.45047548093228,1643.9520846318817
101.44999999999999,14.012597682330476,50.44535165638972,1644.652750098113
101.5,14.01091700010154,50.43930120036554,1645.353337965174
101.55,14.00889009497558,50.43200434191209,1646.053833142551
101.6,14.006439766698282,50.423183160113815,1646.7542163890928
101.65,14.003442692294831,50.41239369226139,1647.4544634505676
101.7,14.000176534759722,50.400635525135,1648.154553931244
101.75,13.996820887602972,50.3885551953707,1648.854478866803
101.8,13.993390833033367,50.37620699892012,1649.5542341598189
101.85,13.989830641029608,50.36339030770659,1650.2538146966704
101.9,13.985469329714574,50.347689586972464,1650.9531971959389
101.95,13.980359051077485,50.329292583878946,1651.6523429054587
102.0,13.974816239018107,50.309338460465185,1652.3512222877112
102.05,13.968604908221735,50.28697766959825,1653.049807816392
102.1,13.961534912257541,50.26152568412715,1653.7480613119042
102.15,13.953757214062845,50.233525970626246,1654.445943615062
102.2,13.945493976274589,50.20377831458852,1655.1434248948206
102.25,13.936776568328435,50.17239564598237,1655.8404816584357
102.3,13.927482587410745,50.138937314678685,1656.5370881373292
102.35,13.917020569865329,50.10127405151518,1657.233200716261
102.4,13.90568638892844,50.060471000142385,1657.928768390231
102.45,13.893906521497144,50.01806347738972,1658.6237582129916
102.5,13.881810366019824,49.97451731767137,1659.3181511351795
102.55,13.868640397320853,49.92710543035507,1660.011912404263
102.6,13.854405123696578,49.875858445307685,1660.7049885422884
102.65,13.839667314194791,49.82280233110125,1661.3973403532357
102.7,13.824535670901016,49.76832841524366,1662.088945427863
102.75,13.808904823530376,49.71205736470936,1662.7797814402238
102.8,13.792226067814497,49.65201384413219,1663.4698097125074
102.85,13.774735024336568,49.58904608761165,1664.1589837398112
102.89999999999999,13.756988581158632,49.52515889217108,1664.8472768299487
102.95,13.739072696075086,49.46066170587031,1665.5346783618795
103.0,13.720095182435406,49.39234265676746,1666.2211575588424
103.05,13.700061884883368,49.32022278558013,1666.9066614855253
103.1,13.679714065077462,49.24697063427887,1667.5911558842743
103.14999999999999,13.659056791847878,49.17260445065236,1668.2746251556973
103.2,13.63750175619626,49.09500632230654,1668.9570391193984
103.25,13.615029302024336,49.01410548728761,1669.6383523958539
103.3,13.592252655220303,48.932109558793094,1670.318534444785
103.35000000000001,13.56925410308825,48.8493147711177,1670.9975721137428
103.39999999999999,13.545964810148568,48.765473316534845,1671.6754525865738
103.45,13.521647211663606,48.67792996198898,1672.352142887119
103.5,13.496501683551191,48.58740606078429,1673.0275966094994
103.55,13.471446196603251,48.497206307771705,1673.7017953065033
103.60000000000001,13.446558358706623,48.40761009134384,1674.374745420386
103.64999999999999,13.42064158744262,48.31430971479344,1675.0464254190397
103.7,13.393631066860332,48.217071840697194,1675.7167822353972
103.75,13.366473593783924,48.119304937622125,1676.3857848519133
103.8,13.339456933692338,48.022044961292416,1677.0534331151002
103.85000000000001,13.311989745510639,47.9231630838383,1677.7197192820804
103.89999999999999,13.28323114632292,47.819632126762514,1678.3845998043762
103.95,13.253577547188705,47.712879169879336,1679.048020021714
104.0,13.224108972162472,47.6067922997849,1679.7099621846976
104.05,13.19441418776271,47.49989107594576,1680.3704252636958
104.10000000000001,13.16376510415705,47.389554374965385,1681.0293797459938
104.14999999999999,13.132283874672469,47.27622194882089,1681.6867809704645
104.2,13.101052747268497,47.16378989016659,1682.342614386013
104.25,13.069846708552774,47.05144815078999,1682.9968868724086
104.3,13.037656864595961,46.935564712545464,1683.6495744617373
104.35000000000001,13.004282190474838,46.81541588570941,1684.300622938114
104.39999999999999,12.970431132167056,46.6935520758014,1684.94999077118
104.45,12.936928696055045,46.57294330579816,1685.5976747668856
104.49999999999999,12.903639614316624,46.45310261153985,1686.2436889746448
104.55,12.869122856009405,46.32884228163386,1686.8880080364029
104.60000000000001,12.833441536202399,46.200389530328636,1687.5305721462082
104.64999999999999,12.797906713400254,46.07246416824091,1688.1713558524482
104.7,12.762196983695983,45.94390914130554,1688.8103584448756
104.75,12.725510290369275,45.81183704532939,1689.4475511267274
104.8,12.687629286725741,45.67546543221267,1690.0828796161547
104.85000000000001,12.649208874438536,45.53715194797873,1690.7163005701839
104.89999999999999,12.610902690451141,45.399249685624106,1691.3478033593062
104.95,12.572756003642084,45.261921613111504,1691.9773948266586
105.0,12.533483385534836,45.120540187925414,1692.605050811388
105.05,12.4928872609239,44.974394139326044,1693.2307100775495
105.10000000000001,12.452536253519165,44.829130512668996,1693.8543456654106
105.14999999999999,12.412418201150214,44.68470552414077,1694.4759695267774
105.2,12.371442404697737,44.537192656911856,1695.0955660419236
105.25,12.32949478555392,44.38618122799411,1695.71308947168
105.3,12.28749594551379,44.23498540384964,1696.3285142399566
105.35000000000001,12.245997367062959,44.08559052142665,1696.941851572771
105.39999999999999,12.20482293939869,43.93736258183529,1697.5531220804326
105.45,12.162906052442846,43.78646178879425,1698.1623153052285
105.5,12.119752494960997,43.63110898185959,1698.7693817689135
105.55,12.077011806932303,43.477242504956294,1699.374300876461
105.60000000000001,12.034818816382838,43.325347738978216,1699.9770966420438
105.64999999999999,11.992050021436192,43.17138007717029,1700.5777683629892
105.7,11.948366607418343,43.01411978670604,1701.1762787787106
105.75,11.90539782912487,42.85943218484954,1701.7726228896242
105.8,11.86300085056705,42.70680306204138,1702.3668328566166
105.85,11.819952533306633,42.55182911990388,1702.9589066912135
105.89999999999999,11.77628926459467,42.394641352540816,1703.5488127361612
105.95,11.733217410370354,42.239582677333274,1704.1365504030352
106.0,11.69150139490465,42.08940502165674,1704.722168373167
106.05,11.650424819936255,41.94152935177052,1705.3057165285381
106.1,11.608886454365411,41.79199123571548,1705.8871993103958
106.15,11.566417901319268,41.639104444749364,1706.4665819192878
106.2,11.524535362042903,41.48832730335445,1707.043855750872
106.25,11.483234586809424,41.33964451251393,1707.6190499995932
106.3,11.441368703475446,41.188927332511604,1708.1921650818504
106.35,11.398845259334184,41.035842933603064,1708.7631704309206
106.4,11.356502306223264,40.88340830240375,1709.3320541200594
106.45,11.31497068048441,40.73389444974388,1709.898840944727
106.5,11.274303729407825,40.58749342586817,1710.4635728049743
106.55,11.233389205952927,40.440201141430535,1711.0262651283583
106.6,11.192063102261653,40.29142716814195,1711.5869014360637
106.65,11.151709140954443,40.146152907436,1712.145495742144
106.7,11.112555093186382,40.00519833547097,1712.7021023479977
106.75,11.073549383474317,39.864777780507545,1713.2567549599141
106.8,11.0344390137491,39.723980449496764,1713.8094546698446
106.85,10.996395032746388,39.587022117887,1714.3602255210071
106.9,10.959596991075188,39.454549167870674,1714.9091253216027
106.95,10.923206656694187,39.32354396409907,1715.456195412797
107.0,10.886642450039721,39.191912820142996,1716.0014416404651
107.05,10.850244878262409,39.06088156174467,1716.5448638236726
107.1,10.815118275667803,38.93442579240409,1717.086497902521
107.15,10.781360513560022,38.81289784881608,1717.6264098722515
107.19999999999999,10.74811775515169,38.69322391854608,1718.1646468289694
107.25,10.715156707203214,38.57456414593157,1718.7012286905283
107.3,10.683380951273005,38.46017142458282,1719.2361921319903
107.35,10.652961292382033,38.35066065257532,1719.7696006880817
107.4,10.623091823796171,38.24313056566622,1720.3015020159862
107.44999999999999,10.59374821660754,38.13749357978715,1720.8319230169964
107.5,10.565053835088634,38.03419380631908,1721.3608930682888
107.55000000000001,10.537574400051948,37.93526784018702,1721.8884587741672
107.6,10.511719718459538,37.84219098645434,1722.41469112713
107.65,10.486794550801353,37.75246038288487,1722.9396539838615
107.69999999999999,10.462332561639599,37.664397221902554,1723.4633821616726
107.75,10.439438243765778,37.5819776775568,1723.9859264318077
107.80000000000001,10.41823370167843,37.50564132604235,1724.5073682304437
107.85,10.397511877580541,37.43104275928995,1725.0277618699251
107.9,10.377055500911226,37.357399803280416,1725.5471260543875
107.94999999999999,10.357250678518463,37.28610244266647,1726.0654837088732
108.0,10.338339259017564,37.21802133246323,1726.5828734573115
108.05000000000001,10.320952362441107,37.155428504787984,1727.099355747848
108.1,10.304034985063014,37.09452594622685,1727.6149804315355
108.15,10.28699686688478,37.033188720785205,1728.1297562278342
108.19999999999999,10.270938615411005,36.97537901547962,1728.6437046148915
108.25,10.256115018649991,36.92201406713997,1729.156880955743
108.30000000000001,10.241461488167111,36.869261357401605,1729.6693203684133
108.35,10.226577908937113,36.81568047217361,1730.1810213533408
108.4,10.212579508284996,36.76528622982599,1730.6920002887714
108.44999999999999,10.199732348586265,36.71903645491055,1731.2023080851932
108.5,10.18643613468777,36.671170084875975,1731.711962297275
108.55000000000001,10.172053154473513,36.61939135610465,1732.2209245295041
108.6,10.157802195013945,36.5680879020502,1732.7291709132414
108.65,10.14382404189164,36.51776655080991,1733.236711569164
108.69999999999999,10.130448445811682,36.469614404922055,1733.7435683813567
108.75,10.116757990002833,36.4203287640102,1734.249748542252
108.8,10.10235875929236,36.36849153345249,1734.7552264609844
108.85,10.08824502866376,36.31768210318954,1735.2599915556834
108.9,10.074384080530349,36.267782689909254,1735.7640572834132
108.95,10.059929880453486,36.215747569632555,1736.2674151324377
109.0,10.044681507094282,36.160853425539415,1736.7700304171265
109.05,10.02893777471631,36.10417598897872,1737.2718708991717
109.1,10.01308158779872,36.047093716075395,1737.7729213832347
109.15,9.997474640811676,35.990908706922035,1738.27318528895
109.2,9.981353035762574,35.93287092874527,1738.7726559808643
109.25,9.964288305885777,35.8714379011888,1739.2712970144055
109.3,9.947255509231018,35.81011983323167,1739.7690856097834
109.35,9.93025063972779,35.748902303020046,1740.2660232635073
109.4,9.912969685579295,35.68669086808546,1740.76210377164
109.45,9.894973319601323,35.621903950564764,1741.2573023467696
109.5,9.876947876501132,35.557012355404076,1741.7516003766723
109.55,9.859259139706303,35.49333290294269,1742.2450055520774
109.6,9.841295433449657,35.42866356041877,1742.7375194164063
109.65,9.822660162629736,35.36157658546705,1743.2291183063082
109.7,9.803860505664892,35.29389782039361,1743.7197813230157
109.75,9.785099518353086,35.22635826607111,1744.2095053236162
109.8,9.766584907098323,35.159705665553965,1744.6982974342525
109.85,9.748159132475807,35.09337287691291,1745.1861660352417
109.9,9.729231930211498,35.025234948761394,1745.673100811809
109.95,9.710548460854739,34.95797445907706,1746.1590953215857
110.0,9.692330794146962,34.89239085892906,1746.6441673029608
110.05,9.67401069978494,34.82643851922579,1747.1283258403091
110.1,9.655267232994861,34.7589620387815,1747.6115577886287
110.14999999999999,9.63664424109637,34.691919267946936,1748.093855575481
110.2,9.618070100092503,34.62505236033301,1748.5752234340107
110.25,9.59999943859413,34.55999797893887,1749.0556751724778
110.3,9.581904693107486,34.49485689518695,1749.5352227757703
110.35000000000001,9.563144566731104,34.42732044023197,1750.0138490072663
110.39999999999999,9.544897696821682,34.36163170855806,1750.4915500638551
110.45,9.527083847015716,34.29750184925658,1750.968349602451
110.5,9.509136545271387,34.232891562976995,1751.4442551122584
110.55,9.490535549106914,34.16592797678489,1751.9192469146178
110.60000000000001,9.471916188441638,34.098898278389896,1752.3933082080566
110.64999999999999,9.453375387502144,34.032151395007716,1752.8664404974552
110.7,9.435085233481283,33.96630684053262,1753.3386520129798
110.75,9.416541773650591,33.89955038514213,1753.8099426881581
110.8,9.39718959068032,33.829882526449154,1754.2802859722665
110.85000000000001,9.377974849880038,33.76070945956814,1754.7496650832804
110.89999999999999,9.359455930255658,33.69404134892037,1755.218100852784
110.95,9.340833765865755,33.62700155711672,1755.685608095187
111.0,9.321298319138073,33.556673948897064,1756.152161397312
111.05,9.302148872661734,33.487735941582244,1756.6177475771071
111.10000000000001,9.283446148474514,33.420406134508255,1757.0823874526357
111.14999999999999,9.264463068440334,33.3520670463852,1757.5460851830585
111.2,9.24452670726125,33.2802961461405,1758.008809927451
111.25,9.224279800067299,33.20740728024228,1758.4705300901342
111.3,9.203767914197876,33.13356449111235,1758.931231282991
111.35000000000001,9.183823539420208,33.061764741912754,1759.3909210693314
111.39999999999999,9.163490727049979,32.988566617379924,1759.849603925993
111.45,9.142041927282872,32.91135093821834,1760.3072422423513
111.49999999999999,9.1208990061626,32.83523642218536,1760.7638157656875
111.55,9.100120720151127,32.76043459254406,1761.2193412588454
111.60000000000001,9.079139821927482,32.68490335893894,1761.6738227723972
111.64999999999999,9.057128348194453,32.60566205350003,1762.1272294766502
111.7,9.035028812282375,32.526103724216554,1762.5795334056622
111.74999999999999,9.012933145866905,32.44655932512086,1763.0307324546159
111.8,8.991243477454436,32.36847651883597,1763.4808368701988
111.85000000000001,8.969292468547437,32.289452886770775,1763.929850268849
111.89999999999999,8.946303100876424,32.20669116315513,1764.3777401580844
111.95,8.92314360852748,32.12331699069893,1764.8244763258194
112.0,8.900702154249744,32.04252775529908,1765.2700724698889
112.05,8.878121195006576,31.961236302023675,1765.7145430536202
112.10000000000001,8.85425201216188,31.875307243782768,1766.1578523837995
112.14999999999999,8.830571908518468,31.79005887066649,1766.5999729818166
112.2,8.807509190121088,31.707033084435917,1767.0409250092825
112.25,8.78422945181553,31.62322602653591,1767.480718475331
112.3,8.759686823273377,31.53487256378416,1767.9193163822083
112.35000000000001,8.73525710553747,31.44692557993489,1768.3566899804287
112.39999999999999,8.710544572069697,31.35796045945091,1768.7928350223688
112.45,8.687441443054318,31.274789194995545,1769.2277846727468
112.5,8.663909921463386,31.19007571726819,1769.6615684568596
112.55,8.638822705109662,31.099761738394786,1770.094136772524
112.60000000000001,8.613615678902953,31.00901644405063,1770.5254477321243
112.64999999999999,8.588589032174228,30.918920515827224,1770.9555028499012
112.7,8.563324642695363,30.82796871370331,1771.384300691773
112.75,8.536638001209408,30.73189680435387,1771.8117997578706
112.8,8.50974820573414,30.635093540642902,1772.237959413044
112.85000000000001,8.48235747133883,30.53648689681979,1772.662762054971
112.89999999999999,8.455380492693752,30.43936977369751,1773.0862055040718
112.95,8.427735315344503,30.33984713524021,1773.5082833992728
113.0,8.398650389856376,30.235141403482956,1773.9289430419028
113.05,8.369273398293378,30.129384233856165,1774.3481411366065
113.1,8.340202646076122,30.02472952587404,1774.7658780377158
113.14999999999999,8.310796400636786,29.91886704229243,1775.1821530138836
113.2,8.28014191262075,29.808510885434696,1775.596926471715
113.25,8.249365710539422,29.69771655794192,1776.0101641622941
113.3,8.218513221368624,29.586647596927047,1776.4218611355918
113.35,8.188166090602572,29.477397926169257,1776.832028118391
113.4,8.157864918969548,29.368313708290373,1777.2406788936303
113.45,8.126245161234252,29.254482580443305,1777.6477816456354
113.5,8.094435251189273,29.139966904281383,1778.053298655946
113.55,8.063479562534658,29.02852642512477,1778.457246526289
113.6,8.032343616108783,28.91643701799162,1778.859642105755
113.65,8.00015952812717,28.800574301257814,1779.2604546843609
113.7,7.9678073058706484,28.684106301134335,1779.6596538552108
113.75,7.936316727317282,28.570740218342216,1780.0572569560404
113.8,7.904969831112405,28.457891392004658,1780.4532891200013
113.85,7.872953420264538,28.342632312952336,1780.8477372012858
113.9,7.84083733714447,28.22701441372009,1781.240581970221
113.95,7.8088873089847874,28.111994312345235,1781.6318250863742
114.0,7.778015220512187,28.000854793843875,1782.0214976496115
114.05,7.74697847755683,27.889122519204587,1782.4096224920634
114.1,7.715091821046286,27.774330555766632,1782.7961742495283
114.15,7.683755320782404,27.661519154816656,1783.1811454280742
114.2,7.653723483613937,27.553404541010174,1783.564582398184
114.25,7.623782108894992,27.445615592021973,1783.9465200379968
114.3,7.593026500272389,27.3348954009806,1784.326940253226
114.35,7.562182946901938,27.223858608846978,1784.7058204894054
114.4,7.531489151207805,27.1133609443481,1785.0831622918581
114.44999999999999,7.501702579917237,27.006129287702052,1785.4589920851363
114.5,7.472099322232823,26.89955756003816,1785.83333713269
114.55,7.441499481947034,26.78939813500932,1786.2061771027945
114.6,7.4110388372340825,26.679739814042698,1786.577490560774
114.65,7.381992159433754,26.575171773961515,1786.9473163356909
114.69999999999999,7.353010801319007,26.470838884748424,1787.3156914097096
114.75,7.323170714195062,26.363414571102226,1787.6825959475975
114.80000000000001,7.293456751827135,26.256444306577684,1788.048011634248
114.85,7.2650783696105,26.154282130597803,1788.411975012284
114.9,7.236718506153695,26.0521866221533,1788.7745199341782
114.94999999999999,7.208487893348119,25.950556416053228,1789.1356500941658
115.0,7.178133237948162,25.841279656613384,1789.4953156224483
115.05000000000001,7.14757854974132,25.731282779068753,1789.8534584171405
115.1,7.117750053373491,25.62390019214457,1790.2100916322183
115.15,7.0876031568498945,25.51537136465962,1790.565225462474
115.19999999999999,7.056823346030445,25.404564045709602,1790.918836125046
115.25,7.02580736075287,25.29290649871033,1791.2709018927155
115.30000000000001,6.995754705806333,25.1847169409028,1791.6214409443794
115.35,6.965675285242305,25.0764310268723,1791.9704766941556
115.4,6.935164995893084,24.966593985215102,1792.3179977011841
115.44999999999999,6.904318920448263,24.85554811361375,1792.6639847990928
115.5,6.873448217731879,24.744413583834767,1793.0084289775473
115.55000000000001,6.843484110479499,24.636542797726197,1793.3513522857525
115.6,6.81356249034168,24.52882496523005,1793.692778450773
115.65,6.783412363998436,24.42028451039437,1794.0327028221313
115.69999999999999,6.753205148453954,24.311538534434238,1794.3711182599427
115.75,6.724134891614665,24.206885609812794,1794.7080517609445
115.80000000000001,6.695402929195643,24.103450545104316,1795.0435402064647
115.85,6.666584063362237,23.999702628104053,1795.3775898812787
115.9,6.638025393008396,23.89689141483023,1795.710205117688
115.94999999999999,6.609631776801807,23.794674396486506,1796.0413965469334
116.0,6.582664345988876,23.697591645559953,1796.371203950003
116.05,6.556420161469191,23.60311258128909,1796.6996810626895
116.1,6.530233287652135,23.508839835547686,1797.0268473989174
116.15,6.504447932496012,23.416012556985642,1797.3527144294212
116.2,6.4801265777672885,23.32845567996224,1797.6773287921778
116.25,6.456503086603988,23.243411111774357,1798.0007445337872
116.3,6.433205619199067,23.159540229116644,1798.3229872514323
116.35,6.410326126856733,23.07717405668424,1798.6440755450838
116.4,6.388967011782132,23.000281242415674,1798.9640578735498
116.45,6.368367445081408,22.92612280229307,1799.2829912349714
116.5,6.348255890005527,22.853721204019898,1799.6009068183487
116.55,6.328704241804421,22.783335270495915,1799.917830821644
116.6,6.309635685798448,22.714688468874414,1800.2337893198342
116.65,6.292066548481298,22.651439574532674,1800.5488318756911
116.7,6.274691215064379,22.588888374231768,1800.8630008197797
116.75,6.257432371603243,22.526756537771675,1801.1763039094465
116.8,6.240611715024156,22.466202174086963,1801.488755011612
116.85,6.225188102437868,22.410677168776324,1801.8004000070487
116.9,6.210601899777304,22.358166839198294,1802.1112947571041
116.95,6.19631477578271,22.306733192817756,1802.4214676739932
117.0,6.182803737944394,22.25809345659982,1802.7309456368364
117.05,6.16989881069339,22.211635718496204,1803.0397632005524
117.1,6.158443260551234,22.170395737984443,1803.3479717523335
117.15,6.147478662672548,22.130923185621175,1803.6556198004141
117.2,6.136505987985519,22.091421556747868,1803.9627194166806
117.25,6.12581101467554,22.052919652831942,1804.269277341747
117.3,6.116363427573872,22.01890833926594,1804.5753317028034
117.35,6.10739298827749,21.986614757798964,1804.8809256131997
117.39999999999999,6.098354854872554,21.954077477541194,1805.1860693092785
117.45,6.089605567731457,21.922580043833246,1805.4907683198437
117.5,6.080923366213858,21.891324118369887,1805.7950315431924
117.55,6.073049739455658,21.862979062040367,1806.0988808708341
117.60000000000001,6.065459937356241,21.83565577448247,1806.4023436127545
117.64999999999999,6.0577855082684176,21.808027829766303,1806.7054247488952
117.7,6.050007607617858,21.78002738742429,1807.0081195767923
117.75,6.042903359444729,21.754452094001024,1807.310442350969
117.8,6.035851121439695,21.7290640371829,1807.612411212991
117.85000000000001,6.028350813917643,21.702062930103516,1807.9140162613749
117.89999999999999,6.020469948451329,21.673691814424785,1808.215236780434
117.95,6.012971563215395,21.64669762757542,1808.5160728182257
118.0,6.005463142397273,21.619667312630185,1808.816533685866
118.05,5.997289053694748,21.590240593301093,1809.1166024907684
118.10000000000001,5.988710275980315,21.559356993529136,1809.4162524740102
118.14999999999999,5.979781381239398,21.527212972461836,1809.7154647654406
118.2,5.971016081331038,21.495657892791737,1810.0142347020048
118.25,5.962147101865329,21.463729566715188,1810.3125637815847
118.3,5.952591492632491,21.429329373476968,1810.610432246447
118.35000000000001,5.9425843582374895,21.393303689654964,1810.9078116427188
118.39999999999999,5.9328512232943815,21.358264403859774,1811.2046975322571
118.45,5.92297623986326,21.322714463507737,1811.501093218836
118.5,5.912203160859191,21.283931379093087,1811.7969727038542
118.55,5.900787466682732,21.242834880057835,1812.0922974695427
118.60000000000001,5.8889548938245415,21.20023761776835,1812.3870410285554
118.64999999999999,5.876969570810657,21.157090454918368,1812.6811891401712
118.7,5.864509449587257,21.112234018514126,1812.9747261156813
118.74999999999999,5.85107683383194,21.063876601794984,1813.2676157727667
118.8,5.836738905124603,21.01226005844857,1813.5598111662407
118.85000000000001,5.822251322179524,20.960104759846285,1813.8512859219234
118.89999999999999,5.808003654729066,20.90881315702464,1814.142042296346
118.95,5.793118349255526,20.855226057319893,1814.4320703464457
119.0,5.777374591710257,20.798548530156925,1814.7213326699698
119.05,5.761380182582139,20.7409686572957,1815.009801539327
119.10000000000001,5.744955609401809,20.68184019384651,1815.2974599341267
119.14999999999999,5.7275708849868,20.619255185952483,1815.5842730964864
119.2,5.70937850679952,20.55376262447827,1815.870196831281
119.25,5.690909459969015,20.487274055888456,1816.1552040304502
119.3,5.672409521930131,20.42067427894847,1816.4392870049978
119.35000000000001,5.6536178528621255,20.353024270303653,1816.7224376893676
119.39999999999999,5.633998184883717,20.282393465581382,1817.0046280903111
119.45,5.613566802258062,20.208840488129024,1817.2858172149897
119.5,5.593113506202261,20.13520862232814,1817.5659842227012
119.55,5.5723703310516255,20.06053319178585,1817.8451213186327
119.60000000000001,5.550742287493073,19.982672234975066,1818.1231991340962
119.64999999999999,5.528415322759487,19.902295161934155,1818.4001780743527
119.7,5.5059137993361995,19.82128967761032,1818.676036302405
119.75,5.483507832748597,19.74062819789495,1818.9507718432071
119.8,5.461004358130807,19.659615689270904,1819.2243846479792
119.85000000000001,5.437685075341322,19.57566627122876,1819.496851883816
119.89999999999999,5.41365014357643,19.48914051687515,1819.768135264289
119.95,5.389778271960442,19.403201779057593,1820.0382209746774
120.0,5.365680559006245,19.316450012422482,1820.3071074454515
120.05,5.340779253689189,19.22680531328108,1820.574768940769
120.10000000000001,5.315177951076403,19.13464062387505,1820.841167870888
120.14999999999999,5.289308063139198,19.041509027301114,1821.1062800212435
120.2,5.263517642408123,18.948663512669246,1821.370100663882
120.25,5.237554357115861,18.855195685617097,1821.6326274638702
120.3,5.210697668494467,18.75851160658008,1821.8938337645104
120.35,5.183082467391079,18.659096882607887,1822.1536782679075
120.39999999999999,5.155771990251048,18.560779164903774,1822.4121496293485
120.45,5.128407417846724,18.462266704248204,1822.669254114551
120.5,5.100220826826546,18.360794976575566,1822.924969820668
120.55,5.071290652148678,18.25664634773524,1823.1792576076423
120.6,5.0426807529790825,18.153650710724698,1823.4321068927704
120.65,5.014378514718975,18.05176265298831,1823.683533374463
120.7,4.9856278731593235,17.948260343373565,1823.93353353416
120.75,4.9562046454286595,17.842336723543173,1824.1820793471247
120.8,4.926767108484839,17.73636159054542,1824.4291536409726
120.85,4.897757807476851,17.631928106916664,1824.6747667638715
120.9,4.8689852035128505,17.528346732646263,1824.9189353391462
120.95,4.839571799337165,17.422458477613795,1825.1616492642174
121.0,4.809633718230655,17.314681385630358,1825.4028794021567
121.05,4.780402897129237,17.209450429665253,1825.6426303175408
121.1,4.7515458105729955,17.105564918062786,1825.8809290352333
121.15,4.722272078302594,17.00017948188934,1826.1177744824552
121.2,4.6924343752215565,16.892763750797602,1826.3531421437933
121.25,4.66265665592131,16.78556396131672,1826.5870194195718
121.3,4.6335760308833605,16.680873711180098,1826.8194252367418
121.35,4.60514631369161,16.578526729289795,1827.0503932953561
121.4,4.576423467811072,16.47512448411986,1827.2799325398937
121.45,4.546578204191432,16.367681535089154,1827.5080075816938
121.5,4.516917333505283,16.26090240061902,1827.7345949701362
121.55,4.487647908827129,16.155532471777665,1827.9597091011944
121.6,4.457952008369379,16.048627230129764,1828.1833490991244
121.65,4.427555873955826,15.939201146240974,1828.4054867961825
121.69999999999999,4.397751384228122,15.83190498322124,1828.626119477637
121.75,4.3685773259304135,15.72687837334949,1828.8452776953911
121.8,4.339103627803974,15.620773060094306,1829.0629697192344
121.85,4.308893673639456,15.51201722510204,1829.2791696517704
121.9,4.278666594293599,15.403199739456955,1829.4938586584688
121.94999999999999,4.249130995881921,15.296871585174916,1829.7070535982232
122.0,4.220125361768924,15.192451302368125,1829.9187850071644
122.05000000000001,4.190699847117811,15.08651944962412,1830.1290556373865
122.1,4.160537585714866,14.977935308573517,1830.3378365732074
122.15,4.130977759501774,14.871519934206386,1830.5451244568378
122.19999999999999,4.101978637063163,14.767123093427386,1830.750948366752
122.25,4.072749049693868,14.661896578897924,1830.955316558921
122.30000000000001,4.042847762742139,14.5542519458717,1831.158206479232
122.35,4.012831853364863,14.446194672113506,1831.3595984696346
122.4,3.9832795783619543,14.339806482103036,1831.559501255428
122.44999999999999,3.9542770669375322,14.235397440975117,1831.7579401715604
122.5,3.9247747054917523,14.129188939770309,1831.9549164658713
122.55000000000001,3.8945797228096244,14.020487002114647,1832.1504003265788
122.6,3.865014554375626,13.914052395752254,1832.3443901835085
122.65,3.835895868266862,13.809225125760703,1832.5369129440746
122.69999999999999,3.806310764513601,13.702718752248964,1832.7279681098942
122.75,3.7759759926407424,13.593513573506673,1832.917525278823
122.80000000000001,3.745680286733019,13.484449032238867,1833.1055666858074
122.85,3.715962871635074,13.377466337886267,1833.2921077647666
122.9,3.686812614557912,13.272525412408482,1833.4771771519213
122.94999999999999,3.657217620979023,13.165983435524483,1833.6607779078097
123.0,3.626845645958471,13.056644325450495,1833.842879489483
123.05000000000001,3.597083248199292,12.949499693517451,1834.023477711837
123.1,3.567884223600258,12.844383204960929,1834.2026018986319
123.15,3.5383317572675717,12.737994326163259,1834.3802572981535
123.19999999999999,3.5080121633655645,12.628843788116033,1834.5564158961693
123.25,3.4782756848641077,12.521792465510789,1834.731073092375
123.3,3.449201535255745,12.417125526920682,1834.9042600228781
123.35,3.4198117863982844,12.311322431033824,1835.0759853559196
123.4,3.3897883633188473,12.20323810794785,1835.2462253596625
123.45,3.3598704282470027,12.09553354168921,1835.4149668294517
123.5,3.3303289698385266,11.989184291418695,1835.582221814404
123.55,3.301413444423873,11.885088399925943,1835.7480153747606
123.6,3.272049229686717,11.779377226872182,1835.9123519416135
123.65,3.2418387312186154,11.670619432387015,1836.0751991406362
123.7,3.2120735103491795,11.563464637257047,1836.2365469466754
123.75,3.1830321760329814,11.458915833718732,1836.3964245888349
123.8,3.1537984515094433,11.353674425433995,1836.5548453545234
123.85,3.1238031992865074,11.245691517431426,1836.7117853957934
123.9,3.0938617233639234,11.137902204110125,1836.8672270188597
123.95,3.064280029148149,11.031408104933336,1837.0211805626725
124.0,3.03538408588461,10.927382709184597,1837.1736721655484
124.05,3.0062627136767595,10.822545769236335,1837.3247133355374
124.1,2.9762931311277296,10.714655272059828,1837.4742772316574
124.15,2.9467176114514158,10.608183401225096,1837.622352500222
124.2,2.917891301636069,10.50440868588985,1837.7689677230492
124.25,2.8888310650745304,10.39979183426831,1837.914135782217
124.3,2.8588773025540064,10.291958289194424,1838.0578284914077
124.35,2.829378605865453,10.185762981115632,1838.2000348891181
124.4,2.800674790836127,10.082429247010058,1838.3407862240356
124.45,2.7717050784277193,9.97813828233979,1838.4800957207672
124.5,2.7419142195135513,9.870891190248784,1838.6179362032158
124.55,2.712253144428119,9.764111319941229,1838.7542903873143
124.6,2.682913423449516,9.658488324418258,1838.8891695515113
124.64999999999999,2.6543139659398913,9.555530277383609,1839.022600236246
124.7,2.6255446502925044,9.451960741053016,1839.1545967016518
124.75,2.5958494787633164,9.34505812354794,1839.2851315548783
124.8,2.5663693449016565,9.238929641645964,1839.4141870254698
124.85000000000001,2.5375957225365604,9.135344601131617,1839.5417861521557
124.89999999999999,2.5086911960577973,9.03128830580807,1839.6679433251206
124.95,2.478999042952657,8.924396554629565,1839.792635581096
125.0,2.449287717029413,8.817435781305887,1839.9158427500954
125.05,2.42001466655962,8.712052799614632,1840.037575309685
125.10000000000001,2.391383948931757,8.608982216154326,1840.1578602750724
125.14999999999999,2.3624917590454344,8.504970332563564,1840.2767071677717
125.2,2.3328244785687366,8.398168122847451,1840.394090073712
125.25,2.3036267430407333,8.29305627494664,1840.5100013542524
125.3,2.2751537511145496,8.19055350401238,1840.6244708666063
125.35000000000001,2.246612196613631,8.087803907809072,1840.7375150152996
125.39999999999999,2.217375898757999,7.982553235528796,1840.8491147176837
125.45,2.1889058260928143,7.880060973934132,1840.959271760805
125.5,2.160603056258527,7.778171002530698,1841.0680094828638
125.55,2.1327948267284023,7.6780613762222485,1841.1753444299384
125.60000000000001,2.104580784840551,7.576490825425984,1841.2812788202275
125.64999999999999,2.0752787707929037,7.471003574854453,1841.3857753091183
125.7,2.046086832732135,7.3659125978356865,1841.4888094492064
125.75,2.0176190263871407,7.263428494993707,1841.5904020956843
125.8,1.9887440787246788,7.159478683408844,1841.690561173312
125.85000000000001,1.9588133770785372,7.051728157482734,1841.7892501097072
125.89999999999999,1.9291571434916372,6.944965716569894,1841.8864493727215
125.95,1.9001988655397244,6.840715915943008,1841.9821832729472
125.99999999999999,1.8708296720499402,6.734986819379785,1842.0764589863868
126.05,1.8405769257509648,6.626076932703473,1842.169244151332
126.10000000000001,1.8103450367300895,6.517242132228322,1842.260517200394
126.14999999999999,1.7803813483334805,6.40937285400053,1842.3502853600205
126.2,1.7510353607944436,6.303727298859997,1842.4385707777487
126.25,1.7215086479942707,6.197431132779375,1842.5253843779685
126.3,1.691020493770925,6.08767377757533,1842.6106976065128
126.35000000000001,1.6607836745829414,5.978821228498589,1842.6944927107215
126.39999999999999,1.6313422487568865,5.8728320955247915,1842.776795858805
126.45,1.6017828793448596,5.766418365641495,1842.8576239870074
126.5,1.5713103568811264,5.656717284772055,1842.936951317913
126.55,1.5408051627440271,5.546898585878497,1843.0147542059037
126.60000000000001,1.5104313901078028,5.43755300438809,1843.0910351197251
126.64999999999999,1.4808098093660385,5.330915313717739,1843.1658161497119
126.7,1.451175759004679,5.224232732416844,1843.2391157889213
126.75,1.4205429264296745,5.113954535146829,1843.3109087560572
126.8,1.3901807175846006,5.004650583304563,1843.3811768471576
126.85000000000001,1.3606924473973345,4.898492810630405,1843.449948676282
126.89999999999999,1.3310555175665164,4.79179986323946,1843.517242375406
126.95,1.3005364682965332,4.6819312858675195,1843.5830321750527
127.0,1.2704368482537671,4.573572653713562,1843.6473065079665
127.05,1.2412594852175403,4.468534146783145,1843.7100989163032
127.10000000000001,1.2121111067481134,4.3635999842932085,1843.7714331811023
127.14999999999999,1.183084329431228,4.259103585952421,1843.831313067007
127.2,1.1531098157919661,4.151195336851078,1843.8897179206376
127.25,1.1232455610154828,4.043684019655738,1843.9466268050578
127.3,1.0942465691261654,3.9392876488541955,1844.0020641083113
127.35,1.0655953763453212,3.8361433548431565,1844.056060156948
127.39999999999999,1.0361827961800634,3.7302580662482283,1844.1086046112612
127.45,1.0068702134698952,3.624732768491623,1844.1596809365024
127.5,0.9785589053619901,3.522812059303164,1844.2093166644731
127.55,0.9502127044450634,3.4207657360022283,1844.2575359547184
127.6,0.9213740983632587,3.316946754107731,1844.3043256247886
127.65,0.8928274875672202,3.2141789552419926,1844.3496806644368
127.7,0.8645294138635886,3.112305889908919,1844.3936145869727
127.75,0.8369276839703012,3.012939662293084,1844.4361510144186
127.8,0.809939375473352,2.9157817517040674,1844.4773226909047
127.85,0.782638596974925,2.81749894910973,1844.517137140216
127.9,0.7553562542522556,2.7192825153081204,1844.5555870114965
127.95,0.7290051777977802,2.6244186400720086,1844.5926960472977
128.0,0.7019166426678402,2.5268999136042245,1844.6284690928094
128.04999999999998,0.6745472800712928,2.4283702082566543,1844.662880690878
128.1,0.6473138193379796,2.330329749616727,1844.6959272183633
128.15,0.6217345524450931,2.238244388802335,1844.727653427658
128.2,0.5994393459285002,2.157981645342601,1844.7581827751173
128.25,0.5767964331017786,2.0764671591664032,1844.787588669593
128.29999999999998,0.5523671881351371,1.9885218772864934,1844.815817760124
128.35,0.5282458258388972,1.90168497302003,1844.8428330854733
128.4,0.5044374719647207,1.8159748990729945,1844.8686501679185
128.45,0.4809472522642583,1.7314101081513298,1844.8932847860242
128.5,0.45778029248916086,1.6480090529609792,1844.916752974643
128.54999999999998,0.4349417183910791,1.5657901862078847,1844.939071024915
128.6,0.41243665572166377,1.4847719605979897,1844.9602554842677
128.65,0.3902702302325657,1.4049728288372365,1844.9803231564165
128.7,0.3684475676754356,1.3264112436315683,1844.9992911013642
128.75,0.3469737938019244,1.249105657686928,1845.017176635401
128.79999999999998,0.32585403436368277,1.173074523709258,1845.0339973311052
128.85,0.3050934151123613,1.0983362944045008,1845.049771017342
128.9,0.2846970617996112,1.0249094224786004,1845.0645157792649
128.95,0.2646701001770826,0.9528123606374973,1845.0782499583142
129.0,0.245017655996427,0.8820635615871372,1845.0909921522186
129.04999999999998,0.22574485500929486,0.8126814780334616,1845.1027612149937
129.1,0.20685682296733687,0.7446845626824128,1845.1135762569431
129.15,0.1883586856222037,0.6780912682399334,1845.1234566446578
129.2,0.1702555687255467,0.6129200474119681,1845.1324220010165
129.25,0.15255259802901588,0.5491893529044573,1845.1404922051854
129.3,0.1352548992842626,0.4869176374233454,1845.1476873926183
129.35,0.1183675982429373,0.42612335367457427,1845.1540279550566
129.4,0.10189582065669112,0.366824954364088,1845.159534540529
129.45,0.0858446922771745,0.3090408921978282,1845.1642280533524
129.5,0.0,0.0,1845.1663741706593
