t_local,v(m/s),s_local(m),t_global,station_pair
0.0,0.0,0.0,3538.460723554373,镇海大道-骆驼桥
0.05,0.027500000000000004,0.0013750000000000004,3538.5107235543733,镇海大道-骆驼桥
0.1,0.05500000000000001,0.004125000000000001,3538.560723554373,镇海大道-骆驼桥
0.15000000000000002,0.08250000000000002,0.008250000000000002,3538.610723554373,镇海大道-骆驼桥
0.2,0.11000000000000001,0.013750000000000004,3538.660723554373,镇海大道-骆驼桥
0.25,0.1375,0.020625000000000004,3538.710723554373,镇海大道-骆驼桥
0.30000000000000004,0.16500000000000004,0.028875000000000005,3538.7607235543733,镇海大道-骆驼桥
0.35000000000000003,0.19250000000000003,0.038500000000000006,3538.810723554373,镇海大道-骆驼桥
0.4,0.22000000000000003,0.04950000000000001,3538.860723554373,镇海大道-骆驼桥
0.45,0.24750000000000003,0.06187500000000001,3538.910723554373,镇海大道-骆驼桥
0.5,0.275,0.07562500000000001,3538.960723554373,镇海大道-骆驼桥
0.55,0.30250000000000005,0.09075000000000001,3539.0107235543733,镇海大道-骆驼桥
0.6000000000000001,0.33000000000000007,0.10725000000000001,3539.060723554373,镇海大道-骆驼桥
0.65,0.35750000000000004,0.12512500000000001,3539.110723554373,镇海大道-骆驼桥
0.7000000000000001,0.38500000000000006,0.14437500000000003,3539.160723554373,镇海大道-骆驼桥
0.75,0.41250000000000003,0.16500000000000004,3539.210723554373,镇海大道-骆驼桥
0.8,0.44000000000000006,0.18700000000000006,3539.2607235543733,镇海大道-骆驼桥
0.8500000000000001,0.4675000000000001,0.21037500000000006,3539.310723554373,镇海大道-骆驼桥
0.9,0.49500000000000005,0.23512500000000006,3539.360723554373,镇海大道-骆驼桥
0.9500000000000001,0.5225000000000001,0.26125000000000004,3539.410723554373,镇海大道-骆驼桥
1.0,0.55,0.28875000000000006,3539.460723554373,镇海大道-骆驼桥
1.05,0.5775000000000001,0.31762500000000005,3539.5107235543733,镇海大道-骆驼桥
1.1,0.6050000000000001,0.34787500000000005,3539.560723554373,镇海大道-骆驼桥
1.1500000000000001,0.6325000000000002,0.37950000000000006,3539.610723554373,镇海大道-骆驼桥
1.2000000000000002,0.6600000000000001,0.4125000000000001,3539.660723554373,镇海大道-骆驼桥
1.25,0.6875,0.4468750000000001,3539.710723554373,镇海大道-骆驼桥
1.3,0.7150000000000001,0.4826250000000001,3539.7607235543733,镇海大道-骆驼桥
1.35,0.7425000000000002,0.51975,3539.810723554373,镇海大道-骆驼桥
1.4000000000000001,0.7700000000000001,0.55825,3539.860723554373,镇海大道-骆驼桥
1.4500000000000002,0.7975000000000002,0.598125,3539.910723554373,镇海大道-骆驼桥
1.5,0.8250000000000001,0.639375,3539.960723554373,镇海大道-骆驼桥
1.55,0.8525000000000001,0.682,3540.0107235543733,镇海大道-骆驼桥
1.6,0.8800000000000001,0.7260000000000001,3540.060723554373,镇海大道-骆驼桥
1.6500000000000001,0.9075000000000002,0.7713750000000001,3540.110723554373,镇海大道-骆驼桥
1.7000000000000002,0.9350000000000002,0.8181250000000002,3540.160723554373,镇海大道-骆驼桥
1.75,0.9625000000000001,0.8662500000000002,3540.210723554373,镇海大道-骆驼桥
1.8,0.9900000000000001,0.9157500000000002,3540.2607235543733,镇海大道-骆驼桥
1.85,1.0175,0.9666250000000002,3540.310723554373,镇海大道-骆驼桥
1.9000000000000001,1.0450000000000002,1.0188750000000002,3540.360723554373,镇海大道-骆驼桥
1.9500000000000002,1.0725000000000002,1.0725000000000002,3540.410723554373,镇海大道-骆驼桥
2.0,1.1,1.1275000000000002,3540.460723554373,镇海大道-骆驼桥
2.0500000000000003,1.1275000000000002,1.1838750000000002,3540.5107235543733,镇海大道-骆驼桥
2.1,1.1550000000000002,1.2416250000000002,3540.560723554373,镇海大道-骆驼桥
2.15,1.1825,1.3007500000000003,3540.610723554373,镇海大道-骆驼桥
2.2,1.2100000000000002,1.3612500000000003,3540.660723554373,镇海大道-骆驼桥
2.25,1.2375,1.4231250000000002,3540.710723554373,镇海大道-骆驼桥
2.3000000000000003,1.2650000000000003,1.4863750000000002,3540.7607235543733,镇海大道-骆驼桥
2.35,1.2925000000000002,1.5510000000000002,3540.810723554373,镇海大道-骆驼桥
2.4000000000000004,1.3200000000000003,1.6170000000000002,3540.860723554373,镇海大道-骆驼桥
2.45,1.3475000000000001,1.6843750000000002,3540.910723554373,镇海大道-骆驼桥
2.5,1.375,1.7531250000000003,3540.960723554373,镇海大道-骆驼桥
2.5500000000000003,1.4025000000000003,1.8232500000000003,3541.0107235543733,镇海大道-骆驼桥
2.6,1.4300000000000002,1.8947500000000002,3541.060723554373,镇海大道-骆驼桥
2.6500000000000004,1.4575000000000002,1.9676250000000002,3541.110723554373,镇海大道-骆驼桥
2.7,1.4850000000000003,2.041875,3541.160723554373,镇海大道-骆驼桥
2.75,1.5125000000000002,2.1175,3541.210723554373,镇海大道-骆驼桥
2.8000000000000003,1.5400000000000003,2.1945,3541.2607235543733,镇海大道-骆驼桥
2.85,1.5675000000000001,2.272875,3541.310723554373,镇海大道-骆驼桥
2.9000000000000004,1.5950000000000004,2.352625,3541.360723554373,镇海大道-骆驼桥
2.95,1.6225000000000003,2.4337500000000003,3541.410723554373,镇海大道-骆驼桥
3.0,1.6500000000000001,2.5162500000000003,3541.460723554373,镇海大道-骆驼桥
3.0500000000000003,1.6775000000000002,2.6001250000000002,3541.5107235543733,镇海大道-骆驼桥
3.1,1.7050000000000003,2.685375,3541.560723554373,镇海大道-骆驼桥
3.1500000000000004,1.7325000000000004,2.7720000000000002,3541.610723554373,镇海大道-骆驼桥
3.2,1.7600000000000002,2.8600000000000003,3541.660723554373,镇海大道-骆驼桥
3.25,1.7875,2.9493750000000003,3541.710723554373,镇海大道-骆驼桥
3.3000000000000003,1.8150000000000004,3.040125,3541.7607235543733,镇海大道-骆驼桥
3.35,1.8425000000000002,3.13225,3541.810723554373,镇海大道-骆驼桥
3.4000000000000004,1.8700000000000003,3.22575,3541.860723554373,镇海大道-骆驼桥
3.45,1.8975000000000002,3.320625,3541.910723554373,镇海大道-骆驼桥
3.5,1.9250000000000003,3.416875,3541.960723554373,镇海大道-骆驼桥
3.5500000000000003,1.9525000000000003,3.5145,3542.0107235543733,镇海大道-骆驼桥
3.6,1.9800000000000002,3.6135,3542.060723554373,镇海大道-骆驼桥
3.6500000000000004,2.0075000000000003,3.7138750000000003,3542.110723554373,镇海大道-骆驼桥
3.7,2.035,3.8156250000000003,3542.160723554373,镇海大道-骆驼桥
3.75,2.0625,3.91875,3542.210723554373,镇海大道-骆驼桥
3.8000000000000003,2.0900000000000003,4.02325,3542.2607235543733,镇海大道-骆驼桥
3.85,2.1175,4.129125,3542.310723554373,镇海大道-骆驼桥
3.9000000000000004,2.1450000000000005,4.236375,3542.360723554373,镇海大道-骆驼桥
3.95,2.1725000000000003,4.345,3542.410723554373,镇海大道-骆驼桥
4.0,2.2,4.455,3542.460723554373,镇海大道-骆驼桥
4.05,2.2275,4.566375,3542.5107235543733,镇海大道-骆驼桥
4.1000000000000005,2.2550000000000003,4.679125,3542.560723554373,镇海大道-骆驼桥
4.15,2.2825,4.79325,3542.610723554373,镇海大道-骆驼桥
4.2,2.3100000000000005,4.9087499999999995,3542.660723554373,镇海大道-骆驼桥
4.25,2.3375000000000004,5.025625,3542.710723554373,镇海大道-骆驼桥
4.3,2.365,5.1438749999999995,3542.7607235543733,镇海大道-骆驼桥
4.3500000000000005,2.3925000000000005,5.2635,3542.810723554373,镇海大道-骆驼桥
4.4,2.4200000000000004,5.3845,3542.860723554373,镇海大道-骆驼桥
4.45,2.4475000000000002,5.506875,3542.910723554373,镇海大道-骆驼桥
4.5,2.475,5.630625,3542.960723554373,镇海大道-骆驼桥
4.55,2.5025,5.75575,3543.0107235543733,镇海大道-骆驼桥
4.6000000000000005,2.5300000000000007,5.88225,3543.060723554373,镇海大道-骆驼桥
4.65,2.5575000000000006,6.010125,3543.110723554373,镇海大道-骆驼桥
4.7,2.5850000000000004,6.139375,3543.160723554373,镇海大道-骆驼桥
4.75,2.6125000000000003,6.2700000000000005,3543.210723554373,镇海大道-骆驼桥
4.800000000000001,2.6400000000000006,6.402,3543.2607235543733,镇海大道-骆驼桥
4.8500000000000005,2.6675000000000004,6.535375,3543.310723554373,镇海大道-骆驼桥
4.9,2.6950000000000003,6.6701250000000005,3543.360723554373,镇海大道-骆驼桥
4.95,2.7225,6.80625,3543.410723554373,镇海大道-骆驼桥
5.0,2.75,6.9437500000000005,3543.460723554373,镇海大道-骆驼桥
5.050000000000001,2.7775000000000007,7.082625,3543.5107235543733,镇海大道-骆驼桥
5.1000000000000005,2.8050000000000006,7.222875,3543.560723554373,镇海大道-骆驼桥
5.15,2.8325000000000005,7.3645000000000005,3543.610723554373,镇海大道-骆驼桥
5.2,2.8600000000000003,7.5075,3543.660723554373,镇海大道-骆驼桥
5.25,2.8875,7.651875,3543.710723554373,镇海大道-骆驼桥
5.300000000000001,2.9150000000000005,7.797625,3543.7607235543733,镇海大道-骆驼桥
5.3500000000000005,2.9425000000000003,7.94475,3543.810723554373,镇海大道-骆驼桥
5.4,2.9700000000000006,8.09325,3543.860723554373,镇海大道-骆驼桥
5.45,2.9975000000000005,8.243125,3543.910723554373,镇海大道-骆驼桥
5.5,3.0250000000000004,8.394374999999998,3543.960723554373,镇海大道-骆驼桥
5.550000000000001,3.0525000000000007,8.546999999999999,3544.0107235543733,镇海大道-骆驼桥
5.6000000000000005,3.0800000000000005,8.700999999999999,3544.060723554373,镇海大道-骆驼桥
5.65,3.1075000000000004,8.856374999999998,3544.110723554373,镇海大道-骆驼桥
5.7,3.1350000000000002,9.013124999999999,3544.160723554373,镇海大道-骆驼桥
5.75,3.1625,9.171249999999999,3544.210723554373,镇海大道-骆驼桥
5.800000000000001,3.190000000000001,9.330749999999998,3544.2607235543733,镇海大道-骆驼桥
5.8500000000000005,3.2175000000000007,9.491624999999999,3544.310723554373,镇海大道-骆驼桥
5.9,3.2450000000000006,9.653875,3544.360723554373,镇海大道-骆驼桥
5.95,3.2725000000000004,9.817499999999999,3544.410723554373,镇海大道-骆驼桥
6.0,3.3000000000000003,9.982499999999998,3544.460723554373,镇海大道-骆驼桥
6.050000000000001,3.3275000000000006,10.148874999999999,3544.5107235543733,镇海大道-骆驼桥
6.1000000000000005,3.3550000000000004,10.316624999999998,3544.560723554373,镇海大道-骆驼桥
6.15,3.3825000000000003,10.485749999999998,3544.610723554373,镇海大道-骆驼桥
6.2,3.4100000000000006,10.656249999999998,3544.660723554373,镇海大道-骆驼桥
6.25,3.4375000000000004,10.828124999999998,3544.710723554373,镇海大道-骆驼桥
6.300000000000001,3.4650000000000007,11.001374999999998,3544.7607235543733,镇海大道-骆驼桥
6.3500000000000005,3.4925000000000006,11.175999999999998,3544.810723554373,镇海大道-骆驼桥
6.4,3.5200000000000005,11.351999999999999,3544.860723554373,镇海大道-骆驼桥
6.45,3.5475000000000003,11.529374999999998,3544.910723554373,镇海大道-骆驼桥
6.5,3.575,11.708124999999999,3544.960723554373,镇海大道-骆驼桥
6.550000000000001,3.6025000000000005,11.88825,3545.0107235543733,镇海大道-骆驼桥
6.6000000000000005,3.630000000000001,12.069749999999999,3545.060723554373,镇海大道-骆驼桥
6.65,3.6575000000000006,12.252624999999998,3545.110723554373,镇海大道-骆驼桥
6.7,3.6850000000000005,12.436874999999999,3545.160723554373,镇海大道-骆驼桥
6.75,3.7125000000000004,12.622499999999999,3545.210723554373,镇海大道-骆驼桥
6.800000000000001,3.7400000000000007,12.809499999999998,3545.2607235543733,镇海大道-骆驼桥
6.8500000000000005,3.7675000000000005,12.997874999999999,3545.310723554373,镇海大道-骆驼桥
6.9,3.7950000000000004,13.187624999999999,3545.360723554373,镇海大道-骆驼桥
6.95,3.8225000000000002,13.378749999999998,3545.410723554373,镇海大道-骆驼桥
7.0,3.8500000000000005,13.57125,3545.460723554373,镇海大道-骆驼桥
7.050000000000001,3.877500000000001,13.765125,3545.5107235543733,镇海大道-骆驼桥
7.1000000000000005,3.9050000000000007,13.960374999999999,3545.560723554373,镇海大道-骆驼桥
7.15,3.9325000000000006,14.157,3545.610723554373,镇海大道-骆驼桥
7.2,3.9600000000000004,14.355,3545.660723554373,镇海大道-骆驼桥
7.25,3.9875000000000003,14.554375,3545.710723554373,镇海大道-骆驼桥
7.300000000000001,4.015000000000001,14.755125,3545.7607235543733,镇海大道-骆驼桥
7.3500000000000005,4.0425,14.95725,3545.810723554373,镇海大道-骆驼桥
7.4,4.07,15.16075,3545.860723554373,镇海大道-骆驼桥
7.45,4.0975,15.365625,3545.910723554373,镇海大道-骆驼桥
7.5,4.125,15.571875,3545.960723554373,镇海大道-骆驼桥
7.550000000000001,4.152500000000001,15.7795,3546.0107235543733,镇海大道-骆驼桥
7.6000000000000005,4.180000000000001,15.9885,3546.060723554373,镇海大道-骆驼桥
7.65,4.2075000000000005,16.198875,3546.110723554373,镇海大道-骆驼桥
7.7,4.235,16.410625,3546.160723554373,镇海大道-骆驼桥
7.75,4.2625,16.62375,3546.210723554373,镇海大道-骆驼桥
7.800000000000001,4.290000000000001,16.838250000000002,3546.2607235543733,镇海大道-骆驼桥
7.8500000000000005,4.317500000000001,17.054125000000003,3546.310723554373,镇海大道-骆驼桥
7.9,4.345000000000001,17.271375000000003,3546.360723554373,镇海大道-骆驼桥
7.95,4.3725000000000005,17.490000000000002,3546.410723554373,镇海大道-骆驼桥
8.0,4.4,17.71,3546.460723554373,镇海大道-骆驼桥
8.05,4.427500000000001,17.931375,3546.5107235543733,镇海大道-骆驼桥
8.1,4.455,18.154125,3546.560723554373,镇海大道-骆驼桥
8.15,4.482500000000001,18.37825,3546.610723554373,镇海大道-骆驼桥
8.200000000000001,4.510000000000001,18.60375,3546.660723554373,镇海大道-骆驼桥
8.25,4.5375000000000005,18.830625,3546.710723554373,镇海大道-骆驼桥
8.3,4.565,19.058875,3546.7607235543733,镇海大道-骆驼桥
8.35,4.5925,19.2885,3546.810723554373,镇海大道-骆驼桥
8.4,4.620000000000001,19.5195,3546.860723554373,镇海大道-骆驼桥
8.450000000000001,4.647500000000001,19.751875000000002,3546.910723554373,镇海大道-骆驼桥
8.5,4.675000000000001,19.985625000000002,3546.960723554373,镇海大道-骆驼桥
8.55,4.702500000000001,20.220750000000002,3547.0107235543733,镇海大道-骆驼桥
8.6,4.73,20.457250000000002,3547.060723554373,镇海大道-骆驼桥
8.65,4.7575,20.695125,3547.110723554373,镇海大道-骆驼桥
8.700000000000001,4.785000000000001,20.934375,3547.160723554373,镇海大道-骆驼桥
8.75,4.8125,21.175,3547.210723554373,镇海大道-骆驼桥
8.8,4.840000000000001,21.417,3547.2607235543733,镇海大道-骆驼桥
8.85,4.867500000000001,21.660375000000002,3547.310723554373,镇海大道-骆驼桥
8.9,4.8950000000000005,21.905125,3547.360723554373,镇海大道-骆驼桥
8.950000000000001,4.922500000000001,22.15125,3547.410723554373,镇海大道-骆驼桥
9.0,4.95,22.39875,3547.460723554373,镇海大道-骆驼桥
9.05,4.977500000000001,22.647625,3547.5107235543733,镇海大道-骆驼桥
9.1,5.005,22.897875000000003,3547.560723554373,镇海大道-骆驼桥
9.15,5.032500000000001,23.149500000000003,3547.610723554373,镇海大道-骆驼桥
9.200000000000001,5.060000000000001,23.402500000000003,3547.660723554373,镇海大道-骆驼桥
9.25,5.0875,23.656875000000003,3547.710723554373,镇海大道-骆驼桥
9.3,5.115000000000001,23.912625000000002,3547.7607235543733,镇海大道-骆驼桥
9.35,5.1425,24.16975,3547.810723554373,镇海大道-骆驼桥
9.4,5.170000000000001,24.428250000000002,3547.860723554373,镇海大道-骆驼桥
9.450000000000001,5.197500000000001,24.688125000000003,3547.910723554373,镇海大道-骆驼桥
9.5,5.2250000000000005,24.949375000000003,3547.960723554373,镇海大道-骆驼桥
9.55,5.2525,25.212000000000003,3548.0107235543733,镇海大道-骆驼桥
9.600000000000001,5.280000000000001,25.476000000000003,3548.060723554373,镇海大道-骆驼桥
9.65,5.307500000000001,25.741375,3548.110723554373,镇海大道-骆驼桥
9.700000000000001,5.335000000000001,26.008125,3548.160723554373,镇海大道-骆驼桥
9.75,5.362500000000001,26.27625,3548.210723554373,镇海大道-骆驼桥
9.8,5.390000000000001,26.54575,3548.2607235543733,镇海大道-骆驼桥
9.850000000000001,5.417500000000001,26.816625000000002,3548.310723554373,镇海大道-骆驼桥
9.9,5.445,27.088875,3548.360723554373,镇海大道-骆驼桥
9.950000000000001,5.472500000000001,27.3625,3548.410723554373,镇海大道-骆驼桥
10.0,5.5,27.6375,3548.460723554373,镇海大道-骆驼桥
10.05,5.527500000000001,27.913875,3548.5107235543733,镇海大道-骆驼桥
10.100000000000001,5.5550000000000015,28.191625000000002,3548.560723554373,镇海大道-骆驼桥
10.15,5.5825000000000005,28.470750000000002,3548.610723554373,镇海大道-骆驼桥
10.200000000000001,5.610000000000001,28.751250000000002,3548.660723554373,镇海大道-骆驼桥
10.25,5.6375,29.033125000000002,3548.710723554373,镇海大道-骆驼桥
10.3,5.665000000000001,29.316375,3548.7607235543733,镇海大道-骆驼桥
10.350000000000001,5.692500000000002,29.601,3548.810723554373,镇海大道-骆驼桥
10.4,5.720000000000001,29.887,3548.860723554373,镇海大道-骆驼桥
10.450000000000001,5.747500000000001,30.174375,3548.910723554373,镇海大道-骆驼桥
10.5,5.775,30.463125,3548.960723554373,镇海大道-骆驼桥
10.55,5.802500000000001,30.75325,3549.0107235543733,镇海大道-骆驼桥
10.600000000000001,5.830000000000001,31.04475,3549.060723554373,镇海大道-骆驼桥
10.65,5.857500000000001,31.337625,3549.110723554373,镇海大道-骆驼桥
10.700000000000001,5.885000000000001,31.631875,3549.160723554373,镇海大道-骆驼桥
10.75,5.9125000000000005,31.927500000000002,3549.210723554373,镇海大道-骆驼桥
10.8,5.940000000000001,32.2245,3549.2607235543733,镇海大道-骆驼桥
10.850000000000001,5.967500000000001,32.522875,3549.310723554373,镇海大道-骆驼桥
10.9,5.995000000000001,32.822625,3549.360723554373,镇海大道-骆驼桥
10.950000000000001,6.022500000000001,33.12375,3549.410723554373,镇海大道-骆驼桥
11.0,6.050000000000001,33.42625,3549.460723554373,镇海大道-骆驼桥
11.05,6.077500000000001,33.730125,3549.5107235543733,镇海大道-骆驼桥
11.100000000000001,6.105000000000001,34.035375,3549.560723554373,镇海大道-骆驼桥
11.15,6.1325,34.342,3549.610723554373,镇海大道-骆驼桥
11.200000000000001,6.160000000000001,34.65,3549.660723554373,镇海大道-骆驼桥
11.25,6.187500000000001,34.959375,3549.710723554373,镇海大道-骆驼桥
11.3,6.215000000000001,35.270125,3549.7607235543733,镇海大道-骆驼桥
11.350000000000001,6.2425000000000015,35.58225,3549.810723554373,镇海大道-骆驼桥
11.4,6.2700000000000005,35.89575,3549.860723554373,镇海大道-骆驼桥
11.450000000000001,6.297500000000001,36.210625,3549.910723554373,镇海大道-骆驼桥
11.5,6.325,36.526875,3549.960723554373,镇海大道-骆驼桥
11.55,6.352500000000001,36.8445,3550.0107235543733,镇海大道-骆驼桥
11.600000000000001,6.380000000000002,37.1635,3550.060723554373,镇海大道-骆驼桥
11.65,6.407500000000001,37.483875,3550.110723554373,镇海大道-骆驼桥
11.700000000000001,6.435000000000001,37.805625,3550.160723554373,镇海大道-骆驼桥
11.75,6.4625,38.12875,3550.210723554373,镇海大道-骆驼桥
11.8,6.490000000000001,38.45325,3550.2607235543733,镇海大道-骆驼桥
11.850000000000001,6.517500000000001,38.779125,3550.310723554373,镇海大道-骆驼桥
11.9,6.545000000000001,39.106375,3550.360723554373,镇海大道-骆驼桥
11.950000000000001,6.572500000000001,39.435,3550.410723554373,镇海大道-骆驼桥
12.0,6.6000000000000005,39.765,3550.460723554373,镇海大道-骆驼桥
12.05,6.627500000000001,40.096375,3550.5107235543733,镇海大道-骆驼桥
12.100000000000001,6.655000000000001,40.429125,3550.560723554373,镇海大道-骆驼桥
12.15,6.682500000000001,40.76325,3550.610723554373,镇海大道-骆驼桥
12.200000000000001,6.710000000000001,41.09875,3550.660723554373,镇海大道-骆驼桥
12.25,6.737500000000001,41.435625,3550.710723554373,镇海大道-骆驼桥
12.3,6.765000000000001,41.773875000000004,3550.7607235543733,镇海大道-骆驼桥
12.350000000000001,6.792500000000001,42.1135,3550.810723554373,镇海大道-骆驼桥
12.4,6.820000000000001,42.4545,3550.860723554373,镇海大道-骆驼桥
12.450000000000001,6.847500000000001,42.796875,3550.910723554373,镇海大道-骆驼桥
12.5,6.875000000000001,43.140625,3550.960723554373,镇海大道-骆驼桥
12.55,6.902500000000001,43.48575,3551.0107235543733,镇海大道-骆驼桥
12.600000000000001,6.9300000000000015,43.83225,3551.060723554373,镇海大道-骆驼桥
12.65,6.9575000000000005,44.180125000000004,3551.110723554373,镇海大道-骆驼桥
12.700000000000001,6.985000000000001,44.529375,3551.160723554373,镇海大道-骆驼桥
12.75,7.0125,44.88,3551.210723554373,镇海大道-骆驼桥
12.8,7.040000000000001,45.232,3551.2607235543733,镇海大道-骆驼桥
12.850000000000001,7.067500000000002,45.585375,3551.310723554373,镇海大道-骆驼桥
12.9,7.095000000000001,45.940125,3551.360723554373,镇海大道-骆驼桥
12.950000000000001,7.122500000000001,46.29625,3551.410723554373,镇海大道-骆驼桥
13.0,7.15,46.65375,3551.460723554373,镇海大道-骆驼桥
13.05,7.177500000000001,47.012625,3551.5107235543733,镇海大道-骆驼桥
13.100000000000001,7.205000000000001,47.372875,3551.560723554373,镇海大道-骆驼桥
13.15,7.232500000000001,47.7345,3551.610723554373,镇海大道-骆驼桥
13.200000000000001,7.260000000000002,48.0975,3551.660723554373,镇海大道-骆驼桥
13.25,7.2875000000000005,48.461875,3551.710723554373,镇海大道-骆驼桥
13.3,7.315000000000001,48.827625,3551.7607235543733,镇海大道-骆驼桥
13.350000000000001,7.342500000000001,49.19475,3551.810723554373,镇海大道-骆驼桥
13.4,7.370000000000001,49.56325,3551.860723554373,镇海大道-骆驼桥
13.450000000000001,7.397500000000001,49.933125,3551.910723554373,镇海大道-骆驼桥
13.5,7.425000000000001,50.304375,3551.960723554373,镇海大道-骆驼桥
13.55,7.452500000000001,50.677,3552.0107235543733,镇海大道-骆驼桥
13.600000000000001,7.480000000000001,51.051,3552.060723554373,镇海大道-骆驼桥
13.65,7.507500000000001,51.426375,3552.110723554373,镇海大道-骆驼桥
13.700000000000001,7.535000000000001,51.803125,3552.160723554373,镇海大道-骆驼桥
13.75,7.562500000000001,52.18125,3552.210723554373,镇海大道-骆驼桥
13.8,7.590000000000001,52.56075,3552.2607235543733,镇海大道-骆驼桥
13.850000000000001,7.6175000000000015,52.941625,3552.310723554373,镇海大道-骆驼桥
13.9,7.6450000000000005,53.323875,3552.360723554373,镇海大道-骆驼桥
13.950000000000001,7.672500000000001,53.7075,3552.410723554373,镇海大道-骆驼桥
14.0,7.700000000000001,54.0925,3552.460723554373,镇海大道-骆驼桥
14.05,7.727500000000001,54.478875,3552.5107235543733,镇海大道-骆驼桥
14.100000000000001,7.755000000000002,54.866625,3552.560723554373,镇海大道-骆驼桥
14.15,7.782500000000001,55.25575,3552.610723554373,镇海大道-骆驼桥
14.200000000000001,7.810000000000001,55.64625,3552.660723554373,镇海大道-骆驼桥
14.25,7.8375,56.038125,3552.710723554373,镇海大道-骆驼桥
14.3,7.865000000000001,56.431375,3552.7607235543733,镇海大道-骆驼桥
14.350000000000001,7.892500000000002,56.826,3552.810723554373,镇海大道-骆驼桥
14.4,7.920000000000001,57.222,3552.860723554373,镇海大道-骆驼桥
14.450000000000001,7.947500000000002,57.619375,3552.910723554373,镇海大道-骆驼桥
14.5,7.9750000000000005,58.018125,3552.960723554373,镇海大道-骆驼桥
14.55,8.002500000000001,58.41825,3553.0107235543733,镇海大道-骆驼桥
14.600000000000001,8.030000000000001,58.81975,3553.060723554373,镇海大道-骆驼桥
14.65,8.057500000000001,59.222625,3553.110723554373,镇海大道-骆驼桥
14.700000000000001,8.085,59.626875,3553.160723554373,镇海大道-骆驼桥
14.75,8.1125,60.0325,3553.210723554373,镇海大道-骆驼桥
14.8,8.14,60.439499999999995,3553.2607235543733,镇海大道-骆驼桥
14.850000000000001,8.167500000000002,60.847874999999995,3553.310723554373,镇海大道-骆驼桥
14.9,8.195,61.257625,3553.360723554373,镇海大道-骆驼桥
14.950000000000001,8.222500000000002,61.668749999999996,3553.410723554373,镇海大道-骆驼桥
15.0,8.25,62.08125,3553.460723554373,镇海大道-骆驼桥
15.05,8.277500000000002,62.495124999999994,3553.5107235543733,镇海大道-骆驼桥
15.100000000000001,8.305000000000001,62.910374999999995,3553.560723554373,镇海大道-骆驼桥
15.15,8.332500000000001,63.327,3553.610723554373,镇海大道-骆驼桥
15.200000000000001,8.360000000000001,63.745,3553.660723554373,镇海大道-骆驼桥
15.25,8.387500000000001,64.16437499999999,3553.710723554373,镇海大道-骆驼桥
15.3,8.415000000000001,64.58512499999999,3553.7607235543733,镇海大道-骆驼桥
15.350000000000001,8.4425,65.00724999999998,3553.810723554373,镇海大道-骆驼桥
15.4,8.47,65.43074999999999,3553.860723554373,镇海大道-骆驼桥
15.450000000000001,8.4975,65.85562499999999,3553.910723554373,镇海大道-骆驼桥
15.5,8.525,66.28187499999999,3553.960723554373,镇海大道-骆驼桥
15.55,8.5525,66.70949999999999,3554.0107235543733,镇海大道-骆驼桥
15.600000000000001,8.580000000000002,67.1385,3554.060723554373,镇海大道-骆驼桥
15.65,8.607500000000002,67.56887499999999,3554.110723554373,镇海大道-骆驼桥
15.700000000000001,8.635000000000002,68.00062499999999,3554.160723554373,镇海大道-骆驼桥
15.75,8.662500000000001,68.43374999999999,3554.210723554373,镇海大道-骆驼桥
15.8,8.690000000000001,68.86824999999999,3554.2607235543733,镇海大道-骆驼桥
15.850000000000001,8.717500000000001,69.30412499999998,3554.310723554373,镇海大道-骆驼桥
15.9,8.745000000000001,69.74137499999999,3554.360723554373,镇海大道-骆驼桥
15.950000000000001,8.7725,70.17999999999999,3554.410723554373,镇海大道-骆驼桥
16.0,8.8,70.61999999999999,3554.460723554373,镇海大道-骆驼桥
16.05,8.8275,71.06137499999998,3554.5107235543733,镇海大道-骆驼桥
16.1,8.855000000000002,71.50412499999999,3554.560723554373,镇海大道-骆驼桥
16.150000000000002,8.882500000000002,71.94824999999999,3554.610723554373,镇海大道-骆驼桥
16.2,8.91,72.39374999999998,3554.660723554373,镇海大道-骆驼桥
16.25,8.9375,72.84062499999999,3554.710723554373,镇海大道-骆驼桥
16.3,8.965000000000002,73.28887499999999,3554.7607235543733,镇海大道-骆驼桥
16.35,8.992500000000001,73.73849999999999,3554.810723554373,镇海大道-骆驼桥
16.400000000000002,9.020000000000001,74.18949999999998,3554.860723554373,镇海大道-骆驼桥
16.45,9.047500000000001,74.64187499999998,3554.910723554373,镇海大道-骆驼桥
16.5,9.075000000000001,75.09562499999998,3554.960723554373,镇海大道-骆驼桥
16.55,9.102500000000001,75.55074999999998,3555.0107235543733,镇海大道-骆驼桥
16.6,9.13,76.00724999999998,3555.060723554373,镇海大道-骆驼桥
16.650000000000002,9.157500000000002,76.46512499999999,3555.110723554373,镇海大道-骆驼桥
16.7,9.185,76.92437499999998,3555.160723554373,镇海大道-骆驼桥
16.75,9.2125,77.38499999999998,3555.210723554373,镇海大道-骆驼桥
16.8,9.240000000000002,77.84699999999998,3555.2607235543733,镇海大道-骆驼桥
16.85,9.267500000000002,78.31037499999998,3555.310723554373,镇海大道-骆驼桥
16.900000000000002,9.295000000000002,78.77512499999997,3555.360723554373,镇海大道-骆驼桥
16.95,9.3225,79.24124999999998,3555.410723554373,镇海大道-骆驼桥
17.0,9.350000000000001,79.70874999999998,3555.460723554373,镇海大道-骆驼桥
17.05,9.377500000000001,80.17762499999998,3555.5107235543733,镇海大道-骆驼桥
17.1,9.405000000000001,80.64787499999997,3555.560723554373,镇海大道-骆驼桥
17.150000000000002,9.432500000000003,81.11949999999997,3555.610723554373,镇海大道-骆驼桥
17.2,9.46,81.59249999999997,3555.660723554373,镇海大道-骆驼桥
17.25,9.4875,82.06687499999997,3555.710723554373,镇海大道-骆驼桥
17.3,9.515,82.54262499999997,3555.7607235543733,镇海大道-骆驼桥
17.35,9.542500000000002,83.01974999999997,3555.810723554373,镇海大道-骆驼桥
17.400000000000002,9.570000000000002,83.49824999999997,3555.860723554373,镇海大道-骆驼桥
17.45,9.5975,83.97812499999998,3555.910723554373,镇海大道-骆驼桥
17.5,9.625,84.45937499999998,3555.960723554373,镇海大道-骆驼桥
17.55,9.652500000000002,84.94199999999998,3556.0107235543733,镇海大道-骆驼桥
17.6,9.680000000000001,85.42599999999997,3556.060723554373,镇海大道-骆驼桥
17.650000000000002,9.707500000000001,85.91137499999998,3556.110723554373,镇海大道-骆驼桥
17.7,9.735000000000001,86.39812499999998,3556.160723554373,镇海大道-骆驼桥
17.75,9.762500000000001,86.88624999999998,3556.210723554373,镇海大道-骆驼桥
17.8,9.790000000000001,87.37574999999998,3556.2607235543733,镇海大道-骆驼桥
17.85,9.8175,87.86662499999998,3556.310723554373,镇海大道-骆驼桥
17.900000000000002,9.845000000000002,88.35887499999998,3556.360723554373,镇海大道-骆驼桥
17.95,9.8725,88.85249999999998,3556.410723554373,镇海大道-骆驼桥
18.0,9.9,89.34749999999998,3556.460723554373,镇海大道-骆驼桥
18.05,9.927500000000002,89.84387499999998,3556.5107235543733,镇海大道-骆驼桥
18.1,9.955000000000002,90.34162499999998,3556.560723554373,镇海大道-骆驼桥
18.150000000000002,9.982500000000002,90.84074999999999,3556.610723554373,镇海大道-骆驼桥
18.2,10.01,91.34124999999999,3556.660723554373,镇海大道-骆驼桥
18.25,10.037500000000001,91.84312499999999,3556.710723554373,镇海大道-骆驼桥
18.3,10.065000000000001,92.34637499999998,3556.7607235543733,镇海大道-骆驼桥
18.35,10.092500000000001,92.85099999999998,3556.810723554373,镇海大道-骆驼桥
18.400000000000002,10.120000000000003,93.35699999999999,3556.860723554373,镇海大道-骆驼桥
18.45,10.1475,93.86437499999998,3556.910723554373,镇海大道-骆驼桥
18.5,10.175,94.37312499999999,3556.960723554373,镇海大道-骆驼桥
18.55,10.2025,94.88324999999999,3557.0107235543733,镇海大道-骆驼桥
18.6,10.230000000000002,95.39474999999999,3557.060723554373,镇海大道-骆驼桥
18.650000000000002,10.257500000000002,95.90762499999998,3557.110723554373,镇海大道-骆驼桥
18.7,10.285,96.42187499999999,3557.160723554373,镇海大道-骆驼桥
18.75,10.3125,96.93749999999999,3557.210723554373,镇海大道-骆驼桥
18.8,10.340000000000002,97.45449999999998,3557.2607235543733,镇海大道-骆驼桥
18.85,10.367500000000001,97.97287499999999,3557.310723554373,镇海大道-骆驼桥
18.900000000000002,10.395000000000001,98.49262499999999,3557.360723554373,镇海大道-骆驼桥
18.95,10.422500000000001,99.01374999999999,3557.410723554373,镇海大道-骆驼桥
19.0,10.450000000000001,99.53624999999998,3557.460723554373,镇海大道-骆驼桥
19.05,10.477500000000001,100.06012499999999,3557.5107235543733,镇海大道-骆驼桥
19.1,10.505,100.58537499999998,3557.560723554373,镇海大道-骆驼桥
19.150000000000002,10.532500000000002,101.11199999999998,3557.610723554373,镇海大道-骆驼桥
19.200000000000003,10.560000000000002,101.63999999999999,3557.660723554373,镇海大道-骆驼桥
19.25,10.5875,102.16937499999999,3557.710723554373,镇海大道-骆驼桥
19.3,10.615000000000002,102.70012499999999,3557.7607235543733,镇海大道-骆驼桥
19.35,10.642500000000002,103.23224999999998,3557.810723554373,镇海大道-骆驼桥
19.400000000000002,10.670000000000002,103.76574999999998,3557.860723554373,镇海大道-骆驼桥
19.450000000000003,10.697500000000002,104.30062499999998,3557.910723554373,镇海大道-骆驼桥
19.5,10.725000000000001,104.83687499999998,3557.960723554373,镇海大道-骆驼桥
19.55,10.752500000000001,105.37449999999998,3558.0107235543733,镇海大道-骆驼桥
19.6,10.780000000000001,105.91349999999998,3558.060723554373,镇海大道-骆驼桥
19.650000000000002,10.807500000000003,106.45387499999998,3558.110723554373,镇海大道-骆驼桥
19.700000000000003,10.835000000000003,106.99562499999998,3558.160723554373,镇海大道-骆驼桥
19.75,10.8625,107.53874999999998,3558.210723554373,镇海大道-骆驼桥
19.8,10.89,108.08324999999998,3558.2607235543733,镇海大道-骆驼桥
19.85,10.917500000000002,108.62912499999997,3558.310723554373,镇海大道-骆驼桥
19.900000000000002,10.945000000000002,109.17637499999998,3558.360723554373,镇海大道-骆驼桥
19.950000000000003,10.972500000000002,109.72499999999998,3558.410723554373,镇海大道-骆驼桥
20.0,11.0,110.27499999999998,3558.460723554373,镇海大道-骆驼桥
20.05,11.027500000000002,110.82637499999997,3558.5107235543733,镇海大道-骆驼桥
20.1,11.055000000000001,111.37912499999997,3558.560723554373,镇海大道-骆驼桥
20.150000000000002,11.082500000000001,111.93324999999997,3558.610723554373,镇海大道-骆驼桥
20.200000000000003,11.110000000000003,112.48874999999997,3558.660723554373,镇海大道-骆驼桥
20.25,11.137500000000001,113.04562499999997,3558.710723554373,镇海大道-骆驼桥
20.3,11.165000000000001,113.60387499999997,3558.7607235543733,镇海大道-骆驼桥
20.35,11.192500000000003,114.16349999999997,3558.810723554373,镇海大道-骆驼桥
20.400000000000002,11.220000000000002,114.72449999999998,3558.860723554373,镇海大道-骆驼桥
20.450000000000003,11.247500000000002,115.28687499999998,3558.910723554373,镇海大道-骆驼桥
20.5,11.275,115.85062499999998,3558.960723554373,镇海大道-骆驼桥
20.55,11.302500000000002,116.41574999999997,3559.0107235543733,镇海大道-骆驼桥
20.6,11.330000000000002,116.98224999999998,3559.060723554373,镇海大道-骆驼桥
20.650000000000002,11.357500000000002,117.55012499999998,3559.110723554373,镇海大道-骆驼桥
20.700000000000003,11.385000000000003,118.11937499999998,3559.160723554373,镇海大道-骆驼桥
20.75,11.412500000000001,118.68999999999998,3559.210723554373,镇海大道-骆驼桥
20.8,11.440000000000001,119.26199999999999,3559.2607235543733,镇海大道-骆驼桥
20.85,11.467500000000001,119.83537499999998,3559.310723554373,镇海大道-骆驼桥
20.900000000000002,11.495000000000003,120.41012499999998,3559.360723554373,镇海大道-骆驼桥
20.950000000000003,11.522500000000003,120.98624999999998,3559.410723554373,镇海大道-骆驼桥
21.0,11.55,121.56374999999998,3559.460723554373,镇海大道-骆驼桥
21.05,11.5775,122.14262499999998,3559.5107235543733,镇海大道-骆驼桥
21.1,11.605000000000002,122.72287499999999,3559.560723554373,镇海大道-骆驼桥
21.150000000000002,11.632500000000002,123.30449999999999,3559.610723554373,镇海大道-骆驼桥
21.200000000000003,11.660000000000002,123.88749999999999,3559.660723554373,镇海大道-骆驼桥
21.25,11.687500000000002,124.47187499999998,3559.710723554373,镇海大道-骆驼桥
21.3,11.715000000000002,125.05762499999999,3559.7607235543733,镇海大道-骆驼桥
21.35,11.742500000000001,125.64474999999999,3559.810723554373,镇海大道-骆驼桥
21.400000000000002,11.770000000000001,126.23324999999998,3559.860723554373,镇海大道-骆驼桥
21.450000000000003,11.797500000000003,126.82312499999999,3559.910723554373,镇海大道-骆驼桥
21.5,11.825000000000001,127.41437499999999,3559.960723554373,镇海大道-骆驼桥
21.55,11.852500000000001,128.007,3560.0107235543733,镇海大道-骆驼桥
21.6,11.880000000000003,128.601,3560.060723554373,镇海大道-骆驼桥
21.650000000000002,11.907500000000002,129.196375,3560.110723554373,镇海大道-骆驼桥
21.700000000000003,11.935000000000002,129.79312499999997,3560.160723554373,镇海大道-骆驼桥
21.75,11.9625,130.39124999999999,3560.210723554373,镇海大道-骆驼桥
21.8,11.990000000000002,130.99075,3560.2607235543733,镇海大道-骆驼桥
21.85,12.017500000000002,131.591625,3560.310723554373,镇海大道-骆驼桥
21.900000000000002,12.045000000000002,132.193875,3560.360723554373,镇海大道-骆驼桥
21.950000000000003,12.072500000000003,132.79749999999999,3560.410723554373,镇海大道-骆驼桥
22.0,12.100000000000001,133.40249999999997,3560.460723554373,镇海大道-骆驼桥
22.05,12.127500000000001,134.008875,3560.5107235543733,镇海大道-骆驼桥
22.1,12.155000000000001,134.616625,3560.560723554373,镇海大道-骆驼桥
22.150000000000002,12.182500000000003,135.22575,3560.610723554373,镇海大道-骆驼桥
22.200000000000003,12.210000000000003,135.83625,3560.660723554373,镇海大道-骆驼桥
22.25,12.2375,136.448125,3560.710723554373,镇海大道-骆驼桥
22.3,12.265,137.061375,3560.7607235543733,镇海大道-骆驼桥
22.35,12.292500000000002,137.676,3560.810723554373,镇海大道-骆驼桥
22.400000000000002,12.320000000000002,138.292,3560.860723554373,镇海大道-骆驼桥
22.450000000000003,12.347500000000002,138.909375,3560.910723554373,镇海大道-骆驼桥
22.5,12.375000000000002,139.52812500000002,3560.960723554373,镇海大道-骆驼桥
22.55,12.402500000000002,140.14825000000002,3561.0107235543733,镇海大道-骆驼桥
22.6,12.430000000000001,140.76975000000002,3561.060723554373,镇海大道-骆驼桥
22.650000000000002,12.457500000000001,141.392625,3561.110723554373,镇海大道-骆驼桥
22.700000000000003,12.485000000000003,142.016875,3561.160723554373,镇海大道-骆驼桥
22.75,12.51818181818182,142.6427840909091,3561.210723554373,镇海大道-骆驼桥
22.8,12.558181818181819,143.2706931818182,3561.2607235543733,镇海大道-骆驼桥
22.85,12.59818181818182,143.90060227272727,3561.310723554373,镇海大道-骆驼桥
22.900000000000002,12.63818181818182,144.53251136363636,3561.360723554373,镇海大道-骆驼桥
22.950000000000003,12.678181818181821,145.16642045454546,3561.410723554373,镇海大道-骆驼桥
23.0,12.718181818181819,145.80232954545454,3561.460723554373,镇海大道-骆驼桥
23.05,12.75818181818182,146.44023863636363,3561.5107235543733,镇海大道-骆驼桥
23.1,12.79818181818182,147.08014772727273,3561.560723554373,镇海大道-骆驼桥
23.150000000000002,12.83818181818182,147.7220568181818,3561.610723554373,镇海大道-骆驼桥
23.200000000000003,12.87818181818182,148.3659659090909,3561.660723554373,镇海大道-骆驼桥
23.25,12.918181818181818,149.011875,3561.710723554373,镇海大道-骆驼桥
23.3,12.958181818181819,149.65978409090908,3561.7607235543733,镇海大道-骆驼桥
23.35,12.99818181818182,150.30969318181818,3561.810723554373,镇海大道-骆驼桥
23.400000000000002,13.03818181818182,150.96160227272728,3561.860723554373,镇海大道-骆驼桥
23.450000000000003,13.078181818181822,151.61551136363636,3561.910723554373,镇海大道-骆驼桥
23.5,13.118181818181819,152.27142045454545,3561.960723554373,镇海大道-骆驼桥
23.55,13.15818181818182,152.92932954545455,3562.0107235543733,镇海大道-骆驼桥
23.6,13.19818181818182,153.58923863636363,3562.060723554373,镇海大道-骆驼桥
23.650000000000002,13.23818181818182,154.25114772727272,3562.110723554373,镇海大道-骆驼桥
23.700000000000003,13.278181818181821,154.91505681818182,3562.160723554373,镇海大道-骆驼桥
23.75,13.318181818181818,155.5809659090909,3562.210723554373,镇海大道-骆驼桥
23.8,13.35818181818182,156.248875,3562.2607235543733,镇海大道-骆驼桥
23.85,13.39818181818182,156.9187840909091,3562.310723554373,镇海大道-骆驼桥
23.900000000000002,13.438181818181821,157.59069318181818,3562.360723554373,镇海大道-骆驼桥
23.950000000000003,13.47818181818182,158.26460227272727,3562.410723554373,镇海大道-骆驼桥
24.0,13.51818181818182,158.94051136363638,3562.460723554373,镇海大道-骆驼桥
24.05,13.558181818181819,159.61842045454546,3562.5107235543733,镇海大道-骆驼桥
24.1,13.59818181818182,160.29832954545455,3562.560723554373,镇海大道-骆驼桥
24.150000000000002,13.63818181818182,160.98023863636365,3562.610723554373,镇海大道-骆驼桥
24.200000000000003,13.678181818181821,161.66414772727273,3562.660723554373,镇海大道-骆驼桥
24.25,13.718181818181819,162.35005681818183,3562.710723554373,镇海大道-骆驼桥
24.3,13.75818181818182,163.03796590909093,3562.7607235543733,镇海大道-骆驼桥
24.35,13.79818181818182,163.727875,3562.810723554373,镇海大道-骆驼桥
24.400000000000002,13.83818181818182,164.4197840909091,3562.860723554373,镇海大道-骆驼桥
24.450000000000003,13.87818181818182,165.1136931818182,3562.910723554373,镇海大道-骆驼桥
24.5,13.918181818181818,165.8096022727273,3562.960723554373,镇海大道-骆驼桥
24.55,13.958181818181819,166.50751136363638,3563.0107235543733,镇海大道-骆驼桥
24.6,13.99818181818182,167.20742045454548,3563.060723554373,镇海大道-骆驼桥
24.650000000000002,14.03818181818182,167.90932954545457,3563.110723554373,镇海大道-骆驼桥
24.700000000000003,14.078181818181822,168.61323863636366,3563.160723554373,镇海大道-骆驼桥
24.75,14.118181818181819,169.31914772727276,3563.210723554373,镇海大道-骆驼桥
24.8,14.15818181818182,170.02705681818185,3563.2607235543733,镇海大道-骆驼桥
24.85,14.19818181818182,170.73696590909094,3563.310723554373,镇海大道-骆驼桥
24.900000000000002,14.23818181818182,171.44887500000004,3563.360723554373,镇海大道-骆驼桥
24.950000000000003,14.278181818181821,172.16278409090913,3563.410723554373,镇海大道-骆驼桥
25.0,14.318181818181818,172.87869318181822,3563.460723554373,镇海大道-骆驼桥
25.05,14.35818181818182,173.59660227272732,3563.5107235543733,镇海大道-骆驼桥
25.1,14.39818181818182,174.3165113636364,3563.560723554373,镇海大道-骆驼桥
25.150000000000002,14.438181818181821,175.0384204545455,3563.610723554373,镇海大道-骆驼桥
25.200000000000003,14.47818181818182,175.7623295454546,3563.660723554373,镇海大道-骆驼桥
25.25,14.51818181818182,176.4882386363637,3563.710723554373,镇海大道-骆驼桥
25.3,14.558181818181819,177.21614772727278,3563.7607235543733,镇海大道-骆驼桥
25.35,14.59818181818182,177.9460568181819,3563.810723554373,镇海大道-骆驼桥
25.400000000000002,14.63818181818182,178.67796590909097,3563.860723554373,镇海大道-骆驼桥
25.450000000000003,14.678181818181821,179.41187500000007,3563.910723554373,镇海大道-骆驼桥
25.5,14.718181818181819,180.14778409090917,3563.960723554373,镇海大道-骆驼桥
25.55,14.75818181818182,180.88569318181825,3564.0107235543733,镇海大道-骆驼桥
25.6,14.79818181818182,181.62560227272735,3564.060723554373,镇海大道-骆驼桥
25.650000000000002,14.83818181818182,182.36751136363645,3564.110723554373,镇海大道-骆驼桥
25.700000000000003,14.87818181818182,183.11142045454554,3564.160723554373,镇海大道-骆驼桥
25.75,14.918181818181818,183.85732954545463,3564.210723554373,镇海大道-骆驼桥
25.8,14.958181818181819,184.60523863636374,3564.2607235543733,镇海大道-骆驼桥
25.85,14.99818181818182,185.35514772727282,3564.310723554373,镇海大道-骆驼桥
25.900000000000002,15.03818181818182,186.10705681818192,3564.360723554373,镇海大道-骆驼桥
25.950000000000003,15.078181818181822,186.86096590909102,3564.410723554373,镇海大道-骆驼桥
26.0,15.118181818181819,187.6168750000001,3564.460723554373,镇海大道-骆驼桥
26.05,15.15818181818182,188.3747840909092,3564.5107235543733,镇海大道-骆驼桥
26.1,15.19818181818182,189.1346931818183,3564.560723554373,镇海大道-骆驼桥
26.150000000000002,15.23818181818182,189.8966022727274,3564.610723554373,镇海大道-骆驼桥
26.200000000000003,15.278181818181821,190.6605113636365,3564.660723554373,镇海大道-骆驼桥
26.25,15.318181818181818,191.4264204545456,3564.710723554373,镇海大道-骆驼桥
26.3,15.35818181818182,192.19432954545468,3564.7607235543733,镇海大道-骆驼桥
26.35,15.39818181818182,192.96423863636377,3564.810723554373,镇海大道-骆驼桥
26.400000000000002,15.438181818181821,193.73614772727288,3564.860723554373,镇海大道-骆驼桥
26.450000000000003,15.47818181818182,194.51005681818197,3564.910723554373,镇海大道-骆驼桥
26.5,15.51818181818182,195.28596590909106,3564.960723554373,镇海大道-骆驼桥
26.55,15.558181818181819,196.06387500000014,3565.0107235543733,镇海大道-骆驼桥
26.6,15.59818181818182,196.84378409090922,3565.060723554373,镇海大道-骆驼桥
26.650000000000002,15.63818181818182,197.62569318181832,3565.110723554373,镇海大道-骆驼桥
26.700000000000003,15.678181818181821,198.4096022727274,3565.160723554373,镇海大道-骆驼桥
26.75,15.718181818181819,199.19551136363648,3565.210723554373,镇海大道-骆驼桥
26.8,15.75818181818182,199.98342045454558,3565.2607235543733,镇海大道-骆驼桥
26.85,15.79818181818182,200.77332954545466,3565.310723554373,镇海大道-骆驼桥
26.900000000000002,15.83818181818182,201.56523863636374,3565.360723554373,镇海大道-骆驼桥
26.950000000000003,15.87818181818182,202.35914772727284,3565.410723554373,镇海大道-骆驼桥
27.0,15.918181818181818,203.15505681818192,3565.460723554373,镇海大道-骆驼桥
27.05,15.958181818181819,203.952965909091,3565.5107235543733,镇海大道-骆驼桥
27.1,15.99818181818182,204.7528750000001,3565.560723554373,镇海大道-骆驼桥
27.150000000000002,16.03818181818182,205.55478409090918,3565.610723554373,镇海大道-骆驼桥
27.200000000000003,16.07818181818182,206.35869318181827,3565.660723554373,镇海大道-骆驼桥
27.25,16.118181818181817,207.16460227272736,3565.710723554373,镇海大道-骆驼桥
27.3,16.15818181818182,207.97251136363644,3565.7607235543733,镇海大道-骆驼桥
27.35,16.19818181818182,208.78242045454553,3565.810723554373,镇海大道-骆驼桥
27.400000000000002,16.238181818181822,209.59432954545463,3565.860723554373,镇海大道-骆驼桥
27.450000000000003,16.27818181818182,210.4082386363637,3565.910723554373,镇海大道-骆驼桥
27.5,16.31818181818182,211.2241477272728,3565.960723554373,镇海大道-骆驼桥
27.55,16.35818181818182,212.0420568181819,3566.0107235543733,镇海大道-骆驼桥
27.6,16.39818181818182,212.86196590909097,3566.060723554373,镇海大道-骆驼桥
27.650000000000002,16.43818181818182,213.68387500000006,3566.110723554373,镇海大道-骆驼桥
27.700000000000003,16.47818181818182,214.50778409090915,3566.160723554373,镇海大道-骆驼桥
27.75,16.51818181818182,215.33369318181823,3566.210723554373,镇海大道-骆驼桥
27.8,16.55818181818182,216.16160227272732,3566.2607235543733,镇海大道-骆驼桥
27.85,16.59818181818182,216.99151136363642,3566.310723554373,镇海大道-骆驼桥
27.900000000000002,16.63818181818182,217.8234204545455,3566.360723554373,镇海大道-骆驼桥
27.950000000000003,16.67818181818182,218.6573295454546,3566.410723554373,镇海大道-骆驼桥
28.0,16.71818181818182,219.49323863636369,3566.460723554373,镇海大道-骆驼桥
28.05,16.758181818181818,220.33114772727276,3566.5107235543733,镇海大道-骆驼桥
28.1,16.79818181818182,221.17105681818185,3566.560723554373,镇海大道-骆驼桥
28.150000000000002,16.83818181818182,222.01296590909095,3566.610723554373,镇海大道-骆驼桥
28.200000000000003,16.878181818181822,222.85687500000003,3566.660723554373,镇海大道-骆驼桥
28.25,16.918181818181818,223.70278409090912,3566.710723554373,镇海大道-骆驼桥
28.3,16.95818181818182,224.55069318181822,3566.7607235543733,镇海大道-骆驼桥
28.35,16.99818181818182,225.4006022727273,3566.810723554373,镇海大道-骆驼桥
28.400000000000002,17.03818181818182,226.2525113636364,3566.860723554373,镇海大道-骆驼桥
28.450000000000003,17.07818181818182,227.10642045454549,3566.910723554373,镇海大道-骆驼桥
28.5,17.118181818181817,227.96232954545457,3566.960723554373,镇海大道-骆驼桥
28.55,17.15818181818182,228.82023863636365,3567.0107235543733,镇海大道-骆驼桥
28.6,17.19818181818182,229.68014772727275,3567.060723554373,镇海大道-骆驼桥
28.650000000000002,17.238181818181822,230.54205681818183,3567.110723554373,镇海大道-骆驼桥
28.700000000000003,17.27818181818182,231.40596590909092,3567.160723554373,镇海大道-骆驼桥
28.75,17.31818181818182,232.27187500000002,3567.210723554373,镇海大道-骆驼桥
28.8,17.35818181818182,233.1397840909091,3567.2607235543733,镇海大道-骆驼桥
28.85,17.39818181818182,234.0096931818182,3567.310723554373,镇海大道-骆驼桥
28.900000000000002,17.43818181818182,234.8816022727273,3567.360723554373,镇海大道-骆驼桥
28.950000000000003,17.47818181818182,235.75551136363637,3567.410723554373,镇海大道-骆驼桥
29.0,17.51818181818182,236.63142045454546,3567.460723554373,镇海大道-骆驼桥
29.05,17.55818181818182,237.50932954545456,3567.5107235543733,镇海大道-骆驼桥
29.1,17.59818181818182,238.38923863636364,3567.560723554373,镇海大道-骆驼桥
29.150000000000002,17.63818181818182,239.27114772727273,3567.610723554373,镇海大道-骆驼桥
29.200000000000003,17.67818181818182,240.15505681818183,3567.660723554373,镇海大道-骆驼桥
29.25,17.71818181818182,241.04096590909091,3567.710723554373,镇海大道-骆驼桥
29.3,17.758181818181818,241.928875,3567.7607235543733,镇海大道-骆驼桥
29.35,17.79818181818182,242.8187840909091,3567.810723554373,镇海大道-骆驼桥
29.400000000000002,17.83818181818182,243.7106931818182,3567.860723554373,镇海大道-骆驼桥
29.450000000000003,17.878181818181822,244.60460227272728,3567.910723554373,镇海大道-骆驼桥
29.5,17.918181818181818,245.50051136363638,3567.960723554373,镇海大道-骆驼桥
29.55,17.95818181818182,246.39842045454546,3568.0107235543733,镇海大道-骆驼桥
29.6,17.99818181818182,247.29832954545455,3568.060723554373,镇海大道-骆驼桥
29.650000000000002,18.03818181818182,248.20023863636365,3568.110723554373,镇海大道-骆驼桥
29.700000000000003,18.07818181818182,249.10414772727273,3568.160723554373,镇海大道-骆驼桥
29.75,18.118181818181817,250.01005681818182,3568.210723554373,镇海大道-骆驼桥
29.8,18.15818181818182,250.91796590909092,3568.2607235543733,镇海大道-骆驼桥
29.85,18.19818181818182,251.827875,3568.310723554373,镇海大道-骆驼桥
29.900000000000002,18.238181818181822,252.7397840909091,3568.360723554373,镇海大道-骆驼桥
29.950000000000003,18.27818181818182,253.6536931818182,3568.410723554373,镇海大道-骆驼桥
30.0,18.31818181818182,254.56960227272728,3568.460723554373,镇海大道-骆驼桥
30.05,18.35818181818182,255.48751136363637,3568.5107235543733,镇海大道-骆驼桥
30.1,18.39818181818182,256.40742045454544,3568.560723554373,镇海大道-骆驼桥
30.150000000000002,18.43818181818182,257.3293295454545,3568.610723554373,镇海大道-骆驼桥
30.200000000000003,18.47818181818182,258.2532386363636,3568.660723554373,镇海大道-骆驼桥
30.25,18.51818181818182,259.1791477272727,3568.710723554373,镇海大道-骆驼桥
30.3,18.55818181818182,260.10705681818183,3568.7607235543733,镇海大道-骆驼桥
30.35,18.59818181818182,261.0369659090909,3568.810723554373,镇海大道-骆驼桥
30.400000000000002,18.63818181818182,261.96887499999997,3568.860723554373,镇海大道-骆驼桥
30.450000000000003,18.67818181818182,262.90278409090905,3568.910723554373,镇海大道-骆驼桥
30.5,18.71818181818182,263.83869318181814,3568.960723554373,镇海大道-骆驼桥
30.55,18.758181818181818,264.77660227272725,3569.0107235543733,镇海大道-骆驼桥
30.6,18.79818181818182,265.71651136363636,3569.060723554373,镇海大道-骆驼桥
30.650000000000002,18.83818181818182,266.6584204545454,3569.110723554373,镇海大道-骆驼桥
30.700000000000003,18.85999999999991,267.6014204545454,3569.160723554373,镇海大道-骆驼桥
30.75,18.85999999999991,268.5444204545454,3569.210723554373,镇海大道-骆驼桥
30.8,18.85999999999991,269.4874204545454,3569.2607235543733,镇海大道-骆驼桥
30.85,18.85999999999991,270.43042045454536,3569.310723554373,镇海大道-骆驼桥
30.900000000000002,18.85999999999991,271.37342045454534,3569.360723554373,镇海大道-骆驼桥
30.950000000000003,18.85999999999991,272.3164204545453,3569.410723554373,镇海大道-骆驼桥
31.0,18.85999999999991,273.2594204545453,3569.460723554373,镇海大道-骆驼桥
31.05,18.85999999999991,274.2024204545453,3569.5107235543733,镇海大道-骆驼桥
31.1,18.85999999999991,275.1454204545453,3569.560723554373,镇海大道-骆驼桥
31.150000000000002,18.85999999999991,276.08842045454526,3569.610723554373,镇海大道-骆驼桥
31.200000000000003,18.85999999999991,277.03142045454524,3569.660723554373,镇海大道-骆驼桥
31.25,18.85999999999991,277.9744204545452,3569.710723554373,镇海大道-骆驼桥
31.3,18.85999999999991,278.9174204545452,3569.7607235543733,镇海大道-骆驼桥
31.35,18.85999999999991,279.8604204545452,3569.810723554373,镇海大道-骆驼桥
31.400000000000002,18.85999999999991,280.8034204545452,3569.860723554373,镇海大道-骆驼桥
31.450000000000003,18.85999999999991,281.74642045454516,3569.910723554373,镇海大道-骆驼桥
31.5,18.85999999999991,282.68942045454514,3569.960723554373,镇海大道-骆驼桥
31.55,18.85999999999991,283.6324204545451,3570.0107235543733,镇海大道-骆驼桥
31.6,18.85999999999991,284.5754204545451,3570.060723554373,镇海大道-骆驼桥
31.650000000000002,18.85999999999991,285.5184204545451,3570.110723554373,镇海大道-骆驼桥
31.700000000000003,18.85999999999991,286.4614204545451,3570.160723554373,镇海大道-骆驼桥
31.75,18.85999999999991,287.40442045454506,3570.210723554373,镇海大道-骆驼桥
31.8,18.85999999999991,288.34742045454504,3570.2607235543733,镇海大道-骆驼桥
31.85,18.85999999999991,289.290420454545,3570.310723554373,镇海大道-骆驼桥
31.900000000000002,18.85999999999991,290.233420454545,3570.360723554373,镇海大道-骆驼桥
31.950000000000003,18.85999999999991,291.176420454545,3570.410723554373,镇海大道-骆驼桥
32.0,18.85999999999991,292.119420454545,3570.460723554373,镇海大道-骆驼桥
32.050000000000004,18.85999999999991,293.06242045454496,3570.5107235543733,镇海大道-骆驼桥
32.1,18.85999999999991,294.00542045454495,3570.560723554373,镇海大道-骆驼桥
32.15,18.85999999999991,294.94842045454493,3570.610723554373,镇海大道-骆驼桥
32.2,18.85999999999991,295.8914204545449,3570.660723554373,镇海大道-骆驼桥
32.25,18.85999999999991,296.8344204545449,3570.710723554373,镇海大道-骆驼桥
32.300000000000004,18.85999999999991,297.7774204545449,3570.7607235543733,镇海大道-骆驼桥
32.35,18.85999999999991,298.72042045454486,3570.810723554373,镇海大道-骆驼桥
32.4,18.85999999999991,299.66342045454485,3570.860723554373,镇海大道-骆驼桥
32.45,18.85999999999991,300.60642045454483,3570.910723554373,镇海大道-骆驼桥
32.5,18.85999999999991,301.5494204545448,3570.960723554373,镇海大道-骆驼桥
32.550000000000004,18.85999999999991,302.4924204545448,3571.0107235543733,镇海大道-骆驼桥
32.6,18.85999999999991,303.4354204545448,3571.060723554373,镇海大道-骆驼桥
32.65,18.85999999999991,304.37842045454477,3571.110723554373,镇海大道-骆驼桥
32.7,18.85999999999991,305.32142045454475,3571.160723554373,镇海大道-骆驼桥
32.75,18.85999999999991,306.26442045454473,3571.210723554373,镇海大道-骆驼桥
32.800000000000004,18.85999999999991,307.2074204545447,3571.2607235543733,镇海大道-骆驼桥
32.85,18.85999999999991,308.1504204545447,3571.310723554373,镇海大道-骆驼桥
32.9,18.85999999999991,309.0934204545447,3571.360723554373,镇海大道-骆驼桥
32.95,18.85999999999991,310.03642045454467,3571.410723554373,镇海大道-骆驼桥
33.0,18.85999999999991,310.97942045454465,3571.460723554373,镇海大道-骆驼桥
33.050000000000004,18.85999999999991,311.92242045454464,3571.5107235543733,镇海大道-骆驼桥
33.1,18.85999999999991,312.8654204545446,3571.560723554373,镇海大道-骆驼桥
33.15,18.85999999999991,313.8084204545446,3571.610723554373,镇海大道-骆驼桥
33.2,18.85999999999991,314.7514204545446,3571.660723554373,镇海大道-骆驼桥
33.25,18.85999999999991,315.69442045454457,3571.710723554373,镇海大道-骆驼桥
33.300000000000004,18.85999999999991,316.63742045454455,3571.7607235543733,镇海大道-骆驼桥
33.35,18.85999999999991,317.58042045454454,3571.810723554373,镇海大道-骆驼桥
33.4,18.85999999999991,318.5234204545445,3571.860723554373,镇海大道-骆驼桥
33.45,18.85999999999991,319.4664204545445,3571.910723554373,镇海大道-骆驼桥
33.5,18.85999999999991,320.4094204545445,3571.960723554373,镇海大道-骆驼桥
33.550000000000004,18.85999999999991,321.3524204545445,3572.0107235543733,镇海大道-骆驼桥
33.6,18.85999999999991,322.29542045454446,3572.060723554373,镇海大道-骆驼桥
33.65,18.85999999999991,323.23842045454444,3572.110723554373,镇海大道-骆驼桥
33.7,18.85999999999991,324.1814204545444,3572.160723554373,镇海大道-骆驼桥
33.75,18.85999999999991,325.1244204545444,3572.210723554373,镇海大道-骆驼桥
33.800000000000004,18.85999999999991,326.0674204545444,3572.2607235543733,镇海大道-骆驼桥
33.85,18.85999999999991,327.0104204545444,3572.310723554373,镇海大道-骆驼桥
33.9,18.85999999999991,327.95342045454436,3572.360723554373,镇海大道-骆驼桥
33.95,18.85999999999991,328.89642045454434,3572.410723554373,镇海大道-骆驼桥
34.0,18.85999999999991,329.8394204545443,3572.460723554373,镇海大道-骆驼桥
34.050000000000004,18.85999999999991,330.7824204545443,3572.5107235543733,镇海大道-骆驼桥
34.1,18.85999999999991,331.7254204545443,3572.560723554373,镇海大道-骆驼桥
34.15,18.85999999999991,332.6684204545443,3572.610723554373,镇海大道-骆驼桥
34.2,18.85999999999991,333.61142045454426,3572.660723554373,镇海大道-骆驼桥
34.25,18.85999999999991,334.55442045454424,3572.710723554373,镇海大道-骆驼桥
34.300000000000004,18.85999999999991,335.4974204545442,3572.7607235543733,镇海大道-骆驼桥
34.35,18.85999999999991,336.4404204545442,3572.810723554373,镇海大道-骆驼桥
34.4,18.85999999999991,337.3834204545442,3572.860723554373,镇海大道-骆驼桥
34.45,18.85999999999991,338.3264204545442,3572.910723554373,镇海大道-骆驼桥
34.5,18.85999999999991,339.26942045454416,3572.960723554373,镇海大道-骆驼桥
34.550000000000004,18.85999999999991,340.21242045454414,3573.0107235543733,镇海大道-骆驼桥
34.6,18.85999999999991,341.1554204545441,3573.060723554373,镇海大道-骆驼桥
34.65,18.85999999999991,342.0984204545441,3573.110723554373,镇海大道-骆驼桥
34.7,18.85999999999991,343.0414204545441,3573.160723554373,镇海大道-骆驼桥
34.75,18.85999999999991,343.9844204545441,3573.210723554373,镇海大道-骆驼桥
34.800000000000004,18.85999999999991,344.92742045454406,3573.2607235543733,镇海大道-骆驼桥
34.85,18.85999999999991,345.87042045454405,3573.310723554373,镇海大道-骆驼桥
34.9,18.85999999999991,346.81342045454403,3573.360723554373,镇海大道-骆驼桥
34.95,18.85999999999991,347.756420454544,3573.410723554373,镇海大道-骆驼桥
35.0,18.85999999999991,348.699420454544,3573.460723554373,镇海大道-骆驼桥
35.050000000000004,18.85999999999991,349.642420454544,3573.5107235543733,镇海大道-骆驼桥
35.1,18.85999999999991,350.58542045454396,3573.560723554373,镇海大道-骆驼桥
35.15,18.85999999999991,351.52842045454395,3573.610723554373,镇海大道-骆驼桥
35.2,18.85999999999991,352.47142045454393,3573.660723554373,镇海大道-骆驼桥
35.25,18.85999999999991,353.4144204545439,3573.710723554373,镇海大道-骆驼桥
35.300000000000004,18.85999999999991,354.3574204545439,3573.7607235543733,镇海大道-骆驼桥
35.35,18.85999999999991,355.3004204545439,3573.810723554373,镇海大道-骆驼桥
35.4,18.85999999999991,356.24342045454387,3573.860723554373,镇海大道-骆驼桥
35.45,18.85999999999991,357.18642045454385,3573.910723554373,镇海大道-骆驼桥
35.5,18.85999999999991,358.12942045454383,3573.960723554373,镇海大道-骆驼桥
35.550000000000004,18.85999999999991,359.0724204545438,3574.0107235543733,镇海大道-骆驼桥
35.6,18.85999999999991,360.0154204545438,3574.060723554373,镇海大道-骆驼桥
35.65,18.85999999999991,360.9584204545438,3574.110723554373,镇海大道-骆驼桥
35.7,18.85999999999991,361.90142045454377,3574.160723554373,镇海大道-骆驼桥
35.75,18.85999999999991,362.84442045454375,3574.210723554373,镇海大道-骆驼桥
35.800000000000004,18.85999999999991,363.78742045454374,3574.2607235543733,镇海大道-骆驼桥
35.85,18.85999999999991,364.7304204545437,3574.310723554373,镇海大道-骆驼桥
35.9,18.85999999999991,365.6734204545437,3574.360723554373,镇海大道-骆驼桥
35.95,18.85999999999991,366.6164204545437,3574.410723554373,镇海大道-骆驼桥
36.0,18.85999999999991,367.55942045454367,3574.460723554373,镇海大道-骆驼桥
36.050000000000004,18.85999999999991,368.50242045454365,3574.5107235543733,镇海大道-骆驼桥
36.1,18.85999999999991,369.44542045454364,3574.560723554373,镇海大道-骆驼桥
36.15,18.85999999999991,370.3884204545436,3574.610723554373,镇海大道-骆驼桥
36.2,18.85999999999991,371.3314204545436,3574.660723554373,镇海大道-骆驼桥
36.25,18.85999999999991,372.2744204545436,3574.710723554373,镇海大道-骆驼桥
36.300000000000004,18.85999999999991,373.21742045454357,3574.7607235543733,镇海大道-骆驼桥
36.35,18.85999999999991,374.16042045454356,3574.810723554373,镇海大道-骆驼桥
36.4,18.85999999999991,375.10342045454354,3574.860723554373,镇海大道-骆驼桥
36.45,18.85999999999991,376.0464204545435,3574.910723554373,镇海大道-骆驼桥
36.5,18.85999999999991,376.9894204545435,3574.960723554373,镇海大道-骆驼桥
36.550000000000004,18.85999999999991,377.9324204545435,3575.0107235543733,镇海大道-骆驼桥
36.6,18.85999999999991,378.8754204545435,3575.060723554373,镇海大道-骆驼桥
36.65,18.85999999999991,379.81842045454346,3575.110723554373,镇海大道-骆驼桥
36.7,18.85999999999991,380.76142045454344,3575.160723554373,镇海大道-骆驼桥
36.75,18.85999999999991,381.7044204545434,3575.210723554373,镇海大道-骆驼桥
36.800000000000004,18.85999999999991,382.6474204545434,3575.2607235543733,镇海大道-骆驼桥
36.85,18.85999999999991,383.5904204545434,3575.310723554373,镇海大道-骆驼桥
36.9,18.85999999999991,384.5334204545434,3575.360723554373,镇海大道-骆驼桥
36.95,18.85999999999991,385.47642045454336,3575.410723554373,镇海大道-骆驼桥
37.0,18.85999999999991,386.41942045454334,3575.460723554373,镇海大道-骆驼桥
37.050000000000004,18.85999999999991,387.3624204545433,3575.5107235543733,镇海大道-骆驼桥
37.1,18.85999999999991,388.3054204545433,3575.560723554373,镇海大道-骆驼桥
37.15,18.85999999999991,389.2484204545433,3575.610723554373,镇海大道-骆驼桥
37.2,18.85999999999991,390.1914204545433,3575.660723554373,镇海大道-骆驼桥
37.25,18.85999999999991,391.13442045454326,3575.710723554373,镇海大道-骆驼桥
37.300000000000004,18.85999999999991,392.07742045454324,3575.7607235543733,镇海大道-骆驼桥
37.35,18.85999999999991,393.0204204545432,3575.810723554373,镇海大道-骆驼桥
37.4,18.85999999999991,393.9634204545432,3575.860723554373,镇海大道-骆驼桥
37.45,18.85999999999991,394.9064204545432,3575.910723554373,镇海大道-骆驼桥
37.5,18.85999999999991,395.8494204545432,3575.960723554373,镇海大道-骆驼桥
37.550000000000004,18.85999999999991,396.79242045454316,3576.0107235543733,镇海大道-骆驼桥
37.6,18.85999999999991,397.73542045454315,3576.060723554373,镇海大道-骆驼桥
37.65,18.85999999999991,398.67842045454313,3576.110723554373,镇海大道-骆驼桥
37.7,18.85999999999991,399.6214204545431,3576.160723554373,镇海大道-骆驼桥
37.75,18.85999999999991,400.5644204545431,3576.210723554373,镇海大道-骆驼桥
37.800000000000004,18.85999999999991,401.5074204545431,3576.2607235543733,镇海大道-骆驼桥
37.85,18.85999999999991,402.45042045454306,3576.310723554373,镇海大道-骆驼桥
37.9,18.85999999999991,403.39342045454305,3576.360723554373,镇海大道-骆驼桥
37.95,18.85999999999991,404.33642045454303,3576.410723554373,镇海大道-骆驼桥
38.0,18.85999999999991,405.279420454543,3576.460723554373,镇海大道-骆驼桥
38.050000000000004,18.85999999999991,406.222420454543,3576.5107235543733,镇海大道-骆驼桥
38.1,18.85999999999991,407.165420454543,3576.560723554373,镇海大道-骆驼桥
38.15,18.85999999999991,408.10842045454297,3576.610723554373,镇海大道-骆驼桥
38.2,18.85999999999991,409.05142045454295,3576.660723554373,镇海大道-骆驼桥
38.25,18.85999999999991,409.99442045454293,3576.710723554373,镇海大道-骆驼桥
38.300000000000004,18.85999999999991,410.9374204545429,3576.7607235543733,镇海大道-骆驼桥
38.35,18.85999999999991,411.8804204545429,3576.810723554373,镇海大道-骆驼桥
38.400000000000006,18.85999999999991,412.8234204545429,3576.860723554373,镇海大道-骆驼桥
38.45,18.85999999999991,413.76642045454287,3576.910723554373,镇海大道-骆驼桥
38.5,18.85999999999991,414.70942045454285,3576.960723554373,镇海大道-骆驼桥
38.550000000000004,18.85999999999991,415.65242045454283,3577.0107235543733,镇海大道-骆驼桥
38.6,18.85999999999991,416.5954204545428,3577.060723554373,镇海大道-骆驼桥
38.650000000000006,18.85999999999991,417.5384204545428,3577.110723554373,镇海大道-骆驼桥
38.7,18.85999999999991,418.4814204545428,3577.160723554373,镇海大道-骆驼桥
38.75,18.85999999999991,419.42442045454277,3577.210723554373,镇海大道-骆驼桥
38.800000000000004,18.85999999999991,420.36742045454275,3577.2607235543733,镇海大道-骆驼桥
38.85,18.85999999999991,421.31042045454274,3577.310723554373,镇海大道-骆驼桥
38.900000000000006,18.85999999999991,422.2534204545427,3577.360723554373,镇海大道-骆驼桥
38.95,18.85999999999991,423.1964204545427,3577.410723554373,镇海大道-骆驼桥
39.0,18.85999999999991,424.1394204545427,3577.460723554373,镇海大道-骆驼桥
39.050000000000004,18.85999999999991,425.08242045454267,3577.5107235543733,镇海大道-骆驼桥
39.1,18.85999999999991,426.02542045454265,3577.560723554373,镇海大道-骆驼桥
39.150000000000006,18.85999999999991,426.96842045454264,3577.610723554373,镇海大道-骆驼桥
39.2,18.85999999999991,427.9114204545426,3577.660723554373,镇海大道-骆驼桥
39.25,18.85999999999991,428.8544204545426,3577.710723554373,镇海大道-骆驼桥
39.300000000000004,18.85999999999991,429.7974204545426,3577.7607235543733,镇海大道-骆驼桥
39.35,18.85999999999991,430.7404204545426,3577.810723554373,镇海大道-骆驼桥
39.400000000000006,18.85999999999991,431.68342045454256,3577.860723554373,镇海大道-骆驼桥
39.45,18.85999999999991,432.62642045454254,3577.910723554373,镇海大道-骆驼桥
39.5,18.85999999999991,433.5694204545425,3577.960723554373,镇海大道-骆驼桥
39.550000000000004,18.85999999999991,434.5124204545425,3578.0107235543733,镇海大道-骆驼桥
39.6,18.85999999999991,435.4554204545425,3578.060723554373,镇海大道-骆驼桥
39.650000000000006,18.85999999999991,436.3984204545425,3578.110723554373,镇海大道-骆驼桥
39.7,18.85999999999991,437.34142045454246,3578.160723554373,镇海大道-骆驼桥
39.75,18.85999999999991,438.28442045454244,3578.210723554373,镇海大道-骆驼桥
39.800000000000004,18.85999999999991,439.2274204545424,3578.2607235543733,镇海大道-骆驼桥
39.85,18.85999999999991,440.1704204545424,3578.310723554373,镇海大道-骆驼桥
39.900000000000006,18.85999999999991,441.1134204545424,3578.360723554373,镇海大道-骆驼桥
39.95,18.85999999999991,442.0564204545424,3578.410723554373,镇海大道-骆驼桥
40.0,18.85999999999991,442.99942045454236,3578.460723554373,镇海大道-骆驼桥
40.050000000000004,18.85999999999991,443.94242045454234,3578.5107235543733,镇海大道-骆驼桥
40.1,18.85999999999991,444.8854204545423,3578.560723554373,镇海大道-骆驼桥
40.150000000000006,18.85999999999991,445.8284204545423,3578.610723554373,镇海大道-骆驼桥
40.2,18.85999999999991,446.7714204545423,3578.660723554373,镇海大道-骆驼桥
40.25,18.85999999999991,447.7144204545423,3578.710723554373,镇海大道-骆驼桥
40.300000000000004,18.85999999999991,448.65742045454226,3578.7607235543733,镇海大道-骆驼桥
40.35,18.85999999999991,449.60042045454225,3578.810723554373,镇海大道-骆驼桥
40.400000000000006,18.85999999999991,450.54342045454223,3578.860723554373,镇海大道-骆驼桥
40.45,18.85999999999991,451.4864204545422,3578.910723554373,镇海大道-骆驼桥
40.5,18.85999999999991,452.4294204545422,3578.960723554373,镇海大道-骆驼桥
40.550000000000004,18.85999999999991,453.3724204545422,3579.0107235543733,镇海大道-骆驼桥
40.6,18.85999999999991,454.31542045454216,3579.060723554373,镇海大道-骆驼桥
40.650000000000006,18.85999999999991,455.25842045454215,3579.110723554373,镇海大道-骆驼桥
40.7,18.85999999999991,456.20142045454213,3579.160723554373,镇海大道-骆驼桥
40.75,18.85999999999991,457.1444204545421,3579.210723554373,镇海大道-骆驼桥
40.800000000000004,18.85999999999991,458.0874204545421,3579.2607235543733,镇海大道-骆驼桥
40.85,18.85999999999991,459.0304204545421,3579.310723554373,镇海大道-骆驼桥
40.900000000000006,18.85999999999991,459.97342045454207,3579.360723554373,镇海大道-骆驼桥
40.95,18.85999999999991,460.91642045454205,3579.410723554373,镇海大道-骆驼桥
41.0,18.85999999999991,461.85942045454203,3579.460723554373,镇海大道-骆驼桥
41.050000000000004,18.85999999999991,462.802420454542,3579.5107235543733,镇海大道-骆驼桥
41.1,18.85999999999991,463.745420454542,3579.560723554373,镇海大道-骆驼桥
41.150000000000006,18.85999999999991,464.688420454542,3579.610723554373,镇海大道-骆驼桥
41.2,18.85999999999991,465.63142045454197,3579.660723554373,镇海大道-骆驼桥
41.25,18.85999999999991,466.57442045454195,3579.710723554373,镇海大道-骆驼桥
41.300000000000004,18.85999999999991,467.51742045454193,3579.7607235543733,镇海大道-骆驼桥
41.35,18.85999999999991,468.4604204545419,3579.810723554373,镇海大道-骆驼桥
41.400000000000006,18.85999999999991,469.4034204545419,3579.860723554373,镇海大道-骆驼桥
41.45,18.85999999999991,470.3464204545419,3579.910723554373,镇海大道-骆驼桥
41.5,18.85999999999991,471.28942045454187,3579.960723554373,镇海大道-骆驼桥
41.550000000000004,18.85999999999991,472.23242045454185,3580.0107235543733,镇海大道-骆驼桥
41.6,18.85999999999991,473.17542045454184,3580.060723554373,镇海大道-骆驼桥
41.650000000000006,18.85999999999991,474.1184204545418,3580.110723554373,镇海大道-骆驼桥
41.7,18.85999999999991,475.0614204545418,3580.160723554373,镇海大道-骆驼桥
41.75,18.85999999999991,476.0044204545418,3580.210723554373,镇海大道-骆驼桥
41.800000000000004,18.85999999999991,476.94742045454177,3580.2607235543733,镇海大道-骆驼桥
41.85,18.85999999999991,477.89042045454175,3580.310723554373,镇海大道-骆驼桥
41.900000000000006,18.85999999999991,478.83342045454174,3580.360723554373,镇海大道-骆驼桥
41.95,18.85999999999991,479.7764204545417,3580.410723554373,镇海大道-骆驼桥
42.0,18.85999999999991,480.7194204545417,3580.460723554373,镇海大道-骆驼桥
42.050000000000004,18.85999999999991,481.6624204545417,3580.5107235543733,镇海大道-骆驼桥
42.1,18.85999999999991,482.6054204545417,3580.560723554373,镇海大道-骆驼桥
42.150000000000006,18.85999999999991,483.54842045454166,3580.610723554373,镇海大道-骆驼桥
42.2,18.85999999999991,484.49142045454164,3580.660723554373,镇海大道-骆驼桥
42.25,18.85999999999991,485.4344204545416,3580.710723554373,镇海大道-骆驼桥
42.300000000000004,18.85999999999991,486.3774204545416,3580.7607235543733,镇海大道-骆驼桥
42.35,18.85999999999991,487.3204204545416,3580.810723554373,镇海大道-骆驼桥
42.400000000000006,18.85999999999991,488.2634204545416,3580.860723554373,镇海大道-骆驼桥
42.45,18.85999999999991,489.20642045454156,3580.910723554373,镇海大道-骆驼桥
42.5,18.85999999999991,490.14942045454154,3580.960723554373,镇海大道-骆驼桥
42.550000000000004,18.85999999999991,491.0924204545415,3581.0107235543733,镇海大道-骆驼桥
42.6,18.85999999999991,492.0354204545415,3581.060723554373,镇海大道-骆驼桥
42.650000000000006,18.85999999999991,492.9784204545415,3581.110723554373,镇海大道-骆驼桥
42.7,18.85999999999991,493.9214204545415,3581.160723554373,镇海大道-骆驼桥
42.75,18.85999999999991,494.86442045454146,3581.210723554373,镇海大道-骆驼桥
42.800000000000004,18.85999999999991,495.80742045454144,3581.2607235543733,镇海大道-骆驼桥
42.85,18.85999999999991,496.7504204545414,3581.310723554373,镇海大道-骆驼桥
42.900000000000006,18.85999999999991,497.6934204545414,3581.360723554373,镇海大道-骆驼桥
42.95,18.85999999999991,498.6364204545414,3581.410723554373,镇海大道-骆驼桥
43.0,18.85999999999991,499.5794204545414,3581.460723554373,镇海大道-骆驼桥
43.050000000000004,18.85999999999991,500.52242045454136,3581.5107235543733,镇海大道-骆驼桥
43.1,18.85999999999991,501.46542045454134,3581.560723554373,镇海大道-骆驼桥
43.150000000000006,18.85999999999991,502.40842045454133,3581.610723554373,镇海大道-骆驼桥
43.2,18.85999999999991,503.3514204545413,3581.660723554373,镇海大道-骆驼桥
43.25,18.85999999999991,504.2944204545413,3581.710723554373,镇海大道-骆驼桥
43.300000000000004,18.85999999999991,505.2374204545413,3581.7607235543733,镇海大道-骆驼桥
43.35,18.85999999999991,506.18042045454126,3581.810723554373,镇海大道-骆驼桥
43.400000000000006,18.85999999999991,507.12342045454125,3581.860723554373,镇海大道-骆驼桥
43.45,18.85999999999991,508.06642045454123,3581.910723554373,镇海大道-骆驼桥
43.5,18.85999999999991,509.0094204545412,3581.960723554373,镇海大道-骆驼桥
43.550000000000004,18.85999999999991,509.9524204545412,3582.0107235543733,镇海大道-骆驼桥
43.6,18.85999999999991,510.8954204545412,3582.060723554373,镇海大道-骆驼桥
43.650000000000006,18.85999999999991,511.83842045454116,3582.110723554373,镇海大道-骆驼桥
43.7,18.85999999999991,512.7814204545411,3582.160723554373,镇海大道-骆驼桥
43.75,18.85999999999991,513.7244204545411,3582.210723554373,镇海大道-骆驼桥
43.800000000000004,18.85999999999991,514.6674204545411,3582.2607235543733,镇海大道-骆驼桥
43.85,18.85999999999991,515.6104204545411,3582.310723554373,镇海大道-骆驼桥
43.900000000000006,18.85999999999991,516.5534204545411,3582.360723554373,镇海大道-骆驼桥
43.95,18.85999999999991,517.4964204545411,3582.410723554373,镇海大道-骆驼桥
44.0,18.85999999999991,518.439420454541,3582.460723554373,镇海大道-骆驼桥
44.050000000000004,18.85999999999991,519.382420454541,3582.5107235543733,镇海大道-骆驼桥
44.1,18.85999999999991,520.325420454541,3582.560723554373,镇海大道-骆驼桥
44.150000000000006,18.85999999999991,521.268420454541,3582.610723554373,镇海大道-骆驼桥
44.2,18.85999999999991,522.211420454541,3582.660723554373,镇海大道-骆驼桥
44.25,18.85999999999991,523.154420454541,3582.710723554373,镇海大道-骆驼桥
44.300000000000004,18.85999999999991,524.097420454541,3582.7607235543733,镇海大道-骆驼桥
44.35,18.85999999999991,525.0404204545409,3582.810723554373,镇海大道-骆驼桥
44.400000000000006,18.85999999999991,525.9834204545409,3582.860723554373,镇海大道-骆驼桥
44.45,18.85999999999991,526.9264204545409,3582.910723554373,镇海大道-骆驼桥
44.5,18.85999999999991,527.8694204545409,3582.960723554373,镇海大道-骆驼桥
44.550000000000004,18.85999999999991,528.8124204545409,3583.0107235543733,镇海大道-骆驼桥
44.6,18.85999999999991,529.7554204545409,3583.060723554373,镇海大道-骆驼桥
44.650000000000006,18.85999999999991,530.6984204545408,3583.110723554373,镇海大道-骆驼桥
44.7,18.85999999999991,531.6414204545408,3583.160723554373,镇海大道-骆驼桥
44.75,18.85999999999991,532.5844204545408,3583.210723554373,镇海大道-骆驼桥
44.800000000000004,18.85999999999991,533.5274204545408,3583.2607235543733,镇海大道-骆驼桥
44.85,18.85999999999991,534.4704204545408,3583.310723554373,镇海大道-骆驼桥
44.900000000000006,18.85999999999991,535.4134204545408,3583.360723554373,镇海大道-骆驼桥
44.95,18.85999999999991,536.3564204545407,3583.410723554373,镇海大道-骆驼桥
45.0,18.85999999999991,537.2994204545407,3583.460723554373,镇海大道-骆驼桥
45.050000000000004,18.85999999999991,538.2424204545407,3583.5107235543733,镇海大道-骆驼桥
45.1,18.85999999999991,539.1854204545407,3583.560723554373,镇海大道-骆驼桥
45.150000000000006,18.85999999999991,540.1284204545407,3583.610723554373,镇海大道-骆驼桥
45.2,18.85999999999991,541.0714204545407,3583.660723554373,镇海大道-骆驼桥
45.25,18.85999999999991,542.0144204545406,3583.710723554373,镇海大道-骆驼桥
45.300000000000004,18.85999999999991,542.9574204545406,3583.7607235543733,镇海大道-骆驼桥
45.35,18.85999999999991,543.9004204545406,3583.810723554373,镇海大道-骆驼桥
45.400000000000006,18.85999999999991,544.8434204545406,3583.860723554373,镇海大道-骆驼桥
45.45,18.85999999999991,545.7864204545406,3583.910723554373,镇海大道-骆驼桥
45.5,18.85999999999991,546.7294204545406,3583.960723554373,镇海大道-骆驼桥
45.550000000000004,18.85999999999991,547.6724204545405,3584.0107235543733,镇海大道-骆驼桥
45.6,18.85999999999991,548.6154204545405,3584.060723554373,镇海大道-骆驼桥
45.650000000000006,18.85999999999991,549.5584204545405,3584.110723554373,镇海大道-骆驼桥
45.7,18.85999999999991,550.5014204545405,3584.160723554373,镇海大道-骆驼桥
45.75,18.85999999999991,551.4444204545405,3584.210723554373,镇海大道-骆驼桥
45.800000000000004,18.85999999999991,552.3874204545405,3584.2607235543733,镇海大道-骆驼桥
45.85,18.85999999999991,553.3304204545404,3584.310723554373,镇海大道-骆驼桥
45.900000000000006,18.85999999999991,554.2734204545404,3584.360723554373,镇海大道-骆驼桥
45.95,18.85999999999991,555.2164204545404,3584.410723554373,镇海大道-骆驼桥
46.0,18.85999999999991,556.1594204545404,3584.460723554373,镇海大道-骆驼桥
46.050000000000004,18.85999999999991,557.1024204545404,3584.5107235543733,镇海大道-骆驼桥
46.1,18.85999999999991,558.0454204545404,3584.560723554373,镇海大道-骆驼桥
46.150000000000006,18.85999999999991,558.9884204545403,3584.610723554373,镇海大道-骆驼桥
46.2,18.85999999999991,559.9314204545403,3584.660723554373,镇海大道-骆驼桥
46.25,18.85999999999991,560.8744204545403,3584.710723554373,镇海大道-骆驼桥
46.300000000000004,18.85999999999991,561.8174204545403,3584.7607235543733,镇海大道-骆驼桥
46.35,18.85999999999991,562.7604204545403,3584.810723554373,镇海大道-骆驼桥
46.400000000000006,18.85999999999991,563.7034204545403,3584.860723554373,镇海大道-骆驼桥
46.45,18.85999999999991,564.6464204545402,3584.910723554373,镇海大道-骆驼桥
46.5,18.85999999999991,565.5894204545402,3584.960723554373,镇海大道-骆驼桥
46.550000000000004,18.85999999999991,566.5324204545402,3585.0107235543733,镇海大道-骆驼桥
46.6,18.85999999999991,567.4754204545402,3585.060723554373,镇海大道-骆驼桥
46.650000000000006,18.85999999999991,568.4184204545402,3585.110723554373,镇海大道-骆驼桥
46.7,18.85999999999991,569.3614204545402,3585.160723554373,镇海大道-骆驼桥
46.75,18.85999999999991,570.3044204545401,3585.210723554373,镇海大道-骆驼桥
46.800000000000004,18.85999999999991,571.2474204545401,3585.2607235543733,镇海大道-骆驼桥
46.85,18.85999999999991,572.1904204545401,3585.310723554373,镇海大道-骆驼桥
46.900000000000006,18.85999999999991,573.1334204545401,3585.360723554373,镇海大道-骆驼桥
46.95,18.85999999999991,574.0764204545401,3585.410723554373,镇海大道-骆驼桥
47.0,18.85999999999991,575.0194204545401,3585.460723554373,镇海大道-骆驼桥
47.050000000000004,18.85999999999991,575.96242045454,3585.5107235543733,镇海大道-骆驼桥
47.1,18.85999999999991,576.90542045454,3585.560723554373,镇海大道-骆驼桥
47.150000000000006,18.85999999999991,577.84842045454,3585.610723554373,镇海大道-骆驼桥
47.2,18.85999999999991,578.79142045454,3585.660723554373,镇海大道-骆驼桥
47.25,18.85999999999991,579.73442045454,3585.710723554373,镇海大道-骆驼桥
47.300000000000004,18.85999999999991,580.67742045454,3585.7607235543733,镇海大道-骆驼桥
47.35,18.85999999999991,581.62042045454,3585.810723554373,镇海大道-骆驼桥
47.400000000000006,18.85999999999991,582.5634204545399,3585.860723554373,镇海大道-骆驼桥
47.45,18.85999999999991,583.5064204545399,3585.910723554373,镇海大道-骆驼桥
47.5,18.85999999999991,584.4494204545399,3585.960723554373,镇海大道-骆驼桥
47.550000000000004,18.85999999999991,585.3924204545399,3586.0107235543733,镇海大道-骆驼桥
47.6,18.85999999999991,586.3354204545399,3586.060723554373,镇海大道-骆驼桥
47.650000000000006,18.85999999999991,587.2784204545399,3586.110723554373,镇海大道-骆驼桥
47.7,18.85999999999991,588.2214204545398,3586.160723554373,镇海大道-骆驼桥
47.75,18.85999999999991,589.1644204545398,3586.210723554373,镇海大道-骆驼桥
47.800000000000004,18.85999999999991,590.1074204545398,3586.2607235543733,镇海大道-骆驼桥
47.85,18.85999999999991,591.0504204545398,3586.310723554373,镇海大道-骆驼桥
47.900000000000006,18.85999999999991,591.9934204545398,3586.360723554373,镇海大道-骆驼桥
47.95,18.85999999999991,592.9364204545398,3586.410723554373,镇海大道-骆驼桥
48.0,18.85999999999991,593.8794204545397,3586.460723554373,镇海大道-骆驼桥
48.050000000000004,18.85999999999991,594.8224204545397,3586.5107235543733,镇海大道-骆驼桥
48.1,18.85999999999991,595.7654204545397,3586.560723554373,镇海大道-骆驼桥
48.150000000000006,18.85999999999991,596.7084204545397,3586.610723554373,镇海大道-骆驼桥
48.2,18.85999999999991,597.6514204545397,3586.660723554373,镇海大道-骆驼桥
48.25,18.85999999999991,598.5944204545397,3586.710723554373,镇海大道-骆驼桥
48.300000000000004,18.85999999999991,599.5374204545396,3586.7607235543733,镇海大道-骆驼桥
48.35,18.85999999999991,600.4804204545396,3586.810723554373,镇海大道-骆驼桥
48.400000000000006,18.85999999999991,601.4234204545396,3586.860723554373,镇海大道-骆驼桥
48.45,18.85999999999991,602.3664204545396,3586.910723554373,镇海大道-骆驼桥
48.5,18.85999999999991,603.3094204545396,3586.960723554373,镇海大道-骆驼桥
48.550000000000004,18.85999999999991,604.2524204545396,3587.0107235543733,镇海大道-骆驼桥
48.6,18.85999999999991,605.1954204545395,3587.060723554373,镇海大道-骆驼桥
48.650000000000006,18.85999999999991,606.1384204545395,3587.110723554373,镇海大道-骆驼桥
48.7,18.85999999999991,607.0814204545395,3587.160723554373,镇海大道-骆驼桥
48.75,18.85999999999991,608.0244204545395,3587.210723554373,镇海大道-骆驼桥
48.800000000000004,18.85999999999991,608.9674204545395,3587.2607235543733,镇海大道-骆驼桥
48.85,18.85999999999991,609.9104204545395,3587.310723554373,镇海大道-骆驼桥
48.900000000000006,18.85999999999991,610.8534204545394,3587.360723554373,镇海大道-骆驼桥
48.95,18.85999999999991,611.7964204545394,3587.410723554373,镇海大道-骆驼桥
49.0,18.85999999999991,612.7394204545394,3587.460723554373,镇海大道-骆驼桥
49.050000000000004,18.85999999999991,613.6824204545394,3587.5107235543733,镇海大道-骆驼桥
49.1,18.85999999999991,614.6254204545394,3587.560723554373,镇海大道-骆驼桥
49.150000000000006,18.85999999999991,615.5684204545394,3587.610723554373,镇海大道-骆驼桥
49.2,18.85999999999991,616.5114204545393,3587.660723554373,镇海大道-骆驼桥
49.25,18.85999999999991,617.4544204545393,3587.710723554373,镇海大道-骆驼桥
49.300000000000004,18.85999999999991,618.3974204545393,3587.7607235543733,镇海大道-骆驼桥
49.35,18.85999999999991,619.3404204545393,3587.810723554373,镇海大道-骆驼桥
49.400000000000006,18.85999999999991,620.2834204545393,3587.860723554373,镇海大道-骆驼桥
49.45,18.85999999999991,621.2264204545393,3587.910723554373,镇海大道-骆驼桥
49.5,18.85999999999991,622.1694204545392,3587.960723554373,镇海大道-骆驼桥
49.550000000000004,18.85999999999991,623.1124204545392,3588.0107235543733,镇海大道-骆驼桥
49.6,18.85999999999991,624.0554204545392,3588.060723554373,镇海大道-骆驼桥
49.650000000000006,18.85999999999991,624.9984204545392,3588.110723554373,镇海大道-骆驼桥
49.7,18.85999999999991,625.9414204545392,3588.160723554373,镇海大道-骆驼桥
49.75,18.85999999999991,626.8844204545392,3588.210723554373,镇海大道-骆驼桥
49.800000000000004,18.85999999999991,627.8274204545392,3588.2607235543733,镇海大道-骆驼桥
49.85,18.85999999999991,628.7704204545391,3588.310723554373,镇海大道-骆驼桥
49.900000000000006,18.85999999999991,629.7134204545391,3588.360723554373,镇海大道-骆驼桥
49.95,18.85999999999991,630.6564204545391,3588.410723554373,镇海大道-骆驼桥
50.0,18.85999999999991,631.5994204545391,3588.460723554373,镇海大道-骆驼桥
50.050000000000004,18.85999999999991,632.5424204545391,3588.5107235543733,镇海大道-骆驼桥
50.1,18.85999999999991,633.485420454539,3588.560723554373,镇海大道-骆驼桥
50.150000000000006,18.85999999999991,634.428420454539,3588.610723554373,镇海大道-骆驼桥
50.2,18.85999999999991,635.371420454539,3588.660723554373,镇海大道-骆驼桥
50.25,18.85999999999991,636.314420454539,3588.710723554373,镇海大道-骆驼桥
50.300000000000004,18.85999999999991,637.257420454539,3588.7607235543733,镇海大道-骆驼桥
50.35,18.85999999999991,638.200420454539,3588.810723554373,镇海大道-骆驼桥
50.400000000000006,18.85999999999991,639.143420454539,3588.860723554373,镇海大道-骆驼桥
50.45,18.85999999999991,640.0864204545389,3588.910723554373,镇海大道-骆驼桥
50.5,18.85999999999991,641.0294204545389,3588.960723554373,镇海大道-骆驼桥
50.550000000000004,18.85999999999991,641.9724204545389,3589.0107235543733,镇海大道-骆驼桥
50.6,18.85999999999991,642.9154204545389,3589.060723554373,镇海大道-骆驼桥
50.650000000000006,18.85999999999991,643.8584204545389,3589.110723554373,镇海大道-骆驼桥
50.7,18.85999999999991,644.8014204545389,3589.160723554373,镇海大道-骆驼桥
50.75,18.85999999999991,645.7444204545388,3589.210723554373,镇海大道-骆驼桥
50.800000000000004,18.85999999999991,646.6874204545388,3589.2607235543733,镇海大道-骆驼桥
50.85,18.85999999999991,647.6304204545388,3589.310723554373,镇海大道-骆驼桥
50.900000000000006,18.85999999999991,648.5734204545388,3589.360723554373,镇海大道-骆驼桥
50.95,18.85999999999991,649.5164204545388,3589.410723554373,镇海大道-骆驼桥
51.0,18.85999999999991,650.4594204545388,3589.460723554373,镇海大道-骆驼桥
51.050000000000004,18.85999999999991,651.4024204545387,3589.5107235543733,镇海大道-骆驼桥
51.1,18.85999999999991,652.3454204545387,3589.560723554373,镇海大道-骆驼桥
51.150000000000006,18.85999999999991,653.2884204545387,3589.610723554373,镇海大道-骆驼桥
51.2,18.85999999999991,654.2314204545387,3589.660723554373,镇海大道-骆驼桥
51.25,18.85999999999991,655.1744204545387,3589.710723554373,镇海大道-骆驼桥
51.300000000000004,18.85999999999991,656.1174204545387,3589.7607235543733,镇海大道-骆驼桥
51.35,18.85999999999991,657.0604204545386,3589.810723554373,镇海大道-骆驼桥
51.400000000000006,18.85999999999991,658.0034204545386,3589.860723554373,镇海大道-骆驼桥
51.45,18.85999999999991,658.9464204545386,3589.910723554373,镇海大道-骆驼桥
51.5,18.85999999999991,659.8894204545386,3589.960723554373,镇海大道-骆驼桥
51.550000000000004,18.85999999999991,660.8324204545386,3590.0107235543733,镇海大道-骆驼桥
51.6,18.85999999999991,661.7754204545386,3590.060723554373,镇海大道-骆驼桥
51.650000000000006,18.85999999999991,662.7184204545385,3590.110723554373,镇海大道-骆驼桥
51.7,18.85999999999991,663.6614204545385,3590.160723554373,镇海大道-骆驼桥
51.75,18.85999999999991,664.6044204545385,3590.210723554373,镇海大道-骆驼桥
51.800000000000004,18.85999999999991,665.5474204545385,3590.2607235543733,镇海大道-骆驼桥
51.85,18.85999999999991,666.4904204545385,3590.310723554373,镇海大道-骆驼桥
51.900000000000006,18.85999999999991,667.4334204545385,3590.360723554373,镇海大道-骆驼桥
51.95,18.85999999999991,668.3764204545384,3590.410723554373,镇海大道-骆驼桥
52.0,18.85999999999991,669.3194204545384,3590.460723554373,镇海大道-骆驼桥
52.050000000000004,18.85999999999991,670.2624204545384,3590.5107235543733,镇海大道-骆驼桥
52.1,18.85999999999991,671.2054204545384,3590.560723554373,镇海大道-骆驼桥
52.150000000000006,18.85999999999991,672.1484204545384,3590.610723554373,镇海大道-骆驼桥
52.2,18.85999999999991,673.0914204545384,3590.660723554373,镇海大道-骆驼桥
52.25,18.85999999999991,674.0344204545383,3590.710723554373,镇海大道-骆驼桥
52.300000000000004,18.85999999999991,674.9774204545383,3590.7607235543733,镇海大道-骆驼桥
52.35,18.85999999999991,675.9204204545383,3590.810723554373,镇海大道-骆驼桥
52.400000000000006,18.85999999999991,676.8634204545383,3590.860723554373,镇海大道-骆驼桥
52.45,18.85999999999991,677.8064204545383,3590.910723554373,镇海大道-骆驼桥
52.5,18.85999999999991,678.7494204545383,3590.960723554373,镇海大道-骆驼桥
52.550000000000004,18.85999999999991,679.6924204545383,3591.0107235543733,镇海大道-骆驼桥
52.6,18.85999999999991,680.6354204545382,3591.060723554373,镇海大道-骆驼桥
52.650000000000006,18.85999999999991,681.5784204545382,3591.110723554373,镇海大道-骆驼桥
52.7,18.85999999999991,682.5214204545382,3591.160723554373,镇海大道-骆驼桥
52.75,18.85999999999991,683.4644204545382,3591.210723554373,镇海大道-骆驼桥
52.800000000000004,18.85999999999991,684.4074204545382,3591.2607235543733,镇海大道-骆驼桥
52.85,18.85999999999991,685.3504204545382,3591.310723554373,镇海大道-骆驼桥
52.900000000000006,18.85999999999991,686.2934204545381,3591.360723554373,镇海大道-骆驼桥
52.95,18.85999999999991,687.2364204545381,3591.410723554373,镇海大道-骆驼桥
53.0,18.85999999999991,688.1794204545381,3591.460723554373,镇海大道-骆驼桥
53.050000000000004,18.85999999999991,689.1224204545381,3591.5107235543733,镇海大道-骆驼桥
53.1,18.85999999999991,690.0654204545381,3591.560723554373,镇海大道-骆驼桥
53.150000000000006,18.85999999999991,691.008420454538,3591.610723554373,镇海大道-骆驼桥
53.2,18.85999999999991,691.951420454538,3591.660723554373,镇海大道-骆驼桥
53.25,18.85999999999991,692.894420454538,3591.710723554373,镇海大道-骆驼桥
53.300000000000004,18.85999999999991,693.837420454538,3591.7607235543733,镇海大道-骆驼桥
53.35,18.85999999999991,694.780420454538,3591.810723554373,镇海大道-骆驼桥
53.400000000000006,18.85999999999991,695.723420454538,3591.860723554373,镇海大道-骆驼桥
53.45,18.85999999999991,696.666420454538,3591.910723554373,镇海大道-骆驼桥
53.5,18.85999999999991,697.6094204545379,3591.960723554373,镇海大道-骆驼桥
53.550000000000004,18.85999999999991,698.5524204545379,3592.0107235543733,镇海大道-骆驼桥
53.6,18.85999999999991,699.4954204545379,3592.060723554373,镇海大道-骆驼桥
53.650000000000006,18.85999999999991,700.4384204545379,3592.110723554373,镇海大道-骆驼桥
53.7,18.85999999999991,701.3814204545379,3592.160723554373,镇海大道-骆驼桥
53.75,18.85999999999991,702.3244204545379,3592.210723554373,镇海大道-骆驼桥
53.800000000000004,18.85999999999991,703.2674204545378,3592.2607235543733,镇海大道-骆驼桥
53.85,18.85999999999991,704.2104204545378,3592.310723554373,镇海大道-骆驼桥
53.900000000000006,18.85999999999991,705.1534204545378,3592.360723554373,镇海大道-骆驼桥
53.95,18.85999999999991,706.0964204545378,3592.410723554373,镇海大道-骆驼桥
54.0,18.85999999999991,707.0394204545378,3592.460723554373,镇海大道-骆驼桥
54.050000000000004,18.85999999999991,707.9824204545378,3592.5107235543733,镇海大道-骆驼桥
54.1,18.85999999999991,708.9254204545377,3592.560723554373,镇海大道-骆驼桥
54.150000000000006,18.85999999999991,709.8684204545377,3592.610723554373,镇海大道-骆驼桥
54.2,18.85999999999991,710.8114204545377,3592.660723554373,镇海大道-骆驼桥
54.25,18.85999999999991,711.7544204545377,3592.710723554373,镇海大道-骆驼桥
54.300000000000004,18.85999999999991,712.6974204545377,3592.7607235543733,镇海大道-骆驼桥
54.35,18.85999999999991,713.6404204545377,3592.810723554373,镇海大道-骆驼桥
54.400000000000006,18.85999999999991,714.5834204545376,3592.860723554373,镇海大道-骆驼桥
54.45,18.85999999999991,715.5264204545376,3592.910723554373,镇海大道-骆驼桥
54.5,18.85999999999991,716.4694204545376,3592.960723554373,镇海大道-骆驼桥
54.550000000000004,18.85999999999991,717.4124204545376,3593.0107235543733,镇海大道-骆驼桥
54.6,18.85999999999991,718.3554204545376,3593.060723554373,镇海大道-骆驼桥
54.650000000000006,18.85999999999991,719.2984204545376,3593.110723554373,镇海大道-骆驼桥
54.7,18.85999999999991,720.2414204545375,3593.160723554373,镇海大道-骆驼桥
54.75,18.85999999999991,721.1844204545375,3593.210723554373,镇海大道-骆驼桥
54.800000000000004,18.85999999999991,722.1274204545375,3593.2607235543733,镇海大道-骆驼桥
54.85,18.85999999999991,723.0704204545375,3593.310723554373,镇海大道-骆驼桥
54.900000000000006,18.85999999999991,724.0134204545375,3593.360723554373,镇海大道-骆驼桥
54.95,18.85999999999991,724.9564204545375,3593.410723554373,镇海大道-骆驼桥
55.0,18.85999999999991,725.8994204545374,3593.460723554373,镇海大道-骆驼桥
55.050000000000004,18.85999999999991,726.8424204545374,3593.5107235543733,镇海大道-骆驼桥
55.1,18.85999999999991,727.7854204545374,3593.560723554373,镇海大道-骆驼桥
55.150000000000006,18.85999999999991,728.7284204545374,3593.610723554373,镇海大道-骆驼桥
55.2,18.85999999999991,729.6714204545374,3593.660723554373,镇海大道-骆驼桥
55.25,18.85999999999991,730.6144204545374,3593.710723554373,镇海大道-骆驼桥
55.300000000000004,18.85999999999991,731.5574204545374,3593.7607235543733,镇海大道-骆驼桥
55.35,18.85999999999991,732.5004204545373,3593.810723554373,镇海大道-骆驼桥
55.400000000000006,18.85999999999991,733.4434204545373,3593.860723554373,镇海大道-骆驼桥
55.45,18.85999999999991,734.3864204545373,3593.910723554373,镇海大道-骆驼桥
55.5,18.85999999999991,735.3294204545373,3593.960723554373,镇海大道-骆驼桥
55.550000000000004,18.85999999999991,736.2724204545373,3594.0107235543733,镇海大道-骆驼桥
55.6,18.85999999999991,737.2154204545373,3594.060723554373,镇海大道-骆驼桥
55.650000000000006,18.85999999999991,738.1584204545372,3594.110723554373,镇海大道-骆驼桥
55.7,18.85999999999991,739.1014204545372,3594.160723554373,镇海大道-骆驼桥
55.75,18.85999999999991,740.0444204545372,3594.210723554373,镇海大道-骆驼桥
55.800000000000004,18.85999999999991,740.9874204545372,3594.2607235543733,镇海大道-骆驼桥
55.85,18.85999999999991,741.9304204545372,3594.310723554373,镇海大道-骆驼桥
55.900000000000006,18.85999999999991,742.8734204545372,3594.360723554373,镇海大道-骆驼桥
55.95,18.85999999999991,743.8164204545371,3594.410723554373,镇海大道-骆驼桥
56.0,18.85999999999991,744.7594204545371,3594.460723554373,镇海大道-骆驼桥
56.050000000000004,18.85999999999991,745.7024204545371,3594.5107235543733,镇海大道-骆驼桥
56.1,18.85999999999991,746.6454204545371,3594.560723554373,镇海大道-骆驼桥
56.150000000000006,18.85999999999991,747.5884204545371,3594.610723554373,镇海大道-骆驼桥
56.2,18.85999999999991,748.531420454537,3594.660723554373,镇海大道-骆驼桥
56.25,18.85999999999991,749.474420454537,3594.710723554373,镇海大道-骆驼桥
56.300000000000004,18.85999999999991,750.417420454537,3594.7607235543733,镇海大道-骆驼桥
56.35,18.85999999999991,751.360420454537,3594.810723554373,镇海大道-骆驼桥
56.400000000000006,18.85999999999991,752.303420454537,3594.860723554373,镇海大道-骆驼桥
56.45,18.85999999999991,753.246420454537,3594.910723554373,镇海大道-骆驼桥
56.5,18.85999999999991,754.189420454537,3594.960723554373,镇海大道-骆驼桥
56.550000000000004,18.85999999999991,755.1324204545369,3595.0107235543733,镇海大道-骆驼桥
56.6,18.85999999999991,756.0754204545369,3595.060723554373,镇海大道-骆驼桥
56.650000000000006,18.85999999999991,757.0184204545369,3595.110723554373,镇海大道-骆驼桥
56.7,18.85999999999991,757.9614204545369,3595.160723554373,镇海大道-骆驼桥
56.75,18.85999999999991,758.9044204545369,3595.210723554373,镇海大道-骆驼桥
56.800000000000004,18.85999999999991,759.8474204545369,3595.2607235543733,镇海大道-骆驼桥
56.85,18.85999999999991,760.7904204545368,3595.310723554373,镇海大道-骆驼桥
56.900000000000006,18.85999999999991,761.7334204545368,3595.360723554373,镇海大道-骆驼桥
56.95,18.85999999999991,762.6764204545368,3595.410723554373,镇海大道-骆驼桥
57.0,18.85999999999991,763.6194204545368,3595.460723554373,镇海大道-骆驼桥
57.050000000000004,18.85999999999991,764.5624204545368,3595.5107235543733,镇海大道-骆驼桥
57.1,18.85999999999991,765.5054204545368,3595.560723554373,镇海大道-骆驼桥
57.150000000000006,18.85999999999991,766.4484204545367,3595.610723554373,镇海大道-骆驼桥
57.2,18.85999999999991,767.3914204545367,3595.660723554373,镇海大道-骆驼桥
57.25,18.85999999999991,768.3344204545367,3595.710723554373,镇海大道-骆驼桥
57.300000000000004,18.85999999999991,769.2774204545367,3595.7607235543733,镇海大道-骆驼桥
57.35,18.85999999999991,770.2204204545367,3595.810723554373,镇海大道-骆驼桥
57.400000000000006,18.85999999999991,771.1634204545367,3595.860723554373,镇海大道-骆驼桥
57.45,18.85999999999991,772.1064204545366,3595.910723554373,镇海大道-骆驼桥
57.5,18.85999999999991,773.0494204545366,3595.960723554373,镇海大道-骆驼桥
57.550000000000004,18.85999999999991,773.9924204545366,3596.0107235543733,镇海大道-骆驼桥
57.6,18.85999999999991,774.9354204545366,3596.060723554373,镇海大道-骆驼桥
57.650000000000006,18.85999999999991,775.8784204545366,3596.110723554373,镇海大道-骆驼桥
57.7,18.85999999999991,776.8214204545366,3596.160723554373,镇海大道-骆驼桥
57.75,18.85999999999991,777.7644204545365,3596.210723554373,镇海大道-骆驼桥
57.800000000000004,18.85999999999991,778.7074204545365,3596.2607235543733,镇海大道-骆驼桥
57.85,18.85999999999991,779.6504204545365,3596.310723554373,镇海大道-骆驼桥
57.900000000000006,18.85999999999991,780.5934204545365,3596.360723554373,镇海大道-骆驼桥
57.95,18.85999999999991,781.5364204545365,3596.410723554373,镇海大道-骆驼桥
58.0,18.85999999999991,782.4794204545365,3596.460723554373,镇海大道-骆驼桥
58.050000000000004,18.85999999999991,783.4224204545365,3596.5107235543733,镇海大道-骆驼桥
58.1,18.85999999999991,784.3654204545364,3596.560723554373,镇海大道-骆驼桥
58.150000000000006,18.85999999999991,785.3084204545364,3596.610723554373,镇海大道-骆驼桥
58.2,18.85999999999991,786.2514204545364,3596.660723554373,镇海大道-骆驼桥
58.25,18.85999999999991,787.1944204545364,3596.710723554373,镇海大道-骆驼桥
58.300000000000004,18.85999999999991,788.1374204545364,3596.7607235543733,镇海大道-骆驼桥
58.35,18.85999999999991,789.0804204545364,3596.810723554373,镇海大道-骆驼桥
58.400000000000006,18.85999999999991,790.0234204545363,3596.860723554373,镇海大道-骆驼桥
58.45,18.85999999999991,790.9664204545363,3596.910723554373,镇海大道-骆驼桥
58.5,18.85999999999991,791.9094204545363,3596.960723554373,镇海大道-骆驼桥
58.550000000000004,18.85999999999991,792.8524204545363,3597.0107235543733,镇海大道-骆驼桥
58.6,18.85999999999991,793.7954204545363,3597.060723554373,镇海大道-骆驼桥
58.650000000000006,18.85999999999991,794.7384204545363,3597.110723554373,镇海大道-骆驼桥
58.7,18.85999999999991,795.6814204545362,3597.160723554373,镇海大道-骆驼桥
58.75,18.85999999999991,796.6244204545362,3597.210723554373,镇海大道-骆驼桥
58.800000000000004,18.85999999999991,797.5674204545362,3597.2607235543733,镇海大道-骆驼桥
58.85,18.85999999999991,798.5104204545362,3597.310723554373,镇海大道-骆驼桥
58.900000000000006,18.85999999999991,799.4534204545362,3597.360723554373,镇海大道-骆驼桥
58.95,18.85999999999991,800.3964204545362,3597.410723554373,镇海大道-骆驼桥
59.0,18.85999999999991,801.3394204545361,3597.460723554373,镇海大道-骆驼桥
59.050000000000004,18.85999999999991,802.2824204545361,3597.5107235543733,镇海大道-骆驼桥
59.1,18.85999999999991,803.2254204545361,3597.560723554373,镇海大道-骆驼桥
59.150000000000006,18.85999999999991,804.1684204545361,3597.610723554373,镇海大道-骆驼桥
59.2,18.85999999999991,805.1114204545361,3597.660723554373,镇海大道-骆驼桥
59.25,18.85999999999991,806.0544204545361,3597.710723554373,镇海大道-骆驼桥
59.300000000000004,18.85999999999991,806.997420454536,3597.7607235543733,镇海大道-骆驼桥
59.35,18.85999999999991,807.940420454536,3597.810723554373,镇海大道-骆驼桥
59.400000000000006,18.85999999999991,808.883420454536,3597.860723554373,镇海大道-骆驼桥
59.45,18.85999999999991,809.826420454536,3597.910723554373,镇海大道-骆驼桥
59.5,18.85999999999991,810.769420454536,3597.960723554373,镇海大道-骆驼桥
59.550000000000004,18.85999999999991,811.712420454536,3598.0107235543733,镇海大道-骆驼桥
59.6,18.85999999999991,812.6554204545359,3598.060723554373,镇海大道-骆驼桥
59.650000000000006,18.85999999999991,813.5984204545359,3598.110723554373,镇海大道-骆驼桥
59.7,18.85999999999991,814.5414204545359,3598.160723554373,镇海大道-骆驼桥
59.75,18.85999999999991,815.4844204545359,3598.210723554373,镇海大道-骆驼桥
59.800000000000004,18.85999999999991,816.4274204545359,3598.2607235543733,镇海大道-骆驼桥
59.85,18.85999999999991,817.3704204545359,3598.310723554373,镇海大道-骆驼桥
59.900000000000006,18.85999999999991,818.3134204545358,3598.360723554373,镇海大道-骆驼桥
59.95,18.85999999999991,819.2564204545358,3598.410723554373,镇海大道-骆驼桥
60.0,18.85999999999991,820.1994204545358,3598.460723554373,镇海大道-骆驼桥
60.050000000000004,18.85999999999991,821.1424204545358,3598.5107235543733,镇海大道-骆驼桥
60.1,18.85999999999991,822.0854204545358,3598.560723554373,镇海大道-骆驼桥
60.150000000000006,18.85999999999991,823.0284204545358,3598.610723554373,镇海大道-骆驼桥
60.2,18.85999999999991,823.9714204545357,3598.660723554373,镇海大道-骆驼桥
60.25,18.85999999999991,824.9144204545357,3598.710723554373,镇海大道-骆驼桥
60.300000000000004,18.85999999999991,825.8574204545357,3598.7607235543733,镇海大道-骆驼桥
60.35,18.85999999999991,826.8004204545357,3598.810723554373,镇海大道-骆驼桥
60.400000000000006,18.85999999999991,827.7434204545357,3598.860723554373,镇海大道-骆驼桥
60.45,18.85999999999991,828.6864204545357,3598.910723554373,镇海大道-骆驼桥
60.5,18.85999999999991,829.6294204545356,3598.960723554373,镇海大道-骆驼桥
60.550000000000004,18.85999999999991,830.5724204545356,3599.0107235543733,镇海大道-骆驼桥
60.6,18.85999999999991,831.5154204545356,3599.060723554373,镇海大道-骆驼桥
60.650000000000006,18.85999999999991,832.4584204545356,3599.110723554373,镇海大道-骆驼桥
60.7,18.85999999999991,833.4014204545356,3599.160723554373,镇海大道-骆驼桥
60.75,18.85999999999991,834.3444204545356,3599.210723554373,镇海大道-骆驼桥
60.800000000000004,18.85999999999991,835.2874204545355,3599.2607235543733,镇海大道-骆驼桥
60.85,18.85999999999991,836.2304204545355,3599.310723554373,镇海大道-骆驼桥
60.900000000000006,18.85999999999991,837.1734204545355,3599.360723554373,镇海大道-骆驼桥
60.95,18.85999999999991,838.1164204545355,3599.410723554373,镇海大道-骆驼桥
61.0,18.85999999999991,839.0594204545355,3599.460723554373,镇海大道-骆驼桥
61.050000000000004,18.85999999999991,840.0024204545355,3599.5107235543733,镇海大道-骆驼桥
61.1,18.85999999999991,840.9454204545355,3599.560723554373,镇海大道-骆驼桥
61.150000000000006,18.85999999999991,841.8884204545354,3599.610723554373,镇海大道-骆驼桥
61.2,18.85999999999991,842.8314204545354,3599.660723554373,镇海大道-骆驼桥
61.25,18.85999999999991,843.7744204545354,3599.710723554373,镇海大道-骆驼桥
61.300000000000004,18.85999999999991,844.7174204545354,3599.7607235543733,镇海大道-骆驼桥
61.35,18.85999999999991,845.6604204545354,3599.810723554373,镇海大道-骆驼桥
61.400000000000006,18.85999999999991,846.6034204545354,3599.860723554373,镇海大道-骆驼桥
61.45,18.85999999999991,847.5464204545353,3599.910723554373,镇海大道-骆驼桥
61.5,18.85999999999991,848.4894204545353,3599.960723554373,镇海大道-骆驼桥
61.550000000000004,18.85999999999991,849.4324204545353,3600.0107235543733,镇海大道-骆驼桥
61.6,18.85999999999991,850.3754204545353,3600.060723554373,镇海大道-骆驼桥
61.650000000000006,18.85999999999991,851.3184204545353,3600.110723554373,镇海大道-骆驼桥
61.7,18.85999999999991,852.2614204545353,3600.160723554373,镇海大道-骆驼桥
61.75,18.85999999999991,853.2044204545352,3600.210723554373,镇海大道-骆驼桥
61.800000000000004,18.85999999999991,854.1474204545352,3600.2607235543733,镇海大道-骆驼桥
61.85,18.85999999999991,855.0904204545352,3600.310723554373,镇海大道-骆驼桥
61.900000000000006,18.85999999999991,856.0334204545352,3600.360723554373,镇海大道-骆驼桥
61.95,18.85999999999991,856.9764204545352,3600.410723554373,镇海大道-骆驼桥
62.0,18.85999999999991,857.9194204545352,3600.460723554373,镇海大道-骆驼桥
62.050000000000004,18.85999999999991,858.8624204545351,3600.5107235543733,镇海大道-骆驼桥
62.1,18.85999999999991,859.8054204545351,3600.560723554373,镇海大道-骆驼桥
62.150000000000006,18.85999999999991,860.7484204545351,3600.610723554373,镇海大道-骆驼桥
62.2,18.85999999999991,861.6914204545351,3600.660723554373,镇海大道-骆驼桥
62.25,18.85999999999991,862.6344204545351,3600.710723554373,镇海大道-骆驼桥
62.300000000000004,18.85999999999991,863.5774204545351,3600.7607235543733,镇海大道-骆驼桥
62.35,18.85999999999991,864.520420454535,3600.810723554373,镇海大道-骆驼桥
62.400000000000006,18.85999999999991,865.463420454535,3600.860723554373,镇海大道-骆驼桥
62.45,18.85999999999991,866.406420454535,3600.910723554373,镇海大道-骆驼桥
62.5,18.85999999999991,867.349420454535,3600.960723554373,镇海大道-骆驼桥
62.550000000000004,18.85999999999991,868.292420454535,3601.0107235543733,镇海大道-骆驼桥
62.6,18.85999999999991,869.235420454535,3601.060723554373,镇海大道-骆驼桥
62.650000000000006,18.85999999999991,870.178420454535,3601.110723554373,镇海大道-骆驼桥
62.7,18.85999999999991,871.1214204545349,3601.160723554373,镇海大道-骆驼桥
62.75,18.85999999999991,872.0644204545349,3601.210723554373,镇海大道-骆驼桥
62.800000000000004,18.85999999999991,873.0074204545349,3601.2607235543733,镇海大道-骆驼桥
62.85,18.85999999999991,873.9504204545349,3601.310723554373,镇海大道-骆驼桥
62.900000000000006,18.85999999999991,874.8934204545349,3601.360723554373,镇海大道-骆驼桥
62.95,18.85999999999991,875.8364204545348,3601.410723554373,镇海大道-骆驼桥
63.0,18.85999999999991,876.7794204545348,3601.460723554373,镇海大道-骆驼桥
63.050000000000004,18.85999999999991,877.7224204545348,3601.5107235543733,镇海大道-骆驼桥
63.1,18.85999999999991,878.6654204545348,3601.560723554373,镇海大道-骆驼桥
63.150000000000006,18.85999999999991,879.6084204545348,3601.610723554373,镇海大道-骆驼桥
63.2,18.85999999999991,880.5514204545348,3601.660723554373,镇海大道-骆驼桥
63.25,18.85999999999991,881.4944204545347,3601.710723554373,镇海大道-骆驼桥
63.300000000000004,18.85999999999991,882.4374204545347,3601.7607235543733,镇海大道-骆驼桥
63.35,18.85999999999991,883.3804204545347,3601.810723554373,镇海大道-骆驼桥
63.400000000000006,18.85999999999991,884.3234204545347,3601.860723554373,镇海大道-骆驼桥
63.45,18.85999999999991,885.2664204545347,3601.910723554373,镇海大道-骆驼桥
63.5,18.85999999999991,886.2094204545347,3601.960723554373,镇海大道-骆驼桥
63.550000000000004,18.85999999999991,887.1524204545346,3602.0107235543733,镇海大道-骆驼桥
63.6,18.85999999999991,888.0954204545346,3602.060723554373,镇海大道-骆驼桥
63.650000000000006,18.85999999999991,889.0384204545346,3602.110723554373,镇海大道-骆驼桥
63.7,18.85999999999991,889.9814204545346,3602.160723554373,镇海大道-骆驼桥
63.75,18.85999999999991,890.9244204545346,3602.210723554373,镇海大道-骆驼桥
63.800000000000004,18.85999999999991,891.8674204545346,3602.2607235543733,镇海大道-骆驼桥
63.85,18.85999999999991,892.8104204545346,3602.310723554373,镇海大道-骆驼桥
63.900000000000006,18.85999999999991,893.7534204545345,3602.360723554373,镇海大道-骆驼桥
63.95,18.85999999999991,894.6964204545345,3602.410723554373,镇海大道-骆驼桥
64.0,18.85999999999991,895.6394204545345,3602.460723554373,镇海大道-骆驼桥
64.05,18.85999999999991,896.5824204545345,3602.5107235543733,镇海大道-骆驼桥
64.10000000000001,18.85999999999991,897.5254204545345,3602.560723554373,镇海大道-骆驼桥
64.15,18.85999999999991,898.4684204545345,3602.610723554373,镇海大道-骆驼桥
64.2,18.85999999999991,899.4114204545344,3602.660723554373,镇海大道-骆驼桥
64.25,18.85999999999991,900.3544204545344,3602.710723554373,镇海大道-骆驼桥
64.3,18.85999999999991,901.2974204545344,3602.7607235543733,镇海大道-骆驼桥
64.35000000000001,18.85999999999991,902.2404204545344,3602.810723554373,镇海大道-骆驼桥
64.4,18.85999999999991,903.1834204545344,3602.860723554373,镇海大道-骆驼桥
64.45,18.85999999999991,904.1264204545344,3602.910723554373,镇海大道-骆驼桥
64.5,18.85999999999991,905.0694204545343,3602.960723554373,镇海大道-骆驼桥
64.55,18.85999999999991,906.0124204545343,3603.0107235543733,镇海大道-骆驼桥
64.60000000000001,18.85999999999991,906.9554204545343,3603.060723554373,镇海大道-骆驼桥
64.65,18.85999999999991,907.8984204545343,3603.110723554373,镇海大道-骆驼桥
64.7,18.85999999999991,908.8414204545343,3603.160723554373,镇海大道-骆驼桥
64.75,18.85999999999991,909.7844204545343,3603.210723554373,镇海大道-骆驼桥
64.8,18.85999999999991,910.7274204545342,3603.2607235543733,镇海大道-骆驼桥
64.85000000000001,18.85999999999991,911.6704204545342,3603.310723554373,镇海大道-骆驼桥
64.9,18.85999999999991,912.6134204545342,3603.360723554373,镇海大道-骆驼桥
64.95,18.85999999999991,913.5564204545342,3603.410723554373,镇海大道-骆驼桥
65.0,18.85999999999991,914.4994204545342,3603.460723554373,镇海大道-骆驼桥
65.05,18.85999999999991,915.4424204545342,3603.5107235543733,镇海大道-骆驼桥
65.10000000000001,18.85999999999991,916.3854204545341,3603.560723554373,镇海大道-骆驼桥
65.15,18.85999999999991,917.3284204545341,3603.610723554373,镇海大道-骆驼桥
65.2,18.85999999999991,918.2714204545341,3603.660723554373,镇海大道-骆驼桥
65.25,18.85999999999991,919.2144204545341,3603.710723554373,镇海大道-骆驼桥
65.3,18.85999999999991,920.1574204545341,3603.7607235543733,镇海大道-骆驼桥
65.35000000000001,18.85999999999991,921.1004204545341,3603.810723554373,镇海大道-骆驼桥
65.4,18.85999999999991,922.043420454534,3603.860723554373,镇海大道-骆驼桥
65.45,18.85999999999991,922.986420454534,3603.910723554373,镇海大道-骆驼桥
65.5,18.85999999999991,923.929420454534,3603.960723554373,镇海大道-骆驼桥
65.55,18.85999999999991,924.872420454534,3604.0107235543733,镇海大道-骆驼桥
65.60000000000001,18.85999999999991,925.815420454534,3604.060723554373,镇海大道-骆驼桥
65.65,18.85999999999991,926.758420454534,3604.110723554373,镇海大道-骆驼桥
65.7,18.85999999999991,927.701420454534,3604.160723554373,镇海大道-骆驼桥
65.75,18.85999999999991,928.6444204545339,3604.210723554373,镇海大道-骆驼桥
65.8,18.85999999999991,929.5874204545339,3604.2607235543733,镇海大道-骆驼桥
65.85000000000001,18.85999999999991,930.5304204545339,3604.310723554373,镇海大道-骆驼桥
65.9,18.85999999999991,931.4734204545339,3604.360723554373,镇海大道-骆驼桥
65.95,18.85999999999991,932.4164204545339,3604.410723554373,镇海大道-骆驼桥
66.0,18.85999999999991,933.3594204545338,3604.460723554373,镇海大道-骆驼桥
66.05,18.85999999999991,934.3024204545338,3604.5107235543733,镇海大道-骆驼桥
66.10000000000001,18.85999999999991,935.2454204545338,3604.560723554373,镇海大道-骆驼桥
66.15,18.85999999999991,936.1884204545338,3604.610723554373,镇海大道-骆驼桥
66.2,18.85999999999991,937.1314204545338,3604.660723554373,镇海大道-骆驼桥
66.25,18.85999999999991,938.0744204545338,3604.710723554373,镇海大道-骆驼桥
66.3,18.85999999999991,939.0174204545337,3604.7607235543733,镇海大道-骆驼桥
66.35000000000001,18.85999999999991,939.9604204545337,3604.810723554373,镇海大道-骆驼桥
66.4,18.85999999999991,940.9034204545337,3604.860723554373,镇海大道-骆驼桥
66.45,18.85999999999991,941.8464204545337,3604.910723554373,镇海大道-骆驼桥
66.5,18.85999999999991,942.7894204545337,3604.960723554373,镇海大道-骆驼桥
66.55,18.85999999999991,943.7324204545337,3605.0107235543733,镇海大道-骆驼桥
66.60000000000001,18.85999999999991,944.6754204545337,3605.060723554373,镇海大道-骆驼桥
66.65,18.85999999999991,945.6184204545336,3605.110723554373,镇海大道-骆驼桥
66.7,18.85999999999991,946.5614204545336,3605.160723554373,镇海大道-骆驼桥
66.75,18.85999999999991,947.5044204545336,3605.210723554373,镇海大道-骆驼桥
66.8,18.85999999999991,948.4474204545336,3605.2607235543733,镇海大道-骆驼桥
66.85000000000001,18.85999999999991,949.3904204545336,3605.310723554373,镇海大道-骆驼桥
66.9,18.85999999999991,950.3334204545336,3605.360723554373,镇海大道-骆驼桥
66.95,18.85999999999991,951.2764204545335,3605.410723554373,镇海大道-骆驼桥
67.0,18.85999999999991,952.2194204545335,3605.460723554373,镇海大道-骆驼桥
67.05,18.85999999999991,953.1624204545335,3605.5107235543733,镇海大道-骆驼桥
67.10000000000001,18.85999999999991,954.1054204545335,3605.560723554373,镇海大道-骆驼桥
67.15,18.85999999999991,955.0484204545335,3605.610723554373,镇海大道-骆驼桥
67.2,18.85999999999991,955.9914204545335,3605.660723554373,镇海大道-骆驼桥
67.25,18.85999999999991,956.9344204545334,3605.710723554373,镇海大道-骆驼桥
67.3,18.85999999999991,957.8774204545334,3605.7607235543733,镇海大道-骆驼桥
67.35000000000001,18.85999999999991,958.8204204545334,3605.810723554373,镇海大道-骆驼桥
67.4,18.85999999999991,959.7634204545334,3605.860723554373,镇海大道-骆驼桥
67.45,18.85999999999991,960.7064204545334,3605.910723554373,镇海大道-骆驼桥
67.5,18.85999999999991,961.6494204545334,3605.960723554373,镇海大道-骆驼桥
67.55,18.85999999999991,962.5924204545333,3606.0107235543733,镇海大道-骆驼桥
67.60000000000001,18.85999999999991,963.5354204545333,3606.060723554373,镇海大道-骆驼桥
67.65,18.85999999999991,964.4784204545333,3606.110723554373,镇海大道-骆驼桥
67.7,18.85999999999991,965.4214204545333,3606.160723554373,镇海大道-骆驼桥
67.75,18.85999999999991,966.3644204545333,3606.210723554373,镇海大道-骆驼桥
67.8,18.85999999999991,967.3074204545333,3606.2607235543733,镇海大道-骆驼桥
67.85000000000001,18.85999999999991,968.2504204545332,3606.310723554373,镇海大道-骆驼桥
67.9,18.85999999999991,969.1934204545332,3606.360723554373,镇海大道-骆驼桥
67.95,18.85999999999991,970.1364204545332,3606.410723554373,镇海大道-骆驼桥
68.0,18.85999999999991,971.0794204545332,3606.460723554373,镇海大道-骆驼桥
68.05,18.85999999999991,972.0224204545332,3606.5107235543733,镇海大道-骆驼桥
68.10000000000001,18.85999999999991,972.9654204545332,3606.560723554373,镇海大道-骆驼桥
68.15,18.85999999999991,973.9084204545331,3606.610723554373,镇海大道-骆驼桥
68.2,18.85999999999991,974.8514204545331,3606.660723554373,镇海大道-骆驼桥
68.25,18.85999999999991,975.7944204545331,3606.710723554373,镇海大道-骆驼桥
68.3,18.85999999999991,976.7374204545331,3606.7607235543733,镇海大道-骆驼桥
68.35000000000001,18.85999999999991,977.6804204545331,3606.810723554373,镇海大道-骆驼桥
68.4,18.85999999999991,978.6234204545331,3606.860723554373,镇海大道-骆驼桥
68.45,18.85999999999991,979.566420454533,3606.910723554373,镇海大道-骆驼桥
68.5,18.85999999999991,980.509420454533,3606.960723554373,镇海大道-骆驼桥
68.55,18.85999999999991,981.452420454533,3607.0107235543733,镇海大道-骆驼桥
68.60000000000001,18.85999999999991,982.395420454533,3607.060723554373,镇海大道-骆驼桥
68.65,18.85999999999991,983.338420454533,3607.110723554373,镇海大道-骆驼桥
68.7,18.85999999999991,984.281420454533,3607.160723554373,镇海大道-骆驼桥
68.75,18.85999999999991,985.224420454533,3607.210723554373,镇海大道-骆驼桥
68.8,18.85999999999991,986.1674204545329,3607.2607235543733,镇海大道-骆驼桥
68.85000000000001,18.85999999999991,987.1104204545329,3607.310723554373,镇海大道-骆驼桥
68.9,18.85999999999991,988.0534204545329,3607.360723554373,镇海大道-骆驼桥
68.95,18.85999999999991,988.9964204545329,3607.410723554373,镇海大道-骆驼桥
69.0,18.85999999999991,989.9394204545329,3607.460723554373,镇海大道-骆驼桥
69.05,18.85999999999991,990.8824204545328,3607.5107235543733,镇海大道-骆驼桥
69.10000000000001,18.85999999999991,991.8254204545328,3607.560723554373,镇海大道-骆驼桥
69.15,18.85999999999991,992.7684204545328,3607.610723554373,镇海大道-骆驼桥
69.2,18.85999999999991,993.7114204545328,3607.660723554373,镇海大道-骆驼桥
69.25,18.85999999999991,994.6544204545328,3607.710723554373,镇海大道-骆驼桥
69.3,18.85999999999991,995.5974204545328,3607.7607235543733,镇海大道-骆驼桥
69.35000000000001,18.85999999999991,996.5404204545328,3607.810723554373,镇海大道-骆驼桥
69.4,18.85999999999991,997.4834204545327,3607.860723554373,镇海大道-骆驼桥
69.45,18.85999999999991,998.4264204545327,3607.910723554373,镇海大道-骆驼桥
69.5,18.85999999999991,999.3694204545327,3607.960723554373,镇海大道-骆驼桥
69.55,18.85999999999991,1000.3124204545327,3608.0107235543733,镇海大道-骆驼桥
69.60000000000001,18.85999999999991,1001.2554204545327,3608.060723554373,镇海大道-骆驼桥
69.65,18.85999999999991,1002.1984204545327,3608.110723554373,镇海大道-骆驼桥
69.7,18.85999999999991,1003.1414204545326,3608.160723554373,镇海大道-骆驼桥
69.75,18.85999999999991,1004.0844204545326,3608.210723554373,镇海大道-骆驼桥
69.8,18.85999999999991,1005.0274204545326,3608.2607235543733,镇海大道-骆驼桥
69.85000000000001,18.85999999999991,1005.9704204545326,3608.310723554373,镇海大道-骆驼桥
69.9,18.85999999999991,1006.9134204545326,3608.360723554373,镇海大道-骆驼桥
69.95,18.85999999999991,1007.8564204545326,3608.410723554373,镇海大道-骆驼桥
70.0,18.85999999999991,1008.7994204545325,3608.460723554373,镇海大道-骆驼桥
70.05,18.85999999999991,1009.7424204545325,3608.5107235543733,镇海大道-骆驼桥
70.10000000000001,18.85999999999991,1010.6854204545325,3608.560723554373,镇海大道-骆驼桥
70.15,18.85999999999991,1011.6284204545325,3608.610723554373,镇海大道-骆驼桥
70.2,18.85999999999991,1012.5714204545325,3608.660723554373,镇海大道-骆驼桥
70.25,18.85999999999991,1013.5144204545325,3608.710723554373,镇海大道-骆驼桥
70.3,18.85999999999991,1014.4574204545324,3608.7607235543733,镇海大道-骆驼桥
70.35000000000001,18.85999999999991,1015.4004204545324,3608.810723554373,镇海大道-骆驼桥
70.4,18.85999999999991,1016.3434204545324,3608.860723554373,镇海大道-骆驼桥
70.45,18.85999999999991,1017.2864204545324,3608.910723554373,镇海大道-骆驼桥
70.5,18.85999999999991,1018.2294204545324,3608.960723554373,镇海大道-骆驼桥
70.55,18.85999999999991,1019.1724204545324,3609.0107235543733,镇海大道-骆驼桥
70.60000000000001,18.85999999999991,1020.1154204545323,3609.060723554373,镇海大道-骆驼桥
70.65,18.85999999999991,1021.0584204545323,3609.110723554373,镇海大道-骆驼桥
70.7,18.85999999999991,1022.0014204545323,3609.160723554373,镇海大道-骆驼桥
70.75,18.85999999999991,1022.9444204545323,3609.210723554373,镇海大道-骆驼桥
70.8,18.85999999999991,1023.8874204545323,3609.2607235543733,镇海大道-骆驼桥
70.85000000000001,18.85999999999991,1024.8304204545323,3609.310723554373,镇海大道-骆驼桥
70.9,18.85999999999991,1025.7734204545322,3609.360723554373,镇海大道-骆驼桥
70.95,18.85999999999991,1026.7164204545322,3609.410723554373,镇海大道-骆驼桥
71.0,18.85999999999991,1027.6594204545322,3609.460723554373,镇海大道-骆驼桥
71.05,18.85999999999991,1028.6024204545322,3609.5107235543733,镇海大道-骆驼桥
71.10000000000001,18.85999999999991,1029.5454204545322,3609.560723554373,镇海大道-骆驼桥
71.15,18.85999999999991,1030.4884204545322,3609.610723554373,镇海大道-骆驼桥
71.2,18.85999999999991,1031.4314204545321,3609.660723554373,镇海大道-骆驼桥
71.25,18.85999999999991,1032.3744204545321,3609.710723554373,镇海大道-骆驼桥
71.3,18.85999999999991,1033.317420454532,3609.7607235543733,镇海大道-骆驼桥
71.35000000000001,18.85999999999991,1034.260420454532,3609.810723554373,镇海大道-骆驼桥
71.4,18.85999999999991,1035.203420454532,3609.860723554373,镇海大道-骆驼桥
71.45,18.85999999999991,1036.146420454532,3609.910723554373,镇海大道-骆驼桥
71.5,18.85999999999991,1037.089420454532,3609.960723554373,镇海大道-骆驼桥
71.55,18.85999999999991,1038.032420454532,3610.0107235543733,镇海大道-骆驼桥
71.60000000000001,18.85999999999991,1038.975420454532,3610.060723554373,镇海大道-骆驼桥
71.65,18.85999999999991,1039.918420454532,3610.110723554373,镇海大道-骆驼桥
71.7,18.85999999999991,1040.861420454532,3610.160723554373,镇海大道-骆驼桥
71.75,18.85999999999991,1041.804420454532,3610.210723554373,镇海大道-骆驼桥
71.8,18.85999999999991,1042.747420454532,3610.2607235543733,镇海大道-骆驼桥
71.85000000000001,18.85999999999991,1043.690420454532,3610.310723554373,镇海大道-骆驼桥
71.9,18.85999999999991,1044.633420454532,3610.360723554373,镇海大道-骆驼桥
71.95,18.85999999999991,1045.576420454532,3610.410723554373,镇海大道-骆驼桥
72.0,18.85999999999991,1046.5194204545319,3610.460723554373,镇海大道-骆驼桥
72.05,18.85999999999991,1047.4624204545319,3610.5107235543733,镇海大道-骆驼桥
72.10000000000001,18.85999999999991,1048.4054204545318,3610.560723554373,镇海大道-骆驼桥
72.15,18.85999999999991,1049.3484204545318,3610.610723554373,镇海大道-骆驼桥
72.2,18.85999999999991,1050.2914204545318,3610.660723554373,镇海大道-骆驼桥
72.25,18.85999999999991,1051.2344204545318,3610.710723554373,镇海大道-骆驼桥
72.3,18.85999999999991,1052.1774204545318,3610.7607235543733,镇海大道-骆驼桥
72.35000000000001,18.85999999999991,1053.1204204545318,3610.810723554373,镇海大道-骆驼桥
72.4,18.85999999999991,1054.0634204545318,3610.860723554373,镇海大道-骆驼桥
72.45,18.85999999999991,1055.0064204545317,3610.910723554373,镇海大道-骆驼桥
72.5,18.85999999999991,1055.9494204545317,3610.960723554373,镇海大道-骆驼桥
72.55,18.85999999999991,1056.8924204545317,3611.0107235543733,镇海大道-骆驼桥
72.60000000000001,18.85999999999991,1057.8354204545317,3611.060723554373,镇海大道-骆驼桥
72.65,18.85999999999991,1058.7784204545317,3611.110723554373,镇海大道-骆驼桥
72.7,18.85999999999991,1059.7214204545317,3611.160723554373,镇海大道-骆驼桥
72.75,18.85999999999991,1060.6644204545316,3611.210723554373,镇海大道-骆驼桥
72.8,18.85999999999991,1061.6074204545316,3611.2607235543733,镇海大道-骆驼桥
72.85000000000001,18.85999999999991,1062.5504204545316,3611.310723554373,镇海大道-骆驼桥
72.9,18.85999999999991,1063.4934204545316,3611.360723554373,镇海大道-骆驼桥
72.95,18.85999999999991,1064.4364204545316,3611.410723554373,镇海大道-骆驼桥
73.0,18.85999999999991,1065.3794204545316,3611.460723554373,镇海大道-骆驼桥
73.05,18.85999999999991,1066.3224204545315,3611.5107235543733,镇海大道-骆驼桥
73.10000000000001,18.85999999999991,1067.2654204545315,3611.560723554373,镇海大道-骆驼桥
73.15,18.85999999999991,1068.2084204545315,3611.610723554373,镇海大道-骆驼桥
73.2,18.85999999999991,1069.1514204545315,3611.660723554373,镇海大道-骆驼桥
73.25,18.85999999999991,1070.0944204545315,3611.710723554373,镇海大道-骆驼桥
73.3,18.85999999999991,1071.0374204545315,3611.7607235543733,镇海大道-骆驼桥
73.35000000000001,18.85999999999991,1071.9804204545314,3611.810723554373,镇海大道-骆驼桥
73.4,18.85999999999991,1072.9234204545314,3611.860723554373,镇海大道-骆驼桥
73.45,18.85999999999991,1073.8664204545314,3611.910723554373,镇海大道-骆驼桥
73.5,18.85999999999991,1074.8094204545314,3611.960723554373,镇海大道-骆驼桥
73.55,18.85999999999991,1075.7524204545314,3612.0107235543733,镇海大道-骆驼桥
73.60000000000001,18.85999999999991,1076.6954204545314,3612.060723554373,镇海大道-骆驼桥
73.65,18.85999999999991,1077.6384204545313,3612.110723554373,镇海大道-骆驼桥
73.7,18.85999999999991,1078.5814204545313,3612.160723554373,镇海大道-骆驼桥
73.75,18.85999999999991,1079.5244204545313,3612.210723554373,镇海大道-骆驼桥
73.8,18.85999999999991,1080.4674204545313,3612.2607235543733,镇海大道-骆驼桥
73.85000000000001,18.85999999999991,1081.4104204545313,3612.310723554373,镇海大道-骆驼桥
73.9,18.85999999999991,1082.3534204545313,3612.360723554373,镇海大道-骆驼桥
73.95,18.85999999999991,1083.2964204545312,3612.410723554373,镇海大道-骆驼桥
74.0,18.85999999999991,1084.2394204545312,3612.460723554373,镇海大道-骆驼桥
74.05,18.85999999999991,1085.1824204545312,3612.5107235543733,镇海大道-骆驼桥
74.10000000000001,18.85999999999991,1086.1254204545312,3612.560723554373,镇海大道-骆驼桥
74.15,18.85999999999991,1087.0684204545312,3612.610723554373,镇海大道-骆驼桥
74.2,18.85999999999991,1088.0114204545312,3612.660723554373,镇海大道-骆驼桥
74.25,18.85999999999991,1088.9544204545311,3612.710723554373,镇海大道-骆驼桥
74.3,18.85999999999991,1089.8974204545311,3612.7607235543733,镇海大道-骆驼桥
74.35000000000001,18.85999999999991,1090.840420454531,3612.810723554373,镇海大道-骆驼桥
74.4,18.85999999999991,1091.783420454531,3612.860723554373,镇海大道-骆驼桥
74.45,18.85999999999991,1092.726420454531,3612.910723554373,镇海大道-骆驼桥
74.5,18.85999999999991,1093.669420454531,3612.960723554373,镇海大道-骆驼桥
74.55,18.85999999999991,1094.612420454531,3613.0107235543733,镇海大道-骆驼桥
74.60000000000001,18.85999999999991,1095.555420454531,3613.060723554373,镇海大道-骆驼桥
74.65,18.85999999999991,1096.498420454531,3613.110723554373,镇海大道-骆驼桥
74.7,18.85999999999991,1097.441420454531,3613.160723554373,镇海大道-骆驼桥
74.75,18.85999999999991,1098.384420454531,3613.210723554373,镇海大道-骆驼桥
74.8,18.85999999999991,1099.327420454531,3613.2607235543733,镇海大道-骆驼桥
74.85000000000001,18.85999999999991,1100.270420454531,3613.310723554373,镇海大道-骆驼桥
74.9,18.85999999999991,1101.213420454531,3613.360723554373,镇海大道-骆驼桥
74.95,18.85999999999991,1102.156420454531,3613.410723554373,镇海大道-骆驼桥
75.0,18.85999999999991,1103.099420454531,3613.460723554373,镇海大道-骆驼桥
75.05,18.85999999999991,1104.0424204545309,3613.5107235543733,镇海大道-骆驼桥
75.10000000000001,18.85999999999991,1104.9854204545309,3613.560723554373,镇海大道-骆驼桥
75.15,18.85999999999991,1105.9284204545309,3613.610723554373,镇海大道-骆驼桥
75.2,18.85999999999991,1106.8714204545308,3613.660723554373,镇海大道-骆驼桥
75.25,18.85999999999991,1107.8144204545308,3613.710723554373,镇海大道-骆驼桥
75.3,18.85999999999991,1108.7574204545308,3613.7607235543733,镇海大道-骆驼桥
75.35000000000001,18.85999999999991,1109.7004204545308,3613.810723554373,镇海大道-骆驼桥
75.4,18.85999999999991,1110.6434204545308,3613.860723554373,镇海大道-骆驼桥
75.45,18.85999999999991,1111.5864204545308,3613.910723554373,镇海大道-骆驼桥
75.5,18.85999999999991,1112.5294204545307,3613.960723554373,镇海大道-骆驼桥
75.55,18.85999999999991,1113.4724204545307,3614.0107235543733,镇海大道-骆驼桥
75.60000000000001,18.85999999999991,1114.4154204545307,3614.060723554373,镇海大道-骆驼桥
75.65,18.85999999999991,1115.3584204545307,3614.110723554373,镇海大道-骆驼桥
75.7,18.85999999999991,1116.3014204545307,3614.160723554373,镇海大道-骆驼桥
75.75,18.85999999999991,1117.2444204545307,3614.210723554373,镇海大道-骆驼桥
75.8,18.85999999999991,1118.1874204545306,3614.2607235543733,镇海大道-骆驼桥
75.85000000000001,18.85999999999991,1119.1304204545306,3614.310723554373,镇海大道-骆驼桥
75.9,18.85999999999991,1120.0734204545306,3614.360723554373,镇海大道-骆驼桥
75.95,18.85999999999991,1121.0164204545306,3614.410723554373,镇海大道-骆驼桥
76.0,18.85999999999991,1121.9594204545306,3614.460723554373,镇海大道-骆驼桥
76.05,18.85999999999991,1122.9024204545306,3614.5107235543733,镇海大道-骆驼桥
76.10000000000001,18.85999999999991,1123.8454204545305,3614.560723554373,镇海大道-骆驼桥
76.15,18.85999999999991,1124.7884204545305,3614.610723554373,镇海大道-骆驼桥
76.2,18.85999999999991,1125.7314204545305,3614.660723554373,镇海大道-骆驼桥
76.25,18.85999999999991,1126.6744204545305,3614.710723554373,镇海大道-骆驼桥
76.3,18.85999999999991,1127.6174204545305,3614.7607235543733,镇海大道-骆驼桥
76.35000000000001,18.85999999999991,1128.5604204545305,3614.810723554373,镇海大道-骆驼桥
76.4,18.85999999999991,1129.5034204545304,3614.860723554373,镇海大道-骆驼桥
76.45,18.85999999999991,1130.4464204545304,3614.910723554373,镇海大道-骆驼桥
76.5,18.85999999999991,1131.3894204545304,3614.960723554373,镇海大道-骆驼桥
76.55,18.85999999999991,1132.3324204545304,3615.0107235543733,镇海大道-骆驼桥
76.60000000000001,18.85999999999991,1133.2754204545304,3615.060723554373,镇海大道-骆驼桥
76.65,18.85999999999991,1134.2184204545304,3615.110723554373,镇海大道-骆驼桥
76.7,18.85999999999991,1135.1614204545303,3615.160723554373,镇海大道-骆驼桥
76.75,18.85999999999991,1136.1044204545303,3615.210723554373,镇海大道-骆驼桥
76.80000000000001,18.85999999999991,1137.0474204545303,3615.2607235543733,镇海大道-骆驼桥
76.85000000000001,18.85999999999991,1137.9904204545303,3615.310723554373,镇海大道-骆驼桥
76.9,18.85999999999991,1138.9334204545303,3615.360723554373,镇海大道-骆驼桥
76.95,18.85999999999991,1139.8764204545303,3615.410723554373,镇海大道-骆驼桥
77.0,18.85999999999991,1140.8194204545302,3615.460723554373,镇海大道-骆驼桥
77.05000000000001,18.85999999999991,1141.7624204545302,3615.5107235543733,镇海大道-骆驼桥
77.10000000000001,18.85999999999991,1142.7054204545302,3615.560723554373,镇海大道-骆驼桥
77.15,18.85999999999991,1143.6484204545302,3615.610723554373,镇海大道-骆驼桥
77.2,18.85999999999991,1144.5914204545302,3615.660723554373,镇海大道-骆驼桥
77.25,18.85999999999991,1145.5344204545302,3615.710723554373,镇海大道-骆驼桥
77.30000000000001,18.85999999999991,1146.4774204545301,3615.7607235543733,镇海大道-骆驼桥
77.35000000000001,18.85999999999991,1147.4204204545301,3615.810723554373,镇海大道-骆驼桥
77.4,18.85999999999991,1148.3634204545301,3615.860723554373,镇海大道-骆驼桥
77.45,18.85999999999991,1149.30642045453,3615.910723554373,镇海大道-骆驼桥
77.5,18.85999999999991,1150.24942045453,3615.960723554373,镇海大道-骆驼桥
77.55000000000001,18.85999999999991,1151.19242045453,3616.0107235543733,镇海大道-骆驼桥
77.60000000000001,18.85999999999991,1152.13542045453,3616.060723554373,镇海大道-骆驼桥
77.65,18.85999999999991,1153.07842045453,3616.110723554373,镇海大道-骆驼桥
77.7,18.85999999999991,1154.02142045453,3616.160723554373,镇海大道-骆驼桥
77.75,18.85999999999991,1154.96442045453,3616.210723554373,镇海大道-骆驼桥
77.80000000000001,18.85999999999991,1155.90742045453,3616.2607235543733,镇海大道-骆驼桥
77.85000000000001,18.85999999999991,1156.85042045453,3616.310723554373,镇海大道-骆驼桥
77.9,18.85999999999991,1157.79342045453,3616.360723554373,镇海大道-骆驼桥
77.95,18.85999999999991,1158.73642045453,3616.410723554373,镇海大道-骆驼桥
78.0,18.85999999999991,1159.67942045453,3616.460723554373,镇海大道-骆驼桥
78.05000000000001,18.85999999999991,1160.62242045453,3616.5107235543733,镇海大道-骆驼桥
78.10000000000001,18.85999999999991,1161.5654204545299,3616.560723554373,镇海大道-骆驼桥
78.15,18.85999999999991,1162.5084204545299,3616.610723554373,镇海大道-骆驼桥
78.2,18.85999999999991,1163.4514204545299,3616.660723554373,镇海大道-骆驼桥
78.25,18.85999999999991,1164.3944204545298,3616.710723554373,镇海大道-骆驼桥
78.30000000000001,18.85999999999991,1165.3374204545298,3616.7607235543733,镇海大道-骆驼桥
78.35000000000001,18.85999999999991,1166.2804204545298,3616.810723554373,镇海大道-骆驼桥
78.4,18.85999999999991,1167.2234204545298,3616.860723554373,镇海大道-骆驼桥
78.45,18.85999999999991,1168.1664204545298,3616.910723554373,镇海大道-骆驼桥
78.5,18.85999999999991,1169.1094204545298,3616.960723554373,镇海大道-骆驼桥
78.55000000000001,18.85999999999991,1170.0524204545297,3617.0107235543733,镇海大道-骆驼桥
78.60000000000001,18.85999999999991,1170.9954204545297,3617.060723554373,镇海大道-骆驼桥
78.65,18.85999999999991,1171.9384204545297,3617.110723554373,镇海大道-骆驼桥
78.7,18.85999999999991,1172.8814204545297,3617.160723554373,镇海大道-骆驼桥
78.75,18.85999999999991,1173.8244204545297,3617.210723554373,镇海大道-骆驼桥
78.80000000000001,18.85999999999991,1174.7674204545297,3617.2607235543733,镇海大道-骆驼桥
78.85000000000001,18.85999999999991,1175.7104204545296,3617.310723554373,镇海大道-骆驼桥
78.9,18.85999999999991,1176.6534204545296,3617.360723554373,镇海大道-骆驼桥
78.95,18.85999999999991,1177.5964204545296,3617.410723554373,镇海大道-骆驼桥
79.0,18.85999999999991,1178.5394204545296,3617.460723554373,镇海大道-骆驼桥
79.05000000000001,18.85999999999991,1179.4824204545296,3617.5107235543733,镇海大道-骆驼桥
79.10000000000001,18.85999999999991,1180.4254204545296,3617.560723554373,镇海大道-骆驼桥
79.15,18.85999999999991,1181.3684204545295,3617.610723554373,镇海大道-骆驼桥
79.2,18.85999999999991,1182.3114204545295,3617.660723554373,镇海大道-骆驼桥
79.25,18.85999999999991,1183.2544204545295,3617.710723554373,镇海大道-骆驼桥
79.30000000000001,18.85999999999991,1184.1974204545295,3617.7607235543733,镇海大道-骆驼桥
79.35000000000001,18.85999999999991,1185.1404204545295,3617.810723554373,镇海大道-骆驼桥
79.4,18.85999999999991,1186.0834204545295,3617.860723554373,镇海大道-骆驼桥
79.45,18.85999999999991,1187.0264204545294,3617.910723554373,镇海大道-骆驼桥
79.5,18.85999999999991,1187.9694204545294,3617.960723554373,镇海大道-骆驼桥
79.55000000000001,18.85999999999991,1188.9124204545294,3618.0107235543733,镇海大道-骆驼桥
79.60000000000001,18.85999999999991,1189.8554204545294,3618.060723554373,镇海大道-骆驼桥
79.65,18.85999999999991,1190.7984204545294,3618.110723554373,镇海大道-骆驼桥
79.7,18.85999999999991,1191.7414204545294,3618.160723554373,镇海大道-骆驼桥
79.75,18.85999999999991,1192.6844204545293,3618.210723554373,镇海大道-骆驼桥
79.80000000000001,18.85999999999991,1193.6274204545293,3618.2607235543733,镇海大道-骆驼桥
79.85000000000001,18.85999999999991,1194.5704204545293,3618.310723554373,镇海大道-骆驼桥
79.9,18.85999999999991,1195.5134204545293,3618.360723554373,镇海大道-骆驼桥
79.95,18.85999999999991,1196.4564204545293,3618.410723554373,镇海大道-骆驼桥
80.0,18.85999999999991,1197.3994204545293,3618.460723554373,镇海大道-骆驼桥
80.05000000000001,18.85999999999991,1198.3424204545292,3618.5107235543733,镇海大道-骆驼桥
80.10000000000001,18.85999999999991,1199.2854204545292,3618.560723554373,镇海大道-骆驼桥
80.15,18.85999999999991,1200.2284204545292,3618.610723554373,镇海大道-骆驼桥
80.2,18.85999999999991,1201.1714204545292,3618.660723554373,镇海大道-骆驼桥
80.25,18.85999999999991,1202.1144204545292,3618.710723554373,镇海大道-骆驼桥
80.30000000000001,18.85999999999991,1203.0574204545292,3618.7607235543733,镇海大道-骆驼桥
80.35000000000001,18.85999999999991,1204.0004204545291,3618.810723554373,镇海大道-骆驼桥
80.4,18.85999999999991,1204.9434204545291,3618.860723554373,镇海大道-骆驼桥
80.45,18.85999999999991,1205.8864204545291,3618.910723554373,镇海大道-骆驼桥
80.5,18.85999999999991,1206.829420454529,3618.960723554373,镇海大道-骆驼桥
80.55000000000001,18.85999999999991,1207.772420454529,3619.0107235543733,镇海大道-骆驼桥
80.60000000000001,18.85999999999991,1208.715420454529,3619.060723554373,镇海大道-骆驼桥
80.65,18.85999999999991,1209.658420454529,3619.110723554373,镇海大道-骆驼桥
80.7,18.85999999999991,1210.601420454529,3619.160723554373,镇海大道-骆驼桥
80.75,18.85999999999991,1211.544420454529,3619.210723554373,镇海大道-骆驼桥
80.80000000000001,18.85999999999991,1212.487420454529,3619.2607235543733,镇海大道-骆驼桥
80.85000000000001,18.85999999999991,1213.430420454529,3619.310723554373,镇海大道-骆驼桥
80.9,18.85999999999991,1214.373420454529,3619.360723554373,镇海大道-骆驼桥
80.95,18.85999999999991,1215.316420454529,3619.410723554373,镇海大道-骆驼桥
81.0,18.85999999999991,1216.259420454529,3619.460723554373,镇海大道-骆驼桥
81.05000000000001,18.85999999999991,1217.202420454529,3619.5107235543733,镇海大道-骆驼桥
81.10000000000001,18.85999999999991,1218.145420454529,3619.560723554373,镇海大道-骆驼桥
81.15,18.85999999999991,1219.088420454529,3619.610723554373,镇海大道-骆驼桥
81.2,18.85999999999991,1220.0314204545289,3619.660723554373,镇海大道-骆驼桥
81.25,18.85999999999991,1220.9744204545289,3619.710723554373,镇海大道-骆驼桥
81.30000000000001,18.85999999999991,1221.9174204545288,3619.7607235543733,镇海大道-骆驼桥
81.35000000000001,18.85999999999991,1222.8604204545288,3619.810723554373,镇海大道-骆驼桥
81.4,18.85999999999991,1223.8034204545288,3619.860723554373,镇海大道-骆驼桥
81.45,18.85999999999991,1224.7464204545288,3619.910723554373,镇海大道-骆驼桥
81.5,18.85999999999991,1225.6894204545288,3619.960723554373,镇海大道-骆驼桥
81.55000000000001,18.85999999999991,1226.6324204545288,3620.0107235543733,镇海大道-骆驼桥
81.60000000000001,18.85999999999991,1227.5754204545287,3620.060723554373,镇海大道-骆驼桥
81.65,18.85999999999991,1228.5184204545287,3620.110723554373,镇海大道-骆驼桥
81.7,18.85999999999991,1229.4614204545287,3620.160723554373,镇海大道-骆驼桥
81.75,18.85999999999991,1230.4044204545287,3620.210723554373,镇海大道-骆驼桥
81.80000000000001,18.85999999999991,1231.3474204545287,3620.2607235543733,镇海大道-骆驼桥
81.85000000000001,18.85999999999991,1232.2904204545287,3620.310723554373,镇海大道-骆驼桥
81.9,18.85999999999991,1233.2334204545286,3620.360723554373,镇海大道-骆驼桥
81.95,18.85999999999991,1234.1764204545286,3620.410723554373,镇海大道-骆驼桥
82.0,18.85999999999991,1235.1194204545286,3620.460723554373,镇海大道-骆驼桥
82.05000000000001,18.85999999999991,1236.0624204545286,3620.5107235543733,镇海大道-骆驼桥
82.10000000000001,18.85999999999991,1237.0054204545286,3620.560723554373,镇海大道-骆驼桥
82.15,18.85999999999991,1237.9484204545286,3620.610723554373,镇海大道-骆驼桥
82.2,18.85999999999991,1238.8914204545285,3620.660723554373,镇海大道-骆驼桥
82.25,18.85999999999991,1239.8344204545285,3620.710723554373,镇海大道-骆驼桥
82.30000000000001,18.85999999999991,1240.7774204545285,3620.7607235543733,镇海大道-骆驼桥
82.35000000000001,18.85999999999991,1241.7204204545285,3620.810723554373,镇海大道-骆驼桥
82.4,18.85999999999991,1242.6634204545285,3620.860723554373,镇海大道-骆驼桥
82.45,18.85999999999991,1243.6064204545285,3620.910723554373,镇海大道-骆驼桥
82.5,18.85999999999991,1244.5494204545284,3620.960723554373,镇海大道-骆驼桥
82.55000000000001,18.85999999999991,1245.4924204545284,3621.0107235543733,镇海大道-骆驼桥
82.60000000000001,18.85999999999991,1246.4354204545284,3621.060723554373,镇海大道-骆驼桥
82.65,18.85999999999991,1247.3784204545284,3621.110723554373,镇海大道-骆驼桥
82.7,18.85999999999991,1248.3214204545284,3621.160723554373,镇海大道-骆驼桥
82.75,18.85999999999991,1249.2644204545284,3621.210723554373,镇海大道-骆驼桥
82.80000000000001,18.85999999999991,1250.2074204545283,3621.2607235543733,镇海大道-骆驼桥
82.85000000000001,18.85999999999991,1251.1504204545283,3621.310723554373,镇海大道-骆驼桥
82.9,18.85999999999991,1252.0934204545283,3621.360723554373,镇海大道-骆驼桥
82.95,18.85999999999991,1253.0364204545283,3621.410723554373,镇海大道-骆驼桥
83.0,18.85999999999991,1253.9794204545283,3621.460723554373,镇海大道-骆驼桥
83.05000000000001,18.85999999999991,1254.9224204545283,3621.5107235543733,镇海大道-骆驼桥
83.10000000000001,18.85999999999991,1255.8654204545282,3621.560723554373,镇海大道-骆驼桥
83.15,18.85999999999991,1256.8084204545282,3621.610723554373,镇海大道-骆驼桥
83.2,18.85999999999991,1257.7514204545282,3621.660723554373,镇海大道-骆驼桥
83.25,18.85999999999991,1258.6944204545282,3621.710723554373,镇海大道-骆驼桥
83.30000000000001,18.85999999999991,1259.6374204545282,3621.7607235543733,镇海大道-骆驼桥
83.35000000000001,18.85999999999991,1260.5804204545282,3621.810723554373,镇海大道-骆驼桥
83.4,18.85999999999991,1261.5234204545282,3621.860723554373,镇海大道-骆驼桥
83.45,18.85999999999991,1262.4664204545281,3621.910723554373,镇海大道-骆驼桥
83.5,18.85999999999991,1263.4094204545281,3621.960723554373,镇海大道-骆驼桥
83.55000000000001,18.85999999999991,1264.352420454528,3622.0107235543733,镇海大道-骆驼桥
83.60000000000001,18.849999999999998,1265.2949204545282,3622.060723554373,镇海大道-骆驼桥
83.65,18.825,1266.2361704545283,3622.110723554373,镇海大道-骆驼桥
83.7,18.8,1267.1761704545283,3622.160723554373,镇海大道-骆驼桥
83.75,18.775000000000002,1268.1149204545284,3622.210723554373,镇海大道-骆驼桥
83.80000000000001,18.749999999999996,1269.0524204545284,3622.2607235543733,镇海大道-骆驼桥
83.85000000000001,18.724999999999998,1269.9886704545283,3622.310723554373,镇海大道-骆驼桥
83.9,18.7,1270.9236704545283,3622.360723554373,镇海大道-骆驼桥
83.95,18.675,1271.8574204545282,3622.410723554373,镇海大道-骆驼桥
84.0,18.650000000000002,1272.789920454528,3622.460723554373,镇海大道-骆驼桥
84.05000000000001,18.624999999999996,1273.7211704545282,3622.5107235543733,镇海大道-骆驼桥
84.10000000000001,18.599999999999998,1274.6511704545283,3622.560723554373,镇海大道-骆驼桥
84.15,18.575,1275.5799204545283,3622.610723554373,镇海大道-骆驼桥
84.2,18.55,1276.5074204545283,3622.660723554373,镇海大道-骆驼桥
84.25,18.525000000000002,1277.4336704545283,3622.710723554373,镇海大道-骆驼桥
84.30000000000001,18.499999999999996,1278.3586704545282,3622.7607235543733,镇海大道-骆驼桥
84.35000000000001,18.474999999999998,1279.2824204545282,3622.810723554373,镇海大道-骆驼桥
84.4,18.45,1280.204920454528,3622.860723554373,镇海大道-骆驼桥
84.45,18.425,1281.1261704545282,3622.910723554373,镇海大道-骆驼桥
84.5,18.400000000000002,1282.0461704545282,3622.960723554373,镇海大道-骆驼桥
84.55000000000001,18.374999999999996,1282.9649204545283,3623.0107235543733,镇海大道-骆驼桥
84.60000000000001,18.349999999999998,1283.8824204545283,3623.060723554373,镇海大道-骆驼桥
84.65,18.325,1284.7986704545283,3623.110723554373,镇海大道-骆驼桥
84.7,18.3,1285.7136704545283,3623.160723554373,镇海大道-骆驼桥
84.75,18.275000000000002,1286.6274204545282,3623.210723554373,镇海大道-骆驼桥
84.80000000000001,18.249999999999996,1287.539920454528,3623.2607235543733,镇海大道-骆驼桥
84.85000000000001,18.224999999999998,1288.4511704545282,3623.310723554373,镇海大道-骆驼桥
84.9,18.2,1289.3611704545283,3623.360723554373,镇海大道-骆驼桥
84.95,18.175,1290.2699204545283,3623.410723554373,镇海大道-骆驼桥
85.0,18.150000000000002,1291.1774204545284,3623.460723554373,镇海大道-骆驼桥
85.05000000000001,18.124999999999996,1292.0836704545284,3623.5107235543733,镇海大道-骆驼桥
85.10000000000001,18.099999999999998,1292.9886704545283,3623.560723554373,镇海大道-骆驼桥
85.15,18.075,1293.8924204545283,3623.610723554373,镇海大道-骆驼桥
85.2,18.05,1294.7949204545282,3623.660723554373,镇海大道-骆驼桥
85.25,18.025000000000002,1295.696170454528,3623.710723554373,镇海大道-骆驼桥
85.30000000000001,17.999999999999996,1296.5961704545282,3623.7607235543733,镇海大道-骆驼桥
85.35000000000001,17.974999999999998,1297.4949204545283,3623.810723554373,镇海大道-骆驼桥
85.4,17.95,1298.3924204545283,3623.860723554373,镇海大道-骆驼桥
85.45,17.925,1299.2886704545283,3623.910723554373,镇海大道-骆驼桥
85.5,17.900000000000002,1300.1836704545283,3623.960723554373,镇海大道-骆驼桥
85.55000000000001,17.874999999999996,1301.0774204545282,3624.0107235543733,镇海大道-骆驼桥
85.60000000000001,17.849999999999998,1301.9699204545282,3624.060723554373,镇海大道-骆驼桥
85.65,17.825,1302.861170454528,3624.110723554373,镇海大道-骆驼桥
85.7,17.8,1303.7511704545282,3624.160723554373,镇海大道-骆驼桥
85.75,17.775000000000002,1304.6399204545282,3624.210723554373,镇海大道-骆驼桥
85.80000000000001,17.749999999999996,1305.5274204545283,3624.2607235543733,镇海大道-骆驼桥
85.85000000000001,17.724999999999998,1306.4136704545283,3624.310723554373,镇海大道-骆驼桥
85.9,17.7,1307.2986704545283,3624.360723554373,镇海大道-骆驼桥
85.95,17.675,1308.1824204545283,3624.410723554373,镇海大道-骆驼桥
86.0,17.650000000000002,1309.0649204545282,3624.460723554373,镇海大道-骆驼桥
86.05000000000001,17.624999999999996,1309.946170454528,3624.5107235543733,镇海大道-骆驼桥
86.10000000000001,17.599999999999998,1310.8261704545282,3624.560723554373,镇海大道-骆驼桥
86.15,17.575,1311.7049204545283,3624.610723554373,镇海大道-骆驼桥
86.2,17.55,1312.5824204545283,3624.660723554373,镇海大道-骆驼桥
86.25,17.525000000000002,1313.4586704545284,3624.710723554373,镇海大道-骆驼桥
86.30000000000001,17.499999999999996,1314.3336704545284,3624.7607235543733,镇海大道-骆驼桥
86.35000000000001,17.474999999999998,1315.2074204545283,3624.810723554373,镇海大道-骆驼桥
86.4,17.45,1316.0799204545283,3624.860723554373,镇海大道-骆驼桥
86.45,17.425,1316.9511704545282,3624.910723554373,镇海大道-骆驼桥
86.5,17.400000000000002,1317.821170454528,3624.960723554373,镇海大道-骆驼桥
86.55000000000001,17.374999999999996,1318.6899204545282,3625.0107235543733,镇海大道-骆驼桥
86.60000000000001,17.349999999999998,1319.5574204545283,3625.060723554373,镇海大道-骆驼桥
86.65,17.325,1320.4236704545283,3625.110723554373,镇海大道-骆驼桥
86.7,17.3,1321.2886704545283,3625.160723554373,镇海大道-骆驼桥
86.75,17.275000000000002,1322.1524204545283,3625.210723554373,镇海大道-骆驼桥
86.80000000000001,17.249999999999996,1323.0149204545282,3625.2607235543733,镇海大道-骆驼桥
86.85000000000001,17.224999999999998,1323.8761704545282,3625.310723554373,镇海大道-骆驼桥
86.9,17.2,1324.736170454528,3625.360723554373,镇海大道-骆驼桥
86.95,17.175,1325.5949204545282,3625.410723554373,镇海大道-骆驼桥
87.0,17.150000000000002,1326.4524204545282,3625.460723554373,镇海大道-骆驼桥
87.05000000000001,17.124999999999996,1327.3086704545283,3625.5107235543733,镇海大道-骆驼桥
87.10000000000001,17.099999999999998,1328.1636704545283,3625.560723554373,镇海大道-骆驼桥
87.15,17.075,1329.0174204545283,3625.610723554373,镇海大道-骆驼桥
87.2,17.05,1329.8699204545283,3625.660723554373,镇海大道-骆驼桥
87.25,17.025000000000002,1330.7211704545282,3625.710723554373,镇海大道-骆驼桥
87.30000000000001,16.999999999999996,1331.571170454528,3625.7607235543733,镇海大道-骆驼桥
87.35000000000001,16.974999999999998,1332.4199204545282,3625.810723554373,镇海大道-骆驼桥
87.4,16.95,1333.2674204545283,3625.860723554373,镇海大道-骆驼桥
87.45,16.925,1334.1136704545283,3625.910723554373,镇海大道-骆驼桥
87.5,16.900000000000002,1334.9586704545284,3625.960723554373,镇海大道-骆驼桥
87.55000000000001,16.874999999999996,1335.8024204545284,3626.0107235543733,镇海大道-骆驼桥
87.60000000000001,16.849999999999998,1336.6449204545283,3626.060723554373,镇海大道-骆驼桥
87.65,16.825,1337.4861704545283,3626.110723554373,镇海大道-骆驼桥
87.7,16.8,1338.3261704545282,3626.160723554373,镇海大道-骆驼桥
87.75,16.775000000000002,1339.164920454528,3626.210723554373,镇海大道-骆驼桥
87.80000000000001,16.749999999999996,1340.0024204545282,3626.2607235543733,镇海大道-骆驼桥
87.85000000000001,16.724999999999998,1340.8386704545283,3626.310723554373,镇海大道-骆驼桥
87.9,16.7,1341.6736704545283,3626.360723554373,镇海大道-骆驼桥
87.95,16.675,1342.5074204545283,3626.410723554373,镇海大道-骆驼桥
88.0,16.650000000000002,1343.3399204545283,3626.460723554373,镇海大道-骆驼桥
88.05000000000001,16.624999999999996,1344.1711704545282,3626.5107235543733,镇海大道-骆驼桥
88.10000000000001,16.599999999999998,1345.0011704545282,3626.560723554373,镇海大道-骆驼桥
88.15,16.575,1345.829920454528,3626.610723554373,镇海大道-骆驼桥
88.2,16.55,1346.6574204545282,3626.660723554373,镇海大道-骆驼桥
88.25,16.525000000000002,1347.4836704545282,3626.710723554373,镇海大道-骆驼桥
88.30000000000001,16.499999999999996,1348.3086704545283,3626.7607235543733,镇海大道-骆驼桥
88.35000000000001,16.474999999999998,1349.1324204545283,3626.810723554373,镇海大道-骆驼桥
88.4,16.45,1349.9549204545283,3626.860723554373,镇海大道-骆驼桥
88.45,16.425,1350.7761704545283,3626.910723554373,镇海大道-骆驼桥
88.5,16.400000000000002,1351.5961704545282,3626.960723554373,镇海大道-骆驼桥
88.55000000000001,16.374999999999996,1352.414920454528,3627.0107235543733,镇海大道-骆驼桥
88.60000000000001,16.349999999999998,1353.2324204545282,3627.060723554373,镇海大道-骆驼桥
88.65,16.325,1354.0486704545283,3627.110723554373,镇海大道-骆驼桥
88.7,16.3,1354.8636704545283,3627.160723554373,镇海大道-骆驼桥
88.75,16.275000000000002,1355.6774204545284,3627.210723554373,镇海大道-骆驼桥
88.80000000000001,16.249999999999996,1356.4899204545284,3627.2607235543733,镇海大道-骆驼桥
88.85000000000001,16.224999999999998,1357.3011704545283,3627.310723554373,镇海大道-骆驼桥
88.9,16.2,1358.1111704545283,3627.360723554373,镇海大道-骆驼桥
88.95,16.175,1358.9199204545282,3627.410723554373,镇海大道-骆驼桥
89.0,16.150000000000002,1359.727420454528,3627.460723554373,镇海大道-骆驼桥
89.05000000000001,16.124999999999996,1360.5336704545282,3627.5107235543733,镇海大道-骆驼桥
89.10000000000001,16.099999999999998,1361.3386704545283,3627.560723554373,镇海大道-骆驼桥
89.15,16.075,1362.1424204545283,3627.610723554373,镇海大道-骆驼桥
89.2,16.05,1362.9449204545283,3627.660723554373,镇海大道-骆驼桥
89.25,16.025000000000002,1363.7461704545283,3627.710723554373,镇海大道-骆驼桥
89.30000000000001,15.999999999999996,1364.5461704545282,3627.7607235543733,镇海大道-骆驼桥
89.35000000000001,15.974999999999998,1365.3449204545282,3627.810723554373,镇海大道-骆驼桥
89.4,15.95,1366.142420454528,3627.860723554373,镇海大道-骆驼桥
89.45,15.925,1366.9386704545282,3627.910723554373,镇海大道-骆驼桥
89.5,15.900000000000002,1367.7336704545282,3627.960723554373,镇海大道-骆驼桥
89.55000000000001,15.874999999999996,1368.5274204545283,3628.0107235543733,镇海大道-骆驼桥
89.60000000000001,15.849999999999998,1369.3199204545283,3628.060723554373,镇海大道-骆驼桥
89.65,15.825,1370.1111704545283,3628.110723554373,镇海大道-骆驼桥
89.7,15.8,1370.9011704545283,3628.160723554373,镇海大道-骆驼桥
89.75,15.775000000000002,1371.6899204545282,3628.210723554373,镇海大道-骆驼桥
89.80000000000001,15.749999999999996,1372.477420454528,3628.2607235543733,镇海大道-骆驼桥
89.85000000000001,15.724999999999998,1373.2636704545282,3628.310723554373,镇海大道-骆驼桥
89.9,15.7,1374.0486704545283,3628.360723554373,镇海大道-骆驼桥
89.95,15.675,1374.8324204545283,3628.410723554373,镇海大道-骆驼桥
90.0,15.650000000000002,1375.6149204545284,3628.460723554373,镇海大道-骆驼桥
90.05000000000001,15.624999999999996,1376.3961704545284,3628.5107235543733,镇海大道-骆驼桥
90.10000000000001,15.599999999999998,1377.1761704545283,3628.560723554373,镇海大道-骆驼桥
90.15,15.575,1377.9549204545283,3628.610723554373,镇海大道-骆驼桥
90.2,15.55,1378.7324204545282,3628.660723554373,镇海大道-骆驼桥
90.25,15.525000000000002,1379.508670454528,3628.710723554373,镇海大道-骆驼桥
90.30000000000001,15.499999999999996,1380.2836704545282,3628.7607235543733,镇海大道-骆驼桥
90.35000000000001,15.474999999999998,1381.0574204545283,3628.810723554373,镇海大道-骆驼桥
90.4,15.45,1381.8299204545283,3628.860723554373,镇海大道-骆驼桥
90.45,15.425,1382.6011704545283,3628.910723554373,镇海大道-骆驼桥
90.5,15.400000000000002,1383.3711704545283,3628.960723554373,镇海大道-骆驼桥
90.55000000000001,15.374999999999996,1384.1399204545282,3629.0107235543733,镇海大道-骆驼桥
90.60000000000001,15.349999999999998,1384.9074204545282,3629.060723554373,镇海大道-骆驼桥
90.65,15.325,1385.673670454528,3629.110723554373,镇海大道-骆驼桥
90.7,15.3,1386.4386704545282,3629.160723554373,镇海大道-骆驼桥
90.75,15.275000000000002,1387.2024204545282,3629.210723554373,镇海大道-骆驼桥
90.80000000000001,15.249999999999996,1387.9649204545283,3629.2607235543733,镇海大道-骆驼桥
90.85000000000001,15.224999999999998,1388.7261704545283,3629.310723554373,镇海大道-骆驼桥
90.9,15.2,1389.4861704545283,3629.360723554373,镇海大道-骆驼桥
90.95,15.175,1390.2449204545283,3629.410723554373,镇海大道-骆驼桥
91.0,15.150000000000002,1391.0024204545282,3629.460723554373,镇海大道-骆驼桥
91.05000000000001,15.124999999999996,1391.758670454528,3629.5107235543733,镇海大道-骆驼桥
91.10000000000001,15.099999999999998,1392.5136704545282,3629.560723554373,镇海大道-骆驼桥
91.15,15.075,1393.2674204545283,3629.610723554373,镇海大道-骆驼桥
91.2,15.05,1394.0199204545283,3629.660723554373,镇海大道-骆驼桥
91.25,15.025000000000002,1394.7711704545284,3629.710723554373,镇海大道-骆驼桥
91.30000000000001,14.999999999999996,1395.5211704545284,3629.7607235543733,镇海大道-骆驼桥
91.35000000000001,14.974999999999998,1396.2699204545283,3629.810723554373,镇海大道-骆驼桥
91.4,14.95,1397.0174204545283,3629.860723554373,镇海大道-骆驼桥
91.45,14.925,1397.7636704545282,3629.910723554373,镇海大道-骆驼桥
91.5,14.900000000000002,1398.508670454528,3629.960723554373,镇海大道-骆驼桥
91.55000000000001,14.874999999999996,1399.2524204545282,3630.0107235543733,镇海大道-骆驼桥
91.60000000000001,14.849999999999998,1399.9949204545283,3630.060723554373,镇海大道-骆驼桥
91.65,14.825,1400.7361704545283,3630.110723554373,镇海大道-骆驼桥
91.7,14.8,1401.4761704545283,3630.160723554373,镇海大道-骆驼桥
91.75,14.775000000000002,1402.2149204545283,3630.210723554373,镇海大道-骆驼桥
91.80000000000001,14.749999999999996,1402.9524204545282,3630.2607235543733,镇海大道-骆驼桥
91.85000000000001,14.724999999999998,1403.6886704545282,3630.310723554373,镇海大道-骆驼桥
91.9,14.7,1404.423670454528,3630.360723554373,镇海大道-骆驼桥
91.95,14.675,1405.1574204545282,3630.410723554373,镇海大道-骆驼桥
92.0,14.650000000000002,1405.8899204545282,3630.460723554373,镇海大道-骆驼桥
92.05000000000001,14.624999999999996,1406.6211704545283,3630.5107235543733,镇海大道-骆驼桥
92.10000000000001,14.599999999999998,1407.3511704545283,3630.560723554373,镇海大道-骆驼桥
92.15,14.575,1408.0799204545283,3630.610723554373,镇海大道-骆驼桥
92.2,14.55,1408.8074204545283,3630.660723554373,镇海大道-骆驼桥
92.25,14.525000000000002,1409.5336704545282,3630.710723554373,镇海大道-骆驼桥
92.30000000000001,14.499999999999996,1410.258670454528,3630.7607235543733,镇海大道-骆驼桥
92.35000000000001,14.474999999999998,1410.9824204545282,3630.810723554373,镇海大道-骆驼桥
92.4,14.45,1411.7049204545283,3630.860723554373,镇海大道-骆驼桥
92.45,14.425,1412.4261704545283,3630.910723554373,镇海大道-骆驼桥
92.5,14.400000000000002,1413.1461704545284,3630.960723554373,镇海大道-骆驼桥
92.55000000000001,14.374999999999996,1413.8649204545284,3631.0107235543733,镇海大道-骆驼桥
92.60000000000001,14.349999999999998,1414.5824204545283,3631.060723554373,镇海大道-骆驼桥
92.65,14.325,1415.2986704545283,3631.110723554373,镇海大道-骆驼桥
92.7,14.3,1416.0136704545282,3631.160723554373,镇海大道-骆驼桥
92.75,14.275000000000002,1416.727420454528,3631.210723554373,镇海大道-骆驼桥
92.80000000000001,14.249999999999996,1417.4399204545282,3631.2607235543733,镇海大道-骆驼桥
92.85000000000001,14.224999999999998,1418.1511704545283,3631.310723554373,镇海大道-骆驼桥
92.9,14.2,1418.8611704545283,3631.360723554373,镇海大道-骆驼桥
92.95,14.175,1419.5699204545283,3631.410723554373,镇海大道-骆驼桥
93.0,14.150000000000002,1420.2774204545283,3631.460723554373,镇海大道-骆驼桥
93.05000000000001,14.124999999999996,1420.9836704545282,3631.5107235543733,镇海大道-骆驼桥
93.10000000000001,14.099999999999998,1421.6886704545282,3631.560723554373,镇海大道-骆驼桥
93.15,14.075,1422.392420454528,3631.610723554373,镇海大道-骆驼桥
93.2,14.05,1423.0949204545282,3631.660723554373,镇海大道-骆驼桥
93.25,14.025000000000002,1423.7961704545282,3631.710723554373,镇海大道-骆驼桥
93.30000000000001,13.999999999999996,1424.4961704545283,3631.7607235543733,镇海大道-骆驼桥
93.35000000000001,13.974999999999998,1425.1949204545283,3631.810723554373,镇海大道-骆驼桥
93.4,13.95,1425.8924204545283,3631.860723554373,镇海大道-骆驼桥
93.45,13.925,1426.5886704545283,3631.910723554373,镇海大道-骆驼桥
93.5,13.900000000000002,1427.2836704545282,3631.960723554373,镇海大道-骆驼桥
93.55000000000001,13.874999999999996,1427.977420454528,3632.0107235543733,镇海大道-骆驼桥
93.60000000000001,13.849999999999998,1428.6699204545282,3632.060723554373,镇海大道-骆驼桥
93.65,13.825,1429.3611704545283,3632.110723554373,镇海大道-骆驼桥
93.7,13.8,1430.0511704545283,3632.160723554373,镇海大道-骆驼桥
93.75,13.775000000000002,1430.7399204545284,3632.210723554373,镇海大道-骆驼桥
93.80000000000001,13.749999999999996,1431.4274204545284,3632.2607235543733,镇海大道-骆驼桥
93.85000000000001,13.724999999999998,1432.1136704545283,3632.310723554373,镇海大道-骆驼桥
93.9,13.7,1432.7986704545283,3632.360723554373,镇海大道-骆驼桥
93.95,13.675,1433.4824204545282,3632.410723554373,镇海大道-骆驼桥
94.0,13.650000000000002,1434.164920454528,3632.460723554373,镇海大道-骆驼桥
94.05000000000001,13.624999999999996,1434.8461704545282,3632.5107235543733,镇海大道-骆驼桥
94.10000000000001,13.599999999999998,1435.5261704545283,3632.560723554373,镇海大道-骆驼桥
94.15,13.575,1436.2049204545283,3632.610723554373,镇海大道-骆驼桥
94.2,13.55,1436.8824204545283,3632.660723554373,镇海大道-骆驼桥
94.25,13.525000000000002,1437.5586704545283,3632.710723554373,镇海大道-骆驼桥
94.30000000000001,13.499999999999996,1438.2336704545282,3632.7607235543733,镇海大道-骆驼桥
94.35000000000001,13.474999999999998,1438.9074204545282,3632.810723554373,镇海大道-骆驼桥
94.4,13.45,1439.579920454528,3632.860723554373,镇海大道-骆驼桥
94.45,13.425,1440.2511704545282,3632.910723554373,镇海大道-骆驼桥
94.5,13.400000000000002,1440.9211704545282,3632.960723554373,镇海大道-骆驼桥
94.55000000000001,13.374999999999996,1441.5899204545283,3633.0107235543733,镇海大道-骆驼桥
94.60000000000001,13.349999999999998,1442.2574204545283,3633.060723554373,镇海大道-骆驼桥
94.65,13.325,1442.9236704545283,3633.110723554373,镇海大道-骆驼桥
94.7,13.3,1443.5886704545283,3633.160723554373,镇海大道-骆驼桥
94.75,13.275000000000002,1444.2524204545282,3633.210723554373,镇海大道-骆驼桥
94.80000000000001,13.249999999999996,1444.914920454528,3633.2607235543733,镇海大道-骆驼桥
94.85000000000001,13.224999999999998,1445.5761704545282,3633.310723554373,镇海大道-骆驼桥
94.9,13.2,1446.2361704545283,3633.360723554373,镇海大道-骆驼桥
94.95,13.175,1446.8949204545283,3633.410723554373,镇海大道-骆驼桥
95.0,13.150000000000002,1447.5524204545284,3633.460723554373,镇海大道-骆驼桥
95.05000000000001,13.124999999999996,1448.2086704545284,3633.5107235543733,镇海大道-骆驼桥
95.10000000000001,13.099999999999998,1448.8636704545283,3633.560723554373,镇海大道-骆驼桥
95.15,13.075,1449.5174204545283,3633.610723554373,镇海大道-骆驼桥
95.2,13.05,1450.1699204545282,3633.660723554373,镇海大道-骆驼桥
95.25,13.025000000000002,1450.821170454528,3633.710723554373,镇海大道-骆驼桥
95.30000000000001,12.999999999999996,1451.4711704545282,3633.7607235543733,镇海大道-骆驼桥
95.35000000000001,12.974999999999998,1452.1199204545283,3633.810723554373,镇海大道-骆驼桥
95.4,12.95,1452.7674204545283,3633.860723554373,镇海大道-骆驼桥
95.45,12.925,1453.4136704545283,3633.910723554373,镇海大道-骆驼桥
95.5,12.900000000000002,1454.0586704545283,3633.960723554373,镇海大道-骆驼桥
95.55000000000001,12.874999999999996,1454.7024204545282,3634.0107235543733,镇海大道-骆驼桥
95.60000000000001,12.849999999999998,1455.3449204545282,3634.060723554373,镇海大道-骆驼桥
95.65,12.825,1455.986170454528,3634.110723554373,镇海大道-骆驼桥
95.7,12.8,1456.6261704545282,3634.160723554373,镇海大道-骆驼桥
95.75,12.775000000000002,1457.2649204545282,3634.210723554373,镇海大道-骆驼桥
95.80000000000001,12.749999999999996,1457.9024204545283,3634.2607235543733,镇海大道-骆驼桥
95.85000000000001,12.724999999999998,1458.5386704545283,3634.310723554373,镇海大道-骆驼桥
95.9,12.7,1459.1736704545283,3634.360723554373,镇海大道-骆驼桥
95.95,12.675,1459.8074204545283,3634.410723554373,镇海大道-骆驼桥
96.0,12.650000000000002,1460.4399204545282,3634.460723554373,镇海大道-骆驼桥
96.05000000000001,12.624999999999996,1461.071170454528,3634.5107235543733,镇海大道-骆驼桥
96.10000000000001,12.599999999999998,1461.7011704545282,3634.560723554373,镇海大道-骆驼桥
96.15,12.575,1462.3299204545283,3634.610723554373,镇海大道-骆驼桥
96.2,12.55,1462.9574204545283,3634.660723554373,镇海大道-骆驼桥
96.25,12.525000000000002,1463.5836704545284,3634.710723554373,镇海大道-骆驼桥
96.30000000000001,12.499999999999996,1464.2086704545284,3634.7607235543733,镇海大道-骆驼桥
96.35000000000001,12.474999999999998,1464.8324204545283,3634.810723554373,镇海大道-骆驼桥
96.4,12.45,1465.4549204545283,3634.860723554373,镇海大道-骆驼桥
96.45,12.425,1466.0761704545282,3634.910723554373,镇海大道-骆驼桥
96.5,12.400000000000002,1466.696170454528,3634.960723554373,镇海大道-骆驼桥
96.55000000000001,12.374999999999996,1467.3149204545282,3635.0107235543733,镇海大道-骆驼桥
96.60000000000001,12.349999999999998,1467.9324204545283,3635.060723554373,镇海大道-骆驼桥
96.65,12.325,1468.5486704545283,3635.110723554373,镇海大道-骆驼桥
96.7,12.3,1469.1636704545283,3635.160723554373,镇海大道-骆驼桥
96.75,12.275000000000002,1469.7774204545283,3635.210723554373,镇海大道-骆驼桥
96.80000000000001,12.249999999999996,1470.3899204545282,3635.2607235543733,镇海大道-骆驼桥
96.85000000000001,12.224999999999998,1471.0011704545282,3635.310723554373,镇海大道-骆驼桥
96.9,12.2,1471.611170454528,3635.360723554373,镇海大道-骆驼桥
96.95,12.175,1472.2199204545282,3635.410723554373,镇海大道-骆驼桥
97.0,12.150000000000002,1472.8274204545282,3635.460723554373,镇海大道-骆驼桥
97.05000000000001,12.124999999999996,1473.4336704545283,3635.5107235543733,镇海大道-骆驼桥
97.10000000000001,12.099999999999998,1474.0386704545283,3635.560723554373,镇海大道-骆驼桥
97.15,12.075,1474.6424204545283,3635.610723554373,镇海大道-骆驼桥
97.2,12.05,1475.2449204545283,3635.660723554373,镇海大道-骆驼桥
97.25,12.025000000000002,1475.8461704545282,3635.710723554373,镇海大道-骆驼桥
97.30000000000001,11.999999999999996,1476.446170454528,3635.7607235543733,镇海大道-骆驼桥
97.35000000000001,11.974999999999998,1477.0449204545282,3635.810723554373,镇海大道-骆驼桥
97.4,11.95,1477.6424204545283,3635.860723554373,镇海大道-骆驼桥
97.45,11.925,1478.2386704545283,3635.910723554373,镇海大道-骆驼桥
97.5,11.900000000000002,1478.8336704545284,3635.960723554373,镇海大道-骆驼桥
97.55000000000001,11.874999999999996,1479.4274204545284,3636.0107235543733,镇海大道-骆驼桥
97.60000000000001,11.849999999999998,1480.0199204545283,3636.060723554373,镇海大道-骆驼桥
97.65,11.825,1480.6111704545283,3636.110723554373,镇海大道-骆驼桥
97.7,11.8,1481.2011704545282,3636.160723554373,镇海大道-骆驼桥
97.75,11.775000000000002,1481.789920454528,3636.210723554373,镇海大道-骆驼桥
97.80000000000001,11.749999999999996,1482.3774204545282,3636.2607235543733,镇海大道-骆驼桥
97.85000000000001,11.724999999999998,1482.9636704545283,3636.310723554373,镇海大道-骆驼桥
97.9,11.7,1483.5486704545283,3636.360723554373,镇海大道-骆驼桥
97.95,11.675,1484.1324204545283,3636.410723554373,镇海大道-骆驼桥
98.0,11.650000000000002,1484.7149204545283,3636.460723554373,镇海大道-骆驼桥
98.05000000000001,11.624999999999996,1485.2961704545282,3636.5107235543733,镇海大道-骆驼桥
98.10000000000001,11.599999999999998,1485.8761704545282,3636.560723554373,镇海大道-骆驼桥
98.15,11.575,1486.454920454528,3636.610723554373,镇海大道-骆驼桥
98.2,11.55,1487.0324204545282,3636.660723554373,镇海大道-骆驼桥
98.25,11.525000000000002,1487.6086704545282,3636.710723554373,镇海大道-骆驼桥
98.30000000000001,11.499999999999996,1488.1836704545283,3636.7607235543733,镇海大道-骆驼桥
98.35000000000001,11.474999999999998,1488.7574204545283,3636.810723554373,镇海大道-骆驼桥
98.4,11.45,1489.3299204545283,3636.860723554373,镇海大道-骆驼桥
98.45,11.425,1489.9011704545283,3636.910723554373,镇海大道-骆驼桥
98.5,11.400000000000002,1490.4711704545282,3636.960723554373,镇海大道-骆驼桥
98.55000000000001,11.374999999999996,1491.039920454528,3637.0107235543733,镇海大道-骆驼桥
98.60000000000001,11.349999999999998,1491.6074204545282,3637.060723554373,镇海大道-骆驼桥
98.65,11.325,1492.1736704545283,3637.110723554373,镇海大道-骆驼桥
98.7,11.3,1492.7386704545283,3637.160723554373,镇海大道-骆驼桥
98.75,11.275000000000002,1493.3024204545284,3637.210723554373,镇海大道-骆驼桥
98.80000000000001,11.249999999999996,1493.8649204545284,3637.2607235543733,镇海大道-骆驼桥
98.85000000000001,11.224999999999998,1494.4261704545283,3637.310723554373,镇海大道-骆驼桥
98.9,11.2,1494.9861704545283,3637.360723554373,镇海大道-骆驼桥
98.95,11.175,1495.5449204545282,3637.410723554373,镇海大道-骆驼桥
99.0,11.150000000000002,1496.102420454528,3637.460723554373,镇海大道-骆驼桥
99.05000000000001,11.124999999999996,1496.6586704545282,3637.5107235543733,镇海大道-骆驼桥
99.10000000000001,11.099999999999998,1497.2136704545283,3637.560723554373,镇海大道-骆驼桥
99.15,11.075,1497.7674204545283,3637.610723554373,镇海大道-骆驼桥
99.2,11.05,1498.3199204545283,3637.660723554373,镇海大道-骆驼桥
99.25,11.025000000000002,1498.8711704545283,3637.710723554373,镇海大道-骆驼桥
99.30000000000001,10.999999999999996,1499.4211704545282,3637.7607235543733,镇海大道-骆驼桥
99.35000000000001,10.974999999999998,1499.9699204545282,3637.810723554373,镇海大道-骆驼桥
99.4,10.95,1500.517420454528,3637.860723554373,镇海大道-骆驼桥
99.45,10.925,1501.0636704545282,3637.910723554373,镇海大道-骆驼桥
99.5,10.900000000000002,1501.6086704545282,3637.960723554373,镇海大道-骆驼桥
99.55000000000001,10.874999999999996,1502.1524204545283,3638.0107235543733,镇海大道-骆驼桥
99.60000000000001,10.849999999999998,1502.6949204545283,3638.060723554373,镇海大道-骆驼桥
99.65,10.825,1503.2361704545283,3638.110723554373,镇海大道-骆驼桥
99.7,10.8,1503.7761704545283,3638.160723554373,镇海大道-骆驼桥
99.75,10.775000000000002,1504.3149204545282,3638.210723554373,镇海大道-骆驼桥
99.80000000000001,10.749999999999996,1504.852420454528,3638.2607235543733,镇海大道-骆驼桥
99.85000000000001,10.724999999999998,1505.3886704545282,3638.310723554373,镇海大道-骆驼桥
99.9,10.7,1505.9236704545283,3638.360723554373,镇海大道-骆驼桥
99.95,10.675,1506.4574204545283,3638.410723554373,镇海大道-骆驼桥
100.0,10.650000000000002,1506.9899204545284,3638.460723554373,镇海大道-骆驼桥
100.05000000000001,10.624999999999996,1507.5211704545284,3638.5107235543733,镇海大道-骆驼桥
100.10000000000001,10.599999999999998,1508.0511704545283,3638.560723554373,镇海大道-骆驼桥
100.15,10.575,1508.5799204545283,3638.610723554373,镇海大道-骆驼桥
100.2,10.55,1509.1074204545282,3638.660723554373,镇海大道-骆驼桥
100.25,10.525000000000002,1509.633670454528,3638.710723554373,镇海大道-骆驼桥
100.30000000000001,10.499999999999996,1510.1586704545282,3638.7607235543733,镇海大道-骆驼桥
100.35000000000001,10.474999999999998,1510.6824204545283,3638.810723554373,镇海大道-骆驼桥
100.4,10.45,1511.2049204545283,3638.860723554373,镇海大道-骆驼桥
100.45,10.425,1511.7261704545283,3638.910723554373,镇海大道-骆驼桥
100.5,10.400000000000002,1512.2461704545283,3638.960723554373,镇海大道-骆驼桥
100.55000000000001,10.374999999999996,1512.7649204545282,3639.0107235543733,镇海大道-骆驼桥
100.60000000000001,10.349999999999998,1513.2824204545282,3639.060723554373,镇海大道-骆驼桥
100.65,10.325,1513.798670454528,3639.110723554373,镇海大道-骆驼桥
100.7,10.3,1514.3136704545282,3639.160723554373,镇海大道-骆驼桥
100.75,10.275000000000002,1514.8274204545282,3639.210723554373,镇海大道-骆驼桥
100.80000000000001,10.249999999999996,1515.3399204545283,3639.2607235543733,镇海大道-骆驼桥
100.85000000000001,10.224999999999998,1515.8511704545283,3639.310723554373,镇海大道-骆驼桥
100.9,10.2,1516.3611704545283,3639.360723554373,镇海大道-骆驼桥
100.95,10.175,1516.8699204545283,3639.410723554373,镇海大道-骆驼桥
101.0,10.150000000000002,1517.3774204545282,3639.460723554373,镇海大道-骆驼桥
101.05000000000001,10.124999999999996,1517.883670454528,3639.5107235543733,镇海大道-骆驼桥
101.10000000000001,10.099999999999998,1518.3886704545282,3639.560723554373,镇海大道-骆驼桥
101.15,10.075,1518.8924204545283,3639.610723554373,镇海大道-骆驼桥
101.2,10.05,1519.3949204545283,3639.660723554373,镇海大道-骆驼桥
101.25,10.025000000000002,1519.8961704545284,3639.710723554373,镇海大道-骆驼桥
101.30000000000001,9.999999999999996,1520.3961704545284,3639.7607235543733,镇海大道-骆驼桥
101.35000000000001,9.974999999999998,1520.8949204545283,3639.810723554373,镇海大道-骆驼桥
101.4,9.95,1521.3924204545283,3639.860723554373,镇海大道-骆驼桥
101.45,9.925,1521.8886704545282,3639.910723554373,镇海大道-骆驼桥
101.5,9.900000000000002,1522.383670454528,3639.960723554373,镇海大道-骆驼桥
101.55000000000001,9.874999999999996,1522.8774204545282,3640.0107235543733,镇海大道-骆驼桥
101.60000000000001,9.849999999999998,1523.3699204545283,3640.060723554373,镇海大道-骆驼桥
101.65,9.825,1523.8611704545283,3640.110723554373,镇海大道-骆驼桥
101.7,9.8,1524.3511704545283,3640.160723554373,镇海大道-骆驼桥
101.75,9.775000000000002,1524.8399204545283,3640.210723554373,镇海大道-骆驼桥
101.80000000000001,9.749999999999996,1525.3274204545282,3640.2607235543733,镇海大道-骆驼桥
101.85000000000001,9.724999999999998,1525.8136704545282,3640.310723554373,镇海大道-骆驼桥
101.9,9.7,1526.298670454528,3640.360723554373,镇海大道-骆驼桥
101.95,9.675,1526.7824204545282,3640.410723554373,镇海大道-骆驼桥
102.0,9.650000000000002,1527.2649204545282,3640.460723554373,镇海大道-骆驼桥
102.05000000000001,9.624999999999996,1527.7461704545283,3640.5107235543733,镇海大道-骆驼桥
102.10000000000001,9.599999999999998,1528.2261704545283,3640.560723554373,镇海大道-骆驼桥
102.15,9.575,1528.7049204545283,3640.610723554373,镇海大道-骆驼桥
102.2,9.55,1529.1824204545283,3640.660723554373,镇海大道-骆驼桥
102.25,9.525000000000002,1529.6586704545282,3640.710723554373,镇海大道-骆驼桥
102.30000000000001,9.499999999999996,1530.133670454528,3640.7607235543733,镇海大道-骆驼桥
102.35000000000001,9.474999999999998,1530.6074204545282,3640.810723554373,镇海大道-骆驼桥
102.4,9.45,1531.0799204545283,3640.860723554373,镇海大道-骆驼桥
102.45,9.425,1531.5511704545283,3640.910723554373,镇海大道-骆驼桥
102.5,9.400000000000002,1532.0211704545284,3640.960723554373,镇海大道-骆驼桥
102.55000000000001,9.374999999999996,1532.4899204545284,3641.0107235543733,镇海大道-骆驼桥
102.60000000000001,9.349999999999998,1532.9574204545283,3641.060723554373,镇海大道-骆驼桥
102.65,9.325,1533.4236704545283,3641.110723554373,镇海大道-骆驼桥
102.7,9.3,1533.8886704545282,3641.160723554373,镇海大道-骆驼桥
102.75,9.275000000000002,1534.352420454528,3641.210723554373,镇海大道-骆驼桥
102.80000000000001,9.249999999999996,1534.8149204545282,3641.2607235543733,镇海大道-骆驼桥
102.85000000000001,9.224999999999998,1535.2761704545283,3641.310723554373,镇海大道-骆驼桥
102.9,9.2,1535.7361704545283,3641.360723554373,镇海大道-骆驼桥
102.95,9.175,1536.1949204545283,3641.410723554373,镇海大道-骆驼桥
103.0,9.150000000000002,1536.6524204545283,3641.460723554373,镇海大道-骆驼桥
103.05000000000001,9.124999999999996,1537.1086704545282,3641.5107235543733,镇海大道-骆驼桥
103.10000000000001,9.099999999999998,1537.5636704545282,3641.560723554373,镇海大道-骆驼桥
103.15,9.075,1538.017420454528,3641.610723554373,镇海大道-骆驼桥
103.2,9.05,1538.4699204545282,3641.660723554373,镇海大道-骆驼桥
103.25,9.025000000000002,1538.9211704545282,3641.710723554373,镇海大道-骆驼桥
103.30000000000001,8.999999999999996,1539.3711704545283,3641.7607235543733,镇海大道-骆驼桥
103.35000000000001,8.974999999999998,1539.8199204545283,3641.810723554373,镇海大道-骆驼桥
103.4,8.95,1540.2674204545283,3641.860723554373,镇海大道-骆驼桥
103.45,8.925,1540.7136704545283,3641.910723554373,镇海大道-骆驼桥
103.5,8.900000000000002,1541.1586704545282,3641.960723554373,镇海大道-骆驼桥
103.55000000000001,8.874999999999996,1541.602420454528,3642.0107235543733,镇海大道-骆驼桥
103.60000000000001,8.849999999999998,1542.0449204545282,3642.060723554373,镇海大道-骆驼桥
103.65,8.825,1542.4861704545283,3642.110723554373,镇海大道-骆驼桥
103.7,8.8,1542.9261704545283,3642.160723554373,镇海大道-骆驼桥
103.75,8.775000000000002,1543.3649204545284,3642.210723554373,镇海大道-骆驼桥
103.80000000000001,8.749999999999996,1543.8024204545284,3642.2607235543733,镇海大道-骆驼桥
103.85000000000001,8.724999999999998,1544.2386704545283,3642.310723554373,镇海大道-骆驼桥
103.9,8.7,1544.6736704545283,3642.360723554373,镇海大道-骆驼桥
103.95,8.675,1545.1074204545282,3642.410723554373,镇海大道-骆驼桥
104.0,8.650000000000002,1545.539920454528,3642.460723554373,镇海大道-骆驼桥
104.05000000000001,8.624999999999996,1545.9711704545282,3642.5107235543733,镇海大道-骆驼桥
104.10000000000001,8.599999999999998,1546.4011704545283,3642.560723554373,镇海大道-骆驼桥
104.15,8.575,1546.8299204545283,3642.610723554373,镇海大道-骆驼桥
104.2,8.55,1547.2574204545283,3642.660723554373,镇海大道-骆驼桥
104.25,8.525000000000002,1547.6836704545283,3642.710723554373,镇海大道-骆驼桥
104.30000000000001,8.499999999999996,1548.1086704545282,3642.7607235543733,镇海大道-骆驼桥
104.35000000000001,8.474999999999998,1548.5324204545282,3642.810723554373,镇海大道-骆驼桥
104.4,8.45,1548.954920454528,3642.860723554373,镇海大道-骆驼桥
104.45,8.425,1549.3761704545282,3642.910723554373,镇海大道-骆驼桥
104.5,8.400000000000002,1549.7961704545282,3642.960723554373,镇海大道-骆驼桥
104.55000000000001,8.374999999999996,1550.2149204545283,3643.0107235543733,镇海大道-骆驼桥
104.60000000000001,8.349999999999998,1550.6324204545283,3643.060723554373,镇海大道-骆驼桥
104.65,8.325,1551.0486704545283,3643.110723554373,镇海大道-骆驼桥
104.7,8.3,1551.4636704545283,3643.160723554373,镇海大道-骆驼桥
104.75,8.275000000000002,1551.8774204545282,3643.210723554373,镇海大道-骆驼桥
104.80000000000001,8.249999999999996,1552.289920454528,3643.2607235543733,镇海大道-骆驼桥
104.85000000000001,8.224999999999998,1552.7011704545282,3643.310723554373,镇海大道-骆驼桥
104.9,8.2,1553.1111704545283,3643.360723554373,镇海大道-骆驼桥
104.95,8.175,1553.5199204545283,3643.410723554373,镇海大道-骆驼桥
105.0,8.150000000000002,1553.9274204545284,3643.460723554373,镇海大道-骆驼桥
105.05000000000001,8.124999999999996,1554.3336704545284,3643.5107235543733,镇海大道-骆驼桥
105.10000000000001,8.099999999999998,1554.7386704545283,3643.560723554373,镇海大道-骆驼桥
105.15,8.075,1555.1424204545283,3643.610723554373,镇海大道-骆驼桥
105.2,8.05,1555.5449204545282,3643.660723554373,镇海大道-骆驼桥
105.25,8.025000000000002,1555.946170454528,3643.710723554373,镇海大道-骆驼桥
105.30000000000001,7.9999999999999964,1556.3461704545282,3643.7607235543733,镇海大道-骆驼桥
105.35000000000001,7.974999999999998,1556.7449204545283,3643.810723554373,镇海大道-骆驼桥
105.4,7.949999999999999,1557.1424204545283,3643.860723554373,镇海大道-骆驼桥
105.45,7.925000000000001,1557.5386704545283,3643.910723554373,镇海大道-骆驼桥
105.5,7.900000000000002,1557.9336704545283,3643.960723554373,镇海大道-骆驼桥
105.55000000000001,7.8749999999999964,1558.3274204545282,3644.0107235543733,镇海大道-骆驼桥
105.60000000000001,7.849999999999998,1558.7199204545282,3644.060723554373,镇海大道-骆驼桥
105.65,7.824999999999999,1559.111170454528,3644.110723554373,镇海大道-骆驼桥
105.7,7.800000000000001,1559.5011704545282,3644.160723554373,镇海大道-骆驼桥
105.75,7.775000000000002,1559.8899204545282,3644.210723554373,镇海大道-骆驼桥
105.80000000000001,7.7499999999999964,1560.2774204545283,3644.2607235543733,镇海大道-骆驼桥
105.85000000000001,7.724999999999998,1560.6636704545283,3644.310723554373,镇海大道-骆驼桥
105.9,7.699999999999999,1561.0486704545283,3644.360723554373,镇海大道-骆驼桥
105.95,7.675000000000001,1561.4324204545283,3644.410723554373,镇海大道-骆驼桥
106.0,7.650000000000002,1561.8149204545282,3644.460723554373,镇海大道-骆驼桥
106.05000000000001,7.6249999999999964,1562.196170454528,3644.5107235543733,镇海大道-骆驼桥
106.10000000000001,7.599999999999998,1562.5761704545282,3644.560723554373,镇海大道-骆驼桥
106.15,7.574999999999999,1562.9549204545283,3644.610723554373,镇海大道-骆驼桥
106.2,7.550000000000001,1563.3324204545283,3644.660723554373,镇海大道-骆驼桥
106.25,7.525000000000002,1563.7086704545284,3644.710723554373,镇海大道-骆驼桥
106.30000000000001,7.4999999999999964,1564.0836704545284,3644.7607235543733,镇海大道-骆驼桥
106.35000000000001,7.474999999999998,1564.4574204545283,3644.810723554373,镇海大道-骆驼桥
106.4,7.449999999999999,1564.8299204545283,3644.860723554373,镇海大道-骆驼桥
106.45,7.425000000000001,1565.2011704545282,3644.910723554373,镇海大道-骆驼桥
106.5,7.400000000000002,1565.571170454528,3644.960723554373,镇海大道-骆驼桥
106.55000000000001,7.3749999999999964,1565.9399204545282,3645.0107235543733,镇海大道-骆驼桥
106.60000000000001,7.349999999999998,1566.3074204545283,3645.060723554373,镇海大道-骆驼桥
106.65,7.324999999999999,1566.6736704545283,3645.110723554373,镇海大道-骆驼桥
106.7,7.300000000000001,1567.0386704545283,3645.160723554373,镇海大道-骆驼桥
106.75,7.275000000000002,1567.4024204545283,3645.210723554373,镇海大道-骆驼桥
106.80000000000001,7.2499999999999964,1567.7649204545282,3645.2607235543733,镇海大道-骆驼桥
106.85000000000001,7.224999999999998,1568.1261704545282,3645.310723554373,镇海大道-骆驼桥
106.9,7.199999999999999,1568.486170454528,3645.360723554373,镇海大道-骆驼桥
106.95,7.175000000000001,1568.8449204545282,3645.410723554373,镇海大道-骆驼桥
107.0,7.150000000000002,1569.2024204545282,3645.460723554373,镇海大道-骆驼桥
107.05000000000001,7.1249999999999964,1569.5586704545283,3645.5107235543733,镇海大道-骆驼桥
107.10000000000001,7.099999999999998,1569.9136704545283,3645.560723554373,镇海大道-骆驼桥
107.15,7.074999999999999,1570.2674204545283,3645.610723554373,镇海大道-骆驼桥
107.2,7.050000000000001,1570.6199204545283,3645.660723554373,镇海大道-骆驼桥
107.25,7.025000000000002,1570.9711704545282,3645.710723554373,镇海大道-骆驼桥
107.30000000000001,6.9999999999999964,1571.321170454528,3645.7607235543733,镇海大道-骆驼桥
107.35000000000001,6.974999999999998,1571.6699204545282,3645.810723554373,镇海大道-骆驼桥
107.4,6.949999999999999,1572.0174204545283,3645.860723554373,镇海大道-骆驼桥
107.45,6.925000000000001,1572.3636704545283,3645.910723554373,镇海大道-骆驼桥
107.5,6.900000000000002,1572.7086704545284,3645.960723554373,镇海大道-骆驼桥
107.55000000000001,6.8749999999999964,1573.0524204545284,3646.0107235543733,镇海大道-骆驼桥
107.60000000000001,6.849999999999998,1573.3949204545283,3646.060723554373,镇海大道-骆驼桥
107.65,6.824999999999999,1573.7361704545283,3646.110723554373,镇海大道-骆驼桥
107.7,6.800000000000001,1574.0761704545282,3646.160723554373,镇海大道-骆驼桥
107.75,6.775000000000002,1574.414920454528,3646.210723554373,镇海大道-骆驼桥
107.80000000000001,6.7499999999999964,1574.7524204545282,3646.2607235543733,镇海大道-骆驼桥
107.85000000000001,6.724999999999998,1575.0886704545283,3646.310723554373,镇海大道-骆驼桥
107.9,6.699999999999999,1575.4236704545283,3646.360723554373,镇海大道-骆驼桥
107.95,6.675000000000001,1575.7574204545283,3646.410723554373,镇海大道-骆驼桥
108.0,6.650000000000002,1576.0899204545283,3646.460723554373,镇海大道-骆驼桥
108.05000000000001,6.6249999999999964,1576.4211704545282,3646.5107235543733,镇海大道-骆驼桥
108.10000000000001,6.599999999999998,1576.7511704545282,3646.560723554373,镇海大道-骆驼桥
108.15,6.574999999999999,1577.079920454528,3646.610723554373,镇海大道-骆驼桥
108.2,6.550000000000001,1577.4074204545282,3646.660723554373,镇海大道-骆驼桥
108.25,6.525000000000002,1577.7336704545282,3646.710723554373,镇海大道-骆驼桥
108.30000000000001,6.4999999999999964,1578.0586704545283,3646.7607235543733,镇海大道-骆驼桥
108.35000000000001,6.474999999999998,1578.3824204545283,3646.810723554373,镇海大道-骆驼桥
108.4,6.449999999999999,1578.7049204545283,3646.860723554373,镇海大道-骆驼桥
108.45,6.425000000000001,1579.0261704545283,3646.910723554373,镇海大道-骆驼桥
108.5,6.400000000000002,1579.3461704545282,3646.960723554373,镇海大道-骆驼桥
108.55000000000001,6.3749999999999964,1579.664920454528,3647.0107235543733,镇海大道-骆驼桥
108.60000000000001,6.349999999999998,1579.9824204545282,3647.060723554373,镇海大道-骆驼桥
108.65,6.324999999999999,1580.2986704545283,3647.110723554373,镇海大道-骆驼桥
108.7,6.300000000000001,1580.6136704545283,3647.160723554373,镇海大道-骆驼桥
108.75,6.275000000000002,1580.9274204545284,3647.210723554373,镇海大道-骆驼桥
108.80000000000001,6.2499999999999964,1581.2399204545284,3647.2607235543733,镇海大道-骆驼桥
108.85000000000001,6.224999999999998,1581.5511704545283,3647.310723554373,镇海大道-骆驼桥
108.9,6.199999999999999,1581.8611704545283,3647.360723554373,镇海大道-骆驼桥
108.95,6.175000000000001,1582.1699204545282,3647.410723554373,镇海大道-骆驼桥
109.0,6.150000000000002,1582.477420454528,3647.460723554373,镇海大道-骆驼桥
109.05000000000001,6.1249999999999964,1582.7836704545282,3647.5107235543733,镇海大道-骆驼桥
109.10000000000001,6.099999999999998,1583.0886704545283,3647.560723554373,镇海大道-骆驼桥
109.15,6.074999999999999,1583.3924204545283,3647.610723554373,镇海大道-骆驼桥
109.2,6.050000000000001,1583.6949204545283,3647.660723554373,镇海大道-骆驼桥
109.25,6.025000000000002,1583.9961704545283,3647.710723554373,镇海大道-骆驼桥
109.30000000000001,5.9999999999999964,1584.2961704545282,3647.7607235543733,镇海大道-骆驼桥
109.35000000000001,5.974999999999998,1584.5949204545282,3647.810723554373,镇海大道-骆驼桥
109.4,5.949999999999999,1584.892420454528,3647.860723554373,镇海大道-骆驼桥
109.45,5.925000000000001,1585.1886704545282,3647.910723554373,镇海大道-骆驼桥
109.5,5.900000000000002,1585.4836704545282,3647.960723554373,镇海大道-骆驼桥
109.55000000000001,5.8749999999999964,1585.7774204545283,3648.0107235543733,镇海大道-骆驼桥
109.60000000000001,5.849999999999998,1586.0699204545283,3648.060723554373,镇海大道-骆驼桥
109.65,5.824999999999999,1586.3611704545283,3648.110723554373,镇海大道-骆驼桥
109.7,5.800000000000001,1586.6511704545283,3648.160723554373,镇海大道-骆驼桥
109.75,5.775000000000002,1586.9399204545282,3648.210723554373,镇海大道-骆驼桥
109.80000000000001,5.7499999999999964,1587.227420454528,3648.2607235543733,镇海大道-骆驼桥
109.85000000000001,5.724999999999998,1587.5136704545282,3648.310723554373,镇海大道-骆驼桥
109.9,5.699999999999999,1587.7986704545283,3648.360723554373,镇海大道-骆驼桥
109.95,5.675000000000001,1588.0824204545283,3648.410723554373,镇海大道-骆驼桥
110.0,5.650000000000002,1588.3649204545284,3648.460723554373,镇海大道-骆驼桥
110.05000000000001,5.6249999999999964,1588.6461704545284,3648.5107235543733,镇海大道-骆驼桥
110.10000000000001,5.599999999999998,1588.9261704545283,3648.560723554373,镇海大道-骆驼桥
110.15,5.574999999999999,1589.2049204545283,3648.610723554373,镇海大道-骆驼桥
110.2,5.550000000000001,1589.4824204545282,3648.660723554373,镇海大道-骆驼桥
110.25,5.525000000000002,1589.758670454528,3648.710723554373,镇海大道-骆驼桥
110.30000000000001,5.4999999999999964,1590.0336704545282,3648.7607235543733,镇海大道-骆驼桥
110.35000000000001,5.474999999999998,1590.3074204545283,3648.810723554373,镇海大道-骆驼桥
110.4,5.449999999999999,1590.5799204545283,3648.860723554373,镇海大道-骆驼桥
110.45,5.425000000000001,1590.8511704545283,3648.910723554373,镇海大道-骆驼桥
110.5,5.400000000000002,1591.1211704545283,3648.960723554373,镇海大道-骆驼桥
110.55000000000001,5.3749999999999964,1591.3899204545282,3649.0107235543733,镇海大道-骆驼桥
110.60000000000001,5.349999999999998,1591.6574204545282,3649.060723554373,镇海大道-骆驼桥
110.65,5.324999999999999,1591.923670454528,3649.110723554373,镇海大道-骆驼桥
110.7,5.300000000000001,1592.1886704545282,3649.160723554373,镇海大道-骆驼桥
110.75,5.275000000000002,1592.4524204545282,3649.210723554373,镇海大道-骆驼桥
110.80000000000001,5.2499999999999964,1592.7149204545283,3649.2607235543733,镇海大道-骆驼桥
110.85000000000001,5.224999999999998,1592.9761704545283,3649.310723554373,镇海大道-骆驼桥
110.9,5.199999999999999,1593.2361704545283,3649.360723554373,镇海大道-骆驼桥
110.95,5.175000000000001,1593.4949204545283,3649.410723554373,镇海大道-骆驼桥
111.0,5.150000000000002,1593.7524204545282,3649.460723554373,镇海大道-骆驼桥
111.05000000000001,5.1249999999999964,1594.008670454528,3649.5107235543733,镇海大道-骆驼桥
111.10000000000001,5.099999999999998,1594.2636704545282,3649.560723554373,镇海大道-骆驼桥
111.15,5.074999999999999,1594.5174204545283,3649.610723554373,镇海大道-骆驼桥
111.2,5.050000000000001,1594.7699204545283,3649.660723554373,镇海大道-骆驼桥
111.25,5.025000000000002,1595.0211704545284,3649.710723554373,镇海大道-骆驼桥
111.30000000000001,4.9999999999999964,1595.2711704545284,3649.7607235543733,镇海大道-骆驼桥
111.35000000000001,4.974999999999998,1595.5199204545283,3649.810723554373,镇海大道-骆驼桥
111.4,4.949999999999999,1595.7674204545283,3649.860723554373,镇海大道-骆驼桥
111.45,4.925000000000001,1596.0136704545282,3649.910723554373,镇海大道-骆驼桥
111.5,4.900000000000002,1596.258670454528,3649.960723554373,镇海大道-骆驼桥
111.55000000000001,4.8749999999999964,1596.5024204545282,3650.0107235543733,镇海大道-骆驼桥
111.60000000000001,4.849999999999998,1596.7449204545283,3650.060723554373,镇海大道-骆驼桥
111.65,4.824999999999999,1596.9861704545283,3650.110723554373,镇海大道-骆驼桥
111.7,4.800000000000001,1597.2261704545283,3650.160723554373,镇海大道-骆驼桥
111.75,4.775000000000002,1597.4649204545283,3650.210723554373,镇海大道-骆驼桥
111.80000000000001,4.7499999999999964,1597.7024204545282,3650.2607235543733,镇海大道-骆驼桥
111.85000000000001,4.724999999999998,1597.9386704545282,3650.310723554373,镇海大道-骆驼桥
111.9,4.699999999999999,1598.173670454528,3650.360723554373,镇海大道-骆驼桥
111.95,4.675000000000001,1598.4074204545282,3650.410723554373,镇海大道-骆驼桥
112.0,4.650000000000002,1598.6399204545282,3650.460723554373,镇海大道-骆驼桥
112.05000000000001,4.6249999999999964,1598.8711704545283,3650.5107235543733,镇海大道-骆驼桥
112.10000000000001,4.599999999999998,1599.1011704545283,3650.560723554373,镇海大道-骆驼桥
112.15,4.574999999999999,1599.3299204545283,3650.610723554373,镇海大道-骆驼桥
112.2,4.550000000000001,1599.5574204545283,3650.660723554373,镇海大道-骆驼桥
112.25,4.525000000000002,1599.7836704545282,3650.710723554373,镇海大道-骆驼桥
112.30000000000001,4.4999999999999964,1600.008670454528,3650.7607235543733,镇海大道-骆驼桥
112.35000000000001,4.474999999999998,1600.2324204545282,3650.810723554373,镇海大道-骆驼桥
112.4,4.449999999999999,1600.4549204545283,3650.860723554373,镇海大道-骆驼桥
112.45,4.425000000000001,1600.6761704545283,3650.910723554373,镇海大道-骆驼桥
112.5,4.400000000000002,1600.8961704545284,3650.960723554373,镇海大道-骆驼桥
112.55000000000001,4.3749999999999964,1601.1149204545284,3651.0107235543733,镇海大道-骆驼桥
112.60000000000001,4.349999999999998,1601.3324204545283,3651.060723554373,镇海大道-骆驼桥
112.65,4.324999999999999,1601.5486704545283,3651.110723554373,镇海大道-骆驼桥
112.7,4.300000000000001,1601.7636704545282,3651.160723554373,镇海大道-骆驼桥
112.75,4.275000000000002,1601.977420454528,3651.210723554373,镇海大道-骆驼桥
112.80000000000001,4.2499999999999964,1602.1899204545282,3651.2607235543733,镇海大道-骆驼桥
112.85000000000001,4.224999999999998,1602.4011704545283,3651.310723554373,镇海大道-骆驼桥
112.9,4.199999999999999,1602.6111704545283,3651.360723554373,镇海大道-骆驼桥
112.95,4.175000000000001,1602.8199204545283,3651.410723554373,镇海大道-骆驼桥
113.0,4.150000000000002,1603.0274204545283,3651.460723554373,镇海大道-骆驼桥
113.05000000000001,4.1249999999999964,1603.2336704545282,3651.5107235543733,镇海大道-骆驼桥
113.10000000000001,4.099999999999998,1603.4386704545282,3651.560723554373,镇海大道-骆驼桥
113.15,4.074999999999999,1603.642420454528,3651.610723554373,镇海大道-骆驼桥
113.2,4.050000000000001,1603.8449204545282,3651.660723554373,镇海大道-骆驼桥
113.25,4.025000000000002,1604.0461704545282,3651.710723554373,镇海大道-骆驼桥
113.30000000000001,3.9999999999999964,1604.2461704545283,3651.7607235543733,镇海大道-骆驼桥
113.35000000000001,3.974999999999998,1604.4449204545283,3651.810723554373,镇海大道-骆驼桥
113.4,3.9499999999999993,1604.6424204545283,3651.860723554373,镇海大道-骆驼桥
113.45,3.9250000000000007,1604.8386704545283,3651.910723554373,镇海大道-骆驼桥
113.5,3.900000000000002,1605.0336704545282,3651.960723554373,镇海大道-骆驼桥
113.55000000000001,3.8749999999999964,1605.227420454528,3652.0107235543733,镇海大道-骆驼桥
113.60000000000001,3.849999999999998,1605.4199204545282,3652.060723554373,镇海大道-骆驼桥
113.65,3.8249999999999993,1605.6111704545283,3652.110723554373,镇海大道-骆驼桥
113.7,3.8000000000000007,1605.8011704545283,3652.160723554373,镇海大道-骆驼桥
113.75,3.775000000000002,1605.9899204545284,3652.210723554373,镇海大道-骆驼桥
113.80000000000001,3.7499999999999964,1606.1774204545284,3652.2607235543733,镇海大道-骆驼桥
113.85000000000001,3.724999999999998,1606.3636704545283,3652.310723554373,镇海大道-骆驼桥
113.9,3.6999999999999993,1606.5486704545283,3652.360723554373,镇海大道-骆驼桥
113.95,3.6750000000000007,1606.7324204545282,3652.410723554373,镇海大道-骆驼桥
114.0,3.650000000000002,1606.914920454528,3652.460723554373,镇海大道-骆驼桥
114.05000000000001,3.6249999999999964,1607.0961704545282,3652.5107235543733,镇海大道-骆驼桥
114.10000000000001,3.599999999999998,1607.2761704545283,3652.560723554373,镇海大道-骆驼桥
114.15,3.5749999999999993,1607.4549204545283,3652.610723554373,镇海大道-骆驼桥
114.2,3.5500000000000007,1607.6324204545283,3652.660723554373,镇海大道-骆驼桥
114.25,3.525000000000002,1607.8086704545283,3652.710723554373,镇海大道-骆驼桥
114.30000000000001,3.4999999999999964,1607.9836704545282,3652.7607235543733,镇海大道-骆驼桥
114.35000000000001,3.474999999999998,1608.1574204545282,3652.810723554373,镇海大道-骆驼桥
114.4,3.4499999999999993,1608.329920454528,3652.860723554373,镇海大道-骆驼桥
114.45,3.4250000000000007,1608.5011704545282,3652.910723554373,镇海大道-骆驼桥
114.5,3.400000000000002,1608.6711704545282,3652.960723554373,镇海大道-骆驼桥
114.55000000000001,3.3749999999999964,1608.8399204545283,3653.0107235543733,镇海大道-骆驼桥
114.60000000000001,3.349999999999998,1609.0074204545283,3653.060723554373,镇海大道-骆驼桥
114.65,3.3249999999999993,1609.1736704545283,3653.110723554373,镇海大道-骆驼桥
114.7,3.3000000000000007,1609.3386704545283,3653.160723554373,镇海大道-骆驼桥
114.75,3.275000000000002,1609.5024204545282,3653.210723554373,镇海大道-骆驼桥
114.80000000000001,3.2499999999999964,1609.664920454528,3653.2607235543733,镇海大道-骆驼桥
114.85000000000001,3.224999999999998,1609.8261704545282,3653.310723554373,镇海大道-骆驼桥
114.9,3.1999999999999993,1609.9861704545283,3653.360723554373,镇海大道-骆驼桥
114.95,3.1750000000000007,1610.1449204545283,3653.410723554373,镇海大道-骆驼桥
115.0,3.150000000000002,1610.3024204545284,3653.460723554373,镇海大道-骆驼桥
115.05000000000001,3.1249999999999964,1610.4586704545284,3653.5107235543733,镇海大道-骆驼桥
115.10000000000001,3.099999999999998,1610.6136704545283,3653.560723554373,镇海大道-骆驼桥
115.15,3.0749999999999993,1610.7674204545283,3653.610723554373,镇海大道-骆驼桥
115.2,3.0500000000000007,1610.9199204545282,3653.660723554373,镇海大道-骆驼桥
115.25,3.025000000000002,1611.071170454528,3653.710723554373,镇海大道-骆驼桥
115.30000000000001,2.9999999999999964,1611.2211704545282,3653.7607235543733,镇海大道-骆驼桥
115.35000000000001,2.974999999999998,1611.3699204545283,3653.810723554373,镇海大道-骆驼桥
115.4,2.9499999999999993,1611.5174204545283,3653.860723554373,镇海大道-骆驼桥
115.45,2.9250000000000007,1611.6636704545283,3653.910723554373,镇海大道-骆驼桥
115.5,2.900000000000002,1611.8086704545283,3653.960723554373,镇海大道-骆驼桥
115.55000000000001,2.8749999999999964,1611.9524204545282,3654.0107235543733,镇海大道-骆驼桥
115.60000000000001,2.849999999999998,1612.0949204545282,3654.060723554373,镇海大道-骆驼桥
115.65,2.8249999999999993,1612.236170454528,3654.110723554373,镇海大道-骆驼桥
115.7,2.8000000000000007,1612.3761704545282,3654.160723554373,镇海大道-骆驼桥
115.75,2.775000000000002,1612.5149204545282,3654.210723554373,镇海大道-骆驼桥
115.80000000000001,2.7499999999999964,1612.6524204545283,3654.2607235543733,镇海大道-骆驼桥
115.85000000000001,2.724999999999998,1612.7886704545283,3654.310723554373,镇海大道-骆驼桥
115.9,2.6999999999999993,1612.9236704545283,3654.360723554373,镇海大道-骆驼桥
115.95,2.6750000000000007,1613.0574204545283,3654.410723554373,镇海大道-骆驼桥
116.0,2.650000000000002,1613.1899204545282,3654.460723554373,镇海大道-骆驼桥
116.05000000000001,2.6249999999999964,1613.321170454528,3654.5107235543733,镇海大道-骆驼桥
116.10000000000001,2.599999999999998,1613.4511704545282,3654.560723554373,镇海大道-骆驼桥
116.15,2.5749999999999993,1613.5799204545283,3654.610723554373,镇海大道-骆驼桥
116.2,2.5500000000000007,1613.7074204545283,3654.660723554373,镇海大道-骆驼桥
116.25,2.525000000000002,1613.8336704545284,3654.710723554373,镇海大道-骆驼桥
116.30000000000001,2.4999999999999964,1613.9586704545284,3654.7607235543733,镇海大道-骆驼桥
116.35000000000001,2.474999999999998,1614.0824204545283,3654.810723554373,镇海大道-骆驼桥
116.4,2.4499999999999993,1614.2049204545283,3654.860723554373,镇海大道-骆驼桥
116.45,2.4250000000000007,1614.3261704545282,3654.910723554373,镇海大道-骆驼桥
116.5,2.400000000000002,1614.446170454528,3654.960723554373,镇海大道-骆驼桥
116.55000000000001,2.3749999999999964,1614.5649204545282,3655.0107235543733,镇海大道-骆驼桥
116.60000000000001,2.349999999999998,1614.6824204545283,3655.060723554373,镇海大道-骆驼桥
116.65,2.3249999999999993,1614.7986704545283,3655.110723554373,镇海大道-骆驼桥
116.7,2.3000000000000007,1614.9136704545283,3655.160723554373,镇海大道-骆驼桥
116.75,2.275000000000002,1615.0274204545283,3655.210723554373,镇海大道-骆驼桥
116.80000000000001,2.2499999999999964,1615.1399204545282,3655.2607235543733,镇海大道-骆驼桥
116.85000000000001,2.224999999999998,1615.2511704545282,3655.310723554373,镇海大道-骆驼桥
116.9,2.1999999999999993,1615.361170454528,3655.360723554373,镇海大道-骆驼桥
116.95,2.1750000000000007,1615.4699204545282,3655.410723554373,镇海大道-骆驼桥
117.0,2.150000000000002,1615.5774204545282,3655.460723554373,镇海大道-骆驼桥
117.05000000000001,2.1249999999999964,1615.6836704545283,3655.5107235543733,镇海大道-骆驼桥
117.10000000000001,2.099999999999998,1615.7886704545283,3655.560723554373,镇海大道-骆驼桥
117.15,2.0749999999999993,1615.8924204545283,3655.610723554373,镇海大道-骆驼桥
117.2,2.0500000000000007,1615.9949204545283,3655.660723554373,镇海大道-骆驼桥
117.25,2.025000000000002,1616.0961704545282,3655.710723554373,镇海大道-骆驼桥
117.30000000000001,1.9999999999999964,1616.196170454528,3655.7607235543733,镇海大道-骆驼桥
117.35000000000001,1.9749999999999979,1616.2949204545282,3655.810723554373,镇海大道-骆驼桥
117.4,1.9499999999999993,1616.3924204545283,3655.860723554373,镇海大道-骆驼桥
117.45,1.9250000000000007,1616.4886704545283,3655.910723554373,镇海大道-骆驼桥
117.5,1.9000000000000021,1616.5836704545284,3655.960723554373,镇海大道-骆驼桥
117.55000000000001,1.8749999999999964,1616.6774204545284,3656.0107235543733,镇海大道-骆驼桥
117.60000000000001,1.8499999999999979,1616.7699204545283,3656.060723554373,镇海大道-骆驼桥
117.65,1.8249999999999993,1616.8611704545283,3656.110723554373,镇海大道-骆驼桥
117.7,1.8000000000000007,1616.9511704545282,3656.160723554373,镇海大道-骆驼桥
117.75,1.7750000000000021,1617.039920454528,3656.210723554373,镇海大道-骆驼桥
117.80000000000001,1.7499999999999964,1617.1274204545282,3656.2607235543733,镇海大道-骆驼桥
117.85000000000001,1.7249999999999979,1617.2136704545283,3656.310723554373,镇海大道-骆驼桥
117.9,1.6999999999999993,1617.2986704545283,3656.360723554373,镇海大道-骆驼桥
117.95,1.6750000000000007,1617.3824204545283,3656.410723554373,镇海大道-骆驼桥
118.0,1.6500000000000021,1617.4649204545283,3656.460723554373,镇海大道-骆驼桥
118.05000000000001,1.6249999999999964,1617.5461704545282,3656.5107235543733,镇海大道-骆驼桥
118.10000000000001,1.5999999999999979,1617.6261704545282,3656.560723554373,镇海大道-骆驼桥
118.15,1.5749999999999993,1617.704920454528,3656.610723554373,镇海大道-骆驼桥
118.2,1.5500000000000007,1617.7824204545282,3656.660723554373,镇海大道-骆驼桥
118.25,1.5250000000000021,1617.8586704545282,3656.710723554373,镇海大道-骆驼桥
118.30000000000001,1.4999999999999964,1617.9336704545283,3656.7607235543733,镇海大道-骆驼桥
118.35000000000001,1.4749999999999979,1618.0074204545283,3656.810723554373,镇海大道-骆驼桥
118.4,1.4499999999999993,1618.0799204545283,3656.860723554373,镇海大道-骆驼桥
118.45,1.4250000000000007,1618.1511704545283,3656.910723554373,镇海大道-骆驼桥
118.5,1.4000000000000021,1618.2211704545282,3656.960723554373,镇海大道-骆驼桥
118.55000000000001,1.3749999999999964,1618.289920454528,3657.0107235543733,镇海大道-骆驼桥
118.60000000000001,1.3499999999999979,1618.3574204545282,3657.060723554373,镇海大道-骆驼桥
118.65,1.3249999999999993,1618.4236704545283,3657.110723554373,镇海大道-骆驼桥
118.7,1.3000000000000007,1618.4886704545283,3657.160723554373,镇海大道-骆驼桥
118.75,1.2750000000000021,1618.5524204545284,3657.210723554373,镇海大道-骆驼桥
118.80000000000001,1.2499999999999964,1618.6149204545284,3657.2607235543733,镇海大道-骆驼桥
118.85000000000001,1.2249999999999979,1618.6761704545283,3657.310723554373,镇海大道-骆驼桥
118.9,1.1999999999999993,1618.7361704545283,3657.360723554373,镇海大道-骆驼桥
118.95,1.1750000000000007,1618.7949204545282,3657.410723554373,镇海大道-骆驼桥
119.0,1.1500000000000021,1618.852420454528,3657.460723554373,镇海大道-骆驼桥
119.05000000000001,1.1249999999999964,1618.9086704545282,3657.5107235543733,镇海大道-骆驼桥
119.10000000000001,1.0999999999999979,1618.9636704545283,3657.560723554373,镇海大道-骆驼桥
119.15,1.0749999999999993,1619.0174204545283,3657.610723554373,镇海大道-骆驼桥
119.2,1.0500000000000007,1619.0699204545283,3657.660723554373,镇海大道-骆驼桥
119.25,1.0250000000000021,1619.1211704545283,3657.710723554373,镇海大道-骆驼桥
119.30000000000001,0.9999999999999964,1619.1711704545282,3657.7607235543733,镇海大道-骆驼桥
119.35000000000001,0.9749999999999979,1619.2199204545282,3657.810723554373,镇海大道-骆驼桥
119.4,0.9499999999999993,1619.267420454528,3657.860723554373,镇海大道-骆驼桥
119.45,0.9250000000000007,1619.3136704545282,3657.910723554373,镇海大道-骆驼桥
119.5,0.9000000000000021,1619.3586704545282,3657.960723554373,镇海大道-骆驼桥
119.55000000000001,0.8749999999999964,1619.4024204545283,3658.0107235543733,镇海大道-骆驼桥
119.60000000000001,0.8499999999999979,1619.4449204545283,3658.060723554373,镇海大道-骆驼桥
119.65,0.8249999999999993,1619.4861704545283,3658.110723554373,镇海大道-骆驼桥
119.7,0.8000000000000007,1619.5261704545283,3658.160723554373,镇海大道-骆驼桥
119.75,0.7750000000000021,1619.5649204545282,3658.210723554373,镇海大道-骆驼桥
119.80000000000001,0.7499999999999964,1619.602420454528,3658.2607235543733,镇海大道-骆驼桥
119.85000000000001,0.7249999999999979,1619.6386704545282,3658.310723554373,镇海大道-骆驼桥
119.9,0.6999999999999993,1619.6736704545283,3658.360723554373,镇海大道-骆驼桥
119.95,0.6750000000000007,1619.7074204545283,3658.410723554373,镇海大道-骆驼桥
120.0,0.6500000000000021,1619.7399204545284,3658.460723554373,镇海大道-骆驼桥
120.05000000000001,0.6249999999999964,1619.7711704545284,3658.5107235543733,镇海大道-骆驼桥
120.10000000000001,0.5999999999999979,1619.8011704545283,3658.560723554373,镇海大道-骆驼桥
120.15,0.5749999999999993,1619.8299204545283,3658.610723554373,镇海大道-骆驼桥
120.2,0.5500000000000007,1619.8574204545282,3658.660723554373,镇海大道-骆驼桥
120.25,0.5250000000000021,1619.883670454528,3658.710723554373,镇海大道-骆驼桥
120.30000000000001,0.49999999999999645,1619.9086704545282,3658.7607235543733,镇海大道-骆驼桥
120.35000000000001,0.47499999999999787,1619.9324204545283,3658.810723554373,镇海大道-骆驼桥
120.4,0.4499999999999993,1619.9549204545283,3658.860723554373,镇海大道-骆驼桥
120.45,0.4250000000000007,1619.9761704545283,3658.910723554373,镇海大道-骆驼桥
120.5,0.40000000000000213,1619.9961704545283,3658.960723554373,镇海大道-骆驼桥
120.55000000000001,0.37499999999999645,1620.0149204545282,3659.0107235543733,镇海大道-骆驼桥
120.60000000000001,0.34999999999999787,1620.0324204545282,3659.060723554373,镇海大道-骆驼桥
120.65,0.3249999999999993,1620.048670454528,3659.110723554373,镇海大道-骆驼桥
120.7,0.3000000000000007,1620.0636704545282,3659.160723554373,镇海大道-骆驼桥
120.75,0.27500000000000213,1620.0774204545282,3659.210723554373,镇海大道-骆驼桥
120.80000000000001,0.24999999999999645,1620.0899204545283,3659.2607235543733,镇海大道-骆驼桥
120.85000000000001,0.22499999999999787,1620.1011704545283,3659.310723554373,镇海大道-骆驼桥
120.9,0.1999999999999993,1620.1111704545283,3659.360723554373,镇海大道-骆驼桥
120.95,0.1750000000000007,1620.1199204545283,3659.410723554373,镇海大道-骆驼桥
121.0,0.15000000000000213,1620.1274204545282,3659.460723554373,镇海大道-骆驼桥
121.05000000000001,0.12499999999999645,1620.133670454528,3659.5107235543733,镇海大道-骆驼桥
121.10000000000001,0.09999999999999787,1620.1386704545282,3659.560723554373,镇海大道-骆驼桥
121.15,0.07499999999999929,1620.1424204545283,3659.610723554373,镇海大道-骆驼桥
121.2,0.05000000000000071,1620.1449204545283,3659.660723554373,镇海大道-骆驼桥
121.25,0.02500000000000213,1620.1461704545284,3659.710723554373,镇海大道-骆驼桥
121.30000000000001,0.0,1620.1461704545284,3659.7607235543733,镇海大道-骆驼桥
