time_s,dist_m,velocity_mps,velocity_kmh
0.0,0.0,0.011936503831243714,0.04297141379247737
0.05,0.0016885704195138637,0.05560631294931082,0.20018272661751896
0.1,0.0054550473645567366,0.0950527648524041,0.3421899534686548
0.15000000000000002,0.011100239260067528,0.1307549109680275,0.470717679484899
0.2,0.01844890710236034,0.16319180272368494,0.5874904898052659
0.25,0.027349764459124473,0.19284249154688043,0.6942329695687696
0.30000000000000004,0.03767547746942443,0.2201860288651179,0.7926697039144245
0.35000000000000003,0.049322664843699945,0.24570146610590268,0.8845252779812497
0.4,0.06218775314091243,0.2689020657825969,0.9680474368173488
0.45,0.076258442696385,0.2939255164363057,1.0581318591707005
0.5,0.09156701010532278,0.31841717992120533,1.1463018477163391
0.55,0.10808112313521055,0.34214734127430524,1.2317304285874988
0.6000000000000001,0.12576505826200937,0.3652100637976472,1.31475622967153
0.65,0.14458662797446248,0.3876527247004772,1.395549808921718
0.7000000000000001,0.16451663547605108,0.4095475753630673,1.4743712713070423
0.75,0.18553243921723458,0.4310845742842727,1.5519044674233817
0.8,0.20761651242009832,0.452278353830276,1.6282020737889935
0.8500000000000001,0.23075364027568218,0.47320676039307885,1.7035443374150838
0.9,0.25493497117159136,0.49404647544328784,1.7785673115958363
0.9500000000000001,0.2801576218157166,0.5148595503217215,1.8534943811581974
1.0,0.30642433603389646,0.5358090184054736,1.9289124662597048
1.05,0.3337429415736059,0.556935203182905,2.0049667314584583
1.1,0.36212329162383233,0.5782787988261514,2.081803675774145
1.1500000000000001,0.39157967746228456,0.5999766347119385,2.1599158849629787
1.2000000000000002,0.42213424733179716,0.6222061600685647,2.239942176246833
1.25,0.4538066153826131,0.6446885619640714,2.3208788230706574
1.3,0.4866166618454538,0.667713296549558,2.403767867578409
1.35,0.5205911937187429,0.6912679783820044,2.488564722175216
1.4000000000000001,0.5557571379053803,0.7153697890834942,2.5753312407005793
1.4500000000000002,0.592144675300063,0.7401317067038149,2.6644741441337336
1.5,0.6297839010409712,0.7654373229325103,2.755574362557037
1.55,0.668701653754969,0.7912727856274044,2.8485820282586563
1.6,0.7089276310710357,0.8177663070152658,2.943958705254957
1.6500000000000001,0.7504909629258615,0.8447669671777621,3.0411610818399435
1.7000000000000002,0.7934173932429733,0.8722902455067141,3.1402448838241708
1.75,0.837732045573111,0.9002958476987937,3.2410650517156574
1.8,0.8834568948462341,0.9286981232261305,3.34331324361407
1.85,0.9306119841265583,0.9575054479868373,3.4470196127526145
1.9000000000000001,0.9792183978546253,0.9867511011358416,3.55230396408903
1.9500000000000002,1.0292927495057387,1.016222964908697,3.658402673671309
2.0,1.080847132072908,1.0459523377780762,3.7654284160010745
2.0500000000000003,1.1338899796886877,1.0757615668531069,3.872741640671185
2.1,1.1884210224102507,1.105480142009414,3.9797285112338905
2.15,1.2444358422980868,1.1351126535040263,4.086405552614495
2.2,1.3019284070298682,1.1645899357672351,4.1925237687620465
2.25,1.3608883890723287,1.1938093459311787,4.2977136453522435
2.3000000000000003,1.4213063235915055,1.2229080348358972,4.40246892540923
2.35,1.4831738787778177,1.2517941726165864,4.506459021419711
2.4000000000000004,1.546481587017216,1.2805141569593472,4.60985096505365
2.45,1.6112250897352238,1.3092259517609668,4.713213426339481
2.5,1.677402332463862,1.3378637573845589,4.816309526584412
2.5500000000000003,1.745009462248986,1.3664214340204026,4.91911716247345
2.6,1.8140458433329156,1.395033809336779,5.022121713612404
2.6500000000000004,1.8845106827954226,1.4235597691634987,5.1248151689885955
2.7,1.9564003686313214,1.4520276642724514,5.227299591380826
2.75,2.0297126680018702,1.4804643105494968,5.329671517978189
2.8000000000000003,2.1044443401333868,1.5088025747111646,5.431689268960193
2.85,2.180591595424222,1.5370876369222566,5.533515492920124
2.9000000000000004,2.2581531529011207,1.5653746621536824,5.6353487837532565
2.95,2.337126327350874,1.5935523158364415,5.736788337011189
3.0,2.417510005277799,1.6217948012405705,5.838461284466054
3.0500000000000003,2.4993057970500336,1.6500368696488132,5.940132730735728
3.1,2.5825133739305484,1.678266205571774,6.0417583400583865
3.1500000000000004,2.6671346752299208,1.7065858464031143,6.143709047051211
3.2,2.7531737428607173,1.7349768588287398,6.245916691783464
3.25,2.840631415705555,1.763330054964766,6.347988197873158
3.3000000000000003,2.929508380643246,1.7917485425428743,6.450294753154347
3.35,3.0198040337227616,1.8200775806377494,6.552279290295898
3.4000000000000004,3.111513011689773,1.8482815380427158,6.653813536953777
3.45,3.2046320060401166,1.8764782359710233,6.755321649495684
3.5,3.299158364572276,1.9045761053153578,6.856473979135289
3.5500000000000003,3.3950861352636523,1.9325347223396931,6.957125000422895
3.6,3.4924108183611793,1.9604526015613877,7.057629365620996
3.6500000000000004,3.5911264668504157,1.988173338008075,7.15742401682907
3.7,3.691226255200511,2.015818195995739,7.256945505584661
3.75,3.7927060918600146,2.043375270384412,7.356150973383883
3.8000000000000003,3.895560844756596,2.070814845478847,7.454933443723849
3.85,3.999787920757731,2.098268194566562,7.553765500439623
3.9000000000000004,4.105390284565773,2.1258263577551118,7.652974887918402
3.95,4.212370734932192,2.1533916569016633,7.752209964845989
4.0,4.320733534525534,2.181120326831984,7.8520331765951425
4.05,4.430485611200086,2.208962740150098,7.952265864540354
4.1000000000000005,4.541631696379542,2.2368806670281387,8.0527704013013
4.15,4.65417986757046,2.2650461806085613,8.154166250190821
4.2,4.76814258001403,2.2934623171342214,8.256464341683197
4.25,4.883530702216795,2.3220625709763967,8.359425255515028
4.3,5.00035579492489,2.3509411373473883,8.463388094450599
4.3500000000000005,5.118628169398846,2.3799538416108357,8.567833829799008
4.4,5.23835502925026,2.4091205524457315,8.672833988804634
4.45,5.359544640106716,2.4384638818124964,8.778469974524988
4.5,5.482204061429656,2.4679129711051253,8.88448669597845
4.55,5.60633949900798,2.4975045320278286,8.991016315300183
4.6000000000000005,5.73195966466366,2.5273020941993676,9.098287539117724
4.65,5.859070547014983,2.55713319985355,9.205679519472781
4.7,5.987675356663907,2.587059186103417,9.313413069972302
4.75,6.117776460667982,2.6169849740596134,9.421145906614608
4.800000000000001,6.2493708928288205,2.646792312373917,9.528452324546102
4.8500000000000005,6.382454345023813,2.676545775425789,9.63556479153284
4.9,6.51702380392274,2.70623258053129,9.742437289912644
4.95,6.653072159967419,2.735701661255878,9.848525980521162
5.0,6.79059045381902,2.7650300928081633,9.954108334109389
5.050000000000001,6.929569260096745,2.79412215830085,10.05883976988306
5.1000000000000005,7.069994763791879,2.8228979895045025,10.16243276221621
5.15,7.211853349402588,2.851445434923862,10.265203565725903
5.2,7.355132523705263,2.879721537183146,10.366997533859326
5.25,7.499818305481243,2.9077097338560507,10.467755041881782
5.300000000000001,7.645900614674744,2.9355826338839677,10.568097481982283
5.3500000000000005,7.793371393287973,2.963248510645197,10.66769463832271
5.4,7.942223066924646,2.9908184348216915,10.76694636535809
5.45,8.092452891128591,3.0183745333361163,10.86614832001002
5.5,8.244058783069729,3.04586114430938,10.965100119513767
5.550000000000001,8.397040415999147,3.0734041728673542,11.064255022322476
5.6000000000000005,8.551403010826007,3.1010996202070373,11.163958632745334
5.65,8.707151097806555,3.1288238590148776,11.26376589245356
5.7,8.864288127791157,3.1566573403691884,11.363966425329078
5.75,9.022818794292855,3.1845693196986824,11.464449550915257
5.800000000000001,9.182744080914366,3.2124421451618104,11.564791722582518
5.8500000000000005,9.344064387999628,3.240370138248669,11.665332497695209
5.9,9.506781386432978,3.2683097990853,11.76591527670708
5.95,9.670893279578692,3.2961659267432877,11.866197336275835
6.0,9.83639890713317,3.32405917543577,11.966613031568773
6.050000000000001,10.003297993682782,3.3519042865487343,12.066855431575444
6.1000000000000005,10.171588467374365,3.3797146611145594,12.166972780012415
6.15,10.341271474266536,3.4076056145723093,12.267380212460314
6.2,10.512349292503087,3.435507114889747,12.36782561360309
6.25,10.684822125278098,3.463406196110652,12.468262305998348
6.300000000000001,10.858691465149773,3.4913673987563603,12.568922635522897
6.3500000000000005,11.033957646193633,3.5192798429980225,12.669407434792882
6.4,11.210619770993233,3.5472051489859764,12.769938536349516
6.45,11.38867955364735,3.5751861571787216,12.870670165843398
6.5,11.568136349156763,3.6030856631977843,12.971108387512023
6.550000000000001,11.748987999862484,3.630980365031033,13.07152931411172
6.6000000000000005,11.931235440079998,3.658917243669512,13.172102077210242
6.65,12.114877984413983,3.68678452968987,13.272424306883533
6.7,12.299914315243498,3.7146687034907613,13.37280733256674
6.75,12.4863449947962,3.7425584786172745,13.473210523022189
6.800000000000001,12.674168512858529,3.7703822438759036,13.573376077953252
6.8500000000000005,12.863383701913087,3.798225318306402,13.673611145903047
6.9,13.053991218031376,3.826075326425191,13.773871175130688
6.95,13.245988671477946,3.8538228114376336,13.873762121175481
7.0,13.43937472155342,3.8816191915813785,13.973829089692963
7.050000000000001,13.63415033388005,3.909405301483849,14.073859085341857
7.1000000000000005,13.830315182711942,3.937188651791807,14.173879146450506
7.15,14.027871351475971,3.965058098769328,14.274209155569581
7.2,14.226819021246197,3.9928486920396566,14.374255291342765
7.25,14.427155087744804,4.020593967904618,14.474138284456624
7.300000000000001,14.628879897237912,4.0483984118196545,14.574234282550757
7.3500000000000005,14.83199353777871,4.076147209812209,14.674129955323954
7.4,15.036495074228595,4.103914248183204,14.774091293459536
7.45,15.242385698946817,4.131710740545672,14.87415866596442
7.5,15.449662565558969,4.159363923940386,14.973710126185392
7.550000000000001,15.658320983572754,4.186972796611024,15.073102067799688
7.6000000000000005,15.868361124824172,4.214632853445732,15.172678272404635
7.65,16.079782440886937,4.242219789064798,15.271991240633273
7.7,16.29258374413776,4.269832340968115,15.371396427485214
7.75,16.506766511861063,4.29747836796395,15.47092212467022
7.800000000000001,16.72232969386645,4.325048912251473,15.570176084105304
7.8500000000000005,16.939271554110533,4.352625497511898,15.669451791042833
7.9,17.157590601369368,4.380136392841417,15.768491014229102
7.95,17.377282157178186,4.407525839511335,15.867093022240805
8.0,17.59834341309462,4.434924397146027,15.965727829725697
8.05,17.820773378174103,4.462274206033156,16.064187141719362
8.1,18.04457069834763,4.489618600907896,16.162626963268426
8.15,18.269736936157717,4.517030911495528,16.2613112813839
8.200000000000001,18.49627245191363,4.5443897187409625,16.359802987467464
8.25,18.724177074220677,4.571795173540919,16.45846262474731
8.3,18.953456276587502,4.599372921132071,16.557742516075457
8.35,19.18411541703088,4.62699269660311,16.657173707771197
8.4,19.416158298891876,4.654722577836705,16.75700128021214
8.450000000000001,19.649591515561298,4.682606088940164,16.857381920184594
8.5,19.88441867808319,4.710480411935544,16.95772948296796
8.55,20.1206417860189,4.738443905492876,17.058398059774355
8.6,20.358266242604138,4.766534357916642,17.159523688499913
8.65,20.597294447753,4.794593848037822,17.26053785293616
8.700000000000001,20.837727567884187,4.822730957209645,17.36183144595472
8.75,21.079568083312115,4.850889659907439,17.463202775666783
8.8,21.322814778077465,4.878978130706618,17.564321270543825
8.85,21.5674674547401,4.907128935798841,17.66566416887583
8.9,21.813526829076192,4.935246037644813,17.766885735521328
8.950000000000001,22.06099002018816,4.963281606833879,17.867813784601967
9.0,22.309855827988024,4.99135070516068,17.96886253857845
9.05,22.560122977148634,5.019335261263712,18.069606940549363
9.1,22.811788205907362,5.047273889085474,18.17018600070771
9.15,23.064852026903406,5.075278950756239,18.27100422272246
9.200000000000001,23.319313750018896,5.103189973863358,18.37148390590809
9.25,23.5751700250873,5.131061028872774,18.47181970394199
9.3,23.832421244035434,5.1589877290526065,18.572355824589383
9.35,24.091066344920772,5.186816306360939,18.67253870289938
9.4,24.3511007495424,5.214559878504122,18.772415562614842
9.450000000000001,24.61252043832226,5.242227672690209,18.872019621684753
9.5,24.875318065053616,5.269677396564022,18.97083862763048
9.55,25.139486949533477,5.297077982630495,19.06948073746978
9.600000000000001,25.405024967090878,5.324442719665573,19.167993790796064
9.65,25.671927378511587,5.351653737162814,19.265953453786132
9.700000000000001,25.94018969654786,5.378838984288162,19.363820343437386
9.75,26.20981036243862,5.405987651342249,19.4615555448321
9.8,26.480787755859865,5.433108085507576,19.559189107827272
9.850000000000001,26.753124575316637,5.460364692763242,19.65731289394767
9.9,27.026823487146135,5.487591780416756,19.755330409500324
9.950000000000001,27.301883712665543,5.514817240359513,19.853342065294246
10.0,27.578307361197695,5.542128700926597,19.951663323335747
10.05,27.856095065353745,5.5693794653154,20.04976607513544
10.100000000000001,28.135243073326315,5.59654085358731,20.147547072914318
10.15,28.415748748934185,5.623686170727439,20.24527021461878
10.200000000000001,28.69760724318882,5.650653599457953,20.34235295804863
10.25,28.98081252667362,5.677557739934013,20.439207863762448
10.3,29.265363324380274,5.704474168332171,20.536107005995817
10.350000000000001,29.551256471732817,5.731251725769512,20.632506212770245
10.4,29.838487451541063,5.757987466560391,20.72875487961741
10.450000000000001,30.127055485229988,5.7847338809965745,20.82504197158767
10.5,30.416958822291818,5.811399601476632,20.921038565315875
10.55,30.708197019733895,5.838128296206476,21.017261866343315
10.600000000000001,31.00077316646477,5.8649175730286185,21.113703262903027
10.65,31.294688969270915,5.8917145392171255,21.210172341181654
10.700000000000001,31.589947259378707,5.918617065094519,21.30702143434027
10.75,31.88655107545072,5.945535577785886,21.403928080029193
10.8,32.18450039617781,5.972437251297927,21.500774104672537
10.850000000000001,32.48379802240543,5.999467797806908,21.598084072104868
10.9,32.784446360673584,6.026465732919236,21.695276638509252
10.950000000000001,33.08644468867565,6.05346738716343,21.792482593788346
11.0,33.3897954303899,6.080562281406609,21.890024213063793
11.05,33.69449936362324,6.107595047926891,21.987342172536806
11.100000000000001,34.00055394729645,6.134588299001779,22.084517876406405
11.15,34.30795892127243,6.161610660037385,22.181798376134587
11.200000000000001,34.6167118123241,6.1885049820294125,22.278617935305885
11.25,34.92680857201916,6.215365405773143,22.375315460783316
11.3,35.23825059478446,6.242315504838836,22.47233581741981
11.350000000000001,35.55103885835964,6.269215038168261,22.569174137405742
11.4,35.86517252788308,6.2961317427694885,22.66607427397016
11.450000000000001,36.18065233771974,6.32306065069681,22.763018342508516
11.5,36.49747712369943,6.349930788490683,22.85975083856646
11.55,36.815648215768014,6.37691289425258,22.95688641930929
11.600000000000001,37.135166585842164,6.4038219087133585,23.053758871368093
11.65,37.45602966691399,6.430701334159874,23.150524802975546
11.700000000000001,37.778238406999634,6.457648269265768,23.247533769356764
11.75,38.10179392694592,6.484572528585836,23.344461102909012
11.8,38.42669476878588,6.5114611450123645,23.44126012204451
11.850000000000001,38.752942646216624,6.5384539522173775,23.53843422798256
11.9,39.08053840555047,6.565376421136579,23.635355116091684
11.950000000000001,39.40947861021479,6.592231765436212,23.732034355570363
12.0,39.73976222311737,6.619112750666781,23.82880590240041
12.05,40.07138695250356,6.64587642478102,23.92515512921167
12.100000000000001,40.40434811887916,6.672570230243272,24.02125282887578
12.15,40.73864449543074,6.699284831819822,24.11742539455136
12.200000000000001,41.074273878211834,6.725890479423921,24.213205725926116
12.25,41.41123411006291,6.752518794619068,24.309067660628646
12.3,41.74952784886512,6.7792307574694535,24.405230726890032
12.350000000000001,42.089159664475744,6.806041866955452,24.501750721039627
12.4,42.430137561585234,6.833074017424124,24.59906646272685
12.450000000000001,42.772472175604186,6.860310543333924,24.697117956002128
12.5,43.11617193089819,6.887679668426242,24.79564680633447
12.55,43.46124753682828,6.915344568777445,24.895240447598802
12.600000000000001,43.80770908379359,6.943117309835,24.995222315406
12.65,44.15556134125591,6.970972988657884,25.095502759168383
12.700000000000001,44.50481112670409,6.999018429269259,25.19646634536933
12.75,44.85546540480039,7.027152694582623,25.29774970049744
12.8,45.2075276317277,7.05533638250974,25.399210977035064
12.850000000000001,45.56100216399482,7.083644908175195,25.501121669430702
12.9,45.91589140382344,7.11192468496956,25.60292886589042
12.950000000000001,46.27219499414143,7.140218927750147,25.70478813990053
13.0,46.62991659644102,7.1686451642336095,25.807122591240994
13.05,46.98905849661632,7.197030842778501,25.909311034002606
13.100000000000001,47.34961927977876,7.225400483718941,26.01144174138819
13.15,47.71159708483253,7.253711718432184,26.113362186355864
13.200000000000001,48.07498514468411,7.281810675630966,26.21451843227148
13.25,48.439776542459306,7.309845235376654,26.315442847355957
13.3,48.80596532332729,7.337705999342941,26.41574159763459
13.350000000000001,49.173541905432174,7.365357284852259,26.51528622546813
13.4,49.5424981531338,7.392892623212713,26.61441344356577
13.450000000000001,49.91282605560004,7.420223475437064,26.71280451157343
13.5,50.28451099772848,7.447174209700528,26.8098271549219
13.55,50.657537208577885,7.47387422427561,26.905947207392195
13.600000000000001,51.03188973770519,7.500226940816729,27.000816986940226
13.65,51.40755304505411,7.526305353139923,27.094699271303725
13.700000000000001,51.784518782749174,7.552324154662681,27.188366956785654
13.75,52.162782815476845,7.578237154444261,27.28165375599934
13.8,52.542340442213685,7.6040679150293435,27.374644494105638
13.850000000000001,52.923192300122885,7.630006401338611,27.468023044819
13.9,53.305342572329515,7.656004486926623,27.561616152935844
13.950000000000001,53.68879860575225,7.682236849982625,27.65605265993745
14.0,54.07357489706829,7.708814802659123,27.751733289572844
14.05,54.4596879929012,7.7357090306572305,27.84855251036603
14.100000000000001,54.847157240258284,7.763060863626095,27.947019109053944
14.15,55.236007012615154,7.790930030648728,28.047348110335424
14.200000000000001,55.626261005457614,7.819229683049675,28.149226858978828
14.25,56.01794830226963,7.848262189430903,28.25374388195125
14.3,56.41110615783583,7.878052033217296,28.360987319582264
14.350000000000001,56.80577451682676,7.908682326419676,28.471256375110833
14.4,57.20200127345465,7.94038793869597,28.585396579305492
14.450000000000001,57.5998392615006,7.973131583142031,28.703273699311314
14.5,57.99933927383696,8.00686891031238,28.824728077124565
14.55,58.40055577951912,8.041791316974022,28.95044874110648
14.600000000000001,58.803544126631635,8.077742567526647,29.07987324309593
14.65,59.208355310965935,8.114704805845196,29.212937301042707
14.700000000000001,59.615042162329466,8.152769248696107,29.349969295305986
14.75,60.023654677175955,8.191731345163554,29.490232842588792
14.8,60.43423703956652,8.231563150458918,29.633627341652105
14.850000000000001,60.84683423656779,8.272324729591908,29.78036902653087
14.9,61.26148759129077,8.31380945932766,29.929714053579573
14.950000000000001,61.678234583247125,8.35607021892628,30.08185278813461
15.0,62.097110054514616,8.39894863177321,30.23621507438356
15.05,62.51813913284707,8.442214501524804,30.391972205489296
15.100000000000001,62.9413415847029,8.485883572708467,30.549180861750482
15.15,63.36673463032329,8.529838252107409,30.70741770758667
15.200000000000001,63.79432601404566,8.57381709678729,30.865741548434244
15.25,64.22411835267839,8.617876448521631,31.024355214677872
15.3,64.65610986465583,8.661784030576126,31.18242251007405
15.350000000000001,65.09029003942209,8.70542296007393,31.339522656266148
15.4,65.52664821055109,8.748903885085928,31.49605398630934
15.450000000000001,65.96517442198885,8.792144572424714,31.65172046072897
15.5,66.40585390584609,8.835034781864847,31.80612521471345
15.55,66.84867287771552,8.877724092912441,31.95980673448479
15.600000000000001,67.2936163952997,8.920016610454647,32.11205979763673
15.65,67.74066512632103,8.961932630398914,32.262957469436095
15.700000000000001,68.1898020322574,9.003543607056192,32.4127569854023
15.75,68.64100963759277,9.044760606358444,32.5611381828904
15.8,69.09427045199067,9.085671969557493,32.70841909040698
15.850000000000001,69.54957258247099,9.126413249655082,32.8550876987583
15.9,70.00690363398586,9.166828810939496,33.000583719382185
15.950000000000001,70.46625253334867,9.20712716357276,33.14565778886194
16.0,70.92761252814765,9.247272628386618,33.290181462191825
16.05,71.39097512373006,9.287231194910044,33.43403230167616
16.1,71.85633499906048,9.327163818306545,33.577789745903566
16.150000000000002,72.32368935093697,9.367010256753066,33.721236924311036
16.2,72.79302819568362,9.406543533112629,33.86355671920546
16.25,73.2643394536563,9.4459067857951,34.00526442886236
16.3,73.73761045206243,9.484933150449617,34.14575934161862
16.35,74.2128241440158,9.52361452768509,34.28501229966633
16.400000000000002,74.68996876137517,9.56217016668959,34.42381260008253
16.45,75.16903694619738,9.600557226198646,34.56200601431512
16.5,75.65001949017412,9.638744532870913,34.69948031833529
16.55,76.13291130308072,9.676927983393405,34.83694074021626
16.6,76.61770932535201,9.714992907458122,34.97397446684924
16.650000000000002,77.10441137015616,9.753088884707848,35.11111998494825
16.7,77.59301998075001,9.791255539046345,35.248519940566844
16.75,78.08353574543467,9.82937504834022,35.38575017402479
16.8,78.57595636487615,9.86744972931867,35.522819025547214
16.85,79.07028001171932,9.905496144408403,35.659786119870255
16.900000000000002,79.56650174460054,9.943373170840847,35.796143415027046
16.95,80.06461782551519,9.981270065744622,35.93257223668064
17.0,80.5646268273413,10.019090007299916,36.068724026279696
17.05,81.06652168628688,10.056704350523153,36.204135661883356
17.1,81.57029473225126,10.094217488051793,36.339182956986456
17.150000000000002,82.07593941535762,10.131569836202864,36.47365141033031
17.2,82.58344354425037,10.168595319506984,36.60694315022514
17.25,83.09279390190258,10.205418986581353,36.739508351692876
17.3,83.60397683096934,10.24189817608922,36.87083343392119
17.35,84.11697459088533,10.278012220550405,37.00084399398146
17.400000000000002,84.6317701873437,10.313811637784408,37.12972189602387
17.45,85.1483451363853,10.349186323879355,37.25707076596568
17.5,85.66667708553808,10.38409164223194,37.38272991203499
17.55,86.1867474782408,10.418724065877043,37.50740663715736
17.6,86.70853936595198,10.45295144256972,37.63062519325099
17.650000000000002,87.23203303060245,10.486795143449227,37.75246251641722
17.7,87.75720574708151,10.520113515713536,37.87240865656873
17.75,88.2840275447006,10.552758389050027,37.9899302005801
17.8,88.81246861763333,10.584884528259106,38.10558430173278
17.85,89.34250619003646,10.616618367866288,38.21982612431864
17.900000000000002,89.8741187743936,10.647885006418965,38.33238602310828
17.95,90.40728742205798,10.678860900156224,38.44389924056241
18.0,90.94199713478682,10.709527608997295,38.55429939239026
18.05,91.47823194172872,10.739864668678834,38.663512807243805
18.1,92.01597962668848,10.770042729711342,38.77215382696083
18.150000000000002,92.55523335702308,10.800106483672858,38.88038334122229
18.2,93.09598567929868,10.829986407351013,38.98795106646365
18.25,93.63823105226464,10.859828511287635,39.095382640635485
18.3,94.1819632577446,10.889459707910657,39.20205494847836
18.35,94.72717009140267,10.918813638412288,39.30772909828424
18.400000000000002,95.27383851900704,10.947923465762676,39.41252447674563
18.45,95.82195631820296,10.976788502074362,39.516438607467705
18.5,96.37151287291066,11.005473686233364,39.61970527044011
18.55,96.92250219674659,11.034099267204189,39.72275736193508
18.6,97.47491787222012,11.062527751736784,39.825099906252426
18.650000000000002,98.02875196103446,11.090835800837086,39.92700888301351
18.7,98.5839982293757,11.119014932812327,40.02845375812438
18.75,99.14064710024888,11.146939902115374,40.12898364761535
18.8,99.69868857917412,11.174719254893802,40.22898931761769
18.85,100.25811682879095,11.202410729779189,40.32867862720508
18.900000000000002,100.81892298045696,11.229835336861214,40.42740721270037
18.95,101.38109689308222,11.257121168148913,40.52563620533609
19.0,101.94462933594153,11.284176546223456,40.62303556640445
19.05,102.50950831673889,11.310982685670933,40.719537668415356
19.1,103.07572481303573,11.337677166202896,40.81563779833043
19.150000000000002,103.64327280077823,11.364242343497276,40.911272436590195
19.200000000000003,104.21214294758599,11.39056352881282,41.00602870372615
19.25,104.78232635550913,11.416772788112674,41.10038203720563
19.3,105.35381624490283,11.442822787635262,41.19416203548694
19.35,105.92660656632648,11.468790069310732,41.287644249518635
19.400000000000002,106.500693943737,11.494705027110312,41.380938097597124
19.450000000000003,107.07607283982517,11.520450816416329,41.47362293909878
19.5,107.65273683917255,11.546109157478618,41.56599296692303
19.55,108.23068321894108,11.571746033262531,41.658285719745116
19.6,108.80990637854366,11.597180350840338,41.74984926302522
19.650000000000002,109.39039794526414,11.622482317979166,41.840936344725
19.700000000000003,109.97215077729243,11.647630963152167,41.931471467347805
19.75,110.55515479229652,11.672529637011785,42.02110669324242
19.8,111.13939904234856,11.697240365069643,42.11006531425072
19.85,111.7248739026798,11.721754048180276,42.198314573449
19.900000000000002,112.3115668685816,11.745964587891569,42.28547251640965
19.950000000000003,112.89946660962076,11.770025053675095,42.37209019323034
20.0,113.48856600542923,11.793950778663854,42.45822280318988
20.05,114.07885746556474,11.817707626756286,42.543747456322635
20.1,114.67033463424701,11.841379120534878,42.628964833925565
20.150000000000002,115.26299351429947,11.864976081563281,42.71391389362781
20.200000000000003,115.85682958856657,11.888466889121084,42.798480800835904
20.25,116.45183898214019,11.911908853823684,42.88287187376526
20.3,117.048014774905,11.935122856769013,42.96644228436845
20.35,117.64534579363307,11.958117892353851,43.04922441247386
20.400000000000002,118.24382298084345,11.98096959606103,43.13149054581971
20.450000000000003,118.84343510330145,12.00351530225881,43.21265508813172
20.5,119.44416915437183,12.02584674055659,43.29304826600372
20.55,120.0460166573924,12.048053380265786,43.372992168956834
20.6,120.64896821799408,12.070009043801708,43.45203255768615
20.650000000000002,121.25301512336938,12.091867171210215,43.530721816356774
20.700000000000003,121.85815299314133,12.11364761966783,43.60913143080419
20.75,122.46437684206259,12.135306337182802,43.68710281385809
20.8,123.07168497829865,12.157019112259398,43.76526880413383
20.85,123.6800817394339,12.178851333150881,43.84386479934317
20.900000000000002,124.2895699132922,12.200675621180682,43.92243223625046
20.950000000000003,124.90015144052586,12.222585468165992,44.00130768539757
21.0,125.51182799924179,12.244476880470895,44.08011676969522
21.05,126.1245995381232,12.266384674785904,44.158984829229254
21.1,126.73846948491416,12.288413196852368,44.23828750866853
21.150000000000002,127.3534392200362,12.310376208028815,44.317354348903734
21.200000000000003,127.96950548963278,12.332274575834532,44.396188473004315
21.25,128.5866667378752,12.35417535386174,44.47503127390226
21.3,129.20491978129752,12.37594638303165,44.55340697891394
21.35,129.82425926797222,12.397633083956677,44.631479102244036
21.400000000000002,130.44468115106872,12.41924223990269,44.709272063649685
21.450000000000003,131.06617946670295,12.44069038546597,44.786485387677494
21.5,131.68874839897225,12.462066905306413,44.863440859103086
21.55,132.31238501461317,12.483397720330046,44.94023179318817
21.6,132.93708312861804,12.504526839864308,45.01629662351151
21.650000000000002,133.56283427104242,12.525518857110658,45.09186788559837
21.700000000000003,134.18963137437774,12.54636527630247,45.166914994688895
21.75,134.81746561665832,12.567004414920437,45.24121589371357
21.8,135.44632667339138,12.587437854402134,45.314776275847684
21.85,136.0762016044771,12.607559389026779,45.387213800496404
21.900000000000002,136.70707367776856,12.627323542631977,45.45836475347512
21.950000000000003,137.33892851890948,12.646870103004868,45.52873237081753
22.0,137.97175405739972,12.666151436604173,45.59814517177502
22.05,138.60553734232695,12.685179960485595,45.666647857748146
22.1,139.2402694722713,12.704105237288259,45.73477885423773
22.150000000000002,139.875943100242,12.722839881540258,45.80222357354493
22.200000000000003,140.51255092598845,12.741473148316913,45.86930333394089
22.25,141.15009040621072,12.760106060574428,45.93638181806794
22.3,141.78855926428784,12.778648262510842,46.00313374503903
22.35,142.42795435088036,12.797155201190293,46.06975872428506
22.400000000000002,143.06827480753265,12.81566306490135,46.136387033644866
22.450000000000003,143.709517719029,12.834053394952601,46.20259222182936
22.5,144.35167822672406,12.852366912849657,46.26852088625877
22.55,144.99475401843523,12.870664755596932,46.33439312014896
22.6,145.63874146555432,12.888833129166839,46.399799265000624
22.650000000000002,146.2836366391672,12.906973815348973,46.4651057352563
22.700000000000003,146.92943732000882,12.925053418315393,46.530192305935415
22.75,147.57613872339837,12.943002717267188,46.594809782161875
22.8,148.22373739920477,12.960944314988671,46.65939953395922
22.85,148.87222999866242,12.97875966331696,46.72353478794106
22.900000000000002,149.5216108004141,12.996472406749527,46.7873006642983
22.950000000000003,150.17187608560633,13.014139000939295,46.850900403381466
23.0,150.82302117531927,13.031664587578698,46.91399251528331
23.05,151.475039184789,13.049055791210899,46.97660084835923
23.1,152.1279247412521,13.066366467311799,47.038919282322475
23.150000000000002,152.78167078642554,13.08347533962565,47.100511222652344
23.200000000000003,153.43626814074938,13.100418833327756,47.16150779997992
23.25,154.09171096472122,13.11729412554531,47.22225885196312
23.3,154.74799334663973,13.134001151195204,47.28240414430273
23.35,155.4051076808205,13.150572216035373,47.342059977727345
23.400000000000002,156.0630484074171,13.16705684782955,47.40140465218638
23.450000000000003,156.72180936657244,13.18338151838326,47.46017346617974
23.5,157.3813850429618,13.199645537190705,47.51872393388654
23.55,158.0417720586532,13.215835090465271,47.57700632567498
23.6,158.70296591143767,13.231919020912851,47.63490847528627
23.650000000000002,159.36496252822548,13.247945650598812,47.692604342155725
23.700000000000003,160.027758802928,13.263905337502052,47.75005921500739
23.75,160.6913510763386,13.279785598922173,47.80722815611982
23.8,161.3557364422667,13.295629038201824,47.864264537526566
23.85,162.02091017781228,13.311320383621293,47.920753381036654
23.900000000000002,162.68686638751387,13.326928004442717,47.976940815993785
23.950000000000003,163.35360325223226,13.342546584293327,48.03316770345598
24.0,164.02112007382192,13.35812627929349,48.08925460545657
24.05,164.68941459959802,13.373654751750232,48.145157106300836
24.1,165.35848606359463,13.389203808113738,48.20113370920946
24.150000000000002,166.02833285802424,13.404667969071285,48.25680468865663
24.200000000000003,166.69895176001324,13.42008811048936,48.31231719776169
24.25,167.37034173565343,13.435510915117364,48.36783929442251
24.3,168.04250067361954,13.45084660352782,48.42304777270015
24.35,168.71542479019786,13.466118059604417,48.478025014575906
24.400000000000002,169.38911099551981,13.481330153273989,48.53278855178636
24.450000000000003,170.06355353104857,13.496371267875848,48.58693656435305
24.5,170.7387452618194,13.511297962956816,48.640672666644534
24.55,171.41467982702375,13.526084645217509,48.69390472278303
24.6,172.09135050287585,13.540742388866995,48.74667259992118
24.650000000000002,172.76875205505442,13.555319698275945,48.799150913793405
24.700000000000003,173.4469023971701,13.570693986351536,48.85449835086553
24.75,174.1258222042741,13.586098297807697,48.90995387210771
24.8,174.80549784907586,13.600927494262994,48.96333897934678
24.85,175.4858864487643,13.614616493274028,49.0126193757865
24.900000000000002,176.16692183092462,13.626798793139237,49.056475655301256
24.950000000000003,176.84852233279355,13.637221281618288,49.09399661382584
25.0,177.5305948456786,13.645679233783454,49.124445241620435
25.05,178.21304005087015,13.652128973878911,49.14766430596408
25.1,178.89575881747828,13.656621690446315,49.163838085606734
25.150000000000002,179.57865642555512,13.659282632627576,49.173417477459274
25.200000000000003,180.2616503565354,13.660474606583826,49.17770858370177
25.25,180.94467721449996,13.660599711999115,49.178158963196815
25.3,181.62769613163744,13.660156973500168,49.176565104600606
25.35,182.31069564391274,13.659823517511747,49.17536466304229
25.400000000000002,182.9936995167723,13.660331396871005,49.177193028735616
25.450000000000003,183.67672729142424,13.66077958920664,49.178806521143905
25.5,184.35977599522965,13.661168563009333,49.180206826833604
25.55,185.04284266967647,13.66149841486405,49.181394293510586
25.6,185.7259243380876,13.66176832158105,49.18236595769178
25.650000000000002,186.40901799030053,13.661977766936367,49.18311996097092
25.700000000000003,187.09212059418917,13.662126388609586,49.18365499899451
25.75,187.77522908740664,13.662213340089579,49.18396802432249
25.8,188.458340353173,13.662237290565546,49.18405424603597
25.85,189.1414511960574,13.662196424810162,49.18390712931659
25.900000000000002,189.82455844066865,13.662093359639433,49.183536094701964
25.950000000000003,190.5076590038479,13.661929167530186,49.18294500310867
26.0,191.19074983946805,13.66170425727595,49.182135326193425
26.05,191.8738279258199,13.661419196798096,49.18110910847315
26.1,192.55689026380495,13.661074322603053,49.17986756137099
26.150000000000002,193.23993385522277,13.660669334110539,49.17840960279794
26.200000000000003,193.92295568639074,13.660203912607567,49.176734085387245
26.25,194.60595272723268,13.659677721070256,49.174839795852925
26.3,195.2889219303589,13.65909040397822,49.17272545432159
26.35,195.97186025699926,13.658442661636467,49.17039358189128
26.400000000000002,196.65476470693747,13.657735335891354,49.16784720920888
26.450000000000003,197.337632316239,13.656969036169269,49.16508853020937
26.5,198.02046015548984,13.6561445338641,49.16212032191076
26.55,198.70324533804492,13.655262768339343,49.15894596602163
26.6,199.38598501746262,13.65432440836804,49.15556787012495
26.650000000000002,200.06867638391017,13.653330249534747,49.151988898325094
26.700000000000003,200.75131667049837,13.652281213993152,49.14821237037535
26.75,201.43390315960363,13.65117835021696,49.14424206078105
26.8,202.11643317695808,13.650022343961453,49.14008043826123
26.85,202.7989040756795,13.648813604895848,49.13572897762505
26.900000000000002,203.48131323858797,13.647552911442423,49.131190481192725
26.950000000000003,204.16365808656067,13.646241007465523,49.126467626875886
27.0,204.84593605333336,13.644877663442005,49.121559588391214
27.05,205.52814461655953,13.643464865604294,49.11647351617546
27.1,206.21028135042178,13.642004488886212,49.11121615999036
27.150000000000002,206.89234392005952,13.640498296623214,49.10579386784357
27.200000000000003,207.57433007598127,13.638947940246833,49.1002125848886
27.25,208.25623764506093,13.63735482293942,49.09447736258191
27.3,208.93806451308873,13.635719898172985,49.088591633422745
27.35,209.6198086149031,13.634044174401343,49.08255902784484
27.400000000000002,210.3014679320635,13.632328512014933,49.07638264325376
27.450000000000003,210.98304047768346,13.630573312783918,49.07006392602211
27.5,211.66452429443115,13.628779357123314,49.06360568564393
27.55,212.34591746116996,13.626947312429483,49.05701032474614
27.6,213.0272180852706,13.625077651596124,49.050279545746044
27.650000000000002,213.70842429287703,13.623170652660857,49.04341434957909
27.700000000000003,214.38953422344088,13.621226569892583,49.0364156516133
27.75,215.07054608050183,13.619247712545711,49.02929176516456
27.8,215.75145815259097,13.617235171020273,49.022046615672984
27.85,216.43226878193352,13.615190002681999,49.0146840096552
27.900000000000002,217.11297636276709,13.61311323066074,49.007207630378666
27.950000000000003,217.79357933966986,13.611005845449856,48.999621043619484
28.0,218.47407620590423,13.60886880392417,48.99192769412701
28.05,219.15446550170844,13.6067030282451,48.98413090168236
28.1,219.83474581255132,13.60450940546939,48.976233859689806
28.150000000000002,220.51491576736692,13.602288787154269,48.96823963375537
28.200000000000003,221.19497405198265,13.600042597474765,48.96015335090915
28.25,221.8749194177943,13.597772034990761,48.95197932596674
28.3,222.55475067530082,13.595478265270412,48.94372175497348
28.35,223.234466724522,13.593163703577483,48.93538933287894
28.400000000000002,223.9140665593663,13.590829690193752,48.926986884697506
28.450000000000003,224.59354919019083,13.58847554278745,48.91851195403482
28.5,225.27291360121106,13.586100898021256,48.90996323287652
28.55,225.95215876643994,13.583705711134224,48.901340560083206
28.6,226.63128366560633,13.58129025552147,48.89264491987729
28.650000000000002,227.31028730009265,13.578855123931577,48.88387844615368
28.700000000000003,227.9891687088512,13.576401226409661,48.87504441507478
28.75,228.6679269842533,13.573929789675354,48.866147242831275
28.8,229.3465612975216,13.5714427410554,48.85719386779944
28.85,230.02507092662205,13.56894242296341,48.84819272266828
28.900000000000002,230.70345523896592,13.566430070791105,48.83914825484798
28.950000000000003,231.38171367542103,13.563907387413044,48.83006659468696
29.0,232.0598457736752,13.561376542753573,48.82095555391286
29.05,232.73785119157785,13.558840173352865,48.81182462407031
29.1,233.41572966956736,13.556298946227557,48.80267620641921
29.150000000000002,234.09348096158934,13.553752734651779,48.7935098447464
29.200000000000003,234.77110484892845,13.55120275891264,48.784329932085505
29.25,235.44860116814326,13.548650009680104,48.77514003484838
29.3,236.1259697665852,13.5460939279975,48.765938140791
29.35,236.80321057634217,13.543538462281386,48.756738464212994
29.400000000000002,237.4803237217798,13.540987355223962,48.747554478806265
29.450000000000003,238.15730950924433,13.538444143357268,48.73839891608616
29.5,238.8341684167437,13.535912156617865,48.72928376382431
29.55,239.5109010647762,13.533393764681497,48.72021755285339
29.6,240.18750815613302,13.530889889592178,48.71120360253184
29.650000000000002,240.86399045077877,13.528401896237805,48.7022468264561
29.700000000000003,241.54034876790996,13.525930789009264,48.693350840433354
29.75,242.21658391564372,13.523475120341173,48.684510433228226
29.8,242.8926967138292,13.521036807078215,48.67573250548158
29.85,243.56868806735127,13.51861733380522,48.667022401698794
29.900000000000002,244.24455893922132,13.516217540996566,48.658383147587635
29.950000000000003,244.92031031836103,13.513837624591762,48.64981544853035
30.0,245.5959432061087,13.51147788531463,48.641320387132666
30.05,246.27145871219042,13.509142357954353,48.632912488635675
30.1,246.94685808078904,13.506832385990926,48.62459658956733
30.150000000000002,247.62214261603162,13.504549023712773,48.61637648536598
30.200000000000003,248.297313697492,13.502294234702134,48.60825924492769
30.25,248.9723727499455,13.500067863437446,48.600244308374805
30.3,249.64732117006588,13.497868941377696,48.592328188959705
30.35,250.32216030385416,13.495696410153354,48.58450707655207
30.400000000000002,250.99689144213713,13.49354912116487,48.57677683619353
30.450000000000003,251.67151581604585,13.491425835184478,48.56913300666412
30.5,252.34603469501533,13.48932932359417,48.561585564939016
30.55,253.02044944447613,13.487260654838067,48.554138357417045
30.6,253.6947614853389,13.485220979672565,48.546795526821235
30.650000000000002,254.36897229903846,13.483211568310372,48.53956164591734
30.700000000000003,255.04308343719367,13.48123395789819,48.53244224843349
30.75,255.71709653512633,13.479289959407877,48.52544385386836
30.8,256.39101332303215,13.477381556825598,48.518573604572154
30.85,257.0648356346224,13.475510906784596,48.511839264424545
30.900000000000002,257.7385654157471,13.47368033820247,48.50524921752889
30.950000000000003,258.41220467420806,13.471890000237538,48.49880400085514
31.0,259.08575543759446,13.470140535218903,48.49250592678805
31.05,259.75921977408973,13.468432924592927,48.48635852853454
31.1,260.43259977657436,13.466767174791327,48.48036182924878
31.150000000000002,261.1058975441819,13.465143529509755,48.474516706235114
31.200000000000003,261.7791152515595,13.463564765594011,48.468833156138444
31.25,262.4522552036959,13.462033319863385,48.46331995150819
31.3,263.1253198189122,13.460551288788096,48.45798463963715
31.35,263.7983116118362,13.459120428172247,48.45283354142009
31.400000000000002,264.47123317980686,13.457742290654554,48.4478722463564
31.450000000000003,265.1440871902427,13.456418126780171,48.44310525640862
31.5,265.8168763636592,13.455148809879125,48.43853571556485
31.55,266.4896034523877,13.453934739260411,48.43416506133748
31.6,267.1622712130865,13.452775688690753,48.42999247928671
31.650000000000002,267.8348824085711,13.451672130692021,48.42601967049128
31.700000000000003,268.50743981480474,13.450624118652618,48.42224682714942
31.75,269.17994619993505,13.449631286558661,48.41867263161118
31.8,269.8524043033173,13.448692848731664,48.41529425543399
31.85,270.52481686086116,13.44780945302349,48.41211403088457
31.900000000000002,271.197186681592,13.446983376209278,48.4091401543534
31.950000000000003,271.8695166489715,13.446215318971213,48.40637514829637
32.0,272.54180967809015,13.445505845773729,48.403821044785424
32.050000000000004,273.21406867998576,13.444854230051714,48.40147522818617
32.1,273.8862965825821,13.444261873801912,48.39934274568688
32.15,274.5584963770912,13.443729906563545,48.39742766362876
32.2,275.2306711043856,13.443259185210852,48.39573306675907
32.25,275.9028238413597,13.442850293752858,48.39426105751029
32.300000000000004,276.57495769452584,13.442503832892033,48.39301379841132
32.35,277.2470758183212,13.44222111892199,48.391996028119166
32.4,277.91918141421763,13.44200271693531,48.39120978096712
32.45,278.59127770740145,13.44184901041652,48.39065643749947
32.5,279.2633679633466,13.441761227388543,48.390340418598754
32.550000000000004,279.93545546247236,13.4417387376418,48.39025945551048
32.6,280.60754344301733,13.441780484156594,48.39040974296374
32.65,281.27963508976103,13.441885385592046,48.390787388131365
32.7,281.95173353280467,13.442052336153605,48.39138841015298
32.75,282.62384184754563,13.442280253484455,48.39220891254404
32.800000000000004,283.2959631141327,13.442570409996868,48.39325347598873
32.85,283.9681004491179,13.442922989412892,48.394522761886414
32.9,284.64025698161834,13.443338310603,48.3960179181708
32.95,285.31243586022583,13.44381683369728,48.39774060131021
33.0,285.9846402597134,13.44435914580565,48.39969292490034
33.050000000000004,286.6568733874466,13.444965963522257,48.40187746868013
33.1,287.3291385488921,13.445640494298862,48.404305779475905
33.15,288.0014392230802,13.44638647322354,48.40699130360475
33.2,288.6737789885799,13.447204146764257,48.409934928351326
33.25,289.34616131384104,13.448088863681324,48.41311990925277
33.300000000000004,290.01858939006803,13.449034185398014,48.416523067432855
33.35,290.69106604588404,13.450032047241645,48.42011537006992
33.4,291.36359366674463,13.451072787182733,48.42386203385784
33.45,292.0361741457388,13.452146372583407,48.427726941300264
33.5,292.7088088928535,13.453243512003288,48.43167664321184
33.550000000000004,293.3814988658325,13.454355407157841,48.43567946576823
33.6,294.0542446100108,13.455474359975355,48.43970769591128
33.65,294.72704632849104,13.456594379233414,48.44373976524029
33.7,295.3999039823317,13.457711774392696,48.447762387813704
33.75,296.07281742098394,13.458825771696867,48.451772778108726
33.800000000000004,296.7457865433179,13.459939121659763,48.45578083797515
33.85,297.4188113773086,13.46105423796816,48.459795256685375
33.9,298.09189201336113,13.462171204132815,48.46381633487814
33.95,298.7650285247741,13.4632892523862,48.46784130859032
34.0,299.4382209457164,13.464407585307493,48.471867307106976
34.050000000000004,300.11146926974465,13.465525375822573,48.47589135296126
34.1,300.7847734483203,13.466641767204017,48.479910361934465
34.15,301.4581334075997,13.467756603969761,48.48392377429114
34.2,302.13154907848514,13.468870231447507,48.487932833211026
34.25,302.805020400095,13.469982632946408,48.49193747860707
34.300000000000004,303.47854731821474,13.471094091844162,48.49593873063898
34.35,304.1521298426846,13.47220688694896,48.49994479301626
34.4,304.8257679928011,13.473319117711045,48.503948823759764
34.45,305.4994617028951,13.474429286047112,48.507945429769606
34.5,306.17321084245475,13.475536296340326,48.51193066682518
34.550000000000004,306.84701523624926,13.476639455440315,48.515902039585136
34.6,307.52087467667974,13.477738161778046,48.519857382400964
34.65,308.19478891904413,13.478831532797134,48.52379351806968
34.7,308.86875769319545,13.479919433255022,48.52770995971808
34.75,309.5427807304357,13.481002056355361,48.5316074028793
34.800000000000004,310.21685778459073,13.482080109846462,48.53548839544727
34.85,310.89098864506116,13.483154308970397,48.539355512293426
34.9,311.56517314489014,13.484225684189369,48.54321246308173
34.95,312.23941117751644,13.485295620863896,48.54706423511003
35.0,312.9137027145194,13.486365859252823,48.55091709331016
35.050000000000004,313.5880478122785,13.487438051110946,48.5547769839994
35.1,314.26244650901464,13.48850981833467,48.55863534600481
35.15,314.9368987831006,13.48958114510459,48.562492122376526
35.2,315.61140461277955,13.490652042053421,48.56634735139232
35.25,316.2859639928144,13.491723159341234,48.570203373628445
35.300000000000004,316.96057692912694,13.492794293159402,48.57405945537385
35.35,317.63524340891195,13.493864898241686,48.57791363367007
35.4,318.3099633955079,13.494934565597774,48.581764436151985
35.45,318.9847368352107,13.496003022513275,48.58561088104779
35.5,319.6595636640873,13.497070132549734,48.589452477179044
35.550000000000004,320.3344438056636,13.498135530505301,48.59328790981909
35.6,321.00937717167665,13.499199110015567,48.59711679605604
35.65,321.68436367179623,13.500260894768015,48.60093922116486
35.7,322.35940324193734,13.501321910876744,48.60475887915628
35.75,323.03449585099094,13.502382451265891,48.60857682455721
35.800000000000004,323.70964145173525,13.503441578507676,48.61238968262764
35.85,324.38483995822685,13.50449868115549,48.61619525215976
35.9,325.0600912620993,13.505553473743905,48.61999250547806
35.95,325.73539524886263,13.506605996788679,48.62378158843924
36.0,326.41075178413774,13.50765541421609,48.62755949117793
36.050000000000004,327.08616070131006,13.508701272675905,48.63132458163326
36.1,327.7616218225901,13.509743578525692,48.63507688269249
36.15,328.4371350008343,13.510783551242241,48.63882078447207
36.2,329.1127001572945,13.511822707166164,48.64256174579819
36.25,329.7883172101674,13.512859407749707,48.64629386789895
36.300000000000004,330.4639860104385,13.51389260309374,48.65001337113747
36.35,331.1397063713145,13.514921831947746,48.65371859501189
36.4,331.81547809765596,13.515947221709824,48.657409998155366
36.45,332.4913009716375,13.516967737551951,48.66108385518702
36.5,333.16717471895447,13.51798215512817,48.66473575846141
36.550000000000004,333.8430990332329,13.518990416008485,48.668365497630546
36.6,334.5190736154734,13.519992873612638,48.6719743450055
36.65,335.1950981971449,13.520990393246286,48.675565415686634
36.7,335.87117255272375,13.521983829907095,48.67914178766554
36.75,336.5472965095527,13.522974443251968,48.682707995707084
36.800000000000004,337.22346996807397,13.523963897597058,48.68627003134941
36.85,337.89969292206183,13.524954261917758,48.689835342903926
36.9,338.5759654299665,13.525946054269696,48.69340579537091
36.95,339.25228751439766,13.526937322976996,48.696974362717185
37.0,339.9286591488971,13.527928057001622,48.70054100520584
37.050000000000004,340.605080307259,13.528918277473537,48.704105798904735
37.1,341.28155099496547,13.529909230783769,48.70767323082157
37.15,341.9580712268428,13.5309000443084,48.71124015951024
37.2,342.63464097705724,13.53188996426923,48.71480387136923
37.25,343.3112601868303,13.532878426651862,48.71836233594671
37.300000000000004,343.98792877392674,13.533865057205746,48.721914205940685
37.35,344.6646466402129,13.534849594240926,48.725458539267336
37.4,345.34141366969834,13.53583158517658,48.728993706635684
37.45,346.01822973299227,13.536810946579623,48.732519407686645
37.5,346.69509470047205,13.53778775261279,48.73603590940604
37.550000000000004,347.3720084935934,13.538763972240215,48.73955030006478
37.6,348.0489710685213,13.539739024876496,48.74306048955539
37.65,348.7259823400035,13.540711834409581,48.746562603874494
37.7,349.403042180021,13.541681766289537,48.75005435864234
37.75,350.08015043986643,13.542648627528534,48.753535059102724
37.800000000000004,350.7573069722222,13.543612666700868,48.75700560012313
37.85,351.43451159473085,13.544572233645013,48.76046004112205
37.9,352.11176407779635,13.545527088975858,48.76389752031309
37.95,352.78906418785647,13.546477313428912,48.76731832834409
38.0,353.46641171634246,13.547423826011332,48.7707257736408
38.050000000000004,354.14380649164366,13.548367186035984,48.77412186972954
38.1,354.8212483619148,13.549307624809368,48.777507449313724
38.15,355.49873719694585,13.550245776433925,48.78088479516213
38.2,356.1762729083019,13.551182677808022,48.78425764010888
38.25,356.85385546946276,13.552119768625982,48.78763116705353
38.300000000000004,357.531484850773,13.553055483782515,48.79099974161706
38.35,358.2091609688267,13.55398923836642,48.79436125811911
38.400000000000006,358.88688372588655,13.554921044027656,48.797715758499564
38.45,359.56465306003383,13.555852321864124,48.80106835871085
38.5,360.2424689703157,13.556784089410252,48.80442272187691
38.550000000000004,360.92033142925857,13.557714268303233,48.80777136589164
38.6,361.5982403184874,13.558641300850766,48.81110868306276
38.650000000000006,362.27619545475943,13.559564150031054,48.8144309401118
38.7,362.95419661599755,13.560482299492804,48.817736278174095
38.75,363.6322435401415,13.561394666263983,48.821020798550336
38.800000000000004,364.3103359178101,13.562300440481298,48.82428158573268
38.85,364.9884734184893,13.563199586688198,48.82751851207751
38.900000000000006,365.6666557334077,13.564093010046244,48.83073483616648
38.95,366.3448826306684,13.564982880382269,48.83393836937617
39.0,367.0231539138205,13.565868445703027,48.8371264045309
39.050000000000004,367.7014693665177,13.566749662184328,48.84029878386358
39.1,368.37982878792656,13.567627194171049,48.843457899015775
39.150000000000006,369.05823202813525,13.568502414177107,48.84660869103759
39.2,369.7366789602719,13.569374871288074,48.84974953663707
39.25,370.4151693903377,13.570242331345245,48.85287239284288
39.300000000000004,371.0937030663778,13.571104710258522,48.85597695693068
39.35,371.7722797426149,13.571962339223848,48.85906442120586
39.400000000000006,372.4508992592324,13.57281832547629,48.86214597171464
39.45,373.12956149743246,13.5736712025253,48.86521632909108
39.5,373.808266281656,13.574520166416843,48.868272599100635
39.550000000000004,374.48701341270976,13.575365075733371,48.871314272640134
39.6,375.1658027008929,13.57620645159386,48.874343225737896
39.650000000000006,375.8446339727033,13.577044420821494,48.87735991495738
39.7,376.5235069985361,13.577876612490076,48.880355804964275
39.75,377.20242148540996,13.578702862464398,48.88333030487183
39.800000000000004,377.881377141042,13.579523362817575,48.88628410614327
39.85,378.56037374584145,13.580340829160154,48.88922698497655
39.900000000000006,379.23941113490923,13.58115473355168,48.892157040786046
39.95,379.9184891156742,13.58196449704741,48.89507218937068
40.0,380.59760748366745,13.58277022268099,48.89797280165156
40.050000000000004,381.27676605662106,13.583572695464438,48.90086170367198
40.1,381.95596470322425,13.584373168663177,48.90374340718744
40.150000000000006,382.635203243347,13.585168436247768,48.906606370491964
40.2,383.31448141143886,13.58595828742581,48.90944983473291
40.25,383.99379893955387,13.586742837174976,48.91227421382991
40.300000000000004,384.6731556494408,13.587525558302197,48.91509200988791
40.35,385.3525514435643,13.588306206638897,48.91790234390003
40.400000000000006,386.0319861605584,13.589082473124531,48.92069690324831
40.45,386.71145954632544,13.589852957556925,48.92347064720493
40.5,387.3909712994792,13.590617168592289,48.92622180693224
40.550000000000004,388.07052111678763,13.591375523745208,48.92895188548275
40.6,388.7501086323335,13.592125098089184,48.931650353121064
40.650000000000006,389.4297333855867,13.592865032039862,48.934314115343504
40.7,390.10939489695716,13.593595422778622,48.93694352200304
40.75,390.78909273663214,13.594318164220804,48.93954539119489
40.800000000000004,391.46882656126445,13.595034821071792,48.94212535585845
40.85,392.148596064043,13.595745290069797,48.94468304425127
40.900000000000006,392.8284009556681,13.596450374934216,48.947221349763176
40.95,393.50824100970055,13.59715178636562,48.949746430916235
41.0,394.18811610791084,13.59785214204576,48.95226771136473
41.050000000000004,394.8680261369404,13.598549019136852,48.95477646889267
41.1,395.54797087670295,13.599240571365602,48.95726605691617
41.150000000000006,396.2279500607966,13.599926792381156,48.959736452572166
41.2,396.9079634441853,13.60060854316633,48.962190755398794
41.25,397.5880108406781,13.601287316546575,48.964634339567674
41.300000000000004,398.2680920887861,13.6019626077727,48.96706538798172
41.35,398.9482070158022,13.602634472872838,48.969484102342214
41.400000000000006,399.62835546584034,13.60330352865243,48.971892703148754
41.45,400.30853732787403,13.603970952694231,48.97429542969923
41.5,400.98875250426005,13.60463610274569,48.97668996988449
41.550000000000004,401.66900084133954,13.605297380433276,48.979070569559795
41.6,402.34928214427504,13.605954736986662,48.981437053151986
41.650000000000006,403.0295962294981,13.606608671937122,48.98379121897364
41.7,403.7099429944725,13.607261927038111,48.9861429373372
41.75,404.3903223625908,13.607912797692606,48.98848607169338
41.800000000000004,405.0707341871932,13.608560186404212,48.990816671055164
41.85,405.7511782819227,13.60920360277718,48.99313296999785
41.900000000000006,406.43165445108,13.609843163516398,48.99543538865903
41.95,407.1121624933291,13.61047852644742,48.99772269521071
42.0,407.79270215328813,13.611107871913362,48.9999883388881
42.050000000000004,408.4732731264543,13.6117310547314,49.00223179703304
42.1,409.15387511032094,13.612348299934911,49.004453879765684
42.150000000000006,409.83450787195034,13.612962165241672,49.00666379487002
42.2,410.51517122977504,13.613572147745867,49.008859731885124
42.25,411.19586498497256,13.614178060155645,49.01104101656032
42.300000000000004,411.8765889454366,13.614780358406488,49.01320929026336
42.35,412.55734295793826,13.615380141661198,49.01536850998031
42.400000000000006,413.2381269250161,13.615978541453176,49.01752274923143
42.45,413.91894070231706,13.616572550583895,49.01966118210202
42.5,414.59978406636003,13.61716201113515,49.02178324008654
42.550000000000004,415.2806567925934,13.61774703819987,49.023889337519535
42.6,415.96155874137264,13.618330912969304,49.0259912866895
42.650000000000006,416.642489837376,13.618912927164018,49.028086537790465
42.7,417.32344993822977,13.619491106986768,49.03016798515237
42.75,418.0044388223066,13.620064256087145,49.03223132191373
42.800000000000004,418.68545622759785,13.62063195556159,49.034275040021726
42.85,419.3665018905857,13.621194563953383,49.03630043023218
42.900000000000006,420.04757548887943,13.621749367795786,49.03829772406483
42.95,420.7286766184325,13.622295814325268,49.04026493157097
43.0,421.4098048643464,13.622834022232587,49.04220248003731
43.050000000000004,422.0909598664368,13.623366061380818,49.044117820970946
43.1,422.772141344024,13.623893042109096,49.046014951592745
43.150000000000006,423.45334903472565,13.624414585954895,49.047892509437624
43.2,424.1345826782927,13.624931156728255,49.04975216422172
43.25,424.8158420587237,13.625444060511771,49.05159861784238
43.300000000000004,425.497127046378,13.625955445660601,49.05343960437816
43.35,426.178437498217,13.626462627900645,49.05526546044232
43.400000000000006,426.8597731700256,13.626964244444304,49.0570712799995
43.45,427.54113378393305,13.6274603118522,49.05885712266792
43.5,428.2225190753097,13.627951343214754,49.060624835573115
43.550000000000004,428.90392881332275,13.628438177307057,49.062377438305404
43.6,429.58536280525493,13.628921499980656,49.06411739993036
43.650000000000006,430.26682090252973,13.629402391010837,49.06584860763901
43.7,430.9483030204074,13.629882324096632,49.06757636674788
43.75,431.62980915768134,13.630363166860821,49.06930740069896
43.800000000000004,432.3113393454284,13.630844343020446,49.07103963487361
43.85,432.9928935690139,13.631324600399623,49.07276856143864
43.900000000000006,433.6744717823064,13.631803931300151,49.07449415268054
43.95,434.35607395323046,13.632282905662613,49.07621846038541
44.0,435.03770011655314,13.632763627244836,49.07794905808141
44.050000000000004,435.719350303749,13.633243860591056,49.079677898127805
44.1,436.40102444539474,13.63372180523762,49.081398498855435
44.150000000000006,437.0827223929185,13.634196095712994,49.08310594456678
44.2,437.7644439403498,13.63466580153777,49.08479688553597
44.25,438.4461888382868,13.635130115942335,49.08646841739241
44.300000000000004,439.12795679765156,13.635588258649598,49.08811773113855
44.35,439.8097475067946,13.636040107072576,49.08974438546127
44.400000000000006,440.49156065740965,13.636485917529503,49.09134930310621
44.45,441.1733960929712,13.636931504931392,49.09295341775301
44.5,441.8552537210516,13.637373618284641,49.09454502582471
44.550000000000004,442.5371333103973,13.637809955542641,49.09611583995351
44.6,443.2190345408909,13.638239264201374,49.09766135112495
44.650000000000006,443.9009570560284,13.638661341299434,49.099180828677966
44.7,444.58290048982025,13.639076010373923,49.10067363734613
44.75,445.26486438570424,13.639479824985102,49.102127369946366
44.800000000000004,445.94684819240985,13.63987244323939,49.10354079566181
44.85,446.62885135833784,13.640254193880612,49.104915097970206
44.900000000000006,447.3108734395323,13.640629053898063,49.10626459403303
44.95,447.99291408933516,13.640996938216128,49.10758897757806
45.0,448.6749729498578,13.64135748269042,49.10888693768551
45.050000000000004,449.35704967364177,13.641711468667014,49.11016128720125
45.1,450.039143980933,13.64206082298244,49.111418962736785
45.150000000000006,450.72125571695665,13.642408617963698,49.11267102466931
45.2,451.40338465518755,13.642748911271857,49.113896080578684
45.25,452.08553041099657,13.643081321087902,49.11509275591645
45.300000000000004,452.767692593817,13.64340599172992,49.116261570227714
45.35,453.44987087583246,13.643725288888728,49.117411039999425
45.400000000000006,454.13206500636306,13.644039932334351,49.11854375640367
45.45,454.81427473863243,13.644349358441485,49.119657690389346
45.5,455.49649981861756,13.644653840963336,49.120753827468015
45.550000000000004,456.17874002691747,13.644954491031639,49.1218361677139
45.6,456.86099522062216,13.645253257156638,49.1229117257639
45.650000000000006,457.54326522916443,13.645547084534297,49.12396950432347
45.7,458.2255497794539,13.64583492704334,49.12500573735603
45.75,458.90784857331334,13.646116827333824,49.126020578401764
45.800000000000004,459.5901613561227,13.646394485038968,49.12702014614029
45.85,460.27248795063554,13.646669295475588,49.12800946371212
45.900000000000006,460.95482818437665,13.646940054169225,49.12898419500921
45.95,461.63718184332805,13.647206303887312,49.12994269399432
46.0,462.3195487092912,13.6474683346392,49.13088600470112
46.050000000000004,463.0019285972491,13.647727183676132,49.131817861234076
46.1,463.68432130708163,13.647981209625797,49.13273235465287
46.150000000000006,464.36672656032704,13.648228920190796,49.13362411268687
46.2,465.04914404055603,13.648470288969019,49.13449304028847
46.25,465.73157344375437,13.648705838965475,49.13534102027571
46.300000000000004,466.4140145068089,13.648936683215979,49.136172059577525
46.35,467.0964670091551,13.649163410633744,49.13698827828148
46.400000000000006,467.7789307714458,13.649387080994309,49.137793491579515
46.45,468.46140567909407,13.649609224935569,49.13859320976805
46.5,469.14389170581643,13.649831843957745,49.139394638247886
46.550000000000004,469.82638887369774,13.65005487129479,49.14019753666125
46.6,470.5088971577929,13.650276492511429,49.14099537304114
46.650000000000006,471.1914164872469,13.650496685648903,49.141788068336055
46.7,471.87394679473124,13.650715613724957,49.142576209409846
46.75,472.55648805822443,13.65093492600352,49.143365733612676
46.800000000000004,473.23904026816285,13.65115347153377,49.14415249752157
46.85,473.921603364974,13.651370400910814,49.14493344327893
46.900000000000006,474.6041772541536,13.65158516627569,49.14570659859249
46.95,475.2867618213434,13.65179752131537,49.14647107673533
47.0,475.9693569393317,13.652007198215689,49.14722591357648
47.050000000000004,476.6519624537696,13.652213379299937,49.147968165479774
47.1,477.3345781874906,13.652415969538684,49.14869749033926
47.150000000000006,478.0172039639616,13.652615089302536,49.14941432148913
47.2,478.69983963905565,13.652811914460216,49.15012289205678
47.25,479.3824850973875,13.653006418811668,49.150823107722005
47.300000000000004,480.06514022471504,13.653198674291707,49.15151522745015
47.35,480.7478049188641,13.653389091672219,49.15220073001999
47.400000000000006,481.43047910666996,13.653578420562216,49.15288231402398
47.45,482.1131627560727,13.653767555547748,49.1535631999719
47.5,482.7958558128227,13.653954714451304,49.1542369720247
47.550000000000004,483.47855817617955,13.654139819822186,49.15490335135987
47.6,484.1612697446163,13.654322917646741,49.15556250352827
47.650000000000006,484.8439904227304,13.654504206920073,49.15621514491227
47.7,485.5267201271379,13.654683969378048,49.15686228976097
47.75,486.20945879110235,13.654862589200926,49.15750532112333
47.800000000000004,486.89220637032065,13.65504057953041,49.15814608630948
47.85,487.57496284937065,13.65521858246963,49.15878689689067
47.900000000000006,488.2577282481595,13.655397369083156,49.15943052869936
47.95,488.94050258717436,13.655576191512347,49.16007428944445
48.0,489.62328586502593,13.655754922550921,49.16071772118332
48.050000000000004,490.3060780771704,13.655933563227933,49.16136082762056
48.1,490.9888792389891,13.656112909520836,49.16200647427501
48.150000000000006,491.67168938935407,13.656293105078117,49.16265517828122
48.2,492.35450854080614,13.65647295300348,49.16330263081253
48.25,493.03733665123974,13.656651464341426,49.16394527162913
48.300000000000004,493.7201736343002,13.656827858077246,49.16458028907809
48.35,494.40301936978057,13.657001561137044,49.16520562009336
48.400000000000006,495.0858737125685,13.657172150381697,49.165819741374115
48.45,495.76873650157495,13.6573394098763,49.16642187555468
48.5,496.4516075703124,13.657503339620853,49.16701202263507
48.550000000000004,497.1344867762285,13.657664897024546,49.16759362928837
48.6,497.8173740363868,13.657825509306264,49.16817183350255
48.650000000000006,498.50026927099594,13.657983875059644,49.16874195021472
48.7,499.1831723479681,13.658139203825439,49.16930113377158
48.75,499.866083108466,13.65829121609152,49.169848377929476
48.800000000000004,500.54900139245063,13.658440143292879,49.170384515854366
48.85,501.2319270255161,13.658585179326039,49.170906645573744
48.900000000000006,501.9148597842184,13.658725168764867,49.171410607553526
48.95,502.5977994147909,13.658860054137968,49.17189619489668
49.0,503.28074567179385,13.65899022597992,49.172364813527714
49.050000000000004,503.9636983545064,13.659117082520655,49.17282149707436
49.1,504.6466572965146,13.659240597808452,49.17326615211043
49.150000000000006,505.3296223413279,13.659361194722889,49.1737003010024
49.2,506.0125933648203,13.659479744974846,49.17412708190945
49.25,506.69557029767236,13.659597569106484,49.174551248783345
49.300000000000004,507.37855311078863,13.659714955543908,49.17497383995807
49.35,508.0615417361815,13.659830060170979,49.175388216615524
49.400000000000006,508.7445360584537,13.659942830718848,49.17579419058785
49.45,509.4275359631022,13.660053355219258,49.17619207878933
49.5,510.1105414054782,13.660164339822696,49.17659162336171
49.550000000000004,510.7935523700532,13.660274243177273,49.17698727543819
49.6,511.47656876858224,13.660381697984032,49.17737411274252
49.650000000000006,512.159590456401,13.660485814767924,49.17774893316453
49.7,512.8426172563171,13.660586181877775,49.17811025475999
49.75,513.5256489756615,13.660682591900176,49.17845733084064
49.800000000000004,514.2086853795547,13.660773563826517,49.17878482977546
49.85,514.8917261913764,13.660858909040833,49.179092072547
49.900000000000006,515.5747711335137,13.660938776450463,49.17937959522167
49.95,516.2578199938109,13.66101563544003,49.17965628758411
50.0,516.9408726172298,13.661089301318064,49.17992148474503
50.050000000000004,517.6239288247831,13.66115900081151,49.180172402921436
50.1,518.3069884156768,13.66122463493604,49.18040868576975
50.150000000000006,518.990051201025,13.661286778996036,49.18063240438573
50.2,519.6731170375646,13.661346682584588,49.180848057304516
50.25,520.3561857398604,13.661401409247937,49.18104507329257
50.300000000000004,521.0392570389216,13.661450553199192,49.18122199151709
50.35,521.7223306577586,13.661494200280519,49.18137912100987
50.400000000000006,522.4054063704222,13.661534306265292,49.18152350255505
50.45,523.0884840159782,13.66157151597962,49.18165745752663
50.5,523.7715634257587,13.661604875240712,49.18177755086656
50.550000000000004,524.4546444004474,13.66163411230518,49.181882804298645
50.6,525.1377267442017,13.661659637869018,49.18197469632847
50.650000000000006,525.8208102987751,13.661682545067627,49.18205716224346
50.7,526.5038948803976,13.661700719835302,49.18212259140709
50.75,527.1869802283036,13.661713196404559,49.18216750705641
50.800000000000004,527.8700660581761,13.661719998498121,49.18219199459324
50.85,528.55315208096,13.661720912855095,49.18219528627834
50.900000000000006,529.2362380087533,13.661716198878057,49.18217831596101
50.95,529.9193236165379,13.66170811250676,49.18214920502434
51.0,530.6024087958502,13.661699059986528,49.1821166159515
51.050000000000004,531.2854935622966,13.661691597868238,49.18208975232566
51.1,531.9685780630684,13.661688433008331,49.18207835882999
51.150000000000006,532.6516625092738,13.661689415205124,49.18208189473845
51.2,533.334747084647,13.661693599720277,49.182096958993
51.25,534.0178319498784,13.661701009538312,49.18212363433793
51.300000000000004,534.70091725899,13.66171135492566,49.18216087773238
51.35,535.3840031399828,13.661723884787765,49.18220598523595
51.400000000000006,536.0670897000949,13.661738519695096,49.18225867090234
51.45,536.7501770357903,13.661754908121074,49.182317669235864
51.5,537.4332652191545,13.66177242644206,49.182380735191416
51.550000000000004,538.116354284289,13.661790178937377,49.18244464417456
51.6,538.7994442422797,13.661808140694584,49.1825093065005
51.650000000000006,539.4825351296215,13.661827352977912,49.182578470720486
51.7,540.1656270094236,13.661847839106853,49.182652220784675
51.75,540.848719943639,13.661869529509673,49.182730306234824
51.800000000000004,541.5318139487541,13.661890675096323,49.182806430346766
51.85,542.2149090266503,13.661912440748033,49.18288478669292
51.900000000000006,542.8980052302505,13.661935703260529,49.182968531737906
51.95,543.5811026491157,13.661961051344022,49.183059784838484
52.0,544.2642013950399,13.661988785623226,49.183159628243615
52.050000000000004,544.9473015934011,13.662019148823209,49.18326893576355
52.1,545.6304033955477,13.662052937040777,49.1833905733468
52.150000000000006,546.3135069753207,13.66209025388225,49.1835249139761
52.2,546.9966125064577,13.662130991597056,49.18367156974941
52.25,547.6797201361899,13.662174197689652,49.183827111682746
52.300000000000004,548.3628299844769,13.662219733793094,49.18399104165514
52.35,549.045942163267,13.66226741781098,49.18416270411953
52.400000000000006,549.7290567676545,13.662316757685662,49.18434032766839
52.45,550.4121738603816,13.662366951398225,49.18452102503361
52.5,551.0952934571334,13.662416918672035,49.18470090721932
52.550000000000004,551.778415591531,13.662468457235533,49.18488644604792
52.6,552.4615403438067,13.66252163379168,49.18507788165005
52.650000000000006,553.1446677950626,13.662576416439062,49.18527509918063
52.7,553.8277980492372,13.662633750546544,49.18548150196756
52.75,554.5109312210725,13.66269312286271,49.185695242305755
52.800000000000004,555.1940673725613,13.662752936692662,49.18591057209358
52.85,555.8772064888083,13.662811713185283,49.18612216746702
52.900000000000006,556.5603484839212,13.662868091333245,49.18632512879968
52.95,557.2434932069038,13.662920827972997,49.18651498070279
53.0,557.9266404786082,13.662970040199868,49.18669214471952
53.050000000000004,558.6097901215381,13.663015677000296,49.186856437201065
53.1,559.2929419576652,13.663057768082853,49.18700796509827
53.150000000000006,559.9760958077394,13.663096234886137,49.187146445590095
53.2,560.6592514989942,13.663131415304456,49.18727309509604
53.25,561.3424088980464,13.66316454678293,49.18739236841855
53.300000000000004,562.0255679364885,13.663196990903664,49.18750916725319
53.35,562.7087286170957,13.66323023338575,49.1876288401887
53.400000000000006,563.3918910200325,13.66326588408527,49.187757182706974
53.45,564.0750552563003,13.663303566625762,49.18789283985274
53.5,564.7582214146015,13.663342765422499,49.188033955521
53.550000000000004,565.441389570862,13.663383485000537,49.18818054600194
53.6,566.1245597967004,13.663425548535267,49.188331974726964
53.650000000000006,566.8077321504837,13.663468602799,49.188486970076404
53.7,567.4909066816606,13.663512644274455,49.18864551938804
53.75,568.1740834361177,13.66355753400913,49.18880712243287
53.800000000000004,568.8572624494083,13.663602997615289,49.188970791415045
53.85,569.5404437399804,13.663648625269971,49.1891350509719
53.900000000000006,570.2236273183288,13.663694508662065,49.18930023118344
53.95,570.9068132084547,13.663741096371487,49.189467946937356
54.0,571.5900014458275,13.66378839854507,49.18963823476225
54.050000000000004,572.2731920666012,13.663836432401897,49.18981115664683
54.1,572.9563851191566,13.663885669817006,49.189988411341226
54.150000000000006,573.6395806475186,13.663935464664757,49.19016767279312
54.2,574.3227786643789,13.66398520974711,49.1903467550896
54.25,575.0059791530424,13.66403433679362,49.190523612457035
54.300000000000004,575.6891820693738,13.664082316461423,49.19069633926112
54.35,576.37238734811,13.66412883298769,49.190863798755686
54.400000000000006,577.0555949193612,13.664174017059517,49.19102646141426
54.45,577.7388047156398,13.66421783408651,49.19118420271144
54.5,578.4220166697803,13.664260331529917,49.1913371935077
54.550000000000004,579.1052307107096,13.664301305645498,49.1914847003238
54.6,579.7884467734865,13.664341205428258,49.19162833954173
54.650000000000006,580.4716648184485,13.664380593053243,49.19177013499168
54.7,581.1548848348963,13.664420064857298,49.19191223348627
54.75,581.8381068428012,13.66446025133904,49.19205690482055
54.800000000000004,582.5213308920521,13.664501718696902,49.19220618730885
54.85,583.2045570338727,13.664543954123706,49.192358234845344
54.900000000000006,583.887785307394,13.664586986728981,49.192513152224336
54.95,584.5710157520056,13.664630797732386,49.19267087183659
55.0,585.2542484077635,13.66467543258337,49.19283155730014
55.050000000000004,585.9374833118283,13.664720730005335,49.19299462801921
55.1,586.6207204903174,13.664766409559181,49.19315907441305
55.150000000000006,587.3039599546383,13.664812163279555,49.1933237878064
55.2,587.9872017001122,13.66485765567484,49.193487560429425
55.25,588.6704457045972,13.664902523727179,49.193649085417846
55.300000000000004,589.3536919434551,13.664947030589122,49.19380931012084
55.35,590.0369403992293,13.664991200373395,49.19396832134422
55.400000000000006,590.7201910551704,13.665035037272508,49.19412613418103
55.45,591.4034439183027,13.665079488021304,49.19428615687669
55.5,592.0866990225442,13.665124681637568,49.194448853895246
55.550000000000004,592.7699563726518,13.66516932266682,49.19460956160055
55.6,593.4532159148073,13.66521236355139,49.194764508785006
55.650000000000006,594.1364775490118,13.665253004630435,49.19491081666956
55.7,594.8197411414811,13.665290694139939,49.19504649890378
55.75,595.5030065315418,13.665324908285697,49.19516966982851
55.800000000000004,596.1862735386809,13.665355377279413,49.19527935820589
55.85,596.8695419757524,13.66538210558252,49.19537558009707
55.900000000000006,597.5528116665191,13.665405525082377,49.19545989029656
55.95,598.236082462859,13.66542632851501,49.19553478265404
56.0,598.9193542392928,13.665444728836977,49.19560102381312
56.050000000000004,599.6026268885993,13.665461243419859,49.195660476311495
56.1,600.2859003370361,13.665476694050266,49.19571609858096
56.150000000000006,600.9691745595605,13.665492206929832,49.195771944947396
56.2,601.6524495498285,13.66550740378618,49.19582665363025
56.25,602.3357252684817,13.665521342343531,49.19587683243672
56.300000000000004,603.019001652285,13.66553400978826,49.19592243523774
56.35,603.7022786366089,13.665545363166405,49.19596330739906
56.400000000000006,604.3855561459851,13.665555011884738,49.19599804278506
56.45,605.068834115445,13.665563766512989,49.196029559446764
56.5,605.7521125201379,13.665572421201354,49.19606071632487
56.550000000000004,606.4353913745099,13.66558175368051,49.19609431324984
56.6,607.1186707314835,13.665592525261602,49.196133090941764
56.650000000000006,607.8019506718334,13.665605088739001,49.19617831946041
56.7,608.4852312783158,13.665619170558513,49.19622901401065
56.75,609.168512627671,13.665634803650022,49.19628529314008
56.800000000000004,609.8517947959533,13.66565192764207,49.19634693951146
56.85,610.5350778519943,13.665670313998321,49.19641313039396
56.900000000000006,611.2183618542211,13.665689775075265,49.19648319027095
56.95,611.9016468492463,13.665710025932203,49.19655609335593
57.0,612.584932866853,13.665730678337447,49.19663044201481
57.050000000000004,613.2682199148306,13.665751240768333,49.196704466766
57.1,613.9515079790583,13.665771328339233,49.19677678202124
57.150000000000006,614.6347970516956,13.665791577154685,49.196849677756866
57.2,615.3180871409395,13.665811992601263,49.196923173364546
57.25,616.0013782550064,13.6658325700759,49.19699725227324
57.300000000000004,616.6846704109187,13.665853666413394,49.19707319908822
57.35,617.3679636289702,13.665875055645593,49.19715020032414
57.400000000000006,618.0512579141409,13.665896351182214,49.197226864255974
57.45,618.7345532533686,13.66591721792599,49.19730198453357
57.5,619.4178496181236,13.665937372272648,49.197374540181535
57.550000000000004,620.1011469669832,13.665956582110923,49.197443695599326
57.6,620.7844452518776,13.665974813670276,49.197509329213
57.650000000000006,621.4677444228544,13.665992025401309,49.19757129144471
57.7,622.151044429344,13.666008234181607,49.19762964305379
57.75,622.8343452863244,13.666026045034553,49.19769376212439
57.800000000000004,623.5176470689731,13.666045260914611,49.1977629392926
57.85,624.200949771187,13.666062827639017,49.19782617950046
57.900000000000006,624.8842532494577,13.66607630319066,49.197874691486376
57.95,625.5675572534805,13.666083857718064,49.19790188778503
58.0,626.2508614567618,13.666084273535384,49.19790338472738
58.050000000000004,626.9341654690139,13.666076216553066,49.197874379591035
58.1,627.6174688513413,13.666059076540673,49.19781267554642
58.150000000000006,628.300771150807,13.666032902087878,49.19771844751636
58.2,628.9840719605642,13.665999488200143,49.19759815752052
58.25,629.6673709669543,13.665960767406222,49.1974587626624
58.300000000000004,630.3506678890066,13.665916114685615,49.19729801286822
58.35,631.0339624378007,13.665865837079004,49.197117013484416
58.400000000000006,631.7172543630699,13.665811173688247,49.196920225277694
58.45,632.4005434998039,13.665754295676395,49.19671546443502
58.5,633.0838296909488,13.665693350120742,49.196496060434676
58.550000000000004,633.7671126784415,13.665626149588874,49.19625413851995
58.6,634.4503921485986,13.665552656690771,49.19598956408678
58.650000000000006,635.1336677952196,13.665473208152632,49.195703549349474
58.7,635.816939338148,13.665388508985282,49.195398632347015
58.75,636.5002065431992,13.665299693059879,49.19507889501556
58.800000000000004,637.1834692423084,13.665208271309217,49.19474977671318
58.85,637.8667273523844,13.665116131727709,49.194418074219755
58.900000000000006,638.5499808941619,13.665025539371417,49.1940919417371
58.95,639.2332299524182,13.664936790882155,49.19377244717576
59.0,639.9164745750099,13.664848112786647,49.19345320603193
59.050000000000004,640.5997147654874,13.664759506312155,49.19313422272376
59.1,641.2829505276362,13.664670979639165,49.192815526701
59.150000000000006,641.966181874324,13.664582887873276,49.192498396343794
59.2,642.6494088190565,13.664494901426304,49.192181645134696
59.25,643.33263135998,13.664406735518206,49.191864247865546
59.300000000000004,644.0158494821225,13.664318150177097,49.19154534063755
59.35,644.6990631596328,13.664228950239242,49.19122422086127
59.400000000000006,645.3822723583786,13.664138999593696,49.19090039853731
59.45,646.0654770396786,13.664048252405426,49.190573708659535
59.5,646.7486771631277,13.663956685556919,49.19024406800491
59.550000000000004,647.431872688393,13.663864325055375,49.18991157019935
59.6,648.1150636920705,13.663775822045672,49.18959295936442
59.650000000000006,648.7982502960914,13.663688338791546,49.18927801964957
59.7,649.4814324573747,13.663598112539129,49.18895320514086
59.75,650.164609963325,13.663502125475196,49.188607651710704
59.800000000000004,650.84778246908,13.663398104727165,49.18823317701779
59.85,651.5309495342046,13.66328450025696,49.18782420092506
59.900000000000006,652.2141106413933,13.663159787290144,49.18737523424452
59.95,652.8972652237949,13.663023508771158,49.18688463157617
60.0,653.5804127091006,13.662875903460371,49.18635325245734
60.050000000000004,654.2635526353545,13.662721146691672,49.18579612809002
60.1,654.9466846605508,13.662559861159025,49.18521550017249
60.150000000000006,655.6298084240084,13.66239067714342,49.18460643771632
60.2,656.3129235297687,13.662213553266227,49.18396879175842
60.25,656.9960296130125,13.662029776489177,49.18330719536104
60.300000000000004,657.6791264064776,13.661841962114377,49.18263106361176
60.35,658.3622135824744,13.661645077758862,49.181922279931904
60.400000000000006,659.0452906528875,13.661437738766457,49.18117585955925
60.45,659.7283570974656,13.661220044356678,49.18039215968405
60.5,660.4114124356208,13.660993481850113,49.179576534660406
60.550000000000004,661.0944562635643,13.66075963589168,49.178734689210046
60.6,661.7774882360152,13.660519262142783,49.17786934371402
60.650000000000006,662.4605080664346,13.660273954635457,49.17698623668765
60.7,663.1435155689448,13.660026145772385,49.17609412478058
60.75,663.8265107002474,13.659779106326877,49.17520478277676
60.800000000000004,664.5094934426198,13.659530588572213,49.17431011885997
60.85,665.192463674526,13.659278687674824,49.17340327562937
60.900000000000006,665.8754212266574,13.659023397580405,49.17248423128946
60.95,666.5583659549468,13.658765733992965,49.171556642374675
61.0,667.2412977852084,13.658507476471538,49.17062691529754
61.050000000000004,667.9242166458612,13.65824694963801,49.169689018696836
61.1,668.6071223958991,13.657983051878382,49.16873898676218
61.150000000000006,669.2900148535796,13.657715255342765,49.167774919233956
61.2,669.9728938251118,13.657443605945401,49.166796981403444
61.25,670.6557590962922,13.65716724127205,49.16580206857938
61.300000000000004,671.3386103989246,13.656884864026253,49.16478551049451
61.35,672.0214474303966,13.656596394853157,49.163747021471366
61.400000000000006,672.7042699116188,13.65630285403159,49.16269027451373
61.45,673.3870777584712,13.656011020064234,49.161639672231246
61.5,674.0698709287622,13.655715791575947,49.16057684967341
61.550000000000004,674.7526491583508,13.655413391968551,49.15948821108679
61.6,675.4354120273855,13.655101369420837,49.15836492991502
61.650000000000006,676.1181590265433,13.654778596888569,49.15720294879885
61.7,676.800889583257,13.6544436716615,49.1559972179814
61.75,677.4836030050088,13.654093198413062,49.154735514287026
61.800000000000004,678.1662985047823,13.653726792523447,49.15341645308441
61.85,678.8489753002511,13.653345026231882,49.152042094434776
61.900000000000006,679.5316327865498,13.65295442571635,49.150635932578865
61.95,680.2142704921,13.652553796289443,49.14919366664199
62.0,680.8968879033621,13.652142654195384,49.14771355510338
62.050000000000004,681.5794845240966,13.651722175187187,49.14619983067387
62.1,682.2620599583395,13.651295194526671,49.14466270029602
62.150000000000006,682.944613957495,13.650864771695874,49.143113178105146
62.2,683.6271461532608,13.650423058936862,49.141523012172705
62.25,684.3096559708074,13.649969642926248,49.139890714534495
62.300000000000004,684.9921428322053,13.649504812990404,49.13821732676546
62.35,685.6746062447271,13.649031687879855,49.13651407636748
62.400000000000006,686.3570458117899,13.648550994633926,49.13478358068213
62.45,687.0394611606627,13.648062960275066,49.13302665699024
62.5,687.7218519569273,13.647568890308797,49.13124800511167
62.550000000000004,688.404217958403,13.647071168723718,49.12945620740538
62.6,689.0865590690709,13.646573257991484,49.12766372876934
62.650000000000006,689.7688751479482,13.646069897102787,49.125851629570036
62.7,690.4511659031604,13.645560311382676,49.12401712097763
62.75,691.1334310255844,13.645044585577885,49.12216050808039
62.800000000000004,691.8156702701181,13.644525195767255,49.12029070476212
62.85,692.4978834755402,13.64400302111715,49.11841087602174
62.900000000000006,693.1800704615034,13.64347641740975,49.116515102675095
62.95,693.8622309868255,13.642944595470045,49.11460054369216
63.0,694.5443647922414,13.642407621165859,49.11266743619709
63.050000000000004,695.2264716431557,13.641866415407822,49.11071909546816
63.1,695.908551268101,13.641318582399588,49.10874689663852
63.150000000000006,696.5906032452158,13.640760502194478,49.106737807900124
63.2,697.2726269939491,13.640189447136814,49.10468200969253
63.25,697.9546219217576,13.639607665204867,49.10258759473752
63.300000000000004,698.6365876359888,13.639020904042974,49.10047525455471
63.35,699.3185240332685,13.638434987145153,49.098365953722556
63.400000000000006,700.0004313665274,13.637858343211546,49.096290035561566
63.45,700.6823103600955,13.63730139951196,49.09428503824306
63.5,701.364162294454,13.636775974828872,49.09239350938394
63.550000000000004,702.0459889617925,13.63629071871375,49.090646587369505
63.6,702.7277925506698,13.635852836378783,49.08907021096362
63.650000000000006,703.4095756302319,13.635470346103453,49.08769324597243
63.7,704.0913411722095,13.635151332999644,49.08654479879872
63.75,704.7730926248408,13.634906772255494,49.08566438011978
63.800000000000004,705.4548335593161,13.634730606754909,49.085030184317674
63.85,706.1365671911303,13.634614665815901,49.08461279693724
63.900000000000006,706.8182963748119,13.634552681447024,49.084389653209286
63.95,707.5000237481373,13.63454225156864,49.084352105647106
64.0,708.1817518238036,13.634580775081261,49.08449079029254
64.05,708.8634829628522,13.634664786866225,49.08479323271841
64.10000000000001,709.5452194228953,13.634793614859571,49.085257013494456
64.15,710.22696345781,13.634967781726228,49.08588401421442
64.2,710.9087176489489,13.635199863829689,49.08671950978688
64.25,711.5904847440878,13.635483941723859,49.087742190205894
64.3,712.2722672497565,13.63581628502253,49.08893862608111
64.35000000000001,712.9540675513452,13.63619577852582,49.090304802692955
64.4,713.6358880438672,13.63662392235267,49.09184612046962
64.45,714.3177311851141,13.637101727521767,49.09356621907836
64.5,714.9995991952438,13.637618677666335,49.095427239598806
64.55,715.6814940013927,13.638173568290506,49.09742484584582
64.60000000000001,716.3634175054337,13.638766593349924,49.09955973605973
64.65,717.0453717431005,13.639402913320916,49.101850487955296
64.7,717.7273589027171,13.640083471343754,49.10430049683752
64.75,718.4093812237786,13.640809371114628,49.106913736012665
64.8,719.0914410503445,13.641583691522706,49.10970128948174
64.85000000000001,719.7735409298039,13.642411486850374,49.11268135266135
64.9,720.4556837116496,13.643299786980688,49.11587923313048
64.95,721.1378721137622,13.644236297523449,49.119250671084416
65.0,721.820108514721,13.645219740829614,49.12279106698661
65.05,722.502395248559,13.646249612687178,49.126498605673845
65.10000000000001,723.1847347144425,13.647329022652361,49.130384481548504
65.15,723.8671293901201,13.64845800445266,49.134448816029575
65.2,724.5495816883472,13.64963392463099,49.13868212867157
65.25,725.2320939202582,13.65085535180701,49.14307926650524
65.3,725.9146683554768,13.652122056939461,49.147639404982066
65.35000000000001,726.5973072822402,13.653435013594969,49.152366048941886
65.4,727.2800128925714,13.654789399653168,49.15724183875141
65.45,727.9627871998675,13.656182892189722,49.162258411883
65.5,728.6456321401905,13.657614720729223,49.1674129946252
65.55,729.3285497514196,13.659089728435099,49.172723022366355
65.60000000000001,730.0115422718005,13.660611086801193,49.178199912484295
65.65,730.6946118162908,13.662170692809216,49.18381449411318
65.7,731.3777601483205,13.663762588376013,49.18954531815365
65.75,732.0609887870467,13.665382960670613,49.19537865841421
65.8,732.7442991146244,13.667030142436762,49.20130851277234
65.85000000000001,733.4276923335693,13.668698615362345,49.207315015304445
65.9,734.1111693940454,13.670383803680693,49.2133816932505
65.95,734.7947311042824,13.672084605799675,49.219504580878834
66.0,735.478378316895,13.673803898707103,49.22569403534557
66.05,736.1621121536175,13.67554957019265,49.231978452693546
66.10000000000001,736.8459338071859,13.677316572542821,49.23833966115416
66.15,737.5298442892636,13.679102710561057,49.24476975801981
66.2,738.2138445730759,13.680908641930458,49.25127111094965
66.25,738.8979357360637,13.682737877581026,49.257856359291694
66.3,739.5821188580535,13.684587002012996,49.264513207246786
66.35000000000001,740.2663946926357,13.686446381272997,49.27120697258279
66.4,740.9507637161831,13.688314560623269,49.27793241824377
66.45,741.6352263726452,13.690191697859731,49.28469011229503
66.5,742.3197832676917,13.692084103999832,49.2915027743994
66.55,743.0044351132158,13.693989716961783,49.29836298106242
66.60000000000001,743.689182569417,13.695908531087342,49.30527071191443
66.65,744.3740263476327,13.697842597540042,49.31223335114415
66.7,745.0589673131889,13.699796024706654,49.31926568894396
66.75,745.7440064668281,13.70177012085967,49.32637243509482
66.8,746.4291445854406,13.703754623641574,49.33351664510967
66.85000000000001,747.1143821517411,13.705748028379865,49.34069290216752
66.9,747.7997195909478,13.707749539888205,49.34789834359754
66.95,748.4851574672491,13.709765512162864,49.355155843786314
67.0,749.1706964107683,13.711792228602938,49.36245202297058
67.05,749.8563368572527,13.713825630772995,49.36977227078278
67.10000000000001,750.5420790812292,13.7158633282864,49.37710798183104
67.15,751.227923279417,13.717904599229726,49.38445655722702
67.2,751.913869640723,13.719949853005055,49.3918194708182
67.25,752.5999181615016,13.72199097814001,49.39916752130404
67.3,753.2860685892789,13.724026132950698,49.406494078622515
67.35000000000001,753.9723206033317,13.726054429162163,49.41379594498379
67.4,754.6586739606598,13.728079863962218,49.42108751026399
67.45,755.3451285087884,13.73010206118013,49.42836742024847
67.5,756.0316840267209,13.732118656115547,49.43562716201597
67.55,756.7183402177321,13.734128984334209,49.442864343603155
67.60000000000001,757.4050967943931,13.736134082103277,49.4500826955718
67.65,758.0919535636164,13.738136686827115,49.457292072577616
67.7,758.7789101959517,13.740128606586465,49.46446298371127
67.75,759.4659660850099,13.74210695574272,49.471585040673794
67.8,760.1531205243697,13.744070618647994,49.47865422713278
67.85000000000001,760.840372901688,13.746024474085225,49.48568810670681
67.9,761.5277227631279,13.747969983510442,49.49269194063759
67.95,762.2151695132434,13.749900021106708,49.499640075984146
68.0,762.9027122532967,13.751809581026343,49.50651449169484
68.05,763.590349887268,13.753695777824884,49.513304800169585
68.10000000000001,764.278081227886,13.755557846894153,49.520008248818954
68.15,764.96590490988,13.757389432866734,49.52660195832024
68.2,765.6538192967337,13.759186041281048,49.53306974861177
68.25,766.3418226086412,13.76094643502141,49.539407166077076
68.3,767.029913144864,13.76267501389302,49.54563005001487
68.35000000000001,767.7180895077639,13.764379502100414,49.55176620756149
68.4,768.4063502868902,13.766051662950321,49.557785986621155
68.45,769.0946937393455,13.767686435261773,49.563671166942385
68.5,769.7831179485718,13.76928193378645,49.569414961631225
68.55,770.4716209831571,13.770839449626742,49.57502201865627
68.60000000000001,771.1602007982889,13.772353155644197,49.58047136031911
68.65,771.8488549839458,13.773814270631124,49.58573137427205
68.7,772.5375808726284,13.775221276674564,49.59079659602843
68.75,773.2263757851797,13.776575225376497,49.59567081135539
68.8,773.9152372484255,13.777883304455337,49.600379896039215
68.85000000000001,774.6041629334917,13.779144098193424,49.60491875349633
68.9,775.2931505067008,13.780358830173029,49.609291788622905
68.95,775.9821977615469,13.781531363671188,49.61351290921628
69.0,776.67130275069,13.782668202050978,49.617605527383525
69.05,777.3604637090913,13.783770133999553,49.62157248239839
69.10000000000001,778.0496785916031,13.784825166473624,49.62537059930505
69.15,778.7389450184265,13.785831906462374,49.628994863264545
69.2,779.4282605612322,13.786789805761673,49.632443300742025
69.25,780.1176229199548,13.787704543142016,49.63573635531126
69.3,780.8070298628545,13.788573172846043,49.638863422245755
69.35000000000001,781.4964790311252,13.789393557983889,49.641816808742
69.4,782.1859679987934,13.790165148746096,49.64459453548595
69.45,782.875494352081,13.79088898275707,49.64720033792545
69.5,783.5650557313111,13.791566186445262,49.649638271202946
69.55,784.2546496084282,13.792188898239987,49.65188003366395
69.60000000000001,784.9442732244756,13.792755743657274,49.65392067716619
69.65,785.6339237706732,13.793266104245296,49.655757975283066
69.7,786.3235986555244,13.793729289804077,49.65742544329468
69.75,787.0132954300053,13.794141689433992,49.658910081962375
69.8,787.7030113690555,13.794495872572593,49.66018514126134
69.85000000000001,788.392743434473,13.794786744128027,49.6612322788609
69.9,789.0824883916958,13.79501154478464,49.662041561224704
69.95,789.772242926598,13.795169851302674,49.662611464689626
70.0,790.4620034983858,13.795253020211405,49.66291087276106
70.05,791.1517662903577,13.795258658665116,49.662931171194415
70.10000000000001,791.8415274159868,13.79518636649619,49.66267091938628
70.15,792.5312832252193,13.79504600280809,49.66216561010913
70.2,793.2210303748034,13.794839980551266,49.66142392998456
70.25,793.9107653963638,13.794560881865472,49.6604191747157
70.3,794.6004845402482,13.79420487351058,49.65913754463809
70.35000000000001,795.2901839547638,13.79377170711573,49.65757814561663
70.4,795.9798598654273,13.793264719421675,49.65575298991803
70.45,796.6695083044503,13.792672841498007,49.65362222939282
70.5,797.3591248862672,13.791990431176227,49.65116555223442
70.55,798.0487050718385,13.791216991678247,49.648381170041695
70.60000000000001,798.7382444289526,13.790357292885163,49.64528625438659
70.65,799.4277388019441,13.789417626775702,49.64190345639253
70.7,800.117184158841,13.788396649104493,49.638227936776175
70.75,800.8065764787069,13.787296145531055,49.6342661239118
70.8,801.4959119081403,13.786121031805404,49.630035714499456
70.85000000000001,802.1851869177841,13.78487935394624,49.62556567420646
70.9,802.8743980340291,13.783565295856613,49.62083506508381
70.95,803.5635414241534,13.782170309113791,49.61581311280965
71.0,804.2526130275745,13.78069382772872,49.6104977798234
71.05,804.9416088204576,13.779137887598441,49.60489639535439
71.10000000000001,805.6305250017836,13.777509365438728,49.599033715579424
71.15,806.3193578556342,13.775804788587088,49.592897238913515
71.2,807.0081035461493,13.774022832017454,49.58648219526284
71.25,807.6967582249112,13.772164318457042,49.57979154644535
71.3,808.3853181383349,13.77023221849532,49.57283598658315
71.35000000000001,809.0737795752576,13.768225258410535,49.56561093027793
71.4,809.7621386164082,13.766136387612207,49.558090995403944
71.45,810.4503911528664,13.76396507071611,49.55027425457799
71.5,811.1385330746119,13.761711799104948,49.54216247677781
71.55,811.8266293530097,13.762139336808193,49.543701612509494
71.60000000000001,812.5147627424109,13.763196239236587,49.547506461251714
71.65,813.2029155502136,13.762916072871626,49.54649786233785
71.7,813.8909771801161,13.759549123232745,49.53437684363788
71.75,814.5787578167278,13.751676341233477,49.50603482844052
71.8,815.2660001915152,13.738018650260496,49.45686714093779
71.85000000000001,815.9523930033804,13.717693824347169,49.38369776764981
71.9,816.6375876239031,13.690090996560635,49.284327587618286
71.95,817.3212132908615,13.65493568177348,49.15776845438453
72.0,818.0028996179906,13.612517403391266,49.00506265220856
72.05,818.6822992944626,13.56346965549014,48.828490759764506
72.10000000000001,819.3591075778654,13.50886168062424,48.63190205024726
72.15,820.0330898773518,13.45043029883118,48.42154907579225
72.2,820.7041082359924,13.390304046792917,48.2050945684545
72.25,821.3721432927858,13.331098224942043,47.99195360979135
72.3,822.0371885555269,13.270712284699085,47.77456422491671
72.35000000000001,822.6991902337752,13.20935484523568,47.553677442848446
72.4,823.3581074235182,13.147332744484007,47.33039788014243
72.45,824.0139156286688,13.084995461539561,47.105983661542425
72.5,824.6666015003988,13.022439407660425,46.88078186757753
72.55,825.3161629479887,12.96001849593424,46.65606658536326
72.60000000000001,825.9626117189679,12.897932343232515,46.43255643563705
72.65,826.6059663252045,12.836251906231771,46.21050686243438
72.7,827.2462551289309,12.775300242827491,45.99108087417897
72.75,827.8835191009108,12.715258636367837,45.77493109092421
72.8,828.5178063521103,12.65623141161229,45.562433081804244
72.85000000000001,829.1491781692978,12.598641275888044,45.35510859319696
72.9,829.7777098819416,12.542627229864994,45.15345802751398
72.95,830.4034810690534,12.488220254607894,44.95759291658842
73.0,831.0265776987903,12.435644934866847,44.76832176552065
73.05,831.6470907152375,12.3848757230186,44.58555260286696
73.10000000000001,832.2651091706881,12.335862495005216,44.40910498201878
73.15,832.8807229427952,12.288688389277029,44.239278201397305
73.2,833.4940228423292,12.243307592085186,44.07590733150667
73.25,834.1050972177607,12.19966742517332,43.91880273062395
73.3,834.7140318397057,12.157717452630738,43.76778282947066
73.35000000000001,835.3209056580994,12.117235283115457,43.62204701921565
73.4,835.925792866918,12.07825306962967,43.48171105066681
73.45,836.5287686733884,12.040779189189763,43.34680508108315
73.5,837.1299049836698,12.004673222066337,43.21682359943882
73.55,837.7292748570137,11.97012171169047,43.0924381620857
73.60000000000001,838.326956774403,11.93715498388191,42.97375794197488
73.65,838.9230280061482,11.905694285925554,42.860499429331995
73.7,839.5175675781297,11.875888593333581,42.75319893600089
73.75,840.110661240717,11.847857910159625,42.652288476574654
73.8,840.702396291278,11.82154411227738,42.55755880419857
73.85000000000001,841.2928620214312,11.797085093851418,42.469506337865106
73.9,841.8821493400496,11.774407650884704,42.38786754318494
73.95,842.4703426678303,11.75332546034165,42.31197165722994
74.0,843.0575219703169,11.733846639121843,42.241847900838636
74.05,843.6437631649611,11.715801146648003,42.17688412793281
74.10000000000001,844.2291356129057,11.699096771135979,42.116748376089525
74.15,844.8137050562708,11.68368096347125,42.0612514684965
74.2,845.3975315167695,11.669377456478248,42.00975884332169
74.25,845.9806722674525,11.65625257084162,41.96250925502983
74.3,846.5631874716795,11.644355598239276,41.919680153661396
74.35000000000001,847.1451361689086,11.633592290927155,41.88093224733776
74.4,847.7265758291238,11.62399411768132,41.846378823652756
74.45,848.3075657873245,11.61560421034417,41.816175157239016
74.5,848.8881621710829,11.608251139991232,41.78970410396844
74.55,849.4684164319933,11.60191929642764,41.766909467139506
74.60000000000001,850.0483778207363,11.596536253290704,41.747530511846534
74.65,850.6280905926634,11.591974623793469,41.73110864565649
74.7,851.2075937157072,11.58815029795558,41.71734107264009
74.75,851.7869211498589,11.584947068113992,41.70580944521037
74.8,852.3661008942934,11.582242709261802,41.69607375334249
74.85000000000001,852.9451563664647,11.579976177593217,41.68791423933558
74.9,853.5241072043233,11.57805733674978,41.681006412299205
74.95,854.1029708365563,11.5764879525716,41.67535662925776
75.0,854.6817636027774,11.575222696273926,41.67080170658613
75.05,855.2604973459219,11.574127029502362,41.666857306208506
75.10000000000001,855.8391795300474,11.573160335520654,41.663377207874355
75.15,856.4178167252494,11.572327472557035,41.66037890120533
75.2,856.9964146526988,11.57158962542163,41.65772265151787
75.25,857.5749783713945,11.57095912240525,41.6554528406589
75.3,858.1535135672218,11.570448710683756,41.65361535846152
75.35000000000001,858.7320245084069,11.569988936718243,41.651960172185674
75.4,859.3105117308262,11.569499960055651,41.650199856200345
75.45,859.8889735662743,11.568973457868339,41.64830444832602
75.5,860.4674078487996,11.568397843139255,41.64623223530132
75.55,861.0458122247134,11.567777193410818,41.64399789627895
75.60000000000001,861.624184394401,11.567109594097175,41.641594538749835
75.65,862.202521780838,11.566385863379407,41.638989108165866
75.7,862.7808216643213,11.565609475950078,41.63619411342028
75.75,863.3590800669417,11.564726628867142,41.63301586392171
75.8,863.9372918565782,11.563744956593007,41.62948184373483
75.85000000000001,864.5154538781047,11.562735904468175,41.62584925608543
75.9,865.0935655600615,11.56173137380479,41.62223294569724
75.95,865.6716274205178,11.560743044447875,41.61867496001235
76.0,866.2496414037205,11.559816283658636,41.61533862117109
76.05,866.8276096872653,11.558915058133254,41.61209420927971
76.10000000000001,867.4055323909545,11.557993089433575,41.60877512196087
76.15,867.9834095329912,11.557092592035705,41.60553333132854
76.2,868.5612419256877,11.556203115821564,41.60233121695763
76.25,869.1390304104232,11.555336273598552,41.59921058495479
76.3,869.716776395313,11.554503121993614,41.59621123917701
76.35000000000001,870.2944812461197,11.553690910278677,41.593287277003235
76.4,870.8721473561255,11.552953489951598,41.59063256382576
76.45,871.4497791201815,11.552317072285852,41.58834146022907
76.5,872.0273826165177,11.551822781163427,41.58656201218834
76.55,872.6049651782145,11.551479686706536,41.58532687214353
76.60000000000001,873.1825310171575,11.551153871015876,41.584153935657156
76.65,873.7600776271668,11.55071052935185,41.58255790566666
76.7,874.3375986169228,11.55012906088958,41.58046461920249
76.75,874.9150859695861,11.549365045642144,41.57771416431172
76.80000000000001,875.492527507287,11.54829646239222,41.57386726461199
76.85000000000001,876.0699054163291,11.5468198992889,41.568551637440045
76.9,876.6471945497434,11.544745437283067,41.56108357421904
76.95,877.2243619564488,11.541950830931684,41.55102299135407
77.0,877.8013698912525,11.538366561220828,41.53811962039498
77.05000000000001,878.3781760899011,11.533881384721326,41.52197298499677
77.10000000000001,878.9547352281389,11.528484144792632,41.50254292125348
77.15,879.5310035900312,11.522250330897585,41.480101191231306
77.2,880.1069373513205,11.515100120675871,41.45436043443314
77.25,880.682488767592,11.506956530180132,41.42504350864847
77.30000000000001,881.2576057962763,11.497724617191565,41.39180862188964
77.35000000000001,881.8322312534308,11.487293668989937,41.35425720836377
77.4,882.4063083230616,11.475789116241986,41.31284081847115
77.45,882.9797853595178,11.463292342007811,41.26785243122812
77.5,883.55261089502,11.44972907808359,41.219024681100926
77.55000000000001,884.1247310847962,11.435078512959752,41.166282646655105
77.60000000000001,884.6960895176136,11.41925879973899,41.10933167906037
77.65,885.2666267085339,11.40222883707336,41.0480238134641
77.7,885.8362843321604,11.384076107989015,40.98267398876045
77.75,886.4050066439722,11.364816364484593,40.91333891214454
77.80000000000001,886.9727395792103,11.344501045036605,40.84020376213178
77.85000000000001,887.5394358974693,11.323351685321624,40.76406606715785
77.9,888.1050520826897,11.301295723495667,40.6846646045844
77.95,888.6695445071558,11.278401255150978,40.60224451854352
78.0,889.2328725743192,11.254721431384429,40.51699715298395
78.05000000000001,889.7949934067606,11.2301118662679,40.428402718564435
78.10000000000001,890.3558611887734,11.204599414244274,40.33655789127939
78.15,890.9154307155256,11.178181655848533,40.241453961054724
78.2,891.4736520814986,11.150672983068567,40.14242273904684
78.25,892.0304727850373,11.122155158480806,40.03975857053091
78.30000000000001,892.5858427162033,11.092642088155653,39.93351151736035
78.35000000000001,893.1397105402903,11.062070875321297,39.82345515115667
78.4,893.6920250792822,11.030510684355445,39.7098384636796
78.45,894.242738291921,10.998017821196509,39.592864156307435
78.5,894.7918020551796,10.964532709145871,39.472317752925136
78.55000000000001,895.3391725514282,10.930287140796677,39.34903370686804
78.60000000000001,895.8848103112794,10.89522325325121,39.22280371170436
78.65,896.4286777818371,10.859475569059086,39.09411204861271
78.7,896.9707447756236,10.823204182401536,38.96353505664553
78.75,897.5109832343179,10.786334165371194,38.8308029953363
78.80000000000001,898.0493623072676,10.74882875262054,38.695783509433944
78.85000000000001,898.5858541177387,10.710843666221443,38.5590371983972
78.9,899.1204323996672,10.672287610919337,38.42023539930962
78.95,899.6530730344352,10.633337779803199,38.280016007291515
79.0,900.1837580198926,10.594061638492745,38.13862189857388
79.05000000000001,900.7124687806304,10.554368791019582,37.9957276476705
79.10000000000001,901.2391855991488,10.514303949715785,37.851494218976825
79.15,901.7638943847422,10.4740474740254,37.70657090649144
79.2,902.2865836178661,10.433521850930992,37.560678663351574
79.25,902.8072459020915,10.392969518086911,37.41469026511288
79.30000000000001,903.3258812758025,10.352445430356916,37.2688035492849
79.35000000000001,903.8424912351984,10.311952945479057,37.12303060372461
79.4,904.3570802460713,10.271607489436356,36.977786961970885
79.45,904.8696558246266,10.231415652778127,36.833096350001256
79.5,905.3802232971237,10.191283247106906,36.68861968958486
79.55000000000001,905.8887896416179,10.151370532659293,36.54493391757345
79.60000000000001,906.3953623920083,10.111539482956356,36.40154213864288
79.65,906.8999460786586,10.071807983053755,36.25850873899352
79.7,907.4025500553337,10.032351083952793,36.11646390223006
79.75,907.9031857763895,9.993077758277146,35.97507992979772
79.80000000000001,908.4018627968876,9.9540030616486,35.83441102193496
79.85000000000001,908.8985958482044,9.915318991025115,35.695148367690415
79.9,909.3934017292167,9.876916249467925,35.55689849808453
79.95,909.8862987849833,9.838965981196006,35.420277532305626
80.0,910.37731217715,9.801569705471174,35.285650939696225
80.05000000000001,910.8664663516626,9.764597275033786,35.15255019012163
80.10000000000001,911.3537841829437,9.728115976211743,35.02121751436228
80.15,911.8392925586345,9.692219051420166,34.8919885851126
80.2,912.3230166039438,9.656742760949058,34.76427393941661
80.25,912.804981159209,9.621839449659761,34.638622018775145
80.30000000000001,913.2852130042158,9.587434350615993,34.514763662217575
80.35000000000001,913.7637364288564,9.553502635005511,34.39260948601984
80.4,914.2405787663166,9.520190863402231,34.272687108248036
80.45,914.7157673157369,9.487351113411213,34.15446400828037
80.5,915.1893227229959,9.454865176951365,34.03751463702492
80.55000000000001,915.6612678969577,9.422941781518709,33.922590413467354
80.60000000000001,916.1316305866859,9.391565807609934,33.80963690739576
80.65,916.6004413304494,9.360863942927176,33.69911019453784
80.7,917.067736314563,9.33093542162113,33.59136751783607
80.75,917.5335510012308,9.301652045086016,33.48594736230966
80.80000000000001,917.9979170854384,9.272991323218635,33.38276876358709
80.85000000000001,918.4608685920242,9.24506894021282,33.28224818476615
80.9,918.9224378297082,9.217700567147572,33.18372204173126
80.95,919.3826544238717,9.190963199395016,33.087467517822056
81.0,919.84154882167,9.164812712536692,32.99332576513209
81.05000000000001,920.2991478506266,9.139148445727463,32.900934404618866
81.10000000000001,920.7554751007767,9.113941560277487,32.810189616998954
81.15,921.2105515426914,9.089116116310718,32.72081801871859
81.2,921.6643924458454,9.06452000984498,32.63227203544193
81.25,922.1170127940486,9.040293918285744,32.54505810582868
81.30000000000001,922.5684288068463,9.016346593623492,32.45884773704457
81.35000000000001,923.0186524417674,8.992598803219227,32.37335569158922
81.4,923.4676952508953,8.969113561896442,32.28880882282719
81.45,923.9155699139656,8.94587296091277,32.20514265928597
81.5,924.3622876909243,8.922838117435727,32.12221722276862
81.55000000000001,924.8078603536517,8.900068391661149,32.04024620998014
81.60000000000001,925.2522978528627,8.877431576780868,31.958753676411124
81.65,925.695607181152,8.854941554791377,31.87778959724896
81.7,926.1377983335956,8.83270454294992,31.797736354619712
81.75,926.5788833943474,8.810697887119707,31.718512393630945
81.80000000000001,927.0188751030146,8.788970459570828,31.640293654454982
81.85000000000001,927.4577885462469,8.76756726972204,31.563242170999345
81.9,927.8956364108725,8.746347315303586,31.48685033509291
81.95,928.3324289810706,8.725355492621713,31.411279773438167
82.0,928.7681774858524,8.704584698651553,31.336504915145593
82.05000000000001,929.2028930728125,8.68403877975009,31.262539607100322
82.10000000000001,929.636592569393,8.663941083472235,31.190187900500046
82.15,930.0693014068144,8.644412413382753,31.119884688177912
82.2,930.5010457323068,8.625360606316814,31.05129818274053
82.25,930.9318498560062,8.606804341662238,30.98449562998406
82.30000000000001,931.3617375711144,8.58870426266475,30.9193353455931
82.35000000000001,931.7907315423816,8.571054588026614,30.85579651689581
82.4,932.2188586745718,8.554030699578961,30.79451051848426
82.45,932.6461488980217,8.537578238416001,30.735281658297605
82.5,933.0726291658315,8.521632473973153,30.67787690630335
82.55000000000001,933.4983248584541,8.506195230933967,30.622302831362283
82.60000000000001,933.9232581730926,8.491137354605572,30.568094476580058
82.65,934.3474473650989,8.476430325646575,30.51514917232767
82.7,934.7709091046974,8.462039258292258,30.463341329852128
82.75,935.1936564954325,8.44785637111201,30.412282936003237
82.80000000000001,935.6157001479661,8.433889730234142,30.362003028842913
82.85000000000001,936.0370510712418,8.420147200790678,30.312529922846444
82.9,936.4577175831661,8.406513276182197,30.26344779425591
82.95,936.8777059585943,8.393021740950491,30.21487826742177
83.0,937.2970233939659,8.379675673912708,30.166832426085747
83.05000000000001,937.7156744231744,8.366365494426002,30.11891577993361
83.10000000000001,938.133660761888,8.35308805411602,30.07111699481767
83.15,938.5509803370953,8.339694954178873,30.022901835043942
83.2,938.9676266021464,8.32615564786398,29.974160332310326
83.25,939.3835951228406,8.31258517990201,29.925306647647236
83.30000000000001,939.7988833776778,8.298945013588312,29.876202048917925
83.35000000000001,940.2134850865345,8.285123340680254,29.826444026448915
83.4,940.6273897815919,8.27106446161523,29.77583206181483
83.45,941.0405814297599,8.256601465103373,29.72376527437214
83.5,941.4530388448421,8.241695138188053,29.670102497476993
83.55000000000001,941.8647434137938,8.226487619879185,29.615355431565067
83.60000000000001,942.275681230116,8.211025033008069,29.559690118829046
83.65,942.6858410898266,8.195369355415187,29.503329679494673
83.7,943.0952141769302,8.179554128729801,29.446394863427287
83.75,943.5037881624467,8.163405291929637,29.388259050946694
83.80000000000001,943.9115467048142,8.146936402774571,29.328971049988457
83.85000000000001,944.3184745436906,8.130177152282478,29.26863774821692
83.9,944.724557204475,8.113129279094204,29.207265404739136
83.95,945.1297820739246,8.095865498892994,29.14511579601478
84.0,945.5341377899751,8.078363143129163,29.082107315264988
84.05000000000001,945.9376077653604,8.06043587228133,29.01756914021279
84.10000000000001,946.340170042541,8.042055214942376,28.951398773792555
84.15,946.7417991441663,8.023108850068073,28.883191860245066
84.2,947.1424643895081,8.003500963602121,28.812603468967637
84.25,947.5421349038479,7.9833196099896195,28.739950595962632
84.30000000000001,947.9407807255518,7.962513258164871,28.665047729393535
84.35000000000001,948.3383705199232,7.941078516691521,28.587882660089477
84.4,948.7348757189728,7.919129445293438,28.50886600305638
84.45,949.1302697229368,7.896630713264997,28.427870567753992
84.5,949.5245261319471,7.873625647148346,28.345052329734045
84.55000000000001,949.9176222194142,7.850217851531896,28.26078426551483
84.60000000000001,950.3095355293617,7.826314546369712,28.174732366930964
84.65,950.7002402656815,7.801874906420086,28.08674966311231
84.7,951.0897124257394,7.777011495897401,27.997241385230645
84.75,951.4779295256834,7.751672501860604,27.906021006698175
84.80000000000001,951.8648723971592,7.726042357171442,27.813752485817194
84.85000000000001,952.250526173988,7.7001087159816635,27.72039137753399
84.9,952.6348729826167,7.673763629167327,27.625549065002378
84.95,953.0178926119104,7.647021542578617,27.529277553283023
85.0,953.3995653868354,7.619889454421782,27.431602035918413
85.05000000000001,953.7798705372661,7.592316562805365,27.332339626099316
85.10000000000001,954.1587887427806,7.564411657775379,27.231881967991363
85.15,954.5363033432263,7.536172360051999,27.1302204961872
85.2,954.9123943325186,7.5074672116387084,27.026881961899353
85.25,955.2870386774119,7.478306584095094,26.921903702742338
85.30000000000001,955.6602100419277,7.448547996536856,26.814772787532682
85.35000000000001,956.0318763546028,7.4181045104670895,26.705176237681524
85.4,956.4020097993717,7.387233280290165,26.59403980904459
85.45,956.7705901616624,7.355981211336024,26.481532360809688
85.5,957.1376017408193,7.324481954938093,26.368135037777133
85.55000000000001,957.5030347224885,7.292837311827224,26.254214322578008
85.60000000000001,957.86688159633,7.261037641836999,26.139735510613196
85.65,958.2291359534462,7.229136642811133,26.02489191412008
85.7,958.5897958938112,7.197260971792744,25.91013949845388
85.75,958.948860751838,7.165333349274796,25.795200057389266
85.80000000000001,959.3063318539333,7.133510734541509,25.680638644349433
85.85000000000001,959.6622169643498,7.101893682117961,25.56681725562466
85.9,960.01652473798,7.070417263092027,25.4535021471313
85.95,960.3692664224805,7.039250116925538,25.341300420931937
86.0,960.7204590784802,7.008456123063578,25.23044204302888
86.05000000000001,961.070120260524,6.977991158691781,25.12076817129041
86.10000000000001,961.4182718622951,6.948072912149456,25.013062483738043
86.15,961.7649405165112,6.918673256491877,24.907223723370755
86.2,962.1101518335967,6.889779426928419,24.80320593694231
86.25,962.4539358682367,6.86158195867647,24.70169505123529
86.30000000000001,962.7963292132358,6.83415184128561,24.6029466286282
86.35000000000001,963.1373685746228,6.807422614191369,24.50672141108893
86.4,963.4770890887991,6.781397952859484,24.413032630294143
86.45,963.815519422215,6.755815383773873,24.320935381585944
86.5,964.1526807675347,6.73063842901428,24.23029834445141
86.55000000000001,964.4885917107455,6.705799299417185,24.140877477901867
86.60000000000001,964.8232660279864,6.681173390219951,24.052224204791823
86.65,965.1567145941458,6.656769256154091,23.96436932215473
86.7,965.4889486224533,6.632591876145234,23.877330754122845
86.75,965.8199755552941,6.608485437485981,23.79054757494953
86.80000000000001,966.1498017851264,6.584563755806342,23.70442952090283
86.85000000000001,966.4784359502212,6.560802847985262,23.618890252746944
86.9,966.8058865715454,6.5372220049871395,23.533999217953703
86.95,967.1321680503544,6.514037147369976,23.450533730531912
87.0,967.4573041757689,6.491407869207364,23.369068329146508
87.05000000000001,967.7813192987915,6.469197051696319,23.289109386106748
87.10000000000001,968.104236928466,6.4475081352864585,23.211029287031252
87.15,968.4260800056613,6.4262149525291825,23.13437382910506
87.2,968.7468672017587,6.405272891367496,23.058982408922986
87.25,969.0666158148503,6.384671632294053,22.98481787625859
87.30000000000001,969.3853418891318,6.36437133896723,22.911736820282027
87.35000000000001,969.7030595419894,6.344334775336777,22.839605191212396
87.4,970.0197844901758,6.324663152117567,22.768787347623242
87.45,970.3355310078821,6.3051975561348685,22.698711202085526
87.5,970.6503100552579,6.28596433890093,22.62947162004335
87.55000000000001,970.9641320673844,6.266916146156763,22.56089812616435
87.60000000000001,971.2770023054023,6.247893374559431,22.49241614841395
87.65,971.5889219341636,6.228891775892619,22.42401039321343
87.7,971.8998932332139,6.209960186120021,22.35585667003208
87.75,972.209915577012,6.190933565803093,22.287360836891136
87.80000000000001,972.5189861901234,6.17189095865554,22.218807451159947
87.85000000000001,972.8271022947565,6.152753226668851,22.149911616007866
87.9,973.1342552132522,6.1333635131602735,22.080108647376985
87.95,973.4404335710104,6.113770797167198,22.009574869801913
88.0,973.7456270144801,6.093966941618932,21.938280989828158
88.05000000000001,974.0498236458494,6.073898313156427,21.866033927363137
88.10000000000001,974.3530141092461,6.053720222711501,21.793392801761403
88.15,974.6551907592558,6.033345777672001,21.720044799619206
88.2,974.9563446613287,6.012810305242902,21.64611709887445
88.25,975.256468385232,5.9921386508906265,21.571699143206256
88.30000000000001,975.5555508475948,5.9711598436205655,21.496175437034037
88.35000000000001,975.853575754665,5.949836439190992,21.419411181087572
88.4,976.1505282976024,5.92826527830046,21.341755001881655
88.45,976.4463909507506,5.906240847630213,21.262467051468764
88.5,976.7411421536398,5.883807267938449,21.18170616457842
88.55000000000001,977.0347612773164,5.860957679129552,21.099447644866387
88.60000000000001,977.327224155422,5.837557445092939,21.015206802334582
88.65,977.6185048398977,5.813669933936145,20.929211762170123
88.7,977.9085808646898,5.7893710577503,20.84173580790108
88.75,978.1974294928181,5.764574067376409,20.752466642555074
88.80000000000001,978.4850305597305,5.739468609118706,20.662086992827344
88.85000000000001,978.7713660362267,5.713950450731857,20.570221622634683
88.9,979.056416133979,5.688053459360651,20.476992453698344
88.95,979.3401644051843,5.661877388851074,20.382758599863866
89.0,979.6225962665101,5.635397064178807,20.28742943104371
89.05000000000001,979.9036945420153,5.608533956030212,20.190722241708762
89.10000000000001,980.1834429299097,5.581401559746746,20.093045615088286
89.15,980.461823406018,5.553817484586418,19.993742944511105
89.2,980.7388135489341,5.525788232058971,19.892837635412295
89.25,981.0143923771648,5.497364897166754,19.790513629800316
89.30000000000001,981.2885372659952,5.468430656051154,19.686350361784157
89.35000000000001,981.5612226415545,5.438984366325723,19.580343718772603
89.4,981.8324259750588,5.409148973845257,19.472936305842925
89.45,982.1021245715109,5.378794884242575,19.36366158327327
89.5,982.3702959000914,5.348058258978604,19.253009732322976
89.55000000000001,982.6369215054624,5.316965955860969,19.141077441099487
89.60000000000001,982.9019840951769,5.285537632716794,19.02793547778046
89.65,983.1654695730891,5.253881483773473,18.9139733415845
89.7,983.427368011779,5.2220560638184645,18.799401829746472
89.75,983.6876665283892,5.189884600587128,18.683584562113662
89.80000000000001,983.946352489199,5.157553831805002,18.567193794498007
89.85000000000001,984.2034169034446,5.125022738022105,18.450081856879578
89.9,984.4588502783593,5.092312258565135,18.332324130834486
89.95,984.7126475923599,5.0595803014612954,18.214489085260663
90.0,984.9648063839217,5.0267713610104945,18.096376899637782
90.05000000000001,985.215323083866,4.993896636765308,17.97802789235511
90.10000000000001,985.4641996238527,4.961164962703373,17.860193865732143
90.15,985.711441086818,4.928493555909611,17.742576801274602
90.2,985.9570537511299,4.89601301656544,17.625646859635584
90.25,986.2010505300923,4.863858141930843,17.509889310951035
90.30000000000001,986.4434449445774,4.831918437473532,17.394906374904714
90.35000000000001,986.6842488254072,4.8002367957171455,17.280852464581724
90.4,986.9234777176098,4.768918892388104,17.168108012597177
90.45,987.1611462865408,4.737823864852086,17.05616591346751
90.5,987.3972730692606,4.7072474439380745,16.946090798177067
90.55000000000001,987.6318837969537,4.677181663790666,16.837853989646398
90.60000000000001,987.8650008147403,4.647499047672126,16.730996571619652
90.65,988.0966421626442,4.61815486848869,16.625357526559284
90.7,988.3268219158372,4.589035259227407,16.520526933218665
90.75,988.5555458705207,4.559922928115886,16.41572254121719
90.80000000000001,988.7828145393979,4.530823826968896,16.310965777088025
90.85000000000001,989.0086247873509,4.501586091147796,16.205709928132066
90.9,989.2329692010741,4.472190457779517,16.09988564800626
90.95,989.4558433085222,4.442773840146216,15.993985824526376
91.0,989.6772446739519,4.4132807770432185,15.887810797355588
91.05000000000001,989.8971714648629,4.383790859396876,15.781647093828752
91.10000000000001,990.1156301025302,4.354554647295453,15.676396730263631
91.15,990.3326346456327,4.325627076801461,15.57225747648526
91.2,990.5482060833117,4.2972304303589,15.470029549292041
91.25,990.7623729267842,4.269443308542162,15.369995910751785
91.30000000000001,990.9751644892019,4.242219188164155,15.271989077390957
91.35000000000001,991.1866109678768,4.21563995883381,15.176303851801716
91.4,991.3967480341562,4.189842692342105,15.083433692431578
91.45,991.6056105037886,4.1646560929574195,14.99276193464671
91.5,991.8132300904566,4.140127373761622,14.904458545541841
91.55000000000001,992.0196372348801,4.116158403177398,14.818170251438632
91.60000000000001,992.2248567895311,4.092623782866037,14.733445618317733
91.65,992.4289106861246,4.069532080872417,14.6503154911407
91.7,992.6318190088742,4.046800829113101,14.568482984807163
91.75,992.8335986824837,4.0243861152670775,14.48779001496148
91.80000000000001,993.0342689836649,4.002425931978194,14.408733355121498
91.85000000000001,993.2338501426628,3.980820427939917,14.330953540583701
91.9,993.432358801599,3.959525929505613,14.254293346220207
91.95,993.6298125338794,3.938623361710712,14.179044102158564
92.0,993.8262298871595,3.9180707694922674,14.105054770172163
92.05000000000001,994.0216292572593,3.897904034501236,14.03245452420445
92.10000000000001,994.2160328632821,3.8782402064077797,13.961664743068008
92.15,994.4094626573172,3.858951554998086,13.892225597993109
92.2,994.6019373053124,3.840034364805624,13.824123713300247
92.25,994.793473779983,3.821424622015637,13.757128639256294
92.30000000000001,994.9840858565157,3.8030584392949964,13.691010381461988
92.35000000000001,995.1737866668141,3.7849739726399383,13.625906301503779
92.4,995.3625944864782,3.767338813923441,13.562419730124388
92.45,995.55053270506,3.7501899293485295,13.500683745654706
92.5,995.7376309507874,3.733739899746172,13.44146363908622
92.55000000000001,995.9239245426235,3.7180037736955986,13.384813585304155
92.60000000000001,996.109449987105,3.7030140055669696,13.330850420041092
92.65,996.2942481882493,3.6889140402072393,13.280090544746061
92.7,996.4783641734014,3.6757253658739506,13.232611317146223
92.75,996.6618422394448,3.6633972758628284,13.188230193106182
92.80000000000001,996.844726692632,3.6519808516219654,13.147131065839076
92.85000000000001,997.0270595915371,3.6413351045814197,13.108806376493112
92.9,997.2088757427325,3.631310943238415,13.072719395658295
92.95,997.3902036438525,3.6218051015624004,13.038498365624642
93.0,997.5710640965092,3.6126130047052922,13.005406816939052
93.05000000000001,997.7514694868795,3.6036026101053054,12.9729693963791
93.10000000000001,997.9314287803785,3.5947691298546895,12.941168867476883
93.15,998.1109458069249,3.5859119320012676,12.909282955204564
93.2,998.2900169300907,3.576932994632377,12.876958780676558
93.25,998.468634396653,3.5677656678570946,12.84395640428554
93.30000000000001,998.6467857035436,3.558286607767113,12.809831787961606
93.35000000000001,998.8244538338046,3.548438602672464,12.774378969620871
93.4,999.0016172820951,3.538099328948526,12.737157584214694
93.45,999.178247191887,3.5270970627256073,12.697549425812186
93.5,999.3543102526675,3.5154253684959467,12.655531326585407
93.55000000000001,999.5297709536673,3.503002671495132,12.610809617382476
93.60000000000001,999.7045898295768,3.4897523648842865,12.563108513583432
93.65,999.8787268708359,3.475729285481087,12.512625427731914
93.7,1000.0521420544343,3.460878058457305,12.459161010446298
93.75,1000.2247933615851,3.4451742275714103,12.402627219257077
93.80000000000001,1000.3966401613703,3.4286977638384295,12.343311949818347
93.85000000000001,1000.5676423895078,3.4113913616593248,12.28100890197357
93.9,1000.7377601787773,3.393320209120641,12.215952752834308
93.95,1000.9069588957342,3.37462846915695,12.148662488965021
94.0,1001.0752058051802,3.355247908683996,12.078892471262385
94.05000000000001,1001.2424658114835,3.3351523434488026,12.00654843641569
94.10000000000001,1001.4087052005132,3.3144232177391686,11.931923583861007
94.15,1001.5738911020633,3.2930128442638855,11.854846239349989
94.2,1001.7379911042694,3.270987243983362,11.775554078340102
94.25,1001.9009767598612,3.248438979686538,11.694380326871537
94.30000000000001,1002.062820857421,3.2253249227036123,11.611169721733004
94.35000000000001,1002.2234978750128,3.2017557809674275,11.526320811482739
94.4,1002.382984131104,3.1776944626816443,11.43970006565392
94.45,1002.5412527996798,3.153052280350906,11.350988209263262
94.5,1002.6982775082545,3.1279360626372346,11.260569825494045
94.55000000000001,1002.8540359417417,3.102401276853632,11.168644596673076
94.60000000000001,1003.0085082213317,3.0764899067469327,11.075363664288957
94.65,1003.161679119789,3.050346031547411,10.981245713570681
94.7,1003.313535103657,3.0238933231745504,10.886015963428381
94.75,1003.4640596508361,2.997088563989109,10.789518830360793
94.80000000000001,1003.6132375044782,2.9700255816929784,10.692092094094722
94.85000000000001,1003.7610545709903,2.9426570787905746,10.593565483646069
94.9,1003.907494890869,2.9149557163571087,10.493840578885592
94.95,1004.0525443230354,2.8870215702971995,10.39327765306992
95.0,1004.1961887777162,2.8587566169361223,10.29152382097004
95.05000000000001,1004.3384125639408,2.8301948320471095,10.188701395369595
95.10000000000001,1004.4792016426816,2.8013683175837047,10.084925943301338
95.15,1004.618541788176,2.7722375021927936,9.980055007894057
95.2,1004.7564206798822,2.742918166055043,9.874505397798155
95.25,1004.8928313898828,2.713510233966825,9.76863684228057
95.30000000000001,1005.027767345226,2.683927979764235,9.662140727151245
95.35000000000001,1005.1612232628519,2.6543087252711297,9.555511410976067
95.4,1005.2931958023928,2.6245928563667196,9.44853428292019
95.45,1005.4236778024081,2.5946871442421244,9.340873719271649
95.5,1005.5526623088044,2.564693111611764,9.23289520180235
95.55000000000001,1005.6801447209411,2.534603373858281,9.124572145889811
95.60000000000001,1005.8061180339321,2.5043291457808663,9.015584924811119
95.65,1005.9305769204426,2.4740263146396675,8.906494732702804
95.7,1006.0535188476017,2.4436507717261478,8.797142778214132
95.75,1006.1749391228099,2.4131602365977614,8.68737685175194
95.80000000000001,1006.2948356650184,2.3827014517441567,8.577725226278964
95.85000000000001,1006.4132086415926,2.3522176112250848,8.467983400410306
95.9,1006.5300569248194,2.3217137178455096,8.358169384243835
95.95,1006.6453814950802,2.2912690925861177,8.248568733310023
96.0,1006.7591814646462,2.260729690052832,8.138626884190197
96.05000000000001,1006.8714549098447,2.230208117885939,8.028749224389381
96.10000000000001,1006.9822034667342,2.199734157693481,7.919042967696531
96.15,1007.0914261148062,2.1691717651840405,7.8090183546625465
96.2,1007.1991206825679,2.1386109452859383,7.6989994030293785
96.25,1007.3052882411606,2.1080913984202754,7.589129034312991
96.30000000000001,1007.4099286322486,2.07752424509805,7.479087282352979
96.35000000000001,1007.5130433473574,2.0470643592549087,7.369431693317671
96.4,1007.6146371248897,2.016686742032684,7.2600722713176635
96.45,1007.7147119812439,1.9863075121389562,7.150707043700242
96.5,1007.8132710421186,1.956054922849257,7.041797722257325
96.55000000000001,1007.9103199815704,1.925902655222318,6.933249558800345
96.60000000000001,1008.0058618980962,1.8957740058083772,6.824786420910158
96.65,1008.0999012702553,1.865800880554503,6.716883169996211
96.7,1008.1924438668176,1.8359029819400907,6.609250734984327
96.75,1008.2834932106938,1.8060707731093952,6.501854783193823
96.80000000000001,1008.373053762891,1.776351314778325,6.39486473320197
96.85000000000001,1008.4611284420416,1.746635851244449,6.287889064480017
96.9,1008.547717751909,1.716936543448345,6.180971556414042
96.95,1008.6328252991417,1.687365345858454,6.074515245090435
97.0,1008.7164538370757,1.657776171500746,5.967994217402685
97.05000000000001,1008.7986054224074,1.6282872417655005,5.861834070355802
97.10000000000001,1008.8792851500411,1.598901863586529,5.756046708911505
97.15,1008.9584951629013,1.5694986508171187,5.6501951429416275
97.2,1009.0362366904222,1.5401624500229227,5.544584820082522
97.25,1009.112515935326,1.5110073461282496,5.439626446061698
97.30000000000001,1009.1873396874767,1.4819427399001976,5.334993863640712
97.35000000000001,1009.260716506199,1.453130008991363,5.231268032368907
97.4,1009.3326577731057,1.4245206672759783,5.128274402193522
97.45,1009.4031698448945,1.3959622042779547,5.025463935400637
97.5,1009.4722571098844,1.3675283953161643,4.923102223138192
97.55000000000001,1009.539923463233,1.339125738629249,4.820852659065297
97.60000000000001,1009.6061675624852,1.310638231459747,4.718297633255089
97.65,1009.6709874057107,1.2821554975562495,4.615759791202498
97.7,1009.7343780242055,1.2534692422389135,4.512489272060089
97.75,1009.7963294819424,1.2245890672378714,4.408520642056337
97.80000000000001,1009.8568327910413,1.195543296717299,4.3039558681822765
97.85000000000001,1009.9158763292565,1.1661982318959796,4.198313634825527
97.9,1009.9734471509403,1.136634635452146,4.091884687627726
97.95,1010.0295388398126,1.1070329194436264,3.985318509997055
98.0,1010.0841466453481,1.0772793019746791,3.878205487108845
98.05000000000001,1010.1372669631402,1.0475334097080262,3.7711202749488946
98.10000000000001,1010.1889004684234,1.01780680162332,3.6641044858439518
98.15,1010.2390455580153,0.9879967820512183,3.556788415384386
98.2,1010.2877010067066,0.958221165601598,3.4495961961657526
98.25,1010.3348697149208,0.9285271629700846,3.342697786692305
98.30000000000001,1010.3805535248033,0.8988252323299888,3.23577083638796
98.35000000000001,1010.4247557494427,0.8692637532495834,3.1293495116985004
98.4,1010.4674821388994,0.8397918250179323,3.023250570064556
98.45,1010.5087363524138,0.8103767155573247,2.917356176006369
98.5,1010.5485236861592,0.7811166342561311,2.812019883322072
98.55000000000001,1010.586850415473,0.7519525382946685,2.7070291378608067
98.60000000000001,1010.6237206717637,0.7228577133364517,2.602287768011226
98.65,1010.659141636208,0.6939808644353975,2.498331111967431
98.7,1010.6931212942533,0.6652054573750931,2.394739646550335
98.75,1010.7256665400192,0.6366043732614524,2.2917757437412285
98.80000000000001,1010.7567891986364,0.6083019714253405,2.189887097131226
98.85000000000001,1010.7865010871824,0.5801735704130441,2.0886248534869587
98.9,1010.8148097654041,0.5521735584578334,1.9878248104482004
98.95,1010.8417311593283,0.5246821985131367,1.888855914647292
99.0,1010.8672897052415,0.4976596380171334,1.7915746968616804
99.05000000000001,1010.8915113333737,0.47120548727063166,1.696339754174274
99.10000000000001,1010.9144236021029,0.44528526189611267,1.6030269428260056
99.15,1010.9360520751322,0.419853659277481,1.5114731733989315
99.2,1010.9564225976793,0.39496724260497024,1.421882073377893
99.25,1010.9755616703743,0.37059566519690196,1.3341443947088472
99.30000000000001,1010.9934936200391,0.34668232139445665,1.248056357020044
99.35000000000001,1011.0102432068601,0.32330115144682087,1.163884145208555
99.4,1011.0258348682427,0.3003653038563906,1.0813150938830063
99.45,1011.0402917636541,0.27791051259778493,1.0004778453520258
99.5,1011.0536394662942,0.25599759300725333,0.921591334826112
99.55000000000001,1011.0659016980584,0.23449167756127376,0.8441700392205855
99.60000000000001,1011.0771010074247,0.21348069709356982,0.7685305095368513
99.65,1011.0872702697656,0.1932897965401485,0.6958432675445346
99.7,1011.0965499451097,0.17789721722592194,0.640429982013319
99.75,1011.105017521162,0.16080582486884354,0.5789009695278368
99.80000000000001,1011.1126106282637,0.1429184592000758,0.5145064531202729
99.85000000000001,1011.1192734271118,0.12359349472263653,0.4449365810014915
99.9,1011.1249179971284,0.10218930593954448,0.36788150138236014
99.95,1011.1294243364607,0.07806426735381833,0.281031362473746
100.0,1011.1326403619813,0.05057675346847673,0.18207631248651623
100.05000000000001,1011.1343819092876,0.019085138786538502,0.06870649963153862
