time_s,dist_m,velocity_mps,velocity_kmh
0.0,0.0,0.0,0.0
0.05,0.0021153460866129613,0.08461384346451845,0.3046098364722664
0.1,0.007217661844489244,0.11947878685053286,0.4301236326619183
0.15000000000000002,0.014033318902210046,0.15314749545829914,0.551330983649877
0.2,0.022503760142339582,0.1856701541468822,0.6684125549287759
0.25,0.032572937690395314,0.21709694777534705,0.7815490119912494
0.30000000000000004,0.044187312914847954,0.24747806120275864,0.8909210203299311
0.35000000000000003,0.05729585642712147,0.27686367928818184,0.9967092454374546
0.4,0.07185004808159307,0.3053039868906817,1.0990943528064543
0.45,0.08780387697559319,0.33284916886932314,1.1982570079295634
0.5,0.10511384144940555,0.3595494100831711,1.294377876299416
0.55,0.12373894908626709,0.3854548953912906,1.387637623408646
0.6000000000000001,0.14364071671236803,0.41061580965274647,1.4782169147498874
0.65,0.16478317039685178,0.43508233772660365,1.5662964158157733
0.7000000000000001,0.18713284545181505,0.45890466447192735,1.6520567920989384
0.75,0.2106587864323078,0.4821329747477822,1.735678709092016
0.8,0.235332022307293,0.5047964602516261,1.817267256905854
0.8500000000000001,0.26112602154937437,0.5269635094316283,1.8970686339538618
0.9,0.28801742408521086,0.548692592001831,1.9752933312065915
0.9500000000000001,0.3159855862057891,0.5700338928212988,2.0521220141566756
1.0,0.345012373445049,0.5910375967490967,2.1277353482967483
1.05,0.37508216057988364,0.6117538886442899,2.202313999119444
1.1,0.4061818316301395,0.6322329533659431,2.276038632117395
1.1500000000000001,0.43830077985861593,0.652524975773115,2.349089912783214
1.2000000000000002,0.4714044024720232,0.6716199287631758,2.417831743547433
1.25,0.5054481247006233,0.6901289603808273,2.4844642573709783
1.3,0.540470879476661,0.7107812306606797,2.5588124303784467
1.35,0.5765321148921244,0.7316681859578577,2.6340054694482875
1.4000000000000001,0.61362602929209,0.7520883900407667,2.7075182041467603
1.4500000000000002,0.6517747223367345,0.7738593317450155,2.785893594282056
1.5,0.6910183626383688,0.7958862803203574,2.8651906091532866
1.55,0.7313448022010676,0.817171302187591,2.941816687875328
1.6,0.772742641567418,0.838742272466428,3.019472180879141
1.6500000000000001,0.8152589768638876,0.8619111393923572,3.102880101812486
1.7000000000000002,0.8589361262376263,0.8851748355571905,3.186629408005886
1.75,0.9037800897382998,0.9085837044697506,3.270901336091102
1.8,0.949787438379563,0.9317102411807794,3.354156868250806
1.85,0.9969675326457147,0.955493529465288,3.439776706075037
1.9000000000000001,1.045354051960808,0.97996724313844,3.527882075298384
1.9500000000000002,1.0949573511410868,1.0041647240727152,3.614993006661775
2.0,1.1457674934492872,1.0282409682553013,3.701667485719085
2.0500000000000003,1.197808558144644,1.0534016195589708,3.7922458304122952
2.1,1.2511203553697683,1.0790702694459975,3.884652970005591
2.15,1.3057228475779146,1.1050294188798544,3.978105907967476
2.2,1.3616167291409136,1.1307258436401069,4.070613037104385
2.25,1.418799380238184,1.1565802002507128,4.163688720902567
2.3000000000000003,1.4773041712580184,1.1836114405426663,4.261001185953599
2.35,1.5371703775968661,1.2110368130112454,4.359732526840483
2.4000000000000004,1.5983938874924768,1.2379035828131821,4.456452898127456
2.45,1.6609713997976145,1.2651969093923303,4.554708873812389
2.5,1.7249420390883567,1.29362866223736,4.657063184054496
2.5500000000000003,1.7903308760834222,1.321924817565257,4.758929343234925
2.6,1.8571228062150145,1.3497523876984308,4.859108595714351
2.6500000000000004,1.925323957102688,1.378293647808514,4.961857132110651
2.7,1.9949696024116343,1.407532164549334,5.067115792377602
2.75,2.0660782560430713,1.4368139807081495,5.172530330549338
2.8000000000000003,2.138639091462193,1.4656194360567099,5.276229969804156
2.85,2.2126340647109948,1.4941794938953679,5.379046178023325
2.9000000000000004,2.288075615198476,1.5234825256038769,5.484537092173957
2.95,2.364967602032365,1.552196947751682,5.5879090119060555
3.0,2.4432763168132596,1.5801516434841119,5.688545916542803
3.0500000000000003,2.522981923219173,1.6080726127524076,5.789061405908668
3.1,2.6041087590985414,1.6370008224223311,5.893202960720393
3.1500000000000004,2.6866855784707147,1.6660719524645937,5.997859028872537
3.2,2.7707149634457693,1.6951034465375978,6.102372407535352
3.25,2.856177573518895,1.723400956387425,6.204243442994731
3.3000000000000003,2.9430635347857343,1.7520374942861607,6.307334979430179
3.35,3.0313990596583045,1.781383500616649,6.412980602219936
3.4000000000000004,3.1211915271719888,1.8103151999307185,6.517134719750587
3.45,3.212417678769378,1.8387308639648505,6.619431110273462
3.5,3.305082543291915,1.867863716936634,6.724309380971883
3.5500000000000003,3.399219349278166,1.8976085225134034,6.831390681048252
3.6,3.4948488997838494,1.9275734977139265,6.939264591770136
3.6500000000000004,3.5919624287063083,1.9569676591844267,7.045083573063937
3.7,3.6905410947446167,1.9861789823479006,7.150244336452443
3.75,3.7906068692102415,2.016451996277098,7.2592271865975535
3.8000000000000003,3.8921866821349784,2.046740520712377,7.368265874564558
3.85,3.995250588411216,2.0758157303371334,7.47293662921368
3.9000000000000004,4.099779201105282,2.105328777425479,7.579183598731725
3.95,4.205804942331906,2.1357008716395285,7.688523137902303
4.0,4.313340080460629,2.1657046535093643,7.7965367526337115
4.05,4.422353552573043,2.1948342309871918,7.901403231553891
4.1000000000000005,4.532836979266861,2.2245028367655557,8.008210212356001
4.15,4.644817991295771,2.2547376443908678,8.117055519807124
4.2,4.758309402331478,2.284918797037403,8.225707669334652
4.25,4.87329719830782,2.3145930420162673,8.332534951258562
4.3,4.989755717189816,2.34374771326358,8.437491767748888
4.3500000000000005,5.107687006814953,2.37350387174191,8.544613938270876
4.4,5.22711225774825,2.40350616558998,8.652622196123929
4.45,5.348013194933668,2.432531321826749,8.757112758576296
4.5,5.470362534694466,2.461442268605165,8.861192166978595
4.55,5.5941774963949955,2.4911561994159936,8.968162317897578
4.6000000000000005,5.719477209746027,2.5208323346252635,9.074996404650948
4.65,5.846250318191822,2.550092003206507,9.180331211543425
4.7,5.974463861791503,2.578449740780759,9.282419066810732
4.75,6.104101381019015,2.6070510283197086,9.385383701950952
4.800000000000001,6.235184876096841,2.6362887747933406,9.490639589256027
4.8500000000000005,6.367716314770789,2.6649687721645763,9.593887579792474
4.9,6.501667280221281,2.6930698458551143,9.695051445078413
4.95,6.637033687953313,2.721586463426159,9.797711268334172
5.0,6.773829785132715,2.7502574237499573,9.900926725499847
5.050000000000001,6.912031804770264,2.7778233617519543,10.000164102307036
5.1000000000000005,7.051601101299762,2.804948499427977,10.097814597940719
5.15,7.19254015048873,2.832613468130737,10.197408485270653
5.2,7.334861486907885,2.8602399886354597,10.296863959087656
5.25,7.478559348110345,2.8876744594629526,10.39562805406663
5.300000000000001,7.623598562677918,2.913894123239964,10.49001884366387
5.3500000000000005,7.769967021188627,2.9408442171884084,10.58703918187827
5.4,7.917708677492047,2.9688220349483694,10.68775932581413
5.45,8.066844618763968,2.9966156159284405,10.787816217342385
5.5,8.21734925917162,3.0235700003776644,10.884852001359592
5.550000000000001,8.369207273967756,3.0507505914677737,10.982702129283986
5.6000000000000005,8.522438913152975,3.0785149759409642,11.082653913387471
5.65,8.677059632307818,3.1063137902527616,11.182729644909942
5.7,8.833059403669647,3.133677064220433,11.28123743119356
5.75,8.990412975538401,3.1604658105296823,11.377676917906857
5.800000000000001,9.149122511235733,3.1879156173636045,11.476496222508976
5.8500000000000005,9.309216532172481,3.21584522010631,11.577042792382716
5.9,9.470689844881322,3.243087288247329,11.675114237690385
5.95,9.633519525404116,3.270099932664443,11.772359757591996
6.0,9.797717336970193,3.2978125299785876,11.872125107922916
6.050000000000001,9.963304599409799,3.3256779676056514,11.972440683380345
6.1000000000000005,10.130288773146214,3.35368898185097,12.073280334663492
6.15,10.298650623260604,3.3807850227246523,12.170826081808748
6.2,10.468364322202113,3.4077629349356755,12.267946565768431
6.25,10.63945636513082,3.435918782212656,12.369307615965562
6.300000000000001,10.81195274280907,3.4639363249172876,12.470170769702236
6.3500000000000005,10.985833671828411,3.491300835856411,12.56868300908308
6.4,11.161094426677446,3.519129358104989,12.668865689177961
6.45,11.337762487558873,3.547593077152128,12.77133507774766
6.5,11.515839270735112,3.5754782498974245,12.871721699630728
6.550000000000001,11.695300148864382,3.602956875273335,12.970644750984006
6.6000000000000005,11.87614992378449,3.631034121531035,13.071722837511727
6.65,12.058409233814515,3.6593382796699503,13.173617806811821
6.7,12.24208445746175,3.687670666219423,13.275614398389923
6.75,12.4271600630169,3.7153535559866016,13.375272801551766
6.800000000000001,12.613613978342682,3.742803057044633,13.474091005360679
6.8500000000000005,12.80146325497697,3.771168008326838,13.576204829976618
6.9,12.990727766138827,3.7994124381474306,13.67788477733075
6.95,13.181379572196581,3.8266598041627273,13.775975294985818
7.0,13.37339802149728,3.854078167865206,13.874681404314742
7.050000000000001,13.566810767733068,3.882431681566351,13.976754053638864
7.1000000000000005,13.761636939353824,3.9106151832638743,14.078214659749948
7.15,13.957864443898178,3.9384849985102393,14.178545994636861
7.2,14.155472625512905,3.9658422660788384,14.277032157883818
7.25,14.354461435240367,3.993710123019641,14.377356442870708
7.300000000000001,14.554847558700446,4.021734815383525,14.47824533538069
7.3500000000000005,14.756615412236577,4.048979326061748,14.576325573822295
7.4,14.959739906499303,4.076000444447289,14.673601600010242
7.45,15.164237458189444,4.1039016231583405,14.774045843370025
7.5,15.370129778924355,4.131791206238091,14.874448342457129
7.550000000000001,15.577393570980995,4.1587604760275045,14.971537713699016
7.6000000000000005,15.786002066948088,4.185579362656197,15.06808570556231
7.65,15.9959503670117,4.212352639888306,15.164469503597902
7.7,16.207264851888265,4.240226755174255,15.26481631862732
7.75,16.419974443510647,4.268156909721079,15.365364874995885
7.800000000000001,16.634052419111324,4.2949621143060295,15.461863611501707
7.8500000000000005,16.849479433073434,4.322118444178417,15.559626399042303
7.9,17.066279544805127,4.349886025089361,15.6595896903217
7.95,17.28445788247985,4.3772474818995475,15.758090934838371
8.0,17.503988845475586,4.403991037929929,15.854367736547745
8.05,17.724867548480596,4.431157082270449,15.952165496173617
8.1,17.947113018289556,4.458661710087993,16.051182156316777
8.15,18.170731570144312,4.486080364102276,16.14988931076819
8.200000000000001,18.395707556048883,4.512959072080542,16.24665265948995
8.25,18.622024221575533,4.53970754898547,16.342947176347693
8.3,18.849697529733707,4.567224777341451,16.442009198429226
8.35,19.078744355607764,4.594648257620816,16.540733727434937
8.4,19.309147940928163,4.621495155195126,16.637382558702456
8.450000000000001,19.54089522929048,4.648396379297598,16.734226965471354
8.5,19.774007424941423,4.676091446740091,16.833929208264326
8.55,20.00850676302635,4.703882076656929,16.933975475964946
8.6,20.244396371854794,4.731702276480804,17.034128195330894
8.65,20.481661491720846,4.7589025181613085,17.132049065380713
8.700000000000001,20.720294406271474,4.786414063863864,17.23109062990991
8.75,20.96031592608845,4.8144467288152555,17.33200822373492
8.8,21.201724786615443,4.841907692264477,17.430867692152116
8.85,21.444494575074227,4.868883846086883,17.527981845912777
8.9,21.68862882918998,4.896486318543229,17.627350746755624
8.950000000000001,21.934149658393466,4.924346849596146,17.727648658546126
9.0,22.181028169031443,4.950793575922882,17.822856873322376
9.05,22.429220089852535,4.976883256920822,17.91677972491496
9.1,22.678739725716046,5.003902177619549,18.01404783943038
9.15,22.929611442232726,5.030966483047702,18.111479338971726
9.200000000000001,23.18184597060674,5.05841465191285,18.21029274688626
9.25,23.43543214390412,5.085032279982234,18.306116207936043
9.3,23.69036100304251,5.112122085553505,18.40363950799262
9.35,23.94666732246436,5.1401306913204206,18.504470488753515
9.4,24.20436935199814,5.167950490030713,18.60462176411057
9.450000000000001,24.463452965267763,5.195394040754222,18.7034185467152
9.5,24.723924331885147,5.223460623941212,18.804458246188364
9.55,24.98581027034552,5.251976914473757,18.907116892105527
9.600000000000001,25.2491209355649,5.280449694301461,19.009618899485258
9.65,25.51384633772328,5.308566392033693,19.110839011321296
9.700000000000001,25.779976295800786,5.3366319310665205,19.211874951839473
9.75,26.04753077729189,5.365547328577553,19.31597038287919
9.8,26.316539711788018,5.394810051267503,19.42131618456301
9.850000000000001,26.58699449976695,5.423381467889789,19.52417328440324
9.9,26.85888082576495,5.452071572030234,19.627457659308842
9.950000000000001,27.132222884558832,5.481610779725109,19.733798807010395
10.0,27.407038994335277,5.511033611332761,19.83972100079794
10.05,27.68332308055691,5.540329837532536,19.94518741511713
10.100000000000001,27.961053539007615,5.568888500495725,20.04799860178461
10.15,28.240214532969414,5.597551257976197,20.15118452871431
10.200000000000001,28.52082038044061,5.626682640871641,20.256057507137907
10.25,28.80287114741942,5.655348038280751,20.359252937810705
10.3,29.086362262233596,5.684296554286229,20.463467595430426
10.350000000000001,29.371310993042513,5.713652678070496,20.569149641053787
10.4,29.65773543303732,5.743324921721855,20.675969718198676
10.450000000000001,29.94562552702032,5.772278837598119,20.78020381535323
10.5,30.234957347476573,5.800993980652128,20.88357833034766
10.55,30.525743513720997,5.830452669124805,20.9896296088493
10.600000000000001,30.818003676522622,5.85995384294025,21.0958338345849
10.65,31.11173265191428,5.889205172726056,21.201138621813804
10.700000000000001,31.406900753698732,5.917518898652058,21.303068035147408
10.75,31.703493610514794,5.946195373990364,21.406303346365313
10.8,32.0015317156248,5.97532883040987,21.51118378947553
10.850000000000001,32.30101798874304,6.00412209431984,21.614839539551422
10.9,32.6019228268535,6.0320714300986,21.715457148354957
10.950000000000001,32.904231168491926,6.060262235438185,21.81694404757747
11.0,33.207959280900404,6.08886226090087,21.91990413924313
11.05,33.513110170568055,6.117173325805278,22.021823972899
11.100000000000001,33.81965824906044,6.144749813890129,22.121099330004462
11.15,34.127570172264456,6.171727114270435,22.218217611373564
11.200000000000001,34.43684324165327,6.199195661282292,22.31710438061625
11.25,34.747493575602356,6.22681769668094,22.416543708051385
11.3,35.059503000822986,6.253559312144145,22.512813523718922
11.350000000000001,35.37284031095856,6.279933093278723,22.607759135803406
11.4,35.687533442342044,6.30779216206084,22.708051783419027
11.450000000000001,36.003621303029526,6.335722265438316,22.80860015557794
11.5,36.32108256242157,6.362728110243678,22.90582119687724
11.55,36.639900796986055,6.390001272335531,23.004004580407912
11.600000000000001,36.96009839697048,6.417902727041597,23.10444981734975
11.65,37.28169724801282,6.446051314651841,23.20578473274663
11.700000000000001,37.604700450229394,6.474076774011186,23.30667638644027
11.75,37.92910026294371,6.501915734561593,23.406896644421735
11.8,38.254901938141344,6.530151273343777,23.508544584037598
11.850000000000001,38.58211838443064,6.558506578228206,23.610623681621544
11.9,38.91073202385891,6.586038998902494,23.70974039604898
11.950000000000001,39.24071084114056,6.613113692363374,23.807209292508148
12.0,39.57205750186831,6.640752736746398,23.906709852287033
12.05,39.90478769250882,6.668454888873973,24.006437599946302
12.100000000000001,40.23890236607585,6.696132053807323,24.106075393706362
12.15,40.574372449586214,6.722671286607336,24.20161663178641
12.200000000000001,40.91116911413905,6.74919529550595,24.29710306382142
12.25,41.24931125288238,6.776490254227308,24.395364915218313
12.3,41.58880480938192,6.803252005754215,24.491707220715178
12.350000000000001,41.92961403689909,6.829117094932438,24.584821541756778
12.4,42.27172858841643,6.855464965761131,24.679673876740072
12.450000000000001,42.61517286994402,6.882306295342325,24.776302663232368
12.5,42.95995467907212,6.908966069781808,24.87227785121451
12.55,43.3060660422589,6.9354884576893525,24.96775844768167
12.600000000000001,43.653509220908035,6.962238688276105,25.064059277793977
12.65,44.00230238946329,6.989488053934165,25.162156994162995
12.700000000000001,44.352456092561184,7.016660069981735,25.259976251934248
12.75,44.703951767206746,7.043166915840689,25.35540089702648
12.8,45.05677019385657,7.0695701501524315,25.450452540548753
12.850000000000001,45.41092765254257,7.096728197287498,25.548221510234992
12.9,45.76644262475103,7.123870691051068,25.645934487783844
12.950000000000001,46.123294006330774,7.150184572138764,25.740664459699552
13.0,46.4814624443885,7.1765529501702,25.83559062061272
13.05,46.84096959389818,7.203733030216962,25.933438908781064
13.100000000000001,47.20183293957286,7.230800796770343,26.030882868373237
13.15,47.564043176244645,7.257608670101118,26.127391212364024
13.200000000000001,47.927575834562994,7.283697662632789,26.22131158547804
13.25,48.292424568764176,7.310251705414505,26.316906139492218
13.3,48.65861670979522,7.337433935827086,26.41476216897751
13.350000000000001,49.026155162071596,7.3641041552280475,26.51077495882097
13.4,49.39501446537507,7.390267976910913,26.604964716879287
13.450000000000001,49.76519705380163,7.417035560151322,26.70132801654476
13.5,50.13673113457727,7.4443276708743165,26.79957961514754
13.55,50.50963027498837,7.471637945569575,26.89789660405047
13.600000000000001,50.88388155299909,7.4984131748595,26.994287429494204
13.65,51.25947321913064,7.525253470402544,27.090912493449157
13.700000000000001,51.63642798827801,7.552937295492059,27.190574263771413
13.75,52.014768977713565,7.580702281930272,27.290528214948978
13.8,52.39447971869181,7.60772735719962,27.387818485918633
13.850000000000001,52.775554761257176,7.635274345415049,27.486987643494178
13.9,53.158028696085104,7.663683047702094,27.58925897172754
13.950000000000001,53.5419179860973,7.691888552785806,27.690798790028904
14.0,53.92720270510244,7.719500207419627,27.79020074671066
14.05,54.313879759861386,7.747581982938369,27.89129513857813
14.100000000000001,54.70196474050514,7.77581724281168,27.99294207412205
14.15,55.09144770267562,7.803501244007678,28.092604478427642
14.200000000000001,55.482298427049834,7.830527730960865,28.189899831459115
14.25,55.87449277342516,7.857246124052123,28.286086046587645
14.3,56.26803830689958,7.884575214924578,28.38447077372848
14.350000000000001,56.66295926627609,7.912263160135975,28.48414737648951
14.4,57.05924405791627,7.9391285054709995,28.580862619695598
14.450000000000001,57.456871470916894,7.965968014554098,28.677484852394752
14.5,57.85585226701085,7.993263829204141,28.775749785134906
14.55,58.25620399502708,8.020805291444955,28.874899049201836
14.600000000000001,58.6579247291068,8.04802407174396,28.972886658278256
14.65,59.06098693044108,8.074463981627076,29.068070333857474
14.700000000000001,59.46538046182046,8.10127727354806,29.164598184773016
14.75,59.871133642689806,8.128849961225676,29.263859860412435
14.8,60.27825210230799,8.155888423501473,29.361198324605304
14.850000000000001,60.6866973856976,8.181922912082833,29.454922483498198
14.9,61.09645063843259,8.208207197316817,29.54954591034054
14.950000000000001,61.50755369903698,8.235915226858742,29.649294816691473
15.0,61.92005004477985,8.26393860285599,29.750178970281567
15.05,62.33391640015462,8.290715612134779,29.846576203685206
15.100000000000001,62.74911357409389,8.31717134543608,29.94181684356989
15.15,63.165660276961795,8.344696769280228,30.04090836940882
15.200000000000001,63.58358871705669,8.372440834515528,30.140787004255902
15.25,64.00288577271436,8.399441391791237,30.237989010448455
15.3,64.42354299370604,8.426847447875756,30.336650812352723
15.350000000000001,64.8455907784605,8.455063942303259,30.43823019229173
15.4,65.26904147427169,8.482963890143935,30.538670004518167
15.450000000000001,65.69387189944952,8.510253116969071,30.636911221088656
15.5,66.12007987485933,8.53806589942315,30.737037237923342
15.55,66.54769508796882,8.566542624956503,30.83955344984341
15.600000000000001,66.97673729690041,8.59514573230713,30.942524636305667
15.65,67.40720129864553,8.623414337497714,31.04429161499177
15.700000000000001,67.83906675749371,8.651204016429348,31.144334459145654
15.75,68.27233625074209,8.679575713505654,31.246472568620355
15.8,68.70703413386414,8.708339611376639,31.3500226009559
15.850000000000001,69.1431558021645,8.73652712063795,31.451497634296622
15.9,69.58068840807603,8.764777115823007,31.553197616962827
15.950000000000001,70.01965228472203,8.793777950017256,31.657600620062123
16.0,70.46006039971994,8.822546649898877,31.761167939635957
16.05,70.9018999742339,8.851036330659404,31.863730790373857
16.1,71.34515447222753,8.879143589086262,31.964916920710543
16.150000000000002,71.78982316347425,8.90760406078244,32.067374618816785
16.2,72.2359319570189,8.93674768100362,32.17229165161304
16.25,72.68348726384599,8.965464592079675,32.27567253148683
16.3,73.13246356833218,8.993587587367841,32.37691531452423
16.35,73.58285881251854,9.02222218008614,32.47999984831011
16.400000000000002,74.03469285261217,9.051139423659171,32.584101925173016
16.45,74.48795494163234,9.07934413714779,32.68563889373205
16.5,74.94261845732538,9.107196490573912,32.785907366066084
16.55,75.39868575572501,9.135495445411461,32.88778360348126
16.6,75.85617345333554,9.16401245900953,32.99044485243431
16.650000000000002,76.3150819485484,9.192327349504797,33.09237845821727
16.7,76.77538482787354,9.2197878235008,33.191236164602884
16.75,77.23705690318543,9.247095188975203,33.28954268031073
16.8,77.70011417437706,9.275195658690114,33.390704371284414
16.85,78.16456662687287,9.302902441142214,33.49044878811197
16.900000000000002,78.63037895709276,9.329590767653523,33.58652676355268
16.95,79.09752734829931,9.35634488060854,33.682841570190746
17.0,79.56602779835048,9.383673121438278,33.781223237177805
17.05,80.03589494376945,9.411012695320723,33.8796457031546
17.1,80.50711912207214,9.437954436786768,33.97663597243237
17.150000000000002,80.97967403464352,9.464242066068797,34.07127143784767
17.2,81.45355206865982,9.490879294582776,34.16716546049799
17.25,81.92878586555565,9.518472581250933,34.26650129250336
17.3,82.40539061494377,9.545717394273977,34.36458261938632
17.35,82.88332627874343,9.571709157712052,34.45815296776339
17.400000000000002,83.36257250747383,9.598139991503972,34.5533039694143
17.45,83.8431660679558,9.6256024277754,34.65216873999144
17.5,84.32513580213472,9.653186939381575,34.751472981773674
17.55,84.80846256749288,9.679883674944756,34.84758122980112
17.6,85.29312894411156,9.706771389802457,34.94437700328884
17.650000000000002,85.77915948399387,9.734450205489766,35.04402073976316
17.7,86.26656463994549,9.761756032575224,35.14232171727081
17.75,86.75531973295097,9.788447687643794,35.23841167551766
17.8,87.2454183766967,9.815498062185611,35.3357930238682
17.85,87.73687715243769,9.842852967453412,35.434270682832285
17.900000000000002,88.22968685537968,9.869535150226234,35.53032654081444
17.95,88.72382244310259,9.895888358690174,35.625198091284624
18.0,89.21928869436586,9.922761691840753,35.72194209062671
18.05,89.71610682111216,9.949963378011356,35.81986816084088
18.1,90.2142851079143,9.977168094074253,35.91780513866731
18.150000000000002,90.71380765452793,10.003733770470667,36.0134415736944
18.2,91.21465936007175,10.03033445128251,36.109204024617036
18.25,91.71685908827084,10.057654676681157,36.20755683605216
18.3,92.2204162613514,10.08463224654119,36.30467608754829
18.35,92.72530289696302,10.110833177923144,36.39899944052332
18.400000000000002,93.23151738748663,10.137746443021364,36.49588719487691
18.45,93.7390969509426,10.16543609521714,36.59556994278171
18.5,94.24805187424039,10.192760836694847,36.693939012101445
18.55,94.75836536410556,10.21977875791172,36.79120352848219
18.6,95.27001675766232,10.246276984358962,36.88659714369226
18.650000000000002,95.7830063517967,10.273306781016506,36.983904411659424
18.7,96.29735498318793,10.300638474632587,37.08229850867731
18.75,96.81305427561732,10.32733322254287,37.17839960115433
18.8,97.33008690463097,10.353971938003534,37.27429897681272
18.85,97.8484670377493,10.381233386729551,37.372440192226385
18.900000000000002,98.36821123390611,10.408534459542773,37.47072405435399
18.95,98.88930474940238,10.435206160308029,37.56674217710891
19.0,99.41172627851023,10.461655004005918,37.6619580144213
19.05,99.93547789543938,10.488409673159687,37.758274823374876
19.1,100.46058868128843,10.51602176080241,37.857678338888675
19.150000000000002,100.98707427392192,10.543401944536983,37.95624700033314
19.200000000000003,101.51490882524887,10.569980108540632,38.051928390746276
19.25,102.04408270747737,10.596975180599806,38.1491106501593
19.3,102.57462075877832,10.624546871438488,38.24836873717856
19.35,103.1065256273719,10.65164787230442,38.34593234029591
19.400000000000002,103.63977026183007,10.678137506022333,38.441295021680396
19.450000000000003,104.17434980872137,10.705044369630103,38.538159730668376
19.5,104.71028026913557,10.732174046937397,38.63582656897463
19.55,105.247560025677,10.759016214720223,38.7324583729928
19.6,105.78616557565765,10.785205784505841,38.82674082422103
19.650000000000002,106.32608008062654,10.811374414250036,38.92094789130013
19.700000000000003,106.8673237317897,10.8383716322763,39.01813787619468
19.75,107.4099144042506,10.865255266159782,39.11491895817522
19.8,107.95382351268711,10.891109071300452,39.207992656681625
19.85,108.49902320365234,10.91687856730913,39.30076284231287
19.900000000000002,109.04553364525655,10.943539096859201,39.39674074869313
19.950000000000003,109.5933753680312,10.970129814126643,39.492467330855916
20.0,110.14253485543355,10.996249681967464,39.58649885508287
20.05,110.6929919439493,11.022033858661988,39.67932189118316
20.1,111.24475840427868,11.048624554513564,39.775048396248835
20.150000000000002,111.79787499255757,11.07603897664152,39.87374031590947
20.200000000000003,112.3523544271992,11.103138409023995,39.97129827248638
20.25,112.90818899499642,11.130244302864943,40.0688794903138
20.3,113.46540821594016,11.158524534884268,40.17068832558337
20.35,114.02405695822615,11.187425156555562,40.27473056360002
20.400000000000002,114.58413743722475,11.215794003388332,40.376858412198
20.450000000000003,115.14564081789112,11.244341223266241,40.47962840375847
20.5,115.7086057602562,11.274256471336937,40.587323296812976
20.55,116.2730814374294,11.304770615590655,40.69717421612636
20.6,116.83908017529511,11.335178899038064,40.80664403653703
20.650000000000002,117.40659040622812,11.36523033828244,40.91482921781679
20.700000000000003,117.9756284696106,11.396292197016866,41.02665190926072
20.75,118.54626125331876,11.429019151309593,41.14446894471453
20.8,119.11852863391405,11.461676072502238,41.26203386100806
20.85,119.6924285607485,11.494321000875752,41.37955560315271
20.900000000000002,120.26800053660817,11.528558033511118,41.50280892064003
20.950000000000003,120.84531990829133,11.564216833815351,41.63118060173527
21.0,121.42443506611035,11.600389478945207,41.761402124202746
21.05,122.00536391999069,11.636764676268564,41.89235283456683
21.1,122.58813320535174,11.674006738173494,42.02642425742458
21.150000000000002,123.172804225346,11.712834061597107,42.166202621749584
21.200000000000003,123.75941023240537,11.75140622077809,42.305062394801126
21.25,124.34794074670215,11.789814351093154,42.44333166393535
21.3,124.93843103617175,11.829797227690609,42.587270019686194
21.35,125.5309738442069,11.871915093715257,42.73889433737493
21.400000000000002,126.12564523217155,11.914940424871087,42.89378552953592
21.450000000000003,126.72248549078537,11.958669919682114,43.05121171085561
21.5,127.3215173306118,12.002603673374745,43.20937322414908
21.55,127.92277891468567,12.047859689580093,43.37229488248834
21.6,128.52634460119125,12.094767770643369,43.54116397431613
21.650000000000002,129.13225778172372,12.141759450655538,43.71033402235994
21.700000000000003,129.74052593600064,12.18896672042125,43.880280193516505
21.75,130.3511875269767,12.23749691862135,44.05498890703686
21.8,130.96429653503307,12.286863403633433,44.23270825308036
21.85,131.5798624849898,12.335774594635884,44.40878854068919
21.900000000000002,132.19787971646394,12.384914664329422,44.58569279158592
21.950000000000003,132.81838347023788,12.435235486627287,44.76684775185823
22.0,133.4414115796485,12.48588888979819,44.94920000327348
22.05,134.0669631645787,12.536174507410287,45.13022822667703
22.1,134.6950087271489,12.585647995396757,45.30833278342833
22.150000000000002,135.3255372982031,12.635494846771767,45.487781448378364
22.200000000000003,135.95859466938612,12.686800000549308,45.67248000197751
22.25,136.59421005951722,12.737815604695262,45.85613617690294
22.3,137.2323554594865,12.788000394076594,46.036801418675736
22.35,137.87302788502706,12.838896627545093,46.220027859162336
22.400000000000002,138.5162680090023,12.890708331464154,46.40654999327096
22.450000000000003,139.1620899474936,12.942169208188021,46.59180914947688
22.5,139.8104579375942,12.992550395836217,46.77318142501038
22.55,140.46132731524742,13.042224710291768,46.95200895705037
22.6,141.11469404124284,13.092444329525176,47.13279958629063
22.650000000000002,141.770568966454,13.14255267892065,47.31318964411434
22.700000000000003,142.428914984969,13.191288061679288,47.48863702204544
22.75,143.08968588033534,13.239547752974328,47.662371910707584
22.8,143.7528892942136,13.288588802155457,47.83891968775965
22.85,144.41853187913748,13.337114594800363,48.01361254128131
22.900000000000002,145.08655353249748,13.383751539599714,48.18150554255897
22.950000000000003,145.75690122391143,13.43015611695857,48.34856202105085
23.0,146.42959222506758,13.47748392928788,48.51894214543637
23.05,147.10464342655098,13.524564130047748,48.68843086817189
23.1,147.78202890131507,13.570854860516407,48.855077497859064
23.150000000000002,148.46169991507557,13.615985689903782,49.01754848365362
23.200000000000003,149.14363709743634,13.661501604526613,49.18140577629581
23.25,149.82785209881058,13.70709845044258,49.345554421593285
23.3,150.51430762344012,13.751122534738625,49.504041125059054
23.35,151.2029417143766,13.794241102720754,49.65926796979472
23.400000000000002,151.8937440776153,13.837853426827348,49.81627233657845
23.450000000000003,152.586728888056,13.881538990800143,49.97354036688051
23.5,153.28188005861264,13.924507831465172,50.12822819327462
23.55,153.97915324460627,13.966419608279248,50.27911058980529
23.6,154.67855645226584,14.009708698104136,50.43495131317489
23.650000000000002,155.38015519122374,14.054240860212081,50.59526709676349
23.700000000000003,156.08396237969015,14.098046678444966,50.75296804240188
23.75,156.7899319573269,14.140736427024619,50.90665113728863
23.8,157.49804890344726,14.183941417789454,51.062189104042034
23.85,158.20834020854238,14.227710786015678,51.21975882965644
23.900000000000002,158.92081139119028,14.2711365199003,51.37609147164108
23.950000000000003,159.63542949619648,14.313587680347048,51.52891564924938
24.0,160.35215244198628,14.355330151244619,51.67918854448063
24.05,161.07098318917483,14.397899736297324,51.83243905067037
24.1,161.79194761156825,14.440677159439726,51.98643777398301
24.150000000000002,162.51502366648964,14.482365037415793,52.13651413469685
24.200000000000003,163.24017457313977,14.52367122858989,52.285216422923604
24.25,163.96740698729533,14.5656253376328,52.43625121547808
24.3,164.69672466570333,14.607081798687062,52.58549447527343
24.35,165.42808009028482,14.647135184573258,52.729686664463735
24.400000000000002,166.16144170945165,14.687329582099505,52.87438649555822
24.450000000000003,166.89683485900127,14.72839639988496,53.02222703958586
24.5,167.63427661738368,14.76927393541066,53.16938616747837
24.55,168.3737506386083,14.809686913573996,53.31487288886639
24.6,169.11521697847522,14.848966681102752,53.456280051969905
24.650000000000002,169.8586578004044,14.888666196064376,53.599198305831756
24.700000000000003,170.60409317859026,14.928748931370237,53.743496152932856
24.75,171.35151019231807,14.967931617741932,53.88455382387096
24.8,172.10086589747263,15.006296588440742,54.02266771838667
24.85,172.85214987807922,15.045062635823268,54.16222548896376
24.900000000000002,173.60537916157918,15.08410870417575,54.3027913350327
24.950000000000003,174.36055261274316,15.122829342383119,54.442185632579225
25.0,175.1176353703571,15.160480962174356,54.57773146382768
25.05,175.8765967949251,15.197976020545555,54.712713673964
25.1,176.637450360643,15.23616660817034,54.850199789413224
25.150000000000002,177.40019851513836,15.27375957164464,54.9855344579207
25.200000000000003,178.1647915754187,15.309962839568298,55.115866222445874
25.25,178.93121413061675,15.346939368353976,55.24898172607431
25.3,179.6995055560165,15.384717647636231,55.384983531490434
25.35,180.4696710079652,15.421900430311378,55.518841549120964
25.400000000000002,181.24167024168887,15.458068918635552,55.64904810708799
25.450000000000003,182.0154895198491,15.494702207773834,55.7809279479858
25.5,182.7911550255421,15.53191801994714,55.9149048718097
25.55,183.56867858366638,15.569024305024012,56.048487498086445
25.6,184.3480424717448,15.605531218112686,56.17991238520567
25.650000000000002,185.12923226509199,15.642060515775002,56.31141785679001
25.700000000000003,185.9122629138722,15.67916543543392,56.44499556756211
25.75,186.6971479851474,15.71623741557379,56.57845469606565
25.8,187.48386763198047,15.752548457749246,56.70917444789728
25.85,188.2724003734303,15.788761200243663,56.839540320877184
25.900000000000002,189.06274683517202,15.825097269425852,56.97035016993307
25.950000000000003,189.85490760662586,15.861333588727623,57.10080091941944
26.0,190.6486533966737,15.888498013186322,57.198592847470756
26.05,191.44373760702814,15.914870400991653,57.29353344356995
26.1,192.24013143559912,15.9408827418477,57.38717787065172
26.150000000000002,193.0378195444749,15.966641613183283,57.47990980745982
26.200000000000003,193.8367858331255,15.992009932840364,57.57123575822531
26.25,194.63700235357993,16.01665088533699,57.659943187213166
26.3,195.43842588308883,16.04029029501903,57.74504506206851
26.35,196.24101843820162,16.063411909492842,57.828282874174235
26.400000000000002,197.0447574416615,16.086148228901394,57.91013362404502
26.450000000000003,197.84962615361945,16.108600249417155,57.99096089790176
26.5,198.65561503029346,16.130954817542783,58.07143734315402
26.55,199.4626978136392,16.152356516287625,58.148483458635454
26.6,200.2708226460024,16.17263677823891,58.22149240166008
26.650000000000002,201.07993803983499,16.191978975065528,58.2911243102359
26.700000000000003,201.8900004631129,16.210517956050513,58.357864641781845
26.75,202.70097046943556,16.228282296855866,58.42181626868112
26.8,203.5127988566827,16.24485319302998,58.48147149490792
26.85,204.32541977510434,16.25998354383501,58.53594075780603
26.900000000000002,205.13877436109232,16.274199895684326,58.587119624463575
26.950000000000003,205.95281765750207,16.287531960705508,58.63511505853983
27.0,206.76750116416815,16.299808305938317,58.67930990137794
27.05,207.58276328750088,16.31067662737036,58.7184358585333
27.1,208.3985293885217,16.319967413462397,58.75188268846463
27.150000000000002,209.21473704379403,16.328338797430757,58.78201967075073
27.200000000000003,210.03133934236138,16.335753145262718,58.80871132294578
27.25,210.84828851981817,16.342213953008994,58.831970230832376
27.3,211.6655413097532,16.34789764439178,58.8524315198104
27.35,212.48304651755177,16.352310667551453,58.868318403185235
27.400000000000002,213.3007380340528,16.355349992490282,58.879259972965016
27.450000000000003,214.11855543118955,16.357345892979207,58.88644521472515
27.5,214.9364492875327,16.358408360746225,58.89027009868641
27.55,215.75437175154707,16.35849019982919,58.89056471938509
27.6,216.5722693861641,16.357415184851888,58.8866946654668
27.650000000000002,217.39008163912595,16.355074933622603,58.87826976104137
27.700000000000003,218.20775660796195,16.35192381981741,58.866925751342684
27.75,219.02525385881844,16.347966214442007,58.852678371991225
27.8,219.84253298012493,16.343198637817093,58.835515096141535
27.85,220.6595576157104,16.337786785602788,58.81603242817004
27.900000000000002,221.47629430114597,16.33168063181904,58.794050274548546
27.950000000000003,222.2927045762493,16.324730372314196,58.76902934033111
28.0,223.1087552345909,16.317295961349718,58.74226546085899
28.05,223.92442845795992,16.30963297341198,58.71467870428312
28.1,224.73971416429535,16.301795280005013,58.68646300801805
28.150000000000002,225.55458756784643,16.293140862038193,58.6553071033375
28.200000000000003,226.36901349983685,16.283896417578696,58.62202710328331
28.25,227.1829740912974,16.274527240843497,58.58829806703659
28.3,227.99646722441534,16.26519808387328,58.55471310194381
28.35,228.8094944144164,16.25588951616925,58.52120225820931
28.400000000000002,229.62205023193331,16.246343184506802,58.48683546422449
28.450000000000003,230.43411509598815,16.236251377686752,58.45050495967231
28.5,231.24567234692188,16.226038659662837,58.413739174786215
28.55,232.05672098391773,16.21590682017066,58.37726455261437
28.6,232.86726577574154,16.20588485278219,58.34118547001589
28.650000000000002,233.67730711420626,16.195768685806616,58.30476726890382
28.700000000000003,234.48683624312633,16.185396470996967,58.26742729558908
28.75,235.29585084990276,16.175187800060165,58.2306760802166
28.8,236.10436287130528,16.165293056040557,58.195055001746006
28.85,236.91238808278177,16.155715403019048,58.16057545086858
28.900000000000002,237.71993989256794,16.14635698842751,58.126885158339036
28.950000000000003,238.5270285543418,16.137189482527383,58.09388213709858
29.0,239.33366145615346,16.1281265899394,58.061255723781834
29.05,240.1398477002168,16.119323172594186,58.02956342133907
29.1,240.94560153569253,16.110830246435206,57.998988887166746
29.150000000000002,241.75093899055847,16.102667948202487,57.96960461352896
29.200000000000003,242.55587790218098,16.094888516697853,57.94159866011228
29.25,243.3604387913316,16.087547049326634,57.915169377575886
29.3,244.1646418846734,16.080576684345214,57.89007606364277
29.35,244.9685049798765,16.07394712377996,57.86620964560785
29.400000000000002,245.77204412612696,16.067618726238088,57.84342741445712
29.450000000000003,246.57527340989407,16.06155262444599,57.82158944800557
29.5,247.37820946134465,16.05588943357764,57.8012019608795
29.55,248.1808709138171,16.05056866532077,57.782047195154774
29.6,248.98327055857095,16.045417124833058,57.76350164939901
29.650000000000002,249.78541424777026,16.040330443139887,57.74518959530359
29.700000000000003,250.58730400052676,16.03525966712028,57.72693480163301
29.75,251.38894236515782,16.030274918122654,57.70898970524156
29.8,252.19033846579944,16.025569107542307,57.6920487871523
29.85,252.99150473306167,16.021081582947215,57.675893698609976
29.900000000000002,253.7924497958999,16.016720930582135,57.66019535009569
29.950000000000003,254.59317882312033,16.012440158234842,57.64478456964543
30.0,255.393696986978,16.008286396071792,57.62983102585845
30.05,256.19401213583416,16.004319558175396,57.61555040943143
30.1,256.9941371626915,16.000681516118515,57.60245345802666
30.150000000000002,257.7940876511919,15.997338023896203,57.59041688602633
30.200000000000003,258.59387563644964,15.994181386413862,57.5790529910899
30.25,259.3935070657759,15.991075786636818,57.567872831892544
30.3,260.19298524861097,15.988051526765176,57.556985496354635
30.35,260.992319682283,15.985325820114591,57.54717295241253
30.400000000000002,261.79152201724486,15.982767578361297,57.53796328210067
30.450000000000003,262.5905978962348,15.980267581236644,57.52896329245192
30.5,263.38954865473437,15.977762758746943,57.519945931489
30.55,264.18837546047325,15.975309470807868,57.51111409490833
30.6,264.9870822112103,15.972960558674771,57.50265801122918
30.650000000000002,265.78567332783365,15.97068410625919,57.494462782533084
30.700000000000003,266.5841491684793,15.968349519567182,57.48605827044186
30.75,267.38250699549934,15.96596356123431,57.47746882044351
30.8,268.1807483917237,15.963692287740198,57.469292235864714
30.85,268.9788817889359,15.961643600747333,57.4619169626904
30.900000000000002,269.77691518831296,15.959692374336058,57.45489254760981
30.950000000000003,270.57485900066285,15.958060119660967,57.44901643077948
31.0,271.3727259901764,15.95661946087886,57.4438300591639
31.05,272.1705198115181,15.955133392790065,57.43848021404423
31.1,272.96823904527645,15.95363595754519,57.433089447162686
31.150000000000002,273.7658904010002,15.952418271405659,57.42870577706037
31.200000000000003,274.56348366594233,15.95131232627858,57.42472437460289
31.25,275.3610217227229,15.95020994494358,57.42075580179689
31.3,276.1585027236987,15.949030094086584,57.41650833871171
31.35,276.9559216524737,15.94772705691442,57.41181740489191
31.400000000000002,277.75327011561154,15.946211468597934,57.40636128695256
31.450000000000003,278.550542720323,15.94469271985919,57.40089379149309
31.5,279.3477396457358,15.943184296654833,57.3954634679574
31.55,280.1448614005784,15.941685897047813,57.39006922937213
31.6,280.9419078637692,15.940172630583085,57.384621470099106
31.650000000000002,281.73887313130825,15.938438070979862,57.3783770555275
31.700000000000003,282.53574846942615,15.936575453735834,57.371671633449004
31.75,283.3325368699319,15.934960566494347,57.36585803937965
31.8,284.1292532101598,15.933693042620439,57.36129495343358
31.85,284.92591195058077,15.932656574218408,57.35756366718627
31.900000000000002,285.7225153158336,15.931478035895532,57.35332092922392
31.950000000000003,286.51905847772093,15.930248439596943,57.34889438254899
32.0,287.31554079272706,15.929044160647825,57.344558978332174
32.050000000000004,288.11196280809384,15.927836454022765,57.340211234481956
32.1,288.90832397708095,15.926610305461791,57.33579709966245
32.15,289.7046236344694,15.925375990076295,57.331353564274664
32.2,290.5008602225963,15.924087535000984,57.32671512600354
32.25,291.2970303881529,15.922719087262484,57.321788714144944
32.300000000000004,292.0931288152279,15.921217995737363,57.31638478465451
32.35,292.8891497081205,15.919617719966565,57.310623791879635
32.4,293.685089969393,15.917992730934332,57.3047738313636
32.45,294.48094975901165,15.916398853810938,57.299035873719376
32.5,295.27673463122636,15.914996034777419,57.29398572519871
32.550000000000004,296.0724530405446,15.913740337952737,57.28946521662985
32.6,296.86811112004585,15.912582842096976,57.28529823154911
32.65,297.6637122761358,15.911463401501729,57.281268245406224
32.7,298.45925672166834,15.91031441979847,57.27713191127449
32.75,299.25474368243414,15.909164010833349,57.272990439000054
32.800000000000004,300.05017268219524,15.907995979609966,57.26878552659588
32.85,300.8455416015725,15.906760795479633,57.26433886372668
32.9,301.6408470464979,15.905457001537455,57.25964520553484
32.95,302.43608672305885,15.904130060898916,57.2548682192361
33.0,303.23126270470254,15.902909204848592,57.25047313745493
33.050000000000004,304.0263794707693,15.901761437821785,57.246341176158424
33.1,304.82143932260715,15.900632635691112,57.24227748848801
33.15,305.61644320073367,15.899522489368787,57.23828096172763
33.2,306.4113914727876,15.898408392788193,57.234270214037494
33.25,307.2062804208034,15.897149527844482,57.229738300240136
33.300000000000004,308.0011023199252,15.895726437028626,57.22461517330306
33.35,308.79585268495555,15.894288164183367,57.21943739106012
33.4,309.59053070298904,15.892832557155275,57.21419720575899
33.45,310.3851354527276,15.89135743238655,57.20888675659158
33.5,311.17966633291667,15.88987777517743,57.20355999063875
33.550000000000004,311.9741255784475,15.88849204605573,57.198571365800625
33.6,312.76851931823444,15.887257545420285,57.19412716351302
33.65,313.56285233109264,15.886062968907863,57.18982668806831
33.7,314.3571260842241,15.884887156350514,57.18559376286185
33.75,315.1513426626624,15.883775981181893,57.181593532254816
33.800000000000004,315.9455095877864,15.882901023778365,57.17844368560211
33.85,316.7396399147095,15.882312053147688,57.17632339133168
33.9,317.53373976367465,15.881681905456558,57.17405485964361
33.95,318.3278071939693,15.881015306329,57.1716551027844
34.0,319.12184235089575,15.880390970729591,57.169407494626526
34.050000000000004,319.9158499418107,15.879912665867755,57.16768559712392
34.1,320.7098284996136,15.879229646248787,57.16522672649563
34.15,321.503773994881,15.878590164446136,57.16292459200609
34.2,322.2976862125076,15.877898540617656,57.16043474622356
34.25,323.09156174517676,15.877122766148412,57.157641958134285
34.300000000000004,323.8853973245259,15.876300407816716,57.154681468140176
34.35,324.67919368518125,15.875554018396587,57.15199446622771
34.4,325.4729553882452,15.874914104161837,57.149690774982616
34.45,326.26668677406366,15.874341328574337,57.14762878286761
34.5,327.0603899003831,15.873783724203323,57.14562140713196
34.550000000000004,327.854064174951,15.873187258513548,57.14347413064878
34.6,328.64770652006246,15.87250654594373,57.14102356539743
34.65,329.44131086191766,15.871667128264585,57.138001661752504
34.7,330.23487232812096,15.87079151986782,57.134849471524156
34.75,331.0283926309392,15.870020592861644,57.132074134301924
34.800000000000004,331.82187914052867,15.869439790715736,57.12998324657665
34.85,332.61534133457286,15.869047971051563,57.12857269578563
34.9,333.40878039354277,15.868514387744314,57.12665179587953
34.95,334.20219158392,15.867933227345004,57.124559618442014
35.0,334.99557513053657,15.867408637318013,57.122671094344845
35.050000000000004,335.7889345596482,15.86696852714899,57.12108669773636
35.1,336.58227287668956,15.866564154505147,57.11963095621853
35.15,337.37558577288286,15.865951693225819,57.11742609561295
35.2,338.1688652779383,15.865228508992116,57.11482263237162
35.25,338.96211114250093,15.864606073511831,57.11258186464259
35.300000000000004,339.75532706843603,15.864030963891215,57.110511470008376
35.35,340.5485144997515,15.863466288726164,57.10847863941419
35.4,341.341676475943,15.863012758936053,57.10684593216979
35.45,342.13482182134516,15.862801057148507,57.10608380573463
35.5,342.92795710419523,15.8626102568545,57.1053969246762
35.550000000000004,343.721083617686,15.862450282778033,57.10482101800092
35.6,344.5142022202457,15.86229381960844,57.104257750590385
35.65,345.3073116752807,15.86208438179135,57.10350377444886
35.7,346.10040956335143,15.8618311410374,57.102592107734644
35.75,346.8934915575738,15.861448627856005,57.10121506028162
35.800000000000004,347.68655053139855,15.860910325135839,57.09927717048902
35.85,348.4795792663553,15.86023907313483,57.09686066328539
35.9,349.2725726479983,15.859496192584183,57.09418629330306
35.95,350.0655299895535,15.858797469625602,57.09167089065217
36.0,350.8584538854077,15.858158364542854,57.089370112354274
36.050000000000004,351.6513433046093,15.857418403521889,57.0867062526788
36.1,352.4441929268967,15.856566487972907,57.08363935670247
36.15,353.2369982682025,15.855647164261265,57.08032979134055
36.2,354.0297582355412,15.85475152928525,57.0771055054269
36.25,354.8224759715282,15.85395791019623,57.07424847670643
36.300000000000004,355.6151550938106,15.853206981099452,57.07154513195803
36.35,356.4077990725079,15.85255216679142,57.069187800449114
36.4,357.20041210942185,15.85196930976723,57.067089515162024
36.45,357.9929966211352,15.851411158767315,57.065080171562336
36.5,358.785555915596,15.850960619664333,57.063458230791596
36.550000000000004,359.57809581984446,15.850635550274662,57.062287980988785
36.6,360.37062052109746,15.850352499846094,57.06126899944594
36.65,361.1631312815854,15.850077919671113,57.06028051081601
36.7,361.95562801040904,15.849791233275413,57.05924843979149
36.75,362.7481098326568,15.849481656635005,57.05813396388602
36.800000000000004,363.54057881992543,15.849277834111016,57.057400202799656
36.85,364.3330377752489,15.849080378827496,57.056689363778986
36.9,365.1254870266503,15.848889677230487,57.056002838029755
36.95,365.9179270728328,15.848712170068728,57.05536381224742
37.0,366.71035872107853,15.848553759760277,57.054793535136994
37.050000000000004,367.50278231881697,15.848390149776565,57.05420453919563
37.1,368.2951999656497,15.848315723532943,57.053936604718594
37.15,369.0876177728963,15.848396566329749,57.0542276387871
37.2,369.8800420160927,15.848573161526827,57.05486338149658
37.25,370.6724757641789,15.848776761920329,57.055596342913184
37.300000000000004,371.46492207039074,15.849075486553035,57.056671751590926
37.35,372.25738666926935,15.849508468590399,57.05823048692544
37.4,373.04987095719076,15.849863048266146,57.059506973758126
37.45,373.842371174707,15.850145652383572,57.06052434858086
37.5,374.63488443105535,15.850384601549171,57.061384565577015
37.550000000000004,375.42740911195335,15.850602634371343,57.06216948373684
37.6,376.2199436177792,15.85077759866349,57.06279935518856
37.65,377.0124859677902,15.850916401776592,57.063299046395734
37.7,377.8050340721955,15.851007774434128,57.06362798796286
37.75,378.59758645974273,15.851087727454408,57.063915818835866
37.800000000000004,379.39014437629777,15.851228934748105,57.06442416509318
37.85,380.1827146058452,15.851580247149835,57.065688889739405
37.9,380.9753058906332,15.85207114436915,57.06745611972894
37.95,381.76792220550163,15.852581450368303,57.06929322132589
38.0,382.56056403504726,15.85309173145694,57.071130233244986
38.050000000000004,383.3532313911278,15.853602511764782,57.072969042353215
38.1,384.14592431377685,15.854114394196683,57.074811819108064
38.15,384.9386390566112,15.854475319177544,57.07611114903916
38.2,385.7313682132251,15.854690945378595,57.07688740336294
38.25,386.5241093308805,15.854953760837043,57.077833539013355
38.300000000000004,387.31686648138333,15.855332259276059,57.079196133393815
38.35,388.10964375935407,15.855758859553694,57.080731894393296
38.400000000000006,388.9024379600127,15.856009166791205,57.08163300044834
38.45,389.6952435683257,15.85621516572707,57.082374596617456
38.5,390.48805516238724,15.856248596734575,57.082494948244474
38.550000000000004,391.280864024208,15.856105876095716,57.08198115394458
38.6,392.0736634857409,15.855872585221919,57.081141306798905
38.650000000000006,392.86645463276847,15.855773295881948,57.080783865175015
38.7,393.659239996567,15.855641256059359,57.08030852181369
38.75,394.4520199282752,15.855556012268407,57.080001644166266
38.800000000000004,395.2447978995613,15.855562839177272,57.08002622103818
38.85,396.03757714513125,15.85560698362111,57.080185141036
38.900000000000006,396.83035506785416,15.855509925294994,57.079835731061976
38.95,397.6231243362448,15.855260810331474,57.078938917193305
39.0,398.41587996631165,15.854964392341065,57.07787181242784
39.050000000000004,399.2086220441423,15.854718720885101,57.076987395186364
39.1,400.00135367035114,15.854546327467487,57.07636677888296
39.150000000000006,400.79407876034776,15.854457272398475,57.07604618063451
39.2,401.5868080411283,15.854713958822893,57.07697025176242
39.25,402.3795580528733,15.855286510976901,57.07903143951685
39.300000000000004,403.1723338532046,15.855745502274226,57.08068380818722
39.35,403.9651267447689,15.855970160298822,57.081492577075764
39.400000000000006,404.7579244112896,15.855936500529774,57.081371401907184
39.45,405.55071462408625,15.855672011336013,57.08041924080965
39.5,406.3434856091969,15.855167393088669,57.07860261511921
39.550000000000004,407.1362410584857,15.8550505784648,57.07818208247328
39.6,407.92899950289444,15.855287197883206,57.07903391237954
39.650000000000006,408.7217746787902,15.855719837947762,57.080591416611945
39.7,409.5145710372952,15.856134502251633,57.08208420810588
39.75,410.30738924180616,15.856593678187911,57.083737241476484
39.800000000000004,411.1002288782185,15.856991778306268,57.085170401902566
39.85,411.8930829804639,15.857172311509126,57.085820321432855
39.900000000000006,412.6859409892479,15.857148039851596,57.08573294346575
39.95,413.47879558317277,15.857035717143118,57.085328581715224
40.0,414.2716484686641,15.857079702511184,57.085486929040265
40.050000000000004,415.06450880544685,15.857333768798425,57.08640156767433
40.1,415.857387431267,15.857811264008498,57.088120550430595
40.150000000000006,416.650294929918,15.858488682031966,57.09055925531508
40.2,417.4432389836064,15.859273465504502,57.09338447581621
40.25,418.23622068451317,15.859994570766125,57.09598045475805
40.300000000000004,419.0292251212141,15.860182897270343,57.096658430173235
40.35,419.82223479606364,15.860204096710769,57.09673474815877
40.400000000000006,420.61525149428485,15.860463832136977,57.09766979569312
40.45,421.4082908716046,15.861111260653848,57.100000538353854
40.5,422.2013712522131,15.862103963686378,57.103574269270965
40.550000000000004,422.99450654902734,15.863307908881984,57.10790847197514
40.6,423.787701574967,15.864493128704824,57.11217526333737
40.650000000000006,424.58095113082254,15.865489105516447,57.11576077985921
40.7,425.3742460877668,15.866309172254022,57.11871302011448
40.75,426.16757911670766,15.867011985380705,57.121243147370535
40.800000000000004,426.9609455529626,15.867645464816752,57.12352367334031
40.85,427.7543465918613,15.868396091131943,57.126225928074994
40.900000000000006,428.5477959999186,15.869580231159764,57.13048883217515
40.95,429.34131074080005,15.871009404098293,57.135633854753856
41.0,430.1348977189631,15.87246972242289,57.140891000722405
41.050000000000004,430.92855404983976,15.87378351264462,57.14562064552063
41.1,431.72227495916917,15.875052860531136,57.15019029791209
41.150000000000006,432.51605228848746,15.876040312199658,57.15374512391877
41.2,433.3098713324099,15.876721444697464,57.156197200910874
41.25,434.10372093160777,15.877262523217476,57.158145083582916
41.300000000000004,434.89759977576483,15.877891243065674,57.16040847503643
41.35,435.69151627906666,15.87876888900711,57.1635680004256
41.400000000000006,436.48548435942666,15.8799543253935,57.1678355714166
41.45,437.2795153177078,15.881284005852718,57.17262242106979
41.5,438.0736113485063,15.882557226086229,57.17720601391043
41.550000000000004,438.86776677923194,15.883660002940116,57.18117601058442
41.6,439.6619739551517,15.884627033850132,57.18465732186048
41.650000000000006,440.4562338611132,15.88576920460874,57.18876913659147
41.7,441.25055214341535,15.886962087476972,57.1930635149171
41.75,442.0449298235798,15.888145119101738,57.197322428766256
41.800000000000004,442.8393678089161,15.889374294350786,57.201747459662826
41.85,443.6338706434319,15.890739086282638,57.2066607106175
41.900000000000006,444.4284402233512,15.892044110487921,57.21135879775652
41.95,445.223064209698,15.892915343385079,57.21449523618629
42.0,446.01772822683967,15.893645342280655,57.217123232210355
42.050000000000004,446.8124309658503,15.894464218144327,57.220071185319576
42.1,447.6071793131356,15.895469673266591,57.22369082375973
42.150000000000006,448.40197775668327,15.896468068640578,57.22728504710608
42.2,449.196817307155,15.897113950228876,57.22961022082396
42.25,449.9916935174364,15.897934461024873,57.232564059689544
42.300000000000004,450.78661398657505,15.898884304522626,57.235983496281456
42.35,451.5815804663874,15.899774887970787,57.239189596694835
42.400000000000006,452.37658360918243,15.900350823831863,57.241262965794704
42.45,453.17161418170065,15.900872076895743,57.24313947682467
42.5,453.96666939462017,15.901336439885272,57.24481118358698
42.550000000000004,454.7617482276846,15.901816882692176,57.246540777691834
42.6,455.55685495138647,15.902452065382159,57.24882743537577
42.650000000000006,456.3519987902042,15.903301487327573,57.25188535437926
42.7,457.147181509716,15.904007293143449,57.25442625531642
42.75,457.9423937422169,15.904482006892446,57.2561352248128
42.800000000000004,458.7376293779673,15.904943423124392,57.25779632324781
42.85,459.5328872409338,15.905371095534415,57.259335943923894
42.900000000000006,460.3281652664543,15.905749925284743,57.26069973102508
42.95,461.1234620322278,15.906120705656905,57.26203454036486
43.0,461.91878258936083,15.906701579665187,57.26412568679467
43.050000000000004,462.7141340918552,15.90735852010985,57.26649067239546
43.1,463.5095166459145,15.907943642262738,57.26859711214586
43.150000000000006,464.30492472135575,15.908379375385943,57.27016575138939
43.2,465.10035042581103,15.908648802825935,57.27113569017337
43.25,465.89578586383044,15.90876871795093,57.271567384623346
43.300000000000004,466.6912272542837,15.908886900179196,57.271992840645105
43.35,467.48667501876895,15.909023679230911,57.27248524523128
43.400000000000006,468.28213420482587,15.909343763045962,57.27363754696547
43.45,469.0776175484264,15.909989980976205,57.27596393151434
43.5,469.8731417066748,15.91097634895984,57.279514856255425
43.550000000000004,470.66871281021395,15.911867792605667,57.282724053380406
43.6,471.46432826963763,15.912750584342598,57.285902103633354
43.650000000000006,472.25998619042247,15.913566247051198,57.28883848938432
43.7,473.0556806106366,15.91421056151446,57.291158021452055
43.75,473.85139994214063,15.914562698646249,57.2924257151265
43.800000000000004,474.6471325576349,15.91474192112551,57.29307091605183
43.85,475.4428700581307,15.914758098706193,57.29312915534229
43.900000000000006,476.2386082283116,15.91476870852962,57.29316735070663
43.95,477.03434714880717,15.914788111294586,57.293237200660506
44.0,477.83008421111174,15.914694380888706,57.292899771199345
44.050000000000004,478.6258019164937,15.914013834389975,57.29044980380391
44.1,479.4214726726598,15.912816412253425,57.286139084112335
44.150000000000006,480.21707755896796,15.911379040073536,57.28096454426473
44.2,481.01260453418786,15.909699968723404,57.27491988740425
44.25,481.80804244280444,15.907816375939197,57.26813895338111
44.300000000000004,482.6033847107098,15.90587434027586,57.26114762499309
44.35,483.398633798786,15.904089182771964,57.25472105797907
44.400000000000006,484.19379405438434,15.902321041161779,57.248355748182405
44.45,484.9888629656785,15.900435410604688,57.241567478176876
44.5,485.78382953211786,15.898227246970938,57.23361808909538
44.550000000000004,486.5786724955629,15.895491290830668,57.22376864699041
44.6,487.37336593876717,15.892246437338885,57.212087174419985
44.650000000000006,488.1678947065718,15.88890427484632,57.20005538944675
44.7,488.96225379966364,15.885459448825705,57.18765401577254
44.75,489.75643650865754,15.881848910929259,57.17465607934533
44.800000000000004,490.5504340213594,15.87805159714569,57.16098574972449
44.85,491.3442397718158,15.874178421110772,57.14704231599878
44.900000000000006,492.1378496187553,15.870215456469333,57.1327756432896
44.95,492.9312559449253,15.86603759032918,57.117735325185045
45.0,493.7244484376479,15.861662118574701,57.10198362686892
45.050000000000004,494.51741916426494,15.857166946108228,57.08580100598962
45.1,495.31016501435516,15.85266705750166,57.069601407005976
45.150000000000006,496.1026832390305,15.848061929511415,57.05302294624109
45.2,496.8949687946278,15.843360294379456,57.03609705976604
45.25,497.68702355938973,15.838830296098527,57.0197890659547
45.300000000000004,498.478858628772,15.83457247919168,57.00446092509005
45.35,499.2704862998106,15.830534362353744,56.989923704473476
45.400000000000006,500.061908346104,15.826347489383084,56.974850961779104
45.45,500.8531147763208,15.82190971928832,56.95887498943795
45.5,501.64410041661756,15.817515892582298,56.94305721329627
45.550000000000004,502.4348691706936,15.813234270459423,56.92764337365392
45.6,503.2254288102525,15.80915131189545,56.91294472282362
45.650000000000006,504.01579348071436,15.805435506579313,56.89956782368553
45.7,504.8059823015666,15.802117327509178,56.88762237903304
45.75,505.59600893059826,15.798947833758634,56.87621220153108
45.800000000000004,506.3858807881845,15.795926469691585,56.8653352908897
45.85,507.1756047758074,15.793033035223614,56.85491892680501
45.900000000000006,507.9651865900027,15.790239532587671,56.84486231731562
45.95,508.754632561696,15.787599335142543,56.835357606513156
46.0,509.54394834965814,15.785032183342699,56.82611586003372
46.050000000000004,510.3331380302532,15.78255504046137,56.81719814566093
46.1,511.1222090309736,15.78028498835211,56.80902595806759
46.150000000000006,511.91117492958864,15.778350956249339,56.80206344249762
46.2,512.7000554303767,15.77686907527242,56.79672867098071
46.25,513.4888761648341,15.775960303024506,56.793457090888225
46.300000000000004,514.2776613908258,15.77544873664163,56.79161545190987
46.35,515.0664289609416,15.775254067993322,56.79091464477596
46.400000000000006,515.8551931597491,15.775313884307321,56.79112998350636
46.45,516.6439657232065,15.775588653987592,56.79211915435533
46.5,517.4327572277281,15.776071526873487,56.79385749674456
46.550000000000004,518.221580027144,15.776840449762148,56.79662561914373
46.6,519.0104489428747,15.77791617946563,56.800498246076266
46.650000000000006,519.799375425699,15.77914313350576,56.80491528062074
46.7,520.5883610729583,15.780282756860872,56.80901792469914
46.75,521.3773954375325,15.781091826109941,56.81193057399579
46.800000000000004,522.1664606908095,15.781518304968573,56.813465897886864
46.85,522.9555482888577,15.781985616960812,56.81514822105893
46.900000000000006,523.7446660149957,15.78272342855835,56.817804342810064
46.95,524.5338291564501,15.783802229619178,56.82168802662904
47.0,525.3230510229894,15.785072431952928,56.82626075503054
47.050000000000004,526.1123335977856,15.786230559892742,56.83043001561387
47.1,526.9016733386725,15.787359075585671,56.83449267210842
47.150000000000006,527.6910713283154,15.788560510129704,56.83881783646694
47.2,528.4805312782345,15.789837486634768,56.843414951885165
47.25,529.2700551869948,15.79111886377561,56.8480279095922
47.300000000000004,530.0596420578513,15.79235597048381,56.85248149374171
47.35,530.8492896611585,15.793548161803889,56.856773382494
47.400000000000006,531.6389972206753,15.794754218863192,56.861115187907494
47.45,532.4287659609672,15.795995392814868,56.865583414133525
47.5,533.2185969665153,15.79724482910858,56.870081384790886
47.550000000000004,534.0084872992147,15.798368478867355,56.87412652392248
47.6,534.798429467945,15.799318270342711,56.87754577323376
47.650000000000006,535.5884156336879,15.8001283593749,56.88046209374964
47.7,536.3784385152513,15.800786903163113,56.88283285138721
47.75,537.168491268112,15.80132321126302,56.88476356054687
47.800000000000004,537.9585697787212,15.801817213105801,56.88654196718088
47.85,538.7486770413187,15.802473290796579,56.888903846867684
47.900000000000006,539.5388207744194,15.80327603322816,56.891793719621376
47.95,540.3290052948428,15.804104783708555,56.8947772213508
48.0,541.1192303005404,15.804895444194615,56.89762359910062
48.050000000000004,541.9094932796125,15.8056237186919,56.90024538729084
48.1,542.699791781459,15.806316355165555,56.902738878596
48.150000000000006,543.4901214125512,15.806868888521501,56.90472799867741
48.2,544.2804752623001,15.807285101437548,56.90622636517517
48.25,545.0708493649768,15.807679005629398,56.90764442026583
48.300000000000004,545.8612442817752,15.808117666305224,56.90922359869881
48.35,546.6516607820256,15.808542343714551,56.91075243737239
48.400000000000006,547.4420954464478,15.80884423317074,56.91183923941467
48.45,548.2325440474775,15.809099808020699,56.91275930887452
48.5,549.0230043841946,15.809313660661873,56.913529178382745
48.550000000000004,549.8134743888827,15.809486526865365,56.91415149671531
48.6,550.6039520245075,15.809618898125452,56.914628033251624
48.650000000000006,551.3944355949117,15.80972391804121,56.915006104948354
48.7,552.1849248955821,15.809848108776476,56.91545319159532
48.75,552.9754213235592,15.810009010306997,56.91603243710519
48.800000000000004,553.765926850015,15.810212047924972,56.9167633725299
48.85,554.5564434569525,15.810452229573832,56.91762802646579
48.900000000000006,555.3469725122477,15.81070998223686,56.9185559360527
48.95,556.1375144553713,15.810967742704443,56.919483873736
49.0,556.9280697029754,15.811242161460372,56.92047178125734
49.050000000000004,557.7186398133516,15.811562253584723,56.92162411290501
49.1,558.5092277266975,15.811954280251838,56.923035408906614
49.150000000000006,559.2998376488891,15.812442607414196,56.92479338669111
49.2,560.0904792512717,15.81322148789076,56.927597356406736
49.25,560.8811638142656,15.81416103186419,56.930979714711086
49.300000000000004,561.6718958121414,15.815118883166923,56.93442797940092
49.35,562.4626732612219,15.815979080051887,56.9375246881868
49.400000000000006,563.253488822722,15.816643379956217,56.939916167842384
49.45,564.0443297664618,15.81699436963594,56.941179730689385
49.5,564.8351844827964,15.817194283747478,56.94189942149092
49.550000000000004,565.626049251202,15.81739645247148,56.94262722889733
49.6,566.4169227052694,15.817541710224484,56.943150156808144
49.650000000000006,567.2077990246034,15.817511063140513,56.943039827305846
49.7,567.9986654013829,15.81714400803917,56.941718428941016
49.75,568.7894997896244,15.81623152162196,56.938433477839055
49.800000000000004,569.580282999249,15.815096863363118,56.93434870810723
49.85,570.3710073958974,15.813879002575876,56.929964409273154
49.900000000000006,571.1616713459638,15.812679000075784,56.92564440027282
49.95,571.9522766615897,15.81153362496197,56.92152104986309
50.0,572.7428190153418,15.810160525119871,56.91657789043153
50.050000000000004,573.5332820960826,15.80836270451457,56.910105736252454
50.1,574.3236488002257,15.806305461206408,56.90269966034307
50.150000000000006,575.113908648915,15.804088486364476,56.89471855091212
50.2,575.9040549347485,15.801762946975598,56.88634660911215
50.25,576.6940804534736,15.799257802028007,56.877328087300825
50.300000000000004,577.4839727708438,15.796434892783354,56.867165614020074
50.35,578.2737192797032,15.793425461589647,56.856331661722734
50.400000000000006,579.0633101759081,15.790210386608626,56.844757391791056
50.45,579.8527350016517,15.786782643132964,56.83241751527867
50.5,580.6419836923803,15.783164986010503,56.81939394963781
50.550000000000004,581.4310488680709,15.779442041613828,56.80599134980978
50.6,582.2199242628509,15.775573749585023,56.79206549850608
50.650000000000006,583.008600974857,15.771494730659136,56.77738103037289
50.7,583.7970683993904,15.76720225067519,56.76192810243069
50.75,584.5853174865193,15.76276123448499,56.745940444145965
50.800000000000004,585.373346392519,15.75839500550146,56.73022201980526
50.85,586.161160471024,15.754168134700112,56.71500528492041
50.900000000000006,586.9487649556094,15.75001124871488,56.70004049537357
50.95,587.7361599478014,15.745788438966143,56.684838380278116
51.0,588.5233395987725,15.741397599877205,56.66903135955794
51.050000000000004,589.3102952843788,15.73682982437322,56.65258736774359
51.1,590.0970253821167,15.73237408514608,56.63654670652589
51.150000000000006,590.8835322705528,15.72790145229484,56.62044522826143
51.2,591.6698143181491,15.723380451555375,56.604169625599354
51.25,592.4558712537377,15.71889697198739,56.5880290991546
51.300000000000004,593.2417091645459,15.714619460343956,56.57263005723824
51.35,594.0273413395445,15.710667539599866,56.55840314255952
51.400000000000006,594.8127768696487,15.706753664568092,56.54431319244513
51.45,595.5980190609985,15.702933989422148,56.530562361919735
51.5,596.3830759313917,15.69934082630747,56.51762697470689
51.550000000000004,597.1679619222796,15.696098809208259,56.50595571314973
51.6,597.9526960777691,15.69326741037491,56.495762677349674
51.650000000000006,598.7372996477816,15.690875390122436,56.48715140444077
51.7,599.5217912440721,15.688788461497886,56.47963846139239
51.75,600.3061845784885,15.6869449151554,56.47300169455944
51.800000000000004,601.0904916581733,15.685338272236326,56.467217780050774
51.85,601.8747258499176,15.684029397536532,56.462505831131516
51.900000000000006,602.6589037963329,15.68308845907619,56.45911845267428
51.95,603.4430405726921,15.682382595293827,56.45657734305778
52.0,604.2271489758259,15.681953530058722,56.4550327082114
52.050000000000004,605.0112437613359,15.681837890340935,56.45461640522737
52.1,605.7953411433872,15.68205739171076,56.45540661015874
52.150000000000006,606.5794586246585,15.682641859144036,56.45751069291853
52.2,607.3636110183511,15.683453888560855,56.46043399881908
52.25,608.1478107717875,15.684536248892252,56.46433049601211
52.300000000000004,608.9320707091248,15.685861244601194,56.4691004805643
52.35,609.7164011109535,15.687354828548205,56.47447738277354
52.400000000000006,610.5008074892376,15.6889003028127,56.48004109012572
52.45,611.2852942233123,15.690569060180215,56.48604861664877
52.5,612.069867798366,15.692373941964863,56.49254619107351
52.550000000000004,612.8545355900295,15.694337724576775,56.49961580847639
52.6,613.6393049195108,15.696435454671732,56.50716763681824
52.650000000000006,614.4241805717969,15.698590636775684,56.51492629239247
52.7,615.2091597307876,15.700575722855309,56.52207260227911
52.75,615.9942383183578,15.702567779950417,56.529244007821504
52.800000000000004,616.7794202043457,15.70470765956355,56.53694757442878
52.85,617.5647145348956,15.707065562434689,56.54543602476488
52.900000000000006,618.3501319699131,15.709631838265878,56.554674617757165
52.95,619.1356818574336,15.712363662552104,56.564509185187575
53.0,619.9213684597213,15.715100428954107,56.57436154423479
53.050000000000004,620.7071930407704,15.717882813013613,56.58437812684901
53.1,621.493159530516,15.720776776807867,56.59479639650832
53.150000000000006,622.2792738691237,15.723796767499623,56.60566836299864
53.2,623.0655409088247,15.726884820540047,56.61678535394417
53.25,623.8519623994488,15.72997480442202,56.62790929591927
53.300000000000004,624.6385386187302,15.733073966834265,56.63906628060336
53.35,625.4252697314911,15.736170543599608,56.65021395695859
53.400000000000006,626.2121553570789,15.739254479913942,56.66131612769019
53.45,626.9991947085763,15.742319579979437,56.672350487925975
53.5,627.7863865818224,15.745355349866873,56.683279259520745
53.550000000000004,628.5737319894664,15.748460955893671,56.69445944121722
53.6,629.3612337584683,15.751609804183763,56.70579529506155
53.650000000000006,630.1488928145576,15.754752439389387,56.71710878180179
53.7,630.9367080112498,15.757855428300628,56.72827954188226
53.75,631.7246775032394,15.76092425128079,56.73932730461084
53.800000000000004,632.5128026041942,15.764079786915014,56.75068723289405
53.85,633.3010878521349,15.767330130708535,56.762388470550725
53.900000000000006,634.0895351642556,15.770562354120766,56.77402447483476
53.95,634.8781420702109,15.773713884089574,56.785369982722464
54.0,635.666904356191,15.776777555115794,56.79639919841686
54.050000000000004,636.4558174778953,15.779747313054967,56.80709032699788
54.1,637.2448793435937,15.782727314878917,56.817818333564105
54.150000000000006,638.0340908757331,15.785733970698425,56.82864229451433
54.2,638.8234525611666,15.788733446642063,56.839440407911425
54.25,639.6129634418622,15.791701781183145,56.85012641225932
54.300000000000004,640.4026235401652,15.794702150937562,56.86092774337522
54.35,641.1924363415468,15.797809904323113,56.872115655563206
54.400000000000006,641.9824029623244,15.800854926778685,56.883077736403266
54.45,642.7725185366928,15.803768047957535,56.89356497264713
54.5,643.5627780883334,15.8066140176652,56.90381046359472
54.550000000000004,644.3531837640536,15.809613011143483,56.91460684011654
54.6,645.1437457086344,15.812864772086412,56.926313179511084
54.650000000000006,645.9344703632942,15.816121414305412,56.93803709149948
54.7,646.7253570426536,15.819345760074194,56.949644736267096
54.75,647.5164037629238,15.8225230507326,56.961082982637365
54.800000000000004,648.3076082912293,15.825658081485082,56.972369093346295
54.85,649.0989691517915,15.828776341002168,56.98359482760781
54.900000000000006,649.8904906083256,15.832081920366049,56.99549491331778
54.95,650.6821777837251,15.835405095612654,57.00745834420555
55.0,651.4740290161492,15.838644201350203,57.01911912486073
55.050000000000004,652.2660394699452,15.84177395049094,57.03038622176738
55.1,653.058206330218,15.84490046041966,57.04164165751078
55.150000000000006,653.850527575038,15.847949332376938,57.05261759655698
55.2,654.6430072119693,15.85123614487802,57.064450121560874
55.25,655.4356562350639,15.854724778905332,57.077009204059195
55.300000000000004,656.2284829223302,15.858342711745637,57.09003376228429
55.35,657.0214916543332,15.86200656837829,57.103223646161844
55.400000000000006,657.8146839241531,15.865684224415622,57.11646320789624
55.45,658.6080566893288,15.869226382611005,57.12921497739962
55.5,659.4016021392395,15.872591613813999,57.141329809730394
55.550000000000004,660.1953116810466,15.875790058472127,57.15284421049966
55.6,660.9891779881286,15.878862224806168,57.16390400930221
55.650000000000006,661.7831960500941,15.881860253816411,57.17469691373908
55.7,662.5773641992525,15.88486571252084,57.18551656507503
55.75,663.3716840686416,15.887929063041074,57.19654462694787
55.800000000000004,664.1661573984412,15.891004128945294,57.20761486420306
55.85,664.9607833831076,15.894035257709959,57.21852692775585
55.900000000000006,665.755558654673,15.896975604907071,57.229112177665456
55.95,666.5504789714,15.899837064175438,57.23941343103158
56.0,667.3455429412647,15.902721730413036,57.249798229486935
56.050000000000004,668.140750740434,15.905590236354909,57.26012485087767
56.1,668.9361012207041,15.90842897445311,57.2703443080312
56.150000000000006,669.7315929856211,15.911241622223686,57.280469840005274
56.2,670.5272249240471,15.914035914819253,57.290529293349316
56.25,671.3229939118343,15.916723596667133,57.30020494800168
56.300000000000004,672.1188951324893,15.9193252295357,57.30957082632852
56.35,672.9149241768334,15.921836544228869,57.31861155922393
56.400000000000006,673.7110766806002,15.924263606442246,57.32734898319209
56.45,674.5073493133928,15.926641705260893,57.33591013893922
56.5,675.3037402192394,15.928994528607522,57.34438030298708
56.550000000000004,676.1002522673258,15.93148739484698,57.35335462144913
56.6,676.8968934371358,15.934159397551126,57.36297383118405
56.650000000000006,677.6936724753974,15.93700213291502,57.373207678494076
56.7,678.4905964992543,15.939958821358028,57.3838517568889
56.75,679.2876661906756,15.942828835496178,57.39418380778624
56.800000000000004,680.0848662495722,15.945173520366277,57.4026246733186
56.85,680.8821810766424,15.947419562439844,57.41071042478344
56.900000000000006,681.6796109449326,15.94977516916864,57.41919060900711
56.95,682.4771618311007,15.952260277556835,57.42813699920461
57.0,683.2748308352939,15.954499890170778,57.4361996046148
57.050000000000004,684.0726082828554,15.956598012291138,57.4437528442481
57.1,684.8704908472473,15.958704563383979,57.45133642818232
57.150000000000006,685.6684792866448,15.960833012516325,57.45899884505877
57.2,686.4665737612277,15.962945970800044,57.46660549488016
57.25,687.2647714151545,15.964960186274777,57.4738566705892
57.300000000000004,688.0630569772084,15.96646229587609,57.47926426515392
57.35,688.8614037390073,15.967408176079909,57.48266943388767
57.400000000000006,689.6597873308338,15.967935496978853,57.48456778912387
57.45,690.4581886533111,15.968117402118038,57.48522264762494
57.5,691.2565907319727,15.967965744344394,57.48467667963982
57.550000000000004,692.0549728977304,15.96732088596681,57.482355189480515
57.6,692.8533134053421,15.966299418499208,57.47867790659715
57.650000000000006,693.6515957241475,15.964993333715281,57.473976001375014
57.7,694.4498053626633,15.963392206916442,57.468211944899195
57.75,695.2479260452768,15.961435097628097,57.46116635146115
57.800000000000004,696.0459361083756,15.95896742632433,57.452282734767586
57.85,696.8438054612125,15.955806687150375,57.44090407374135
57.900000000000006,697.6415006142705,15.951999435170727,57.42719796661462
57.95,698.4389919376122,15.94765349849435,57.41155259457966
58.0,699.2362530237074,15.942789945313358,57.39404380312809
58.050000000000004,700.0332563866408,15.93734457202362,57.37444045928503
58.1,700.8299734940312,15.931339723592302,57.35282300493229
58.150000000000006,701.6263833858625,15.925055949659049,57.330201418772575
58.2,702.4224745697577,15.91859140614946,57.30692906213806
58.25,703.2182399330969,15.912023127420799,57.283283258714874
58.300000000000004,704.0136738782485,15.905334678640955,57.25920484310744
58.35,704.8087608260242,15.898143232387223,57.23331563659401
58.400000000000006,705.6034735571046,15.890366010829451,57.205317638986024
58.45,706.397786657208,15.88215799330745,57.17576877590682
58.5,707.1916797781515,15.873566844431425,57.14484063995313
58.550000000000004,707.9851356727398,15.864668939101284,57.112808180764624
58.6,708.7781420190023,15.855584911399193,57.0801056810371
58.650000000000006,709.5706264646377,15.843792914015749,57.037654490456696
58.7,710.3625289406248,15.832306125465816,56.99630205167694
58.75,711.1538648460456,15.8211300913688,56.956068328927685
58.800000000000004,711.9446413915831,15.809931730130058,56.91575422846821
58.85,712.7348591557358,15.798778835974067,56.87560380950664
58.900000000000006,713.5245291073289,15.788019227754095,56.836869219914746
58.95,714.313674825019,15.777809479846978,56.80011412744912
59.0,715.1023230679025,15.768120235490285,56.76523284776503
59.050000000000004,715.8905012977214,15.759008957264879,56.732432246153564
59.1,716.6782417594155,15.750609510499894,56.70219423779962
59.150000000000006,717.4655868822306,15.743195402103401,56.67550344757225
59.2,718.2525857605804,15.73675973188742,56.65233503479471
59.25,719.0392796999071,15.730997841179436,56.63159222824597
59.300000000000004,719.8257092612803,15.72618461375056,56.614264609502015
59.35,720.611924999953,15.722444933155032,56.60080175935811
59.400000000000006,721.3979798300419,15.719748270403608,56.59109377345299
59.45,722.1839141775083,15.717625628254519,56.58345226171627
59.5,722.9697416552701,15.71547348221989,56.575704535991605
59.550000000000004,723.7554587406481,15.713209932898177,56.56755575843344
59.6,724.5410769217118,15.71151730964863,56.56146231473507
59.650000000000006,725.3266322464565,15.7106956801364,56.55850444849104
59.7,726.1121433416663,15.709748128254983,56.55509326171794
59.75,726.8976053052385,15.70873041462986,56.551429492667495
59.800000000000004,727.6830180661952,15.707780023638833,56.5480080850998
59.85,728.4683719163177,15.706373981257412,56.54294633252668
59.900000000000006,729.2536370647233,15.704231954966666,56.53523503788
59.95,730.0387776119809,15.701389935338357,56.52500376721809
60.0,730.8237668268711,15.698178660267622,56.51344317696344
60.050000000000004,731.6085861609117,15.694594701357493,56.50054092488698
60.1,732.3932059678106,15.690197574597219,56.48471126854999
60.150000000000006,733.1775839693465,15.684922486843366,56.46572095263612
60.2,733.9616869667918,15.67919741097079,56.445110679494846
60.25,734.745491177604,15.672971021515284,56.422695677455025
60.300000000000004,735.528962906136,15.665898119765558,56.39723323115601
60.35,736.3120646737507,15.658172584821916,56.3694213053589
60.400000000000006,737.0947696231971,15.650025393035198,56.34009141492672
60.45,737.8770655152073,15.64181028737104,56.31051703453575
60.5,738.6589454326539,15.63338641049522,56.280191077782796
60.550000000000004,739.4403910086676,15.624436630052736,56.24797186818985
60.6,740.2213815374064,15.61518451949811,56.2146642701932
60.650000000000006,741.0019100597643,15.605956374820783,56.18144294935482
60.7,741.781965610861,15.596265669046115,56.14655640856601
60.75,742.5615192751833,15.585880903846137,56.10917125384609
60.800000000000004,743.3405520339775,15.575429447922865,56.07154601252231
60.85,744.1190658457256,15.565123022002302,56.034442879208285
60.900000000000006,744.8970700561509,15.555045395014531,55.998163422052315
60.95,745.6745584365701,15.54448982175187,55.96016335830674
61.0,746.4515140420998,15.53373439943331,55.92144383795992
61.050000000000004,747.2279315334732,15.522965255505435,55.882674919819564
61.1,748.003814515208,15.512354013886158,55.84447444999017
61.150000000000006,748.7791532473526,15.501195271900455,55.80430297884164
61.2,749.5539337676432,15.49002553972346,55.76409194300446
61.25,750.3281590967403,15.478987624156918,55.72435544696491
61.300000000000004,751.1018181329747,15.467373825223058,55.68254577080301
61.35,751.8748726501566,15.454806862050587,55.637304703382114
61.400000000000006,752.6472937299012,15.442036327734145,55.59133077984293
61.45,753.4190804024857,15.429430575649377,55.54595007233776
61.5,754.1902320806577,15.41663655122657,55.49989158441566
61.550000000000004,754.9607035936332,15.402223967792716,55.44800628405378
61.6,755.7304209150177,15.386468887589292,55.39128799532145
61.650000000000006,756.4993346408659,15.3700801463358,55.33228852680888
61.7,757.2674091241547,15.352899185215746,55.27043706677669
61.75,758.0345746637067,15.333722396866234,55.201400628718446
61.800000000000004,758.8007430567808,15.313013326095355,55.12684797394328
61.85,759.5658463025117,15.291116503139625,55.04801941130265
61.900000000000006,760.3298281749215,15.268158393256192,54.96537021572229
61.95,761.0926249599263,15.243713006933975,54.87736682496231
62.0,761.8541556274133,15.217513692546875,54.78304929316875
62.050000000000004,762.6143518129754,15.190333729938454,54.68520142777843
62.1,763.3731646804862,15.16218097049205,54.583851493771384
62.150000000000006,764.1305202937174,15.132043558757955,54.47535681152864
62.2,764.8863243982146,15.100120621132024,54.36043423607529
62.25,765.6405061047576,15.067147640588763,54.24173150611955
62.300000000000004,766.3930204715862,15.03342703255598,54.12033731720153
62.35,767.1438050269282,14.997955181125878,53.99263865205316
62.400000000000006,767.892779399069,14.961019704502595,53.85967093620934
62.45,768.639896535476,14.923665751777795,53.72519670640006
62.5,769.3851385586631,14.886015175703447,53.58965463253241
62.550000000000004,770.1284798290772,14.847635640858622,53.45148830709104
62.6,770.8698686090639,14.807915558610643,53.30849601099832
62.650000000000006,771.6092615474242,14.76780197580164,53.16408711288591
62.7,772.3466523477808,14.727830038459985,53.02018813845594
62.75,773.0820299227718,14.687272961175132,52.87418266023048
62.800000000000004,773.8153549547864,14.645728319407777,52.724621949867995
62.85,774.5465885428645,14.60361520371571,52.57301473337656
62.900000000000006,775.2757202630868,14.561653605175454,52.42195297863164
62.95,776.0027645489962,14.520117831199098,52.272424192316755
63.0,776.7277142259176,14.477869245655747,52.120329284360686
63.050000000000004,777.4505335563794,14.434903972814697,51.96565430213291
63.1,778.1712130120965,14.39227425586897,51.81218732112829
63.150000000000006,778.8897642082547,14.349773590463192,51.65918492566749
63.2,779.6061590839405,14.306021436968695,51.5016771730873
63.25,780.3203644572948,14.262193497201613,51.343896589925805
63.300000000000004,781.032383233636,14.218557556447514,51.18680720321105
63.35,781.7422385683481,14.17565583203423,51.03236099532323
63.400000000000006,782.4499517754922,14.132872453732045,50.87834083343536
63.45,783.155498576083,14.088999569898528,50.7203984516347
63.5,783.8588398114764,14.044649845839311,50.56073944502152
63.550000000000004,784.5599766907367,14.000825324571473,50.402971168457306
63.6,785.258906551883,13.956369121279682,50.24292883660686
63.650000000000006,785.9555879975227,13.910888704305743,50.079199335500675
63.7,786.650003966524,13.865750055747013,49.91670020068925
63.75,787.3421760450157,13.82113308392036,49.7560791021133
63.800000000000004,788.0320889332106,13.77538244387677,49.59137679795637
63.85,788.7197016176167,13.72912493236422,49.42484975651119
63.900000000000006,789.4049986387914,13.682755914625224,49.257921292650806
63.95,790.0879966983177,13.637166466428756,49.093799279143525
64.0,790.7687140826229,13.591528905775842,48.929504060793036
64.05,791.447115285513,13.544519209825562,48.76026915537203
64.10000000000001,792.1231458962021,13.496705217740628,48.58813878386626
64.15,792.7968025987037,13.449562882322947,48.41842637636261
64.2,793.4680976616849,13.402239636920928,48.24806269291534
64.25,794.1370059689124,13.354092652178826,48.07473354784378
64.3,794.8035060414527,13.305910249432745,47.901276897957885
64.35000000000001,795.4676129345726,13.258365475363526,47.73011571130869
64.4,796.1293551317287,13.21132241088287,47.56076067917833
64.45,796.7887243980805,13.163448243185806,47.388413675468904
64.5,797.4456797965369,13.114767695071349,47.21316370225686
64.55,798.1002183785957,13.066775587285559,47.04039211422801
64.60000000000001,798.7523755163029,13.01950992100185,46.87023571560666
64.65,799.4021574888666,12.971768981547566,46.69836833357124
64.7,800.0495394299485,12.923508661727398,46.524631182218634
64.75,800.694542112654,12.876598646491843,46.355755127370635
64.8,801.3372147534749,12.830306986346068,46.18910515084585
64.85000000000001,801.9775583748794,12.783437869834875,46.02037633140555
64.9,802.6155603048684,12.736639329722841,45.85190158700223
64.95,803.2512410169231,12.690589152468164,45.68612094888539
65.0,803.8846483420904,12.645703854222521,45.52453387520108
65.05,804.5158163196585,12.601015248501852,45.36365489460667
65.10000000000001,805.1447415107216,12.55599239402145,45.20157261847722
65.15,805.7714382153337,12.511875790459934,45.04275284565576
65.2,806.395968050628,12.469317621313278,44.889543436727806
65.25,807.018379980995,12.42715959336396,44.73777453611026
65.3,807.6386775726942,12.384744074603725,44.58507866857341
65.35000000000001,808.2568516808547,12.342220251814231,44.431992906531235
65.4,808.8729303505243,12.300926534969566,44.283335525890436
65.45,809.486960370254,12.260274254219917,44.1369873151917
65.5,810.0989471803043,12.219198147792738,43.98911333205386
65.55,810.7088931643214,12.178641212887237,43.843108366394056
65.60000000000001,811.3168482315159,12.139561474895704,43.70242130962453
65.65,811.9228571915421,12.100796926152205,43.562868934147936
65.7,812.5269231072111,12.061839700610884,43.42262292219918
65.75,813.1290438048693,12.022988205717184,43.28275754058186
65.8,813.7292420474004,11.984941495525474,43.14578938389171
65.85000000000001,814.3275784166244,11.94851327343456,43.01464778436442
65.9,814.924105422346,11.91256695542612,42.88524103953404
65.95,815.5188309617939,11.876454622490494,42.75523664096578
66.0,816.1117760149042,11.841347501921616,42.62885100691782
66.05,816.7029924651296,11.807310507094067,42.506317825538645
66.10000000000001,817.2925044456274,11.77316871281719,42.38340736614189
66.15,817.8803149374326,11.739250959389524,42.26130345380229
66.2,818.4664830859549,11.70747498150388,42.14690993341397
66.25,819.0510772210423,11.67629042199158,42.034645519169686
66.3,819.6340997653858,11.64461135174925,41.9206008662973
66.35000000000001,820.2155395447511,11.61297982285973,41.80672736229503
66.4,820.7954140298152,11.581999579706201,41.695198486942324
66.45,821.3737720753657,11.552322242312574,41.588360072325266
66.5,821.950660825546,11.523227764902778,41.48361995365
66.55,822.5260850329107,11.493740529684631,41.37746590686467
66.60000000000001,823.1000471800629,11.464745356401986,41.27308328304715
66.65,823.6725805582684,11.436589771814313,41.17172317853153
66.7,824.2437013940331,11.408243658777463,41.06967717159887
66.75,824.813402067051,11.37978326193804,40.96721974297695
66.8,825.3816889602134,11.351692464556976,40.86609287240511
66.85000000000001,825.9486016187608,11.32481387733691,40.769329958412875
66.9,826.5141877512488,11.29863142217956,40.67507311984642
66.95,827.0784512548755,11.271908722892821,40.57887140241416
67.0,827.6413733862785,11.244976533225708,40.48191551961255
67.05,828.2029685668717,11.218830690506827,40.38779048582458
67.10000000000001,828.7632651509772,11.193032673710604,40.294917625358174
67.15,829.3222576360415,11.166666728862706,40.20000022390575
67.2,829.8799394458647,11.14060566406662,40.10618039063983
67.25,830.4363423361252,11.115509946353892,40.015835806874016
67.3,830.9914921678038,11.090483320790494,39.92573995484578
67.35000000000001,831.5453822929661,11.065121685699868,39.834438068519525
67.4,832.0980048710167,11.039781436321775,39.74321317075839
67.45,832.6493751624049,11.015030219209054,39.654108789152595
67.5,833.1995197784744,10.990754423572172,39.56671592485982
67.55,833.748440370771,10.966069268295989,39.47784936586556
67.60000000000001,834.2961043269947,10.94048898065117,39.38576033034421
67.65,834.8424915778292,10.915001052724843,39.29400378980944
67.7,835.3876120073779,10.889816129226023,39.203338065213686
67.75,835.9314600126111,10.864104080098546,39.110774688354766
67.8,836.4740164721509,10.838154301493612,39.017355485377
67.85000000000001,837.0152787728599,10.812337726865696,38.924415816716504
67.9,837.5552628797726,10.787026549640958,38.83329557870745
67.95,838.0939829216043,10.761775123623718,38.74239044504539
68.0,838.6314337840945,10.73625937598485,38.65053375354547
68.05,839.1676166368879,10.71105473575237,38.55979704870853
68.10000000000001,839.702552975513,10.686398809246528,38.4710357132875
68.15,840.2362557841711,10.661713537082385,38.382168733496584
68.2,840.768727589016,10.637158656711247,38.29377116416049
68.25,841.2999655630475,10.612360304549943,38.2044970963798
68.3,841.8299729298218,10.58793436642124,38.11656371911647
68.35000000000001,842.358768932005,10.563905720905103,38.03006059525837
68.4,842.8863669478105,10.540014911318648,37.94405368074713
68.45,843.412774119822,10.516271969137113,37.858579088893606
68.5,843.9380160801735,10.493406444925883,37.77626320173318
68.55,844.4621315593222,10.471212721024006,37.696365795686425
68.60000000000001,844.9851375782616,10.449028036553962,37.61650093159427
68.65,845.5070454840833,10.427288196313835,37.53823750672981
68.7,846.0278889142522,10.406449010444769,37.46321643760117
68.75,846.5477024660627,10.386093061974961,37.389935023109864
68.8,847.0665072440131,10.366098056043056,37.317953001755
68.85000000000001,847.5843213537074,10.346466331730126,37.24727879422845
68.9,848.10117332422,10.327612488770297,37.17940495957307
68.95,848.6171084469555,10.309792420650787,37.11525271434284
69.0,849.1321718241413,10.292742666782267,37.05387360041616
69.05,849.6463998621267,10.276378852634311,36.99496386948352
69.10000000000001,850.1598425087307,10.261327011524228,36.940777241487226
69.15,850.6725586415151,10.24731829985581,36.89034587948092
69.2,851.1845824491459,10.233634005373784,36.841082419345625
69.25,851.6959341565708,10.220434291623503,36.79356344984461
69.3,852.2066435285083,10.20794058587121,36.748586109136355
69.35000000000001,852.7167574164663,10.196614932447904,36.707813756812456
69.4,853.2263277310836,10.186197652244712,36.67031154808096
69.45,853.7353980858011,10.176616536453839,36.63581953123382
69.5,854.244015062201,10.16806251954535,36.60502507036326
69.55,854.7522307282693,10.16056412318388,36.57803084346197
69.60000000000001,855.2600883264288,10.153739803194787,36.55346329150123
69.65,855.7676157977629,10.147359050168912,36.53049258060808
69.7,856.274845683027,10.141836360393507,36.510610897416626
69.75,856.781822828689,10.13724946608383,36.49409807790179
69.8,857.2885794406408,10.13301501198626,36.478854043150534
69.85000000000001,857.7951364747734,10.129266353315945,36.465358871937404
69.9,858.3015144101392,10.125851061320667,36.4530638207544
69.95,858.8077408157667,10.123205163778684,36.443538589603264
70.0,859.3138473499639,10.121056204108637,36.43580233479109
70.05,859.8198511210858,10.11909464076628,36.42874070675861
70.10000000000001,860.3257555416985,10.117082183744877,36.42149586148156
70.15,860.8315713528651,10.115550262916878,36.41598094650076
70.2,861.3373185563569,10.11433787675492,36.411616356317715
70.25,861.8430008420568,10.112953551241974,36.40663278447111
70.3,862.3486090857917,10.111376198157842,36.40095431336823
70.35000000000001,862.8541388596016,10.109814754233392,36.39533311524021
70.4,863.3595944087461,10.108407211549777,36.390265961579196
70.45,863.8649739694495,10.106775216582701,36.384390779697725
70.5,864.3702704007134,10.10508203397509,36.37829532231033
70.55,864.8754825765222,10.103404998381095,36.37225799417194
70.60000000000001,865.3806085773764,10.101635035782756,36.36588612881793
70.65,865.8856385703706,10.09956468398534,36.35843286234723
70.7,866.3905498143959,10.096885077024064,36.34878627728663
70.75,866.8953227140648,10.094030909734817,36.33851127504534
70.8,867.3999522390933,10.091150091404224,36.32814032905521
70.85000000000001,867.9044334534364,10.088098482316884,36.31715453634078
70.9,868.4087505121718,10.084583867099118,36.30450192155683
70.95,868.9128878015177,10.080907706741469,36.29126774426929
71.0,869.4168383385136,10.077113773093972,36.2776095831383
71.05,869.9205898615533,10.072947148494569,36.26260973458045
71.10000000000001,870.424123550955,10.068400427571893,36.24624153925882
71.15,870.927426140687,10.06370316171044,36.22933138215759
71.2,871.4304926839311,10.058958568055175,36.21225084499863
71.25,871.9333085533325,10.053676207998786,36.19323434879563
71.3,872.4358650281963,10.048582786553828,36.174898031593784
71.35000000000001,872.9381690051896,10.043576293179706,36.15687465544694
71.4,873.4402175930803,10.03836722245021,36.13812200082076
71.45,873.9419918564649,10.032603312934688,36.11737192656488
71.5,874.4434440412525,10.02548407856904,36.09174268284855
71.55,874.9445287114174,10.017902728027712,36.06444982089977
71.60000000000001,875.4452276022441,10.010052905040133,36.03619045814448
71.65,875.9455108117571,10.001275475481538,36.00459171173354
71.7,876.4453178636617,9.991006600701839,35.96762376252662
71.75,876.9445947235048,9.980067793023697,35.92824405488531
71.8,877.4433142828166,9.968714579446916,35.8873724860089
71.85000000000001,877.9414478470961,9.95662799173506,35.843860770246216
71.9,878.4389458700107,9.943292924849327,35.79585452945758
71.95,878.9357426696355,9.92857906014435,35.74288461651967
72.0,879.4317744874055,9.912693650656031,35.68569714236171
72.05,879.9269918736045,9.89600179730371,35.625606470293356
72.10000000000001,880.4213338199736,9.877676057459366,35.55963380685372
72.15,880.9147269441074,9.858048907894824,35.488976068421366
72.2,881.4071240032866,9.837833459272273,35.416200453380185
72.25,881.8984826657468,9.81651303913066,35.339446940870374
72.3,882.3887438548404,9.79393452461491,35.25816428861368
72.35000000000001,882.8778344981455,9.769691207588576,35.17088834731887
72.4,883.3656902226636,9.744537773138001,35.080335983296806
72.45,883.8522673290532,9.718546482445412,34.98676733680348
72.5,884.3375211836005,9.69160769944854,34.889787718014745
72.55,884.8213925740178,9.663247917242527,34.7876925020731
72.60000000000001,885.3038185855364,9.633792543505482,34.68165315661974
72.65,885.7847515341904,9.603525402651389,34.572691449545005
72.7,886.2641446910982,9.572200873661506,34.45992314518142
72.75,886.7419491756086,9.539978506754649,34.34392262431673
72.8,887.2181375506274,9.507556493994064,34.22720337837863
72.85000000000001,887.6927017708837,9.475012316259129,34.110044338532866
72.9,888.165622062087,9.441799331872645,33.99047759474152
72.95,888.6368555956259,9.407542009684574,33.867151234864465
73.0,889.1063694029255,9.373010282300104,33.742837016280376
73.05,889.5741562893594,9.3384651750588,33.618474630211686
73.10000000000001,890.040219773035,9.304074171967398,33.494667019082634
73.15,890.5045453537056,9.268949054856575,33.36821659748367
73.2,890.9671100931015,9.233640520981178,33.24110587553224
73.25,891.4279166692805,9.198622526181952,33.11504109425503
73.3,891.8869855680814,9.16413342585316,32.99088033307138
73.35000000000001,892.3443294187415,9.129620600551046,32.86663416198377
73.4,892.7999459855195,9.095042070569551,32.742151454050386
73.45,893.2538594181729,9.061495235567442,32.62138284804279
73.5,893.7061157218186,9.028756910264649,32.50352487695274
73.55,894.1567319092761,8.995890588036959,32.385206116933055
73.60000000000001,894.6057149787612,8.963432191364856,32.26835588891348
73.65,895.0531050031859,8.932168785626466,32.15580762825528
73.7,895.4989301140014,8.900835646991304,32.04300832916869
73.75,895.9431664976589,8.86861969931145,31.927030917521222
73.8,896.3857821689007,8.836007150359974,31.809625741295907
73.85000000000001,896.8267738218875,8.803658969112027,31.693172288803297
73.9,897.2661772628627,8.772478669894817,31.58092321162134
73.95,897.7040288818082,8.741586087926981,31.469709916537134
74.0,898.1403226259066,8.71016367600896,31.35658923363226
74.05,898.5750608660461,8.679365929570555,31.245717346453997
74.10000000000001,899.0082858382302,8.649632957795363,31.13867864806331
74.15,899.4400126901902,8.619441120601598,31.029988034165754
74.2,899.8702238344302,8.58900464899903,30.920416736396508
74.25,900.2989087234304,8.558390911007967,30.81020727962868
74.3,900.7260777087706,8.528368502604037,30.702126609374535
74.35000000000001,901.1517522842306,8.498614515795213,30.595012256862766
74.4,901.575927960852,8.468412549061318,30.486285176620747
74.45,901.9985805107887,8.437689448402235,30.375682014248046
74.5,902.4197192770084,8.407861200387588,30.268300321395316
74.55,902.8393790143787,8.378528294420352,30.16270185991327
74.60000000000001,903.2575516507928,8.348377162144942,30.05415778372179
74.65,903.6742145923349,8.318140499536563,29.945305798331628
74.7,904.0893772374053,8.288365303277406,29.83811509179866
74.75,904.5030637143761,8.25909377555838,29.73273759201017
74.8,904.9152806320509,8.229582931433907,29.626498553162065
74.85000000000001,905.3260068509251,8.199465823533536,29.51807696472073
74.9,905.7352358347084,8.169693527801641,29.41089670008591
74.95,906.1429869736456,8.140352029685094,29.305267306866337
75.0,906.5492632743145,8.110699997069753,29.198519989451114
75.05,906.9540514982853,8.080828961758057,29.090984262329005
75.10000000000001,907.357367549676,8.05181309387267,28.986527137941614
75.15,907.7592513733346,8.023539852469018,28.884743468888463
75.2,908.1596992417723,7.994374885040302,28.779749586145087
75.25,908.5586858916552,7.965091110277006,28.674327996997224
75.3,908.9562220059798,7.936353462708555,28.570872465750796
75.35000000000001,909.3523376925389,7.908273999652999,28.469786398750795
75.4,909.7470464513724,7.880076353689051,28.368274873280583
75.45,910.140332663033,7.851372112732129,28.264939605835664
75.5,910.5321877050656,7.822829568572449,28.16218644686082
75.55,910.9226379901644,7.7951818353818725,28.062654607374743
75.60000000000001,911.3117066046912,7.767562745689274,27.963225884481385
75.65,911.6993924855078,7.739872486976566,27.86354095311564
75.7,912.0857021370416,7.712513574375446,27.765048867751606
75.75,912.4706679774791,7.68612004312592,27.67003215525331
75.8,912.8543307697562,7.660391647957436,27.57740993264677
75.85000000000001,913.2366875120299,7.633878042989963,27.481960954763867
75.9,913.6177156801092,7.607248680183666,27.3860952486612
75.95,913.997434694411,7.581511891887624,27.293442810795447
76.0,914.3758649724215,7.5556992285283755,27.200517222702153
76.05,914.7529877297868,7.529211066086607,27.10515983791179
76.10000000000001,915.1287888371438,7.5028332281926895,27.010199621493683
76.15,915.5032988280997,7.47756641004326,26.919239076155737
76.2,915.8765524590759,7.452578829006528,26.829283784423502
76.25,916.2485499530268,7.4273209290267985,26.738355344496476
76.3,916.6192812907136,7.401932578448462,26.646957282414462
76.35000000000001,916.9887536458273,7.3769616260972635,26.55706185395015
76.4,917.3569911392726,7.352538111718566,26.46913720218684
76.45,917.7239923060406,7.327508558998881,26.37903081239597
76.5,918.0897344131354,7.30217572479276,26.287832609253936
76.55,918.4542270731637,7.277530676340883,26.19911043482718
76.60000000000001,918.8174905436917,7.253008144782917,26.1108293212185
76.65,919.1795128298794,7.22788330272213,26.02037988979967
76.7,919.5402721273233,7.202488595034859,25.928958942125494
76.75,919.89976801753,7.17734701323701,25.838449247653237
76.80000000000001,920.2580285839518,7.153075643635367,25.75107231708732
76.85000000000001,920.6150791871481,7.128948484217947,25.66421454318461
76.9,920.9709096664624,7.104270688352644,25.57537447806952
76.95,921.3255121522603,7.079828743566567,25.487383476839643
77.0,921.6789134400067,7.056222766289075,25.40240195864067
77.05000000000001,922.0311290439757,7.032401392471518,25.316645012897464
77.10000000000001,922.3821400754472,7.008039866384523,25.228943518984284
77.15,922.7319271443214,6.983442888584964,25.140394398905872
77.2,923.0804910609024,6.959113774656632,25.052809588763875
77.25,923.4278515295091,6.935304969608374,24.96709789059015
77.30000000000001,923.7740055183554,6.910854584240976,24.879076503267516
77.35000000000001,924.1189445424034,6.886706377680516,24.79214295964986
77.4,924.4627018892472,6.863587496075733,24.70891498587264
77.45,924.8053067434216,6.840606670901762,24.626184015246345
77.5,925.1467374251214,6.8166205970905125,24.539834149525845
77.55000000000001,925.4869578442516,6.792196168119104,24.451906205228774
77.60000000000001,925.8259688091093,6.768242426188469,24.36567273427849
77.65,926.1637741504295,6.743971226619727,24.278296415831015
77.7,926.5003464346526,6.71892014230367,24.188112512293213
77.75,926.8356686567016,6.693968739656411,24.09828746276308
77.80000000000001,927.1697489431464,6.669242718132141,24.00927378527571
77.85000000000001,927.5026005702657,6.644822366641746,23.921360519910287
77.9,927.8342153319278,6.619768099840014,23.831165159424053
77.95,928.1645657536307,6.594248768276223,23.739295565794404
78.0,928.4936531083754,6.569245421513167,23.6492835174474
78.05000000000001,928.8214970690549,6.544513005667619,23.560246820403428
78.10000000000001,929.1480849486632,6.519002178661938,23.468407843182977
78.15,929.4733898713762,6.493194729859267,23.375501027493364
78.2,929.7974004942785,6.467230186230379,23.282028670429366
78.25,930.1201267947383,6.441821832163754,23.190558595789515
78.30000000000001,930.4415743558438,6.416080612055981,23.097890203401533
78.35000000000001,930.7617180463718,6.389667009063449,23.002801232628418
78.4,931.0805431260637,6.363336178612028,22.9080102430033
78.45,931.3980646618646,6.337525253424649,22.815090912328735
78.5,931.7142855708558,6.311311106224255,22.720719982407317
78.55000000000001,932.0291769062661,6.2843423101884035,22.623632316678254
78.60000000000001,932.3427250174461,6.257582137011884,22.52729569324278
78.65,932.6549424836377,6.231116510651625,22.43201943834585
78.7,932.9658281473662,6.204310038489256,22.33551613856132
78.75,933.2753690025969,6.177324170739949,22.238367014663815
78.80000000000001,933.5835613782872,6.1503708568711515,22.141335084736145
78.85000000000001,933.8904252031911,6.124182139283766,22.04705570142156
78.9,934.195985884088,6.098245096592963,21.95368234773467
78.95,934.5002440089062,6.072079896133119,21.85948762607923
79.0,934.8031968942246,6.046035516604573,21.765727859776465
79.05000000000001,935.1048695778642,6.02087182897724,21.675138584318066
79.10000000000001,935.4052841471846,5.995710943839551,21.584559397822385
79.15,935.7044404613501,5.970541622783746,21.493949842021486
79.2,936.0023453504834,5.945653942547795,21.40435419317206
79.25,936.2990225815171,5.9214352987990875,21.317167075676714
79.30000000000001,936.5945120782505,5.8981445705397615,21.233320453943143
79.35000000000001,936.8888419145238,5.87504888039214,21.150175969411706
79.4,937.1820197563903,5.8520647942682515,21.067433259365707
79.45,937.4740696878443,5.829932463891473,20.987756870009303
79.5,937.7650388172848,5.808832713728245,20.911797769421682
79.55000000000001,938.0549701638192,5.788421147650016,20.838316131540058
79.60000000000001,938.3438961674007,5.768618995607869,20.76702838418833
79.65,938.6318493784936,5.749509448108825,20.698234013191772
79.7,938.9188852018108,5.731923484576584,20.634924544475705
79.75,939.2050477932507,5.71458017302273,20.572488622881828
79.80000000000001,939.4903391039624,5.697072255440592,20.50946011958613
79.85000000000001,939.7747713032888,5.680215717617533,20.44877658342312
79.9,940.0583908911149,5.6645677954231255,20.392444063523254
79.95,940.3412450943581,5.649600334306515,20.338561203503456
80.0,940.6233566132285,5.63486042050761,20.285497513827394
80.05000000000001,940.9047537663628,5.621025704863522,20.23569253750868
80.10000000000001,941.1854846037202,5.608207789431327,20.189548041952776
80.15,941.4655760052581,5.595448272082977,20.14361377949872
80.2,941.7450311654559,5.582758135828849,20.097929288983856
80.25,942.0238684087134,5.5707315944705895,20.054633740094122
80.30000000000001,942.3021306590034,5.559758417129143,20.015130301664914
80.35000000000001,942.5798585398401,5.549356816337518,19.977684538815065
80.4,942.8570593911371,5.5386772355421945,19.9392380479519
80.45,943.1337196368994,5.527732594948452,19.899837341814425
80.5,943.4098580702677,5.5178047397828855,19.864097063218388
80.55000000000001,943.685498049077,5.507794412588189,19.82805988531748
80.60000000000001,943.9606212583911,5.497133959980862,19.7896822559311
80.65,944.235208761564,5.4863661669323855,19.750918200956587
80.7,944.5092618405879,5.475756994025109,19.71272517849039
80.75,944.7827921889376,5.465456939962904,19.675644983866455
80.80000000000001,945.0557926576585,5.454561808871621,19.636422511937837
80.85000000000001,945.3282268265729,5.442804947705155,19.594097811738557
80.9,945.6000701628934,5.430928505115106,19.55134261841438
80.95,945.8713197572671,5.4190552698326675,19.508598971397603
81.0,946.1419565342662,5.406415810134976,19.463096916485913
81.05000000000001,946.4119478494222,5.3932367961034045,19.415652465972258
81.10000000000001,946.6812822057937,5.380137458755419,19.368494851519507
81.15,946.9499556853679,5.366801724212692,19.320486207165693
81.2,947.2179351548878,5.3523770565846025,19.26855740370457
81.25,947.485171927162,5.337093834387905,19.21353780379646
81.30000000000001,947.7516345387745,5.321410630109854,19.157078268395477
81.35000000000001,948.0173057874837,5.305439318254835,19.099581545717406
81.4,948.2821618443934,5.288802958131483,19.03969064927334
81.45,948.546161687646,5.271190771972947,18.976286779102608
81.5,948.8092818228865,5.2536146376477015,18.913012695531727
81.55000000000001,949.0715243047892,5.236084638462254,18.849904698464115
81.60000000000001,949.3328757408001,5.217972801970957,18.784702087095447
81.65,949.5933045216431,5.199178431750048,18.717042354300172
81.7,949.8527896107993,5.180225134497296,18.648810484190268
81.75,950.1113297899268,5.161382030605157,18.580975310178566
81.80000000000001,950.3689242929536,5.142398090467206,18.512633125681944
81.85000000000001,950.6255474396532,5.122527777519444,18.44109999907
81.9,950.8811658222185,5.10220752508908,18.367947090320687
81.95,951.135771680776,5.082026817211798,18.295296541962472
82.0,951.3893663595994,5.0617603357281515,18.222337208621347
82.05000000000001,951.6419200205689,5.040386103054378,18.145389970995762
82.10000000000001,951.8933984784812,5.018752213438657,18.067507968379164
82.15,952.1437927114672,4.997017105999251,17.989261581597304
82.2,952.3931035585566,4.97541677757879,17.911500399283643
82.25,952.641317921865,4.953157754759781,17.83136791713521
82.30000000000001,952.8883970289907,4.930006530263223,17.748023508947604
82.35000000000001,953.1343165541052,4.906774474317722,17.6643881075438
82.4,953.3790769524788,4.88364146062473,17.58110925824903
82.45,953.6226597626627,4.8596709467287225,17.494815408223403
82.5,953.8650307355258,4.835167967797272,17.406604684070178
82.55000000000001,954.1061831240384,4.810927572703165,17.319339261731397
82.60000000000001,954.3461256483107,4.786773398190293,17.232384233485057
82.65,954.5848301130454,4.761405191196419,17.14105868830711
82.7,954.8222602786257,4.7358014320120265,17.048885155243298
82.75,955.0584024710455,4.709886264779801,16.955590553207283
82.80000000000001,955.293258383297,4.684350225282185,16.863660811015865
82.85000000000001,955.5268292105941,4.658482866602226,16.770538319768015
82.9,955.759076494438,4.6314084871532355,16.67307055375165
82.95,955.9899679200412,4.604248536973879,16.575294733105963
83.0,956.2195096633131,4.577421193903597,16.47871629805295
83.05000000000001,956.4476944448495,4.549970067550743,16.379892243182674
83.10000000000001,956.6744878718156,4.521767011090453,16.27836123992563
83.15,956.8998662887716,4.493369667151492,16.17613080174537
83.2,957.1238315896309,4.46524236722067,16.07487252199441
83.25,957.3463972537859,4.437384198981271,15.974583116332576
83.30000000000001,957.5675490355561,4.408687071828356,15.871273458582083
83.35000000000001,957.787251737397,4.379421001809223,15.765915606513202
83.4,958.005522331015,4.351402742909996,15.665049874475987
83.45,958.2223941542142,4.323470185057977,15.564492666208718
83.5,958.4378382539231,4.2942938033011515,15.459457691884145
83.55000000000001,958.6518183454275,4.26490985687489,15.353675484749607
83.60000000000001,958.8643398944299,4.235952103222423,15.249427571600723
83.65,959.0754117226166,4.206921024248599,15.144915687294956
83.7,959.2850170428958,4.177291786919113,15.038250432908809
83.75,959.4931210512401,4.146868546854739,14.92872676867706
83.80000000000001,959.6997109859577,4.116728841848795,14.820223830655664
83.85000000000001,959.904806059236,4.087074089279602,14.713466721406567
83.9,960.1084006108085,4.056707973625008,14.604148705050028
83.95,960.3104606448048,4.025693386225416,14.492496190411497
84.0,960.5109827151937,3.995189429327451,14.382681945578824
84.05000000000001,960.7099859728912,3.9649408785741787,14.273787162867043
84.10000000000001,960.9074529224208,3.9337371026110284,14.161453569399702
84.15,961.1033494258143,3.9021230331252243,14.047642919250809
84.2,961.2976603449813,3.870313733557768,13.933129440807965
84.25,961.490400804269,3.8393046379536084,13.821496696632991
84.30000000000001,961.681589926893,3.8082602670062657,13.709736961222557
84.35000000000001,961.8712004685664,3.776161399928173,13.594181039741423
84.4,962.0592086237492,3.7441648073853466,13.478993306587249
84.45,962.2456356735197,3.7129171834357537,13.366501860368714
84.5,962.4304922184077,3.6813446120851028,13.252840603506371
84.55000000000001,962.6137513832625,3.6490219821068086,13.136479135584512
84.60000000000001,962.7953927179424,3.6166314050853448,13.019873058307242
84.65,962.9754269218508,3.584736751254741,12.905052304517067
84.7,963.1538791128602,3.5533508891185797,12.792063200826886
84.75,963.33074390832,3.5212409292718903,12.676467345378805
84.80000000000001,963.505993037987,3.4887242574074406,12.559407326666786
84.85000000000001,963.6796384175141,3.457090923675682,12.445527325232456
84.9,963.851706190429,3.4256199929233544,12.332231974524076
84.95,964.0221783911281,3.39326803504166,12.215764926149976
85.0,964.1910307315234,3.360825580767922,12.09897209076452
85.05000000000001,964.3582883167373,3.3294778277920947,11.986120180051541
85.10000000000001,964.5239745801908,3.2979727103481586,11.872701757253372
85.15,964.6880673639414,3.265738639672421,11.756659102820716
85.2,964.8505516869418,3.2336342803454223,11.641083409243521
85.25,965.01144475504,3.20208844358346,11.527518396900456
85.30000000000001,965.1707835998751,3.1714653498218808,11.417275259358771
85.35000000000001,965.3285851795196,3.1405978359548574,11.306152209437487
85.4,965.4848315995837,3.109258966610275,11.19333227979699
85.45,965.6395332122817,3.0788055413105733,11.083699948718063
85.5,965.7927288638991,3.0490205233889234,10.976473884200125
85.55000000000001,965.9444224136328,3.01872146595839,10.867397277450204
85.60000000000001,966.0945966249285,2.9882469858730505,10.757689149142982
85.65,966.2432523586178,2.9579823616989693,10.64873650211629
85.7,966.3904220065015,2.9288035536446446,10.543692793120721
85.75,966.5361430417388,2.9000378558485127,10.440136281054645
85.80000000000001,966.6803794800004,2.8694196746161023,10.329910828617969
85.85000000000001,966.8230879816748,2.8389203923586077,10.220113412490988
85.9,966.9642955415551,2.8093820028535146,10.113775210272653
85.95,967.1040184227688,2.7795332456981425,10.006319684513313
86.0,967.2422315563009,2.7489920955835476,9.896371544100772
86.05000000000001,967.3789182961199,2.7184774971733208,9.786518989823955
86.10000000000001,967.5140918948674,2.688466452727719,9.678479229819787
86.15,967.6477797660731,2.659048395497212,9.572574223789964
86.2,967.7799800283605,2.628962095995403,9.464263545583451
86.25,967.91066426887,2.5984075243901876,9.354267087804676
86.30000000000001,968.0398392502026,2.5685917289108855,9.246930224079188
86.35000000000001,968.1675339493291,2.539196236152518,9.141106450149065
86.4,968.2937369763935,2.508924846421981,9.032129447119132
86.45,968.4184211653087,2.478442710185831,8.922393756668992
86.5,968.5416093295031,2.4490838575905522,8.816701887325989
86.55000000000001,968.6633330094944,2.419863342060062,8.711508031416223
86.60000000000001,968.7835762030077,2.3898643984713424,8.603511834496834
86.65,968.9023185797205,2.359830670041791,8.495390412150448
86.7,969.0195669284805,2.330103280358606,8.388371809290982
86.75,969.1353482997633,2.301151570955245,8.284145655438882
86.80000000000001,969.2496734945665,2.271856221174638,8.178682396228696
86.85000000000001,969.3625175140652,2.2419045587697464,8.070856411571087
86.9,969.4738772627674,2.2124853893163765,7.964947401538955
86.95,969.5837798355075,2.183617520287108,7.861023073033589
87.0,969.692223993563,2.1541488019297983,7.754935686947274
87.05000000000001,969.7991841687831,2.1242582068743565,7.6473295447476834
87.10000000000001,969.9046454568559,2.094193316038403,7.539095937738252
87.15,970.0086246571819,2.0649746970066416,7.43390890922391
87.2,970.1111474889036,2.0359385718595187,7.329378858694267
87.25,970.2121912115078,2.0058103323094563,7.220917196314042
87.30000000000001,970.3117350788322,1.9759443606628218,7.113399698386158
87.35000000000001,970.4098071142569,1.9469370563240933,7.008973402766736
87.4,970.5064254537614,1.9177965238575974,6.90406748588735
87.45,970.6015682460554,1.8879151679058577,6.796494604461087
87.5,970.6952284298261,1.8584921829209313,6.690571858515353
87.55000000000001,970.7874363779905,1.8298257436545493,6.587372677156377
87.60000000000001,970.878204342369,1.8008928314869108,6.483214193352879
87.65,970.967513676349,1.7714805277095875,6.377329899754515
87.7,971.0553512035035,1.7420205584698634,6.271274010491508
87.75,971.1417322745284,1.7132222825276189,6.167600217099428
87.80000000000001,971.2266858368935,1.6849202120753157,6.0657127634711365
87.85000000000001,971.3102030417655,1.65576798280304,5.960764738090944
87.9,971.3922571306916,1.6263955742454759,5.855024067283713
87.95,971.4728662597136,1.5979695866304593,5.752690511869654
88.0,971.5520594955022,1.5697598449157038,5.651135441696534
88.05000000000001,971.6298176932005,1.5405680630137375,5.546045026849455
88.10000000000001,971.706122708912,1.5116325654461498,5.441877235606139
88.15,971.7809855955709,1.4828829009126268,5.338378443285457
88.2,971.8544317066995,1.4549615442354566,5.237861559247644
88.25,971.9264727868633,1.4266816623178886,5.136053984344399
88.30000000000001,971.9970834975703,1.3977467659625897,5.0318883574653235
88.35000000000001,972.0662611031091,1.369357455590924,4.929686840127327
88.4,972.1340354051924,1.3416146277434384,4.829812659876379
88.45,972.2004092633416,1.31333969822343,4.728022913604348
88.5,972.2653633293473,1.2848229420060102,4.625362591221637
88.55000000000001,972.3288908992803,1.2562798553112988,4.522607479120676
88.60000000000001,972.3910106511252,1.228510218482224,4.422636786536007
88.65,972.4517492419143,1.2010334130807283,4.323720287090622
88.7,972.5110946515583,1.1727829726820989,4.222018701655556
88.75,972.5690220489373,1.1443129224793234,4.1195265209255645
88.80000000000001,972.6255513427726,1.1168588309315368,4.020691791353532
88.85000000000001,972.68070205163,1.0891695233638257,3.9210102841097725
88.9,972.7344479136607,1.0606649578659695,3.8183938483174904
88.95,972.7867752234881,1.032427435230908,3.7167387668312686
89.0,972.8377118853841,1.0050390406092584,3.6181405461933305
89.05000000000001,972.8872682833338,0.9772168773797628,3.517980758567146
89.10000000000001,972.935420855919,0.9488860260279146,3.4159896937004928
89.15,972.9821562872604,0.920531227627526,3.313912419459094
89.2,973.0274836504288,0.8925632991115162,3.2132278768014584
89.25,973.0714226513677,0.8649967384412843,3.113988258388624
89.30000000000001,973.1139724646343,0.8369957922246082,3.0131848520085893
89.35000000000001,973.1551127265316,0.8086146836643042,2.9110128611914954
89.4,973.1948532487031,0.7810062031959736,2.811622331505505
89.45,973.2332282322834,0.7539931400173663,2.7143753040625187
89.5,973.2702430130665,0.7265980913053471,2.6157531286992497
89.55000000000001,973.3058845906894,0.699065013611072,2.516634048999859
89.60000000000001,973.3401461828959,0.671398674647818,2.417035228732145
89.65,973.3730426429224,0.644459726413752,2.3200550150895074
89.7,973.4045971160347,0.617719198077085,2.223789113077506
89.75,973.4348233453713,0.5913299753878398,2.1287879113962234
89.80000000000001,973.4637881926618,0.5672639162322926,2.0421500984362533
89.85000000000001,973.4915739780772,0.5441675003851549,1.9590030013865578
89.9,973.5181671495077,0.5195593568335468,1.8704136846007686
89.95,973.5435389728825,0.4953135781581263,1.7831288813692547
90.0,973.5677078951321,0.47144331182620713,1.6971959225743458
90.05000000000001,973.5906930205604,0.44796170530509466,1.6126621390983409
90.10000000000001,973.6125141108446,0.4248819060620968,1.5295748618235485
90.15,973.6331915850352,0.4022170615645197,1.4479814216322708
90.2,973.6527465195563,0.3799803192796695,1.3679291494068102
90.25,973.6712006947046,0.35818668665024606,1.2894720719408859
90.30000000000001,973.6885771876008,0.33687302919721346,1.2127429051099685
90.35000000000001,973.7048997226194,0.3160283715482603,1.137702137573737
90.4,973.7201920784374,0.2956658611706912,1.0643971002144883
90.45,973.734478691105,0.2757986455318122,0.992875123914524
90.5,973.7477846540457,0.2564398720989313,0.9231835395561527
90.55000000000001,973.7601357180567,0.2376026883393539,0.8553696780216741
90.60000000000001,973.7715582913082,0.21930024172038795,0.7894808701933966
90.65,973.782079439344,0.2015456797093382,0.7255644469536175
90.7,973.7917268850811,0.18435214977351183,0.6636677391846426
90.75,973.8005290088099,0.16773279938021524,0.6038380777687749
90.80000000000001,973.8085148481944,0.15170077599675563,0.5461227935883203
90.85000000000001,973.8157140982715,0.13626922709043912,0.49056921752558086
90.9,973.822157111452,0.12145130012857129,0.4372246804628567
90.95,973.8278748975197,0.10726014257846007,0.3861365132824563
91.0,973.8305564010841,0.0,0.0
