time,velocity,acceleration,distance,cumulative_energy
0.0,0.0,0.55,0.0,0.2441663146018982
0.05,0.027500000000000004,0.55,0.001375000393446487,0.49657645272862705
0.1,0.05500000000000001,0.55,0.004125001180339461,0.7551270264276693
0.15000000000000002,0.08250000000000002,0.55,0.008250002360678922,1.0287767446863716
0.2,0.11000000000000001,0.55,0.01375000393446487,1.3221216417753605
0.25,0.1375,0.55,0.020625005901697305,1.639280630732755
0.30000000000000004,0.16500000000000004,0.55,0.028875008262376226,1.9839607444496747
0.35000000000000003,0.19250000000000003,0.55,0.038500011016501634,2.3594769457228946
0.4,0.22000000000000003,0.55,0.04950001416407353,2.7687956020372306
0.45,0.24750000000000003,0.55,0.06187501770509191,3.2145838918674565
0.5,0.275,0.55,0.07562502163955678,3.6992111260888914
0.55,0.30250000000000005,0.55,0.09075002596746813,4.224920452808646
0.6000000000000001,0.33000000000000007,0.55,0.10725003068882596,4.79394841704949
0.65,0.35750000000000004,0.55,0.1251250358036303,5.408139329574785
0.7000000000000001,0.38500000000000006,0.55,0.14437504131188114,6.069395309832811
0.75,0.41250000000000003,0.55,0.16500004721357844,6.779397280997379
0.8,0.44000000000000006,0.55,0.18700005350872223,7.539605378294514
0.8500000000000001,0.4675000000000001,0.55,0.21037506019731253,8.351307610827009
0.9,0.49500000000000005,0.55,0.23512506727934926,9.21566090667316
0.9500000000000001,0.5225000000000001,0.55,0.2612500747548325,10.133704933310035
1.0,0.55,0.55,0.2887500826237623,11.106227750868914
1.05,0.5775000000000001,0.55,0.31762509088613844,12.134023722693012
1.1,0.6050000000000001,0.55,0.34787509954196116,13.217772650733007
1.1500000000000001,0.6325000000000002,0.55,0.37950010859123035,14.358083052577218
1.2000000000000002,0.6600000000000001,0.55,0.4125001180339461,15.55547904586946
1.25,0.6875,0.55,0.44687512787010825,16.81029754926068
1.3,0.7150000000000001,0.55,0.4826251380997169,18.12287872400472
1.35,0.7425000000000002,0.55,0.519750148722772,19.493528105661206
1.4000000000000001,0.7700000000000001,0.55,0.5582501597392736,20.922496609314614
1.4500000000000002,0.7975000000000002,0.55,0.5981251711492217,22.408590705778717
1.5,0.8250000000000001,0.55,0.6393751829526163,23.949578053282192
1.55,0.8525000000000001,0.55,0.6820001951494574,25.545608489791633
1.6,0.8800000000000001,0.55,0.726000207739745,27.196801424766875
1.6500000000000001,0.9075000000000002,0.55,0.7713752207234792,28.90328497542475
1.7000000000000002,0.9350000000000002,0.55,0.8181252341006597,30.665123548841393
1.75,0.9625000000000001,0.55,0.8662502478712868,32.48233443642163
1.8,0.9900000000000001,0.55,0.9157502620353603,34.354918939609114
1.85,1.0175,0.55,0.9666252765928803,36.28284981590455
1.9000000000000001,1.0450000000000002,0.55,1.0188752915438468,38.266096575611634
1.9500000000000002,1.0725000000000002,0.55,1.0725003068882597,40.30460949379977
2.0,1.1,0.55,1.1275003226261193,42.398308608652755
2.0500000000000003,1.1275000000000002,0.55,1.1838753387574252,44.54731134319089
2.1,1.1550000000000002,0.55,1.2416253552821777,46.75151754079681
2.15,1.1825,0.55,1.3007503722003766,49.008924768587406
2.2,1.2100000000000002,0.55,1.361250389512022,51.31435287508417
2.25,1.2375,0.55,1.4231254072171138,53.66813798197013
2.3000000000000003,1.2650000000000003,0.55,1.4863754253156523,56.070159801386474
2.35,1.2925000000000002,0.55,1.551000443807637,58.52151716527249
2.4000000000000004,1.3200000000000003,0.55,1.6170004626930685,61.02374238133981
2.45,1.3475000000000001,0.55,1.6843754819719463,63.576678567914875
2.5,1.375,0.55,1.7531255016442708,66.18017124741382
2.5500000000000003,1.4025000000000003,0.55,1.8232505217100416,68.83405058371983
2.6,1.4300000000000002,0.55,1.8947505421692588,71.53814141774923
2.6500000000000004,1.4575000000000002,0.55,1.9676255630219226,74.29227684828787
2.7,1.4850000000000003,0.55,2.0418755842680327,77.09628502500176
2.75,1.5125000000000002,0.55,2.1175006059075896,79.94998518983341
2.8000000000000003,1.5400000000000003,0.55,2.194500627940593,82.85319416365073
2.85,1.5675000000000001,0.55,2.2728756503670424,85.80572572895859
2.9000000000000004,1.5950000000000004,0.55,2.352625673186939,88.80739918475295
2.95,1.6225000000000003,0.55,2.4337506964002817,91.85804104354268
3.0,1.6500000000000001,0.55,2.5162507200070707,94.9574711418221
3.0500000000000003,1.6775000000000002,0.55,2.6001257440073067,98.1055056516019
3.1,1.7050000000000003,0.55,2.6853757684009887,101.30196593914899
3.1500000000000004,1.7325000000000004,0.55,2.772000793188117,104.54667679281897
3.2,1.7600000000000002,0.55,2.8600008183686927,107.83946475116156
3.25,1.7875,0.55,2.9493758439427142,111.18015361280827
3.3000000000000003,1.8150000000000004,0.55,3.0401258699101823,114.56856812714683
3.35,1.8425000000000002,0.55,3.1322508962710964,118.00441461812652
3.4000000000000004,1.8700000000000003,0.55,3.225750923025458,121.48773660260333
3.45,1.8975000000000002,0.55,3.3206259501732656,125.01957427636793
3.5,1.9250000000000003,0.55,3.4168759777145192,128.59977482987182
3.5500000000000003,1.9525000000000003,0.55,3.51450100564922,132.2281827868736
3.6,1.9800000000000002,0.55,3.613501033977367,135.9046456943855
3.6500000000000004,2.0075000000000003,0.55,3.7138760626989606,139.62901483023148
3.7,2.035,0.55,3.815626091814001,143.40114674055695
3.75,2.0625,0.55,3.918751121322487,147.2208977998819
3.8000000000000003,2.0900000000000003,0.55,4.02325115122442,151.0881290797628
3.85,2.1175,0.55,4.1291261815197995,155.0026970888045
3.9000000000000004,2.1450000000000005,0.55,4.236376212208625,158.96446161743324
3.95,2.1725000000000003,0.55,4.3450012432908975,162.9687392501115
4.0,2.2,0.55,4.455001274766617,167.0154421628015
4.05,2.2275,0.55,4.566376306635782,171.10470961346556
4.1000000000000005,2.2550000000000003,0.55,4.679126338898394,175.23637278605946
4.15,2.2825,0.55,4.793251371554452,179.41025612640345
4.2,2.3100000000000005,0.55,4.908751404603957,183.6261935300056
4.25,2.3375000000000004,0.55,5.025626438046909,187.88401896031033
4.3,2.365,0.55,5.143876471883306,192.18356243239597
4.3500000000000005,2.3925000000000005,0.55,5.26350150611315,196.52465684593253
4.4,2.4200000000000004,0.55,5.384501540736442,200.9071417200704
4.45,2.4475000000000002,0.55,5.506876575753179,205.330930349178
4.5,2.475,0.55,5.630626611163363,209.7959313460513
4.55,2.5025,0.55,5.755751646966993,214.30201107562237
4.6000000000000005,2.5300000000000007,0.55,5.882251683164069,218.8491827669204
4.65,2.5575000000000006,0.55,6.010126719754593,223.4372946498421
4.7,2.5850000000000004,0.55,6.139376756738563,228.06613872379563
4.75,2.6125000000000003,0.55,6.27000179411598,232.73555708448276
4.800000000000001,2.6400000000000006,0.55,6.402001831886842,237.44609137015604
4.8500000000000005,2.6675000000000004,0.55,6.535376870051151,242.1985740485815
4.9,2.6950000000000003,0.55,6.670126908608907,246.9931650251454
4.95,2.7225,0.55,6.806251947560109,251.82989076681113
5.0,2.75,0.55,6.943751986904758,256.7087329361245
5.050000000000001,2.7775000000000007,0.55,7.082627026642853,261.62978479763734
5.1000000000000005,2.8050000000000006,0.55,7.2228770667743945,266.5929222656243
5.15,2.8325000000000005,0.55,7.364502107299383,271.5981784077058
5.2,2.8600000000000003,0.55,7.507502148217817,276.6456249007084
5.25,2.8875,0.55,7.651877189529698,281.7356618993759
5.300000000000001,2.9150000000000005,0.55,7.797627231235026,286.86840596938447
5.3500000000000005,2.9425000000000003,0.55,7.944752273333799,292.04378827105484
5.4,2.9700000000000006,0.55,8.09325231582602,297.2618225584064
5.45,2.9975000000000005,0.55,8.243127358711687,302.52381809231224
5.5,3.0250000000000004,0.55,8.3943774019908,307.8296758744648
5.550000000000001,3.0525000000000007,0.55,8.54700244566336,313.17931047801346
5.6000000000000005,3.0800000000000005,0.55,8.701002489729365,318.572708542697
5.65,3.1075000000000004,0.55,8.856377534188818,324.0098524457579
5.7,3.1350000000000002,0.55,9.013127579041718,329.4913433752027
5.75,3.1625,0.55,9.171252624288064,335.01795873301614
5.800000000000001,3.190000000000001,0.55,9.330752669927856,340.59013157685285
5.8500000000000005,3.2175000000000007,0.55,9.491627715961096,346.2078372819698
5.9,3.2450000000000006,0.55,9.653877762387783,351.87104865391944
5.95,3.2725000000000004,0.55,9.817502809207914,357.5797829294597
6.0,3.3000000000000003,0.55,9.98250285642149,363.33404786797615
6.050000000000001,3.3275000000000006,0.55,10.148877904028517,369.1337883804796
6.1000000000000005,3.3550000000000004,0.55,10.316627952028988,374.9789506404506
6.15,3.3825000000000003,0.55,10.485753000422905,380.86959203170693
6.2,3.4100000000000006,0.55,10.65625304921027,386.80566559631694
6.25,3.4375000000000004,0.55,10.82812809839108,392.7872175436733
6.300000000000001,3.4650000000000007,0.55,11.001378147965337,398.81446507437477
6.3500000000000005,3.4925000000000006,0.55,11.176003197933042,404.8874651979321
6.4,3.5200000000000005,0.55,11.352003248294192,411.0062044793376
6.45,3.5475000000000003,0.55,11.529378299048789,417.17079845900696
6.5,3.575,0.55,11.708128350196834,423.3820981732379
6.550000000000001,3.6025000000000005,0.55,11.888253401738323,429.64007783292266
6.6000000000000005,3.630000000000001,0.55,12.06975345367326,435.9447388918811
6.65,3.6575000000000006,0.55,12.25262850600164,442.2961095558034
6.7,3.6850000000000005,0.55,12.436878558723471,448.6941488052189
6.75,3.7125000000000004,0.55,12.622503611838747,455.1388248222953
6.800000000000001,3.7400000000000007,0.55,12.809503665347467,461.63007683156445
6.8500000000000005,3.7675000000000005,0.55,12.997878719249638,468.16784500973756
6.9,3.7950000000000004,0.55,13.187628773545253,474.75222175113663
6.95,3.8225000000000002,0.55,13.378753828234313,481.38316472031255
7.0,3.8500000000000005,0.55,13.571253883316823,488.0606913914944
7.050000000000001,3.877500000000001,0.55,13.765128938792778,494.7847742540012
7.1000000000000005,3.9050000000000007,0.55,13.960378994662179,501.5555048350677
7.15,3.9325000000000006,0.55,14.157004050925027,508.3728741076217
7.2,3.9600000000000004,0.55,14.35500410758132,515.2368535443143
7.25,3.9875000000000003,0.55,14.554379164631062,522.147515034184
7.300000000000001,4.015000000000001,0.55,14.755129222074247,529.1049046325255
7.3500000000000005,4.0425,0.55,14.957254279910881,536.1090425537634
7.4,4.07,0.55,15.160754338140961,543.1599442647237
7.45,4.0975,0.55,15.365629396764488,550.2576687579574
7.5,4.125,0.55,15.571879455781461,557.4022105420064
7.550000000000001,4.152500000000001,0.55,15.779504515191881,564.593576287162
7.6000000000000005,4.180000000000001,0.55,15.988504574995746,571.8317835086395
7.65,4.2075000000000005,0.55,16.19887963519306,579.1169536637859
7.7,4.235,0.55,16.41062969578382,586.4492071237119
7.75,4.2625,0.55,16.623754756768026,593.8285209518756
7.800000000000001,4.290000000000001,0.55,16.83825481814568,601.2548802953862
7.8500000000000005,4.317500000000001,0.55,17.054129879916776,608.7282513202268
7.9,4.345000000000001,0.55,17.27137994208132,616.2487051848643
7.95,4.3725000000000005,0.55,17.49000500463931,623.8162225331686
8.0,4.4,0.55,17.71000506759075,631.4307707383812
8.05,4.427500000000001,0.55,17.931380130935633,639.0924295462429
8.1,4.455,0.55,18.154130194673964,646.8011921114015
8.15,4.482500000000001,0.55,18.37825525880574,654.5570591696315
8.200000000000001,4.510000000000001,0.55,18.603755323330965,662.3600229416206
8.25,4.5375000000000005,0.55,18.830630388249634,670.2100404272816
8.3,4.565,0.55,19.058880453561752,678.1077823950558
8.35,4.5925,0.55,19.288505519267314,686.0534354452368
8.4,4.620000000000001,0.55,19.519505585366325,694.0470112364726
8.450000000000001,4.647500000000001,0.55,19.751880651858784,702.0885167143597
8.5,4.675000000000001,0.55,19.985630718744687,710.1779222804096
8.55,4.702500000000001,0.55,20.220755786024036,718.315234269255
8.6,4.73,0.55,20.45725585369683,726.5004342691863
8.65,4.7575,0.55,20.69513092176307,734.7335289497992
8.700000000000001,4.785000000000001,0.55,20.93438099022276,743.0145028533781
8.75,4.8125,0.55,21.175006059075894,751.343319942968
8.8,4.840000000000001,0.55,21.417006128322477,759.7199693771805
8.85,4.867500000000001,0.55,21.660381197962504,768.1444550182956
8.9,4.8950000000000005,0.55,21.90513126799598,776.6167279584021
8.950000000000001,4.922500000000001,0.55,22.1512563384229,785.1367244266227
9.0,4.95,0.55,22.398756409243266,793.7043530324614
9.05,4.977500000000001,0.55,22.647631480457083,802.3195518658614
9.1,5.005,0.55,22.897881552064344,810.9822912378885
9.15,5.032500000000001,0.55,23.14950662406505,819.6925848853349
9.200000000000001,5.060000000000001,0.55,23.402506696459206,828.450397582507
9.25,5.0875,0.55,23.656881769246805,837.2556743465415
9.3,5.115000000000001,0.55,23.91263184242785,846.1083136144067
9.35,5.1425,0.55,24.169756916002342,855.0081778516694
9.4,5.170000000000001,0.55,24.428256989970283,863.9552449474777
9.450000000000001,5.197500000000001,0.55,24.688132064331672,872.9495959352329
9.5,5.2250000000000005,0.55,24.949382139086502,881.9913037695926
9.55,5.2525,0.55,25.21200721423478,891.0803088712812
9.600000000000001,5.280000000000001,0.55,25.476007289776508,900.2165621775832
9.65,5.307500000000001,0.55,25.74138236571168,909.400035512932
9.700000000000001,5.335000000000001,0.55,26.008132442040296,918.6307077600466
9.75,5.362500000000001,0.55,26.27625751876236,927.9085872707228
9.8,5.390000000000001,0.55,26.545757595877873,937.2336694268023
9.850000000000001,5.417500000000001,0.55,26.81663267338683,946.6060048273885
9.9,5.445,0.55,27.088882751289233,956.0256368227094
9.950000000000001,5.472500000000001,0.55,27.362507829585084,965.492594003488
10.0,5.5,0.55,27.63750790827438,975.0069014061937
10.05,5.527500000000001,0.55,27.913882987357127,984.5685313984184
10.100000000000001,5.5550000000000015,0.55,28.19163306683332,994.177426089845
10.15,5.5825000000000005,0.55,28.470758146702956,1003.8337318165648
10.200000000000001,5.610000000000001,0.55,28.751258226966037,1013.5374299495703
10.25,5.6375,0.55,29.033133307622567,1023.2884755348405
10.3,5.665000000000001,0.55,29.31638338867254,1033.0868208964785
10.350000000000001,5.692500000000002,0.55,29.601008470115964,1042.9324465116324
10.4,5.720000000000001,0.55,29.887008551952835,1052.8253208366957
10.450000000000001,5.747500000000001,0.55,30.17438363418315,1062.7663506435078
10.5,5.775,0.55,30.46313371680691,1072.7555140824302
10.55,5.802500000000001,0.55,30.75325879982412,1082.7928480926626
10.600000000000001,5.830000000000001,0.55,31.044758883234778,1092.8783489814812
10.65,5.857500000000001,0.55,31.337633967038876,1103.0120650496517
10.700000000000001,5.885000000000001,0.55,31.631884051236426,1113.1943708918127
10.75,5.9125000000000005,0.55,31.92750913582742,1123.425263823066
10.8,5.940000000000001,0.55,32.22450922081186,1133.7047360502065
10.850000000000001,5.967500000000001,0.55,32.522884306189745,1144.032786592489
10.9,5.995000000000001,0.55,32.82263439196108,1154.4094086452883
10.950000000000001,6.022500000000001,0.55,33.12375947812586,1164.8345814737231
11.0,6.050000000000001,0.55,33.426259564684095,1175.308352666928
11.05,6.077500000000001,0.55,33.730134651635765,1185.8308103621587
11.100000000000001,6.105000000000001,0.55,34.03538473898089,1196.4019411471968
11.15,6.1325,0.55,34.34200982671945,1207.0217602367768
11.200000000000001,6.160000000000001,0.55,34.65000991485146,1217.6902683187145
11.25,6.187500000000001,0.55,34.95938500337692,1228.4074501232915
11.3,6.215000000000001,0.55,35.27013509229583,1239.173294927155
11.350000000000001,6.2425000000000015,0.55,35.582260181608184,1249.9877823673198
11.4,6.2700000000000005,0.55,35.89576027131398,1260.8508996072185
11.450000000000001,6.297500000000001,0.55,36.210635361413225,1271.76270153731
11.5,6.325,0.55,36.52688545190591,1282.723240918358
11.55,6.352500000000001,0.55,36.84451054279205,1293.7326573114867
11.600000000000001,6.380000000000002,0.55,37.16351063407164,1304.7910075625023
11.65,6.407500000000001,0.55,37.48388572574467,1315.89826508657
11.700000000000001,6.435000000000001,0.55,37.80563581781115,1327.0544964171108
11.75,6.4625,0.55,38.12876091027107,1338.2598389136053
11.8,6.490000000000001,0.55,38.453261003124446,1349.5143769030858
11.850000000000001,6.517500000000001,0.55,38.77913609637126,1360.8181131890644
11.9,6.545000000000001,0.55,39.10638619001153,1372.1711655083923
11.950000000000001,6.572500000000001,0.55,39.43501128404524,1383.573657454713
12.0,6.6000000000000005,0.55,39.765011378472394,1395.0256388466125
12.05,6.627500000000001,0.55,40.096386473293,1406.5272018374264
12.100000000000001,6.655000000000001,0.55,40.42913656850705,1418.0783671895372
12.15,6.682500000000001,0.55,40.763261664114545,1429.6791072817307
12.200000000000001,6.710000000000001,0.55,41.09876176011549,1441.3293903358071
12.25,6.737500000000001,0.55,41.43563685650987,1453.0291742176646
12.3,6.765000000000001,0.55,41.77388695329771,1464.7784214576386
12.350000000000001,6.792500000000001,0.55,42.113512050478995,1476.5771183239585
12.4,6.820000000000001,0.55,42.45451214805372,1488.4252567029075
12.450000000000001,6.847500000000001,0.55,42.796887246021896,1500.3228215818212
12.5,6.875000000000001,0.55,43.14063734438352,1512.269787591993
12.55,6.902500000000001,0.55,43.48576244313859,1524.2661185318132
12.600000000000001,6.9300000000000015,0.55,43.832262542287104,1536.3118070634407
12.65,6.9575000000000005,0.55,44.18013764182906,1548.4068458641339
12.700000000000001,6.985000000000001,0.55,44.529387741764474,1560.5512116521854
12.75,7.0125,0.55,44.88001284209333,1572.7448519546733
12.8,7.040000000000001,0.55,45.23201294281562,1584.9877376787392
12.850000000000001,7.067500000000002,0.55,45.585388043931374,1597.2798231764602
12.9,7.095000000000001,0.55,45.940138145440564,1609.6212301847665
12.950000000000001,7.122500000000001,0.55,46.296263247343205,1622.011964941783
13.0,7.15,0.55,46.65376334963929,1634.4519395252773
13.05,7.177500000000001,0.55,47.01263845232882,1646.9410974992386
13.100000000000001,7.205000000000001,0.55,47.372888555411805,1659.4794157020037
13.15,7.232500000000001,0.55,47.734513658888226,1672.0669186705702
13.200000000000001,7.260000000000002,0.55,48.0975137627581,1684.7035565702718
13.25,7.2875000000000005,0.55,48.46188886702142,1697.3892978203862
13.3,7.315000000000001,0.55,48.827638971678184,1710.1240816488287
13.350000000000001,7.342500000000001,0.55,49.1947640767284,1722.9078649413925
13.4,7.370000000000001,0.55,49.563264182172055,1735.7406237914613
13.450000000000001,7.397500000000001,0.55,49.93313928800916,1748.6223524271172
13.5,7.425000000000001,0.55,50.30438939423971,1761.5530316206712
13.55,7.452500000000001,0.55,50.67701450086371,1774.5327998731952
13.600000000000001,7.480000000000001,0.55,51.05101460788116,1787.5617231021686
13.65,7.507500000000001,0.55,51.426389715292046,1800.639763408636
13.700000000000001,7.535000000000001,0.55,51.80313982309639,1813.7668879152845
13.75,7.562500000000001,0.55,52.181264931294166,1826.9430756805748
13.8,7.590000000000001,0.55,52.560765039885396,1840.168287657996
13.850000000000001,7.6175000000000015,0.55,52.94164014887008,1853.4424955447073
13.9,7.6450000000000005,0.55,53.3238902582482,1866.765681185488
13.950000000000001,7.672500000000001,0.55,53.70751536801977,1880.13780653199
14.0,7.700000000000001,0.55,54.09251547818479,1893.5588415377092
14.05,7.727500000000001,0.55,54.47889058874325,1907.0287235076123
14.100000000000001,7.755000000000002,0.55,54.866640699695154,1920.5474231400794
14.15,7.782500000000001,0.55,55.25576581104051,1934.114895174255
14.200000000000001,7.810000000000001,0.55,55.646265922779314,1947.731082919997
14.25,7.8375,0.55,56.03814103491156,1961.3959573585207
14.3,7.865000000000001,0.55,56.43139114743726,1975.1095021220249
14.350000000000001,7.892500000000002,0.55,56.8260162603564,1988.8716815455996
14.4,7.920000000000001,0.55,57.22201637366899,2002.6825111199134
14.450000000000001,7.947500000000002,0.55,57.61939148737502,2016.541906453041
14.5,7.9750000000000005,0.55,58.018141601474504,2030.4498304939334
14.55,8.002500000000001,0.55,58.418266715967434,2044.4062692137202
14.600000000000001,8.030000000000001,0.55,58.8197668308538,2058.4111826106896
14.65,8.057500000000001,0.55,59.22264194613363,2072.4645273600518
14.700000000000001,8.085,0.55,59.62689206180689,2086.56627290719
14.75,8.1125,0.55,60.03251717787361,2100.7163496116195
14.8,8.14,0.55,60.43951729433376,2114.9147078747915
14.850000000000001,8.167500000000002,0.55,60.84789241118737,2129.1613274384167
14.9,8.195,0.55,61.257642528434424,2143.4561894894914
14.950000000000001,8.222500000000002,0.55,61.66876764607492,2157.7992789252708
15.0,8.25,0.55,62.081267764108865,2172.1905763662458
15.05,8.277500000000002,0.55,62.49514288253626,2186.6299795972204
15.100000000000001,8.305000000000001,0.55,62.9103930013571,2201.1173986963227
15.15,8.332500000000001,0.55,63.32701812057139,2215.652733146821
15.200000000000001,8.360000000000001,0.55,63.74501824017912,2230.2359217858143
15.25,8.387500000000001,0.55,64.1643933601803,2244.866894882097
15.3,8.415000000000001,0.55,64.58514348057491,2259.545619316479
15.350000000000001,8.4425,0.55,65.00726860136298,2274.272054951186
15.4,8.47,0.55,65.4307687225445,2289.0461667892027
15.450000000000001,8.4975,0.55,65.85564384411947,2303.8679324844607
15.5,8.525,0.55,66.28189396608788,2318.7373021683056
15.55,8.5525,0.55,66.70951908844974,2333.6543531831544
15.600000000000001,8.580000000000002,0.55,67.13851921120504,2348.6190519023344
15.65,8.607500000000002,0.55,67.56889433435379,2363.6312254774807
15.700000000000001,8.635000000000002,0.55,68.00064445789599,2378.6908090786023
15.75,8.662500000000001,0.55,68.43376958183163,2393.797770553811
15.8,8.690000000000001,0.55,68.86826970616072,2408.952071567091
15.850000000000001,8.717500000000001,0.55,69.30414483088325,2424.153673081927
15.9,8.745000000000001,0.55,69.74139495599924,2439.4025340500016
15.950000000000001,8.7725,0.55,70.18002008150867,2454.6986297694248
16.0,8.8,0.55,70.62002020741154,2470.0419109959475
16.05,8.8275,0.55,71.06139533370786,2485.4323363678886
16.1,8.855000000000002,0.55,71.50414546039764,2500.8698583394366
16.150000000000002,8.882500000000002,0.55,71.94827058748085,2516.354429379534
16.2,8.91,0.55,72.3937707149575,2531.8859826599714
16.25,8.9375,0.55,72.84064584282761,2547.4644864148236
16.3,8.965000000000002,0.55,73.28889597109118,2563.0899224827763
16.35,8.992500000000001,0.55,73.73852109974817,2578.7623337524246
16.400000000000002,9.020000000000001,0.55,74.18952122879861,2594.4817037608886
16.45,9.047500000000001,0.55,74.6418963582425,2610.2479712373474
16.5,9.075000000000001,0.55,75.09564648807985,2626.061088038754
16.55,9.102500000000001,0.55,75.55077161831063,2641.92100627523
16.6,9.13,0.55,76.00727174893487,2657.8276928536015
16.650000000000002,9.157500000000002,0.55,76.46514687995256,2673.7810870388894
16.7,9.185,0.55,76.92439701136368,2689.7811054610997
16.75,9.2125,0.55,77.38502214316824,2705.827682884802
16.8,9.240000000000002,0.55,77.84702227536627,2721.920769586524
16.85,9.267500000000002,0.55,78.31039740795774,2738.0603268247964
16.900000000000002,9.295000000000002,0.55,78.77514754094264,2754.2462727191396
16.95,9.3225,0.55,79.24127267432101,2770.478517536009
17.0,9.350000000000001,0.55,79.70877280809282,2786.7569889611664
17.05,9.377500000000001,0.55,80.17764794225806,2803.081661663584
17.1,9.405000000000001,0.55,80.64789807681674,2819.4524645506153
17.150000000000002,9.432500000000003,0.55,81.1195232117689,2835.8693143850164
17.2,9.46,0.55,81.5925233471145,2852.3321095860624
17.25,9.4875,0.55,82.06689848285352,2868.840754071404
17.3,9.515,0.55,82.54264861898601,2885.3951498660927
17.35,9.542500000000002,0.55,83.01977375551195,2901.995141789471
17.400000000000002,9.570000000000002,0.55,83.49827389243131,2918.6407410917973
17.45,9.5975,0.55,83.97814902974415,2935.331851749719
17.5,9.625,0.55,84.45939916745043,2952.0683815693296
17.55,9.652500000000002,0.55,84.94202430555013,2968.850240040401
17.6,9.680000000000001,0.55,85.42602444404329,2985.6772856458774
17.650000000000002,9.707500000000001,0.55,85.91139958292992,3002.5493799828946
17.7,9.735000000000001,0.55,86.39814972220996,3019.4663210055755
17.75,9.762500000000001,0.55,86.88627486188346,3036.4279546049256
17.8,9.790000000000001,0.55,87.37577500195042,3053.4341266866995
17.85,9.8175,0.55,87.86665014241082,3070.4846805487955
17.900000000000002,9.845000000000002,0.55,88.35890028326466,3087.5806116079107
17.95,9.8725,0.55,88.85252542451194,3104.7208553740456
18.0,9.9,0.55,89.34752556615268,3121.906254759147
18.05,9.927500000000002,0.55,89.84390070818687,3139.1357621767884
18.1,9.955000000000002,0.55,90.34165085061449,3156.4101648321084
18.150000000000002,9.982500000000002,0.55,90.84077599343557,3173.7284568377845
18.2,10.01,0.55,91.3412761366501,3191.0913887656343
18.25,10.037500000000001,0.55,91.84315128025806,3208.497786857508
18.3,10.065000000000001,0.55,92.34640142425947,3225.9483128382335
18.35,10.092500000000001,0.55,92.85102656865433,3243.4418594442973
18.400000000000002,10.120000000000003,0.55,93.35702671344264,3260.9792999609463
18.45,10.1475,0.55,93.86440185862439,3278.5603165044345
18.5,10.175,0.55,94.3731520041996,3296.1852676974368
18.55,10.2025,0.55,94.88327715016824,3313.8534298436375
18.6,10.230000000000002,0.55,95.39477729653034,3331.565265360933
18.650000000000002,10.257500000000002,0.55,95.90765244328587,3349.320085099555
18.7,10.285,0.55,96.42190259043487,3367.118239503806
18.75,10.3125,0.55,96.93752773797729,3384.958903501179
18.8,10.340000000000002,0.55,97.45452788591317,3402.842270501274
18.85,10.367500000000001,0.55,97.9729030342425,3420.768019185893
18.900000000000002,10.395000000000001,0.55,98.49265318296527,3438.7367745854035
18.95,10.422500000000001,0.55,99.01377833208149,3456.748794508877
19.0,10.450000000000001,0.55,99.53627848159115,3474.8027389585145
19.05,10.477500000000001,0.55,100.06015363149426,3492.8996275529316
19.1,10.505,0.55,100.58540378179082,3511.036422253061
19.150000000000002,10.532500000000002,0.55,101.11202893248083,3529.2071418375012
19.200000000000003,10.560000000000002,0.55,101.64002908356427,3547.4107690789133
19.25,10.5875,0.55,102.16940423504118,3565.645931470168
19.3,10.615000000000002,0.55,102.70015438691152,3583.910781109449
19.35,10.642500000000002,0.55,103.23227953917531,3602.20575564662
19.400000000000002,10.670000000000002,0.55,103.76577969183255,3620.529863316834
19.450000000000003,10.697500000000002,0.55,104.30065484488323,3638.8836806127056
19.5,10.725000000000001,0.55,104.83690499832736,3657.266661111146
19.55,10.752500000000001,0.55,105.37453015216494,3675.6781459028325
19.6,10.780000000000001,0.55,105.91353030639596,3694.117635508988
19.650000000000002,10.807500000000003,0.55,106.45390546102043,3712.584756728886
19.700000000000003,10.835000000000003,0.55,106.99565561603833,3731.079749234585
19.75,10.8625,0.55,107.5387807714497,3749.6012648601527
19.8,10.89,0.55,108.0832809272545,3768.149632076241
19.85,10.917500000000002,0.55,108.62915608345276,3786.723687467168
19.900000000000002,10.945000000000002,0.55,109.17640624004447,3805.3236346553904
19.950000000000003,10.972500000000002,0.55,109.72503139702961,3823.948221747785
20.0,11.0,0.55,110.2750315544082,3842.597700848918
20.05,11.027500000000002,0.55,110.82640671218024,3861.2710012396396
20.1,11.055000000000001,0.55,111.37915687034572,3879.968730112919
20.150000000000002,11.082500000000001,0.55,111.93328202890467,3898.6898894431233
20.200000000000003,11.110000000000003,0.55,112.48878218785704,3917.4350657639457
20.25,11.137500000000001,0.55,113.04565734720288,3936.2044056880036
20.3,11.165000000000001,0.55,113.60390750694215,3954.9962792249985
20.35,11.192500000000003,0.55,114.16353266707486,3973.8111916133867
20.400000000000002,11.220000000000002,0.55,114.72453282760104,3992.647963688254
20.450000000000003,11.247500000000002,0.55,115.28690798852065,4011.507427643068
20.5,11.275,0.55,115.8506581498337,4030.3883983283013
20.55,11.302500000000002,0.55,116.41578331154021,4049.2916453164744
20.6,11.330000000000002,0.55,116.98228347364017,4068.2183922601607
20.650000000000002,11.357500000000002,0.55,117.55015863613357,4087.169091313203
20.700000000000003,11.385000000000003,0.55,118.1194087990204,4106.144071932923
20.75,11.412500000000001,0.55,118.69003396230072,4125.14293986306
20.8,11.440000000000001,0.55,119.26203412597445,4144.166342217622
20.85,11.467500000000001,0.55,119.83540929004164,4163.212906007931
20.900000000000002,11.495000000000003,0.55,120.41015945450226,4182.283706154068
20.950000000000003,11.522500000000003,0.55,120.98628461935634,4201.378560457477
21.0,11.55,0.55,121.56378478460387,4220.497464773531
21.05,11.5775,0.55,122.14265995024483,4239.640645019247
21.1,11.605000000000002,0.55,122.72291011627927,4258.79546667037
21.150000000000002,11.632500000000002,0.55,123.30453528270712,4277.972426321344
21.200000000000003,11.660000000000002,0.55,123.88753544952843,4297.158458336362
21.25,11.687500000000002,0.55,124.47191061674319,4316.362872333514
21.3,11.715000000000002,0.55,125.0576607843514,4335.5737157845915
21.35,11.742500000000001,0.55,125.64478595235305,4354.78748385305
21.400000000000002,11.770000000000001,0.55,126.23328612074813,4374.013969119226
21.450000000000003,11.797500000000003,0.55,126.82316128953669,4393.247719002484
21.5,11.825000000000001,0.55,127.41441145871867,4412.498664952522
21.55,11.852500000000001,0.55,128.00703662829412,4431.767651446368
21.6,11.880000000000003,0.55,128.601036798263,4451.043485899232
21.650000000000002,11.907500000000002,0.55,129.1964119686253,4470.336531701486
21.700000000000003,11.935000000000002,0.55,129.79316213938108,4489.639405908778
21.75,11.9625,0.55,130.39128731053032,4508.958478748448
21.8,11.990000000000002,0.55,130.990787482073,4528.283894836532
21.85,12.017500000000002,0.55,131.5916626540091,4547.601205802964
21.900000000000002,12.045000000000002,0.55,132.19391282633867,4566.929715293948
21.950000000000003,12.072500000000003,0.55,132.79753799906166,4586.268899063919
22.0,12.100000000000001,0.55,133.4025381721781,4605.628056348418
22.05,12.127500000000001,0.55,134.00891334568803,4624.994483264718
22.1,12.155000000000001,0.55,134.61666351959138,4644.353195059786
22.150000000000002,12.182500000000003,0.55,135.22578869388818,4663.725952557662
22.200000000000003,12.210000000000003,0.55,135.83628886857844,4683.114906442339
22.25,12.2375,0.55,136.4481640436621,4702.520992976813
22.3,12.265,0.55,137.06141421913924,4721.939276797342
22.35,12.292500000000002,0.55,137.6760393950098,4741.370423958939
22.400000000000002,12.320000000000002,0.55,138.29203957127385,4760.813561769046
22.450000000000003,12.347500000000002,0.55,138.90941474793132,4780.292554280014
22.5,12.375000000000002,0.55,139.52816492498224,4799.7905393400615
22.55,12.402500000000002,0.55,140.1482901024266,4819.3060345436625
22.6,12.430000000000001,0.55,140.76979028026443,4838.836841140055
22.650000000000002,12.457500000000001,0.55,141.39266545849569,4858.380610184796
22.700000000000003,12.485000000000003,0.55,142.01691563712038,4877.957909722668
22.75,12.51818181818182,0.8,142.6428249071289,4903.4732384240015
22.8,12.558181818181819,0.8,143.27073417770973,4928.838106634132
22.85,12.59818181818182,0.8,143.90064344886284,4954.008165674116
22.900000000000002,12.63818181818182,0.8,144.53255272058823,4978.98360705523
22.950000000000003,12.659999999999837,0.0,145.16555290171667,4980.688905571883
23.0,12.659999999999837,0.0,145.79855308284507,4981.519907600229
23.05,12.659999999999837,0.0,146.4315532639735,4982.2119979014915
23.1,12.659999999999837,0.0,147.06455344510195,4982.417260941954
23.150000000000002,12.659999999999837,0.0,147.6975536262304,4982.428123486821
23.200000000000003,12.659999999999837,0.0,148.33055380735883,4982.9061700354405
23.25,12.659999999999837,0.0,148.96355398848726,4983.589291557383
23.3,12.659999999999837,0.0,149.5965541696157,4984.760762190793
23.35,12.659999999999837,0.0,150.22955435074414,4986.0037995570165
23.400000000000002,12.659999999999837,0.0,150.86255453187258,4987.115103662436
23.450000000000003,12.659999999999837,0.0,151.495554713001,4988.537473661655
23.5,12.659999999999837,0.0,152.12855489412945,4990.342752761089
23.55,12.659999999999837,0.0,152.7615550752579,4992.084951814658
23.6,12.659999999999837,0.0,153.39455525638633,4993.556272611995
23.650000000000002,12.659999999999837,0.0,154.02755543751476,4994.6400995195
23.700000000000003,12.659999999999837,0.0,154.6605556186432,4995.559629296224
23.75,12.659999999999837,0.0,155.29355579977164,4996.547275601097
23.8,12.659999999999837,0.0,155.92655598090008,4997.582602789055
23.85,12.659999999999837,0.0,156.5595561620285,4998.578670783626
23.900000000000002,12.659999999999837,0.0,157.19255634315695,4999.695820778183
23.950000000000003,12.659999999999837,0.0,157.8255565242854,5000.46371107937
24.0,12.659999999999837,0.0,158.45855670541383,5000.7591379727755
24.05,12.659999999999837,0.0,159.09155688654226,5000.772519725879
24.1,12.659999999999837,0.0,159.7245570676707,5000.635359470472
24.150000000000002,12.659999999999837,0.0,160.35755724879914,5000.588515439933
24.200000000000003,12.659999999999837,0.0,160.99055742992758,5000.789992992662
24.25,12.659999999999837,0.0,161.62355761105601,5000.869061243802
24.3,12.659999999999837,0.0,162.25655779218445,5000.897765300453
24.35,12.659999999999837,0.0,162.8895579733129,5000.838111076613
24.400000000000002,12.659999999999837,0.0,163.52255815444133,5000.496843463773
24.450000000000003,12.659999999999837,0.0,164.15555833556976,5000.121361591635
24.5,12.659999999999837,0.0,164.78855851669817,4999.389304880141
24.55,12.659999999999837,0.0,165.4215586978266,4998.701630842779
24.6,12.659999999999837,0.0,166.05455887895505,4998.154461976118
24.650000000000002,12.659999999999837,0.0,166.6875590600835,4997.803207739034
24.700000000000003,12.659999999999837,0.0,167.32055924121192,4997.664596517752
24.75,12.659999999999837,0.0,167.95355942234036,4997.655439436327
24.8,12.659999999999837,0.0,168.5865596034688,4997.696634231626
24.85,12.659999999999837,0.0,169.21955978459724,4997.765524591547
24.900000000000002,12.659999999999837,0.0,169.85255996572567,4997.842251508117
24.950000000000003,12.659999999999837,0.0,170.4855601468541,4998.059044662139
25.0,12.659999999999837,0.0,171.11856032798255,4998.133134200731
25.05,12.659999999999837,0.0,171.751560509111,4998.180154040017
25.1,12.659999999999837,0.0,172.38456069023943,4998.22597064034
25.150000000000002,12.659999999999837,0.0,173.01756087136786,4998.2720034267095
25.200000000000003,12.659999999999837,0.0,173.6505610524963,4998.318543299594
25.25,12.659999999999837,0.0,174.28356123362474,4998.363202675739
25.3,12.659999999999837,0.0,174.91656141475318,4998.403659209171
25.35,12.659999999999837,0.0,175.5495615958816,4998.439499213853
25.400000000000002,12.659999999999837,0.0,176.18256177701005,4998.471152826705
25.450000000000003,12.659999999999837,0.0,176.8155619581385,4998.4994772221235
25.5,12.659999999999837,0.0,177.44856213926693,4998.525574907222
25.55,12.659999999999837,0.0,178.08156232039536,4998.551012679496
25.6,12.659999999999837,0.0,178.7145625015238,4998.576226070085
25.650000000000002,12.659999999999837,0.0,179.34756268265224,4998.601973756709
25.700000000000003,12.659999999999837,0.0,179.98056286378068,4998.6293862904695
25.75,12.659999999999837,0.0,180.6135630449091,4998.6598284389165
25.8,12.659999999999837,0.0,181.24656322603755,4998.692935391822
25.85,12.659999999999837,0.0,181.879563407166,4998.729007139364
25.900000000000002,12.659999999999837,0.0,182.51256358829443,4998.767739757457
25.950000000000003,12.659999999999837,0.0,183.14556376942286,4998.807297423044
26.0,12.659999999999837,0.0,183.7785639505513,4998.846100136199
26.05,12.659999999999837,0.0,184.4115641316797,4998.884537085452
26.1,12.659999999999837,0.0,185.04456431280815,4998.922860726276
26.150000000000002,12.659999999999837,0.0,185.6775644939366,4998.961149528184
26.200000000000003,12.659999999999837,0.0,186.31056467506502,4998.999368443647
26.25,12.659999999999837,0.0,186.94356485619346,4999.037522509256
26.3,12.659999999999837,0.0,187.5765650373219,4999.075629516998
26.35,12.659999999999837,0.0,188.20956521845034,4999.113669082084
26.400000000000002,12.659999999999837,0.0,188.84256539957877,4999.15165884749
26.450000000000003,12.659999999999837,0.0,189.4755655807072,4999.189592942157
26.5,12.659999999999837,0.0,190.10856576183565,4999.2275203015
26.55,12.659999999999837,0.0,190.7415659429641,4999.265447660842
26.6,12.659999999999837,0.0,191.37456612409252,4999.303375020185
26.650000000000002,12.659999999999837,0.0,192.00756630522096,4999.341302379527
26.700000000000003,12.659999999999837,0.0,192.6405664863494,4999.37922973887
26.75,12.659999999999837,0.0,193.27356666747784,4999.417157098213
26.8,12.659999999999837,0.0,193.90656684860627,4999.455084457555
26.85,12.659999999999837,0.0,194.5395670297347,4999.493011816898
26.900000000000002,12.659999999999837,0.0,195.17256721086315,4999.53093917624
26.950000000000003,12.659999999999837,0.0,195.8055673919916,4999.568866535583
27.0,12.659999999999837,0.0,196.43856757312003,4999.606793894925
27.05,12.659999999999837,0.0,197.07156775424846,4999.644721254268
27.1,12.659999999999837,0.0,197.7045679353769,4999.682648613611
27.150000000000002,12.659999999999837,0.0,198.33756811650534,4999.720575972953
27.200000000000003,12.659999999999837,0.0,198.97056829763378,4999.758503332296
27.25,12.659999999999837,0.0,199.6035684787622,4999.796430691638
27.3,12.659999999999837,0.0,200.23656865989065,4999.834358050981
27.35,12.659999999999837,0.0,200.8695688410191,4999.8722854103235
27.400000000000002,12.659999999999837,0.0,201.50256902214753,4999.910212769666
27.450000000000003,12.659999999999837,0.0,202.13556920327596,4999.948140129009
27.5,12.659999999999837,0.0,202.7685693844044,4999.986067488351
27.55,12.659999999999837,0.0,203.40156956553284,5000.023994847694
27.6,12.659999999999837,0.0,204.03456974666125,5000.061922207036
27.650000000000002,12.659999999999837,0.0,204.66756992778969,5000.099849566379
27.700000000000003,12.659999999999837,0.0,205.30057010891812,5000.1377769257215
27.75,12.659999999999837,0.0,205.93357029004656,5000.175704285064
27.8,12.659999999999837,0.0,206.566570471175,5000.213631644407
27.85,12.659999999999837,0.0,207.19957065230344,5000.251559003749
27.900000000000002,12.659999999999837,0.0,207.83257083343187,5000.289486363092
27.950000000000003,12.659999999999837,0.0,208.4655710145603,5000.327413722434
28.0,12.659999999999837,0.0,209.09857119568875,5000.365341081777
28.05,12.659999999999837,0.0,209.7315713768172,5000.4032684411195
28.1,12.659999999999837,0.0,210.36457155794562,5000.441195800462
28.150000000000002,12.659999999999837,0.0,210.99757173907406,5000.479123159805
28.200000000000003,12.659999999999837,0.0,211.6305719202025,5000.517050519147
28.25,12.659999999999837,0.0,212.26357210133094,5000.55497787849
28.3,12.659999999999837,0.0,212.89657228245937,5000.592905237832
28.35,12.659999999999837,0.0,213.5295724635878,5000.630832597175
28.400000000000002,12.659999999999837,0.0,214.16257264471625,5000.6687599565175
28.450000000000003,12.659999999999837,0.0,214.7955728258447,5000.70668731586
28.5,12.659999999999837,0.0,215.42857300697312,5000.744614675203
28.55,12.659999999999837,0.0,216.06157318810156,5000.782542034545
28.6,12.659999999999837,0.0,216.69457336923,5000.820469393888
28.650000000000002,12.659999999999837,0.0,217.32757355035844,5000.85839675323
28.700000000000003,12.659999999999837,0.0,217.96057373148687,5000.896324112573
28.75,12.659999999999837,0.0,218.5935739126153,5000.934251471916
28.8,12.659999999999837,0.0,219.22657409374375,5000.972178831258
28.85,12.659999999999837,0.0,219.8595742748722,5001.010106190601
28.900000000000002,12.659999999999837,0.0,220.49257445600063,5001.048033549943
28.950000000000003,12.659999999999837,0.0,221.12557463712906,5001.085960909286
29.0,12.659999999999837,0.0,221.7585748182575,5001.123888268628
29.05,12.659999999999837,0.0,222.39157499938594,5001.161815627971
29.1,12.659999999999837,0.0,223.02457518051435,5001.199742987314
29.150000000000002,12.659999999999837,0.0,223.65757536164278,5001.237670346656
29.200000000000003,12.659999999999837,0.0,224.29057554277122,5001.275597705999
29.25,12.659999999999837,0.0,224.92357572389966,5001.313525065341
29.3,12.659999999999837,0.0,225.5565759050281,5001.351452424684
29.35,12.659999999999837,0.0,226.18957608615653,5001.3893797840265
29.400000000000002,12.659999999999837,0.0,226.82257626728497,5001.427307143369
29.450000000000003,12.659999999999837,0.0,227.4555764484134,5001.465234502712
29.5,12.659999999999837,0.0,228.08857662954185,5001.503161862054
29.55,12.659999999999837,0.0,228.72157681067029,5001.541089221397
29.6,12.659999999999837,0.0,229.35457699179872,5001.579016580739
29.650000000000002,12.659999999999837,0.0,229.98757717292716,5001.616943940082
29.700000000000003,12.659999999999837,0.0,230.6205773540556,5001.6548712994245
29.75,12.659999999999837,0.0,231.25357753518404,5001.692798658767
29.8,12.659999999999837,0.0,231.88657771631247,5001.73072601811
29.85,12.659999999999837,0.0,232.5195778974409,5001.768653377452
29.900000000000002,12.659999999999837,0.0,233.15257807856935,5001.806580736795
29.950000000000003,12.659999999999837,0.0,233.7855782596978,5001.844508096137
30.0,12.659999999999837,0.0,234.41857844082622,5001.88243545548
30.05,12.659999999999837,0.0,235.05157862195466,5001.9203628148225
30.1,12.659999999999837,0.0,235.6845788030831,5001.958290174165
30.150000000000002,12.659999999999837,0.0,236.31757898421154,5001.996217533508
30.200000000000003,12.659999999999837,0.0,236.95057916533997,5002.03414489285
30.25,12.659999999999837,0.0,237.5835793464684,5002.072072252193
30.3,12.659999999999837,0.0,238.21657952759685,5002.109999611535
30.35,12.659999999999837,0.0,238.8495797087253,5002.147926970878
30.400000000000002,12.659999999999837,0.0,239.48257988985372,5002.1858543302205
30.450000000000003,12.659999999999837,0.0,240.11558007098216,5002.223781689563
30.5,12.659999999999837,0.0,240.7485802521106,5002.261709048906
30.55,12.659999999999837,0.0,241.38158043323904,5002.299636408248
30.6,12.659999999999837,0.0,242.01458061436747,5002.337563767591
30.650000000000002,12.659999999999837,0.0,242.64758079549588,5002.375491126933
30.700000000000003,12.659999999999837,0.0,243.28058097662432,5002.413418486276
30.75,12.659999999999837,0.0,243.91358115775276,5002.451345845619
30.8,12.659999999999837,0.0,244.5465813388812,5002.489273204961
30.85,12.659999999999837,0.0,245.17958152000963,5002.527200564304
30.900000000000002,12.659999999999837,0.0,245.81258170113807,5002.565127923646
30.950000000000003,12.659999999999837,0.0,246.4455818822665,5002.603055282989
31.0,12.659999999999837,0.0,247.07858206339495,5002.640982642331
31.05,12.659999999999837,0.0,247.71158224452338,5002.678910001674
31.1,12.659999999999837,0.0,248.34458242565182,5002.716837361017
31.150000000000002,12.659999999999837,0.0,248.97758260678026,5002.754764720359
31.200000000000003,12.659999999999837,0.0,249.6105827879087,5002.792692079702
31.25,12.659999999999837,0.0,250.24358296903713,5002.830619439044
31.3,12.659999999999837,0.0,250.87658315016557,5002.868546798387
31.35,12.659999999999837,0.0,251.509583331294,5002.9064741577295
31.400000000000002,12.659999999999837,0.0,252.14258351242245,5002.944401517072
31.450000000000003,12.659999999999837,0.0,252.77558369355089,5002.982328876415
31.5,12.659999999999837,0.0,253.40858387467932,5003.020256235757
31.55,12.659999999999837,0.0,254.04158405580776,5003.0581835951
31.6,12.659999999999837,0.0,254.6745842369362,5003.096110954442
31.650000000000002,12.659999999999837,0.0,255.30758441806464,5003.134038313785
31.700000000000003,12.659999999999837,0.0,255.94058459919307,5003.1719656731275
31.75,12.659999999999837,0.0,256.57358478032154,5003.20989303247
31.8,12.659999999999837,0.0,257.20658496144995,5003.247820391813
31.85,12.659999999999837,0.0,257.8395851425784,5003.285747751155
31.900000000000002,12.659999999999837,0.0,258.4725853237068,5003.323675110498
31.950000000000003,12.659999999999837,0.0,259.1055855048353,5003.36160246984
32.0,12.659999999999837,0.0,259.7385856859637,5003.399529829183
32.050000000000004,12.659999999999837,0.0,260.37158586709216,5003.4374571885255
32.1,12.659999999999837,0.0,261.0045860482206,5003.475384547868
32.15,12.659999999999837,0.0,261.63758622934904,5003.513311907211
32.2,12.659999999999837,0.0,262.27058641047745,5003.551239266553
32.25,12.659999999999837,0.0,262.9035865916059,5003.589166625896
32.300000000000004,12.659999999999837,0.0,263.5365867727343,5003.627093985238
32.35,12.659999999999837,0.0,264.1695869538628,5003.665021344581
32.4,12.659999999999837,0.0,264.8025871349912,5003.7029487039235
32.45,12.659999999999837,0.0,265.43558731611967,5003.740876063266
32.5,12.659999999999837,0.0,266.0685874972481,5003.778803422609
32.550000000000004,12.659999999999837,0.0,266.70158767837654,5003.816730781951
32.6,12.659999999999837,0.0,267.33458785950495,5003.854658141294
32.65,12.659999999999837,0.0,267.9675880406334,5003.892585500636
32.7,12.659999999999837,0.0,268.6005882217618,5003.930512859979
32.75,12.659999999999837,0.0,269.2335884028903,5003.968440219322
32.800000000000004,12.659999999999837,0.0,269.8665885840187,5004.006367578664
32.85,12.659999999999837,0.0,270.49958876514717,5004.044294938007
32.9,12.659999999999837,0.0,271.1325889462756,5004.082222297349
32.95,12.659999999999837,0.0,271.765589127404,5004.120149656692
33.0,12.659999999999837,0.0,272.39858930853245,5004.158077016034
33.050000000000004,12.659999999999837,0.0,273.03158948966086,5004.196004375377
33.1,12.659999999999837,0.0,273.6645896707893,5004.23393173472
33.15,12.659999999999837,0.0,274.29758985191773,5004.271859094062
33.2,12.659999999999837,0.0,274.9305900330462,5004.309786453405
33.25,12.659999999999837,0.0,275.5635902141746,5004.347713812747
33.300000000000004,12.659999999999837,0.0,276.1965903953031,5004.38564117209
33.35,12.659999999999837,0.0,276.8295905764315,5004.4235685314325
33.4,12.659999999999837,0.0,277.46259075755995,5004.461495890775
33.45,12.659999999999837,0.0,278.09559093868836,5004.499423250118
33.5,12.659999999999837,0.0,278.7285911198168,5004.53735060946
33.550000000000004,12.659999999999837,0.0,279.36159130094524,5004.575277968803
33.6,12.659999999999837,0.0,279.9945914820737,5004.613205328145
33.65,12.659999999999837,0.0,280.6275916632021,5004.651132687488
33.7,12.659999999999837,0.0,281.2605918443306,5004.6890600468305
33.75,12.659999999999837,0.0,281.893592025459,5004.726987406173
33.800000000000004,12.659999999999837,0.0,282.52659220658745,5004.764914765516
33.85,12.659999999999837,0.0,283.15959238771586,5004.802842124858
33.9,12.659999999999837,0.0,283.7925925688443,5004.840769484201
33.95,12.659999999999837,0.0,284.42559274997274,5004.878696843543
34.0,12.659999999999837,0.0,285.0585929311012,5004.916624202886
34.050000000000004,12.659999999999837,0.0,285.6915931122296,5004.9545515622285
34.1,12.659999999999837,0.0,286.3245932933581,5004.992478921571
34.15,12.659999999999837,0.0,286.9575934744865,5005.030406280914
34.2,12.659999999999837,0.0,287.59059365561495,5005.068333640256
34.25,12.659999999999837,0.0,288.22359383674336,5005.106260999599
34.300000000000004,12.659999999999837,0.0,288.8565940178718,5005.144188358941
34.35,12.659999999999837,0.0,289.48959419900024,5005.182115718284
34.4,12.659999999999837,0.0,290.1225943801287,5005.2200430776265
34.45,12.659999999999837,0.0,290.7555945612571,5005.257970436969
34.5,12.659999999999837,0.0,291.3885947423855,5005.295897796312
34.550000000000004,12.659999999999837,0.0,292.021594923514,5005.333825155654
34.6,12.659999999999837,0.0,292.6545951046424,5005.371752514997
34.65,12.659999999999837,0.0,293.28759528577086,5005.409679874339
34.7,12.659999999999837,0.0,293.9205954668993,5005.447607233682
34.75,12.659999999999837,0.0,294.55359564802774,5005.485534593025
34.800000000000004,12.659999999999837,0.0,295.18659582915615,5005.523461952367
34.85,12.659999999999837,0.0,295.8195960102846,5005.56138931171
34.9,12.659999999999837,0.0,296.452596191413,5005.599316671052
34.95,12.659999999999837,0.0,297.0855963725415,5005.637244030395
35.0,12.659999999999837,0.0,297.7185965536699,5005.675171389737
35.050000000000004,12.659999999999837,0.0,298.35159673479836,5005.71309874908
35.1,12.659999999999837,0.0,298.9845969159268,5005.751026108423
35.15,12.659999999999837,0.0,299.61759709705524,5005.788953467765
35.2,12.659999999999837,0.0,300.25059727818365,5005.826880827108
35.25,12.659999999999837,0.0,300.8835974593121,5005.86480818645
35.300000000000004,12.659999999999837,0.0,301.5165976404405,5005.902735545793
35.35,12.659999999999837,0.0,302.149597821569,5005.9406629051355
35.4,12.659999999999837,0.0,302.7825980026974,5005.978590264478
35.45,12.659999999999837,0.0,303.41559818382586,5006.016517623821
35.5,12.659999999999837,0.0,304.0485983649543,5006.054444983163
35.550000000000004,12.659999999999837,0.0,304.68159854608274,5006.092372342506
35.6,12.659999999999837,0.0,305.31459872721115,5006.130299701848
35.65,12.659999999999837,0.0,305.9475989083396,5006.168227061191
35.7,12.659999999999837,0.0,306.580599089468,5006.2061544205335
35.75,12.659999999999837,0.0,307.2135992705965,5006.244081779876
35.800000000000004,12.659999999999837,0.0,307.8465994517249,5006.282009139219
35.85,12.659999999999837,0.0,308.47959963285336,5006.319936498561
35.9,12.659999999999837,0.0,309.1125998139818,5006.357863857904
35.95,12.659999999999837,0.0,309.74559999511024,5006.395791217246
36.0,12.659999999999837,0.0,310.37860017623865,5006.433718576589
36.050000000000004,12.659999999999837,0.0,311.01160035736706,5006.4716459359315
36.1,12.659999999999837,0.0,311.6446005384955,5006.509573295274
36.15,12.659999999999837,0.0,312.27760071962393,5006.547500654617
36.2,12.659999999999837,0.0,312.9106009007524,5006.585428013959
36.25,12.659999999999837,0.0,313.5436010818808,5006.623355373302
36.300000000000004,12.659999999999837,0.0,314.1766012630093,5006.661282732644
36.35,12.659999999999837,0.0,314.8096014441377,5006.699210091987
36.4,12.659999999999837,0.0,315.44260162526615,5006.7371374513295
36.45,12.659999999999837,0.0,316.07560180639456,5006.775064810672
36.5,12.659999999999837,0.0,316.708601987523,5006.812992170015
36.550000000000004,12.659999999999837,0.0,317.34160216865143,5006.850919529357
36.6,12.659999999999837,0.0,317.9746023497799,5006.8888468887
36.65,12.659999999999837,0.0,318.6076025309083,5006.926774248042
36.7,12.659999999999837,0.0,319.2406027120368,5006.964701607385
36.75,12.659999999999837,0.0,319.8736028931652,5007.002628966728
36.800000000000004,12.659999999999837,0.0,320.50660307429365,5007.04055632607
36.85,12.659999999999837,0.0,321.13960325542206,5007.078483685413
36.9,12.659999999999837,0.0,321.7726034365505,5007.116411044755
36.95,12.659999999999837,0.0,322.40560361767893,5007.154338404098
37.0,12.659999999999837,0.0,323.0386037988074,5007.19226576344
37.050000000000004,12.659999999999837,0.0,323.6716039799358,5007.230193122783
37.1,12.659999999999837,0.0,324.3046041610643,5007.268120482126
37.15,12.659999999999837,0.0,324.9376043421927,5007.306047841468
37.2,12.659999999999837,0.0,325.57060452332115,5007.343975200811
37.25,12.659999999999837,0.0,326.20360470444956,5007.381902560153
37.300000000000004,12.659999999999837,0.0,326.836604885578,5007.419829919496
37.35,12.659999999999837,0.0,327.46960506670644,5007.4577572788385
37.4,12.659999999999837,0.0,328.1026052478349,5007.495684638181
37.45,12.659999999999837,0.0,328.7356054289633,5007.533611997524
37.5,12.659999999999837,0.0,329.3686056100917,5007.571539356866
37.550000000000004,12.659999999999837,0.0,330.0016057912202,5007.609466716209
37.6,12.659999999999837,0.0,330.6346059723486,5007.647394075551
37.65,12.659999999999837,0.0,331.26760615347706,5007.685321434894
37.7,12.659999999999837,0.0,331.90060633460547,5007.7232487942365
37.75,12.659999999999837,0.0,332.53360651573394,5007.761176153579
37.800000000000004,12.659999999999837,0.0,333.16660669686235,5007.799103512922
37.85,12.659999999999837,0.0,333.7996068779908,5007.837030872264
37.9,12.659999999999837,0.0,334.4326070591192,5007.874958231607
37.95,12.659999999999837,0.0,335.0656072402477,5007.912885590949
38.0,12.659999999999837,0.0,335.6986074213761,5007.950812950292
38.050000000000004,12.659999999999837,0.0,336.33160760250456,5007.9887403096345
38.1,12.659999999999837,0.0,336.96460778363297,5008.026667668977
38.15,12.659999999999837,0.0,337.59760796476144,5008.06459502832
38.2,12.659999999999837,0.0,338.23060814588985,5008.102522387662
38.25,12.659999999999837,0.0,338.8636083270183,5008.140449747005
38.300000000000004,12.659999999999837,0.0,339.4966085081467,5008.178377106347
38.35,12.659999999999837,0.0,340.1296086892752,5008.21630446569
38.400000000000006,12.659999999999837,0.0,340.7626088704036,5008.254231825033
38.45,12.659999999999837,0.0,341.39560905153206,5008.292159184375
38.5,12.659999999999837,0.0,342.0286092326605,5008.330086543718
38.550000000000004,12.659999999999837,0.0,342.66160941378894,5008.36801390306
38.6,12.659999999999837,0.0,343.29460959491735,5008.405941262403
38.650000000000006,12.659999999999837,0.0,343.9276097760458,5008.443868621745
38.7,12.659999999999837,0.0,344.5606099571742,5008.481795981088
38.75,12.659999999999837,0.0,345.1936101383027,5008.519723340431
38.800000000000004,12.659999999999837,0.0,345.8266103194311,5008.557650699773
38.85,12.659999999999837,0.0,346.45961050055956,5008.595578059116
38.900000000000006,12.659999999999837,0.0,347.092610681688,5008.633505418458
38.95,12.659999999999837,0.0,347.72561086281644,5008.671432777801
39.0,12.659999999999837,0.0,348.35861104394485,5008.709360137143
39.050000000000004,12.659999999999837,0.0,348.99161122507326,5008.747287496486
39.1,12.659999999999837,0.0,349.6246114062017,5008.785214855829
39.150000000000006,12.659999999999837,0.0,350.25761158733013,5008.823142215171
39.2,12.659999999999837,0.0,350.8906117684586,5008.861069574514
39.25,12.659999999999837,0.0,351.523611949587,5008.898996933856
39.300000000000004,12.659999999999837,0.0,352.1566121307155,5008.936924293199
39.35,12.659999999999837,0.0,352.7896123118439,5008.9748516525415
39.400000000000006,12.659999999999837,0.0,353.42261249297235,5009.012779011884
39.45,12.659999999999837,0.0,354.05561267410076,5009.050706371227
39.5,12.659999999999837,0.0,354.6886128552292,5009.088633730569
39.550000000000004,12.659999999999837,0.0,355.32161303635763,5009.126561089912
39.6,12.659999999999837,0.0,355.9546132174861,5009.164488449254
39.650000000000006,12.659999999999837,0.0,356.5876133986145,5009.202415808597
39.7,12.659999999999837,0.0,357.220613579743,5009.2403431679395
39.75,12.659999999999837,0.0,357.8536137608714,5009.278270527282
39.800000000000004,12.659999999999837,0.0,358.48661394199985,5009.316197886625
39.85,12.659999999999837,0.0,359.11961412312826,5009.354125245967
39.900000000000006,12.659999999999837,0.0,359.7526143042567,5009.39205260531
39.95,12.659999999999837,0.0,360.38561448538513,5009.429979964652
40.0,12.659999999999837,0.0,361.0186146665136,5009.467907323995
40.050000000000004,12.659999999999837,0.0,361.651614847642,5009.5058346833375
40.1,12.659999999999837,0.0,362.2846150287705,5009.54376204268
40.150000000000006,12.659999999999837,0.0,362.9176152098989,5009.581689402023
40.2,12.659999999999837,0.0,363.55061539102735,5009.619616761365
40.25,12.659999999999837,0.0,364.18361557215576,5009.657544120708
40.300000000000004,12.659999999999837,0.0,364.8166157532842,5009.69547148005
40.35,12.659999999999837,0.0,365.44961593441263,5009.733398839393
40.400000000000006,12.659999999999837,0.0,366.0826161155411,5009.771326198736
40.45,12.659999999999837,0.0,366.7156162966695,5009.809253558078
40.5,12.659999999999837,0.0,367.348616477798,5009.847180917421
40.550000000000004,12.659999999999837,0.0,367.9816166589264,5009.885108276763
40.6,12.659999999999837,0.0,368.6146168400548,5009.923035636106
40.650000000000006,12.659999999999837,0.0,369.24761702118326,5009.960962995448
40.7,12.659999999999837,0.0,369.88061720231167,5009.998890354791
40.75,12.659999999999837,0.0,370.51361738344013,5010.036817714134
40.800000000000004,12.659999999999837,0.0,371.14661756456854,5010.074745073476
40.85,12.659999999999837,0.0,371.779617745697,5010.112672432819
40.900000000000006,12.659999999999837,0.0,372.4126179268254,5010.150599792161
40.95,12.659999999999837,0.0,373.0456181079539,5010.188527151504
41.0,12.659999999999837,0.0,373.6786182890823,5010.226454510846
41.050000000000004,12.659999999999837,0.0,374.31161847021076,5010.264381870189
41.1,12.659999999999837,0.0,374.94461865133917,5010.302309229532
41.150000000000006,12.659999999999837,0.0,375.57761883246764,5010.340236588874
41.2,12.659999999999837,0.0,376.21061901359604,5010.378163948217
41.25,12.659999999999837,0.0,376.8436191947245,5010.416091307559
41.300000000000004,12.659999999999837,0.0,377.4766193758529,5010.454018666902
41.35,12.659999999999837,0.0,378.1096195569814,5010.4919460262445
41.400000000000006,12.659999999999837,0.0,378.7426197381098,5010.529873385587
41.45,12.659999999999837,0.0,379.37561991923826,5010.56780074493
41.5,12.659999999999837,0.0,380.00862010036667,5010.605728104272
41.550000000000004,12.659999999999837,0.0,380.64162028149514,5010.643655463615
41.6,12.659999999999837,0.0,381.27462046262355,5010.681582822957
41.650000000000006,12.659999999999837,0.0,381.907620643752,5010.7195101823
41.7,12.659999999999837,0.0,382.5406208248804,5010.7574375416425
41.75,12.659999999999837,0.0,383.1736210060089,5010.795364900985
41.800000000000004,12.659999999999837,0.0,383.8066211871373,5010.833292260328
41.85,12.659999999999837,0.0,384.43962136826576,5010.87121961967
41.900000000000006,12.659999999999837,0.0,385.07262154939417,5010.909146979013
41.95,12.659999999999837,0.0,385.70562173052264,5010.947074338355
42.0,12.659999999999837,0.0,386.33862191165105,5010.985001697698
42.050000000000004,12.659999999999837,0.0,386.9716220927795,5011.0229290570405
42.1,12.659999999999837,0.0,387.6046222739079,5011.060856416383
42.150000000000006,12.659999999999837,0.0,388.23762245503633,5011.098783775726
42.2,12.659999999999837,0.0,388.8706226361648,5011.136711135068
42.25,12.659999999999837,0.0,389.5036228172932,5011.174638494411
42.300000000000004,12.659999999999837,0.0,390.1366229984217,5011.212565853753
42.35,12.659999999999837,0.0,390.7696231795501,5011.250493213096
42.400000000000006,12.659999999999837,0.0,391.40262336067855,5011.288420572439
42.45,12.659999999999837,0.0,392.03562354180696,5011.326347931781
42.5,12.659999999999837,0.0,392.6686237229354,5011.364275291124
42.550000000000004,12.659999999999837,0.0,393.30162390406383,5011.402202650466
42.6,12.659999999999837,0.0,393.9346240851923,5011.440130009809
42.650000000000006,12.659999999999837,0.0,394.5676242663207,5011.478057369151
42.7,12.659999999999837,0.0,395.2006244474492,5011.515984728494
42.75,12.659999999999837,0.0,395.8336246285776,5011.553912087837
42.800000000000004,12.659999999999837,0.0,396.46662480970605,5011.591839447179
42.85,12.659999999999837,0.0,397.09962499083446,5011.629766806522
42.900000000000006,12.659999999999837,0.0,397.7326251719629,5011.667694165864
42.95,12.659999999999837,0.0,398.36562535309133,5011.705621525207
43.0,12.659999999999837,0.0,398.9986255342198,5011.743548884549
43.050000000000004,12.659999999999837,0.0,399.6316257153482,5011.781476243892
43.1,12.659999999999837,0.0,400.2646258964767,5011.819403603235
43.150000000000006,12.659999999999837,0.0,400.8976260776051,5011.857330962577
43.2,12.659999999999837,0.0,401.53062625873355,5011.89525832192
43.25,12.659999999999837,0.0,402.16362643986196,5011.933185681262
43.300000000000004,12.659999999999837,0.0,402.7966266209904,5011.971113040605
43.35,12.659999999999837,0.0,403.42962680211883,5012.0090403999475
43.400000000000006,12.659999999999837,0.0,404.0626269832473,5012.04696775929
43.45,12.659999999999837,0.0,404.6956271643757,5012.084895118633
43.5,12.659999999999837,0.0,405.3286273455042,5012.122822477975
43.550000000000004,12.659999999999837,0.0,405.9616275266326,5012.160749837318
43.6,12.659999999999837,0.0,406.59462770776105,5012.19867719666
43.650000000000006,12.659999999999837,0.0,407.22762788888946,5012.236604556003
43.7,12.659999999999837,0.0,407.86062807001787,5012.2745319153455
43.75,12.659999999999837,0.0,408.49362825114633,5012.312459274688
43.800000000000004,12.659999999999837,0.0,409.12662843227474,5012.350386634031
43.85,12.659999999999837,0.0,409.7596286134032,5012.388313993373
43.900000000000006,12.659999999999837,0.0,410.3926287945316,5012.426241352716
43.95,12.659999999999837,0.0,411.0256289756601,5012.464168712058
44.0,12.659999999999837,0.0,411.6586291567885,5012.502096071401
44.050000000000004,12.659999999999837,0.0,412.29162933791696,5012.5400234307435
44.1,12.659999999999837,0.0,412.92462951904537,5012.577950790086
44.150000000000006,12.659999999999837,0.0,413.55762970017383,5012.615878149429
44.2,12.659999999999837,0.0,414.19062988130224,5012.653805508771
44.25,12.659999999999837,0.0,414.8236300624307,5012.691732868114
44.300000000000004,12.659999999999837,0.0,415.4566302435591,5012.729660227456
44.35,12.659999999999837,0.0,416.0896304246876,5012.767587586799
44.400000000000006,12.659999999999837,0.0,416.722630605816,5012.805514946142
44.45,12.659999999999837,0.0,417.35563078694446,5012.843442305484
44.5,12.659999999999837,0.0,417.98863096807287,5012.881369664827
44.550000000000004,12.659999999999837,0.0,418.62163114920133,5012.919297024169
44.6,12.659999999999837,0.0,419.25463133032974,5012.957224383512
44.650000000000006,12.659999999999837,0.0,419.8876315114582,5012.995151742854
44.7,12.659999999999837,0.0,420.5206316925866,5013.033079102197
44.75,12.659999999999837,0.0,421.1536318737151,5013.07100646154
44.800000000000004,12.659999999999837,0.0,421.7866320548435,5013.108933820882
44.85,12.659999999999837,0.0,422.41963223597196,5013.146861180225
44.900000000000006,12.659999999999837,0.0,423.05263241710037,5013.184788539567
44.95,12.659999999999837,0.0,423.68563259822884,5013.22271589891
45.0,12.659999999999837,0.0,424.31863277935724,5013.2606432582525
45.050000000000004,12.659999999999837,0.0,424.9516329604857,5013.298570617595
45.1,12.659999999999837,0.0,425.5846331416141,5013.336497976938
45.150000000000006,12.659999999999837,0.0,426.21763332274253,5013.37442533628
45.2,12.659999999999837,0.0,426.850633503871,5013.412352695623
45.25,12.659999999999837,0.0,427.4836336849994,5013.450280054965
45.300000000000004,12.659999999999837,0.0,428.11663386612787,5013.488207414308
45.35,12.659999999999837,0.0,428.7496340472563,5013.5261347736505
45.400000000000006,12.659999999999837,0.0,429.38263422838475,5013.564062132993
45.45,12.659999999999837,0.0,430.01563440951315,5013.601989492336
45.5,12.659999999999837,0.0,430.6486345906416,5013.639916851678
45.550000000000004,12.659999999999837,0.0,431.28163477177003,5013.677844211021
45.6,12.659999999999837,0.0,431.9146349528985,5013.715771570363
45.650000000000006,12.659999999999837,0.0,432.5476351340269,5013.753698929706
45.7,12.659999999999837,0.0,433.18063531515537,5013.7916262890485
45.75,12.659999999999837,0.0,433.8136354962838,5013.829553648391
45.800000000000004,12.659999999999837,0.0,434.44663567741225,5013.867481007734
45.85,12.659999999999837,0.0,435.07963585854066,5013.905408367076
45.900000000000006,12.659999999999837,0.0,435.7126360396691,5013.943335726419
45.95,12.659999999999837,0.0,436.34563622079753,5013.981263085761
46.0,12.659999999999837,0.0,436.978636401926,5014.019190445104
46.050000000000004,12.659999999999837,0.0,437.6116365830544,5014.0571178044465
46.1,12.659999999999837,0.0,438.24463676418287,5014.095045163789
46.150000000000006,12.659999999999837,0.0,438.8776369453113,5014.132972523132
46.2,12.659999999999837,0.0,439.51063712643975,5014.170899882474
46.25,12.659999999999837,0.0,440.14363730756816,5014.208827241817
46.300000000000004,12.659999999999837,0.0,440.7766374886966,5014.246754601159
46.35,12.659999999999837,0.0,441.40963766982503,5014.284681960502
46.400000000000006,12.659999999999837,0.0,442.0426378509535,5014.322609319845
46.45,12.659999999999837,0.0,442.6756380320819,5014.360536679187
46.5,12.659999999999837,0.0,443.3086382132104,5014.39846403853
46.550000000000004,12.659999999999837,0.0,443.9416383943388,5014.436391397872
46.6,12.659999999999837,0.0,444.57463857546725,5014.474318757215
46.650000000000006,12.659999999999837,0.0,445.20763875659566,5014.512246116557
46.7,12.659999999999837,0.0,445.84063893772407,5014.5501734759
46.75,12.659999999999837,0.0,446.47363911885253,5014.588100835243
46.800000000000004,12.659999999999837,0.0,447.10663929998094,5014.626028194585
46.85,12.659999999999837,0.0,447.7396394811094,5014.663955553928
46.900000000000006,12.659999999999837,0.0,448.3726396622378,5014.70188291327
46.95,12.659999999999837,0.0,449.0056398433663,5014.739810272613
47.0,12.659999999999837,0.0,449.6386400244947,5014.7777376319555
47.050000000000004,12.659999999999837,0.0,450.27164020562316,5014.815664991298
47.1,12.659999999999837,0.0,450.90464038675157,5014.853592350641
47.150000000000006,12.659999999999837,0.0,451.53764056788003,5014.891519709983
47.2,12.659999999999837,0.0,452.17064074900844,5014.929447069326
47.25,12.659999999999837,0.0,452.8036409301369,5014.967374428668
47.300000000000004,12.659999999999837,0.0,453.4366411112653,5015.005301788011
47.35,12.659999999999837,0.0,454.0696412923938,5015.0432291473535
47.400000000000006,12.659999999999837,0.0,454.7026414735222,5015.081156506696
47.45,12.659999999999837,0.0,455.33564165465066,5015.119083866039
47.5,12.659999999999837,0.0,455.96864183577907,5015.157011225381
47.550000000000004,12.659999999999837,0.0,456.60164201690753,5015.194938584724
47.6,12.659999999999837,0.0,457.23464219803594,5015.232865944066
47.650000000000006,12.659999999999837,0.0,457.8676423791644,5015.270793303409
47.7,12.659999999999837,0.0,458.5006425602928,5015.3087206627515
47.75,12.659999999999837,0.0,459.1336427414213,5015.346648022094
47.800000000000004,12.659999999999837,0.0,459.7666429225497,5015.942965670982
47.85,12.659999999999837,0.0,460.39964310367816,5016.539288565078
47.900000000000006,12.659999999999837,0.0,461.03264328480657,5017.1769482340005
47.95,12.659999999999837,0.0,461.66564346593503,5017.865633055129
48.0,12.659999999999837,0.0,462.29864364706344,5018.638441964546
48.050000000000004,12.659999999999837,0.0,462.9316438281919,5019.507738396087
48.1,12.659999999999837,0.0,463.5646440093203,5020.488853260436
48.150000000000006,12.659999999999837,0.0,464.1976441904488,5021.69818095819
48.2,12.659999999999837,0.0,464.8306443715772,5022.988842054763
48.25,12.659999999999837,0.0,465.4636445527056,5024.454044624725
48.300000000000004,12.659999999999837,0.0,466.09664473383407,5026.158381387153
48.35,12.659999999999837,0.0,466.7296449149625,5028.0567828859475
48.400000000000006,12.659999999999837,0.0,467.36264509609094,5030.044085785308
48.45,12.659999999999837,0.0,467.99564527721935,5032.092773958602
48.5,12.659999999999837,0.0,468.6286454583478,5034.199326559463
48.550000000000004,12.659999999999837,0.0,469.2616456394762,5036.348115965286
48.6,12.659999999999837,0.0,469.8946458206047,5038.5577540840295
48.650000000000006,12.659999999999837,0.0,470.5276460017331,5040.90605620996
48.7,12.659999999999837,0.0,471.16064618286157,5043.493473097244
48.75,12.659999999999837,0.0,471.79364636399,5046.135442301193
48.800000000000004,12.659999999999837,0.0,472.42664654511844,5048.587504431167
48.85,12.659999999999837,0.0,473.05964672624685,5050.883940025726
48.900000000000006,12.659999999999837,0.0,473.6926469073753,5052.554852649131
48.95,12.659999999999837,0.0,474.32564708850373,5054.569013997474
49.0,12.659999999999837,0.0,474.9586472696322,5056.990600510993
49.050000000000004,12.659999999999837,0.0,475.5916474507606,5059.593973084846
49.1,12.659999999999837,0.0,476.22464763188907,5062.146881028571
49.150000000000006,12.659999999999837,0.0,476.8576478130175,5064.712243243614
49.2,12.659999999999837,0.0,477.49064799414595,5067.287182971397
49.25,12.659999999999837,0.0,478.12364817527435,5071.053611680427
49.300000000000004,12.659999999999837,0.0,478.7566483564028,5074.531168862739
49.35,12.659999999999837,0.0,479.38964853753123,5077.748246117988
49.400000000000006,12.659999999999837,0.0,480.0226487186597,5080.85751001493
49.45,12.659999999999837,0.0,480.6556488997881,5084.059892817893
49.5,12.659999999999837,0.0,481.28864908091657,5087.312388345161
49.550000000000004,12.659999999999837,0.0,481.921649262045,5090.4666179861215
49.6,12.659999999999837,0.0,482.55464944317345,5093.827473088661
49.650000000000006,12.659999999999837,0.0,483.18764962430186,5097.266961261192
49.7,12.659999999999837,0.0,483.8206498054303,5100.775093003669
49.75,12.659999999999837,0.0,484.45364998655873,5104.42303864614
49.800000000000004,12.659999999999837,0.0,485.08665016768714,5108.254307433524
49.85,12.659999999999837,0.0,485.7196503488156,5112.263160392204
49.900000000000006,12.659999999999837,0.0,486.352650529944,5116.198426886955
49.95,12.659999999999837,0.0,486.9856507110725,5120.124311372199
50.0,12.659999999999837,0.0,487.6186508922009,5124.218549176612
50.050000000000004,12.659999999999837,0.0,488.25165107332936,5128.586673661628
50.1,12.659999999999837,0.0,488.88465125445776,5133.161534234443
50.150000000000006,12.659999999999837,0.0,489.51765143558623,5137.642274781623
50.2,12.659999999999837,0.0,490.15065161671464,5141.88533537046
50.25,12.659999999999837,0.0,490.7836517978431,5145.929262563148
50.300000000000004,12.659999999999837,0.0,491.4166519789715,5149.777181312003
50.35,12.659999999999837,0.0,492.0496521601,5154.145325347343
50.400000000000006,12.659999999999837,0.0,492.6826523412284,5158.513469382682
50.45,12.659999999999837,0.0,493.31565252235686,5162.8816134180215
50.5,12.659999999999837,0.0,493.94865270348527,5167.249757453361
50.550000000000004,12.659999999999837,0.0,494.58165288461373,5171.6179014887
50.6,12.659999999999837,0.0,495.21465306574214,5175.98604552404
50.650000000000006,12.659999999999837,0.0,495.8476532468706,5180.354189559379
50.7,12.659999999999837,0.0,496.480653427999,5184.722333594718
50.75,12.659999999999837,0.0,497.1136536091275,5189.090477630058
50.800000000000004,12.659999999999837,0.0,497.7466537902559,5193.458621665397
50.85,12.659999999999837,0.0,498.37965397138436,5197.826765700736
50.900000000000006,12.659999999999837,0.0,499.01265415251277,5202.194909736076
50.95,12.659999999999837,0.0,499.64565433364123,5206.563053771415
51.0,12.659999999999837,0.0,500.27865451476964,5210.931197806754
51.050000000000004,12.659999999999837,0.0,500.9116546958981,5215.299341842094
51.1,12.659999999999837,0.0,501.5446548770265,5219.667485877433
51.150000000000006,12.659999999999837,0.0,502.177655058155,5224.0356299127725
51.2,12.659999999999837,0.0,502.8106552392834,5228.403773948112
51.25,12.659999999999837,0.0,503.44365542041186,5232.771917983451
51.300000000000004,12.659999999999837,0.0,504.07665560154027,5237.140062018791
51.35,12.659999999999837,0.0,504.7096557826687,5241.50820605413
51.400000000000006,12.659999999999837,0.0,505.34265596379714,5245.876350089469
51.45,12.659999999999837,0.0,505.97565614492555,5250.244494124809
51.5,12.659999999999837,0.0,506.608656326054,5254.612638160148
51.550000000000004,12.659999999999837,0.0,507.2416565071824,5258.980782195487
51.6,12.659999999999837,0.0,507.8746566883109,5263.348926230827
51.650000000000006,12.659999999999837,0.0,508.5076568694393,5267.717070266166
51.7,12.659999999999837,0.0,509.14065705056777,5272.085214301505
51.75,12.659999999999837,0.0,509.7736572316962,5276.453358336845
51.800000000000004,12.659999999999837,0.0,510.40665741282464,5280.821502372184
51.85,12.659999999999837,0.0,511.03965759395305,5285.1896464075235
51.900000000000006,12.659999999999837,0.0,511.6726577750815,5289.557790442863
51.95,12.659999999999837,0.0,512.30565795621,5293.925934478202
52.0,12.659999999999837,0.0,512.9386581373384,5298.2940785135415
52.050000000000004,12.659999999999837,0.0,513.5716583184669,5302.662222548881
52.1,12.659999999999837,0.0,514.2046584995954,5307.03036658422
52.150000000000006,12.659999999999837,0.0,514.837658680724,5311.39851061956
52.2,12.659999999999837,0.0,515.4706588618524,5315.766654654899
52.25,12.659999999999837,0.0,516.1036590429809,5320.134798690238
52.300000000000004,12.659999999999837,0.0,516.7366592241094,5324.502942725578
52.35,12.659999999999837,0.0,517.3696594052379,5328.871086760917
52.400000000000006,12.659999999999837,0.0,518.0026595863663,5333.239230796256
52.45,12.659999999999837,0.0,518.6356597674949,5337.607374831596
52.5,12.659999999999837,0.0,519.2686599486234,5341.975518866935
52.550000000000004,12.659999999999837,0.0,519.9016601297519,5346.343662902274
52.6,12.659999999999837,0.0,520.5346603108803,5350.711806937614
52.650000000000006,12.659999999999837,0.0,521.1676604920088,5355.079950972953
52.7,12.659999999999837,0.0,521.8006606731374,5359.4480950082925
52.75,12.659999999999837,0.0,522.4336608542659,5363.816239043632
52.800000000000004,12.659999999999837,0.0,523.0666610353943,5368.184383078971
52.85,12.659999999999837,0.0,523.6996612165228,5372.552527114311
52.900000000000006,12.659999999999837,0.0,524.3326613976513,5376.92067114965
52.95,12.659999999999837,0.0,524.9656615787798,5381.288815184989
53.0,12.659999999999837,0.0,525.5986617599083,5385.656959220329
53.050000000000004,12.659999999999837,0.0,526.2316619410368,5390.025103255668
53.1,12.659999999999837,0.0,526.8646621221653,5394.393247291007
53.150000000000006,12.659999999999837,0.0,527.4976623032937,5398.761391326347
53.2,12.659999999999837,0.0,528.1306624844223,5403.129535361686
53.25,12.659999999999837,0.0,528.7636626655508,5407.497679397025
53.300000000000004,12.659999999999837,0.0,529.3966628466793,5411.865823432365
53.35,12.659999999999837,0.0,530.0296630278077,5416.233967467704
53.400000000000006,12.659999999999837,0.0,530.6626632089362,5420.6021115030435
53.45,12.659999999999837,0.0,531.2956633900648,5424.970255538383
53.5,12.659999999999837,0.0,531.9286635711933,5429.338399573722
53.550000000000004,12.659999999999837,0.0,532.5616637523217,5433.706543609062
53.6,12.659999999999837,0.0,533.1946639334502,5438.074687644401
53.650000000000006,12.659999999999837,0.0,533.8276641145787,5442.44283167974
53.7,12.659999999999837,0.0,534.4606642957073,5446.81097571508
53.75,12.659999999999837,0.0,535.0936644768357,5451.179119750419
53.800000000000004,12.659999999999837,0.0,535.7266646579642,5455.547263785758
53.85,12.659999999999837,0.0,536.3596648390927,5459.915407821098
53.900000000000006,12.659999999999837,0.0,536.9926650202212,5464.283551856437
53.95,12.659999999999837,0.0,537.6256652013496,5468.651695891776
54.0,12.659999999999837,0.0,538.2586653824782,5473.019839927116
54.050000000000004,12.659999999999837,0.0,538.8916655636067,5477.387983962455
54.1,12.659999999999837,0.0,539.5246657447352,5481.7561279977945
54.150000000000006,12.659999999999837,0.0,540.1576659258636,5486.124272033134
54.2,12.659999999999837,0.0,540.7906661069921,5490.492416068473
54.25,12.659999999999837,0.0,541.4236662881207,5494.8605601038125
54.300000000000004,12.659999999999837,0.0,542.0566664692492,5499.228704139152
54.35,12.659999999999837,0.0,542.6896666503776,5503.596848174491
54.400000000000006,12.659999999999837,0.0,543.3226668315061,5507.964992209831
54.45,12.659999999999837,0.0,543.9556670126346,5512.33313624517
54.5,12.659999999999837,0.0,544.5886671937631,5516.701280280509
54.550000000000004,12.659999999999837,0.0,545.2216673748916,5521.069424315849
54.6,12.659999999999837,0.0,545.8546675560201,5525.437568351188
54.650000000000006,12.659999999999837,0.0,546.4876677371486,5529.805712386527
54.7,12.659999999999837,0.0,547.120667918277,5534.173856421867
54.75,12.659999999999837,0.0,547.7536680994056,5538.542000457206
54.800000000000004,12.659999999999837,0.0,548.3866682805341,5542.910144492545
54.85,12.659999999999837,0.0,549.0196684616626,5547.278288527885
54.900000000000006,12.659999999999837,0.0,549.652668642791,5551.646432563224
54.95,12.659999999999837,0.0,550.2856688239195,5556.0145765985635
55.0,12.659999999999837,0.0,550.9186690050481,5560.382720633903
55.050000000000004,12.659999999999837,0.0,551.5516691861766,5564.750864669242
55.1,12.659999999999837,0.0,552.184669367305,5569.119008704582
55.150000000000006,12.659999999999837,0.0,552.8176695484335,5573.487152739921
55.2,12.659999999999837,0.0,553.450669729562,5577.85529677526
55.25,12.659999999999837,0.0,554.0836699106906,5582.2234408106
55.300000000000004,12.659999999999837,0.0,554.716670091819,5586.591584845939
55.35,12.659999999999837,0.0,555.3496702729475,5590.959728881278
55.400000000000006,12.659999999999837,0.0,555.982670454076,5595.327872916618
55.45,12.659999999999837,0.0,556.6156706352045,5599.696016951957
55.5,12.659999999999837,0.0,557.248670816333,5604.064160987296
55.550000000000004,12.659999999999837,0.0,557.8816709974615,5608.432305022636
55.6,12.659999999999837,0.0,558.51467117859,5612.800449057975
55.650000000000006,12.659999999999837,0.0,559.1476713597185,5617.1685930933145
55.7,12.659999999999837,0.0,559.7806715408469,5621.536737128654
55.75,12.659999999999837,0.0,560.4136717219754,5625.904881163993
55.800000000000004,12.659999999999837,0.0,561.046671903104,5630.273025199333
55.85,12.659999999999837,0.0,561.6796720842324,5634.641169234672
55.900000000000006,12.659999999999837,0.0,562.3126722653609,5639.009313270011
55.95,12.659999999999837,0.0,562.9456724464894,5643.377457305351
56.0,12.659999999999837,0.0,563.578672627618,5647.74560134069
56.050000000000004,12.659999999999837,0.0,564.2116728087464,5652.113745376029
56.1,12.659999999999837,0.0,564.8446729898749,5656.481889411369
56.150000000000006,12.659999999999837,0.0,565.4776731710034,5660.850033446708
56.2,12.659999999999837,0.0,566.1106733521319,5665.218177482047
56.25,12.659999999999837,0.0,566.7436735332603,5669.586321517387
56.300000000000004,12.659999999999837,0.0,567.3766737143889,5673.954465552726
56.35,12.659999999999837,0.0,568.0096738955174,5678.3226095880655
56.400000000000006,12.659999999999837,0.0,568.6426740766459,5682.690753623405
56.45,12.659999999999837,0.0,569.2756742577743,5687.058897658744
56.5,12.659999999999837,0.0,569.9086744389028,5691.4270416940835
56.550000000000004,12.659999999999837,0.0,570.5416746200314,5695.795185729423
56.6,12.659999999999837,0.0,571.1746748011599,5700.163329764762
56.650000000000006,12.659999999999837,0.0,571.8076749822883,5704.531473800102
56.7,12.659999999999837,0.0,572.4406751634168,5708.899617835441
56.75,12.659999999999837,0.0,573.0736753445453,5713.26776187078
56.800000000000004,12.659999999999837,0.0,573.7066755256739,5717.63590590612
56.85,12.659999999999837,0.0,574.3396757068023,5722.004049941459
56.900000000000006,12.659999999999837,0.0,574.9726758879308,5726.372193976798
56.95,12.659999999999837,0.0,575.6056760690593,5730.740338012138
57.0,12.659999999999837,0.0,576.2386762501878,5735.108482047477
57.050000000000004,12.659999999999837,0.0,576.8716764313162,5739.476626082816
57.1,12.659999999999837,0.0,577.5046766124448,5743.844770118156
57.150000000000006,12.659999999999837,0.0,578.1376767935733,5748.212914153495
57.2,12.659999999999837,0.0,578.7706769747018,5752.5810581888345
57.25,12.659999999999837,0.0,579.4036771558302,5756.949202224174
57.300000000000004,12.659999999999837,0.0,580.0366773369587,5761.317346259513
57.35,12.659999999999837,0.0,580.6696775180873,5765.685490294853
57.400000000000006,12.659999999999837,0.0,581.3026776992157,5770.053634330192
57.45,12.659999999999837,0.0,581.9356778803442,5774.421778365531
57.5,12.659999999999837,0.0,582.5686780614727,5778.789922400871
57.550000000000004,12.659999999999837,0.0,583.2016782426012,5783.15806643621
57.6,12.659999999999837,0.0,583.8346784237297,5787.526210471549
57.650000000000006,12.659999999999837,0.0,584.4676786048582,5791.894354506889
57.7,12.659999999999837,0.0,585.1006787859867,5796.262498542228
57.75,12.659999999999837,0.0,585.7336789671152,5800.630642577567
57.800000000000004,12.659999999999837,0.0,586.3666791482436,5804.998786612907
57.85,12.659999999999837,0.0,586.9996793293722,5809.366930648246
57.900000000000006,12.659999999999837,0.0,587.6326795105007,5813.7350746835855
57.95,12.659999999999837,0.0,588.2656796916292,5818.103218718925
58.0,12.659999999999837,0.0,588.8986798727576,5822.471362754264
58.050000000000004,12.659999999999837,0.0,589.5316800538861,5826.839506789604
58.1,12.659999999999837,0.0,590.1646802350147,5831.207650824943
58.150000000000006,12.659999999999837,0.0,590.7976804161432,5835.575794860282
58.2,12.659999999999837,0.0,591.4306805972716,5839.943938895622
58.25,12.659999999999837,0.0,592.0636807784001,5844.312082930961
58.300000000000004,12.659999999999837,0.0,592.6966809595286,5848.6802269663
58.35,12.659999999999837,0.0,593.3296811406572,5853.04837100164
58.400000000000006,12.659999999999837,0.0,593.9626813217856,5857.416515036979
58.45,12.659999999999837,0.0,594.5956815029141,5861.784659072318
58.5,12.659999999999837,0.0,595.2286816840426,5866.152803107658
58.550000000000004,12.659999999999837,0.0,595.8616818651711,5870.520947142997
58.6,12.659999999999837,0.0,596.4946820462995,5874.8890911783365
58.650000000000006,12.659999999999837,0.0,597.1276822274281,5880.077087088981
58.7,12.659999999999837,0.0,597.7606824085566,5885.263942405143
58.75,12.659999999999837,0.0,598.3936825896851,5889.9312130655435
58.800000000000004,12.659999999999837,0.0,599.0266827708135,5893.931244536796
58.85,12.659999999999837,0.0,599.659682951942,5897.491359874168
58.900000000000006,12.659999999999837,0.0,600.2926831330706,5901.011439248481
58.95,12.659999999999837,0.0,600.925683314199,5905.001638814369
59.0,12.659999999999837,0.0,601.5586834953275,5909.181993409553
59.050000000000004,12.659999999999837,0.0,602.191683676456,5913.374972268501
59.1,12.659999999999837,0.0,602.8246838575845,5917.536450311103
59.150000000000006,12.659999999999837,0.0,603.457684038713,5921.6362566198495
59.2,12.659999999999837,0.0,604.0906842198415,5925.672050877967
59.25,12.659999999999837,0.0,604.72368440097,5930.005619450965
59.300000000000004,12.659999999999837,0.0,605.3566845820985,5935.021039410987
59.35,12.659999999999837,0.0,605.9896847632269,5940.28781835691
59.400000000000006,12.659999999999837,0.0,606.6226849443555,5945.638652249732
59.45,12.659999999999837,0.0,607.255685125484,5951.01828043119
59.5,12.659999999999837,0.0,607.8886853066125,5956.401628896156
59.550000000000004,12.659999999999837,0.0,608.5216854877409,5961.771239682594
59.6,12.659999999999837,0.0,609.1546856688694,5967.058517857948
59.650000000000006,12.659999999999837,0.0,609.787685849998,5972.216733380714
59.7,12.659999999999837,0.0,610.4206860311265,5977.387563153663
59.75,12.659999999999837,0.0,611.0536862122549,5982.6781191076425
59.800000000000004,12.659999999999837,0.0,611.6866863933834,5988.027657910743
59.85,12.659999999999837,0.0,612.3196865745119,5993.41232339994
59.900000000000006,12.659999999999837,0.0,612.9526867556405,5998.876684590736
59.95,12.659999999999837,0.0,613.5856869367689,6004.449260159889
60.0,12.659999999999837,0.0,614.2186871178974,6010.107549115577
60.050000000000004,12.659999999999837,0.0,614.8516872990259,6015.821205541053
60.1,12.659999999999837,0.0,615.4846874801544,6021.517101689735
60.150000000000006,12.659999999999837,0.0,616.1176876612828,6027.212997838416
60.2,12.659999999999837,0.0,616.7506878424114,6032.908893987098
60.25,12.659999999999837,0.0,617.3836880235399,6038.60479013578
60.300000000000004,12.659999999999837,0.0,618.0166882046684,6044.300686284461
60.35,12.659999999999837,0.0,618.6496883857968,6049.996582433143
60.400000000000006,12.659999999999837,0.0,619.2826885669253,6055.692478581825
60.45,12.659999999999837,0.0,619.9156887480539,6061.388374730506
60.5,12.659999999999837,0.0,620.5486889291823,6067.084270879188
60.550000000000004,12.659999999999837,0.0,621.1816891103108,6072.7801670278695
60.6,12.659999999999837,0.0,621.8146892914393,6078.476063176551
60.650000000000006,12.659999999999837,0.0,622.4476894725678,6084.171959325233
60.7,12.659999999999837,0.0,623.0806896536963,6089.8678554739145
60.75,12.659999999999837,0.0,623.7136898348248,6095.563751622596
60.800000000000004,12.659999999999837,0.0,624.3466900159533,6101.259647771278
60.85,12.659999999999837,0.0,624.9796901970818,6106.955543919959
60.900000000000006,12.659999999999837,0.0,625.6126903782102,6112.651440068641
60.95,12.659999999999837,0.0,626.2456905593388,6118.347336217323
61.0,12.659999999999837,0.0,626.8786907404673,6124.043232366004
61.050000000000004,12.659999999999837,0.0,627.5116909215958,6129.739128514686
61.1,12.659999999999837,0.0,628.1446911027242,6135.435024663368
61.150000000000006,12.659999999999837,0.0,628.7776912838527,6141.130920812049
61.2,12.659999999999837,0.0,629.4106914649813,6146.826816960731
61.25,12.659999999999837,0.0,630.0436916461098,6152.5227131094125
61.300000000000004,12.659999999999837,0.0,630.6766918272382,6158.218609258094
61.35,12.659999999999837,0.0,631.3096920083667,6163.914505406776
61.400000000000006,12.659999999999837,0.0,631.9426921894952,6169.610401555457
61.45,12.659999999999837,0.0,632.5756923706238,6175.306297704139
61.5,12.659999999999837,0.0,633.2086925517522,6181.002193852821
61.550000000000004,12.659999999999837,0.0,633.8416927328807,6186.698090001502
61.6,12.659999999999837,0.0,634.4746929140092,6192.393986150184
61.650000000000006,12.659999999999837,0.0,635.1076930951377,6198.089882298866
61.7,12.659999999999837,0.0,635.7406932762661,6203.785778447547
61.75,12.659999999999837,0.0,636.3736934573947,6209.481674596229
61.800000000000004,12.659999999999837,0.0,637.0066936385232,6215.177570744911
61.85,12.659999999999837,0.0,637.6396938196517,6220.873466893592
61.900000000000006,12.659999999999837,0.0,638.2726940007801,6226.569363042274
61.95,12.659999999999837,0.0,638.9056941819086,6232.2652591909555
62.0,12.659999999999837,0.0,639.5386943630372,6237.961155339637
62.050000000000004,12.659999999999837,0.0,640.1716945441656,6243.657051488319
62.1,12.659999999999837,0.0,640.8046947252941,6249.352947637
62.150000000000006,12.659999999999837,0.0,641.4376949064226,6255.048843785682
62.2,12.659999999999837,0.0,642.0706950875511,6260.744739934364
62.25,12.659999999999837,0.0,642.7036952686796,6266.440636083045
62.300000000000004,12.659999999999837,0.0,643.3366954498081,6272.136532231727
62.35,12.659999999999837,0.0,643.9696956309366,6277.832428380409
62.400000000000006,12.659999999999837,0.0,644.6026958120651,6283.52832452909
62.45,12.659999999999837,0.0,645.2356959931935,6289.224220677772
62.5,12.659999999999837,0.0,645.868696174322,6294.9201168264535
62.550000000000004,12.659999999999837,0.0,646.5016963554506,6300.616012975135
62.6,12.659999999999837,0.0,647.1346965365791,6306.311909123817
62.650000000000006,12.659999999999837,0.0,647.7676967177075,6312.007805272498
62.7,12.659999999999837,0.0,648.400696898836,6317.70370142118
62.75,12.659999999999837,0.0,649.0336970799646,6323.399597569862
62.800000000000004,12.659999999999837,0.0,649.6666972610931,6329.095493718543
62.85,12.659999999999837,0.0,650.2996974422215,6334.791389867225
62.900000000000006,12.659999999999837,0.0,650.93269762335,6340.487286015907
62.95,12.659999999999837,0.0,651.5656978044785,6346.183182164588
63.0,12.659999999999837,0.0,652.198697985607,6351.87907831327
63.050000000000004,12.659999999999837,0.0,652.8316981667355,6357.574974461952
63.1,12.659999999999837,0.0,653.464698347864,6363.270870610633
63.150000000000006,12.659999999999837,0.0,654.0976985289925,6368.966766759315
63.2,12.659999999999837,0.0,654.730698710121,6374.6626629079965
63.25,12.659999999999837,0.0,655.3636988912494,6380.358559056678
63.300000000000004,12.659999999999837,0.0,655.996699072378,6386.05445520536
63.35,12.659999999999837,0.0,656.6296992535065,6391.750351354041
63.400000000000006,12.659999999999837,0.0,657.262699434635,6397.446247502723
63.45,12.659999999999837,0.0,657.8956996157634,6403.142143651405
63.5,12.659999999999837,0.0,658.5286997968919,6408.838039800086
63.550000000000004,12.659999999999837,0.0,659.1616999780205,6414.533935948768
63.6,12.659999999999837,0.0,659.7947001591489,6420.22983209745
63.650000000000006,12.659999999999837,0.0,660.4277003402774,6425.925728246131
63.7,12.659999999999837,0.0,661.0607005214059,6431.621624394813
63.75,12.659999999999837,0.0,661.6937007025344,6437.3175205434945
63.800000000000004,12.659999999999837,0.0,662.3267008836629,6443.013416692176
63.85,12.659999999999837,0.0,662.9597010647914,6448.709312840858
63.900000000000006,12.659999999999837,0.0,663.5927012459199,6454.4052089895395
63.95,12.659999999999837,0.0,664.2257014270484,6460.101105138221
64.0,12.659999999999837,0.0,664.8587016081768,6465.797001286903
64.05,12.659999999999837,0.0,665.4917017893054,6471.492897435584
64.10000000000001,12.659999999999837,0.0,666.1247019704339,6477.188793584266
64.15,12.659999999999837,0.0,666.7577021515624,6482.884689732948
64.2,12.659999999999837,0.0,667.3907023326908,6488.580585881629
64.25,12.659999999999837,0.0,668.0237025138193,6494.276482030311
64.3,12.659999999999837,0.0,668.6567026949479,6499.972378178993
64.35000000000001,12.659999999999837,0.0,669.2897028760764,6505.668274327674
64.4,12.659999999999837,0.0,669.9227030572048,6511.364170476356
64.45,12.659999999999837,0.0,670.5557032383333,6517.0600666250375
64.5,12.659999999999837,0.0,671.1887034194618,6522.755962773719
64.55,12.659999999999837,0.0,671.8217036005904,6528.451858922401
64.60000000000001,12.659999999999837,0.0,672.4547037817188,6534.147755071082
64.65,12.659999999999837,0.0,673.0877039628473,6539.843651219764
64.7,12.659999999999837,0.0,673.7207041439758,6545.539547368446
64.75,12.659999999999837,0.0,674.3537043251043,6551.235443517127
64.8,12.659999999999837,0.0,674.9867045062327,6556.926870046807
64.85000000000001,12.659999999999837,0.0,675.6197046873613,6562.605759920091
64.9,12.659999999999837,0.0,676.2527048684898,6568.282667104471
64.95,12.659999999999837,0.0,676.8857050496183,6573.950719768991
65.0,12.659999999999837,0.0,677.5187052307467,6579.60589245436
65.05,12.659999999999837,0.0,678.1517054118752,6585.260999336202
65.10000000000001,12.659999999999837,0.0,678.7847055930038,6590.909017903018
65.15,12.659999999999837,0.0,679.4177057741322,6596.556345055955
65.2,12.659999999999837,0.0,680.0507059552607,6602.19313826856
65.25,12.659999999999837,0.0,680.6837061363892,6607.81795844629
65.3,12.659999999999837,0.0,681.3167063175177,6613.44167617651
65.35000000000001,12.659999999999837,0.0,681.9497064986462,6619.065456241728
65.4,12.659999999999837,0.0,682.5827066797747,6624.687055599951
65.45,12.659999999999837,0.0,683.2157068609032,6630.309686833785
65.5,12.659999999999837,0.0,683.8487070420317,6635.933756554657
65.55,12.659999999999837,0.0,684.4817072231601,6641.559479946793
65.60000000000001,12.659999999999837,0.0,685.1147074042887,6647.183298243812
65.65,12.659999999999837,0.0,685.7477075854172,6652.801772496129
65.7,12.659999999999837,0.0,686.3807077665457,6658.419030813693
65.75,12.659999999999837,0.0,687.0137079476741,6664.037507319526
65.8,12.659999999999837,0.0,687.6467081288026,6669.65863824715
65.85000000000001,12.659999999999837,0.0,688.2797083099312,6675.286798708159
65.9,12.659999999999837,0.0,688.9127084910597,6680.9220901382
65.95,12.659999999999837,0.0,689.5457086721881,6686.567915247233
66.0,12.659999999999837,0.0,690.1787088533166,6692.221634872258
66.05,12.659999999999837,0.0,690.8117090344451,6697.883828239751
66.10000000000001,12.659999999999837,0.0,691.4447092155737,6703.552490380132
66.15,12.659999999999837,0.0,692.0777093967021,6709.23119219621
66.2,12.659999999999837,0.0,692.7107095778306,6714.920347582637
66.25,12.659999999999837,0.0,693.3437097589591,6720.616747079172
66.3,12.659999999999837,0.0,693.9767099400876,6726.320812556029
66.35000000000001,12.659999999999837,0.0,694.609710121216,6732.0339401924075
66.4,12.659999999999837,0.0,695.2427103023446,6737.753592868459
66.45,12.659999999999837,0.0,695.8757104834731,6743.479921610894
66.5,12.659999999999837,0.0,696.5087106646016,6749.211442502475
66.55,12.659999999999837,0.0,697.14171084573,6754.949142249951
66.60000000000001,12.659999999999837,0.0,697.7747110268585,6760.696901700285
66.65,12.659999999999837,0.0,698.4077112079871,6766.450325022383
66.7,12.659999999999837,0.0,699.0407113891155,6772.209679591223
66.75,12.659999999999837,0.0,699.673711570244,6777.977585150151
66.8,12.659999999999837,0.0,700.3067117513725,6783.752640405429
66.85000000000001,12.659999999999837,0.0,700.939711932501,6789.53440510569
66.9,12.659999999999837,0.0,701.5727121136294,6795.3242992719925
66.95,12.659999999999837,0.0,702.205712294758,6801.121348856691
67.0,12.659999999999837,0.0,702.8387124758865,6806.92449753481
67.05,12.659999999999837,0.0,703.471712657015,6812.734730105752
67.10000000000001,12.659999999999837,0.0,704.1047128381434,6818.549780031833
67.15,12.659999999999837,0.0,704.737713019272,6824.371158886845
67.2,12.659999999999837,0.0,705.3707132004005,6830.198419051366
67.25,12.659999999999837,0.0,706.003713381529,6836.031261417828
67.3,12.659999999999837,0.0,706.6367135626574,6841.87197671194
67.35000000000001,12.659999999999837,0.0,707.2697137437859,6847.719772084177
67.4,12.659999999999837,0.0,707.9027139249145,6853.574257827911
67.45,12.659999999999837,0.0,708.535714106043,6859.436771948209
67.5,12.659999999999837,0.0,709.1687142871714,6865.306526363916
67.55,12.659999999999837,0.0,709.8017144682999,6871.180230291136
67.60000000000001,12.659999999999837,0.0,710.4347146494284,6877.058553816743
67.65,12.659999999999837,0.0,711.067714830557,6882.944073161236
67.7,12.659999999999837,0.0,711.7007150116854,6888.840448526639
67.75,12.659999999999837,0.0,712.3337151928139,6894.742623185561
67.8,12.659999999999837,0.0,712.9667153739424,6900.652136237677
67.85000000000001,12.659999999999837,0.0,713.5997155550709,6906.5714510237485
67.9,12.659999999999837,0.0,714.2327157361993,6912.495286702917
67.95,12.659999999999837,0.0,714.8657159173279,6918.42542222395
68.0,12.659999999999837,0.0,715.4987160984564,6924.362678831103
68.05,12.659999999999837,0.0,716.1317162795849,6930.305889096344
68.10000000000001,12.659999999999837,0.0,716.7647164607133,6936.255800223499
68.15,12.659999999999837,0.0,717.3977166418418,6942.210294709419
68.2,12.659999999999837,0.0,718.0307168229704,6948.161913736605
68.25,12.659999999999837,0.0,718.6637170040988,6954.113591760929
68.3,12.659999999999837,0.0,719.2967171852273,6960.074050741521
68.35000000000001,12.659999999999837,0.0,719.9297173663558,6966.03161757408
68.4,12.659999999999837,0.0,720.5627175474843,6971.989076987608
68.45,12.659999999999837,0.0,721.1957177286127,6977.954915860518
68.5,12.659999999999837,0.0,721.8287179097413,6983.913892916051
68.55,12.659999999999837,0.0,722.4617180908698,6989.878258231472
68.60000000000001,12.659999999999837,0.0,723.0947182719983,6995.837709609307
68.65,12.659999999999837,0.0,723.7277184531267,7001.795886270749
68.7,12.659999999999837,0.0,724.3607186342552,7007.762157719789
68.75,12.659999999999837,0.0,724.9937188153838,7013.72297545158
68.8,12.659999999999837,0.0,725.6267189965123,7019.681683525115
68.85000000000001,12.659999999999837,0.0,726.2597191776407,7025.648786793657
68.9,12.659999999999837,0.0,726.8927193587692,7031.610136414378
68.95,12.659999999999837,0.0,727.5257195398978,7037.563558725093
69.0,12.659999999999837,0.0,728.1587197210263,7043.525919109919
69.05,12.659999999999837,0.0,728.7917199021547,7049.486552021471
69.10000000000001,12.659999999999837,0.0,729.4247200832832,7055.453051460579
69.15,12.659999999999837,0.0,730.0577202644117,7061.412643544363
69.2,12.659999999999837,0.0,730.6907204455403,7067.369764765742
69.25,12.659999999999837,0.0,731.3237206266687,7073.335742760497
69.3,12.659999999999837,0.0,731.9567208077972,7079.295378690379
69.35000000000001,12.659999999999837,0.0,732.5897209889257,7085.252176593244
69.4,12.659999999999837,0.0,733.2227211700542,7091.217673436387
69.45,12.659999999999837,0.0,733.8557213511826,7097.175898620615
69.5,12.659999999999837,0.0,734.4887215323112,7103.144117834842
69.55,12.659999999999837,0.0,735.1217217134397,7109.104062840031
69.60000000000001,12.659999999999837,0.0,735.7547218945682,7115.055507615367
69.65,12.659999999999837,0.0,736.3877220756966,7121.013599023851
69.7,12.659999999999837,0.0,737.0207222568251,7126.962967519532
69.75,12.659999999999837,0.0,737.6537224379537,7132.90711284873
69.8,12.659999999999837,0.0,738.2867226190821,7138.862182517223
69.85000000000001,12.659999999999837,0.0,738.9197228002106,7144.811136380074
69.9,12.659999999999837,0.0,739.5527229813391,7150.75721144633
69.95,12.659999999999837,0.0,740.1857231624676,7156.711888654921
70.0,12.659999999999837,0.0,740.818723343596,7162.655888395195
70.05,12.659999999999837,0.0,741.4517235247246,7168.607029964006
70.10000000000001,12.659999999999837,0.0,742.0847237058531,7174.549812446764
70.15,12.659999999999837,0.0,742.7177238869816,7180.487494071772
70.2,12.659999999999837,0.0,743.35072406811,7186.434536487032
70.25,12.659999999999837,0.0,743.9837242492385,7192.373023359331
70.3,12.659999999999837,0.0,744.6167244303671,7198.3067045360785
70.35000000000001,12.659999999999837,0.0,745.2497246114956,7204.248719872678
70.4,12.659999999999837,0.0,745.882724792624,7210.182821727548
70.45,12.659999999999837,0.0,746.5157249737525,7216.107396960583
70.5,12.659999999999837,0.0,747.148725154881,7222.041370415588
70.55,12.659999999999837,0.0,747.7817253360096,7227.970722949442
70.60000000000001,12.659999999999837,0.0,748.414725517138,7233.907144594165
70.65,12.659999999999837,0.0,749.0477256982665,7239.834153581136
70.7,12.659999999999837,0.0,749.680725879395,7245.755939163206
70.75,12.659999999999837,0.0,750.3137260605235,7251.687644627096
70.8,12.659999999999837,0.0,750.946726241652,7257.610527280797
70.85000000000001,12.659999999999837,0.0,751.5797264227805,7263.528752535304
70.9,12.659999999999837,0.0,752.212726603909,7269.455363448075
70.95,12.659999999999837,0.0,752.8457267850375,7275.372734556562
71.0,12.659999999999837,0.0,753.4787269661659,7281.301968419871
71.05,12.659999999999837,0.0,754.1117271472945,7287.220993784208
71.10000000000001,12.659999999999837,0.0,754.744727328423,7293.126832563104
71.15,12.659999999999837,0.0,755.3777275095514,7299.039203057392
71.2,12.659999999999837,0.0,756.0107276906799,7304.938539792547
71.25,12.659999999999837,0.0,756.6437278718084,7310.827503996748
71.3,12.659999999999837,0.0,757.276728052937,7316.726811275748
71.35000000000001,12.659999999999837,0.0,757.9097282340654,7322.615159752509
71.4,12.659999999999837,0.0,758.5427284151939,7328.494727619168
71.45,12.659999999999837,0.0,759.1757285963224,7334.381423724505
71.5,12.659999999999837,0.0,759.8087287774509,7340.252332574539
71.55,12.659999999999837,0.0,760.4417289585793,7346.129078149807
71.60000000000001,12.659999999999837,0.0,761.0747291397079,7351.992097359971
71.65,12.659999999999837,0.0,761.7077293208364,7357.844044995907
71.7,12.659999999999837,0.0,762.3407295019649,7363.703154725959
71.75,12.659999999999837,0.0,762.9737296830933,7369.548192145548
71.8,12.659999999999837,0.0,763.6067298642218,7375.383188912844
71.85000000000001,12.659999999999837,0.0,764.2397300453504,7381.224939124812
71.9,12.659999999999837,0.0,764.8727302264789,7387.052239609706
71.95,12.659999999999837,0.0,765.5057304076073,7392.8630051586315
72.0,12.659999999999837,0.0,766.1387305887358,7398.6836698469615
72.05,12.659999999999837,0.0,766.7717307698643,7404.498705175191
72.10000000000001,12.659999999999837,0.0,767.4047309509929,7410.319092285266
72.15,12.659999999999837,0.0,768.0377311321213,7416.128299889138
72.2,12.659999999999837,0.0,768.6707313132498,7421.930205388159
72.25,12.659999999999837,0.0,769.3037314943783,7427.739139943729
72.3,12.659999999999837,0.0,769.9367316755068,7433.564627496049
72.35000000000001,12.659999999999837,0.0,770.5697318566353,7439.414494850234
72.4,12.659999999999837,0.0,771.2027320377638,7445.272378313886
72.45,12.659999999999837,0.0,771.8357322188923,7451.1404175269745
72.5,12.659999999999837,0.0,772.4687324000208,7457.020811424053
72.55,12.659999999999837,0.0,773.1017325811492,7462.908223172008
72.60000000000001,12.659999999999837,0.0,773.7347327622778,7468.808435208278
72.65,12.659999999999837,0.0,774.3677329434063,7474.712912791347
72.7,12.659999999999837,0.0,775.0007331245347,7480.630340628017
72.75,12.659999999999837,0.0,775.6337333056632,7486.569283428906
72.8,12.659999999999837,0.0,776.2667334867917,7492.516790940412
72.85000000000001,12.659999999999837,0.0,776.8997336679203,7498.473922766341
72.9,12.659999999999837,0.0,777.5327338490487,7504.444619012132
72.95,12.659999999999837,0.0,778.1657340301772,7510.417040216342
73.0,12.659999999999837,0.0,778.7987342113057,7516.395109151495
73.05,12.659999999999837,0.0,779.4317343924342,7522.37663086451
73.10000000000001,12.659999999999837,0.0,780.0647345735626,7528.370012066127
73.15,12.659999999999837,0.0,780.6977347546912,7534.377949985732
73.2,12.659999999999837,0.0,781.3307349358197,7540.3878775083795
73.25,12.659999999999837,0.0,781.9637351169482,7546.397257932029
73.3,12.659999999999837,0.0,782.5967352980766,7552.407343907894
73.35000000000001,12.659999999999837,0.0,783.2297354792051,7558.415093381684
73.4,12.659999999999837,0.0,783.8627356603337,7564.4234930945795
73.45,12.659999999999837,0.0,784.4957358414622,7570.432188518153
73.5,12.659999999999837,0.0,785.1287360225906,7576.437726802903
73.55,12.659999999999837,0.0,785.7617362037191,7582.444436271354
73.60000000000001,12.659999999999837,0.0,786.3947363848476,7588.4487305595985
73.65,12.659999999999837,0.0,787.0277365659762,7594.454468067143
73.7,12.659999999999837,0.0,787.6607367471046,7600.461994739346
73.75,12.659999999999837,0.0,788.2937369282331,7606.468300708423
73.8,12.659999999999837,0.0,788.9267371093616,7612.477021690929
73.85000000000001,12.659999999999837,0.0,789.5597372904901,7618.48737114397
73.9,12.659999999999837,0.0,790.1927374716186,7624.496492026074
73.95,12.659999999999837,0.0,790.8257376527471,7630.507893215108
74.0,12.659999999999837,0.0,791.4587378338756,7636.521683429946
74.05,12.659999999999837,0.0,792.0917380150041,7642.533938229135
74.10000000000001,12.659999999999837,0.0,792.7247381961325,7648.547896600711
74.15,12.659999999999837,0.0,793.3577383772611,7654.561031236097
74.2,12.659999999999837,0.0,793.9907385583896,7660.576635005928
74.25,12.659999999999837,0.0,794.623738739518,7666.5939554611705
74.3,12.659999999999837,0.0,795.2567389206465,7672.610023265197
74.35000000000001,12.659999999999837,0.0,795.889739101775,7678.6284271661025
74.4,12.659999999999837,0.0,796.5227392829036,7684.648439033546
74.45,12.659999999999837,0.0,797.155739464032,7690.667268106419
74.5,12.659999999999837,0.0,797.7887396451605,7696.688335524553
74.55,12.659999999999837,0.0,798.421739826289,7702.707859897642
74.60000000000001,12.659999999999837,0.0,799.0547400074175,7708.729594959438
74.65,12.659999999999837,0.0,799.687740188546,7714.75374884936
74.7,12.659999999999837,0.0,800.3207403696745,7720.777055876489
74.75,12.659999999999837,0.0,800.953740550803,7726.802745015281
74.8,12.659999999999837,0.0,801.5867407319315,7732.830129620231
74.85000000000001,12.659999999999837,0.0,802.2197409130599,7738.856059871848
74.9,12.659999999999837,0.0,802.8527410941884,7744.8838856228085
74.95,12.659999999999837,0.0,803.485741275317,7750.913185587485
75.0,12.659999999999837,0.0,804.1187414564455,7756.941440086692
75.05,12.659999999999837,0.0,804.7517416375739,7762.972190661644
75.10000000000001,12.659999999999837,0.0,805.3847418187024,7769.002048835855
75.15,12.659999999999837,0.0,806.017741999831,7775.034193277461
75.2,12.659999999999837,0.0,806.6507421809595,7781.06808921359
75.25,12.659999999999837,0.0,807.2837423620879,7787.100800447799
75.3,12.659999999999837,0.0,807.9167425432164,7793.1358861642775
75.35000000000001,12.659999999999837,0.0,808.5497427243449,7799.172591768223
75.4,12.659999999999837,0.0,809.1827429054734,7805.208105756111
75.45,12.659999999999837,0.0,809.8157430866019,7811.245872155956
75.5,12.659999999999837,0.0,810.4487432677304,7817.281971056259
75.55,12.659999999999837,0.0,811.0817434488589,7823.320264432804
75.60000000000001,12.659999999999837,0.0,811.7147436299874,7829.36095398771
75.65,12.647883814448132,-0.5,812.3471380016648,7832.299692763611
75.7,12.622883814448134,-0.5,812.9782823729846,7834.326288108372
75.75,12.597883814448135,-0.5,813.6081767439468,7835.178418606294
75.8,12.572883814448137,-0.5,814.2368211145513,7835.169301479829
75.85000000000001,12.54788381444813,-0.5,814.8642154847981,7835.161676049007
75.9,12.522883814448132,-0.5,815.4903598546872,7835.155558496488
75.95,12.497883814448134,-0.5,816.1152542242187,7835.150957971586
76.0,12.472883814448135,-0.5,816.7388985933924,7835.147162198795
76.05,12.447883814448137,-0.5,817.3612929622085,7835.1437860725055
76.10000000000001,12.42288381444813,-0.5,817.9824373306668,7835.141752332223
76.15,12.397883814448132,-0.5,818.6023316987676,7835.145275592578
76.2,12.372883814448134,-0.5,819.2209760665106,7835.156267732156
76.25,12.347883814448135,-0.5,819.838370433896,7835.170022696031
76.3,12.322883814448137,-0.5,820.4545148009237,7835.184496193899
76.35000000000001,12.29788381444813,-0.5,821.0694091675938,7835.199417352451
76.4,12.272883814448132,-0.5,821.6830535339061,7835.214734077228
76.45,12.247883814448134,-0.5,822.2954478998607,7835.230367719902
76.5,12.222883814448135,-0.5,822.9065922654577,7835.246234893573
76.55,12.197883814448137,-0.5,823.516486630697,7835.262322485221
76.60000000000001,12.17288381444813,-0.5,824.1251309955787,7835.2785349486
76.65,12.147883814448132,-0.5,824.7325253601026,7835.295206367744
76.7,12.122883814448134,-0.5,825.3386697242688,7835.312066435588
76.75,12.097883814448135,-0.5,825.9435640880774,7835.329519837869
76.80000000000001,12.07288381444813,-0.5,826.5472084515284,7835.347531795276
76.85000000000001,12.04788381444813,-0.5,827.1496028146216,7835.365298539175
76.9,12.022883814448132,-0.5,827.7507471773572,7835.383034050239
76.95,11.997883814448134,-0.5,828.350641539735,7835.400831550134
77.0,11.972883814448135,-0.5,828.9492859017552,7835.418762922061
77.05000000000001,11.94788381444813,-0.5,829.5466802634177,7835.4371122119555
77.10000000000001,11.92288381444813,-0.5,830.1428246247225,7835.448909193052
77.15,11.897883814448132,-0.5,830.7377189856696,7835.460649668945
77.2,11.872883814448134,-0.5,831.3313633462592,7835.472357988132
77.25,11.847883814448135,-0.5,831.923757706491,7835.484128415359
77.30000000000001,11.82288381444813,-0.5,832.514902066365,7835.495866328252
77.35000000000001,11.79788381444813,-0.5,833.1047964258814,7835.5075717864165
77.4,11.772883814448132,-0.5,833.6934407850403,7835.519244998468
77.45,11.747883814448134,-0.5,834.2808351438414,7835.530886292232
77.5,11.722883814448135,-0.5,834.8669795022847,7835.542495876325
77.55000000000001,11.69788381444813,-0.5,835.4518738603705,7835.554073840154
77.60000000000001,11.67288381444813,-0.5,836.0355182180986,7835.565620332731
77.65,11.647883814448132,-0.5,836.617912575469,7835.577135532869
77.7,11.622883814448134,-0.5,837.1990569324815,7835.588620304836
77.75,11.597883814448135,-0.5,837.7789512891366,7835.600075453294
77.80000000000001,11.57288381444813,-0.5,838.357595645434,7835.611501186861
77.85000000000001,11.54788381444813,-0.5,838.9349900013736,7835.622897684349
77.9,11.522883814448132,-0.5,839.5111343569556,7835.634264945758
77.95,11.497883814448134,-0.5,840.0860287121799,7835.6456030306945
78.0,11.472883814448135,-0.5,840.6596730670466,7835.656911730541
78.05000000000001,11.44788381444813,-0.5,841.2320674215555,7835.668191194309
78.10000000000001,11.42288381444813,-0.5,841.8032117757068,7835.679441481603
78.15,11.397883814448132,-0.5,842.3731061295003,7835.690662652029
78.2,11.372883814448134,-0.5,842.9417504829362,7835.70185464598
78.25,11.347883814448135,-0.5,843.5091448360145,7835.7130176422725
78.30000000000001,11.32288381444813,-0.5,844.075289188735,7835.724159478916
78.35000000000001,11.29788381444813,-0.5,844.6401835410978,7835.735281288398
78.4,11.272883814448132,-0.5,845.2038278931029,7835.746383309139
78.45,11.247883814448134,-0.5,845.7662222447506,7835.757465630544
78.5,11.222883814448135,-0.5,846.3273665960404,7835.7685299215445
78.55000000000001,11.19788381444813,-0.5,846.8872609469724,7835.779580622686
78.60000000000001,11.17288381444813,-0.5,847.4459052975469,7835.790618061794
78.65,11.147883814448132,-0.5,848.0032996477638,7835.80164238788
78.7,11.122883814448134,-0.5,848.5594439976229,7835.81265392877
78.75,11.097883814448135,-0.5,849.1143383471243,7835.8236531613
78.80000000000001,11.07288381444813,-0.5,849.667982696268,7835.834640294088
78.85000000000001,11.04788381444813,-0.5,850.2203770450542,7835.845616072191
78.9,11.022883814448132,-0.5,850.7715213934825,7835.856580883039
78.95,10.997883814448134,-0.5,851.3214157415533,7835.867534667028
79.0,10.972883814448135,-0.5,851.8700600892663,7835.878477513565
79.05000000000001,10.94788381444813,-0.5,852.4174544366217,7835.889409631265
79.10000000000001,10.92288381444813,-0.5,852.9635987836194,7835.900331139339
79.15,10.897883814448132,-0.5,853.5084931302595,7835.911241858972
79.2,10.872883814448134,-0.5,854.0521374765417,7835.922137766851
79.25,10.847883814448135,-0.5,854.5945318224665,7835.933018833173
79.30000000000001,10.82288381444813,-0.5,855.1356761680335,7835.943885355962
79.35000000000001,10.79788381444813,-0.5,855.6755705132427,7835.954738080276
79.4,10.772883814448132,-0.5,856.2142148580944,7835.965009927524
79.45,10.747883814448134,-0.5,856.7516092025883,7835.9747380314
79.5,10.722883814448135,-0.5,857.2877535467245,7835.98425790645
79.55000000000001,10.69788381444813,-0.5,857.8226478905032,7835.993375658763
79.60000000000001,10.67288381444813,-0.5,858.356292233924,7836.002270847333
79.65,10.647883814448132,-0.5,858.8886865769872,7836.0112393496165
79.7,10.622883814448134,-0.5,859.4198309196928,7836.0204114911685
79.75,10.597883814448135,-0.5,859.9497252620406,7836.02985170461
79.80000000000001,10.57288381444813,-0.5,860.4783696040308,7836.039599627031
79.85000000000001,10.54788381444813,-0.5,861.0057639456633,7836.049813687576
79.9,10.522883814448132,-0.5,861.5319082869381,7836.060681134237
79.95,10.497883814448134,-0.5,862.0568026278553,7836.072198033107
80.0,10.472883814448135,-0.5,862.5804469684148,7836.084083318485
80.05000000000001,10.44788381444813,-0.5,863.1028413086165,7836.096178829444
80.10000000000001,10.42288381444813,-0.5,863.6239856484607,7836.108444928897
80.15,10.397883814448132,-0.5,864.1438799879471,7836.120942175163
80.2,10.372883814448134,-0.5,864.6625243270759,7836.1338887212405
80.25,10.347883814448135,-0.5,865.1799186658469,7836.147310882581
80.30000000000001,10.32288381444813,-0.5,865.6960630042604,7836.160749465002
80.35000000000001,10.29788381444813,-0.5,866.2109573423161,7836.173902779592
80.4,10.272883814448132,-0.5,866.7246016800142,7836.186640828622
80.45,10.247883814448134,-0.5,867.2369960173545,7836.199184506906
80.5,10.222883814448135,-0.5,867.7481403543372,7836.211949944271
80.55000000000001,10.19788381444813,-0.5,868.2580346909623,7836.224957138074
80.60000000000001,10.17288381444813,-0.5,868.7666790272297,7836.238051026834
80.65,10.147883814448132,-0.5,869.2740733631392,7836.251199573053
80.7,10.122883814448134,-0.5,869.7802176986911,7836.264398902429
80.75,10.097883814448135,-0.5,870.2851120338855,7836.277621924652
80.80000000000001,10.07288381444813,-0.5,870.7887563687221,7836.290767311824
80.85000000000001,10.04788381444813,-0.5,871.291150703201,7836.3037871120105
80.9,10.022883814448132,-0.5,871.7922950373222,7836.316801219953
80.95,9.997883814448134,-0.5,872.2921893710859,7836.329809754861
81.0,9.972883814448135,-0.5,872.7908337044918,7836.342818885816
81.05000000000001,9.94788381444813,-0.5,873.28822803754,7836.355828791631
81.10000000000001,9.92288381444813,-0.5,873.7843723702305,7836.368839710725
81.15,9.897883814448132,-0.5,874.2792667025634,7836.381851762308
81.2,9.872883814448134,-0.5,874.7729110345385,7836.3948649761805
81.25,9.847883814448135,-0.5,875.2653053661561,7836.407879411949
81.30000000000001,9.82288381444813,-0.5,875.7564496974159,7836.420895218624
81.35000000000001,9.79788381444813,-0.5,876.246344028318,7836.43391245581
81.4,9.772883814448132,-0.5,876.7349883588626,7836.446931689752
81.45,9.747883814448134,-0.5,877.2223826890494,7836.459954797996
81.5,9.722883814448135,-0.5,877.7085270188784,7836.4729818401465
81.55000000000001,9.69788381444813,-0.5,878.19342134835,7836.486013144029
81.60000000000001,9.67288381444813,-0.5,878.6770656774637,7836.499048888458
81.65,9.647883814448132,-0.5,879.1594600062198,7836.51208904363
81.7,9.622883814448134,-0.5,879.6406043346182,7836.525133937372
81.75,9.597883814448135,-0.5,880.1204986626589,7836.538183718694
81.80000000000001,9.57288381444813,-0.5,880.599142990342,7836.551238298191
81.85000000000001,9.54788381444813,-0.5,881.0765373176673,7836.56429779507
81.9,9.522883814448132,-0.5,881.552681644635,7836.577362268938
81.95,9.497883814448134,-0.5,882.0275759712449,7836.5904318092
82.0,9.472883814448135,-0.5,882.5012202974973,7836.603502899183
82.05000000000001,9.44788381444813,-0.5,882.973614623392,7836.616575002445
82.10000000000001,9.42288381444813,-0.5,883.4447589489289,7836.629648089183
82.15,9.397883814448132,-0.5,883.9146532741081,7836.642722546829
82.2,9.372883814448134,-0.5,884.3832975989297,7836.655798434986
82.25,9.347883814448135,-0.5,884.8506919233937,7836.668875694049
82.30000000000001,9.32288381444813,-0.5,885.3168362475,7836.681954234613
82.35000000000001,9.29788381444813,-0.5,885.7817305712485,7836.695033937467
82.4,9.272883814448132,-0.5,886.2453748946394,7836.7081148622165
82.45,9.247883814448134,-0.5,886.7077692176726,7836.721197187675
82.5,9.222883814448135,-0.5,887.1689135403482,7836.734280705226
82.55000000000001,9.19788381444813,-0.5,887.628807862666,7836.747365683092
82.60000000000001,9.17288381444813,-0.5,888.0874521846263,7836.760451942457
82.65,9.147883814448132,-0.5,888.5448465062289,7836.773539513124
82.7,9.122883814448134,-0.5,889.0009908274736,7836.786628514303
82.75,9.097883814448135,-0.5,889.4558851483607,7836.799718767179
82.80000000000001,9.07288381444813,-0.5,889.9095294688902,7836.812810539974
82.85000000000001,9.04788381444813,-0.5,890.3619237890621,7836.825903773082
82.9,9.022883814448132,-0.5,890.8130681088762,7836.838998287691
82.95,8.997883814448134,-0.5,891.2629624283326,7836.85209435202
83.0,8.972883814448135,-0.5,891.7116067474313,7836.865192085279
83.05000000000001,8.94788381444813,-0.5,892.1590010661726,7836.878291368259
83.10000000000001,8.92288381444813,-0.5,892.605145384556,7836.8913926479945
83.15,8.897883814448132,-0.5,893.0500397025816,7836.904496133102
83.2,8.872883814448134,-0.5,893.4936840202496,7836.917601644767
83.25,8.847883814448135,-0.5,893.9360783375599,7836.930709153188
83.30000000000001,8.82288381444813,-0.5,894.3772226545127,7836.943818628562
83.35000000000001,8.79788381444813,-0.5,894.8171169711077,7836.956930249704
83.4,8.772883814448132,-0.5,895.255761287345,7836.970043897403
83.45,8.747883814448134,-0.5,895.6931556032246,7836.98315969087
83.5,8.722883814448135,-0.5,896.1292999187466,7836.996277540697
83.55000000000001,8.69788381444813,-0.5,896.5641942339108,7837.009397476686
83.60000000000001,8.67288381444813,-0.5,896.9978385487175,7837.0225197372565
83.65,8.647883814448132,-0.5,897.4302328631665,7837.035643398536
83.7,8.622883814448134,-0.5,897.8613771772576,7837.048768430723
83.75,8.597883814448135,-0.5,898.2912714909912,7837.061895102037
83.80000000000001,8.57288381444813,-0.5,898.7199158043671,7837.0750235614905
83.85000000000001,8.54788381444813,-0.5,899.1473101173854,7837.088153749479
83.9,8.522883814448132,-0.5,899.5734544300459,7837.101285815013
83.95,8.497883814448134,-0.5,899.9983487423488,7837.114419668687
84.0,8.472883814448135,-0.5,900.4219930542939,7837.127555489315
84.05000000000001,8.44788381444813,-0.5,900.8443873658815,7837.140693157686
84.10000000000001,8.42288381444813,-0.5,901.2655316771113,7837.153832852615
84.15,8.397883814448132,-0.5,901.6854259879834,7837.16697493173
84.2,8.372883814448134,-0.5,902.104070298498,7837.18011951424
84.25,8.347883814448135,-0.5,902.5214646086548,7837.193266808761
84.30000000000001,8.32288381444813,-0.5,902.9376089184539,7837.206416457666
84.35000000000001,8.29788381444813,-0.5,903.3525032278953,7837.219568729175
84.4,8.272883814448132,-0.5,903.766147536979,7837.232723742498
84.45,8.247883814448134,-0.5,904.1785418457051,7837.2458812294135
84.5,8.222883814448135,-0.5,904.5896861540735,7837.259041398538
84.55000000000001,8.19788381444813,-0.5,904.9995804620843,7837.272204011453
84.60000000000001,8.17288381444813,-0.5,905.4082247697372,7837.285369157566
84.65,8.147883814448132,-0.5,905.8156190770326,7837.298536866678
84.7,8.122883814448134,-0.5,906.2217633839703,7837.311707168592
84.75,8.097883814448135,-0.5,906.6266576905502,7837.324880093111
84.80000000000001,8.07288381444813,-0.5,907.0303019967726,7837.3380555508265
84.85000000000001,8.04788381444813,-0.5,907.4326963026372,7837.3512337801585
84.9,8.022883814448132,-0.5,907.8338406081442,7837.36441507913
84.95,7.997883814448134,-0.5,908.2337349132936,7837.377599745763
85.0,7.972883814448135,-0.5,908.6323792180851,7837.39078766085
85.05000000000001,7.947883814448129,-0.5,909.029773522519,7837.40397882439
85.10000000000001,7.922883814448131,-0.5,909.4259178265953,7837.417173236383
85.15,7.897883814448132,-0.5,909.8208121303139,7837.430370926631
85.2,7.872883814448134,-0.5,910.2144564336747,7837.443571805728
85.25,7.847883814448135,-0.5,910.606850736678,7837.456776052488
85.30000000000001,7.822883814448129,-0.5,910.9979950393235,7837.46998366691
85.35000000000001,7.797883814448131,-0.5,911.3878893416114,7837.483194648994
85.4,7.772883814448132,-0.5,911.7765336435416,7837.496408998741
85.45,7.747883814448134,-0.5,912.1639279451141,7837.509626477731
85.5,7.722883814448135,-0.5,912.550072246329,7837.522850662244
85.55000000000001,7.697883814448129,-0.5,912.9349665471861,7837.536082893384
85.60000000000001,7.672883814448131,-0.5,913.3186108476856,7837.549323051942
85.65,7.647883814448132,-0.5,913.7010051478273,7837.562571227325
85.7,7.622883814448134,-0.5,914.0821494476114,7837.575827330125
85.75,7.597883814448135,-0.5,914.4620437470379,7837.589091658367
85.80000000000001,7.572883814448129,-0.5,914.8406880461066,7837.60236397363
85.85000000000001,7.547883814448131,-0.5,915.2180823448177,7837.615644335521
85.9,7.522883814448132,-0.5,915.594226643171,7837.628932654632
85.95,7.497883814448134,-0.5,915.9691209411668,7837.642228841556
86.0,7.472883814448135,-0.5,916.3427652388049,7837.655533015502
86.05000000000001,7.447883814448129,-0.5,916.7151595360853,7837.668845087064
86.10000000000001,7.422883814448131,-0.5,917.0863038330078,7837.682164937032
86.15,7.397883814448132,-0.5,917.4561981295728,7837.695492625011
86.2,7.372883814448134,-0.5,917.8248424257803,7837.7088280615935
86.25,7.347883814448135,-0.5,918.1922367216299,7837.722171306385
86.30000000000001,7.322883814448129,-0.5,918.5583810171217,7837.735522389186
86.35000000000001,7.297883814448131,-0.5,918.9232753122561,7837.748881280197
86.4,7.272883814448132,-0.5,919.2869196070327,7837.762247919811
86.45,7.247883814448134,-0.5,919.6493139014517,7837.775622367633
86.5,7.222883814448135,-0.5,920.0104581955129,7837.789004504455
86.55000000000001,7.197883814448129,-0.5,920.3703524892165,7837.802394419683
86.60000000000001,7.172883814448131,-0.5,920.7289967825624,7837.815792202724
86.65,7.147883814448132,-0.5,921.0863910755506,7837.829197793973
86.7,7.122883814448134,-0.5,921.4425353681811,7837.842611014617
86.75,7.097883814448135,-0.5,921.7974296604541,7837.856031954063
86.80000000000001,7.072883814448129,-0.5,922.1510739523693,7837.869460701717
86.85000000000001,7.047883814448131,-0.5,922.5034682439268,7837.882897048963
86.9,7.022883814448132,-0.5,922.8546125351265,7837.896341204418
86.95,6.997883814448134,-0.5,923.2045068259687,7837.9097929594645
87.0,6.972883814448135,-0.5,923.5531511164531,7837.923252403511
87.05000000000001,6.947883814448129,-0.5,923.9005454065799,7837.936719566358
87.10000000000001,6.922883814448131,-0.5,924.246689696349,7837.950194328798
87.15,6.897883814448132,-0.5,924.5915839857604,7837.96367669083
87.2,6.872883814448134,-0.5,924.9352282748142,7837.977166682256
87.25,6.847883814448135,-0.5,925.2776225635102,7837.9906644222865
87.30000000000001,6.822883814448129,-0.5,925.6187668518487,7838.004169851316
87.35000000000001,6.797883814448131,-0.5,925.9586611398294,7838.017682850135
87.4,6.772883814448132,-0.5,926.2973054274524,7838.031203418745
87.45,6.747883814448134,-0.5,926.6346997147178,7838.044731795562
87.5,6.722883814448135,-0.5,926.9708440016254,7838.058267831577
87.55000000000001,6.697883814448129,-0.5,927.3057382881755,7838.071811854614
87.60000000000001,6.672883814448131,-0.5,927.6393825743678,7838.08536523558
87.65,6.647883814448132,-0.5,927.9717768602025,7838.098927855266
87.7,6.622883814448134,-0.5,928.3029211456794,7838.112499952091
87.75,6.597883814448135,-0.5,928.6328154307987,7838.126082360519
87.80000000000001,6.572883814448129,-0.5,928.9614597155603,7838.139675110353
87.85000000000001,6.547883814448131,-0.5,929.2888539999643,7838.153278082384
87.9,6.522883814448132,-0.5,929.6149982840105,7838.166891425622
87.95,6.497883814448134,-0.5,929.9398925676991,7838.180515110267
88.0,6.472883814448135,-0.5,930.26353685103,7838.194149225725
88.05000000000001,6.447883814448129,-0.5,930.5859311340032,7838.207793563379
88.10000000000001,6.422883814448131,-0.5,930.9070754166188,7838.221448182834
88.15,6.397883814448132,-0.5,931.2269696988766,7838.235113143695
88.2,6.372883814448134,-0.5,931.5456139807767,7838.248788237346
88.25,6.347883814448135,-0.5,931.8630082623192,7838.262473553194
88.30000000000001,6.322883814448129,-0.5,932.1791525435041,7838.276168882621
88.35000000000001,6.297883814448131,-0.5,932.4940468243312,7838.289874374641
88.4,6.272883814448132,-0.5,932.8076911048006,7838.303589939846
88.45,6.247883814448134,-0.5,933.1200853849125,7838.317315578235
88.5,6.222883814448135,-0.5,933.4312296646666,7838.33105128981
88.55000000000001,6.197883814448129,-0.5,933.741123944063,7838.344797014965
88.60000000000001,6.172883814448131,-0.5,934.0497682231016,7838.358551382793
88.65,6.147883814448132,-0.5,934.3571625017828,7838.37231305219
88.7,6.122883814448134,-0.5,934.6633067801062,7838.386081993354
88.75,6.097883814448135,-0.5,934.9682010580719,7838.399857461227
88.80000000000001,6.072883814448129,-0.5,935.2718453356799,7838.413639187587
88.85000000000001,6.047883814448131,-0.5,935.5742396129303,7838.427427083028
88.9,6.022883814448132,-0.5,935.875383889823,7838.441219806446
88.95,5.997883814448134,-0.5,936.175278166358,7838.455015420688
89.0,5.972883814448135,-0.5,936.4739224425352,7838.468813895954
89.05000000000001,5.947883814448129,-0.5,936.771316718355,7838.48261520244
89.10000000000001,5.922883814448131,-0.5,937.067460993817,7838.4964193401465
89.15,5.897883814448132,-0.5,937.3623552689212,7838.510226368679
89.2,5.872883814448134,-0.5,937.6559995436678,7838.524036317838
89.25,5.847883814448135,-0.5,937.9483938180568,7838.537849068416
89.30000000000001,5.822883814448129,-0.5,938.2395380920881,7838.551664620412
89.35000000000001,5.797883814448131,-0.5,938.5294323657616,7838.565483003629
89.4,5.772883814448132,-0.5,938.8180766390775,7838.579304247869
89.45,5.747883814448134,-0.5,939.1054709120357,7838.59312820412
89.5,5.722883814448135,-0.5,939.3916151846363,7838.606955051197
89.55000000000001,5.697883814448129,-0.5,939.6765094568791,7838.620784669889
89.60000000000001,5.672883814448131,-0.5,939.9601537287642,7838.63461709
89.65,5.647883814448132,-0.5,940.2425480002917,7838.648452371133
89.7,5.622883814448134,-0.5,940.5236922714615,7838.662290304674
89.75,5.597883814448135,-0.5,940.8035865422737,7838.676131069435
89.80000000000001,5.572883814448129,-0.5,941.0822308127282,7838.689974486602
89.85000000000001,5.547883814448131,-0.5,941.3596250828249,7838.703820615781
89.9,5.522883814448132,-0.5,941.635769352564,7838.717669397367
89.95,5.497883814448134,-0.5,941.9106636219454,7838.731521010173
90.0,5.472883814448135,-0.5,942.1843078909692,7838.745375334991
90.05000000000001,5.447883814448129,-0.5,942.4567021596353,7838.759232312215
90.10000000000001,5.422883814448131,-0.5,942.7278464279437,7838.773091971649
90.15,5.397883814448132,-0.5,942.9977406958944,7838.786954313291
90.2,5.372883814448134,-0.5,943.2663849634874,7838.800819277538
90.25,5.347883814448135,-0.5,943.5337792307228,7838.814686953796
90.30000000000001,5.322883814448129,-0.5,943.7999234976005,7838.828557371868
90.35000000000001,5.297883814448131,-0.5,944.0648177641206,7838.842430501951
90.4,5.272883814448132,-0.5,944.3284620302828,7838.85630640365
90.45,5.247883814448134,-0.5,944.5908562960874,7838.87018501736
90.5,5.222883814448135,-0.5,944.8520005615345,7838.88406631328
90.55000000000001,5.197883814448129,-0.5,945.1118948266238,7838.897950380815
90.60000000000001,5.172883814448131,-0.5,945.3705390913553,7838.91183701135
90.65,5.147883814448132,-0.5,945.6279333557293,7838.92572626449
90.7,5.122883814448134,-0.5,945.8840776197454,7838.939618199838
90.75,5.097883814448135,-0.5,946.1389718834041,7838.953512906803
90.80000000000001,5.072883814448129,-0.5,946.392616146705,7838.967410295976
90.85000000000001,5.047883814448131,-0.5,946.6450104096482,7838.981310307754
90.9,5.022883814448132,-0.5,946.8961546722336,7838.995212971939
90.95,4.997883814448134,-0.5,947.1460489344615,7839.00911828853
91.0,4.972883814448135,-0.5,947.3946931963317,7839.02302628733
91.05000000000001,4.947883814448129,-0.5,947.6420874578442,7839.036936819328
91.10000000000001,4.922883814448131,-0.5,947.888231718999,7839.050849944128
91.15,4.897883814448132,-0.5,948.1331259797962,7839.064765572322
91.2,4.872883814448134,-0.5,948.3767702402356,7839.078683972133
91.25,4.847883814448135,-0.5,948.6191645003174,7839.092604785932
91.30000000000001,4.822883814448129,-0.5,948.8603087600414,7839.106528222335
91.35000000000001,4.797883814448131,-0.5,949.1002030194079,7839.120454042924
91.4,4.772883814448132,-0.5,949.3388472784167,7839.1343823669085
91.45,4.747883814448134,-0.5,949.5762415370677,7839.148313373102
91.5,4.722883814448135,-0.5,949.8123857953611,7839.162246763481
91.55000000000001,4.697883814448129,-0.5,950.0472800532968,7839.176182716859
91.60000000000001,4.672883814448131,-0.5,950.280924310875,7839.190121173633
91.65,4.647883814448132,-0.5,950.5133185680953,7839.204062193407
91.7,4.622883814448134,-0.5,950.744462824958,7839.2180056569705
91.75,4.597883814448135,-0.5,950.974357081463,7839.231951772941
91.80000000000001,4.572883814448129,-0.5,951.2030013376103,7839.245900422109
91.85000000000001,4.547883814448131,-0.5,951.4303955934,7839.259851485265
91.9,4.522883814448132,-0.5,951.6565398488319,7839.273804992212
91.95,4.497883814448134,-0.5,951.8814341039061,7839.287761062158
92.0,4.472883814448135,-0.5,952.1050783586228,7839.301719605697
92.05000000000001,4.447883814448129,-0.5,952.3274726129818,7839.315680682434
92.10000000000001,4.422883814448131,-0.5,952.5486168669829,7839.329645365251
92.15,4.397883814448132,-0.5,952.7685111206264,7839.343613862766
92.2,4.372883814448134,-0.5,952.9871553739124,7839.357586115373
92.25,4.347883814448135,-0.5,953.2045496268406,7839.371562182678
92.30000000000001,4.322883814448129,-0.5,953.4206938794111,7839.385542005075
92.35000000000001,4.297883814448131,-0.5,953.6355881316239,7839.399525671972
92.4,4.272883814448132,-0.5,953.8492323834791,7839.4135133025775
92.45,4.247883814448134,-0.5,954.0616266349766,7839.427504777683
92.5,4.222883814448135,-0.5,954.2727708861164,7839.44150012709
92.55000000000001,4.197883814448129,-0.5,954.4826651368985,7839.455499529613
92.60000000000001,4.172883814448131,-0.5,954.691309387323,7839.469502687229
92.65,4.147883814448132,-0.5,954.8987036373899,7839.4835098383555
92.7,4.122883814448134,-0.5,955.1048478870989,7839.49752080418
92.75,4.097883814448135,-0.5,955.3097421364504,7839.511535554899
92.80000000000001,4.072883814448129,-0.5,955.5133863854442,7839.525554269327
92.85000000000001,4.047883814448131,-0.5,955.7157806340803,7839.5395769474635
92.9,4.022883814448132,-0.5,955.9169248823586,7839.5536036191115
92.95,3.9978838144481337,-0.5,956.1168191302793,7839.5676340756545
93.0,3.972883814448135,-0.5,956.3154633778423,7839.581668466104
93.05000000000001,3.9478838144481294,-0.5,956.5128576250478,7839.595706760658
93.10000000000001,3.922883814448131,-0.5,956.7090018718955,7839.609748989118
93.15,3.8978838144481323,-0.5,956.9038961183854,7839.62379509188
93.2,3.8728838144481337,-0.5,957.0975403645176,7839.637845039142
93.25,3.847883814448135,-0.5,957.2899346102923,7839.651898860706
93.30000000000001,3.8228838144481294,-0.5,957.4810788557093,7839.6659565565715
93.35000000000001,3.797883814448131,-0.5,957.6709731007685,7839.680018126739
93.4,3.7728838144481323,-0.5,957.85961734547,7839.6940834818015
93.45,3.7478838144481337,-0.5,958.047011589814,7839.708152681364
93.5,3.722883814448135,-0.5,958.2331558338003,7839.722225725425
93.55000000000001,3.6978838144481294,-0.5,958.4180500774289,7839.736302554382
93.60000000000001,3.672883814448131,-0.5,958.6016943206997,7839.750383227838
93.65,3.6478838144481323,-0.5,958.784088563613,7839.764467686189
93.7,3.6228838144481337,-0.5,958.9652328061685,7839.778556108249
93.75,3.597883814448135,-0.5,959.1451270483664,7839.792648494018
93.80000000000001,3.5728838144481294,-0.5,959.3237712902064,7839.806744724287
93.85000000000001,3.547883814448131,-0.5,959.501165531689,7839.820844918264
93.9,3.5228838144481323,-0.5,959.6773097728138,7839.834948837532
93.95,3.4978838144481337,-0.5,959.852204013581,7839.849056631101
94.0,3.472883814448135,-0.5,960.0258482539904,7839.863168328775
94.05000000000001,3.4478838144481294,-0.5,960.1982424940422,7839.877283602727
94.10000000000001,3.422883814448131,-0.5,960.3693867337364,7839.891402810586
94.15,3.3978838144481323,-0.5,960.5392809730728,7839.905525684131
94.2,3.3728838144481337,-0.5,960.7079252120515,7839.919652402175
94.25,3.347883814448135,-0.5,960.8753194506726,7839.933782905115
94.30000000000001,3.3228838144481294,-0.5,961.041463688936,7839.947917192949
94.35000000000001,3.297883814448131,-0.5,961.2063579268417,7839.962055325283
94.4,3.2728838144481323,-0.5,961.3700021643897,7839.976197212709
94.45,3.2478838144481337,-0.5,961.5323964015801,7839.990342914833
94.5,3.222883814448135,-0.5,961.6935406384127,7840.004492491258
94.55000000000001,3.1978838144481294,-0.5,961.8534348748877,7840.018645882381
94.60000000000001,3.172883814448131,-0.5,962.012079111005,7840.032803118003
94.65,3.1478838144481323,-0.5,962.1694733467646,7840.046964019311
94.7,3.1228838144481337,-0.5,962.3256175821666,7840.061128765119
94.75,3.097883814448135,-0.5,962.4805118172109,7840.075297325624
94.80000000000001,3.0728838144481294,-0.5,962.6341560518974,7840.089469611419
94.85000000000001,3.047883814448131,-0.5,962.7865502862263,7840.103645801319
94.9,3.0228838144481323,-0.5,962.9376945201976,7840.117825805915
94.95,2.9978838144481337,-0.5,963.0875887538112,7840.132009595407
95.0,2.972883814448135,-0.5,963.2362329870671,7840.146197259201
95.05000000000001,2.9478838144481294,-0.5,963.3836272199653,7840.160388678087
95.10000000000001,2.922883814448131,-0.5,963.5297714525059,7840.174583971275
95.15,2.8978838144481323,-0.5,963.6746656846888,7840.188783168567
95.2,2.8728838144481337,-0.5,963.8183099165138,7840.202986031545
95.25,2.847883814448135,-0.5,963.9607041479813,7840.217192649616
95.30000000000001,2.8228838144481294,-0.5,964.1018483790912,7840.231402992977
95.35000000000001,2.797883814448131,-0.5,964.2417426098433,7840.245617240442
95.4,2.7728838144481323,-0.5,964.3803868402379,7840.259834885372
95.45,2.7478838144481337,-0.5,964.5177810702745,7840.274056046976
95.5,2.722883814448135,-0.5,964.6539252999537,7840.288280635847
95.55000000000001,2.6978838144481294,-0.5,964.7888195292752,7840.302508651985
95.60000000000001,2.672883814448131,-0.5,964.9224637582389,7840.316740035785
95.65,2.6478838144481323,-0.5,965.0548579868449,7840.330974966062
95.7,2.6228838144481337,-0.5,965.1860022150933,7840.345213293804
95.75,2.597883814448135,-0.5,965.315896442984,7840.359454899801
95.80000000000001,2.5728838144481294,-0.5,965.4445406705171,7840.373699962867
95.85000000000001,2.547883814448131,-0.5,965.5719348976924,7840.3879483339915
95.9,2.5228838144481323,-0.5,965.69807912451,7840.402200370801
95.95,2.4978838144481337,-0.5,965.8229733509701,7840.416456192506
96.0,2.472883814448135,-0.5,965.9466175770723,7840.430715679897
96.05000000000001,2.4478838144481294,-0.5,966.0690118028169,7840.444978773368
96.10000000000001,2.422883814448131,-0.5,966.1901560282039,7840.459245443119
96.15,2.3978838144481323,-0.5,966.3100502532332,7840.473515838159
96.2,2.3728838144481337,-0.5,966.4286944779049,7840.487789809478
96.25,2.347883814448135,-0.5,966.5460887022188,7840.5020672974715
96.30000000000001,2.3228838144481294,-0.5,966.662232926175,7840.5163482723365
96.35000000000001,2.297883814448131,-0.5,966.7771271497735,7840.530632883085
96.4,2.2728838144481323,-0.5,966.8907713730144,7840.544921010507
96.45,2.2478838144481337,-0.5,967.0031655958976,7840.559212714208
96.5,2.222883814448135,-0.5,967.1143098184231,7840.573507845176
96.55000000000001,2.1978838144481294,-0.5,967.224204040591,7840.587806463016
96.60000000000001,2.172883814448131,-0.5,967.3328482624012,7840.602108567728
96.65,2.1478838144481323,-0.5,967.4402424838537,7840.6164141295085
96.7,2.1228838144481337,-0.5,967.5463867049485,7840.6307232079635
96.75,2.097883814448135,-0.5,967.6512809256857,7840.6450356242785
96.80000000000001,2.0728838144481294,-0.5,967.7549251460651,7840.659351646675
96.85000000000001,2.047883814448131,-0.5,967.8573193660869,7840.6736710665355
96.9,2.0228838144481323,-0.5,967.958463585751,7840.687993883861
96.95,1.9978838144481337,-0.5,968.0583578050573,7840.702320188058
97.0,1.972883814448135,-0.5,968.1570020240061,7840.716649770511
97.05000000000001,1.9478838144481294,-0.5,968.2543962425972,7840.730982690824
97.10000000000001,1.9228838144481308,-0.5,968.3505404608305,7840.745318889392
97.15,1.8978838144481323,-0.5,968.4454346787062,7840.759658455623
97.2,1.8728838144481337,-0.5,968.5390788962243,7840.774001449121
97.25,1.847883814448135,-0.5,968.6314731133847,7840.78834766127
97.30000000000001,1.8228838144481294,-0.5,968.7226173301873,7840.802697002662
97.35000000000001,1.7978838144481308,-0.5,968.8125115466322,7840.817049592508
97.4,1.7728838144481323,-0.5,968.9011557627196,7840.831405669225
97.45,1.7478838144481337,-0.5,968.9885499784492,7840.845764845384
97.5,1.722883814448135,-0.5,969.0746941938212,7840.860127240194
97.55000000000001,1.6978838144481294,-0.5,969.1595884088355,7840.874492764247
97.60000000000001,1.6728838144481308,-0.5,969.2432326234921,7840.8888613877425
97.65,1.6478838144481323,-0.5,969.325626837791,7840.9032333789
97.7,1.6228838144481337,-0.5,969.4067710517322,7840.917608439697
97.75,1.597883814448135,-0.5,969.4866652653158,7840.931986689342
97.80000000000001,1.5728838144481294,-0.5,969.5653094785417,7840.946367978824
97.85000000000001,1.5478838144481308,-0.5,969.6427036914099,7840.960752486957
97.9,1.5228838144481323,-0.5,969.7188479039205,7840.975140005125
97.95,1.4978838144481337,-0.5,969.7937421160733,7840.989530503524
98.0,1.472883814448135,-0.5,969.8673863278685,7841.003924220575
98.05000000000001,1.4478838144481294,-0.5,969.939780539306,7841.018320858253
98.10000000000001,1.4228838144481308,-0.5,970.0109247503858,7841.03272056557
98.15,1.3978838144481323,-0.5,970.080818961108,7841.047123223318
98.2,1.3728838144481337,-0.5,970.1494631714723,7841.061529069913
98.25,1.347883814448135,-0.5,970.2168573814791,7841.075937837137
98.30000000000001,1.3228838144481294,-0.5,970.2830015911283,7841.090349584592
98.35000000000001,1.2978838144481308,-0.5,970.3478958004197,7841.104764222873
98.4,1.2728838144481323,-0.5,970.4115400093533,7841.119181871189
98.45,1.2478838144481337,-0.5,970.4739342179295,7841.133602499736
98.5,1.222883814448135,-0.5,970.5350784261478,7841.14802628733
98.55000000000001,1.1978838144481294,-0.5,970.5949726340085,7841.162452965749
98.60000000000001,1.1728838144481308,-0.5,970.6536168415115,7841.176882684005
98.65,1.1478838144481323,-0.5,970.7110110486568,7841.1913152930865
98.7,1.1228838144481337,-0.5,970.7671552554445,7841.205750792993
98.75,1.097883814448135,-0.5,970.8220494618745,7841.220189064516
98.80000000000001,1.0728838144481294,-0.5,970.8756936679468,7841.234630226863
98.85000000000001,1.0478838144481308,-0.5,970.9280878736615,7841.249074756874
98.9,1.0228838144481323,-0.5,970.9792320790184,7841.2635238764415
98.95,0.9978838144481337,-0.5,971.0291262840177,7841.277977704776
99.0,0.9728838144481351,-0.5,971.0777704886593,7841.292436152471
99.05000000000001,0.9478838144481294,-0.5,971.1251646929433,7841.30689927913
99.10000000000001,0.9228838144481308,-0.5,971.1713088968695,7841.321367114557
99.15,0.8978838144481323,-0.5,971.2162031004381,7841.335839569343
99.2,0.8728838144481337,-0.5,971.2598473036489,7841.350316643489
99.25,0.8478838144481351,-0.5,971.3022415065021,7841.3647983966
99.30000000000001,0.8228838144481294,-0.5,971.3433857089977,7841.379284798873
99.35000000000001,0.7978838144481308,-0.5,971.3832799111356,7841.393775850309
99.4,0.7728838144481323,-0.5,971.4219241129157,7841.408271521104
99.45,0.7478838144481337,-0.5,971.4593183143381,7841.422771721853
99.5,0.7228838144481351,-0.5,971.495462515403,7841.437276303543
99.55000000000001,0.6978838144481294,-0.5,971.5303567161101,7841.451785593999
99.60000000000001,0.6728838144481308,-0.5,971.5640009164596,7841.466299533618
99.65,0.6478838144481323,-0.5,971.5963951164513,7841.480817973388
99.7,0.6228838144481337,-0.5,971.6275393160854,7841.49534106232
99.75,0.5978838144481351,-0.5,971.6574335153618,7841.509868621601
99.80000000000001,0.5728838144481294,-0.5,971.6860777142806,7841.524400681032
99.85000000000001,0.5478838144481308,-0.5,971.7134719128416,7841.538937270416
99.9,0.5228838144481323,-0.5,971.7396161110449,7841.553478330148
99.95,0.4978838144481337,-0.5,971.7645103088907,7841.568023919834
100.0,0.4728838144481351,-0.5,971.7881545063788,7841.582574039472
100.05000000000001,0.4478838144481294,-0.5,971.810548703509,7841.597128629459
100.10000000000001,0.42288381444813083,-0.5,971.8316929002817,7841.611687749399
100.15,0.39788381444813226,-0.5,971.8515870966968,7841.626251339687
100.2,0.3728838144481337,-0.5,971.870231292754,7841.640819400323
100.25,0.3478838144481351,-0.5,971.8876254884536,7841.655391931308
100.30000000000001,0.3228838144481294,-0.5,971.9037696837956,7841.669968902839
100.35000000000001,0.29788381444813083,-0.5,971.91866387878,7841.684550285114
100.4,0.27288381444813226,-0.5,971.9323080734065,7841.699136137737
100.45,0.24788381444813368,-0.5,971.9447022676754,7841.71372649051
100.5,0.2228838144481351,-0.5,971.9558464615867,7841.72832128383
100.55000000000001,0.1978838144481294,-0.5,971.9657406551403,7841.742920547498
100.60000000000001,0.17288381444813083,-0.5,971.9743848483362,7841.757524192108
100.65,0.14788381444813226,-0.5,971.9817790411744,7841.7721323070655
100.7,0.12288381444813368,-0.5,971.9879232336548,7841.786744862569
100.75,0.0978838144481351,-0.5,971.9928174257777,7841.801361709608
100.80000000000001,0.07288381444812941,-0.5,971.9964616175429,7841.815983116401
100.85000000000001,0.047883814448130835,-0.5,971.9988558089503,7841.830608993543
100.9,0.022883814448132256,-0.5,972.0000000000001,7841.845239281429
100.95,0.0,-0.5,972.0000000000001,7841.859874039663
