time_s,dist_m,velocity_mps,velocity_kmh
0.0,0.0,0.010109162878545186,0.03639298636276267
0.05,0.0016754140791991293,0.05690740028941999,0.20486664104191196
0.1,0.005592326860792621,0.09976911097431969,0.3591687995075509
0.15000000000000002,0.011564073532627141,0.1391007558990611,0.5007627212366199
0.2,0.019424312330840195,0.17530879602946106,0.6311116657060598
0.25,0.029027024539860134,0.20879969233133644,0.7516788923928112
0.30000000000000004,0.04024651449240615,0.23997990577050402,0.8639276607738144
0.35000000000000003,0.05297740956948831,0.2692558973127823,0.9693212303260164
0.4,0.06711406797040026,0.2962104387236957,1.0663575794053044
0.45,0.08262830277534097,0.3243589534739331,1.1676922325061592
0.5,0.09952660505122146,0.3515731375612867,1.2656632952206321
0.55,0.11776358503307917,0.37790606171302144,1.3604618221668772
0.6000000000000001,0.13729651017320574,0.40341094389204174,1.4522793980113502
0.65,0.158085347515161,0.4281425497861694,1.54131317923021
0.7000000000000001,0.18009283678784355,0.45215702112113176,1.6277652760360743
0.75,0.2032845549152106,0.4755117039735508,1.711842134304783
0.8,0.227630111530991,0.49831056065766466,1.793918018367593
0.8500000000000001,0.25310146153357155,0.5205434394455581,1.8739563820040093
0.9,0.2796729799022992,0.5423172953035491,1.952342263092777
0.9500000000000001,0.3073178712480201,0.5634783585252872,2.028522090691034
1.0,0.33600759417905623,0.584110558716157,2.1027980113781655
1.05,0.3657200800668122,0.6043888767940837,2.1757999564587016
1.1,0.3964412595710786,0.624458303376571,2.248049892155656
1.1500000000000001,0.4281607697622626,0.6443221042707866,2.3195595753748317
1.2000000000000002,0.4608679072995769,0.6639633972217852,2.390268229998427
1.25,0.494553946437406,0.6834781682913802,2.4605214058489686
1.3,0.5292177429715473,0.7030736930742709,2.5310652950673753
1.35,0.5648645527089656,0.7227986964224611,2.60207530712086
1.4000000000000001,0.6015014893607724,0.7426787696498113,2.6736435707393205
1.4500000000000002,0.6391401901455708,0.7628692617421247,2.746329342271649
1.5,0.6777999181165987,0.7835198570989904,2.8206714855563657
1.55,0.7175014535872263,0.8045415617261142,2.8963496222140113
1.6,0.7582642782668351,0.8259714254582387,2.9734971316496592
1.6500000000000001,0.8001078342990564,0.847770815830614,3.0519749369902103
1.7000000000000002,0.8430557493684562,0.8701457869453748,3.1325248330033495
1.75,0.8871384119250945,0.893160715320156,3.2153785751525614
1.8,0.9323850256482353,0.9167038336054765,3.300133800979715
1.85,0.9788200829460963,0.9406984583089641,3.386514449912271
1.9000000000000001,1.0264664863273278,0.9651576769402955,3.4745676369850638
1.9500000000000002,1.0753473309369224,0.9900761074434816,3.564273986796534
2.0,1.1254858847587699,1.0154660454304163,3.6556777635494986
2.0500000000000003,1.1769041415637231,1.0412642267677104,3.7485512163637575
2.1,1.2296211619898367,1.0674165902768311,3.842699724996592
2.15,1.2836537733813131,1.0938878653822228,3.9379963153760023
2.2,1.3390178638485608,1.120675753307679,4.034432711907645
2.25,1.3957277669884294,1.147720372287063,4.131793340233427
2.3000000000000003,1.4537985527822608,1.1751110594661909,4.230399814078288
2.35,1.5132474544315975,1.20284500650728,4.330242023426208
2.4000000000000004,1.5740896063089838,1.2308410685881697,4.431027846917411
2.45,1.6363389482720088,1.259132609932832,4.532877395758195
2.5,1.7000100556708393,1.2877116860203937,4.635762069673417
2.5500000000000003,1.7651164880524652,1.3165456092446481,4.739564193280733
2.6,1.8316715391675096,1.3456564353571239,4.844363167285646
2.6500000000000004,1.8996877057184287,1.37499022667964,4.9499648160467045
2.7,1.9691770516654559,1.4045836112014434,5.056501000325197
2.75,2.0401507008575064,1.4343623564805703,5.163704483330053
2.8000000000000003,2.112613469508751,1.4641483895692218,5.270934202449198
2.85,2.1865655535675717,1.4939349727836038,5.3781659020209736
2.9000000000000004,2.2620074049373757,1.523739082008554,5.4854606952307945
2.95,2.338937451370716,1.5534627753250516,5.592465991170186
3.0,2.417351760181588,1.583109577109836,5.69919447759541
3.0500000000000003,2.4972460212576197,1.6126608659314297,5.805579117353147
3.1,2.5786136757063525,1.6420453120178808,5.911363123264371
3.1500000000000004,2.661446817929081,1.6712803768912716,6.016609356808578
3.2,2.7457375361303304,1.7003483511586959,6.121254064171305
3.25,2.831478240011217,1.7292798040767678,6.225407294676365
3.3000000000000003,2.918665256129844,1.7582008406683083,6.32952302640591
3.35,3.0072960552292916,1.7870311233096028,6.433312043914571
3.4000000000000004,3.0973663252197907,1.815779676310362,6.536806834717304
3.45,3.1888729972663117,1.8444872055504722,6.6401539399817
3.5,3.2818136842390064,1.8731402733573184,6.743304984086346
3.5500000000000003,3.3761861591148827,1.901758721677739,6.846331398039861
3.6,3.471987653491595,1.9303010533907492,6.9490837922066975
3.6500000000000004,3.569216245914593,1.9588426435291701,7.051833516705012
3.7,3.6678740676989667,1.987470227845776,7.154892820244794
3.75,3.7679625543213717,2.016069237050429,7.257849253381544
3.8000000000000003,3.8694783330092033,2.0445619104628348,7.360422877666205
3.85,3.9724188363664767,2.073058223828105,7.463009605781179
3.9000000000000004,4.076784541970717,2.1015700003415283,7.565652001229502
3.95,4.182575496720584,2.1300681896531284,7.668245482751263
4.0,4.2897896213454505,2.158496795341548,7.770588463229574
4.05,4.398423930554533,2.1868755730217666,7.87275206287836
4.1000000000000005,4.508478287248512,2.2152986947373963,7.975075301054627
4.15,4.619953354450437,2.243703993339584,8.077334376022502
4.2,4.732846874814399,2.272036821218891,8.179332556388008
4.25,4.847157128043216,2.300373307933813,8.281343908561727
4.3,4.962884963671357,2.328740117191793,8.383464421890455
4.3500000000000005,5.080031590255141,2.357124946159581,8.485649806174493
4.4,5.198597848809451,2.3855253960128002,8.587891425646081
4.45,5.318582903670789,2.413876798440729,8.689956474386625
4.5,5.439984834276537,2.44220042578918,8.791921532841048
4.55,5.562803473570223,2.470545145958271,8.893962525449775
4.6000000000000005,5.687038592899402,2.498859627208878,8.995894657951961
4.65,5.812690684967809,2.527224055527391,9.098006599898609
4.7,5.939762483680614,2.555647892984816,9.200332414745338
4.75,6.068254402297078,2.584028851673744,9.302503866025479
4.800000000000001,6.198162758243109,2.612305386167502,9.404299390203008
4.8500000000000005,6.329480529087481,2.6404054476073746,9.505459611386549
4.9,6.462198878215624,2.6683285175183338,9.605982663066001
4.95,6.596309174028121,2.696083314981525,9.705899933933491
5.0,6.731802197379578,2.723637619076756,9.805095428676323
5.050000000000001,6.8686711356641945,2.7511199123079186,9.904031684308507
5.1000000000000005,7.006914551321984,2.7786167140036566,10.003020170413164
5.15,7.1465317846086,2.8060726174610044,10.101861422859617
5.2,7.287523384402868,2.833591374309729,10.200928947515026
5.25,7.429897078496097,2.8613563894194427,10.300883001909995
5.300000000000001,7.573664950828665,2.889358503883257,10.401690613979726
5.3500000000000005,7.718840139844577,2.9176490567532314,10.503536604311634
5.4,7.865436879550052,2.9462205314657908,10.606393913276847
5.45,8.01346579171285,2.9749359550461043,10.709769438165976
5.5,8.162933791215725,3.003784025068877,10.813622490247958
5.550000000000001,8.313846138342573,3.0327098600050117,10.917755496018042
5.6000000000000005,8.466205624751632,3.061669596357373,11.022010546886543
5.65,8.620015628706456,3.0907305618356054,11.126630022608179
5.7,8.775279564780806,3.1198268811383985,11.231376772098235
5.75,8.931999161043862,3.1489569693838155,11.336245089781736
5.800000000000001,9.090176680212192,3.178143797349403,11.44131767045785
5.8500000000000005,9.24981449674564,3.207368863988547,11.54652791035877
5.9,9.41091481912332,3.2366440311186024,11.651918512026969
5.95,9.573479680455398,3.265950422164485,11.757421519792146
6.0,9.737510506057724,3.29528260192856,11.863017366942817
6.050000000000001,9.903010979234843,3.3247363251562065,11.969050770562344
6.1000000000000005,10.069985916529289,3.3542611666216464,12.075340199837928
6.15,10.238435887261074,3.383737662649787,12.181455585539233
6.2,10.408360709228312,3.413255216039705,12.287718777742938
6.25,10.579762652708338,3.44282252316137,12.394161083380931
6.300000000000001,10.752642520917789,3.4723722052166472,12.50053993877993
6.3500000000000005,10.926998751248046,3.5018770079936754,12.606757228777232
6.4,11.102828589416678,3.53131651875158,12.712739467505688
6.45,11.280130435905871,3.5607573408161777,12.81872642693824
6.5,11.458903494321907,3.5901649958252766,12.924593984970995
6.550000000000001,11.639143257305337,3.6194255235119295,13.029931884642947
6.6000000000000005,11.820843376313091,3.648579236798267,13.134885252473762
6.65,12.003999603891646,3.6776698663439333,13.23961151883816
6.7,12.188608101746219,3.706670047838951,13.344012172220223
6.75,12.374664768309387,3.73559661468774,13.448147812875865
6.800000000000001,12.562164537348785,3.764394146888179,13.551818928797445
6.8500000000000005,12.75109989827083,3.7930202899935868,13.654873043976913
6.9,12.941462445139827,3.8214815847662855,13.757333705158628
6.95,13.133239727092873,3.8496096933555215,13.858594896079877
7.0,13.326417570535607,3.8775040443538384,13.959014559673818
7.050000000000001,13.52098601240502,3.9052336304226376,14.058841069521495
7.1000000000000005,13.716937224608818,3.932814857729303,14.158133487825491
7.15,13.914265101819108,3.960300230682299,14.257080830456278
7.2,14.112965595384777,3.987719511944474,14.355790243000108
7.25,14.313036280951607,4.015107910728755,14.45438847862352
7.300000000000001,14.514478316264784,4.042573501798336,14.553264606474011
7.3500000000000005,14.717295408315415,4.070110180226959,14.652396648817053
7.4,14.921493851070398,4.097827529972379,14.752179107900567
7.45,15.127083160371269,4.125744842062447,14.852681431424811
7.5,15.334069581175173,4.153711990093723,14.953363164337404
7.550000000000001,15.54245375042561,4.181654779923711,15.053957207725361
7.6000000000000005,15.752235224684103,4.209604190416036,15.154575085497731
7.65,15.963411847759243,4.237460732589537,15.254858637322334
7.7,16.175981000713957,4.265305385599051,15.355099388156583
7.75,16.38994173928561,4.29312415726713,15.455246966161667
7.800000000000001,16.605292222941213,4.320895188956959,15.555222680245052
7.8500000000000005,16.822030106622602,4.3486201582985595,15.655032569874814
7.9,17.040153670975137,4.376322415802857,15.754760696890285
7.95,17.25966150816853,4.403991071932856,15.85436785895828
8.0,17.48055468434241,4.4317359750223275,15.954249510080379
8.05,17.70283623088082,4.459525886513942,16.054293191450192
8.1,17.926508139921363,4.487350475107772,16.15446171038798
8.15,18.151571759844863,4.5151943218321975,16.254699558595913
8.200000000000001,18.378027985770338,4.543054715186756,16.35499697467232
8.25,18.605877119104804,4.570910618191919,16.455278225490908
8.3,18.83511921157776,4.598773080726268,16.555583090614565
8.35,19.06575424074632,4.62662808601619,16.655861109658286
8.4,19.29778415462797,4.6545684692498615,16.756446489299503
8.450000000000001,19.531212351803166,4.682559417757978,16.85721390392872
8.5,19.766038705702236,4.71049473820476,16.957781057537137
8.55,20.0022618212084,4.738429882041838,17.058347575350616
8.6,20.239883403639066,4.766433415184873,17.159160294665543
8.65,20.478904933544754,4.794427781042724,17.259940011753805
8.700000000000001,20.719325403495827,4.822391017000167,17.360607661200604
8.75,20.961142655713967,4.850299071725479,17.461076658211724
8.8,21.20435577498349,4.87822569905542,17.561612516599514
8.85,21.448966499459765,4.906203279995532,17.662331807983918
8.9,21.694975376591895,4.934151805289627,17.76294649904266
8.950000000000001,21.94238147197637,4.962092010089263,17.863531236321347
9.0,22.191186132370696,4.990094405683819,17.96433986046175
9.05,22.44139140169809,5.018116367411974,18.065218922683105
9.1,22.692998251307525,5.046157616965448,18.166167421075613
9.15,22.946007783144324,5.074223656506481,18.267205163423334
9.200000000000001,23.200421104289667,5.102309189307259,18.36831308150613
9.25,23.45623952157685,5.130427502180118,18.469539007848425
9.3,23.713463194304474,5.158519406924794,18.57066986492926
9.35,23.97209099416654,5.186592587557825,18.67173331520817
9.4,24.23212305972439,5.214690034756254,18.772884125122516
9.450000000000001,24.493559328692317,5.242760723960843,18.873938606259035
9.5,24.756398904783456,5.27082231968467,18.974960350864812
9.55,25.020640974336068,5.298860462419867,19.075897664711523
9.600000000000001,25.286283254000878,5.3268307241725426,19.176590607021154
9.65,25.553322342856745,5.354732830062102,19.277038188223568
9.700000000000001,25.821753582955516,5.382516773888661,19.37706038599918
9.75,26.091572104383214,5.41022408321921,19.476806699589154
9.8,26.362775915120473,5.437928346271136,19.57654204657609
9.850000000000001,26.635363497956885,5.465574967185392,19.676069881867413
9.9,26.90933151617413,5.493145761504402,19.775324741415847
9.950000000000001,27.184678478555153,5.520732733736423,19.874637841451126
10.0,27.461405642416366,5.548353820712174,19.97407375456383
10.05,27.73951453286177,5.576001797103892,20.073606469574013
10.100000000000001,28.01900618445455,5.603664266607321,20.173191359786358
10.15,28.299880761539878,5.6313188168057335,20.27274774050064
10.200000000000001,28.582138690190142,5.658998329204801,20.372393985137283
10.25,28.865778490389452,5.686593678767664,20.471737243563588
10.3,29.150795095298335,5.714070517587572,20.57065386331526
10.350000000000001,29.43718498659786,5.741525134393392,20.66949048381621
10.4,29.72494782999343,5.7689886014294025,20.76835896514585
10.450000000000001,30.014083599288956,5.7964421703916,20.86719181340976
10.5,30.304592778006626,5.823924978315161,20.96612992193458
10.55,30.59647590980302,5.851400293540491,21.06504105674577
10.600000000000001,30.889731960145575,5.878841720161732,21.163830192582235
10.65,31.184358554303127,5.906222046140363,21.262399366105306
10.700000000000001,31.480350865067084,5.933470384417854,21.360493383904274
10.75,31.777704162510865,5.960661513333431,21.458381448000353
10.8,32.07641651754155,5.9878326878940555,21.556197676418602
10.850000000000001,32.37648595095352,6.014944648584665,21.653800734904795
10.9,32.67791087651378,6.042052373825495,21.751388545771782
10.950000000000001,32.9806924625691,6.069211068387444,21.8491598461948
11.0,33.28483438738344,6.096465924186106,21.94727732706998
11.05,33.590342209597374,6.123846964371305,22.045849071736697
11.100000000000001,33.89722165461895,6.151330836491906,22.14479101137086
11.15,34.20547979642675,6.1789948358198865,22.244381408951593
11.200000000000001,34.51512616744694,6.2068600049876705,22.344696017955613
11.25,34.82616760504202,6.234797498815913,22.44527099573729
11.3,35.13860669673556,6.262766168925446,22.545958208131605
11.350000000000001,35.45244652032549,6.290826774671714,22.64697638881817
11.4,35.76768980619338,6.318904660044022,22.748056776158478
11.450000000000001,36.0843375580025,6.3470054123207005,22.84921948435452
11.5,36.4023912022486,6.375140357523195,22.9505052870835
11.55,36.72185217544551,6.403298570353308,23.051874853271908
11.600000000000001,37.04272147030418,6.431473223993315,23.153303606375935
11.65,37.36499887750504,6.4596230640409855,23.254643030547548
11.700000000000001,37.68868238863653,6.487717381218646,23.355782572387128
11.75,38.01377046021397,6.51580548187902,23.45689973476447
11.8,38.34026152637485,6.543837164556457,23.55781379240325
11.850000000000001,38.668153338122494,6.571835305349106,23.658607099256784
11.9,38.99744454666927,6.599813036522037,23.759326931479333
11.950000000000001,39.32813412030421,6.627769908875621,23.859971671952234
12.0,39.66022122972196,6.6557144678344,23.960572084203843
12.05,39.99370507644838,6.68363940122239,24.061101844400604
12.100000000000001,40.32858490751328,6.711553841373727,24.161593828945417
12.15,40.664861933283014,6.739527189415456,24.26229788189564
12.200000000000001,41.00253703725603,6.767476969505253,24.36291709021891
12.25,41.34160670189233,6.795309615946571,24.463114617407655
12.3,41.68206586388486,6.8230568637546005,24.563004709516562
12.350000000000001,42.023910530636776,6.850729806322186,24.66262730275987
12.4,42.367136425342004,6.878305981886932,24.761901534792955
12.450000000000001,42.71173762745216,6.905742102519393,24.860671569069815
12.5,43.057707018877366,6.933033554488863,24.958920796159905
12.55,43.40503924450608,6.960255470659538,25.056919694374336
12.600000000000001,43.7537298090052,6.9873671093055,25.154521593499798
12.65,44.103770517074686,7.014261213474045,25.25134036850656
12.700000000000001,44.455153199110896,7.041046067974216,25.34776584470718
12.75,44.80787315510665,7.067752171855826,25.443907818680973
12.8,45.16192536088637,7.094336059332985,25.539609813598748
12.850000000000001,45.51730479329695,7.1208412370901,25.63502845352436
12.9,45.874007890145556,7.147282636854048,25.730217492674573
12.950000000000001,46.232032824210506,7.173714725744061,25.825373012678618
13.0,46.59138135371387,7.20022645439061,25.9208152358062
13.05,46.952056735453084,7.226788815178019,26.01643973464087
13.100000000000001,47.314063725377,7.253490781778348,26.112566814402054
13.15,47.67740951671917,7.280340871908589,26.20922713887092
13.200000000000001,48.04210032803876,7.307291580874631,26.306249691148672
13.25,48.408141074215095,7.33433826617884,26.403617758243822
13.3,48.775536200141055,7.361466770859417,26.501280375093902
13.350000000000001,49.14428881662163,7.388637888363624,26.599096398109047
13.4,49.5144013220473,7.415862328663055,26.697104383186996
13.450000000000001,49.885873644405855,7.4430305656791,26.79491003644476
13.5,50.25870390987245,7.4701800529846585,26.892648190744772
13.55,50.63289257557246,7.497366575015759,26.990519670056734
13.600000000000001,51.00843955366016,7.524512548492294,27.088245174572258
13.65,51.385342541770605,7.551606975925576,27.185785113332077
13.700000000000001,51.76360128262691,7.578742658326451,27.283473569975225
13.75,52.143216943865255,7.605883791207462,27.381181648346864
13.8,52.52418950125331,7.633018504314766,27.478866615533157
13.850000000000001,52.9065183990884,7.660137409088663,27.57649467271919
13.9,53.290202460752376,7.687225057470511,27.67401020689384
13.950000000000001,53.67524048721038,7.714296000849762,27.771465603059145
14.0,54.06163190011366,7.741360515281304,27.868897855012694
14.05,54.44937613809276,7.7684090038827325,27.966272413977837
14.100000000000001,54.83847418778023,7.795512983615977,28.063846741017517
14.15,55.22892859807762,7.822663428279709,28.161588341806954
14.200000000000001,55.62074105572106,7.84983487745798,28.259405558848727
14.25,56.0139125109618,7.877023332171484,28.357283995817344
14.3,56.40844368752086,7.90422373019072,28.455205428686593
14.350000000000001,56.80433454467213,7.931410555860078,28.55307800109628
14.4,57.20158377654461,7.958558719039018,28.650811388540465
14.450000000000001,57.60018912811418,7.985655343743747,28.748359237477487
14.5,58.00014933215345,8.012752817826915,28.845910144176894
14.55,58.40146412855356,8.039839038177583,28.943420537439298
14.600000000000001,58.80413043812479,8.066813344671449,29.040528040817215
14.65,59.208143772430184,8.093720027544396,29.13739209915983
14.700000000000001,59.613502099838826,8.120613068801207,29.234207047684347
14.75,60.020204220652765,8.147471763756348,29.330898349522855
14.8,60.42824833566479,8.174292836724671,29.42745421220882
14.850000000000001,60.837632597091144,8.2010776203295,29.5238794331862
14.9,61.24835758086703,8.227921730705834,29.620518230541002
14.950000000000001,61.660426564093626,8.25483759835803,29.71741535408891
15.0,62.07384074201416,8.281729518463505,29.81422626646862
15.05,62.48859974767268,8.308630707877148,29.911070548357735
15.100000000000001,62.90470546910693,8.335598149492888,30.0081533381744
15.15,63.322160499800354,8.362603078244184,30.105371081679063
15.200000000000001,63.74096665923598,8.389643299180715,30.202715877050576
15.25,64.16112556720351,8.416713019520339,30.30016687027322
15.3,64.58263861631377,8.443808944889904,30.397712201603653
15.350000000000001,65.00550754024486,8.470948012353697,30.495412844473307
15.4,65.42973327845881,8.498081516203985,30.593093458334348
15.450000000000001,65.85531624000835,8.52523694577746,30.690853004798853
15.5,66.28225826848764,8.552444193394166,30.788799096218998
15.55,66.71056047528614,8.579644078546016,30.886718682765657
15.600000000000001,67.14022264136499,8.60684256460793,30.98463323258855
15.65,67.57124387650279,8.634006840904314,31.082424627255534
15.700000000000001,68.00362195755783,8.661116401297265,31.180019044670157
15.75,68.43735456526072,8.68818790681835,31.27747646454606
15.8,68.8724383217367,8.715162352220691,31.374584467994488
15.850000000000001,69.30886913729759,8.742070270215438,31.471452972775577
15.9,69.74664536795932,8.768978956253768,31.568324242513565
15.950000000000001,70.1857653552706,8.79582053619798,31.664953930312727
16.0,70.6262249613149,8.822563705574076,31.761229340066674
16.05,71.0680210988489,8.849281795786,31.857414464829603
16.1,71.51115278613118,8.875985695505182,31.953548503818656
16.150000000000002,71.95561902982462,8.902664052232243,32.049590588036075
16.2,72.40141853513325,8.929316160113027,32.145538176406895
16.25,72.84855065510418,8.955968638724013,32.24148709940645
16.3,73.29701518926122,8.982612727557772,32.33740581920798
16.35,73.74681108838489,9.009223237389298,32.43320365460147
16.400000000000002,74.19793508570322,9.035736655344268,32.52865195923936
16.45,74.65038344534112,9.06219773017143,32.62391182861715
16.5,75.10415382189959,9.088617332167393,32.71902239580262
16.55,75.5592438035915,9.114981935509297,32.81393496783347
16.6,76.01565075719334,9.141296208564567,32.90866635083244
16.650000000000002,76.473372253942,9.167563661381973,33.003229180975104
16.7,76.93240622383485,9.193795134331772,33.097662483594384
16.75,77.39275206728215,9.220038603560457,33.192138972817645
16.8,77.85441012832808,9.24628383827727,33.28662181779817
16.85,78.31738358333581,9.27265436203205,33.38155570331538
16.900000000000002,78.78168048602757,9.299221745638473,33.4771982842985
16.95,79.24730933420867,9.325932181605193,33.57335585377869
17.0,79.71427632027256,9.352747260950855,33.669890139423075
17.05,80.18258867808417,9.37974705151365,33.76708938544914
17.1,80.65225446423808,9.406884394642649,33.86478382071354
17.150000000000002,81.1232801093235,9.434141408774336,33.96290907158761
17.2,81.5956707544662,9.461484396933521,34.06134382896068
17.25,82.06943157613972,9.488948470007557,34.16021449202721
17.3,82.54456906253299,9.51655098572304,34.25958354860295
17.35,83.021088253019,9.544216633717546,34.35917988138317
17.400000000000002,83.49899187424846,9.571928215460801,34.45894157565888
17.45,83.97828432120582,9.599769662833303,34.55917078619989
17.5,84.45897109571614,9.627701317579625,34.65972474328665
17.55,84.94105698296411,9.655734172339338,34.76064302042162
17.6,85.42454689600163,9.683862349161112,34.86190445698001
17.650000000000002,85.90944508687596,9.712065285812004,34.963435028923215
17.7,86.39575523119454,9.740340486930918,35.06522575295131
17.75,86.88348050886066,9.768670619713657,35.167214230969165
17.8,87.37262301562603,9.797029650901285,35.26930674324463
17.85,87.86318501707807,9.825450407180004,35.371621465848015
17.900000000000002,88.35516806128324,9.85387136102658,35.47393689969569
17.95,88.8485710640082,9.882248747971584,35.5760954926977
18.0,89.3433915020735,9.910568774640792,35.67804758870685
18.05,89.83962496893822,9.938769899947893,35.77957163981242
18.1,90.33726514860058,9.96683728654633,35.88061423156679
18.150000000000002,90.83630419439781,9.994724545343216,35.981008363235574
18.2,91.33673281062279,10.022420103656177,36.08071237316224
18.25,91.83854336183093,10.050001944669061,36.18000700080862
18.3,92.34172937658504,10.077438645495127,36.278779123782456
18.35,92.84628230537446,10.10467850608191,36.37684262189488
18.400000000000002,93.35219432892545,10.13180243595751,36.47448876944704
18.45,93.85946098175687,10.158863677299315,36.571909238277534
18.5,94.36807810776551,10.185821363046486,36.66895690696735
18.55,94.87803976414892,10.212644892289653,36.76552161224275
18.6,95.38933878571105,10.239315970195346,36.86153749270325
18.650000000000002,95.90196755743527,10.265834898773626,36.957005635585055
18.7,96.41592012423513,10.292267773220509,37.052163983593836
18.75,96.9311912217629,10.318576127890658,37.14687406040637
18.8,97.44777680903859,10.344847363136587,37.24145050729172
18.85,97.965676063095,10.371122799120323,37.33604207683317
18.900000000000002,98.48488880781711,10.397386989763843,37.43059316314984
18.95,99.00541541429652,10.423677269412678,37.52523816988565
19.0,99.52725715807667,10.44999248179288,37.61997293445437
19.05,100.05041538862439,10.476336740116075,37.71481226441787
19.1,100.57489224155718,10.50273737719544,37.80985455790359
19.150000000000002,101.10068929922284,10.5291449294306,37.90492174595016
19.200000000000003,101.62780763902404,10.555588662617602,38.000119185423365
19.25,102.15624980963243,10.58209816171794,38.09555338218459
19.3,102.68601682929221,10.608582624673637,38.1908974488251
19.35,103.21710689262957,10.635019908820968,38.28607167175549
19.400000000000002,103.74952064384033,10.661530139609217,38.381508502593185
19.450000000000003,104.28326144298714,10.688101826263093,38.477166574547134
19.5,104.81833336393335,10.714775011585527,38.573190041707896
19.55,105.35474165002971,10.741556432269066,38.66960315616864
19.6,105.8924935856746,10.768520993526522,38.766675576695484
19.650000000000002,106.4315997793312,10.795726752737234,38.86461630985404
19.700000000000003,106.97207077339137,10.82311300966942,38.96320683480992
19.75,107.51391609246633,10.850699753329334,39.0625191119856
19.8,108.05714888218593,10.878611835454661,39.163002607636784
19.85,108.60178587188697,10.906867752587186,39.26472390931387
19.900000000000002,109.14784411344783,10.93546190984702,39.36766287544927
19.950000000000003,109.69534147577649,10.964432583299223,39.471957299877204
20.0,110.24429531432021,10.993720958449753,39.57739545041911
20.05,110.79471978751242,11.023257969238628,39.68372868925906
20.1,111.34662679855263,11.053022472369848,39.790880900531455
20.150000000000002,111.90002770722371,11.083013874473329,39.89884994810399
20.200000000000003,112.45493635396774,11.113331995287636,40.00799518303549
20.25,113.01136869469632,11.143961633855636,40.11826188188029
20.3,113.56934093339807,11.174927914214283,40.22974049117142
20.35,114.12887146496986,11.206293348657592,40.34265605516733
20.400000000000002,114.68998157613865,11.238111098093844,40.45719995313784
20.450000000000003,115.25269627655219,11.270476918447669,40.573716906411605
20.5,115.81704463436769,11.303457394172302,40.69244661902029
20.55,116.38305796401214,11.33707579160555,40.81347284977998
20.6,116.95077035581333,11.371419880442001,40.93711156959121
20.650000000000002,117.52021817070903,11.406492715385804,41.0633737753889
20.700000000000003,118.09143378881592,11.442132008889864,41.19167523200351
20.75,118.66444482838504,11.47830957387486,41.3219144659495
20.8,119.23927985881929,11.51509164349481,41.454329916581315
20.85,119.81596781753873,11.552426705283048,41.58873613901898
20.900000000000002,120.3945360738253,11.590303546179554,41.72509276624639
20.950000000000003,120.97501083041298,11.628686717328288,41.863272182381834
21.0,121.55741824715165,11.66760995221817,42.003395827985415
21.05,122.14178435149755,11.707034221617787,42.145323197824034
21.1,122.72813151516185,11.746852324954025,42.28866836983449
21.150000000000002,123.31648075434475,11.787117242362228,42.43362207250402
21.200000000000003,123.90685586017067,11.827886990674342,42.58039316642763
21.25,124.49927960170102,11.869062670539689,42.72862561394288
21.3,125.09377143552582,11.91061068245249,42.87819845682896
21.35,125.6903487413521,11.952481550598328,43.02893358215398
21.400000000000002,126.2890261613291,11.99461524848185,43.18061489453466
21.450000000000003,126.8898149614935,12.03693675809396,43.33297232913826
21.5,127.49272198207144,12.079344065023692,43.48563863408529
21.55,128.0977523101768,12.121869059189684,43.63872861308287
21.6,128.7049137886289,12.16459007889433,43.792524284019585
21.650000000000002,129.314213445114,12.207396180510273,43.94662624983698
21.700000000000003,129.92565408520755,12.250229423231946,44.10082592363501
21.75,130.53923687063406,12.293081993828514,44.25509517778265
21.8,131.1549622533639,12.335933315365025,44.40935993531409
21.85,131.77283059474544,12.378800339897058,44.56368122362941
21.900000000000002,132.3928412921596,12.421627556669149,44.71785920400894
21.950000000000003,133.0149933167736,12.464453427890374,44.87203234040535
22.0,133.6392891959684,12.507381739901236,45.02657426364445
22.05,134.26572860030396,12.550194433521035,45.18069996067573
22.1,134.8943009198976,12.592698350224353,45.33371406080767
22.150000000000002,135.52499013711412,12.634870338436631,45.48553321837187
22.200000000000003,136.15777881836365,12.676676911544611,45.6360368815606
22.25,136.7926480075622,12.71809065639719,45.78512636302988
22.3,137.4295789900525,12.759148643214505,45.93293511557222
22.35,138.06855582538356,12.799924770027193,46.0797291720979
22.400000000000002,138.70956571599913,12.840470854595884,46.22569507654518
22.450000000000003,139.35259836583253,12.880835138739995,46.37100649946398
22.5,139.99764616444998,12.921076805957297,46.51587650144627
22.55,140.64470719002244,12.961364216941138,46.6609111809881
22.6,141.29378638571708,13.001803610844618,46.80649299904063
22.650000000000002,141.94489259034307,13.042444574195457,46.95280046710365
22.700000000000003,142.59803587640906,13.083286868444187,47.09983272639907
22.75,143.25322391244464,13.12423457297966,47.247244462726776
22.8,143.91045982252047,13.16520183005284,47.394726588190224
22.85,144.56974318428072,13.206132640357438,47.54207750528678
22.900000000000002,145.23107078651958,13.24697144919659,47.68909721710772
22.950000000000003,145.89444024624947,13.287806939999424,47.83610498399793
23.0,146.55985325147574,13.328713269051345,47.98336776858484
23.05,147.22731167495297,13.369623670037964,48.13064521213667
23.1,147.89681448839522,13.410488867652425,48.277759923548736
23.150000000000002,148.56836153528886,13.451393008093094,48.42501482913514
23.200000000000003,149.241954444497,13.492323360232563,48.57236409683723
23.25,149.91759373800804,13.533248380209445,48.719694168754
23.3,150.59527763900485,13.57410765966291,48.86678757478648
23.35,151.27500351395977,13.614927338533576,49.01373841872088
23.400000000000002,151.95676865997441,13.65567850205214,49.16044260738771
23.450000000000003,152.64056582119852,13.696207946912054,49.3063486088834
23.5,153.32638156210317,13.73642168927349,49.451118081384564
23.55,154.0142014774598,13.776374924991645,49.59494972996992
23.6,154.70401248711335,13.816065461150407,49.737835660141464
23.650000000000002,155.3958005897988,13.855458646267401,49.87965112656264
23.700000000000003,156.08955076252673,13.894548262849469,50.02037374625809
23.75,156.78524771520026,13.933329844091904,50.15998743873086
23.8,157.48287622859212,13.971810691583016,50.29851848969886
23.85,158.1824205170165,14.009960845392234,50.435859043412044
23.900000000000002,158.88386434004096,14.047792075585136,50.57205147210649
23.950000000000003,159.58719339832496,14.085370255774478,50.707332920788126
24.0,160.2923940351414,14.122655216883299,50.84155878077988
24.05,160.99945125102542,14.159633418477085,50.974680306517506
24.1,161.70834983229,14.196309832105824,51.10671539558096
24.150000000000002,162.4190743048464,14.232669070150418,51.23760865254151
24.200000000000003,163.13160669807988,14.268626659189529,51.36705597308231
24.25,163.84592187776562,14.303980528240267,51.49432990166496
24.3,164.56198912891847,14.338709517874047,51.61935426434657
24.35,165.27978048314162,14.372944651052013,51.74260074378725
24.400000000000002,165.9992728959884,14.406751862819988,51.86430670615196
24.450000000000003,166.72044540538604,14.44014851308551,51.98453464710784
24.5,167.44328125159527,14.473285335283329,52.10382720701998
24.55,168.1677711671022,14.506311284993904,52.222720625978056
24.6,168.8939107328168,14.53927134359061,52.341376836926194
24.650000000000002,169.62169705397474,14.572181502727293,52.45985340981826
24.700000000000003,170.35112854624998,14.605078188282082,52.578281477815494
24.75,171.08220521593023,14.637988598927876,52.69675895614036
24.8,171.81492905621946,14.670965012641672,52.815474045510015
24.85,172.5493001334401,14.703878076184346,52.93396107426364
24.900000000000002,173.28531226615704,14.736607232492634,53.05178603697348
24.950000000000003,174.02295500582343,14.76910235416356,53.16876847498882
25.0,174.7622171578842,14.801383728267632,53.284981421763476
25.05,175.50308830880707,14.83346230864716,53.40046431112978
25.1,176.24555966468859,14.865391926613434,53.51541093580836
25.150000000000002,176.98962539022236,14.897237094737893,53.63005354105641
25.200000000000003,177.73528135718482,14.929001583760929,53.74440570153934
25.25,178.4825226597508,14.960650518878033,53.858341867960924
25.3,179.23134326070965,14.992173519475664,53.97182467011239
25.35,179.98173640216532,15.02355213875079,54.08478769950285
25.400000000000002,180.73369323059015,15.054720998242317,54.19699559367234
25.450000000000003,181.48720229602284,15.08564161906513,54.30830982863447
25.5,182.24225315700593,15.11639282025866,54.419014152931176
25.55,182.99883642891453,15.146938056085045,54.52897700190616
25.6,183.75694162328278,15.17726971864489,54.638170987121605
25.650000000000002,184.51655705424153,15.207347519704463,54.74645107093607
25.700000000000003,185.2776705866334,15.237193775971011,54.853897593495645
25.75,186.04027240966082,15.266879145125342,54.96076492245123
25.8,186.80435468131512,15.296411721046526,55.0670821957675
25.85,187.5699093724946,15.325775926133105,55.17279333407918
25.900000000000002,188.3369292169296,15.355017851266503,55.27806426455941
25.950000000000003,189.10540839888037,15.384149426764008,55.38293793635043
26.0,189.87534103251497,15.413155918620099,55.48736130703236
26.05,190.64672120769134,15.442051088435296,55.591383918367065
26.1,191.41954321226586,15.470829094545891,55.69498474036521
26.150000000000002,192.19380131951002,15.499495195220643,55.798182702794314
26.200000000000003,192.96948970276148,15.528040134838024,55.900944485416886
26.25,193.74660230756123,15.556464057151615,56.00327060574582
26.3,194.52513445715644,15.584821926657105,56.105358935965576
26.35,195.3050817840515,15.61307114914596,56.20705613692545
26.400000000000002,196.08643610167422,15.641101555762475,56.307965600744915
26.450000000000003,196.86918647327357,15.668913308210925,56.408087909559335
26.5,197.65332375894752,15.696578118747546,56.50768122749117
26.55,198.4388417216413,15.724140389003828,56.60690540041379
26.6,199.225734643191,15.751576472984354,56.70567530274368
26.650000000000002,200.01399681950062,15.778910579400176,56.80407808584064
26.700000000000003,200.8036256280593,15.806241762947128,56.90247034660966
26.75,201.59462113093025,15.833578351890921,57.000882066807314
26.8,202.3869810087661,15.860816761543195,57.098940341555505
26.85,203.18070029777425,15.88795479878269,57.19663727561769
26.900000000000002,203.97577446705074,15.91501197227737,57.29404310019853
26.950000000000003,204.77219911914878,15.941974111643678,57.39110680191724
27.0,205.5699691674519,15.968827820480133,57.48778015372848
27.05,206.36907827955204,15.995536663526542,57.583931988695554
27.1,207.16951793067307,16.02204938131478,57.67937777273321
27.150000000000002,207.97128050323533,16.048453521175873,57.77443267623314
27.200000000000003,208.7743612388895,16.07477590499099,57.86919325796757
27.25,209.57875565953933,16.10100092100173,57.963603315606235
27.3,210.38445911629262,16.127137349129562,58.05769445686642
27.35,211.19146746071823,16.153196427895445,58.151507140423604
27.400000000000002,211.9997766596242,16.179171528343353,58.24501750203607
27.450000000000003,212.80938205335573,16.20504422091822,58.3381591953056
27.5,213.6202778053714,16.230785859707897,58.43082909494843
27.55,214.43245684922238,16.256375894332056,58.5229532195954
27.6,215.24591086234605,16.281784630615483,58.61442467021574
27.650000000000002,216.06063243317988,16.307078202737276,58.7054815298542
27.700000000000003,216.87661783341034,16.332337806481384,58.79641610333298
27.75,217.69386426676675,16.357519527774954,58.88707029998984
27.8,218.5123665735755,16.382572744575157,58.977261880470564
27.85,219.33211826336847,16.407494847144545,59.06698144972036
27.900000000000002,220.15311155055093,16.432236640153707,59.15605190455335
27.950000000000003,220.9753372759295,16.456792374989014,59.24445254996045
28.0,221.7987855676792,16.48113929499924,59.33210146199727
28.05,222.62344691667207,16.505314664714874,59.41913279297355
28.1,223.44931422385378,16.52937762255393,59.50575944119415
28.150000000000002,224.27638100775272,16.55329373340411,59.5918574402548
28.200000000000003,225.10463908564446,16.577029382265565,59.67730577615603
28.25,225.9340818469197,16.600681068743558,59.76245184747681
28.3,226.76470699377484,16.62432480546208,59.84756929966349
28.35,227.5965152975054,16.6480073437604,59.93282643753744
28.400000000000002,228.42950949987124,16.67176075087327,60.01833870314377
28.450000000000003,229.2636930472963,16.69558114612844,60.10409212606238
28.5,230.09906807718508,16.719420049422848,60.18991217792225
28.55,230.9356341890529,16.74322442529062,60.27560793104623
28.6,231.77338908073142,16.76697124185006,60.36109647066022
28.650000000000002,232.6123317897143,16.79073711746478,60.44665362287321
28.700000000000003,233.45246333292394,16.81452461092172,60.53228859931819
28.75,234.29378390438384,16.838298247474576,60.617873690908475
28.8,235.13629248727264,16.86204506807688,60.703362245076775
28.85,235.97998762623774,16.88576049052685,60.788737765896656
28.900000000000002,236.8248679402848,16.90945207135535,60.87402745687926
28.950000000000003,237.67093282026156,16.93314312771449,60.95931525977217
29.0,238.518181700322,16.95681207470303,61.04452346893091
29.05,239.36661401755248,16.98048061451561,61.1297302122562
29.1,240.21622942404986,17.004135645379385,61.21488832336579
29.150000000000002,241.06702589658863,17.027723256171715,61.29980372221817
29.200000000000003,241.9189996126615,17.05122538674282,61.38441139227416
29.25,242.77214820204262,17.07471818850178,61.46898547860641
29.3,243.62647047806692,17.09817285247099,61.553422268895574
29.35,244.48196334411998,17.121541789651328,61.63755044274478
29.400000000000002,245.33862180196647,17.14479652420835,61.72126748715006
29.450000000000003,246.19643938438796,17.167906772650706,61.804464381542545
29.5,247.0554092702654,17.19088866244647,61.88719918480729
29.55,247.91552520804515,17.213748848743766,61.96949585547756
29.6,248.77678124014636,17.236492435304477,62.05137276709612
29.650000000000002,249.6391719627887,17.25913647038952,62.132891293402274
29.700000000000003,250.50269117161872,17.281631882811144,62.21387477812012
29.75,251.3673308803348,17.303956465832588,62.29424327699732
29.8,252.23308305964244,17.3261307064723,62.37407054330028
29.85,253.0999410362689,17.348188358586018,62.45347809090967
29.900000000000002,253.96789898407218,17.370129553546164,62.53246639276619
29.950000000000003,254.83694978583586,17.391902517000915,62.6108490612033
30.0,255.70708357800163,17.41344916963046,62.68841701066966
30.05,256.57828833392955,17.434741067485795,62.765067842948866
30.1,257.45055052910146,17.45574673939175,62.8406882618103
30.150000000000002,258.3238556424932,17.476457796276133,62.91524806659408
30.200000000000003,259.1981916197805,17.49698129521633,62.989132662778786
30.25,260.0735513045861,17.517406097006237,63.06266194922245
30.3,260.94993023908944,17.53775128312815,63.13590461926134
30.35,261.8273240693778,17.55800192840811,63.2088069422692
30.400000000000002,262.7057285426656,17.578177003102358,63.28143721116849
30.450000000000003,263.58514229906694,17.5983732529507,63.35414371062252
30.5,264.4655863882245,17.619390313351026,63.4298051280637
30.55,265.3470845655673,17.640536780360847,63.50593240929905
30.6,266.2296278231009,17.661193520983087,63.58029667553912
30.650000000000002,267.11318009776005,17.680897465384046,63.651230875382566
30.700000000000003,267.9976840057547,17.69925885440248,63.71733187584893
30.75,268.8830631797094,17.715908103785218,63.777269173626784
30.8,269.7692263473706,17.730618602662567,63.83022696958524
30.85,270.65607559158406,17.743351165876977,63.87606419715712
30.900000000000002,271.543512607993,17.754129490481315,63.91486616573273
30.950000000000003,272.43144096580687,17.763004822072485,63.94681735946095
31.0,273.31977004623445,17.77015839503092,63.97257022211131
31.05,274.20842261574796,17.77594438551032,63.993399787837156
31.1,275.09734220693764,17.780839262076007,64.01102134347363
31.150000000000002,275.98649793312575,17.785389785449055,64.0274032276166
31.200000000000003,276.87588827189745,17.7902237654192,64.04480555550911
31.25,277.7655085424345,17.794587056061236,64.06051340182044
31.3,278.6553347098232,17.798459639487213,64.07445470215397
31.35,279.5453425783311,17.80185510082953,64.08667836298632
31.400000000000002,280.4355082623358,17.80477225935989,64.0971801336956
31.450000000000003,281.3258078679358,17.80721196463836,64.10596307269809
31.5,282.2162177884465,17.809184855788995,64.11306548084039
31.55,283.1067149105008,17.810700026383095,64.11852009497915
31.6,283.9972767804009,17.81177476962233,64.12238917064039
31.650000000000002,284.8878821206405,17.81243883996119,64.12477982386028
31.700000000000003,285.7785108376725,17.812709841319368,64.12575542874973
31.75,286.66914411891327,17.812621408310484,64.12543706991775
31.8,287.55976470970813,17.8122022234832,64.12392800453952
31.85,288.45035644241733,17.81146708488358,64.1212815055809
31.900000000000002,289.3409041399503,17.810440816435097,64.11758693916636
31.950000000000003,290.23139356661653,17.809136250215907,64.11289050077727
32.0,291.12181113093993,17.807566322719307,64.1072387617895
32.050000000000004,292.012144366819,17.805763112441745,64.10074720479028
32.1,292.90238176646733,17.80373287349242,64.09343834457272
32.15,293.7925126643796,17.80150304299871,64.08541095479536
32.2,294.68252736528405,17.79908499317914,64.07670597544491
32.25,295.5724169448008,17.79649818749202,64.06739347497127
32.300000000000004,296.46217341282136,17.79376053333036,64.0575379199893
32.35,297.35178961520216,17.79088756190139,64.047195222845
32.4,298.2412590815602,17.787891092421212,64.03640793271637
32.45,299.1305762431047,17.78479536935832,64.02526332968996
32.5,300.0197366111522,17.781619352542076,64.01382966915148
32.550000000000004,300.90873734165416,17.778409867535586,64.00227552312812
32.6,301.7975774453715,17.77519428115773,63.990699412167835
32.65,302.6862576079089,17.772012220339633,63.97924399322268
32.7,303.5747801455986,17.768889287248165,63.968001434093395
32.75,304.4631487741187,17.765855853555422,63.95708107279952
32.800000000000004,305.3513680595809,17.762915564933976,63.946496033762315
32.85,306.23944329187384,17.76009372678384,63.93633741642182
32.9,307.1273804657299,17.757393227459296,63.92661561885347
32.95,308.0151864654164,17.754846759999364,63.91744833599771
33.0,308.90286928950184,17.752466203419516,63.90887833231026
33.050000000000004,309.7904378130005,17.750274736527825,63.90098905150017
33.1,310.6779019218376,17.748289616955084,63.8938426210383
33.15,311.5652724035523,17.74652965163232,63.88750674587635
33.2,312.45256097252104,17.745013107117245,63.882047185622085
33.25,313.3397805830404,17.743771313657966,63.87757672916868
33.300000000000004,314.22694504794475,17.742807282516374,63.874106217058944
33.35,315.1140688895057,17.7421463799218,63.87172696771848
33.4,316.0011674350257,17.74179544087832,63.87046358716196
33.45,316.8882562810052,17.741758398301407,63.87033023388506
33.5,317.77535129297263,17.742042080395034,63.871351489422125
33.550000000000004,318.66246854258725,17.7426479041908,63.87353245508688
33.6,319.54962441026464,17.74358680290578,63.87691249046082
33.65,320.43683581615056,17.744869432532116,63.88152995711562
33.7,321.3241201097415,17.74650231110434,63.88740831997563
33.75,322.21149474002084,17.748482900068637,63.894538440247096
33.800000000000004,323.0989777205483,17.750836321029823,63.90301075570736
33.85,323.98658805951936,17.753577237811932,63.912878056122956
33.9,324.87434558463065,17.756723766639798,63.92420555990327
33.95,325.7622695268573,17.760233922427343,63.93684212073843
34.0,326.65037734193623,17.764078680728765,63.950683250623555
34.050000000000004,327.5386836780183,17.76817476255413,63.96542914519486
34.1,328.4271993073258,17.77245040974553,63.980821475083914
34.15,329.3159304850714,17.77679670007896,63.99646812028426
34.2,330.2048789102955,17.78114030888538,64.01210511198737
34.25,331.0940420659086,17.785385915637633,64.02738929629548
34.300000000000004,331.98341420114855,17.789499493960268,64.04219817825697
34.35,332.8729870501732,17.793414467026306,64.0562920812947
34.4,333.7627506260451,17.797128567848006,64.06966284425282
34.45,334.65269425857656,17.800616733409814,64.08222024027533
34.5,335.54280768321826,17.803920252258106,64.09411290812918
34.550000000000004,336.4330819051261,17.807048624055128,64.10537504659847
34.6,337.3235088580977,17.810029494808294,64.11610618130986
34.65,338.21408060571645,17.812840409941227,64.12622547578842
34.7,339.104789315549,17.815507983361666,64.135828740102
34.75,339.99562714206,17.818005077079032,64.14481827748452
34.800000000000004,340.8865861934153,17.820356977133194,64.1532851176795
34.85,341.77765884212135,17.82254897110699,64.16117629598517
34.9,342.6688376075038,17.824601644190853,64.16856591908707
34.95,343.56011535998687,17.826508455131723,64.17543043847421
35.0,344.4514852991338,17.828289110746418,64.1818407986871
35.050000000000004,345.3429405587881,17.829921275425146,64.18771659153053
35.1,346.23447398973195,17.8314159623285,64.1930974643826
35.15,347.12607821212447,17.8327529333714,64.19791056013703
35.2,348.01774584177684,17.83395225272374,64.20222810980547
35.25,348.90947015738936,17.835020371777816,64.20607333840015
35.300000000000004,349.8012450481858,17.835975260080318,64.20951093628915
35.35,350.6930650397595,17.83682440286858,64.21256785032689
35.4,351.58492506787394,17.837576721708253,64.21527619814971
35.45,352.47682032082156,17.838233396196628,64.21764022630786
35.5,353.3687462215722,17.838802633829697,64.21968948178692
35.550000000000004,354.26069824546477,17.839278321872616,64.22140195874142
35.6,355.15267180761333,17.839664164069944,64.2227909906518
35.65,356.04466218366167,17.839950877864197,64.22382316031111
35.7,356.9366648459577,17.84015561397659,64.22456021031573
35.75,357.82867614006807,17.840296150438533,64.22506614157872
35.800000000000004,358.72069333788767,17.840391762345924,64.22541034444532
35.85,359.61271506330365,17.84047725429458,64.2257181154605
35.9,360.50474131158455,17.84057267694242,64.22606163699271
35.95,361.3967733129405,17.84070737729583,64.22654655826499
36.0,362.2888126323377,17.840865398590413,64.2271154349255
36.050000000000004,363.1808604927709,17.841049018737955,64.22777646745664
36.1,364.07291718674156,17.84121874008958,64.2283874643225
36.15,364.96498176281955,17.84136430303006,64.22891149090822
36.2,365.8570519186383,17.8414419297202,64.22919094699273
36.25,366.74912406463295,17.84144391006454,64.22919807623235
36.300000000000004,367.64119334340216,17.84132724070285,64.22877806653025
36.35,368.5332534493689,17.841076997964926,64.22787719267373
36.4,369.4252973700719,17.840679830156212,64.22644738856236
36.45,370.3173174703448,17.84012418075963,64.22444705073467
36.5,371.2093056996207,17.839404990276464,64.22185796499527
36.550000000000004,372.10125433589496,17.838540460695192,64.2187456585027
36.6,372.993156041496,17.837527763344717,64.21509994804099
36.65,373.8850039634648,17.83638911540761,64.2110008154674
36.7,374.776791466101,17.835110990040135,64.20639956414449
36.75,375.6685120128535,17.833710880061822,64.20135916822257
36.800000000000004,376.5601593885668,17.832184148469725,64.19586293449102
36.85,377.4517279146286,17.83055689400327,64.19000481841177
36.9,378.3432126214606,17.828831379279364,64.18379296540571
36.95,379.23460934778774,17.8270376738056,64.17733562570015
37.0,380.1259144263496,17.825165468667528,64.1705956872031
37.050000000000004,381.01712428149983,17.823228737342987,64.16362345443476
37.1,381.90823543863064,17.82121754788823,64.15638317239764
37.15,382.79924419223676,17.819132596356447,64.14887734688321
37.2,383.6901469275919,17.816976817848825,64.14111654425578
37.25,384.58094032440226,17.814759054566267,64.13313259643856
37.300000000000004,385.4716212057636,17.81247619988597,64.1249143195895
37.35,386.3621862300911,17.810124773214465,64.11644918357207
37.4,387.2526317864802,17.807697482351053,64.10771093646379
37.45,388.14295397796405,17.805190177003396,64.09868463721223
37.5,389.0331488547985,17.802604896374714,64.08937762694897
37.550000000000004,389.92321266570366,17.799947539829688,64.07981114338688
37.6,390.8131420671266,17.797228517086573,64.07002266151167
37.65,391.70293416868304,17.794455545172003,64.06003996261921
37.7,392.5925865192745,17.79163847848747,64.0498985225549
37.75,393.48209699696815,17.78878062925858,64.03961026533088
37.800000000000004,394.37146378671787,17.7858909607298,64.02920745862728
37.85,395.26068523368826,17.782966918085382,64.01868090510737
37.9,396.14975997665005,17.780022800386423,64.00808208139112
37.95,397.0386868104973,17.77705055350381,63.99738199261371
38.0,397.9274643969962,17.77405290645034,63.986590463221226
38.050000000000004,398.8160910783241,17.771014346666366,63.975651647998916
38.1,399.7045646677193,17.767929229140776,63.96454522490679
38.15,400.59288267644916,17.764791120053633,63.95324803219308
38.2,401.48104247723643,17.76160091143731,63.94176328117432
38.25,402.36904149300733,17.758359719399838,63.93009498983942
38.300000000000004,403.25687729733386,17.75507245366054,63.91826083317794
38.35,404.1445476559503,17.751741890997973,63.906270807592705
38.400000000000006,405.0320506541551,17.748378037194612,63.89416093390061
38.45,405.9193847834065,17.744987132859197,63.881953678293115
38.5,406.8065490535272,17.7415836719695,63.8697012190902
38.550000000000004,407.69354299269185,17.738173894617645,63.85742602062353
38.6,408.58036658224927,17.73476968767984,63.845170875647426
38.650000000000006,409.4670199372999,17.731364514343735,63.832912251637445
38.7,410.3535031591887,17.727964361207665,63.820671700347596
38.75,411.2398163372158,17.724562759877223,63.808425935558006
38.800000000000004,412.1259593689749,17.721158510487655,63.79617063775556
38.85,413.0119321168794,17.717751405690443,63.783905060485594
38.900000000000006,413.8977344217565,17.714340789394036,63.77162684181853
38.95,414.78336610526304,17.71092655086766,63.75933558312358
39.0,415.66882711252623,17.707513739659486,63.74704946277415
39.050000000000004,416.55411766020296,17.704108167410283,63.734789402677016
39.1,417.43923832162955,17.700718289653707,63.72258584275335
39.150000000000006,418.3241900311123,17.697350089658272,63.710460322769784
39.2,419.20897416084875,17.694015099800044,63.69845435928016
39.25,420.09359247939983,17.69071764224232,63.68658351207235
39.300000000000004,420.97804703957155,17.687464764627226,63.674873152658016
39.35,421.8623401576031,17.684259956635866,63.66333584388912
39.400000000000006,422.74647427646875,17.681104797990265,63.65197727276496
39.45,423.63045163769704,17.677989651140315,63.64076274410514
39.5,424.51427434278384,17.674918552331288,63.62970678839264
39.550000000000004,425.3979442728458,17.671878650147267,63.61876314053016
39.6,426.2814633461912,17.66888428366735,63.60798342120246
39.650000000000006,427.16483377352154,17.665932809547755,63.59735811437192
39.7,428.04805829529397,17.66304806134924,63.586973020857265
39.75,428.9311403223141,17.660233019455347,63.57683887003925
39.800000000000004,429.81408387095956,17.657508926363388,63.567032134908196
39.85,430.69689321087435,17.654864670228218,63.557512812821585
39.900000000000006,431.57957304378897,17.65232864635563,63.548383126880275
39.95,432.46212852248135,17.64989050134047,63.53960580482569
40.0,433.34456527699274,17.647579679114727,63.53128684481302
40.050000000000004,434.22688977599495,17.645400280973007,63.523441011502825
40.1,435.10910898259067,17.6433679828567,63.51612473828412
40.150000000000006,435.9912301819728,17.6414799924284,63.50932797274225
40.2,436.87326092655655,17.639749790921414,63.50309924731709
40.25,437.75520875696327,17.638163425347607,63.497388331251386
40.300000000000004,438.6370812331269,17.636735621196678,63.49224823630804
40.35,439.51888586272275,17.63544956263855,63.48761842549877
40.400000000000006,440.40062988011067,17.6343111328781,63.48352007836116
40.45,441.2823198944678,17.63328944140683,63.47984198906459
40.5,442.16396154468947,17.63237656746158,63.47655564286169
40.550000000000004,443.0455594175574,17.63153834725656,63.473538050123615
40.6,443.9271174873137,17.630784442995708,63.47082399478455
40.650000000000006,444.80863957532017,17.630099077264255,63.468356678151316
40.7,445.69012980221095,17.62950999836697,63.46623599412109
40.75,446.5715931072125,17.629022201694465,63.464479926100076
40.800000000000004,447.45303501994454,17.628654307587126,63.46315550731366
40.85,448.33446173886176,17.62841444910186,63.4622920167667
40.900000000000006,449.2158798994287,17.62831197357648,63.46192310487533
40.95,450.09729641173357,17.628348518617734,63.46205466702384
41.0,450.97871828291824,17.62852632876854,63.46269478356675
41.050000000000004,451.8601523141183,17.628834919233185,63.463805709239466
41.1,452.7416046997588,17.629260506385975,63.46533782298951
41.150000000000006,453.62308054416087,17.629773269697196,63.467183770909905
41.2,454.504583613655,17.630349510067163,63.469258236241785
41.25,455.3861165993003,17.63096991574683,63.471491696688595
41.300000000000004,456.26768132657054,17.631619175063985,63.47382903023035
41.35,457.14927916726555,17.632294452735515,63.47626002984786
41.400000000000006,458.03091122299946,17.632987776620723,63.478755995834604
41.45,458.91257857698434,17.63370638277352,63.48134297798468
41.5,459.7942823212414,17.634443387508398,63.48399619503024
41.550000000000004,460.6760238642101,17.635218331240857,63.486785992467084
41.6,461.55780520253944,17.636035201933915,63.4897267269621
41.650000000000006,462.43962894302416,17.636914417455884,63.49289190284119
41.7,463.3214983725008,17.63786276160925,63.496305941793295
41.75,464.2034171360178,17.638887779070217,63.49999600465278
41.800000000000004,465.0853887315492,17.639976042185243,63.503913751866875
41.85,465.96741634090523,17.641128332056468,63.50806199540329
41.900000000000006,466.8495029541181,17.642336196458075,63.51241030724907
41.95,467.7316516026076,17.64360974312097,63.51699507523549
42.0,468.61386541789113,17.64494286822155,63.521794325597575
42.050000000000004,469.4961476299505,17.646345614152352,63.52684421094847
42.1,470.37850163945654,17.647814766090473,63.532133157925706
42.150000000000006,471.2609309070759,17.649355938682113,63.53768137925561
42.2,472.1434388231728,17.650960705195715,63.54345853870458
42.25,473.02602881278995,17.652638879490183,63.54949996616466
42.300000000000004,473.9087042627929,17.65437912062868,63.55576483426324
42.35,474.7914683409412,17.65618400530374,63.562262419093464
42.400000000000006,475.67432414195855,17.658048035388994,63.56897292740038
42.45,476.557274425238,17.65996329578828,63.57586786483781
42.5,477.44032126076985,17.66191012548642,63.582876451751105
42.550000000000004,478.3234662422076,17.663889132023733,63.59000087528544
42.6,479.2067105976135,17.665885084212682,63.59718630316566
42.650000000000006,480.0900551398349,17.667896604641466,63.60442777670928
42.7,480.9735004932298,17.669917531154383,63.61170311215578
42.75,481.8570472078029,17.671951051771515,63.619023786377454
42.800000000000004,482.74069593004157,17.673997837774927,63.62639221598974
42.85,483.6244473446092,17.676058744931886,63.63381148175479
42.900000000000006,484.5083022366153,17.6781369353117,63.64129296712212
42.95,485.39226152726917,17.680234690842376,63.64884488703255
43.0,486.276326303058,17.68235634071108,63.656482826559895
43.050000000000004,487.160497938832,17.68450909024874,63.66423272489546
43.1,488.0447781733466,17.686700290333192,63.672121045199496
43.150000000000006,488.92916881058426,17.688925199174044,63.68013071702656
43.2,489.8136715592238,17.691184746407064,63.68826508706543
43.25,490.69828801125846,17.693473334980375,63.69650400592935
43.300000000000004,491.58301969026104,17.69579382512246,63.70485777044086
43.35,492.4678682574668,17.698148863107768,63.71333590718797
43.400000000000006,493.3528354944926,17.700540617922165,63.7219462245198
43.45,494.23792326433943,17.70297017595134,63.73069263342482
43.5,495.1231333721703,17.705434137283543,63.739562894220754
43.550000000000004,496.00846744300065,17.707928695930544,63.74854330534996
43.6,496.8939268985706,17.710449526868608,63.75761829672699
43.650000000000006,497.77951287934144,17.712989703964634,63.766762934272684
43.7,498.66522620163477,17.71554318776735,63.775955475962455
43.75,499.5510672720933,17.718099630573676,63.785158670065236
43.800000000000004,500.4370360408246,17.72065111867896,63.79434402724425
43.85,501.3231321699454,17.72319404615249,63.80349856614896
43.900000000000006,502.20935518526,17.725726566433117,63.812615639159226
43.95,503.0957044896709,17.72824561000321,63.82168419601156
44.0,503.98217946288736,17.730753318656507,63.83071194716343
44.050000000000004,504.8687794580834,17.733246489184218,63.839687361063184
44.1,505.7555036420876,17.735720870985062,63.848595135546226
44.150000000000006,506.64235105981453,17.738175838091898,63.85743301713084
44.2,507.52932056957917,17.74060455249316,63.866176388975376
44.25,508.41641080880623,17.74300501658864,63.874818059719104
44.300000000000004,509.3036202182988,17.745371363115268,63.88333690721497
44.35,510.1909470233886,17.74770084047783,63.89172302572019
44.400000000000006,511.07838928804193,17.74998974565463,63.89996308435667
44.45,511.9659448910689,17.75223437542347,63.908043751524495
44.5,512.8536116565771,17.75443624490412,63.91597048165483
44.550000000000004,513.7413875732274,17.756600421106164,63.92376151598219
44.6,514.6292707597481,17.758727039723748,63.93141734300549
44.650000000000006,515.5172594638682,17.760821125076788,63.93895605027644
44.7,516.4053520781199,17.762883444993403,63.94638040197625
44.75,517.2935470700303,17.76491623142353,63.953698433124714
44.800000000000004,518.1818430383896,17.766922502948887,63.960921010616
44.85,519.0702387389074,17.768905517761468,63.968059863941285
44.900000000000006,519.9587330016662,17.770864992594742,63.975113973341074
44.95,520.8473248279906,17.77280806038115,63.98210901737214
45.0,521.7360135044423,17.7747389976859,63.98906039166925
45.050000000000004,522.6247986037947,17.77666497640873,63.99599391507142
45.1,523.5136802530444,17.778600993581033,64.00296357689172
45.150000000000006,524.4026587116479,17.780537350558394,64.00993446201022
45.2,525.2917340500017,17.782476183591314,64.01691426092873
45.25,526.1809060788837,17.78440497169094,64.02385789808739
45.300000000000004,527.070174253242,17.78632200264402,64.03075920951848
45.35,527.959537596505,17.78821172787361,64.037562220345
45.400000000000006,528.8489949765332,17.790083473251073,64.04430050370387
45.45,529.7385447921712,17.79190915226901,64.05087294816843
45.5,530.6281843262485,17.7936722108237,64.05721995896532
45.550000000000004,531.5179098813519,17.795349993309607,64.06325997591459
45.6,532.4077165411557,17.796916398840107,64.06889903582439
45.650000000000006,533.2975988951526,17.79837776103745,64.07415993973483
45.7,534.1875516092601,17.799730803264147,64.07903089175093
45.75,535.07756924736,17.800974720727286,64.08350899461823
45.800000000000004,535.9676473841156,17.80215074949647,64.0877426981873
45.85,536.8577834108872,17.803290321371342,64.09184515693684
45.900000000000006,537.7479774578768,17.80447155820997,64.09609760955588
45.95,538.638233067412,17.805752823199047,64.10071016351657
46.0,539.5285573004473,17.807216498214114,64.1059793935708
46.050000000000004,540.4189608133171,17.80892401657386,64.1121264596659
46.1,541.3094575302246,17.810944659726818,64.11940077501654
46.150000000000006,542.2000637088444,17.81330248506398,64.12788894623033
46.2,543.0907971366247,17.816034626149392,64.13772465413781
46.25,543.9816768885745,17.819155451843294,64.14895962663586
46.300000000000004,544.8727226640503,17.822675567191304,64.1616320418887
46.35,545.763954717948,17.826606588713233,64.17578371936764
46.400000000000006,546.655392874521,17.83091967420723,64.19131082714603
46.45,547.5470557461621,17.835595191436557,64.20814268917161
46.5,548.4389608077729,17.84060727299438,64.22618618277977
46.550000000000004,549.3311242496308,17.845930401320786,64.24534944475484
46.6,550.2235610416548,17.85154127963912,64.26554860670085
46.650000000000006,551.1162848995604,17.857413036583537,64.28668693170074
46.7,552.0093081105227,17.863515401913528,64.30865544688871
46.75,552.9026417562256,17.869830426202334,64.33138953432841
46.800000000000004,553.7962956626488,17.87632583072631,64.35477299061472
46.85,554.6902791834309,17.883015000556515,64.37885400200345
46.900000000000006,555.5846008163791,17.88985031736774,64.40346114252387
46.95,556.4792679764787,17.896836086616638,64.4286099118199
47.0,557.3742869671737,17.903923541182685,64.45412474825767
47.050000000000004,558.269662422068,17.911094654588023,64.47994075651688
47.1,559.1653971854074,17.918295878990826,64.50586516436698
47.150000000000006,560.0614926724475,17.925523602612195,64.5318849694039
47.2,560.9579483264009,17.932702555525882,64.55772919989317
47.25,561.8547624465062,17.939862248685436,64.58350409526757
47.300000000000004,562.7519322118013,17.94692836311639,64.608942107219
47.35,563.6494531996657,17.953911151458566,64.63408014525083
47.400000000000006,564.5473193990473,17.960736823804957,64.65865256569785
47.45,565.4455224724713,17.967386113154706,64.68259000735695
47.5,566.3440522348194,17.97380438076579,64.70569577075685
47.550000000000004,567.2428973506168,17.98000025112728,64.7280009040582
47.6,568.1420447857246,17.985897153185938,64.74922975146939
47.650000000000006,569.0414801807823,17.99151864912119,64.76946713683628
47.7,569.9411878803478,17.99678933349867,64.7884416005952
47.75,570.8411508633538,18.001729986742,64.8062279522712
47.800000000000004,571.7413513281166,18.00628860376609,64.82263897355793
47.85,572.6417699461557,18.010456117800405,64.83764202408146
47.900000000000006,573.5423857262513,18.014175086021737,64.85103030967825
47.95,574.443176587266,18.017459354566405,64.86285367643906
48.0,575.344118789619,18.020228739552568,64.87282346238925
48.050000000000004,576.2451869198559,18.022496469926466,64.88098729173528
48.1,577.1463542335323,18.02419607712839,64.88710587766221
48.150000000000006,578.0475924964225,18.025334438476442,64.8912039785152
48.2,578.9488733158194,18.02589833740165,64.89323401464594
48.25,579.850167599449,18.025873007787713,64.89314282803576
48.300000000000004,580.751445272538,18.02523391577148,64.89084209677733
48.35,581.6526747955284,18.02394700384352,64.88620921383668
48.400000000000006,582.5538224369556,18.021958653244894,64.87905115168162
48.45,583.4548525464701,18.019245727337378,64.86928461841457
48.5,584.3557278134308,18.01576495108965,64.85675382392274
48.550000000000004,585.2564085686745,18.011465258657754,64.84127493116792
48.6,586.1568540950306,18.006355795585055,64.8228808641062
48.650000000000006,587.0570225287485,18.000381553130595,64.80137359127015
48.7,587.9568710851048,17.993560701123943,64.77681852404619
48.75,588.8563561673559,17.985842588921848,64.74903332011866
48.800000000000004,589.7554330489372,17.977232674329557,64.71803762758641
48.85,590.6540564804773,17.96770458727432,64.68373651418756
48.900000000000006,591.5521810631592,17.957278720003202,64.64620339201153
48.95,592.4497604417708,17.945896424459434,64.60522712805397
49.0,593.3467900947592,17.935289695074818,64.56704290226935
49.050000000000004,594.2432761580949,17.924152838351624,64.52695021806585
49.1,595.1391619329036,17.911278153996726,64.48060135438821
49.150000000000006,596.0343321018868,17.89552860533227,64.42390297919617
49.2,596.9286223795033,17.87608249932945,64.35389699758602
49.25,597.821832384748,17.852317710458454,64.26834375765044
49.300000000000004,598.7137337414902,17.823736559230554,64.16545161322999
49.35,599.6040769185973,17.789990525055,64.043965890198
49.400000000000006,600.4926033376785,17.751066238189473,63.9038384574821
49.45,601.3790607589532,17.707230612800306,63.7460302060811
49.5,602.2632172305009,17.659028249110534,63.57250169679792
49.550000000000004,603.1448695530653,17.607064653464594,63.38543275247254
49.6,604.0238555764098,17.552376280314107,63.18855460913078
49.650000000000006,604.9000717145367,17.496269244761955,62.98656928114304
49.7,605.7734840349324,17.44022357106712,62.78480485584163
49.75,606.6440542616932,17.382585499368332,62.577307797726
49.800000000000004,607.511705873978,17.323478992023055,62.364524371283004
49.85,608.3763716599166,17.263152445519076,62.147348803868674
49.900000000000006,609.2379945292967,17.201762329686037,61.92634438686974
49.95,610.0965228763297,17.13937155163654,61.70173758589154
50.0,610.9519089189439,17.07607015293045,61.473852550549616
50.050000000000004,611.8041124071902,17.012069376925187,61.24344975693067
50.1,612.6531007294025,16.94746351156433,61.01086864163159
50.150000000000006,613.4988461771163,16.88235439698816,60.77647582915738
50.2,614.341325701985,16.816826597759714,60.54057575193497
50.25,615.1805179547009,16.750863510875984,60.30310863915354
50.300000000000004,616.0164012646985,16.68446888902753,60.06408800049911
50.35,616.8489519516684,16.617558589765427,59.823210923155536
50.400000000000006,617.6781427591246,16.550073708483996,59.58026535054239
50.45,618.5039494519013,16.48219400258496,59.33589840930586
50.5,619.3263577232777,16.41413685247081,59.090892668894924
50.550000000000004,620.1453609814084,16.345993472754685,58.84557650191687
50.6,620.9609575403069,16.27786888318625,58.60032797947051
50.650000000000006,621.773152971407,16.20994836081286,58.355814098926295
50.7,622.5819599828455,16.142332096732783,58.11239554823802
50.75,623.3873959913933,16.07510824517797,57.87038968264069
50.800000000000004,624.1894830994734,16.008376078023154,57.630153880883356
50.85,624.9882484823727,15.942239237948986,57.39206125661635
50.900000000000006,625.7837229943977,15.876741243055648,57.15626847500033
50.95,626.5759366921673,15.81180666772569,56.922504003812485
51.0,627.3649192475502,15.747495547591646,56.69098397132993
51.050000000000004,628.150703667844,15.683881264158034,56.46197255096892
51.1,628.9333248724738,15.620966921034864,56.23548091572551
51.150000000000006,629.7128190884307,15.558801717239604,56.011686182062576
51.2,630.489224363384,15.497409280890569,55.79067341120605
51.25,631.2625812144366,15.436864761215974,55.57271314037751
51.300000000000004,632.0329339209593,15.377243499692419,55.35807659889271
51.35,632.8003253052893,15.31841187351042,55.14628274463752
51.400000000000006,633.5647949634123,15.26037445140732,54.93734802506635
51.45,634.3263873930147,15.20332273268929,54.731961837681446
51.5,635.0851517930879,15.147253270241965,54.530111772871074
51.550000000000004,635.8411353740244,15.092089967216523,54.331523881979486
51.6,636.5943843636204,15.037869616626502,54.13633061985541
51.650000000000006,637.34494823083,14.984685071758534,53.94486625833073
51.7,638.092880852636,14.932619800477665,53.7574312817196
51.75,638.8382341681289,14.88151281924062,53.57344614926623
51.800000000000004,639.5810556827142,14.831347764173232,53.39285195102364
51.85,640.3213969804025,14.782304143356427,53.216294916083136
51.900000000000006,641.0593136484391,14.734362578108898,53.04370528119203
51.95,641.7948595788024,14.687474636420689,52.87490869111448
52.0,642.52808952994,14.641723409083326,52.710204272699976
52.050000000000004,643.2590621658779,14.597182028433721,52.5498553023614
52.1,643.9878379140133,14.553847896983584,52.3938524291409
52.150000000000006,644.7144751753506,14.511642556507336,52.241913203426414
52.2,645.4390268724073,14.470425325762607,52.09353117274539
52.25,646.161541644333,14.430165551268075,51.948595984565074
52.300000000000004,646.8820647107015,14.390757103466093,51.80672557247794
52.35,647.60063456315,14.352036994477928,51.66733318012054
52.400000000000006,648.3172831124505,14.313904977537561,51.530057919135224
52.45,649.0320371130098,14.276255044834052,51.39451816140259
52.5,649.7449206279232,14.239085551701685,51.260707986126064
52.550000000000004,650.4559577833168,14.202400664039047,51.12864239054057
52.6,651.1651725825767,14.166191306359536,50.998288702894335
52.650000000000006,651.8725925718535,14.130608264712974,50.87018975296671
52.7,652.5782503126924,14.09570136884157,50.74452492782966
52.75,653.2821777649285,14.061396720605284,50.621028194179026
52.800000000000004,653.9844038626662,14.027647188904485,50.499529880056144
52.85,654.6849566809097,13.994465540837053,50.380075947013395
52.900000000000006,655.3838627815304,13.961778483990647,50.26240254236633
52.95,656.0811447485365,13.929500196254795,50.14620070651726
53.0,656.7768223211812,13.897602709530549,50.03136975430998
53.050000000000004,657.4709142868253,13.866075916234609,49.91787329844459
53.1,658.1634392154001,13.834921226757348,49.805716416326455
53.150000000000006,658.8544157510023,13.804140197332494,49.694904710396976
53.2,659.5438641024234,13.773793859509837,49.58565789423542
53.25,660.2318083361819,13.743975490830323,49.478311766989165
53.300000000000004,660.9182738793864,13.714646237354657,49.37272645447677
53.35,661.603284273892,13.685769542864684,49.26877035431286
53.400000000000006,662.2868613812301,13.657314750658129,49.166333102369265
53.45,662.969025853214,13.629264128699806,49.0653508633193
53.5,663.6497981085603,13.601626085150963,48.965853906543465
53.550000000000004,664.329197523841,13.574350526076582,48.8676618938757
53.6,665.0072424737076,13.547447468588011,48.77081088691684
53.650000000000006,665.6839531701274,13.520980388205713,48.675529397540565
53.7,666.3593502975117,13.494904707166278,48.5816569457986
53.75,667.0334520807847,13.469166623753338,48.48899984551202
53.800000000000004,667.7062778121995,13.443862632837549,48.39790547821518
53.85,668.3778505681653,13.41904760579773,48.308571380871825
53.900000000000006,669.0481940400064,13.394691267844955,48.22088856424184
53.95,669.7173307281403,13.37077625751288,48.13479452704637
54.0,670.3852823437394,13.347288366451455,48.05023811922524
54.050000000000004,671.0520711386251,13.32426342897709,47.96734834431753
54.1,671.7177189111806,13.301647473239585,47.885930903662505
54.150000000000006,672.3822448208176,13.279388912243302,47.80580008407589
54.2,673.0456683774833,13.257553354382889,47.727192075778405
54.25,673.7080111703243,13.236158359258171,47.650170093329415
54.300000000000004,674.3692952130274,13.21520334886381,47.57473205590971
54.35,675.0295433008007,13.194720162067558,47.50099258344321
54.400000000000006,675.6887789453685,13.174705620645149,47.42894023432254
54.45,676.3470263175662,13.155189267265358,47.35868136215529
54.5,677.0043117910304,13.136229671302821,47.29042681669016
54.550000000000004,677.6606632086668,13.117827034152272,47.22417732294818
54.6,678.3161092494773,13.100014598266414,47.160052553759094
54.650000000000006,678.9706804568631,13.08283369716439,47.098201309791804
54.7,679.6244069836415,13.06622737397257,47.03841854630125
54.75,680.2773173166308,13.050185945602294,46.98066940416826
54.800000000000004,680.9294393298652,13.034694583771437,46.92490050157717
54.85,681.5808003552188,13.019746430373514,46.87108714934465
54.900000000000006,682.2314269014671,13.005315419556972,46.8191355104051
54.95,682.8813439553187,12.991366734505906,46.76892024422126
55.0,683.5305762782939,12.977926184503662,46.720534264213185
55.050000000000004,684.1791495724736,12.965005582686407,46.67402009767107
55.1,684.8270885916867,12.952555185833202,46.62919866899953
55.150000000000006,685.4744171718125,12.940588019201233,46.58611686912444
55.2,686.1211609869857,12.929164587727753,46.544992515819914
55.25,686.7673475999206,12.918299929670358,46.50587974681329
55.300000000000004,687.4130041802904,12.907963285117388,46.468667826422596
55.35,688.0581572226623,12.898158409760018,46.43337027513607
55.400000000000006,688.7028340493584,12.888914658083051,46.40009276909898
55.45,689.3470630588351,12.880245720985549,46.368884595547975
55.5,689.9908714830254,12.872091246625068,46.339528487850245
55.550000000000004,690.634284600736,12.864433461797306,46.3119604624703
55.6,691.2773273381357,12.857276034190264,46.28619372308495
55.650000000000006,691.9200243594081,12.85060481670682,46.262177340144554
55.7,692.5623993964243,12.844396663942627,46.239827990193454
55.75,693.2044751769794,12.838634558259129,46.219084409732865
55.800000000000004,693.8462745489369,12.833340320043297,46.20002515215587
55.85,694.4878208282524,12.828510852580573,46.18263906929006
55.900000000000006,695.129136863205,12.824130545521452,46.16686996387723
55.95,695.7702447671692,12.820185613046565,46.15266820696763
56.0,696.4111657926967,12.816655408052783,46.13995946899002
56.050000000000004,697.051920353626,12.81352702911692,46.12869730482091
56.1,697.6925280234701,12.810779764649082,46.11880715273669
56.150000000000006,698.3330060942259,12.808343065579539,46.110035036086344
56.2,698.9733684866807,12.806152632611951,46.102149477403024
56.25,699.6136274116146,12.804204364747013,46.09513571308925
56.300000000000004,700.2537946796317,12.802486355938365,46.08895088137812
56.35,700.893881208313,12.800974791311734,46.083509248722244
56.400000000000006,701.5338972213243,12.79966572914021,46.07879662490476
56.45,702.1738523607532,12.79853984801722,46.074743452861995
56.5,702.8137551376744,12.797571228831758,46.07125642379433
56.550000000000004,703.4536129594769,12.796741643268426,46.06826991576634
56.6,704.0934329116535,12.796056443794512,46.065803197660244
56.650000000000006,704.7332213863631,12.795482544587625,46.06373716051545
56.7,705.3729834752247,12.795001009879206,46.06200363556514
56.75,706.012722454945,12.794558178929728,46.06040944414702
56.800000000000004,706.6524386735485,12.794090565211189,46.058726034760284
56.85,707.2921295684629,12.793545231360627,46.05676283289826
56.900000000000006,707.9317905117978,12.792892502034299,46.054413007323475
56.95,708.5714159328869,12.792124341529084,46.0516476295047
57.0,709.2109996351018,12.791223747066788,46.048405489440434
57.050000000000004,709.850533468125,12.790129573863576,46.044466465908876
57.1,710.4900069455812,12.788809524380753,46.039714287770714
57.150000000000006,711.129408786409,12.787264108732776,46.034150791437995
57.2,711.7687268118249,12.785456907900508,46.02764486844183
57.25,712.4079481332226,12.783395948008643,46.02022541283112
57.300000000000004,713.0470600909529,12.78108236120087,46.01189650032313
57.35,713.6860491357706,12.77847943151145,46.00252595344122
57.400000000000006,714.3249001311682,12.775560384392467,45.99201738381288
57.45,714.9635957290537,12.772263531027507,45.98014871169902
57.5,715.6021163451842,12.768561114191357,45.966820011088885
57.550000000000004,716.2404419958539,12.764464912594356,45.952073685339684
57.6,716.8785515184677,12.759915991959726,45.935697571055016
57.650000000000006,717.5164205142396,12.754843838918227,45.91743782010562
57.7,718.1540226690769,12.749242354573916,45.8972724764661
57.75,718.7913309237226,12.74308783125533,45.875116192519194
57.800000000000004,719.4283171087055,12.736359568062884,45.850894445026384
57.85,720.0649524088411,12.729052437359057,45.824588774492604
57.900000000000006,720.701207564442,12.721153786679276,45.796153632045396
57.95,721.3370545007726,12.712723666545404,45.76580519956346
58.0,721.97246529448,12.703708081751282,45.733349094304614
58.050000000000004,722.6074089551608,12.694038345484826,45.69853804374537
58.1,723.2418532909802,12.68373508728726,45.66144631423414
58.150000000000006,723.8757666382974,12.67279880540141,45.62207569944508
58.2,724.5091159452137,12.661173471250729,45.58022449650262
58.25,725.1418654206749,12.648805547195094,45.53569996990234
58.300000000000004,725.7739768307873,12.635650857304075,45.48834308629467
58.35,726.405409116374,12.621640566162679,45.437906038185645
58.400000000000006,727.0361183523726,12.606728873779648,45.384223945606735
58.45,727.666058809605,12.590889415519252,45.32720189586931
58.5,728.2951846419791,12.574143879441435,45.266917965989165
58.550000000000004,728.9234510709895,12.556513280973498,45.203447811504596
58.6,729.5508147100835,12.53803228278872,45.136916218039396
58.650000000000006,730.1772343692243,12.518754082842964,45.067514698234675
58.7,730.8026702663799,12.498681803383484,44.99525449218054
58.75,731.4270832804846,12.477838760805037,44.92021953889813
58.800000000000004,732.0504358577075,12.456264328111384,44.842551581200986
58.85,732.6726912947986,12.433953155532826,44.762231359918175
58.900000000000006,733.2938147474307,12.410984949752514,44.67954581910905
58.95,733.9137753556796,12.387439380203855,44.59478176873388
59.0,734.532544968924,12.363345149569703,44.50804253845093
59.050000000000004,735.1500967852608,12.338727503900014,44.41941901404005
59.1,735.7664078811767,12.313716332739475,44.32937879786211
59.150000000000006,736.3814600995437,12.288372401938142,44.238140646977314
59.2,736.9952380551712,12.262745823159984,44.14588496337594
59.25,737.6077291900575,12.236899572293737,44.052838460257455
59.300000000000004,738.2189239681559,12.210891551641318,43.959209585908745
59.35,738.8288149973604,12.18474961653843,43.865098619538344
59.400000000000006,739.4373943894664,12.158426067700281,43.77033384372101
59.45,740.0446518641547,12.13187291983666,43.67474251141198
59.5,740.650576766423,12.105123170894172,43.57844341521902
59.550000000000004,741.2551571882176,12.078093700889891,43.48113732320361
59.6,741.8583795163064,12.050799422660614,43.38287792157821
59.650000000000006,742.460231385637,12.023275350566351,43.28379126203887
59.7,743.0607020836485,11.995552569892276,43.183989251612196
59.75,743.6597819484525,11.967642022268317,43.08351128016594
59.800000000000004,744.2574609923478,11.939519733541243,42.98227104074847
59.85,744.8537288896549,11.911196158745385,42.88030617148339
59.900000000000006,745.4485793627708,11.882822765888932,42.778161957200155
59.95,746.0420098361237,11.854396168227872,42.67582620562034
60.0,746.6340159743004,11.825849358840681,42.573057691826456
60.050000000000004,747.2245919338436,11.797189022888213,42.46988048239757
60.1,747.8137312625939,11.768384127126218,42.36618285765439
60.150000000000006,748.401424671158,11.73935221543531,42.26166797556712
60.2,748.9876572418054,11.709950610460798,42.15582219765887
60.25,749.5724064899981,11.680019317247835,42.04806954209221
60.300000000000004,750.15564970531,11.649709295226454,41.938953462815235
60.35,750.737368016521,11.619023153216649,41.82848335157993
60.400000000000006,751.3175394141352,11.58783275135194,41.71619790486698
60.45,751.8961383818367,11.556125956706346,41.60205344414285
60.5,752.4731402600477,11.523949171728844,41.48621701822384
60.550000000000004,753.048521935603,11.4913178504883,41.36874426175788
60.6,753.6222606489279,11.45823068250602,41.249630457021674
60.650000000000006,754.1943317828695,11.424614675160182,41.12861283057666
60.7,754.7647074109573,11.390410448348145,41.005477614053326
60.75,755.3333579879959,11.355612633194816,40.88020547950134
60.800000000000004,755.9002514352677,11.320125257676153,40.75245092763415
60.85,756.4653527460006,11.2839271716376,40.622137817895364
60.900000000000006,757.0286265764028,11.247026044451772,40.48929376002638
60.95,757.5900379411253,11.209428544450699,40.35394276002252
61.0,758.1495551111916,11.171258258204643,40.21652972953672
61.050000000000004,758.7071503486405,11.132551239752367,40.07718446310852
61.1,759.2627980318688,11.09335608937778,39.93608192176001
61.150000000000006,759.816475927857,11.053759750153217,39.79353510055158
61.2,760.3681638491246,11.013757100549821,39.64952556197936
61.25,760.9178431150115,10.973413534923932,39.504288725726155
61.300000000000004,761.4654992680885,10.9328325881578,39.35819731736808
61.35,762.011120539881,10.892018283541686,39.21126582075007
61.400000000000006,762.5546959836788,10.850999468371361,39.0635980861369
61.45,763.0962187212499,10.809910034473928,38.91567612410614
61.5,763.6356854255615,10.768758137988783,38.76752929675962
61.550000000000004,764.1730924270112,10.727521919996628,38.61907891198786
61.6,764.7084352339366,10.686190357021692,38.470285285278095
61.650000000000006,765.24170767675,10.644707355517088,38.32094647986152
61.7,765.7729021873593,10.6030730688508,38.17106304786289
61.75,766.3020104624776,10.561257935884715,38.020528569184975
61.800000000000004,766.8290217776179,10.519194669725845,37.86910081101304
61.85,767.3539248527019,10.476928333636364,37.71694200109091
61.900000000000006,767.8767105537761,10.434499709333517,37.56419895360066
61.95,768.3973710688657,10.391920894250017,37.410915219300065
62.0,768.9158997173663,10.349225045775576,37.25721016479208
62.050000000000004,769.432292920184,10.306503066930023,37.10341104094809
62.1,769.9465528755983,10.263895149643858,36.95002253871789
62.150000000000006,770.458685086553,10.221393288546501,36.79701583876741
62.2,770.9686932147507,10.178931839362669,36.64415462170561
62.25,771.4765813507576,10.136593600911915,36.4917369632829
62.300000000000004,771.9823585762153,10.094495417399811,36.34018350263932
62.35,772.4860361114669,10.052605992663612,36.189381573589
62.400000000000006,772.9876268808796,10.011024783846405,36.03968922184706
62.45,773.4871500536194,9.969902125746767,35.89164765268836
62.5,773.9846333989677,9.929431688185627,35.745954077468255
62.550000000000004,774.4801120385109,9.889713893541698,35.60297001675011
62.6,774.9736228186755,9.850717313039802,35.462582326943284
62.650000000000006,775.4652020802417,9.812453149609697,35.32483133859491
62.7,775.9548867291661,9.774932807366895,35.18975810652082
62.75,776.4427114382374,9.738055555487449,35.056999999754815
62.800000000000004,776.9287071423568,9.701772609284582,34.9263813934245
62.85,777.4129030433118,9.666063428915784,34.79782834409682
62.900000000000006,777.895328178013,9.630941959134583,34.6713910528845
62.95,778.3760145198214,9.596511713204306,34.5474421675355
63.0,778.8549995704004,9.562890309958453,34.42640511585043
63.050000000000004,779.3323267127109,9.530195382463091,34.30870337686713
63.1,779.8080471144339,9.498620686456047,34.19503447124177
63.150000000000006,780.2822171480947,9.468180659975506,34.08545037591182
63.2,780.7548952595463,9.43894379808877,33.98019767311958
63.25,781.2261434318867,9.410983095529808,33.87953914390731
63.300000000000004,781.6960245703698,9.384262443793306,33.7833447976559
63.35,782.1645994658222,9.358733374302776,33.69144014749
63.400000000000006,782.6319263043459,9.334340166647507,33.60362459993103
63.45,783.098061160407,9.311054075795267,33.519794672862965
63.5,783.563059698302,9.288887440004771,33.43999478401718
63.550000000000004,784.0269752677606,9.267735338339097,33.36384721802075
63.6,784.4898599703378,9.247652764748976,33.291549953096315
63.650000000000006,784.9517678820145,9.228663702319503,33.22318932835021
63.7,785.4127512777505,9.210672127122669,33.15841965764161
63.75,785.8728556871052,9.193504247066159,33.09661528943817
63.800000000000004,786.3321192516358,9.17703833415608,33.03733800296189
63.85,786.790572998827,9.161111553490656,32.98000159256636
63.900000000000006,787.2482411895422,9.145616075118141,32.92421787042531
63.95,787.7051435564241,9.130478600155994,32.86972296056158
64.0,788.1612952572062,9.115589431128727,32.81612195206342
64.05,788.6167097424734,9.100989979559055,32.763563926412594
64.10000000000001,789.0714007530014,9.086650441560687,32.711941589618476
64.15,789.5253792442796,9.072489209566962,32.66096115444106
64.2,789.9786540472207,9.058502908077504,32.61061046907901
64.25,790.4312344611443,9.044713648864617,32.56096913591262
64.3,790.8831318817727,9.031183176268588,32.512259434566914
64.35000000000001,791.3343566257699,9.017806583622054,32.4641037010394
64.4,791.7849155415707,9.004550048410572,32.41638017427806
64.45,792.2348145762195,8.991411337538134,32.36908081513728
64.5,792.6840587789573,8.97835677197444,32.322084379107984
64.55,793.1326489446794,8.965249856910614,32.27489948487821
64.60000000000001,793.5805813735035,8.952047296050186,32.22737026578067
64.65,794.0278509225222,8.938734664702306,32.1794447929283
64.7,794.4744504600998,8.925246838399993,32.13088861823997
64.75,794.9203701917862,8.91154242905637,32.08155274460293
64.8,795.3655970416436,8.897531565238559,32.03111363485881
64.85000000000001,795.8101137920895,8.883138452596683,31.97929842934806
64.9,796.2539004671424,8.868328549519266,31.925982778269358
64.95,796.6969367892516,8.853124334844832,31.871247605441397
65.0,797.1392049768548,8.837603169280674,31.815371409410428
65.05,797.5806914132983,8.821854288457404,31.758675438446655
65.10000000000001,798.0213856494684,8.805915158345869,31.70129457004513
65.15,798.4612788997595,8.789814853300651,31.643333471882347
65.2,798.9003650181213,8.773629881171372,31.58506757221694
65.25,799.338638796471,8.757321252815007,31.526356510134026
65.3,799.7760940800853,8.740890091759947,31.46720433033581
65.35000000000001,800.212723321297,8.72427955670772,31.40740640414779
65.4,800.6485156159584,8.707412229751611,31.346684027105802
65.45,801.0834569403374,8.690240745406953,31.284866683465033
65.5,801.5175306358484,8.672707075029845,31.22174547010744
65.55,801.9507167580684,8.654737813773734,31.157056129585442
65.60000000000001,802.3829957820775,8.63642314659057,31.091123327726052
65.65,802.8143533871079,8.61788105462579,31.024371796652847
65.7,803.244779546592,8.599165324737315,30.956995169054338
65.75,803.6742671607207,8.580339240408104,30.88922126546918
65.8,804.1028121077532,8.561458640893413,30.821251107216288
65.85000000000001,804.5304136096006,8.54260143300461,30.753365158816596
65.9,804.9570723780238,8.523749303921774,30.685497494118387
65.95,805.3827861984315,8.504803512385731,30.617292644588634
66.0,805.8075512529331,8.485798667674874,30.54887520362955
66.05,806.231363350084,8.466685218364507,30.480066786112225
66.10000000000001,806.6542140530047,8.44734289845967,30.410434434454814
66.15,807.0760924240888,8.42779194490381,30.340051001653716
66.2,807.4969895567965,8.408093363407671,30.269136108267617
66.25,807.9168993470585,8.3882982470707,30.19787368945452
66.3,808.3358178598384,8.368442264124177,30.126392150847035
66.35000000000001,808.7537418903916,8.348518958002382,30.054668248808575
66.4,809.1706701017545,8.328609496516412,29.982994187459084
66.45,809.5866035590652,8.3087287959159,29.911423665297242
66.5,810.0015417233819,8.288797776751963,29.839671996307068
66.55,810.4154817617672,8.268803758657224,29.767693531166007
66.60000000000001,810.8284200171615,8.248726457118092,29.69541524562513
66.65,811.2403509252515,8.22850986648246,29.622635519336857
66.7,811.6512674354041,8.208150539620021,29.54934194263208
66.75,812.0611619307982,8.187629276145413,29.47546539412349
66.8,812.4700265510226,8.16695553282632,29.401039918174753
66.85000000000001,812.8778544723876,8.146161321775852,29.326180758393065
66.9,813.2846391471817,8.125225669985348,29.25081241194725
66.95,813.6903741772193,8.104175531518036,29.17503191346493
67.0,814.0950545494311,8.083039356954835,29.098941685037406
67.05,814.4986744346227,8.061756050706672,29.02232178254402
67.10000000000001,814.9012271954207,8.04035438121425,28.9452757723713
67.15,815.3027079978705,8.018877716775643,28.867959780392315
67.2,815.7031130815208,7.997325629234496,28.790372265244184
67.25,816.1024390260026,7.975712150037282,28.712563740134215
67.3,816.5006802342693,7.953936180635262,28.634170250286942
67.35000000000001,816.8978274504813,7.931952467842375,28.555028884232552
67.4,817.2938707774002,7.90978060891428,28.47521019209141
67.45,817.6887982682331,7.887319024399206,28.394348487837142
67.5,818.0825922200315,7.864439047539399,28.311980571141838
67.55,818.4752301992046,7.841080119384898,28.227888429785633
67.60000000000001,818.8666858927606,7.8171476228584424,28.141731442290393
67.65,819.2569294033949,7.792592802512504,28.053334089045016
67.7,819.6459302106869,7.767439489164792,27.96278216099325
67.75,820.033658114774,7.741676674318665,27.870036027547194
67.8,820.4200848219308,7.715391611953203,27.775409803031533
67.85000000000001,820.8051860236316,7.688656456078108,27.679163241881188
67.9,821.1889376792863,7.661409770111293,27.581075172400656
67.95,821.5713158486036,7.633717002584607,27.481381209304587
68.0,821.9522979366719,7.605566520148205,27.38003947253354
68.05,822.3318610455792,7.576957836141377,27.27704821010896
68.10000000000001,822.7099831957364,7.547928170146011,27.17254141252564
68.15,823.0866423522472,7.518438090282595,27.066377125017343
68.2,823.4618160480978,7.4885097437454835,26.95863507748374
68.25,823.8354824405595,7.458145954723726,26.849325437005415
68.3,824.2076184674208,7.427295119729621,26.738262431026637
68.35000000000001,824.5782038869671,7.396121662120519,26.62603798363387
68.4,824.9472259681097,7.36476158358351,26.513141700900636
68.45,825.3146744296433,7.333176877759941,26.39943675993579
68.5,825.6805380299041,7.3013671326721,26.28492167761956
68.55,826.0448077109494,7.269420109135555,26.169912392887998
68.60000000000001,826.4074773576489,7.237365758845334,26.0545167318432
68.65,826.7685427828627,7.205251249707698,25.93890449894771
68.7,827.1280005178604,7.173058150198381,25.823009340714172
68.75,827.4858491590797,7.1408874985740365,25.707194994866533
68.8,827.8420923489317,7.108840095503796,25.591824343813666
68.85000000000001,828.1967351281088,7.076871071580836,25.47673585769101
68.9,828.5497830087984,7.045044156001504,25.362158961605417
68.95,828.9012460064682,7.013475750790777,25.248512702846796
69.0,829.2511373564562,6.982178248729697,25.135841695426908
69.05,829.5994722727922,6.951218404710697,25.024386256958508
69.10000000000001,829.9462691839323,6.9206580408921,24.91436894721156
69.15,830.2915491523102,6.890540694223295,24.805946499203863
69.2,830.6353358247358,6.860926202802321,24.699334330088355
69.25,830.9776533160214,6.831773448620051,24.594384415032184
69.3,831.3185245367497,6.803075380512561,24.49107136984522
69.35000000000001,831.6579737658119,6.774893781977791,24.389617615120045
69.4,831.996023930171,6.747112792384809,24.289606052585313
69.45,832.3326929596634,6.719648387311789,24.19073419432244
69.5,832.6679943490262,6.692407187202018,24.092665873927263
69.55,833.0019374424523,6.665316549841284,23.995139579428624
69.60000000000001,833.3345295246845,6.638366739445044,23.89812026200216
69.65,833.6657735150299,6.611392874367725,23.80101434772381
69.7,833.995665972067,6.5843054071180775,23.70349946562508
69.75,834.3242035395632,6.5571972927330835,23.605910253839102
69.8,834.6513864391064,6.530118688995779,23.508427280384808
69.85000000000001,834.9772157735819,6.503054690022216,23.410996884079978
69.9,835.301693713495,6.476062906500885,23.313826463403185
69.95,835.6248245343073,6.449169925995126,23.217011733582456
70.0,835.9466144391516,6.422426267778624,23.120734564003047
70.05,836.2670716976253,6.395864071169022,23.02511065620848
70.10000000000001,836.5862034402231,6.369405632743657,22.929860277877165
70.15,836.9040153282799,6.343069889527838,22.83505160230022
70.2,837.2205145331535,6.316898305416386,22.740833899498988
70.25,837.5357080605421,6.290842790127572,22.64703404445926
70.3,837.849602393851,6.264930542226706,22.55374995201614
70.35000000000001,838.1622037302989,6.23912291568626,22.460842496470537
70.4,838.4735182833185,6.213459205101865,22.368453138366714
70.45,838.7835542937704,6.187981212975371,22.276732366711336
70.5,839.0923216696057,6.162713820436812,22.185769753572522
70.55,839.3998318643352,6.137693968741248,22.095698287468494
70.60000000000001,839.7060976443573,6.11293723214418,22.006574035719048
70.65,840.011130080173,6.088360200480513,21.918096721729846
70.7,840.3149380371625,6.063958079102321,21.830249084768354
70.75,840.6175320553779,6.0398026495106105,21.743289538238198
70.8,840.9189227696636,6.015825921920442,21.65697331891359
70.85000000000001,841.2191172549897,5.991953491121107,21.571032568035985
70.9,841.5181221208088,5.9682411416425545,21.485668109913195
70.95,841.815945489442,5.944693603687753,21.400896973275913
71.0,842.1125961041541,5.921330984797615,21.316791545271414
71.05,842.4080817088173,5.898093201728722,21.2331355262234
71.10000000000001,842.7024093147859,5.8750110370108635,21.150039733239108
71.15,842.995589098145,5.852180297357261,21.06784907048614
71.2,843.2876331304965,5.82958099670131,20.986491588124718
71.25,843.5785516348277,5.807159176548026,20.905773035572896
71.3,843.8683547487669,5.784965381020753,20.825875371674712
71.35000000000001,844.157053388722,5.762980217183696,20.746728781861304
71.4,844.4446571592265,5.741170602996354,20.668214170786875
71.45,844.7311741692552,5.719509798148666,20.590235273335196
71.5,845.0166107100858,5.697951835077568,20.512626606279245
71.55,845.3009726799379,5.676526959006359,20.435497052422892
71.60000000000001,845.5842673804069,5.655261059752096,20.358939815107547
71.65,845.8665029718535,5.634162598112386,20.28298535320459
71.7,846.1476901999364,5.6133265252015025,20.20797549072541
71.75,846.4278439091598,5.592821843735851,20.13415863744906
71.8,846.7069824414525,5.572719447972326,20.061790012700374
71.85000000000001,846.9851275411711,5.55308454077289,19.991104346782404
71.9,847.2623040697334,5.533976601719235,19.922315766189246
71.95,847.5385410549047,5.515502805133342,19.85581009848003
72.0,847.8138704373021,5.497672490758708,19.79162096673135
72.05,848.0883230124751,5.480430516166091,19.72954985819793
72.10000000000001,848.361928945252,5.463806794908632,19.669704461671078
72.15,848.6347195484251,5.447817332017304,19.612142395262296
72.2,848.9067252790688,5.432411893732093,19.556682817435536
72.25,849.1779750341855,5.417578310934858,19.503281919365488
72.3,849.4484973451273,5.403314126739303,19.45193085626149
72.35000000000001,849.7183203216697,5.38960493495887,19.40257776585193
72.4,849.987471817505,5.376454898453582,19.355237634432893
72.45,850.2559791388138,5.36383795389588,19.309816634025168
72.5,850.523867446663,5.351694360071581,19.26609969625769
72.55,850.7911592681808,5.339978500641327,19.22392260230878
72.60000000000001,851.0578743832425,5.328626101826284,19.183053966574622
72.65,851.3240300510199,5.317600609271769,19.14336219337837
72.7,851.5896407350278,5.306826751045359,19.104576303763295
72.75,851.8547168187871,5.296216599324669,19.06637975756881
72.8,852.1192640000434,5.285670650923901,19.028414343326045
72.85000000000001,852.3832846975976,5.275157251244142,18.990566104478912
72.9,852.6467789687555,5.264613595071365,18.952608942256916
72.95,852.9097444245971,5.254004638590727,18.91441669892662
73.0,853.1721754733137,5.243237310076177,18.875654316274236
73.05,853.434062958732,5.232262106660047,18.83614358397617
73.10000000000001,853.6953974865726,5.221119006959425,18.79602842505393
73.15,853.9561684483217,5.209719463006746,18.754990066824284
73.2,854.2163589879711,5.197902122971593,18.712447642697736
73.25,854.4759469183397,5.1856150917678745,18.66821433036435
73.3,854.7349069987771,5.172788125729205,18.62203725262514
73.35000000000001,854.9932106051377,5.159356128697441,18.573682063310788
73.4,855.2508247822791,5.145210956959265,18.522759445053357
73.45,855.507712223679,5.130286699037924,18.46903211653653
73.5,855.7638349346241,5.114621738763236,18.41263825954765
73.55,856.0191571711118,5.098267720745881,18.35376379468517
73.60000000000001,856.2736433430056,5.081179155003952,18.292244958014226
73.65,856.52725886771,5.063441833173261,18.22839059942374
73.7,856.7799726340737,5.045108821377095,18.162391756957543
73.75,857.0317561028628,5.026229930184609,18.094427748664593
73.8,857.2825843521459,5.006900041142354,18.024840148112474
73.85000000000001,857.5324356421845,4.987151560403017,17.953745617450863
73.9,857.7812894622534,4.967001242353076,17.881204472471076
73.95,858.0291265866924,4.946483735205458,17.80734144673965
74.0,858.2759275392159,4.925554365732091,17.731995716635527
74.05,858.521673201903,4.904272141753634,17.655379710313085
74.10000000000001,858.7663463989165,4.882655738786641,17.57756065963191
74.15,859.0099300648086,4.860690896894715,17.498487228820974
74.2,859.2524069755394,4.838385532340347,17.41818791642525
74.25,859.4937604678485,4.815754160021992,17.336714976079172
74.3,859.7339741712894,4.792793977616286,17.254058319418633
74.35000000000001,859.9730318200349,4.769511972199684,17.170243099918864
74.4,860.2109162341416,4.7458645920683376,17.085112531446015
74.45,860.4476103869084,4.721901518603846,16.998845466973847
74.5,860.6830995446138,4.697664789610439,16.91159324259758
74.55,860.9173690008596,4.673113460223038,16.823208456802938
74.60000000000001,861.1504027159092,4.648235141759455,16.73364651033404
74.65,861.3821864136041,4.623112766036988,16.64320595773316
74.7,861.6127074508119,4.59772872227353,16.55182340018471
74.75,861.841952657881,4.572079560492501,16.459486417773004
74.8,862.0699082726156,4.5461450288903364,16.36612210400521
74.85000000000001,862.2965614088787,4.519980421633977,16.271929517882317
74.9,862.5219010916909,4.493606890852785,16.176984807070028
74.95,862.7459160988404,4.466993395128365,16.081176222462116
75.0,862.9685939893897,4.440122226839327,15.984440016621576
75.05,863.1899239072378,4.413074487088518,15.887068153518666
75.10000000000001,863.4098972062783,4.3858574745322105,15.789086908315959
75.15,863.6285050885293,4.358457815509177,15.690448135833037
75.2,863.8457379288313,4.330855796569938,15.591080867651776
75.25,864.0615849562613,4.303025300628515,15.490891082262653
75.3,864.276034988798,4.274976000838701,15.389913603019325
75.35000000000001,864.4890744729657,4.246603365873042,15.287772117142953
75.4,864.7006857677292,4.217848424664576,15.184254328792475
75.45,864.9108518602492,4.188795276137908,15.079662994096468
75.5,865.1195583479348,4.159464231285867,14.97407123262912
75.55,865.326792033515,4.129883191919996,14.867579490911986
75.60000000000001,865.5325413735354,4.100090408898139,14.760325472033301
75.65,865.7367965064974,4.070114909582527,14.652413674497097
75.7,865.9395506414801,4.040050489726005,14.544181763013617
75.75,866.1407988735929,4.009878794784573,14.435563661224462
75.8,866.3405363968034,3.9796221336337636,14.326639681081549
75.85000000000001,866.5387612390206,3.9493715550535593,14.217737598192814
75.9,866.7354736454517,3.919124702194734,14.108848927901043
75.95,866.9306711962652,3.888777330340114,13.999598389224412
76.0,867.124349879574,3.8583700020121476,13.890132007243732
76.05,867.3165054739538,3.827853773184544,13.780273583464359
76.10000000000001,867.5071326483929,3.7972332043793573,13.670039535765687
76.15,867.6962278058868,3.76657309537636,13.559663143354896
76.2,867.8837896345749,3.7359000521476338,13.449240187731482
76.25,868.0698179981505,3.705234490875716,13.338844167152578
76.3,868.2543142357504,3.674615013119208,13.228614047229149
76.35000000000001,868.4372785945907,3.6439593404929083,13.11825362577447
76.4,868.6187109350969,3.6133342797598473,13.008003407135451
76.45,868.7986134717847,3.582767187752428,12.89796187590874
76.5,868.9769894575116,3.552272241324437,12.788180068767975
76.55,869.153843634069,3.5218948209675167,12.67882135548306
76.60000000000001,869.3291821625438,3.491646318026514,12.56992674489545
76.65,869.5030105033716,3.4614873150833407,12.461354334300028
76.7,869.6753338631679,3.4314470767692224,12.353209476369202
76.75,869.8461552164235,3.401407053455714,12.245065392440571
76.80000000000001,870.0154754260565,3.3714013318630203,12.137044794706874
76.85000000000001,870.1832990444369,3.3415434033553346,12.029556252079205
76.9,870.3496313139442,3.3117473769361845,11.922290556970264
76.95,870.5144730302018,3.2819212733656027,11.81491658411617
77.0,870.6778244727844,3.2521364299422895,11.707691147792243
77.05000000000001,870.839687988199,3.2224041866401656,11.600655071904596
77.10000000000001,871.0000666717964,3.1927431572576355,11.493875366127488
77.15,871.1589622518974,3.1630800467811016,11.387088168411966
77.2,871.3163747498598,3.133419871718342,11.280311538186032
77.25,871.47230733641,3.1038835902906676,11.173980925046404
77.30000000000001,871.6267644728553,3.0744018675174853,11.067846723062948
77.35000000000001,871.7797461958864,3.0448670537280287,10.961521393420904
77.4,871.931252030041,3.0153663124569894,10.855318724845162
77.45,872.0812829090692,2.9858688486687726,10.74912785520758
77.5,872.2298388195906,2.9563675721859726,10.642923259869502
77.55000000000001,872.3769202396621,2.9268892306748118,10.536801230429322
77.60000000000001,872.522527701459,2.8974092412025247,10.43067326832909
77.65,872.6666623263169,2.867975753110566,10.324712711198037
77.7,872.8093258564713,2.8385654530684628,10.218835631046467
77.75,872.950518217257,2.8091289783584097,10.112864322090275
77.80000000000001,873.0902394653248,2.779720944353615,10.006995399673015
77.85000000000001,873.2284903814434,2.750315700390037,9.901136521404133
77.9,873.3652712549577,2.720919240182964,9.795309264658671
77.95,873.5005831968266,2.6915584345713683,9.689610364456927
78.0,873.6344276867626,2.6622211628690073,9.583996186328427
78.05000000000001,873.7668063178967,2.6329240824923263,9.478526696972375
78.10000000000001,873.8977203011633,2.603635248174297,9.37308689342747
78.15,874.027167841047,2.574266347171764,9.26735884981835
78.2,874.1551475253915,2.544921026609895,9.161715695795623
78.25,874.2816608034152,2.5156100943402953,9.056196339625064
78.30000000000001,874.4067076449803,2.4862635682660277,8.9505488457577
78.35000000000001,874.5302863813796,2.4568858877049053,8.84478919573766
78.4,874.6523960446922,2.427500644797357,8.739002321270485
78.45,874.7730363175725,2.3981102704161583,8.63319697349817
78.5,874.8922078727439,2.368751936442377,8.527506971192558
78.55000000000001,875.0099122356327,2.339422579107926,8.421921284788533
78.60000000000001,875.1261496927837,2.3100757069310065,8.316272544951623
78.65,875.2409223622715,2.280831072580707,8.210991861290545
78.7,875.3542340181409,2.2516351621956443,8.10588658390432
78.75,875.4660874099718,2.2225005110398883,8.001001839743598
78.80000000000001,875.5764867830111,2.193474410529933,7.896507877907759
78.85000000000001,875.6854368718328,2.164529142338206,7.792304912417542
78.9,875.7929429869051,2.135715460551965,7.688575657987074
78.95,875.8990101723153,2.106971955857837,7.585099041088213
79.0,876.0036416174806,2.078285850754893,7.4818290627176145
79.05000000000001,876.1068406586853,2.0496757974325046,7.378832870757017
79.10000000000001,876.2086079055664,2.0210140778128998,7.275650680126439
79.15,876.3089396276278,1.9922548046427382,7.172117296713858
79.2,876.4078328139689,1.963472649000996,7.068501536403586
79.25,876.5052847252246,1.934603801225482,6.964573684411736
79.30000000000001,876.6012878510691,1.9055212325556756,6.859876437200432
79.35000000000001,876.695835100342,1.8763687383639367,6.754927458110172
79.4,876.7889222813365,1.8471185014144322,6.649626605091957
79.45,876.8805464108116,1.817846677591601,6.544248039329763
79.5,876.9707043624262,1.7884713869939834,6.43849699317834
79.55000000000001,877.0593906405811,1.7589797392026854,6.332327061129668
79.60000000000001,877.1466028338294,1.7295079907284954,6.226228766622583
79.65,877.2323413022764,1.7000307471491518,6.120110689736947
79.7,877.3166034714365,1.6704560192556004,6.013641669320162
79.75,877.3993869482667,1.6408830539540669,5.90717899423464
79.80000000000001,877.4806910748393,1.6112820089479094,5.800615232212474
79.85000000000001,877.5605146244272,1.5816599745672535,5.693975908442113
79.9,877.6388574199794,1.5520518475205778,5.58738665107408
79.95,877.7157205156965,1.5224719811592724,5.480899132173381
80.0,877.7911063764211,1.4929624478253931,5.374664812171416
80.05000000000001,877.8650192463406,1.4635523489526943,5.268788456229699
80.10000000000001,877.9374621935327,1.4341655387325665,5.16299593943724
80.15,878.0084382435426,1.404876461664977,5.057555261993917
80.2,878.0779512452838,1.375643607980887,4.952316988731193
80.25,878.1460038887466,1.346462130530917,4.847263669911301
80.30000000000001,878.2125992940244,1.3173540805800448,4.742474690088161
80.35000000000001,878.2777411207277,1.288318987553855,4.6379483551938785
80.4,878.3414331415042,1.2593618435076466,4.5337026366275275
80.45,878.4036796708444,1.2304993301012557,4.42979758836452
80.5,878.4644832888114,1.2016453885777114,4.325923398879762
80.55000000000001,878.5238456940674,1.1728508216645794,4.222262957992486
80.60000000000001,878.5817717633886,1.1441919511843557,4.119091024263681
80.65,878.6382667037493,1.1156056632459017,4.016180387685246
80.7,878.6933337029405,1.087074304403779,3.913467495853604
80.75,878.746976710506,1.0586459982148124,3.811125593573325
80.80000000000001,878.7992011470933,1.030331465277651,3.7091932749995435
80.85000000000001,878.8500143896739,1.0021982379479808,3.607913656612731
80.9,878.899424922664,0.9742230816585196,3.5072030939706704
80.95,878.9474398187558,0.9463727620119273,3.4069419432429386
81.0,878.9940663991621,0.9186904542377243,3.3072856352558078
81.05000000000001,879.039310301601,0.8910656433193169,3.207836315949541
81.10000000000001,879.0831735462281,0.8634641417649211,3.108470910353716
81.15,879.1256572892574,0.8358855794092455,3.0091880858732836
81.2,879.1667618703872,0.808297665779023,2.9098715968044826
81.25,879.2064869826945,0.7807068265134866,2.8105445754485516
81.30000000000001,879.2448323476767,0.7531077727744534,2.7111879819880325
81.35000000000001,879.2817979285425,0.7255154618563637,2.6118556626829097
81.4,879.3173861816615,0.698014662907114,2.5128527864656105
81.45,879.3515964184061,0.6703948068754056,2.4134213047514605
81.5,879.3844310474957,0.6429903567114911,2.3147652841613677
81.55000000000001,879.4159096001955,0.6161517512816905,2.218146304614086
81.60000000000001,879.4460625995205,0.5899682217187984,2.123885598187674
81.65,879.4749224524732,0.5644258963879388,2.0319332269965797
81.7,879.5025204187093,0.5394927530588062,1.9421739110117022
81.75,879.5288860209635,0.515131337108638,1.8544728135910968
81.80000000000001,879.55404979436,0.4914195987562052,1.7691105555223388
81.85000000000001,879.5780423638106,0.4682831792668256,1.6858194453605722
81.9,879.6008896439627,0.44560802681436384,1.60418889653171
81.95,879.6226143047243,0.42337840364873786,1.5241622531354564
82.0,879.6432381670952,0.40157609119001897,1.4456739282840683
82.05000000000001,879.662779757102,0.3800875090856009,1.3683150327081632
82.10000000000001,879.6812513170405,0.3587748884534809,1.2915895984325312
82.15,879.6986600145759,0.33757301296516684,1.2152628466746007
82.2,879.7150222139785,0.31691496313831596,1.1408938672979374
82.25,879.7303653239505,0.2968094357452559,1.0685139686829213
82.30000000000001,879.7447143585711,0.2771519490778537,0.9977470166802732
82.35000000000001,879.7580918929388,0.25794942562992224,0.92861793226772
82.4,879.7705208283625,0.2392079913196829,0.8611487687508584
82.45,879.7820243520817,0.22093295745012412,0.7953586468204469
82.5,879.7926258960847,0.20312880266935954,0.7312636896096943
82.55000000000001,879.8023491270673,0.1858004366342283,0.6688815718832218
82.60000000000001,879.811332739183,0.1735440479913803,0.6247585727689691
82.65,879.8196488874551,0.15910188289215926,0.5727667784117734
82.7,879.8272127730594,0.1434535412795605,0.5164327486064179
82.75,879.8339456230952,0.12586046015664815,0.45309765656393336
82.80000000000001,879.8397317365124,0.10558407652648738,0.3801026754953546
82.85000000000001,879.8444184841103,0.0818858273921432,0.29478897861171555
82.9,879.847816308539,0.05402714975668063,0.19449773912405027
82.95,879.8496987242985,0.02126948062316475,0.0765701302433931
