t_ref_s,v_ref_mps,v_ref_kmh,s_ref_m
0.0,0.0,0.0,0.0
0.05,0.09659127602850573,0.34772859370262066,0.0024147819007126433
0.1,0.1380359749416196,0.4969295097898305,0.008280463174965776
0.15,0.17690763739919046,0.6368674946370857,0.016154053483486027
0.2,0.21336715878023965,0.7681217716088627,0.025910923387971782
0.24999999999999997,0.2475754344637885,0.8912715640696386,0.037434488219072484
0.3,0.27969335982885823,1.0068960953838897,0.050616208076388655
0.35000000000000003,0.30988183025447036,1.1155745889160933,0.06535558782847187
0.4,0.3383017411196459,1.2178862680307252,0.08156017711282477
0.44999999999999996,0.3651139878034064,1.314410356092263,0.09914557033590109
0.49999999999999994,0.39047946568477304,1.4057260764651829,0.11803540667310558
0.55,0.4145590701427672,1.492412652513962,0.1381613700687941
0.6,0.4375136965564101,1.5750493076030763,0.1594631892362735
0.65,0.4595042403047232,1.6542152650970035,0.18188863765780183
0.7000000000000001,0.4806915967667276,1.7304897483602195,0.20539353358458812
0.75,0.5012366613214329,1.8044519807571584,0.22994174003679213
0.8,0.5194354983570751,1.8699677940854706,0.25545854402875484
0.8500000000000001,0.5395389311706917,1.9423401522144903,0.281932904766949
0.8999999999999999,0.5619353092586984,2.022967113331314,0.30946976077768373
0.9500000000000001,0.5835286994220641,2.100703317919431,0.3381063609947028
0.9999999999999999,0.6049201613884405,2.177712580998386,0.36781758251496544
1.05,0.626455705855001,2.2552405410780034,0.39860197919605145
1.1,0.6482477548435879,2.3336919174369166,0.4304695657135162
1.15,0.6701350479903694,2.41248617276533,0.4634291357843651
1.2,0.6923862623113942,2.4925905443210192,0.4974921685419092
1.25,0.7144622727296448,2.5720641818267214,0.5326633819179352
1.3,0.7368256693246399,2.6525724095687035,0.5689455804692922
1.35,0.7594438027716435,2.7339976899779166,0.6063523172716994
1.4000000000000001,0.7820603331400218,2.8154171993040786,0.644889920669491
1.45,0.8035882022997709,2.8929175282791753,0.6845311340554858
1.5,0.8249294061286916,2.9697458620632897,0.7252440742661974
1.55,0.8465590624737016,3.0476126249053257,0.7670312859812572
1.6,0.8679382922362446,3.1245778520504808,0.8098937198490059
1.6500000000000001,0.8893023476589117,3.2014884515720823,0.8538247358463849
1.7000000000000002,0.9105590245917191,3.2780124885301887,0.8988212701526506
1.75,0.9322239224460929,3.3560061208059344,0.9448908438285959
1.7999999999999998,0.9545730916209345,3.4364631298353645,0.9920607691802716
1.85,0.9774258180363321,3.518732944930796,1.0403607419217034
1.9000000000000001,1.000228846158656,3.6008238461711612,1.089802108526578
1.95,1.0235225113568347,3.684681040884605,1.1403958924644653
1.9999999999999998,1.0474039370904666,3.77065417352568,1.1921690536756477
2.0500000000000003,1.071454776692447,3.857237196092809,1.2451405215202205
2.1,1.0959932081699133,3.945575549411688,1.2993267211417794
2.15,1.1212991692900824,4.036677009444297,1.3547590305782793
2.2,1.146959902483779,4.129055648941605,1.4114655073726259
2.25,1.1727575283375742,4.221927102015267,1.4694584431431597
2.3,1.199254844921547,4.317317441717569,1.5287587524746378
2.35,1.2261952939748406,4.414303058309426,1.5893950059470474
2.4,1.2540972623186295,4.514750144347066,1.6514023198543841
2.4499999999999997,1.2822979409346513,4.616272587364745,1.7148121999357162
2.5,1.3108326749158117,4.718997629696922,1.7796404653319777
2.5500000000000003,1.3398547751732153,4.823477190623575,1.8459076515842034
2.6,1.368752111780224,4.927507602408807,1.9136228237580395
2.6500000000000004,1.3986837645814412,5.035261552493188,1.982808720667081
2.7,1.4287947407431862,5.14366106667547,2.0534956833001967
2.75,1.4586052070309121,5.250978745311284,2.1256806819945493
2.8000000000000003,1.488429375162649,5.358345750585537,2.1993565465493883
2.85,1.5185427241403675,5.466753806905323,2.274530849031964
2.9,1.5484787227774046,5.574523401998657,2.3512063852049083
2.9499999999999997,1.5775457419469117,5.679164671008882,2.4293569968230164
3.0,1.6069994203059634,5.785197913101468,2.5089706258793383
3.05,1.6364071722147504,5.891065819973101,2.590055790692356
3.1,1.665957372002739,5.997446539209861,2.6726149042977934
3.1500000000000004,1.6949952320157762,6.101982835256794,2.756638719398256
3.2,1.723718913021374,6.205388086876947,2.842106573024185
3.25,1.7525564505121254,6.309203221843651,2.9290134571125224
3.3000000000000003,1.7823164318949172,6.416339154821702,3.0173852791726983
3.35,1.81127829806307,6.520601873027052,3.107225147421648
3.4000000000000004,1.8394691137865251,6.6220888096314905,3.1984938327178876
3.45,1.867888139629367,6.7243973026657216,3.291177764053285
3.5,1.8965625957368504,6.827625344652661,3.3852890324374405
3.55,1.9252803313327091,6.931009192797753,3.4808351056141795
3.5999999999999996,1.953404752601854,7.032257109366675,3.5778022327125436
3.65,1.9814546954870824,7.133236903753497,3.676173718914767
3.7,2.008994422708988,7.232379921752358,3.775934946869669
3.7500000000000004,2.0371349802949883,7.333685929061958,3.8770881819447682
3.8000000000000003,2.06599468674058,7.437580872266087,3.9796664236206576
3.85,2.0944967967087718,7.5401884681515785,4.0836787107068915
3.9,2.122910620269416,7.642478232969897,4.189113896131346
3.9499999999999997,2.151280277261576,7.744608998141673,4.29596866856962
3.9999999999999996,2.180207273938449,7.848746186178417,4.404255857349621
4.050000000000001,2.208896730448532,7.952028229614716,4.513983457459295
4.1000000000000005,2.2372224020785065,8.054000647482624,4.625136435772471
4.15,2.266451435642917,8.159225168314501,4.737728281715507
4.2,2.294648788033046,8.260735636918966,4.851755787307406
4.25,2.3234148545673037,8.364293476442294,4.967207378372414
4.3,2.3520256174404115,8.467292222785481,5.084093390172607
4.3500000000000005,2.38050986067546,8.569835498431656,5.202406777125504
4.4,2.4088160100528757,8.671737636190352,5.322139923893713
4.45,2.4373586502620515,8.774491140943386,5.443294290401586
4.5,2.4658786661641754,8.877163198191031,5.565875223312242
4.55,2.4939909756875407,8.978367512475147,5.6898719643585345
4.6,2.522307781968206,9.08030801508554,5.815279433299928
4.65,2.550322597831144,9.181161352192118,5.942095192794912
4.7,2.5781578925123534,9.281368413044472,6.070307205053499
4.75,2.605739200348703,9.380661121255331,6.199904632375025
4.8,2.6334238502916794,9.480325861050046,6.330883708641035
4.85,2.6605855826070504,9.578108097385382,6.463233944463503
4.8999999999999995,2.6884427955916967,9.678394064130108,6.596959653918471
4.949999999999999,2.7163885763988276,9.77899887503578,6.732080438218235
5.0,2.743825625201639,9.8777722507259,6.868585793258246
5.05,2.7712015036393995,9.976325413101838,7.006461471479272
5.1000000000000005,2.798666796740531,10.075200468265912,7.14570817898877
5.15,2.8265848519458756,10.175705467005152,7.286339470205931
5.2,2.8545256324457347,10.276292276804645,7.428367232315721
5.25,2.8827913472476676,10.378048850091604,7.571800156808056
5.300000000000001,2.911165145374839,10.48019452334942,7.716649069123618
5.3500000000000005,2.93944350035438,10.581996601275769,7.862914285266848
5.4,2.9677122625633485,10.683764145228055,8.010593179339791
5.45,2.996332469970932,10.786796891895357,8.159694297653148
5.5,3.0254707004890586,10.891694521760611,8.310239376914648
5.55,3.0540257302244402,10.994492628807985,8.462226787682486
5.6000000000000005,3.0824320882414353,11.096755517669168,8.615638233144132
5.65,3.1108815863373764,11.199173710814556,8.770471075008603
5.7,3.138712862029079,11.299366303304685,8.926710936217765
5.75,3.167660279201758,11.403577005126328,9.084370264748536
5.8,3.1954926042284897,11.503773375222563,9.243449086834293
5.85,3.2229793013498598,11.602725484859496,9.403910884473751
5.8999999999999995,3.250796272907282,11.702866582466216,9.56575527383018
5.95,3.2790259885342694,11.80449355872337,9.729000830366218
6.0,3.30621821088588,11.902385559189169,9.89363193535172
6.05,3.333649461736225,12.00113806225041,10.059628627167273
6.1,3.361406001772608,12.10106160638139,10.227005013754994
6.15,3.3888331972883443,12.199799510238039,10.395760993731518
6.2,3.4162261126226765,12.298414005441636,10.565887476479293
6.25,3.443849599210015,12.397858557156054,10.73738936927511
6.300000000000001,3.4719202858028524,12.49891302889027,10.910283616400433
6.3500000000000005,3.499998937424889,12.5999961747296,11.084581596981126
6.4,3.5279912138725495,12.700768369941178,11.260281350763561
6.45,3.55595345420834,12.801432435150025,11.437379967465583
6.5,3.5838330790109922,12.901799084439572,11.615874630796066
6.55,3.6123603958653727,13.004497425115343,11.795779467667975
6.6000000000000005,3.6411006280412095,13.107962260948355,11.97711599326564
6.65,3.6701746653201934,13.212628795152696,12.159897875599675
6.7,3.699285708144048,13.317428549318572,12.34413438493628
6.75,3.728723281079582,13.423403811886494,12.529834609666871
6.800000000000001,3.7582087080538487,13.529551348993856,12.717007909395207
6.85,3.7871379630596227,13.633696667014641,12.905641576173043
6.9,3.81606524504555,13.73783488216398,13.095721656375671
6.949999999999999,3.8453437941390907,13.843237658900726,13.287256882355287
7.0,3.874128490134427,13.946862564483938,13.480243689462124
7.050000000000001,3.90215856107529,14.047770819871044,13.674650865742368
7.1,3.9300158821866162,14.148057175871818,13.870455226823916
7.15,3.9582917924388017,14.249850452779686,14.067662918689551
7.199999999999999,3.9864734432254627,14.351304395611667,14.266282049581157
7.25,4.0145211407621835,14.452276106743861,14.466306914180848
7.3,4.041884464692934,14.550784072894563,14.667717054317226
7.3500000000000005,4.069472355665768,14.650100480396766,14.870500974826193
7.4,4.097679109235859,14.751644793249092,15.074679761448733
7.45,4.125747397051935,14.852690629386966,15.280265424105927
7.500000000000001,4.152835924230209,14.950209327228754,15.487230007137981
7.55,4.1803670654408815,15.049321435587174,15.695560081879758
7.6000000000000005,4.207950242973143,15.148620874703315,15.90526801459011
7.6499999999999995,4.235511850985149,15.247842663546535,16.116354566939066
7.7,4.263015369139143,15.346855328900913,16.328817747442173
7.750000000000001,4.290211730159489,15.44476222857416,16.54264842492464
7.8,4.3175467539762264,15.543168314314416,16.75784238702803
7.8500000000000005,4.345226689180592,15.642816081050132,16.97441172310695
7.8999999999999995,4.3729080937655285,15.742469137555902,17.192365092680603
7.95,4.400570980520772,15.84205552987478,17.41170206953776
7.999999999999999,4.4281265438230255,15.941255557762892,17.632419507646354
8.05,4.45596413421667,16.04147088318001,17.854521774597345
8.100000000000001,4.48372162727356,16.141397858184817,18.0780139186346
8.15,4.511936509685419,16.242971434867506,18.302905372058575
8.200000000000001,4.539742434408564,16.34307276387083,18.529197345660926
8.25,4.567455514529098,16.442839852304754,18.756877294384367
8.3,4.594883673968873,16.541581226287942,18.985935774096816
8.350000000000001,4.622110098359917,16.6395963540957,19.216360618405037
8.4,4.650129224492396,16.740465208172626,19.448166601476345
8.450000000000001,4.6775041783367115,16.83901504201216,19.681357436547074
8.5,4.704953079407232,16.937831085866033,19.915918867990673
8.55,4.732137279615911,17.03569420661728,20.15184612696625
8.6,4.759492707313548,17.134173746328774,20.389136876639487
8.65,4.787515130725643,17.235054470612315,20.627812072590466
8.700000000000001,4.815445192146165,17.335602691726194,20.86788608066226
8.75,4.842990522355023,17.434765880478082,21.10934697352479
8.8,4.870193706259725,17.53269734253501,21.352176579240158
8.85,4.897662258478115,17.631584130521215,21.596372978358605
8.9,4.925109994558297,17.73039598040987,21.841942284684517
8.95,4.952489587984742,17.828962516745072,22.088882274248093
9.0,4.979604121511656,17.92657483744196,22.337184616985503
9.05,5.006629131599499,18.023864873758196,22.586840448313282
9.1,5.033644682874431,18.12112085834795,22.83784729367513
9.15,5.0608061272846685,18.218902058224806,23.090208563929107
9.2,5.08808792979967,18.31711654727881,23.343930915356214
9.25,5.115186330514435,18.414670789851968,23.599012771864068
9.3,5.142894576866149,18.514420476718136,23.85546479454858
9.35,5.1703496897040875,18.613258882934716,24.113295901212837
9.4,5.197826730840367,18.71217623102532,24.372500311726448
9.45,5.225490546083175,18.81176596589943,24.633083243649537
9.5,5.253199625516558,18.91151865185961,24.89505049793953
9.549999999999999,5.280867739995572,19.01112386398406,25.15840218207733
9.6,5.308807286968615,19.111706233087013,25.423144057751436
9.65,5.336625206613996,19.211850743810384,25.689279870091003
9.7,5.364006725422243,19.310424211520075,25.95679566839191
9.75,5.392014713338472,19.411252968018502,26.225696204360926
9.799999999999999,5.419565845393915,19.510437043418097,26.495985718329237
9.85,5.4472363030936055,19.61005069113698,26.767655772041426
9.899999999999999,5.475152898653675,19.71055043515323,27.040715502085106
9.95,5.502701831311205,19.809726592720338,27.31516187033423
10.0,5.5302237258085984,19.908805412910954,27.590985009262223
10.05,5.557596533734222,20.0073475214432,27.868180515750794
10.1,5.585045311750611,20.1061631223022,28.146746561887916
10.15,5.612521668171121,20.205078005416038,28.42668573638596
10.200000000000001,5.639858134888425,20.30348928559833,28.707995231462448
10.25,5.66715027395056,20.401740986222016,28.990670441683424
10.3,5.694190204741385,20.499084737068983,29.27470395365072
10.350000000000001,5.721856558040578,20.598683608946082,29.56010512272027
10.4,5.750035867423817,20.70012912272574,29.84690243335688
10.450000000000001,5.778045145331573,20.800962523193665,30.135104458675766
10.5,5.805792321052314,20.90085235578833,30.424700395335364
10.55,5.833238261295025,20.99965774066209,30.71567615989405
10.600000000000001,5.86113306095677,21.100079019444372,31.008035442950344
10.65,5.889587089729338,21.20251352302562,31.301803446717496
10.700000000000001,5.917933009475488,21.304558834111756,31.596991449197617
10.75,5.945771662703771,21.404777985733574,31.8935840660021
10.8,5.974116431867821,21.506819154724155,32.19158126836639
10.85,6.00271934575645,21.60978964472322,32.491002162807
10.9,6.031901154052399,21.714844154588636,32.79186767530222
10.950000000000001,6.060042703729891,21.81615373342761,33.09416627174678
11.0,6.087814402789286,21.91613185004143,33.39786269940976
11.05,6.116185585107513,22.018268106387048,33.702962699107175
11.1,6.14423438429025,22.1192437834449,34.00947319834212
11.15,6.171813108119622,22.218527189230638,34.31737438565237
11.200000000000001,6.199397861861095,22.31783230269994,34.62665465990189
11.25,6.227254906619839,22.41811766383142,34.93732097911391
11.3,6.2550986093510845,22.518354993663905,35.249379817013185
11.35,6.282431907684084,22.616754867662703,35.56281807993906
11.4,6.309714857406284,22.714973486662625,35.87762174906632
11.45,6.33666700620766,22.81200122234758,36.19378129565667
11.5,6.362935079692514,22.906566286893053,36.511271347804175
11.55,6.389916977479451,23.003701118926024,36.83009264923348
11.6,6.416670013531237,23.100012048712454,37.15025732400875
11.65,6.443693809433052,23.19729771395899,37.471766419582856
11.7,6.470957409022712,23.295446672481763,37.794632700044254
11.75,6.498411844543706,23.394282640357343,38.118866931383415
11.799999999999999,6.52512460554905,23.49044857997658,38.444455342635734
11.85,6.5524936592852,23.58897717342672,38.77139579925659
11.9,6.57980487342533,23.687297544331187,39.09970326257435
11.95,6.6069502016383215,23.785020725897958,39.42937213945094
12.0,6.6347870117804995,23.8852332424098,39.76041556978641
12.049999999999999,6.6626294525578675,23.985466029208325,40.09285098139487
12.1,6.6903505726044745,24.08526206137611,40.426675482023924
12.149999999999999,6.718205988323805,24.1855415579657,40.76188939604713
12.2,6.745769074932459,24.28476866975685,41.098488772628535
12.25,6.773217491964097,24.383582971070748,41.43646343680095
12.3,6.801285677364867,24.48462843851352,41.77582601603417
12.35,6.830152194363441,24.588547899708388,42.11661196282738
12.4,6.858308961865128,24.68991226271446,42.45882349173309
12.450000000000001,6.885665000809507,24.788394002914224,42.802422840799956
12.5,6.913808966268075,24.88971227856507,43.1474096899769
12.55,6.9430868521933,24.99511266789588,43.493832085438434
12.600000000000001,6.971234906216287,25.096445662378635,43.84169012939867
12.65,6.9995460108590075,25.198365639092426,44.19095965232555
12.700000000000001,7.028082679178441,25.30109764504239,44.54165036957649
12.75,7.057443377159965,25.406796157775872,44.89378852098495
12.8,7.086446555897431,25.51120760123075,45.247385769311386
12.850000000000001,7.113904037397618,25.610054534631427,45.60239453414376
12.9,7.142199862559273,25.71191950521338,45.95879713164268
12.950000000000001,7.170560988187655,25.81401955747556,46.31661615291136
13.0,7.199781654979681,25.919213957926853,46.67587471899054
13.05,7.229324414405985,26.02556789186155,47.036602370725184
13.1,7.257910489478851,26.128477762123865,47.398783243322306
13.15,7.2862929574706,26.230654646894163,47.76238832949604
13.200000000000001,7.313848382012446,26.329854175244805,48.12739186298312
13.25,7.3406856691269775,26.42646840885712,48.493755214261604
13.3,7.3671033689083725,26.52157212807014,48.86144994021249
13.35,7.393758442967126,26.617530394681655,49.230471485509376
13.4,7.420054196103173,26.712195105971425,49.60081680148613
13.450000000000001,7.44676878202207,26.80836761527945,49.97248737593927
13.5,7.472998762854078,26.90279554627468,50.34548156456117
13.55,7.498985507722527,26.9963478278011,50.719781171325586
13.600000000000001,7.524410952328531,27.087879428382713,51.095366082826864
13.649999999999999,7.550567517870867,27.182043064335122,51.47224054458185
13.7,7.576402357604854,27.275048487377475,51.850414791468744
13.75,7.602494402802128,27.368979850087662,52.22988721047892
13.8,7.629296398173173,27.465467033423423,52.6106819805033
13.850000000000001,7.656099949893427,27.561959819616337,52.99281688920497
13.899999999999999,7.682941761064584,27.658590339832504,53.37629293197892
13.95,7.709754038984326,27.755114540343573,53.76111032698014
14.0,7.7376446148259515,27.855520613373425,54.14729529332539
14.05,7.765842101173744,27.95703156422548,54.534882461225386
14.100000000000001,7.793475211944209,28.056510762999153,54.92386539405334
14.149999999999999,7.821705454315573,28.158139635536063,55.31424491070983
14.2,7.85041514102889,28.261494507704004,55.706047925593445
14.25,7.87947072901466,28.366094624452774,56.09929507234453
14.3,7.907716850820887,28.467780662955196,56.49397476184042
14.35,7.936165653946549,28.570196354207578,56.8900718244596
14.399999999999999,7.96543697581647,28.675573112939293,57.28761189020368
14.45,7.994467121970928,28.78008163909534,57.686609492648365
14.5,8.023647925324793,28.885132531169255,58.08706236883076
14.55,8.052471806792322,28.98889850445236,58.48896536213368
14.6,8.080145937943438,29.08852537659638,58.89228080575208
14.65,8.107889604804146,29.188402577294926,59.29698169432077
14.700000000000001,8.135286732535851,29.287032237129065,59.70306110275427
14.75,8.162773292584262,29.385983853303344,60.11051260338227
14.8,8.19066921790575,29.4864091844607,60.519348666144516
14.85,8.218304479527456,29.58589612629884,60.92957300858035
14.9,8.245416661396437,29.683499981027172,61.34116603710345
14.950000000000001,8.27295334886974,29.782632055931064,61.754125287360104
15.000000000000002,8.300019068198194,29.8800686455135,62.168449597786804
15.050000000000002,8.327674687490598,29.979628874966153,62.58414194167902
15.1,8.35481449085861,30.077332167090997,63.00120417113775
15.15,8.381969562804153,30.175090426094954,63.41962377247932
15.200000000000001,8.408705119327943,30.271338429580595,63.839390639532624
15.250000000000002,8.437191248094983,30.37388849314194,64.2605380487182
15.299999999999999,8.465542031854273,30.475951314675385,64.68310638071694
15.35,8.493557442219243,30.576806791989277,65.10708386756878
15.4,8.521780773569379,30.678410784849763,65.53246732296348
15.450000000000001,8.550754485125632,30.782716146452273,65.95928070443085
15.500000000000002,8.579914581636208,30.88769249389035,66.3875474310999
15.549999999999999,8.60864110392019,30.991107974112687,66.81726132323881
15.6,8.6372051480198,31.093938532871285,67.2484074795373
15.65,8.665389350232651,31.195401660837543,67.68097234199362
15.700000000000001,8.69495916430419,31.301852991495085,68.11498105485704
15.750000000000002,8.724140957542884,31.406907447154385,68.55045855790321
15.799999999999999,8.75238273247486,31.5085778369095,68.98737165015366
15.85,8.780246254320272,31.608886515552978,69.42568737482354
15.9,8.808864027384814,31.711910498585333,69.86541513186617
15.950000000000001,8.837135540139213,31.81368794450117,70.30656512105428
15.999999999999998,8.865647202119542,31.91632992763035,70.74913468961074
16.05,8.893205538293504,32.015539937856616,71.19310600812106
16.1,8.91985057344555,32.11146206440399,71.63843241091453
16.150000000000002,8.947987687462899,32.212755674866436,72.08512836743725
16.200000000000003,8.975792309733338,32.31285231504002,72.53322286736716
16.25,9.00295700949652,32.41064523418747,72.9826916003479
16.3,9.029595298737947,32.50654307545661,73.43350540805376
16.35,9.05721445221025,32.6059720279569,73.88567565182747
16.400000000000002,9.084138548174112,32.7028987734268,74.33920947683708
16.450000000000003,9.111226376747597,32.80041495629135,74.79409359996012
16.5,9.13747618694828,32.89491427301381,75.25031116405252
16.55,9.163720386763185,32.989393392347466,75.7078410783953
16.6,9.1907746846432,33.08678886471552,76.16670345518047
16.650000000000002,9.217713565535126,33.18376883592646,76.62691566143492
16.700000000000003,9.245066058365742,33.28223781011667,77.08848515203245
16.75,9.272642290089323,33.38151224432156,77.55142786074383
16.8,9.299862062547795,33.47950342517206,78.01574046955976
16.85,9.327198181909765,33.57791345487515,78.4814169756712
16.900000000000002,9.354419620531576,33.675910633913674,78.94845742073223
16.95,9.382255702084255,33.776120527503316,79.41687430379763
17.0,9.409140046111542,33.872904166001554,79.88665919750252
17.05,9.43686328806311,33.972707837027194,80.35780928085688
17.1,9.464532300006548,34.07231628002357,80.83034417055863
17.150000000000002,9.491900106067252,34.17084038184211,81.30425498071048
17.2,9.519231435663935,34.269233168390166,81.77953326925376
17.25,9.546476699279221,34.367316117405196,82.25617597262735
17.3,9.573636497905335,34.46509139245921,82.73417880255695
17.35,9.600906926350333,34.5632649348612,83.21354238816335
17.400000000000002,9.628187720937762,34.66147579537594,83.69426975434556
17.45,9.654633097644467,34.75667915152008,84.17634027481012
17.5,9.681385610716191,34.85298819857829,84.65974074251913
17.55,9.707852720755723,34.9482697947206,85.14447170080594
17.6,9.734811946597564,35.04532300775123,85.63053831748977
17.650000000000002,9.761723630449335,35.14220506961761,86.11795170691593
17.7,9.788720200364716,35.23939272131298,86.60671280268629
17.75,9.815249015561522,35.334896456021475,87.09681203308445
17.8,9.842128887064346,35.43166399343165,87.5882464806501
17.85,9.868472518252855,35.52650106571028,88.08101151578303
17.9,9.894926721627296,35.62173619785827,88.57509649678003
17.95,9.921362068124159,35.71690344524697,89.07050371652382
18.0,9.94776060118598,35.81193816426953,89.56723178325657
18.05,9.974502576774073,35.908209276386664,90.06528836270557
18.1,10.001669143377482,36.00600891615893,90.56469265570936
18.15,10.027576908391275,36.09927687020859,91.06542380700358
18.2,10.053494640010978,36.19258070403952,91.56745059571364
18.25,10.0799666949315,36.2878801017534,92.0707871290872
18.3,10.106504648455294,36.38341673443906,92.57544891267186
18.35,10.132214604210635,36.47597257515829,93.0814168939885
18.4,10.15858565894717,36.57090837220981,93.58868690056745
18.45,10.185577930145557,36.66808054852401,94.09729099029477
18.5,10.21220247483748,36.76392890941493,94.60723550041934
18.55,10.239408781565304,36.861871613635095,95.1185257818294
18.6,10.265767441323867,36.95676278876592,95.63115518740163
18.65,10.292160295333629,37.051777063201065,96.14510338081807
18.7,10.319302338987793,37.14948842035606,96.6603899466761
18.75,10.347176434272521,37.24983516338108,97.17705191600761
18.8,10.373966284797781,37.346278625272014,97.69508048398437
18.849999999999998,10.400388972165661,37.441400299796385,98.21443936540845
18.9,10.427657560380242,37.53956721736887,98.7351405287221
18.95,10.454702557159129,37.636929205772866,99.25719953166059
19.0,10.481500149970035,37.73340053989213,99.78060459933882
19.05,10.508076066472542,37.82907383930115,100.30534400474988
19.099999999999998,10.534912282185374,37.92568421586735,100.83141871346633
19.15,10.562039532604024,38.023342317374485,101.35884250883606
19.2,10.589372085862424,38.12173950910473,101.88762779929772
19.25,10.61576380538577,38.21674969938877,102.41775619657892
19.3,10.642001981648969,38.311207133936286,102.9492003412548
19.349999999999998,10.669081323511229,38.40869276464043,103.4819774238838
19.4,10.696950875658153,38.50902315236935,104.01612822886304
19.45,10.722905949274535,38.60246141738833,104.55162464948636
19.5,10.749254989522914,38.69731796228249,105.0884286729563
19.55,10.775834254447787,38.79300331601203,105.62655590405556
19.599999999999998,10.802573819706568,38.88926575094364,106.16601610590942
19.65,10.828950849707747,38.98422305894789,106.70680422264478
19.7,10.855444482845392,39.079600138243414,107.2489141059586
19.75,10.881981354712975,39.175132876966714,107.79234975189756
19.799999999999997,10.90848129787962,39.270532672366635,108.33711131821238
19.849999999999998,10.935535459725108,39.36792765501039,108.8832117371525
19.9,10.962339158643026,39.4644209711149,109.4306586026117
19.95,10.98856452650271,39.55883229540976,109.97943119474034
20.0,11.015599948294165,39.65615981385899,110.52953530661027
20.05,11.042398966741713,39.75263628027017,111.08098527948617
20.1,11.067988464313455,39.844758471528436,111.63374496526255
20.15,11.094001273033687,39.93840458292127,112.18779470869623
20.2,11.11970322728492,40.03093161822571,112.7431373212042
20.25,11.146068711745095,40.12584736228234,113.29978161967995
20.3,11.172098401726977,40.21955424621712,113.85773579751675
20.35,11.197723735310115,40.31180544711641,114.41698135094268
20.400000000000002,11.22355814149895,40.40480930939622,114.97751339786291
20.450000000000003,11.2495451270239,40.49836245728604,115.53934097957598
20.5,11.275638199229924,40.59229751722773,116.10247056273232
20.55,11.301750907396759,40.686303266628336,116.66690529039799
20.6,11.327723128762274,40.77980326354419,117.23264214130197
20.650000000000002,11.353734367114473,40.873443721612105,117.79967857869889
20.700000000000003,11.38002387083996,40.96808593502386,118.36802253464775
20.75,11.405856748717236,41.06108429538205,118.93766955013668
20.8,11.431534236743552,41.15352325227679,119.50860432477319
20.85,11.4575952715206,41.24734297747416,120.0808325624798
20.900000000000002,11.483530861695801,41.34071110210488,120.65436071581021
20.950000000000003,11.509055102674544,41.43259836962836,121.22917536491947
21.0,11.534892735529654,41.525613847906754,121.80527406087458
21.05,11.560485404990406,41.617747457965464,122.38265851438759
21.1,11.586592513155779,41.7117330473608,122.96133546234124
21.150000000000002,11.612429508543748,41.804746230757495,123.54131101288372
21.200000000000003,11.637962639923963,41.89666550372627,124.12257081659541
21.25,11.663369160543755,41.98812897795752,124.7051041116071
21.3,11.688848072559757,42.079853061215125,125.28890954243468
21.35,11.7148086438921,42.17331111801156,125.87400096034598
21.400000000000002,11.739983436446195,42.2639403712063,126.46037076235444
21.450000000000003,11.76536290800232,42.35530646880835,127.04800442096565
21.5,11.790623802882918,42.446245690378504,127.63690408873778
21.55,11.814545741334003,42.53236466880241,128.2270333273432
21.6,11.83858552177033,42.61890787837319,128.8183616089208
21.650000000000002,11.864363994793571,42.71171038125686,129.41093534683492
21.7,11.889633553048553,42.80268079097479,130.00478528553097
21.75,11.915647353860274,42.89633047389699,130.5999173082037
21.8,11.940494433529217,42.98577996070518,131.19632085288842
21.85,11.965692301329247,43.07649228478529,131.79397552125988
21.900000000000002,11.992851873966707,43.174266746280146,132.39293912564227
21.95,12.020603033500088,43.27417092060032,132.99327549832896
22.0,12.047195002595908,43.36990200934527,133.59497044923137
22.05,12.074636533788281,43.468691521637815,134.19801623764099
22.1,12.104091584953773,43.57472970583358,134.80248444060953
22.150000000000002,12.133993827557703,43.682377779207734,135.4084365759223
22.2,12.163751525429632,43.78950549154668,136.015880209747
22.25,12.19302069969341,43.89487451889627,136.62479951537506
22.3,12.223177721205827,44.00343979634098,137.23520447589755
22.35,12.255241904460448,44.11887085605761,137.8471649665392
22.400000000000002,12.288199986423264,44.23751995112375,138.4607510138113
22.45,12.32022561946616,44.35281223007818,139.07596165395853
22.5,12.352863487057668,44.470308553407605,139.69278888162162
22.55,12.387980860892034,44.596731099211325,140.31130999032035
22.6,12.42305172935057,44.722986225662055,140.93158580507642
22.65,12.457884355273213,44.848383678983566,141.553609207192
22.7,12.492307891366734,44.97230840892024,142.17736401335802
22.75,12.52661650346752,45.095819412483074,142.80283712322887
22.8,12.563004208596421,45.22681515094712,143.43007764103046
22.85,12.599219712966443,45.3571909666792,144.05913323906952
22.9,12.633889156907765,45.48200096486796,144.6899609608164
22.95,12.668536797681746,45.60673247165429,145.32252160968113
23.0,12.703288318469863,45.73183794649151,145.95681723758491
23.05,12.738607519124342,45.85898706884763,146.59286463352478
23.1,12.773576809901176,45.98487651564423,147.23066924175043
23.15,12.808622126324854,46.11103965476948,147.87022421515607
23.2,12.842722312762769,46.23380032594597,148.51150782613325
23.25,12.876644389506968,46.35591980222509,149.15449199369
23.3,12.911777922503678,46.48240052101324,149.79920255149025
23.349999999999998,12.948328458234641,46.61398244964471,150.44570521100871
23.4,12.984850646602958,46.745462327770646,151.09403468862965
23.45,13.02079569836887,46.874864514127935,151.74417584725396
23.5,13.058841272494902,47.01182858098165,152.39616677152554
23.55,13.098872075825925,47.15593947297333,153.05010960523356
23.599999999999998,13.140231825106815,47.304834570384536,153.7060872027569
23.65,13.181871240864691,47.45473646711289,154.36413977940617
23.7,13.224357600573708,47.60768736206535,155.02429550044212
23.75,13.269000278086459,47.76840100111125,155.68662944740862
23.8,13.314551741001752,47.93238626760631,156.35121824788584
23.849999999999998,13.361534838410718,48.101525418278584,157.01812041237116
23.9,13.408235039041912,48.26964614055088,157.6873646593075
23.95,13.455798886275678,48.440875990592446,158.35896550744044
24.0,13.50339551108047,48.612223839889694,159.03294536737434
24.05,13.551134848045283,48.78408545296302,159.70930862635248
24.099999999999998,13.59778240565128,48.95201666034461,160.3880315576949
24.15,13.644816928005294,49.12134094081906,161.0690965410363
24.2,13.690851564919067,49.28706563370864,161.7524882533594
24.25,13.736135121723898,49.450086438206036,162.43816292052546
24.299999999999997,13.781637155689287,49.61389376048143,163.12610722746078
24.349999999999998,13.824114450021126,49.76681202007605,163.81625101760355
24.4,13.866666797508715,49.92000047103138,164.5085205487918
24.45,13.907983480049882,50.068740528179575,165.20288680573077
24.5,13.947869215928446,50.212329177342404,165.89928312313023
24.55,13.987185316054923,50.35386713779772,166.59765948642982
24.6,14.025374035237103,50.491346526853576,167.29797347021213
24.65,14.062329833008883,50.62438739883198,168.00016606691827
24.7,14.098290422955108,50.753845522638386,168.70418157331736
24.75,14.133958076567838,50.88224907564422,169.40998778580544
24.8,14.16957925569808,51.01048532051309,170.1175762191121
24.85,14.20409042178064,51.134725518410306,170.82691796104908
24.900000000000002,14.238404961378222,51.2582578609616,171.53798034562806
24.950000000000003,14.27356499891108,51.38483399607989,172.25077959463528
25.0,14.310930791375231,51.519350848950836,172.96539198939243
25.05,14.347818421960326,51.652146319057174,173.68186071972582
25.1,14.384806307395204,51.78530270662274,174.40017633795972
25.150000000000002,14.422781685239409,51.92201406686187,175.1203660377756
25.200000000000003,14.459739069474907,52.05506065010967,175.84242905664345
25.25,14.497667001643563,52.19160120591683,176.56636420842142
25.3,14.534467210185532,52.32408195666792,177.29216756371716
25.35,14.57190365856725,52.4588531708421,178.01982683543596
25.400000000000002,14.608962318300891,52.59226434588321,178.74934848485768
25.450000000000003,14.645485424642652,52.72374752871355,179.48070967843125
25.5,14.681127705349958,52.85205973925985,180.21387500668106
25.55,14.716693718326074,52.98009738597386,180.94882054227295
25.6,14.753258685788587,53.111731268838916,181.6855693523758
25.650000000000002,14.788727557132553,53.239419205677194,182.42411900844883
25.700000000000003,14.824840268985815,53.36942496834894,183.16445820410178
25.75,14.860566440290336,53.49803918504521,183.90659337183368
25.8,14.89671891991626,53.62818811169854,184.65052550583886
25.85,14.93198173049528,53.75513422978301,185.39624302209916
25.900000000000002,14.967427783734916,53.8827400214457,186.1437282599549
25.950000000000003,15.003453381310184,54.012432172716665,186.89300028908104
26.0,15.039880525807783,54.14356989290802,187.644083636759
26.05,15.076469642514002,54.27529071305041,188.39699239096706
26.1,15.112124681001283,54.40364885160462,189.15170724905494
26.150000000000002,15.148456843674445,54.534444637228006,189.90822178717184
26.2,15.184836260172931,54.66541053662255,190.66655411476802
26.25,15.2218799105475,54.798767677971,191.42672201903602
26.3,15.25836933886832,54.93012961992596,192.18872825027142
26.35,15.295219977148546,55.06279191773477,192.95256798317183
26.400000000000002,15.333838401231759,55.201818244434335,193.71829444263133
26.45,15.372478394186206,55.34092221907034,194.48595236251677
26.5,15.410857856100497,55.47908828196179,195.25553576877394
26.55,15.447673495734527,55.6116245846443,196.0269990525698
26.6,15.48587058882831,55.74913411978192,196.8003376546839
26.650000000000002,15.524712204291477,55.88896393544932,197.57560222451187
26.7,15.562036352277643,56.023330868199515,198.3527709384261
26.75,15.599298100785276,56.157473162826996,199.13180429975267
26.8,15.636922692315649,56.292921692336336,199.9127098195802
26.85,15.674871933098649,56.42953895915514,200.69550468521555
26.900000000000002,15.711429754594807,56.561147116541306,201.4801622274079
26.95,15.747390411519865,56.690605481471515,202.26663273156078
27.0,15.78286350019375,56.8183086006975,203.05488907935361
27.05,15.819860984499986,56.95149954419995,203.84495719147097
27.1,15.858335947324658,57.09000941036877,204.63691211476657
27.150000000000002,15.896419603719222,57.2271105733892,205.43078100354268
27.200000000000003,15.935130660435213,57.36647037756677,206.22656976014653
27.250000000000004,15.974324865967722,57.5075695174838,207.0243061483066
27.299999999999997,16.01413763580804,57.65089548890895,207.824017710851
27.349999999999998,16.05339683910449,57.792228620776164,208.6257060727238
27.4,16.094152191398504,57.938947889034615,209.42939479848638
27.45,16.13588669399221,58.08919209837195,210.23514577062116
27.5,16.177952593826017,58.24062933777366,211.04299175281662
27.55,16.22133144179364,58.39679319045711,211.8529738537071
27.6,16.26530250620628,58.55508902234261,212.66513970240712
27.650000000000002,16.309980784266084,58.71593082335791,213.47952178466892
27.700000000000003,16.35488545908427,58.87758765270337,214.29614344075267
27.749999999999996,16.40035419055151,59.04127508598544,215.11502443199356
27.799999999999997,16.445722203249698,59.204599931698915,215.9361763418386
27.849999999999998,16.491570836702927,59.369655012130536,216.75960866783743
27.9,16.538871187006364,59.539936273222914,217.58536971843017
27.95,16.584843635113398,59.70543708640823,218.41346258898318
28.0,16.629872796190966,59.86754206628748,219.24383049976578
28.05,16.67570218400382,60.03252786241376,220.07646987427066
28.1,16.721812991166033,60.198526768197716,220.9114077536499
28.150000000000002,16.767387390696655,60.36259460650796,221.74863776319648
28.200000000000003,16.813239928133093,60.527663741279135,222.58815344616724
28.249999999999996,16.85840397445287,60.69025430803033,223.4299445437319
28.299999999999997,16.903560862345113,60.85281910444241,224.27399366465184
28.349999999999998,16.947707791622175,61.01174804983983,225.12027538100102
28.4,16.990828229026754,61.166981624496316,225.96873878151723
28.45,17.034274446535868,61.323388007529125,226.8193663484063
28.5,17.07800230873398,61.480808311442324,227.67217326728806
28.55,17.12181679623864,61.638540466459105,228.5271687449124
28.6,17.164298222489414,61.79147360096189,229.38432162038058
28.650000000000002,17.206899358604083,61.9448376909747,230.24360155990792
28.7,17.24995908060642,62.09985269018311,231.10502302088818
28.75,17.293128202275714,62.25526152819257,231.96860020296023
28.799999999999997,17.33481174721854,62.40532228998675,232.83429870169758
28.849999999999998,17.37640806248767,62.555069024955614,233.70207919694022
28.9,17.418277084146673,62.70579750292803,234.57194632560606
28.95,17.460177828200496,62.85664018152179,235.44390769841473
29.0,17.502428149314664,63.00874133753279,236.31797284785262
29.05,17.545267625707595,63.162963452547345,237.19416524222817
29.1,17.586997016752047,63.31318926030737,238.07247185828965
29.150000000000002,17.629533848645213,63.46632185512277,238.95288512992457
29.2,17.67343634568563,63.62437084446827,239.83545938478284
29.25,17.715982121848896,63.777535638656026,240.7201948464712
29.3,17.757418053839398,63.926704993821836,241.6070298508634
29.35,17.79825477684679,64.07371719664845,242.49592167163055
29.400000000000002,17.839035739976843,64.22052866391664,243.38685393455114
29.450000000000003,17.877930435644863,64.36054956832152,244.2797780889417
29.5,17.915089743793825,64.49432307765777,245.17460359342766
29.55,17.95080360176705,64.62289296636138,246.07125092706667
29.6,17.98566202038105,64.74838327337179,246.96966256762036
29.65,18.02007813350661,64.8722812806238,247.86980607146756
29.7,18.052040810731302,64.9873469186327,248.77160904507352
29.75,18.080591537466162,65.09012953487819,249.67492485377846
29.8,18.107669334272156,65.18760960337977,250.57963137557192
29.85,18.132864123901612,65.27831084604581,251.48564471202627
29.900000000000002,18.15534615921842,65.35924617318632,252.39284996910428
29.950000000000003,18.174952177243597,65.42982783807695,253.30110742751583
30.000000000000004,18.191931025624516,65.49095169224826,254.21027950758753
30.050000000000004,18.20774496778131,65.54788188401271,255.12027140742268
30.100000000000005,18.222304594502358,65.60029654020849,256.03102264647976
30.15,18.23568204873915,65.64845537546094,256.94247231256077
30.2,18.24736140553198,65.69050105991512,257.85454839891753
30.25,18.25852916840328,65.73070500625181,258.7671956632659
30.3,18.26914089585983,65.76890722509539,259.6803874148725
30.35,18.27900151724665,65.80440546208794,260.5940909752002
30.400000000000002,18.288491295794067,65.83856866485864,261.50827829552617
30.450000000000003,18.29821127149955,65.87356057739838,262.42294585970853
30.500000000000004,18.309327073075934,65.91357746307337,263.33813431832294
30.550000000000004,18.321518448119363,65.95746641322971,264.2539054563528
30.599999999999998,18.333964543399897,66.00227235623963,265.1702925311408
30.65,18.347702468232868,66.05172888563833,266.0873342064316
30.7,18.36222356304455,66.10400482696039,267.00508235721355
30.75,18.376469192094262,66.15528909153934,267.923549676092
30.8,18.39103694259473,66.20773299334104,268.8427373294592
30.85,18.406993993462567,66.26517837646524,269.76268810286064
30.900000000000002,18.423201322417164,66.32352476070179,270.6834429857576
30.950000000000003,18.439062739974606,66.38062586390858,271.6049995873174
31.000000000000004,18.454383591112105,66.43578092800358,272.5273357455946
31.050000000000004,18.469566650178024,66.49043994064088,273.45043450162683
31.099999999999998,18.484885606697258,66.54558818411013,274.3742958080487
31.15,18.498945650904115,66.59620434325481,275.29889158948873
31.2,18.511638890285152,66.64190000502654,276.2241562030185
31.25,18.52389243310709,66.68601275918553,277.1500444861033
31.3,18.535619043595442,66.72822855694359,278.07653227302086
31.35,18.546053614768198,66.76579301316552,279.00357408947997
31.400000000000002,18.555424444232596,66.79952799923734,279.931111040955
31.450000000000003,18.563952250343974,66.8302281012383,280.8590954583194
31.500000000000004,18.572052324963586,66.85938836986891,281.7874955727021
31.549999999999997,18.579410822420495,66.88587896071378,282.7162821513867
31.599999999999998,18.58509426081506,66.90633933893423,283.64539477846756
31.65,18.58998461934932,66.92394462965756,284.57477175047165
31.7,18.59440017481121,66.93984062932036,285.5043813703257
31.75,18.59826227834611,66.953744202046,286.43419793165464
31.8,18.600221709278173,66.96079815340143,287.36416003134525
31.85,18.601016549020258,66.96365957647293,288.2941909878027
31.900000000000002,18.601633948078124,66.96588221308124,289.2242572502302
31.950000000000003,18.60190823275407,66.96686963791466,290.154345804751
31.999999999999996,18.602633081953563,66.96947909503282,291.0844593376187
32.05,18.60270355121307,66.96973278436705,292.01459275344786
32.1,18.603130048529007,66.97126817470442,292.9447385934414
32.15,18.60347973086035,66.97252703109726,293.8749038379261
32.2,18.603965853225464,66.97427707161167,294.80508997752827
32.25,18.604298150526077,66.97547334189387,295.7352965776221
32.300000000000004,18.604994325646416,66.9779795723271,296.6655288895264
32.35,18.605841561916023,66.98102962289768,297.5957997867155
32.400000000000006,18.60584341603546,66.98103629772766,298.52609191116426
32.45,18.605196887546224,66.97870879516641,299.4563679187538
32.5,18.603791036917247,66.9736477329021,300.3865926168654
32.55,18.602434802415445,66.96876528869561,301.3167482628487
32.6,18.6013124637051,66.96472486933835,302.24684194450174
32.65,18.599963319353957,66.95986794967425,303.1768738390782
32.7,18.598825700902932,66.95577252325056,304.1068435645846
32.75,18.598314094520227,66.95393074027282,305.0367720594702
32.800000000000004,18.59811460715647,66.9532125857633,305.9666827770121
32.85,18.597829448804703,66.95218601569694,306.89658137841116
32.900000000000006,18.597844504114367,66.95224021481172,307.82647322723415
32.949999999999996,18.598305606900375,66.95390018484136,308.7563769800095
33.0,18.5982309519831,66.95363142713917,309.6862903939816
33.05,18.597338957758275,66.9504202479298,310.6161796417251
33.1,18.59543234197143,66.94355643109715,311.5459989242184
33.15,18.592575957655118,66.93327344755842,312.47569913170906
33.2,18.588833148481715,66.91979933453418,313.4052343593625
33.25,18.584339816707274,66.90362334014618,314.3345636834922
33.300000000000004,18.578702118104914,66.8833276251777,315.2636397318625
33.35,18.572609243953735,66.86139327823345,316.19242251591396
33.400000000000006,18.5664189114488,66.83910808121568,317.120898219799
33.449999999999996,18.56025830170903,66.81692988615251,318.04906515012794
33.5,18.55398264699926,66.79433752919734,318.97692117384565
33.55,18.547286984002184,66.77023314240786,319.90445291462066
33.6,18.54061186818955,66.74620272548239,320.83165038592546
33.65,18.534082738581652,66.72269785889395,321.75851775109476
33.7,18.527434327982057,66.6987635807354,322.68505567775884
33.75,18.520667582531672,66.67440329711403,323.6112582255217
33.800000000000004,18.513604324649318,66.64897556873754,324.5371150232012
33.85,18.505952517802392,66.62142906408862,325.46260394426247
33.9,18.498043075841153,66.59295507302815,326.38770383410355
33.949999999999996,18.49024334884064,66.5648760558263,327.3124109947206
34.0,18.483415949904476,66.54029741965611,328.2367524771892
34.05,18.477641651220093,66.51950994439234,329.1607789172173
34.1,18.472166487007208,66.49979935322595,330.084524120673
34.15,18.46677259901044,66.48038135643759,331.0079975978234
34.2,18.462242316598193,66.4640723397535,331.93122297071363
34.25,18.458914620805622,66.45209263490024,332.8542518941487
34.300000000000004,18.456097673651335,66.44195162514481,333.77712720151015
34.35,18.453652910600532,66.43315047816192,334.69987096611646
34.4,18.451679875307214,66.42604755110597,335.62250428576414
34.449999999999996,18.450044774829305,66.4201611893855,336.54504740201753
34.5,18.447895624798992,66.41242424927637,337.46749591200825
34.55,18.4453687686759,66.40332756723323,338.3898275218451
34.6,18.44275615887968,66.39392217196685,339.312030645034
34.65,18.44073566012767,66.38664837645962,340.2341179405092
34.7,18.438703347919336,66.37933205250961,341.15610391571033
34.75,18.436129628550965,66.37006666278347,342.0779747401221
34.800000000000004,18.43397687425472,66.362316747317,342.99972740269226
34.849999999999994,18.432807026264893,66.35810529455361,343.9213970002053
34.9,18.432747408225126,66.35789066961046,344.8430358610675
34.949999999999996,18.43323989306003,66.3596636150161,345.7646855435996
35.0,18.43359823071791,66.36095363058448,346.6863564966941
35.05,18.434189305537295,66.36308149993427,347.60805118510046
35.1,18.435020052682944,66.3660721896586,348.52978141905595
35.15,18.435842644506817,66.36903352022455,349.4515529864857
35.2,18.436356409658803,66.3708830747717,350.37335796283986
35.25,18.4368985637107,66.37283482935852,351.2951893371741
35.300000000000004,18.437458566582794,66.37485083969806,352.21704826543146
35.349999999999994,18.437901206965392,66.37644434507541,353.1389322597702
35.4,18.438389163460137,66.3782009884565,354.0608395190308
35.449999999999996,18.439327618797645,66.38157942767153,354.98278243858726
35.5,18.44066389179036,66.3863900104453,355.904782226352
35.55,18.442008551675073,66.39123078603026,356.8268490374386
35.6,18.443355301143566,66.39607908411683,357.74898313375905
35.65,18.44453688185168,66.40033277466604,358.6711804383339
35.7,18.445555808620888,66.4040009110352,359.59343275559576
35.75,18.44671930192916,66.40818948694498,360.5157396333595
35.8,18.447741601783488,66.41186976642055,361.4381011559523
35.85,18.448948439482102,66.41621438213556,362.36051840698394
35.9,18.450121979874734,66.42043912754905,363.28299516746785
35.95,18.450904439047083,66.4232559805695,364.2055208279409
36.0,18.45152969241139,66.42550689268101,365.1280816812274
36.050000000000004,18.452147411825372,66.42773068257134,366.05067360883334
36.1,18.453028835466565,66.43090380767964,366.97330301501563
36.15,18.454383893685087,66.43578201726632,367.8959883332444
36.2,18.45543748148045,66.43957493332961,368.81873386762356
36.25,18.45650951402589,66.4434342504932,369.7415325425112
36.3,18.4583158336853,66.44993700126709,370.66440317620396
36.35,18.46046019745504,66.45765671083814,371.5873725769825
36.4,18.46232206735843,66.46435944249035,372.51044213360285
36.45,18.46342206590255,66.46831943724918,373.4335857369344
36.5,18.46429673986881,66.47146826352773,374.35677870707866
36.550000000000004,18.464312195234207,66.47152390284315,375.2799939304562
36.6,18.464561870641287,66.47242273430864,376.2032157821031
36.650000000000006,18.46494198420769,66.4737911431477,377.1264533784743
36.7,18.46530059575188,66.47508214470678,378.0497094429733
36.75,18.4659050502419,66.47725818087085,378.9729895841232
36.8,18.466374530703824,66.47894831053377,379.89629657364685
36.85,18.46700970615129,66.48123494214465,380.8196311795682
36.9,18.468283403261925,66.48582025174294,381.74301350730354
36.95,18.46956513679392,66.49043449245812,382.66645972080494
37.0,18.47067026609827,66.49441295795377,383.58996560587724
37.050000000000004,18.471912150600343,66.49888374216124,384.5135301662947
37.1,18.47286304063583,66.50230694628898,385.4371495460756
37.150000000000006,18.47319157206461,66.5034896594326,386.3608009113931
37.2,18.47356056623633,66.5048180384508,387.2844697148506
37.25,18.474181348763626,66.50705285554905,388.20816326272563
37.3,18.47472596130209,66.50901346068753,389.1318859454773
37.35,18.475085318440097,66.51030714638435,390.0556312274708
37.4,18.475184939976465,66.51066578391527,390.97938798393125
37.45,18.47524887049244,66.51089593377279,391.90314882919296
37.5,18.475658947610313,66.51237221139714,392.8269215246455
37.550000000000004,18.47610608089659,66.51398189122771,393.7507156503582
37.6,18.47641681984008,66.51510055142428,394.67452872287663
37.650000000000006,18.476543273407934,66.51555578426857,395.5983527252078
37.699999999999996,18.47642118384845,66.51511626185443,396.52217683663923
37.75,18.47614009017717,66.51410432463781,397.4459908684899
37.8,18.47570774895818,66.51254789624944,398.3697870644683
37.85,18.47527959677185,66.51100654837866,399.2935617481116
37.9,18.473965719112037,66.50627658880333,400.2172928810087
37.95,18.472908611942522,66.50247100299308,401.14096473928504
38.0,18.47219076371838,66.49988674938618,402.0645922236766
38.050000000000004,18.47152377475373,66.49748558911344,402.9881850871384
38.1,18.47237249312469,66.5005409752489,403.91178249383535
38.150000000000006,18.4734880982558,66.50455715372088,404.8354290086199
38.199999999999996,18.4750162275686,66.51005841924696,405.7591416167655
38.25,18.476933327359852,66.51695997849546,406.68294035563866
38.3,18.478686793192477,66.52327245549291,407.6068308586525
38.35,18.48067643209682,66.53043515554856,408.5308149392847
38.4,18.48265617604703,66.53756223376931,409.4548982544883
38.45,18.484228952332685,66.54322422839768,410.37907038269776
38.5,18.48590085027975,66.5492430610071,411.30332362776306
38.550000000000004,18.487408311301028,66.55466992068371,412.2276563568026
38.6,18.48858716404959,66.55891379057853,413.15205624368633
38.65,18.4899613466716,66.56386084801775,414.0765199564544
38.699999999999996,18.491746605122977,66.57028777844272,415.00106265524926
38.75,18.493313123301206,66.57592724388435,415.92568914845987
38.8,18.494847537850454,66.58145113626163,416.85039316498865
38.85,18.49639023025639,66.58700482892301,417.7751741091913
38.9,18.497970034646425,66.59269212472714,418.7000331158139
38.95,18.499566147603144,66.59843813137132,419.62497152037014
39.0,18.50086759497831,66.60312334192191,420.5499823639347
39.050000000000004,18.501969630665418,66.60709067039551,421.4750532945758
39.1,18.502651991791144,66.60954717044812,422.4001688351372
39.15,18.50368559678958,66.61326814844249,423.3253272748517
39.199999999999996,18.50468808181327,66.61687709452778,424.25053661681676
39.25,18.50521987322744,66.61879154361878,425.1757843156928
39.3,18.505721544936005,66.62059756176961,426.1010578511469
39.35,18.506110900802348,66.62199924288845,427.0263536622904
39.4,18.506497506123257,66.62339102204372,427.95166887246353
39.45,18.507640325428635,66.62750517154309,428.87702231825233
39.5,18.508929626140766,66.63214665410676,429.8024365670416
39.550000000000004,18.510378196154136,66.63736150615489,430.72791926259896
39.599999999999994,18.512431298150478,66.64475267334173,431.65348949995655
39.65,18.51399876921941,66.65039556918987,432.5791502516408
39.699999999999996,18.515636508351754,66.65629143006632,433.5048911335801
39.75,18.517247745933435,66.66209188536037,434.43071323993723
39.8,18.518610358351694,66.6669972900661,435.35660969254434
39.85,18.51986415418227,66.67151095505616,436.28257155535766
39.9,18.521358635329037,66.67689108718453,437.20860212509547
39.95,18.522751077211296,66.68190387796066,438.13470486790897
40.0,18.523912017925145,66.68608326453052,439.0608714452874
40.050000000000004,18.525106791126618,66.69038444805582,439.9870969155137
40.1,18.526469069299736,66.69528864947905,440.91338631202433
40.15,18.527926285293756,66.70053462705752,441.8397461958892
40.2,18.529132538355448,66.70487713807961,442.76617266648043
40.25,18.529911199594395,66.70768031853983,443.69264875992917
40.3,18.530662254910787,66.71038411767884,444.6191630962918
40.35,18.53183976029448,66.71462313706013,445.54572564667194
40.4,18.532907908197494,66.71846846951098,446.47234433838423
40.45,18.53390377841254,66.72205360228514,447.39901463054946
40.5,18.5347266467188,66.72501592818767,448.32573039117773
40.55,18.535311993290435,66.72712317584556,449.25248135717794
40.6,18.535640155427014,66.72830455953725,450.1792551608959
40.65,18.536006635426272,66.72962388753459,451.1060463306672
40.7,18.536121080312675,66.73003588912563,452.0328495235607
40.75,18.535585637643557,66.7281082955168,452.9596421915096
40.800000000000004,18.535442149385798,66.72759173778887,453.8864178861853
40.85,18.53537261588287,66.72734141717834,454.813188255317
40.900000000000006,18.535272790294705,66.72698204506094,455.73995439047144
40.95,18.53539879110643,66.72743564798316,456.66672118000645
41.0,18.535892776734453,66.72921399624403,457.59350346920246
41.05,18.536390138303275,66.73100449789179,458.5203105420784
41.1,18.53692199371079,66.73291917735885,459.4471433453787
41.15,18.53684158043125,66.73262968955251,460.37398743473227
41.2,18.53745856190985,66.73485082287547,461.3008449382908
41.25,18.537928581836933,66.73654289461297,462.2277296168845
41.300000000000004,18.5383883018216,66.73819788655776,463.154637538976
41.35,18.53889234426927,66.74001243936938,464.0815695551282
41.400000000000006,18.539842971192172,66.74343469629183,465.00853793801474
41.45,18.540243622077924,66.74487703948053,465.9355401028465
41.5,18.540722725424928,66.74660181152974,466.8625642615341
41.55,18.54113623494831,66.74809044581393,467.7896107355434
41.6,18.541287484962307,66.74863494586431,468.71667132854117
41.65,18.541552797590107,66.74959007132439,469.643742335605
41.7,18.541937345778216,66.75097444480159,470.5708295891892
41.75,18.542893110860174,66.75441519909663,471.49795035060515
41.800000000000004,18.544220472163573,66.75919369978887,472.42512819018077
41.85,18.545416317415764,66.76349874269675,473.35236910992023
41.900000000000006,18.546418380446855,66.76710616960868,474.2796649773668
41.95,18.547348994717925,66.77045638098453,475.20700916174593
42.0,18.54786771253914,66.77232376514091,476.13438957942736
42.05,18.54829377319463,66.77385758350067,477.0617936165707
42.1,18.5485290874835,66.77470471494061,477.98921418808766
42.15,18.548706467159874,66.77534328177555,478.9166450769537
42.2,18.549017538920662,66.77646314011439,479.84408817710573
42.25,18.54909264659407,66.77673352773866,480.7715409317436
42.300000000000004,18.549908442273196,66.7796703921835,481.6990159589653
42.35,18.55040814251956,66.78146931307042,482.6265238735851
42.400000000000006,18.550994420434442,66.783579913564,483.5540589376589
42.449999999999996,18.551940038872427,66.78698413994074,484.48163229914155
42.5,18.552641311782796,66.78950872241806,485.4092468329079
42.55,18.55316598228277,66.79139753621797,486.33689201525954
42.6,18.553688281784027,66.7932778144225,487.2645633718612
42.65,18.554095248410142,66.79474289427651,488.192257960116
42.7,18.554679968028758,66.79684788490353,489.119977340527
42.75,18.554892815073345,66.79761413426404,490.0477166601045
42.800000000000004,18.555116600176508,66.79841976063543,490.9754668954858
42.85,18.555457767499373,66.79964796299774,491.9032312546777
42.900000000000006,18.555642848962556,66.80031425626521,492.8310087700892
42.949999999999996,18.555430285539575,66.79954902794248,493.75878559845177
43.0,18.555481831591695,66.79973459373011,494.68655840138007
43.05,18.555440481509045,66.79958573343256,495.61433145920756
43.1,18.555206500047,66.7987434001692,496.54209763374644
43.15,18.55508395656315,66.79830224362733,497.4698548951617
43.2,18.55493356546181,66.79776083566252,498.3976053332123
43.25,18.554814521881514,66.79733227877345,499.3253490353959
43.300000000000004,18.554541409594734,66.79634907454104,500.25308293368283
43.35,18.554223202900925,66.79520353044333,501.18080204899525
43.4,18.555099090144587,66.79835672452052,502.10853510632137
43.449999999999996,18.555610233386844,66.80019684019264,503.03630283940964
43.5,18.5558299631554,66.80098786735944,503.9640888443232
43.55,18.556516978271492,66.80346112177737,504.89189751785887
43.6,18.557323308387915,66.8063639101965,505.81974352502533
43.65,18.557678771018388,66.8076435756662,506.7476185770105
43.7,18.55751955117245,66.80707038422082,507.67549853506523
43.75,18.556448311339654,66.80321392082276,508.60334773162805
43.800000000000004,18.55503182574429,66.79811457267945,509.53113473505516
43.85,18.552659884000338,66.78957558240121,510.4588270277988
43.9,18.550227043441172,66.78081735638823,511.38639920098484
43.949999999999996,18.547126033350544,66.76965372006197,512.3138330279046
44.0,18.54320251282311,66.7555290461632,513.2410912415589
44.05,18.539182466713015,66.74105688016685,514.1681508660473
44.1,18.534724438753827,66.72500797951378,515.094998538684
44.15,18.529361917489087,66.70570290296071,516.0216006975901
44.2,18.523764005610758,66.68555042019874,516.9479288456675
44.25,18.517932114606854,66.66455561258468,517.873971248673
44.300000000000004,18.511764553217223,66.64235239158201,518.7997136653686
44.35,18.505677953658573,66.62044063317086,519.7251497280405
44.4,18.498849176723816,66.59585703620574,520.6502629063001
44.449999999999996,18.492146692010618,66.57172809123823,521.5750378030184
44.5,18.48542905242813,66.54754458874127,522.4994771966294
44.55,18.479334534829306,66.5256043253855,523.4235962863108
44.6,18.473284004669527,66.5038224168103,524.3474117497983
44.65,18.46813772897606,66.48529582431382,525.2709472931394
44.7,18.464436473288075,66.47197130383707,526.1942616481961
44.75,18.461555473602118,66.46159970496763,527.1174114468683
44.800000000000004,18.459751949400296,66.45510701784107,528.0404441324434
44.85,18.458843245255014,66.45183568291806,528.9634090123099
44.9,18.45845034145766,66.45042122924758,529.8863413519776
44.95,18.458133203050256,66.44927953098092,530.8092559405903
45.0,18.458679905172506,66.45124765862103,531.7321762682959
45.050000000000004,18.459943404626216,66.45579625665438,532.6551418510409
45.1,18.461249342179183,66.46049763184506,533.578171669711
45.15,18.462307167813492,66.46430580412857,534.5012605824608
45.2,18.463480363446862,66.4685293084087,535.4244052707422
45.25,18.464811204664024,66.4733203367905,536.347612559945
45.3,18.466348333673203,66.47885400122354,537.2708915484034
45.35,18.46758996921133,66.48332388916079,538.1942400059755
45.4,18.468598448580842,66.48695441489103,539.1176447164204
45.45,18.469488068691653,66.49015704728996,540.0410968793522
45.5,18.47123704201001,66.49645335123604,540.9646150071197
45.550000000000004,18.47305945320392,66.50301403153411,541.8882224195
45.6,18.474610141662193,66.5085965099839,542.8119141593717
45.650000000000006,18.475585386680624,66.51210739205025,543.7356690475802
45.7,18.476637341153044,66.51589442815096,544.659474615776
45.75,18.477526376107708,66.51909495398775,545.5833287087075
45.8,18.478224401972586,66.52160784710131,546.5072224781595
45.85,18.478632824349862,66.5230781676595,547.4311439088176
45.9,18.47876428354695,66.52355142076902,548.3550788365151
45.95,18.47932944573614,66.52558600465011,549.2790311797471
46.0,18.479849664610086,66.5274587925963,550.2030106575057
46.050000000000004,18.481003303333246,66.53161189199969,551.1270319817044
46.1,18.48180947405043,66.53451410658155,552.0511023011389
46.150000000000006,18.482840923135267,66.53822732328696,552.9752185610686
46.2,18.48390467522794,66.54205683082058,553.8993872010277
46.25,18.484590060785408,66.54452421882748,554.8235995694281
46.3,18.48495353984744,66.54583274345079,555.747838159444
46.35,18.48517938000654,66.54664576802354,556.6720914824404
46.4,18.48525072751949,66.54690261907017,557.5963522351285
46.45,18.485781058639365,66.54881181110171,558.5206280297825
46.5,18.486036954640536,66.54973303670593,559.4449234801145
46.550000000000004,18.486235267019048,66.55044696126858,560.369230285656
46.6,18.486435264771885,66.5511669531788,561.2935470489508
46.650000000000006,18.486470938528356,66.55129537870208,562.2178697040333
46.699999999999996,18.48564959944228,66.54833855799221,563.1421727174826
46.75,18.48504904439233,66.5461765598124,564.0664401835785
46.8,18.484532758058474,66.5443179290105,564.9906797286397
46.85,18.484078268783072,66.54268176761906,565.9148950043108
46.9,18.483750182581794,66.54150065729446,566.8390907155949
46.95,18.484471522791452,66.54409748204922,567.7632962582293
47.0,18.485622914348852,66.54824249165587,568.6875486191578
47.050000000000004,18.48664172312628,66.55191020325461,569.6118552350947
47.1,18.48761699306707,66.55542117504146,570.5362117029996
47.150000000000006,18.48815462747567,66.55735665891241,571.4606059935131
47.199999999999996,18.48882456376852,66.55976842956667,572.3850304732943
47.25,18.489726800822034,66.56301648295933,573.309494257409
47.3,18.490537746766464,66.56593588835928,574.2340008710987
47.35,18.491363018392626,66.56890686621345,575.1585483902277
47.4,18.49224053662276,66.57206593184193,576.083138479103
47.45,18.493096987673873,66.57514915562595,577.0077719172104
47.5,18.493929562588757,66.57814642531953,577.932447580967
47.550000000000004,18.49473545241022,66.5810476286768,578.8571642063421
47.6,18.49508263952048,66.58229750227373,579.7819096586403
47.65,18.495459601577085,66.5836545656775,580.7066732146677
47.699999999999996,18.495857911708434,66.58508848215037,581.6314561524998
47.75,18.496157908337683,66.58616847001566,582.556256548001
47.8,18.496152852214717,66.58615026797298,583.4810643170148
47.85,18.496334029954298,66.58680250783547,584.405876489069
47.9,18.496087684407616,66.58591566386742,585.330687031928
47.95,18.495723362658424,66.58460410557034,586.2554823081047
48.0,18.495349490454743,66.58325816563708,587.1802591294324
48.050000000000004,18.494963258839366,66.58186773182172,588.1050169481648
48.1,18.494178997988364,66.5790443927581,589.0297455045855
48.15,18.493447264637055,66.5764101526934,589.9544361611512
48.199999999999996,18.492409354950645,66.57267367782232,590.8790825766409
48.25,18.491782676598717,66.57041763575539,591.8036873774297
48.3,18.49109532477121,66.56794316917636,592.7282593274639
48.35,18.490627352501235,66.56625846900445,593.6528023943957
48.4,18.49023241311853,66.56483668722672,594.5773238885363
48.45,18.49035095111249,66.56526342400497,595.501838472642
48.5,18.49041583802387,66.56549701688594,596.4263576423705
48.550000000000004,18.490742519746547,66.56667307108758,597.3508866013148
48.599999999999994,18.490337468117914,66.56521488522449,598.2754136010113
48.65,18.489866405995016,66.56351906158206,599.1999186978642
48.699999999999996,18.489424837922748,66.56192941652189,600.1244009789622
48.75,18.488994224783568,66.56037920922084,601.0488614555298
48.8,18.48853664565524,66.55873192435887,601.9732997272909
48.85,18.488125414320763,66.55725149155475,602.8977162787902
48.9,18.487947888225552,66.55661239761199,603.8221181113538
48.95,18.487583285580637,66.5552998280903,604.746506390699
49.0,18.48723834563614,66.5540580442901,605.6708769314794
49.050000000000004,18.486918686306474,66.55290727070332,606.5952308572779
49.1,18.48674396916846,66.55227828900647,607.5195724236647
49.15,18.48695070841858,66.55302255030689,608.4439147906044
49.2,18.486968966640397,66.55308827990544,609.3682627824809
49.25,18.48692683228236,66.5529365962165,610.292610177454
49.3,18.486838350130473,66.5526180604697,611.2169543070142
49.35,18.48633189514682,66.55079482252854,612.1412835631462
49.4,18.48534258042002,66.54723328951208,613.0655754250354
49.45,18.48465270053103,66.54474972191171,613.9898253070592
49.5,18.48418894169686,66.5430801901087,614.9140463481149
49.55,18.484133043448523,66.54287895641468,615.8382543977435
49.6,18.484243154570873,66.54327535645514,616.762463802694
49.65,18.484296805653443,66.5434685003524,617.6866773016997
49.7,18.484481354141664,66.54413287490999,618.6108967556945
49.75,18.484514218940934,66.54425118818736,619.5351216450216
49.800000000000004,18.484488095638948,66.54415714430021,620.4593467028861
49.85,18.485109436972195,66.54639397309991,621.3835866412014
49.900000000000006,18.485838080470582,66.5490170896941,622.3078603291375
49.95,18.486205057489116,66.55033820696082,623.2321614075865
50.0,18.486169478749126,66.55021012349685,624.1564707709925
50.05,18.485874269808292,66.54914737130986,625.0807718647064
50.1,18.485262057326352,66.54694340637487,626.0050502728848
50.15,18.484673120767226,66.54482323476202,626.9292986523371
50.2,18.48403172005273,66.54251419218983,627.8535162733576
50.25,18.48341906156446,66.54030862163206,628.777702542898
50.300000000000004,18.482795539005853,66.53806394042107,629.7018579079123
50.35,18.481847345127953,66.53465044246063,630.6259739800157
50.400000000000006,18.480442127682576,66.52959165965727,631.550031216836
50.45,18.47863393131784,66.52308215274422,632.4740081183111
50.5,18.476984426497015,66.51714393538926,633.3978985772565
50.55,18.475268692592095,66.51096729333155,634.3217049052337
50.6,18.47379529484984,66.50566306145943,635.2454315049197
50.65,18.472527028346533,66.50109730204753,636.1690895629996
50.7,18.470892830005994,66.49521418802158,637.0926750594584
50.75,18.469537846684343,66.49033624806364,638.0161858263757
50.800000000000004,18.468084801161023,66.48510528417968,638.9396263925719
50.85,18.46680812855474,66.48050926279706,639.8629987158148
50.900000000000006,18.465855535361793,66.47707992730246,640.7863153074127
50.95,18.465390217582335,66.47540478329641,641.7095964512363
51.0,18.465302386267393,66.47508859056262,642.6328637663325
51.05,18.46563146183428,66.47627326260341,643.5561371125351
51.1,18.465921550528996,66.47731758190439,644.4794259378442
51.15,18.466351714806162,66.47886617330218,645.4027327694776
51.2,18.467275532283466,66.48219191622049,646.3260734506548
51.25,18.468007931528973,66.4848285535043,647.2494555372501
51.300000000000004,18.46919368608269,66.48909726989768,648.1728855776904
51.35,18.471013979914776,66.4956503276932,649.0963907693404
51.400000000000006,18.47211498288176,66.49961393837434,650.0199689934103
51.449999999999996,18.4727407583175,66.501866729943,650.9435903869403
51.5,18.473320425317855,66.50395353114428,651.8672419165312
51.55,18.474068048747952,66.50664497549263,652.7909266283827
51.6,18.47518944235584,66.51068199248103,653.7146580656604
51.65,18.476028754744092,66.51370351707874,654.6384385205879
51.7,18.47696275495086,66.5170659178231,655.5622633083302
51.75,18.47756678822711,66.5192404376176,656.4861265469096
51.800000000000004,18.477854335879954,66.52027560916784,657.4100120750123
51.85,18.477810757323308,66.5201187263639,658.3339037023425
51.900000000000006,18.47756305792156,66.51922700851762,659.2577880477236
51.949999999999996,18.477637454009784,66.51949483443522,660.1816680605218
52.0,18.47796717184655,66.52068181864759,661.1055581761682
52.05,18.47849283028429,66.52257418902344,662.0294696762214
52.1,18.47928315946936,66.52541937408971,662.9534140759653
52.15,18.479724835278898,66.52700940700403,663.8773892758339
52.2,18.479717067551682,66.52698144318606,664.8013753234047
52.25,18.479455299999216,66.52603907999718,665.7253546325935
52.300000000000004,18.47877305595664,66.52358300144391,666.6493103414924
52.35,18.478373550331032,66.52214478119171,667.5732390066496
52.4,18.477621512269025,66.51943744416849,668.4971388832146
52.449999999999996,18.476521746333564,66.51547828680083,669.4209924646797
52.5,18.47550977900245,66.51183520440883,670.344793252813
52.55,18.474373312691174,66.50774392568823,671.2685403301053
52.6,18.473003997067792,66.50281438944405,672.1922247628493
52.65,18.47155671730556,66.49760418230002,673.1158387807086
52.7,18.470189290589076,66.49268144612067,674.039382430906
52.75,18.46891077256021,66.48807878121676,674.9628599324848
52.800000000000004,18.467384077451115,66.48258267882402,675.886267303735
52.85,18.46562285388618,66.47624227399025,676.8095924770184
52.9,18.46364280346888,66.46911409248797,677.7328241184523
52.949999999999996,18.46199524947143,66.46318289809714,678.6559650697758
53.0,18.460679716551805,66.4584469795865,679.5790319439263
53.05,18.45977879584002,66.45520366502407,680.5020434067361
53.1,18.459185855997664,66.4530690815916,681.425017523032
53.15,18.45858909096308,66.45092072746709,682.347961896706
53.2,18.457978625642134,66.44872305231169,683.2708760896212
53.25,18.45735662944803,66.44648386601291,684.1937594709984
53.300000000000004,18.456830418954144,66.44458950823493,685.1166141472085
53.35,18.456673550766137,66.44402478275809,686.0394517464515
53.4,18.45678642061156,66.44443111420162,686.962288245736
53.449999999999996,18.457190422775362,66.4458855219913,687.8851376668207
53.5,18.45781940190208,66.44814984684749,688.8080129124377
53.55,18.458031200260653,66.44891232093835,689.7309091774918
53.6,18.45838126135989,66.45017254089561,690.6538194890322
53.65,18.458562527236335,66.45082509805081,691.5767430837471
53.7,18.458735448017656,66.45144761286356,692.4996755331285
53.75,18.459083489627236,66.45270056265805,693.4226210065697
53.800000000000004,18.459462586309588,66.45406531071451,694.345584658468
53.85,18.459765014815606,66.45515405333619,695.2685653484962
53.9,18.46016481626439,66.4565933385518,696.1915635942731
53.95,18.460295587370805,66.4570641145349,697.114575104364
54.0,18.46056596287137,66.45803746633693,698.0375966431201
54.050000000000004,18.460723063797836,66.45860302967222,698.9606288687868
54.1,18.460538344487638,66.4579380401555,699.8836604039939
54.15,18.459698139697316,66.45491330291034,700.8066663160985
54.2,18.45869832279356,66.45131396205682,701.7296262276608
54.25,18.457434992474376,66.44676597290776,702.6525295605425
54.300000000000004,18.45601685849881,66.44166069059571,703.5753658568168
54.35,18.45476212743086,66.4371436587511,704.498135331465
54.400000000000006,18.453392192772505,66.43221189398102,705.4208391894701
54.45,18.452029897075853,66.42730762947308,706.3434747417164
54.50000000000001,18.450741987861928,66.42267115630294,707.2660440388398
54.550000000000004,18.449360690166902,66.41769848460085,708.1885466057905
54.599999999999994,18.448119845524165,66.413231443887,709.1109836191828
54.650000000000006,18.446851614587136,66.40866581251369,710.0333579056855
54.699999999999996,18.44531508825763,66.40313431772746,710.9556620732567
54.75000000000001,18.444037098660598,66.39853355517815,711.8778958779296
54.8,18.442972574753714,66.39470126911337,712.800071119765
54.85,18.441827518926495,66.39057906813538,713.722191122107
54.9,18.44116554922049,66.38819597719376,714.6442659488107
54.95,18.440745027558613,66.38668209921101,715.5663137132302
55.0,18.440437094716636,66.38557354097989,716.4883432662871
55.05,18.44029797682764,66.3850727165795,717.4103616430757
55.1,18.440875813073266,66.38715292706375,718.3323909878233
55.15,18.44154879028296,66.38957564501865,719.2544516029071
55.2,18.442304305403027,66.3922954994509,720.1765479302993
55.25,18.44316800249933,66.3954048089976,721.0986847379969
55.300000000000004,18.443823859867727,66.39776589552382,722.020859534556
55.35,18.44460477476264,66.40057718914551,722.9430702504218
55.400000000000006,18.445529079394124,66.40390468581884,723.8653235967757
55.45,18.446534905311548,66.40752565912157,724.7876251963934
55.49999999999999,18.448081755337597,66.41309431921535,725.7099906129096
55.550000000000004,18.44941823913191,66.41790566087488,726.6324281127713
55.599999999999994,18.450289806760143,66.42104330433652,727.5549208139187
55.650000000000006,18.4509213059005,66.4233167012418,728.4774510917351
55.699999999999996,18.45184100404985,66.42662761457946,729.4000201494839
55.75000000000001,18.45258791641398,66.42931649909032,730.3226308724956
55.8,18.453341488239307,66.4320293576615,731.2452791076119
55.85000000000001,18.454211342455572,66.43516083284007,732.1679679283792
55.9,18.454899155736072,66.43763696064987,733.090695690834
55.949999999999996,18.455538791506438,66.43993964942318,734.0134566395151
56.0,18.45596658283782,66.44147969821616,734.9362442738737
56.05,18.4561889441216,66.44228019883776,735.8590481620478
56.1,18.456445903606426,66.44320525298313,736.7818640332409
56.15,18.456465537360565,66.44327593449803,737.7046868192651
56.2,18.456516992549933,66.44346117317976,738.6275113825129
56.25,18.456693869495652,66.44409793018436,739.550341654064
56.300000000000004,18.45684450449859,66.44464021619493,740.4731801134138
56.35,18.45667568396404,66.44403246227054,741.3960181181254
56.400000000000006,18.456856919985583,66.4446849119481,742.3188564332241
56.45,18.456396781253417,66.4430284125123,743.2416877757552
56.49999999999999,18.455334008791063,66.43920243164783,744.1644810455062
56.550000000000004,18.45416358005842,66.43498888821031,745.0872184852275
56.599999999999994,18.452923278125944,66.4305238012534,746.0098956566821
56.650000000000006,18.451621887734703,66.42583879584494,746.9325092858287
56.699999999999996,18.44999059258902,66.41996613332047,747.8550495978368
56.75000000000001,18.448004065085055,66.4128146343062,748.7774994642787
56.8,18.44596946131801,66.40549006074484,749.6998488024387
56.85000000000001,18.443885952619556,66.39798942943041,750.6220951877872
56.9,18.442120659571383,66.39163437445698,751.5442453530919
56.949999999999996,18.441164233008564,66.38819123883083,752.4663274754064
57.0,18.44008833749795,66.38431801499263,753.388358789669
57.05,18.438688804426597,66.37927969593575,754.3103282182171
57.1,18.43704330976861,66.37335591516701,755.232221521072
57.15,18.43543898736188,66.36758035450278,756.1540335785003
57.2,18.434192203150587,66.36309193134211,757.0757743582631
57.25,18.433074751298864,66.35906910467591,757.9974560321243
57.300000000000004,18.4319975056975,66.355191020511,758.9190828385492
57.35,18.431326920125358,66.35277691245129,759.8406659491948
57.4,18.43054823305542,66.34997363899951,760.7622128280243
57.45,18.429893716431884,66.34761737915478,761.6837238767615
57.5,18.429385841912378,66.34578903088456,762.6052058657201
57.550000000000004,18.429052025386483,66.34458729139133,763.5266668124026
57.599999999999994,18.429177481670685,66.34503893401447,764.448122550079
57.650000000000006,18.42971944607903,66.3469900058845,765.3695949732728
57.699999999999996,18.430489855551887,66.34976347998679,766.2911002058136
57.75000000000001,18.43097807412078,66.3515210668348,767.2126369040553
57.8,18.431126054763006,66.35205379714682,768.1341895072774
57.849999999999994,18.431326895203,66.3527768227308,769.0557508310266
57.9,18.431280547409155,66.35260997067296,769.9773160170919
57.949999999999996,18.43069993595535,66.35051976943926,770.898865529176
58.0,18.430291794473792,66.34905046010566,771.8203903224367
58.05,18.4300076012143,66.34802736437148,772.7418978073289
58.1,18.42945166237368,66.34602598454525,773.6633842889186
58.15,18.428581558025225,66.34289360889082,774.5848351194286
58.2,18.42722350146556,66.33800460527601,775.5062302459158
58.25,18.425484739303737,66.33174506149345,776.427547951935
58.300000000000004,18.42350081800322,66.32460294481159,777.3487725908677
58.35,18.42108582249994,66.31590896099979,778.2698872568803
58.4,18.418366731159068,66.30612023217265,779.1908735707218
58.45,18.415403761065544,66.29545353983596,780.1117178330275
58.5,18.412177981613148,66.28384073380734,781.0324073765944
58.550000000000004,18.40892336725452,66.27212412211627,781.9529349103161
58.6,18.405717891993604,66.26058441117698,782.8733009417973
58.650000000000006,18.40284234173654,66.25023243025154,783.7935149476406
58.7,18.399993103775998,66.23997517359359,784.7135858337784
58.75000000000001,18.396980597125108,66.22913014965039,785.633510176301
58.800000000000004,18.394201371514207,66.21912493745114,786.553289725517
58.849999999999994,18.392097716985084,66.21155178114631,787.4729472027294
58.900000000000006,18.389825854206578,66.20337307514369,788.3924952920092
58.949999999999996,18.387712392211167,66.1957646119602,789.3119337481697
59.0,18.385899270565833,66.189237374037,790.2312740397391
59.05,18.384353435995987,66.18367236958555,791.1505303574031
59.1,18.383114178595797,66.17921104294487,792.0697170477679
59.15,18.382289168913985,66.17624100809034,792.9888521314556
59.2,18.381635833246673,66.17388899968802,793.9079502565096
59.25,18.381158544428903,66.17217075994405,794.8270201159514
59.3,18.381258953485762,66.17253223254875,795.7460805533993
59.35,18.3815774579498,66.17367884861928,796.6651514636852
59.4,18.38193367435174,66.17496122766626,797.5842392419928
59.45,18.38264795102054,66.17753262367395,798.5033537826271
59.5,18.38373433274223,66.18144359787203,799.4225133397211
59.550000000000004,18.38465136887244,66.18474492794078,800.3417229822616
59.6,18.385548344842576,66.18797404143328,801.2609779751044
59.650000000000006,18.38639140908383,66.19100907270179,802.1802764689526
59.7,18.38700348124772,66.1932125324918,803.0996113412109
59.74999999999999,18.387320790217498,66.19435484478299,804.0189694479975
59.800000000000004,18.387735823119886,66.1958489632316,804.9383458633309
59.849999999999994,18.38809101692641,66.19712766093508,805.8577415343321
59.900000000000006,18.388356543990305,66.1980835583651,806.777152723355
59.949999999999996,18.388580603628803,66.19889017306369,807.6965761520455
60.00000000000001,18.388779161726166,66.1996049822142,808.6160101461794
60.05,18.389290799132013,66.20144687687525,809.5354618952009
60.10000000000001,18.38969196066645,66.20289105839922,810.4549364641958
60.15,18.389764237965004,66.20315125667402,811.3744228691617
60.20000000000001,18.389579506842644,66.20248622463352,812.2939064627818
60.25,18.38944768769924,66.20201167571726,813.2133821426454
60.3,18.389502771427868,66.20220997714033,814.1328559041236
60.35,18.389440574703084,66.2019860689311,815.0523294877769
60.4,18.3890493712075,66.200577736347,815.9717917364246
60.45,18.388587066437033,66.19891343917332,816.8912326473658
60.5,18.388250137212722,66.1977004939658,817.8106535774571
60.550000000000004,18.38781319768925,66.19612751168131,818.7300551608296
60.6,18.38751507075591,66.19505425472128,819.6494383675407
60.650000000000006,18.387517417870708,66.19506270433455,820.5688141797564
60.7,18.3876628161934,66.19558613829625,821.4881936856079
60.74999999999999,18.38777029411308,66.19597305880708,822.4075795133656
60.800000000000004,18.38781282644999,66.19612617521997,823.3269690913796
60.849999999999994,18.387542393835687,66.19515261780847,824.2463529718867
60.900000000000006,18.387309144857262,66.19431292148614,825.1657242603541
60.949999999999996,18.387167682579356,66.19380365728568,826.08508618104
61.00000000000001,18.38714393559805,66.19371816815298,827.0044439714944
61.05,18.386961543023425,66.19306155488434,827.92379660846
61.10000000000001,18.386924256193424,66.19292732229633,828.8431437534404
61.15,18.38679969244109,66.19247889278793,829.7624868521563
61.199999999999996,18.386831727793204,66.19259422005554,830.6818276376621
61.25,18.387681736674907,66.19565425202967,831.6011904742738
61.3,18.38870783965479,66.19934822275724,832.5206002136821
61.35,18.38928023607701,66.20140884987724,833.4400499155754
61.4,18.389426262391154,66.20193454460816,834.3595175780371
61.45,18.389444088106252,66.2019987171825,835.2789893367996
61.5,18.389594429103276,66.2025399447718,836.1984652997298
61.550000000000004,18.389978756754495,66.20392352431618,837.1179546293763
61.6,18.389741658440308,66.20306997038512,838.0374476397561
61.65,18.389542165365185,66.20235179531467,838.9569297353513
61.7,18.390044000367098,66.20415840132155,839.8764193894946
61.74999999999999,18.390569278738912,66.20604940346009,840.7959347214722
61.800000000000004,18.39116170832199,66.20818214995917,841.7154779961487
61.849999999999994,18.39170303772947,66.2101309358261,842.6350496148
61.900000000000006,18.391975077965533,66.21111028067592,843.5546415676923
61.949999999999996,18.392396569911845,66.21262765168265,844.4742508588893
62.00000000000001,18.39251915869727,66.21306897131016,845.3938737521045
62.05,18.392460888801196,66.2128591996843,846.313498253292
62.10000000000001,18.3923481780954,66.21245344114344,847.2331184799644
62.15,18.39212901284417,66.21166444623901,848.152730409738
62.199999999999996,18.39195996671037,66.21105588015733,849.0723326342268
62.25,18.391545044660546,66.20956216077796,849.9919202595111
62.3,18.390916298402093,66.20729867424754,850.9114817930877
62.35,18.38989664784613,66.20362793224606,851.8310021167439
62.4,18.388873524515628,66.19994468825627,852.750471371053
62.45,18.38798188452575,66.1967347842927,853.6698927562791
62.5,18.386440157082284,66.19118456549623,854.5892533073193
62.550000000000004,18.384892716967535,66.18561378108313,855.5085366291705
62.6,18.383849520756172,66.18185827472222,856.4277551851136
62.65,18.382741894673092,66.17787082082313,857.3469199704994
62.7,18.381686716390085,66.17407217900431,858.266030685776
62.75,18.38083162983796,66.17099386741666,859.1850936444316
62.800000000000004,18.379768714721074,66.16716737299586,860.1041086530456
62.85,18.37844858323737,66.16241489965452,861.0230640854945
62.900000000000006,18.377743663744994,66.15987718948197,861.941968891669
62.95,18.377172345214664,66.15782044277279,862.860841791893
63.00000000000001,18.376701854229093,66.15612667522474,863.7796886468791
63.050000000000004,18.376858508370407,66.15669063013347,864.6985276559441
63.099999999999994,18.377910792544824,66.16047885316137,865.6173968884669
63.15,18.379085416930135,66.16470750094848,866.5363217937038
63.199999999999996,18.379805633037698,66.16730027893571,867.455294069953
63.25,18.37968511787017,66.16686642433261,868.3742813387257
63.3,18.379206779457764,66.16514440604796,869.293253636159
63.35,18.37746328360596,66.15886782098146,870.2121703877356
63.4,18.37522536455705,66.15081131240538,871.1309876039396
63.45,18.372761746186313,66.14194228627073,872.0496872817082
63.5,18.369629336653066,66.13066561195104,872.9682470587792
63.55,18.366827663657883,66.12057958916839,873.886658483787
63.6,18.363770763411424,66.10957474828113,874.8049234444637
63.65,18.360473207314264,66.09770354633136,875.7230295437319
63.7,18.356757913070858,66.08432848705509,876.6409603217414
63.75,18.35242195247468,66.06871902890884,877.5586898183801
63.800000000000004,18.34792198719983,66.05251915391939,878.476198416872
63.85,18.343017682141138,66.0348636557081,879.3934719086055
63.900000000000006,18.338006371389493,66.01682293700217,880.3104975099438
63.95,18.332574575580683,65.99726847209045,881.2272620336181
63.99999999999999,18.32688821633792,65.97679757881652,882.143748603416
64.05,18.32167291039139,65.958022477409,883.0599626315843
64.1,18.31686001482298,65.94069605336273,883.9759259547146
64.15,18.312542337890193,65.9251524164047,884.8916610135325
64.2,18.309080986358307,65.9126915508899,885.8072015966387
64.25,18.30637823343902,65.90296164038047,886.7225880771337
64.3,18.30429026052356,65.89544493788482,887.6378547894827
64.35000000000001,18.30254169219349,65.88915009189657,888.5530255883007
64.4,18.301593709636393,65.88573735469102,889.4681289733464
64.45,18.30099860466437,65.88359497679173,890.383193781204
64.5,18.301423525251877,65.88512469090676,891.2982543344519
64.55,18.302337574853095,65.88841526947114,892.2133483619546
64.60000000000001,18.303156529051435,65.89136350458517,893.1284857145522
64.64999999999999,18.302953054759747,65.89063099713509,894.0436384541475
64.7,18.30244526967515,65.88880297083054,894.9587734122584
64.75,18.302048815740108,65.8873757366644,895.8738857643938
64.80000000000001,18.301327966448934,65.88478067921616,896.7889701839485
64.85,18.30034244420377,65.88123279913358,897.7040119442148
64.9,18.30027666229424,65.88099598425927,898.6190274218773
64.95,18.300350806303214,65.88126290269157,899.5340431085922
65.0,18.300525396492972,65.8818914273747,900.4490650136621
65.05,18.300915398912725,65.88329543608582,901.3641010335473
65.1,18.30109276690674,65.88393396086427,902.2791512376928
65.15,18.301251951575814,65.88450702567293,903.1942098556548
65.2,18.301080248355426,65.88388889407953,904.1092681606531
65.25,18.300601261831957,65.88216454259505,905.0243101984078
65.3,18.300227281761206,65.88081821434034,905.9393309119976
65.35000000000001,18.299536008686555,65.8783296312716,906.8543249942587
65.4,18.298673730606897,65.87522543018483,907.7692802377411
65.44999999999999,18.297982180011427,65.87273584804115,908.6841966355065
65.5,18.297709340053306,65.8717536241919,909.5990889235081
65.55,18.297652576142514,65.87154927411305,910.5139729714131
65.60000000000001,18.29805532206381,65.87299915942972,911.4288656688682
65.64999999999999,18.29859334315834,65.87493603537003,912.3437818854987
65.7,18.29892002812612,65.87611210125404,913.2587197197809
65.75,18.29883367073488,65.87580121464556,914.1736635622524
65.80000000000001,18.298985748378776,65.8763486941636,915.0886090477302
65.85,18.29915954871158,65.87697437536168,916.0035626801574
65.89999999999999,18.299371841882763,65.87773863077796,916.9185259649223
65.95,18.299522322289214,65.87828036024118,917.8334983190266
66.0,18.29944173792809,65.87799025654112,918.748472420532
66.05,18.29913772101129,65.87689579564065,919.6634369070056
66.1,18.29906965208619,65.87665074751028,920.5783920913331
66.15,18.298873814030326,65.87594573050917,921.493340677986
66.2,18.2987036426262,65.87533311345433,922.4082801144024
66.25,18.29882933411514,65.8757856028145,923.323218438821
66.3,18.299138827719656,65.87689977979076,924.2381676428669
66.35000000000001,18.299765471413934,65.87915569709017,925.1531402503452
66.4,18.30065797953255,65.88236872631718,926.0681508366189
66.45,18.301621159924032,65.88583617572652,926.9832078151053
66.5,18.302509019504043,65.88903247021456,927.898311069591
66.55,18.303547272262257,65.89277018014413,928.8134624768852
66.60000000000001,18.30484054536428,65.8974259633114,929.7286721723259
66.64999999999999,18.305848569900796,65.90105485164287,930.6439394002075
66.7,18.306666026421304,65.9039976951167,931.5592522651156
66.75,18.30751223243706,65.90704403677341,932.4746067215871
66.80000000000001,18.308906231577158,65.91206243367778,933.3900171831874
66.85,18.31017346549014,65.91662447576451,934.3054941756141
66.89999999999999,18.311349869357628,65.92085952968746,935.2210322589852
66.95,18.31268527019769,65.92566697271168,936.1366331374742
67.0,18.3139697899712,65.93029124389632,937.0522995139784
67.05,18.315051111546,65.93418400156561,937.9680250365163
67.1,18.31583772885768,65.93701582388765,938.8837972575265
67.15,18.316649286178652,65.93993743024315,939.7996094329023
67.2,18.317366298205826,65.94251867354097,940.715459822512
67.25,18.31789761908073,65.94443142869062,941.6313414204442
67.3,18.318614464829057,65.94701207338461,942.5472542225419
67.35,18.318721625637714,65.94739785229578,943.4631876248036
67.4,18.318793301944034,65.94765588699852,944.3791254979932
67.45,18.318784098195867,65.94762275350512,945.2950649329966
67.5,18.318719240749978,65.94738926669993,946.2110025164703
67.55,18.318923548512743,65.94812477464588,947.126943586202
67.60000000000001,18.319183635363828,65.94906108730979,948.0428962657988
67.65,18.3192399601479,65.94926385653244,948.9588568556867
67.7,18.319506521100166,65.9502234759606,949.8748255177179
67.75,18.319786251051276,65.9512305037846,950.7908078370217
67.8,18.320061340252025,65.95222082490729,951.7068040268043
67.85000000000001,18.320315472607096,65.95313570138555,952.6228134471258
67.89999999999999,18.32054303020209,65.95395490872752,953.5388349096961
67.95,18.32112407247516,65.95604666091059,954.454876587263
68.0,18.32120545084697,65.9563396230491,955.370934825346
68.05,18.32178800767238,65.95843682762057,956.287009661809
68.1,18.322286843813934,65.96023263773017,957.2031115330961
68.15,18.322406724889227,65.96066420960122,958.1192288723138
68.2,18.322513412951945,65.961048286627,959.0353518757598
68.25,18.32266912095236,65.96160883542849,959.9514814391074
68.3,18.32280418259812,65.96209505735324,960.8676182716962
68.35,18.322402691102074,65.96064968796746,961.7837484435387
68.4,18.3221009630181,65.95956346686516,962.6998610348917
68.45,18.321804498353984,65.95849619407434,963.615958671426
68.5,18.32154068690872,65.95754647287139,964.5320423010576
68.55,18.321173774792154,65.95622558925176,965.4481101626001
68.60000000000001,18.320702334680192,65.95452840484869,966.3641570653368
68.65,18.320297411297847,65.95307068067225,967.2801820589863
68.7,18.319547147396058,65.95036973062581,968.1961781729536
68.75,18.318230337854718,65.94562921627698,969.112122610085
68.8,18.317075831781647,65.94147299441393,970.0280052643259
68.85000000000001,18.31626775761953,65.93856392743031,970.9438388540609
68.89999999999999,18.316104997501007,65.93797799100363,971.8596481729389
68.95,18.31568695249825,65.9364730289937,972.7754429716889
69.0,18.31538383330549,65.93538179989976,973.691219741334
69.05000000000001,18.31548735142625,65.9357544651345,974.6069915209522
69.1,18.315393658944323,65.93541717219956,975.5227635462114
69.15,18.314730096544007,65.93302834755843,976.4385166400987
69.2,18.314216591389307,65.93117972900151,977.354240307297
69.25,18.313169553241007,65.92741039166762,978.2699249609128
69.3,18.311671509235772,65.92201743324878,979.1855459874747
69.35,18.30981346192853,65.91532846294271,980.1010831117538
69.4,18.307272752350425,65.90618190846153,981.0165102671108
69.45,18.304174255004416,65.89502731801589,981.9317964422946
69.5,18.300423058809216,65.88152301171318,982.8469113751399
69.55,18.296496309538647,65.86738671433913,983.7618343593487
69.60000000000001,18.291701521100265,65.85012547596095,984.6765393051146
69.65,18.28679639061834,65.83246700622603,985.5910017529076
69.69999999999999,18.281837902410736,65.81461644867865,986.5052176102333
69.75,18.276605526727238,65.79577989621806,987.4191786959618
69.8,18.270856042791348,65.77508175404886,988.3328652351997
69.85000000000001,18.26482147046801,65.75335729368484,989.2462571730313
69.89999999999999,18.258948332186172,65.73221399587023,990.1593514180976
69.95,18.25308698114027,65.71111313210498,991.0721523009307
70.0,18.24783175736773,65.69219432652383,991.9846752693934
70.05000000000001,18.242089742350394,65.67152307246143,992.8969233068864
70.1,18.23684507475325,65.65264226911171,993.808896677314
70.15,18.231129529874018,65.63206630754647,994.7205960424297
70.2,18.22573653479853,65.6126515252747,995.6320176940466
70.25,18.220761467772448,65.59474128398081,996.5431801441108
70.3,18.21590611061027,65.57726199819697,997.4540968335704
70.35,18.211585459739474,65.56170765506211,998.3647841228291
70.4,18.206471957333502,65.5432990464006,999.2752355582559
70.45,18.200307786552518,65.52110803158907,1000.185405051853
70.5,18.19491271656109,65.50168577961993,1001.0952855644308
70.55,18.18941176381058,65.48188234971809,1002.0048936764401
70.60000000000001,18.1847630497138,65.46514697896968,1002.9142480467782
70.65,18.179780864109997,65.44721111079599,1003.8233616446238
70.69999999999999,18.174176276934386,65.4270345969638,1004.7322105731499
70.75,18.167296318696575,65.40226674730768,1005.6407473880407
70.8,18.159533176027153,65.37431943369775,1006.5489181254088
70.85000000000001,18.151044071998108,65.34375865919318,1007.4566825566094
70.89999999999999,18.142154319030368,65.31175554850932,1008.3640125163851
70.95,18.13302013849893,65.27887249859616,1009.2708918778233
71.0,18.124115142914444,65.246814514492,1010.1773202598586
71.05000000000001,18.11488860168947,65.21359896608209,1011.0832953534737
71.1,18.107010746737544,65.18523868825515,1011.9888428371843
71.14999999999999,18.100754896214482,65.16271762637214,1012.8940369782581
71.2,18.09482230733996,65.14136030642386,1013.7989264083469
71.25,18.08900862211708,65.1204310396215,1014.7035221815834
71.3,18.083823433799296,65.10176436167747,1015.6078429829813
71.35,18.079629590341888,65.0866665252308,1016.5119293085849
71.4,18.076305421841507,65.07469951862943,1017.4158276838895
71.45,18.07316856327831,65.06340682780191,1018.3195645335175
71.5,18.070467037525447,65.05368133509161,1019.2231554235375
71.55,18.067727032693416,65.0438173176963,1020.1266102752929
71.6,18.065148178930304,65.03453344414909,1021.0299321555835
71.65,18.061324038114506,65.02076653721222,1021.9330939610096
71.7,18.057506764446206,65.00702435200634,1022.8360647310736
71.75,18.053284097245704,64.99182275008454,1023.738834502616
71.8,18.048229850986118,64.97362746355003,1024.6413723513217
71.85000000000001,18.042890087986095,64.95440431674994,1025.543650349796
71.9,18.036865321571394,64.93271515765701,1026.445644235035
71.95,18.030888470722495,64.91119849460098,1027.3473380798423
72.0,18.02605049106242,64.89378176782472,1028.2487615538869
72.05000000000001,18.020475922085737,64.87371331950865,1029.1499247142156
72.10000000000001,18.015040549918847,64.85414597970785,1030.0508126260156
72.14999999999999,18.00790732667587,64.82846637603313,1030.9513863229304
72.2,18.000437216524663,64.8015739794888,1031.8515949365103
72.25,17.99378734627979,64.77763444660725,1032.7514505505803
72.3,17.98916240655295,64.76098466359062,1033.6510242944012
72.35,17.98483689595255,64.74541282542918,1034.5503742769638
72.4,17.978422820011513,64.72232215204144,1035.4494557698629
72.45,17.97030777523362,64.69310799084104,1036.348174034744
72.5,17.9606197307775,64.658231030799,1037.2464472223944
72.55,17.951989336850172,64.62716161266061,1038.144262449085
72.6,17.943799243849078,64.59767727785669,1039.0416571636026
72.65,17.933937713055876,64.56217576700115,1039.9386005875253
72.7,17.92154593254545,64.51756535716362,1040.8349876786654
72.75,17.906734543040198,64.46424435494471,1041.730694690555
72.8,17.88958515591001,64.40250656127603,1042.6256026830288
72.85000000000001,17.870925515805652,64.33533185690035,1043.5196154498217
72.9,17.850301474057257,64.26108530660613,1044.4126461245683
72.95,17.827799101059558,64.18007676381441,1045.3045986389461
73.0,17.803011540389978,64.09084154540392,1046.1953689049824
73.05,17.775125537151652,63.99045193374595,1047.084822331921
73.10000000000001,17.745262014802602,63.88294325328937,1047.9728320207198
73.14999999999999,17.714749245091046,63.77309728232777,1048.8593323022171
73.2,17.682878114819005,63.65836121334842,1049.7442729862148
73.25,17.649130007671943,63.53686802761899,1050.627573189277
73.30000000000001,17.61504332590586,63.414155973261096,1051.5091775226165
73.35,17.580703471165602,63.29053249619617,1052.3890711925433
73.4,17.546375760102894,63.16695273637042,1053.267248173325
73.45,17.512486273103427,63.04495058317234,1054.143719724155
73.5,17.477405953360606,62.91866143209818,1055.0184670298167
73.55,17.443812317442042,62.797724342791355,1055.8914974865868
73.6,17.409001865666397,62.67240671639903,1056.7628178411644
73.65,17.375035978535717,62.55012952272858,1057.6324187872694
73.7,17.3430288068578,62.434903704688075,1058.5003704069043
73.75,17.311674109208656,62.32202679315117,1059.366737979806
73.8,17.278508616519954,62.20263101947184,1060.2314925479493
73.85000000000001,17.243695814773826,62.07730493318577,1061.0945476587317
73.9,17.206955129644555,61.9450384667204,1061.9558139323422
73.95,17.171802581539268,61.81848929354137,1062.8152828751217
74.0,17.13708285791304,61.69349828848694,1063.673005011108
74.05,17.102234532593595,61.56804431733694,1064.5289879458708
74.10000000000001,17.066386868827703,61.438992727779734,1065.3832034809063
74.14999999999999,17.029207325542963,61.30514637195467,1066.2355933357655
74.2,16.991392571893492,61.16901325881657,1067.0861083332015
74.25,16.952023612618266,61.02728500542576,1067.9346937378143
74.30000000000001,16.914050850712812,60.89058306256612,1068.7813455993976
74.35,16.87637614590618,60.754954125262245,1069.626106274313
74.4,16.838789684152573,60.61964286294926,1070.4689854200647
74.45,16.801315977108306,60.484737517589906,1071.3099880615962
74.5,16.762574047953674,60.34526657263323,1072.1490853122227
74.55,16.724452534630217,60.20802912466878,1072.9862609767874
74.6,16.688590039985666,60.0789241439484,1073.8215870411527
74.65,16.653346104975984,59.95204597791354,1074.6551354447768
74.7,16.61577838068034,59.81680217044922,1075.4868635569183
74.75,16.579303501953042,59.68549260703095,1076.316740603984
74.8,16.544626035738986,59.56065372866035,1077.1448388424265
74.85000000000001,16.510437874552775,59.43757634838999,1077.9712154401836
74.9,16.47577040661679,59.31277346382044,1078.795870647213
74.94999999999999,16.441241924818797,59.18847092934767,1079.6187959554989
75.0,16.407087529920208,59.06551510771275,1080.4400041918673
75.05,16.374974233009446,58.94990723883401,1081.2595557359405
75.10000000000001,16.340559897029586,58.82601562930651,1082.0774440891914
75.14999999999999,16.30558812271402,58.70011724177048,1082.893597789685
75.2,16.27062227706349,58.57424019742857,1083.7080030496793
75.25,16.2342673919515,58.44336261102541,1084.5206252914047
75.30000000000001,16.197686654219236,58.311671955189254,1085.331424142559
75.35,16.162019281761832,58.1832694143426,1086.1404167909584
75.39999999999999,16.12433254971178,58.04759717896241,1086.9475755867452
75.45,16.08708550150005,57.91350780540018,1087.7528610380255
75.5,16.047717951246558,57.77178462448761,1088.556231124344
75.55,16.008732201621243,57.63143592583648,1089.3576423781658
75.6,15.970482056619858,57.49373540383149,1090.157122734622
75.65,15.930869200289617,57.351129121042625,1090.9546565160447
75.7,15.88894836141807,57.200214101105054,1091.7501519550874
75.75,15.846734621000484,57.04824463560175,1092.5435440296478
75.8,15.805999014611213,56.90159645260037,1093.334862370538
75.85000000000001,15.764166475646824,56.75099931232857,1094.1241165077945
75.9,15.720919396718285,56.595309828185826,1094.9112436546036
75.95,15.677251667362363,56.438106002504504,1095.6961979312057
76.0,15.633517725537251,56.280663811934105,1096.4789671660283
76.05,15.590898941279265,56.12723618860536,1097.2595775826987
76.10000000000001,15.54868109178824,55.975251930437665,1098.0380670835254
76.15,15.504591606075385,55.81652978187139,1098.814398900972
76.2,15.460116887718259,55.656420795785735,1099.5885166133169
76.25,15.418298219083391,55.50587358870021,1100.3604769909869
76.30000000000001,15.37752752513223,55.35909909047603,1101.1303726345923
76.35,15.336537359722346,55.21153449500045,1101.8982242567135
76.39999999999999,15.296107746904234,55.06598788885524,1102.6640403843792
76.45,15.257930215133994,54.92854877448238,1103.4278913334301
76.5,15.22144112702929,54.79718805730545,1104.1898756169842
76.55,15.184922760608107,54.665721938189186,1104.9500347141752
76.6,15.14673365785529,54.528241168279045,1105.7083261246369
76.65,15.108382699977,54.3901777199172,1106.4647040335826
76.7,15.072606232632278,54.2613824374762,1107.2192287568978
76.75,15.037918669489152,54.13650721016095,1107.9719918794508
76.8,15.00331016291481,54.011916586493314,1108.723022600261
76.85,14.96834059124226,53.88602612847214,1109.472313869115
76.9,14.934259501559598,53.763334205614555,1110.219878871435
76.95,14.902545268811254,53.649162967720514,1110.9657989906943
77.0,14.87041208035573,53.53348348928063,1111.7101229244236
77.05,14.839494540560281,53.422180346017015,1112.4528705899465
77.10000000000001,14.808079475772853,53.309086112782275,1113.194059940355
77.15,14.776688965736634,53.196080276651884,1113.9336791513927
77.2,14.745520672772011,53.08387442197924,1114.6717343923553
77.25,14.71584596725405,52.977045482114576,1115.408268558356
77.3,14.686473248000093,52.87130369280033,1116.1433265387373
77.35000000000001,14.657455802122469,52.76684088764089,1116.8769247649902
77.39999999999999,14.628773854770158,52.663585877172565,1117.6090805064125
77.45,14.601392113997175,52.56501161038983,1118.3398346556316
77.5,14.574089582182804,52.46672249585809,1119.0692216980362
77.55000000000001,14.54680760352386,52.3685073726859,1119.7972441276788
77.6,14.519561241507656,52.27042046942756,1120.5239033488047
77.65,14.4919444798027,52.17100012728972,1121.2491909918374
77.7,14.464947610299834,52.0738113970794,1121.97311329409
77.75,14.438395207650764,51.97822274754275,1122.6956968645386
77.8,14.412368905551643,51.88452805998592,1123.4169659673687
77.85,14.386147682591282,51.790131657328615,1124.1369288820722
77.9,14.360699409886045,51.698517875589765,1124.8556000593842
77.95,14.335750399468688,51.60870143808728,1125.5730113046181
78.0,14.311320236676483,51.52075285203534,1126.2891880705217
78.05,14.286863874776792,51.43270994919645,1127.004142673308
78.10000000000001,14.261579411525107,51.341685881490385,1127.7178537554655
78.15,14.236677525129142,51.25203909046491,1128.4303101788819
78.2,14.21254946542448,51.16517807552813,1129.1415408536457
78.25,14.188664379998642,51.07919176799511,1129.8515711997813
78.3,14.164234219283298,50.991243189419876,1130.5603936647633
78.35000000000001,14.139860766792859,50.90349876045429,1131.2679960394153
78.39999999999999,14.115324799772944,50.8151692791826,1131.9743756785795
78.45,14.091046299381842,50.72776667777463,1132.6795349560584
78.5,14.066413171518796,50.63908741746767,1133.383471442831
78.55000000000001,14.042011904640677,50.55124285670644,1134.086182069735
78.6,14.017589959995348,50.463323855983255,1134.787672116351
78.65,13.99333462701097,50.37600465723949,1135.487945231026
78.7,13.968932769784544,50.28815797122436,1136.187001915946
78.75,13.944858222531852,50.20148960111467,1136.8848466907539
78.8,13.921317248901387,50.116742096044995,1137.5815010775398
78.85,13.897578534548948,50.03128272437622,1138.276973472126
78.9,13.873671560025558,49.94521761609201,1138.9712547244903
78.95,13.849311712026177,49.857522163294234,1139.6643293062916
79.0,13.825390471530863,49.771405697511106,1140.3561968608806
79.05,13.801707815864425,49.686148137111935,1141.0468743180654
79.10000000000001,13.778988133552192,49.60435728078789,1141.7363917168009
79.15,13.7563492801517,49.522857408546116,1142.4247751521434
79.19999999999999,13.733911286921401,49.44208063291705,1143.1120316663203
79.25,13.712107550516105,49.36358718185798,1143.7981821372562
79.3,13.690076067910695,49.284273844478506,1144.4832367277168
79.35000000000001,13.66796025584096,49.20465692102746,1145.1671876358105
79.39999999999999,13.646220054828452,49.12639219738243,1145.8500421435772
79.45,13.624719068972743,49.04898864830187,1146.5318156216722
79.5,13.603444183403223,48.972399060251604,1147.2125197029816
79.55000000000001,13.582411662034016,48.89668198332246,1147.8921660991175
79.6,13.56146044465896,48.821257600772256,1148.5707629017847
79.64999999999999,13.54117281927952,48.748222149406274,1149.2483287333832
79.7,13.52123629537787,48.676450663360335,1149.9248889612497
79.75,13.501532737871477,48.605517856337315,1150.600458187081
79.8,13.4821951480282,48.535902532901524,1151.2750513842284
79.85,13.46264085985752,48.46550709548708,1151.9486722844256
79.9,13.443778721587087,48.39760339771352,1152.6213327739617
79.95,13.425093080326247,48.33033508917449,1153.2930545690097
80.0,13.40648582714392,48.26334897771811,1153.9638440416963
80.05,13.388300103421237,48.197880372316455,1154.6337136899606
80.10000000000001,13.370864282485789,48.13511141694884,1155.3026927996082
80.15,13.353563652351019,48.07282914846367,1155.970803497979
80.2,13.336295014213846,48.010662051169845,1156.6380499646432
80.25,13.319642942701888,47.9507145937268,1157.304448413566
80.3,13.30298591216031,47.89074928377712,1157.9700141349376
80.35000000000001,13.286652205053944,47.8319479381942,1158.634755087868
80.4,13.271078747666262,47.77588349159855,1159.2986983616859
80.45,13.256464738157844,47.72327305736824,1159.9618869488315
80.5,13.241908212063441,47.67086956342839,1160.624346272587
80.55000000000001,13.227717384678401,47.61978258484225,1161.2860869125054
80.6,13.214406324506509,47.57186276822343,1161.947140005235
80.64999999999999,13.201305321243568,47.52469915647685,1162.6075327963788
80.7,13.18823100021837,47.47763160078613,1163.2672712044152
80.75,13.174206529948759,47.42714350781553,1163.9263321426695
80.8,13.1599957432613,47.37598467574068,1164.5846871994997
80.85,13.14677046999234,47.32837369197242,1165.2423563548311
80.9,13.133593806740246,47.280937704264886,1165.8993654617495
80.95,13.119420882952664,47.22991517862959,1166.5556908289918
81.0,13.105602635962521,47.18016948946508,1167.2113164169648
81.05,13.09255499289153,47.13319797440951,1167.866270357686
81.1,13.079468787147636,47.086087633731495,1168.520570952187
81.15,13.06619929512901,47.03831746246444,1169.174212654244
81.2,13.05219143911435,46.98788918081166,1169.8271724226001
81.25,13.03849040170467,46.93856544613681,1170.4794394686205
81.3,13.025161802165165,46.890582487794596,1171.1310307737172
81.35000000000001,13.01163267228727,46.84187762023417,1171.7819506355784
81.4,12.997660518975364,46.79157786831131,1172.43218296536
81.45,12.983254503012514,46.73971621084505,1173.0817058409098
81.5,12.969694255755952,46.69089932072143,1173.730529559879
81.55,12.956235028024164,46.64244610088699,1174.3786777919734
81.60000000000001,12.94265733706549,46.59356641343577,1175.0261501011007
81.64999999999999,12.928303799925857,46.541893679733086,1175.6729241295254
81.7,12.913964995533098,46.49027398391915,1176.318980849412
81.75,12.899812092964412,46.439323534671885,1176.9643252766243
81.80000000000001,12.885739649885464,46.38866273958767,1177.6089640701955
81.85,12.87110378256224,46.33597361722407,1178.2528851560066
81.9,12.856051077672491,46.28178387962097,1178.8960640275125
81.95,12.841587909814878,46.22971647533356,1179.5385050021996
82.0,12.826857875446533,46.176688351607524,1180.180216146831
82.05,12.812211944943272,46.12396300179578,1180.8211928923408
82.1,12.797251579718814,46.07010568698773,1181.4614294804574
82.15,12.782828591242144,46.01818292847172,1182.1009314847313
82.2,12.768045158519493,45.964962570670174,1182.7397033284753
82.25,12.752995387198727,45.910783393915416,1183.3777293421183
82.3,12.738267235506687,45.857762047824075,1184.015010907686
82.35000000000001,12.723316668013219,45.80394000484759,1184.651550505274
82.4,12.709387691514774,45.753795689453185,1185.287368114262
82.45,12.69367894960797,45.69724421858869,1185.92244478029
82.5,12.678603590686066,45.64297292646984,1186.5567518437974
82.55,12.66359682224148,45.58894856006933,1187.1903068541205
82.60000000000001,12.649749743979612,45.53909907832661,1187.823140518276
82.64999999999999,12.633215396071705,45.47957542585814,1188.4552146467772
82.7,12.616906168949482,45.42086220821814,1189.0864676859028
82.75,12.599976057923085,45.3599138085231,1189.7168897415745
82.80000000000001,12.582597980009528,45.2973527280343,1190.346454092523
82.85,12.56216480949914,45.22379331419691,1190.9750731622605
82.9,12.541254916635365,45.148517699887314,1191.602658655414
82.95,12.519614095983513,45.07061074554065,1192.2291803807295
83.0,12.497169336982592,44.98980961313733,1192.8545999665537
83.05,12.47331464359102,44.90393271692768,1193.4788620660681
83.1,12.44616834794928,44.80620605261741,1194.1018491408565
83.15,12.417352942678857,44.70247059364389,1194.7234371731222
83.2,12.387567673542021,44.59524362475128,1195.3435601885278
83.25,12.35747525739625,44.4869109266265,1195.9621862618012
83.3,12.324370013983858,44.367732050341885,1196.5792323935857
83.35000000000001,12.290780158345358,44.24680857004329,1197.194611147894
83.4,12.256839318571831,44.12462154685859,1197.8083016348169
83.44999999999999,12.222334937341074,44.00040577442787,1198.4202809912147
83.5,12.18721490330482,43.87397365189735,1199.0305197372309
83.55,12.149639940103201,43.73870378437152,1199.638941108316
83.60000000000001,12.112376027893738,43.60455370041746,1200.245491507516
83.64999999999999,12.07603818759636,43.4737374753469,1200.850201862903
83.7,12.040024147114648,43.344086929612736,1201.453103421271
83.75,12.00242438759669,43.20872779534809,1202.0541646346387
83.80000000000001,11.965641431555635,43.07630915360029,1202.6533662801176
83.85,11.929916236895938,42.94769845282538,1203.2507552218287
83.9,11.895137414186085,42.822494691069906,1203.8463815631058
83.95,11.859927978337051,42.69574072201338,1204.4402581979189
84.0,11.824979775507868,42.56992719182833,1205.032380891765
84.05,11.79104476354171,42.44776114875015,1205.6227815052412
84.1,11.757644042234732,42.327518552045035,1206.2114987253856
84.15,11.721590564850596,42.197726033462146,1206.7984795905627
84.2,11.686505830865284,42.071420991115026,1207.3836820004556
84.25,11.650089720221573,41.94032299279766,1207.9670968892328
84.3,11.613642727663533,41.809113819588724,1208.54869020043
84.35000000000001,11.577051857306119,41.67738668630203,1209.1284575650543
84.4,11.542989285712757,41.554761428565925,1209.7064585936298
84.45,11.509300887208608,41.43348319395099,1210.2827658479528
84.5,11.478086412599183,41.32111108535706,1210.857450530448
84.55,11.44895051933075,41.216221869590704,1211.4306264537463
84.60000000000001,11.421133266877607,41.11607976075939,1212.0023785484016
84.64999999999999,11.39654304674446,41.02755496828006,1212.5728204562422
84.7,11.374529367527872,40.94830572310034,1213.142097266599
84.75,11.354105871564538,40.87478113763234,1213.7103131475762
84.80000000000001,11.33381878500124,40.80174762600446,1214.2775112639904
84.85,11.315763566806119,40.73674884050203,1214.8437508227855
84.89999999999999,11.29873035965156,40.67542929474561,1215.409113170947
84.95,11.282452480829201,40.61682893098513,1215.9736427419589
85.0,11.266688554465919,40.560078796077306,1216.5373712678413
85.05,11.249824378647505,40.49936776313102,1217.1002840911692
85.1,11.23372378876857,40.44140563956685,1217.6623727953547
85.15,11.217748361687136,40.38389410207369,1218.2236595991162
85.2,11.20110085602867,40.32396308170321,1218.7841308295592
85.25,11.182549115836588,40.25717681701172,1219.3437220788558
85.3,11.163599560844984,40.188958419041946,1219.9023757957727
85.35,11.143524035618274,40.116686528225785,1220.4600538856844
85.4,11.121869902144814,40.038731647721335,1221.0166887341284
85.45,11.098264076779834,39.9537506764074,1221.5721920836015
85.5,11.07106447053125,39.8558320939125,1222.1264252972842
85.55,11.043979457405165,39.758326046658595,1222.6793013954825
85.60000000000001,11.015000519942397,39.65400187179263,1223.2307758949162
85.65,10.983644827995095,39.54112138078234,1223.7807420286147
85.7,10.950060561324724,39.420218020769006,1224.3290846633477
85.75,10.915014701282153,39.294052924615755,1224.8757115449127
85.80000000000001,10.879259178970944,39.1653330442954,1225.420568391919
85.85000000000001,10.843210324034821,39.03555716652536,1225.963630129494
85.89999999999999,10.809233991191897,38.91324236829083,1226.5049412373746
85.95,10.776279419387155,38.79460590979376,1227.0445790726392
86.0,10.746751865194064,38.68830671469863,1227.5826548547536
86.05,10.719298075966872,38.58947307348074,1228.1193061032827
86.1,10.693027129791082,38.4948976672479,1228.6546142334266
86.15,10.667714588909332,38.403772520073595,1229.1886327763941
86.2,10.642850162372017,38.31426058453926,1229.7213968951762
86.25,10.617883659705878,38.224381174941165,1230.2529152407283
86.3,10.592628323808697,38.13346196571131,1230.7831780403162
86.35,10.568072943960944,38.0450625982594,1231.3121955720105
86.4,10.545102469927766,37.962368891739956,1231.8400249573579
86.45,10.522666182710614,37.88159825775821,1232.3667191736738
86.5,10.500593611577486,37.80213700167895,1232.892300668531
86.55,10.479047373732769,37.72457054543797,1233.4167916931638
86.60000000000001,10.459459091208956,37.65405272835224,1233.9402543547874
86.65,10.441843250904267,37.59063570325536,1234.4627869133403
86.7,10.425735349429154,37.53264725794495,1234.9844763783487
86.75,10.410038349716322,37.47613805897876,1235.5053707208274
86.8,10.395946254710681,37.42540651695845,1236.0255203359382
86.85000000000001,10.384155162429035,37.38295858474453,1236.5450228713667
86.89999999999999,10.372598540970277,37.341354747493,1237.0639417139516
86.95,10.362168231001174,37.30380563160423,1237.582310883251
87.0,10.353061169627527,37.271020210659096,1238.1001916182668
87.05000000000001,10.345615004019217,37.244214014469186,1238.6176585226078
87.1,10.33786770080505,37.21632372289818,1239.1347455902285
87.15,10.327675713590677,37.179632568926436,1239.6513841755884
87.2,10.316307951668504,37.13870862600662,1240.16748376722
87.25,10.304821462238623,37.09735726405904,1240.6830120025675
87.3,10.293743027321666,37.057474898357995,1241.1979761148066
87.35,10.281760532774106,37.01433791798678,1241.712363703809
87.4,10.270630220026163,36.974268792094186,1242.226173472629
87.45,10.25853524569401,36.93072688449843,1242.739402609272
87.5,10.246680919034903,36.888051308525654,1243.2520330133902
87.55,10.23277322376217,36.83798360554381,1243.7640193669602
87.60000000000001,10.21585458182226,36.777076494560134,1244.2752350620997
87.65,10.197029091227243,36.709304728418076,1244.785557153926
87.7,10.176328173875818,36.634781425952944,1245.2948910855537
87.75,10.153682293798791,36.55325625767565,1245.8031413472456
87.8,10.129348338699405,36.46565401931786,1246.3102171130581
87.85000000000001,10.10607711128002,36.38187760060808,1246.8161027493077
87.89999999999999,10.082336569677558,36.29641165083921,1247.3208130913315
87.95,10.058334240532822,36.21000326591816,1247.8243298615866
88.0,10.03353879557209,36.12073966405953,1248.3266266874894
88.05000000000001,10.00929125978042,36.033448535209516,1248.8276974388732
88.1,9.985739189860379,35.94866108349736,1249.3275732001143
88.15,9.962924392155452,35.86652781175963,1249.8262897896648
88.2,9.941349162082128,35.78885698349566,1250.3238966285207
88.25,9.919284158388738,35.709422970199455,1250.8204124615324
88.3,9.898960970364994,35.63625949331398,1251.3158685897513
88.35,9.879254712677097,35.56531696563755,1251.8103239818274
88.4,9.860138285118628,35.49649782642706,1252.3038088067724
88.45,9.841757585757444,35.430327308726795,1252.7963562035443
88.5,9.824081645450974,35.36669392362351,1253.2880021843246
88.55,9.806530056018376,35.303508201666155,1253.7787674768613
88.60000000000001,9.788611449068418,35.2390012166463,1254.2686460144885
88.65,9.770240617402546,35.17286622264917,1254.7576173161503
88.7,9.751910224855294,35.10687680947906,1255.2456710872068
88.75,9.734022810310677,35.04248211711844,1255.732819413086
88.8,9.716556933013946,34.9796049588502,1256.219083906669
88.85000000000001,9.69845861277243,34.91445100598075,1256.7044592953137
88.89999999999999,9.680341967330266,34.84923108238896,1257.1889293098163
88.95,9.66211012400906,34.78359644643261,1257.6724906120999
89.0,9.643660108306936,34.71717638990497,1258.1551348679077
89.05000000000001,9.623339795440403,34.64402326358545,1258.6368098655014
89.1,9.602586189242995,34.56931028127478,1259.1174580151185
89.14999999999999,9.583001502807459,34.498805410106854,1259.5970977074198
89.2,9.562638983411896,34.425500340282824,1260.0757387195754
89.25,9.540594298448024,34.34613947441289,1260.5533195516218
89.3,9.519765801609395,34.27115688579382,1261.0298285541232
89.35,9.500166254959511,34.20059851785424,1261.5053268555375
89.4,9.47886477048638,34.12391317375097,1261.9798026311737
89.45,9.457545030387507,34.047162109395025,1262.4532128761955
89.5,9.434628118261596,33.96466122574175,1262.9255172049118
89.55,9.412898628410383,33.88643506227738,1263.3967053735787
89.60000000000001,9.39207565421007,33.81147235515625,1263.8668297306442
89.65,9.370153819846166,33.7325537514462,1264.3358854674957
89.7,9.347197794938264,33.649912061777755,1264.8038192578654
89.75,9.324527254579428,33.56829811648594,1265.2706123841033
89.8,9.302283839268366,33.48822182136612,1265.7362826614494
89.85000000000001,9.279830376264432,33.40738935455195,1266.2008355168377
89.9,9.256987904879296,33.32515645756546,1266.6642559738664
89.95,9.234279141414657,33.24340490909277,1267.1265376500237
90.0,9.211346149955817,33.16084613984094,1267.587678282308
90.05000000000001,9.18810812807104,33.07718926105574,1268.0476646392585
90.10000000000001,9.165092795744197,32.99433406467911,1268.5064946623538
90.14999999999999,9.141440685021065,32.90918646607584,1268.964157999373
90.2,9.11714134979999,32.821708859279966,1269.4206225502435
90.25,9.093930583626747,32.73815010105629,1269.8758993485792
90.3,9.070208461852003,32.652750462667214,1270.330002824716
90.35,9.044562348865176,32.560424455914635,1270.782872094984
90.4,9.017987376296901,32.46475455466884,1271.234435838113
90.45,8.991790987815234,32.37044755613484,1271.684680297216
90.5,8.965184517283149,32.27466426221934,1272.1336046848432
90.55,8.937288356367514,32.174238082923054,1272.5811665066844
90.6,8.90921191699398,32.07316290117833,1273.0273290135185
90.65,8.881861358761245,31.974700891540483,1273.4721058454124
90.7,8.854278790528664,31.87540364590319,1273.9155093491447
90.75,8.826709083529796,31.776152700707264,1274.357534045996
90.8,8.799532450631052,31.678316822271785,1274.7981900843502
90.85000000000001,8.771979507810684,31.579126228118465,1275.2374778833112
90.9,8.74456972705078,31.480451017382812,1275.6753916141827
90.95,8.717596618288436,31.38334782583837,1276.1119457728162
91.0,8.690296952674801,31.285069029629284,1276.5471431120902
91.05,8.662952825837746,31.186630173015885,1276.9809743565531
91.10000000000001,8.635891002574468,31.089207609268083,1277.4134454522634
91.14999999999999,8.608015910525303,30.988857277891093,1277.844543125091
91.2,8.581249358898155,30.89249769203336,1278.2742747568266
91.25,8.554635532376944,30.796687916556998,1278.7026718791085
91.30000000000001,8.526965758354592,30.69707673007653,1279.1297119113767
91.35,8.500229859797427,30.60082749527074,1279.5553918018304
91.4,8.473428615601767,30.504343016166363,1279.9797332637154
91.45,8.446004033558502,30.40561452081061,1280.4027190799443
91.5,8.417365486931445,30.3025157529532,1280.8243033179565
91.55,8.390130024162444,30.204468086984797,1281.2444907057338
91.6,8.363073745344543,30.10706548324036,1281.6633207999714
91.65,8.33473003200572,30.00502811522059,1282.0807658944052
91.7,8.305875676727442,29.901152436218794,1282.4967810371236
91.75,8.277593441518803,29.799336389467694,1282.9113677650798
91.8,8.248890355984717,29.69600528154498,1283.3245298600175
91.85000000000001,8.21991313517902,29.591687286644472,1283.7362499472965
91.9,8.191198254361154,29.488313715700155,1284.146527732035
91.95,8.162126534991078,29.38365552596788,1284.555360851769
92.0,8.133689301160542,29.281281484177953,1284.9627562476726
92.05,8.105361500226781,29.179301400816414,1285.3687325177073
92.10000000000001,8.077692700382979,29.079693721378725,1285.7733088727225
92.14999999999999,8.051199157459072,28.98431696685266,1286.1765311691686
92.2,8.023772857460695,28.885582286858504,1286.5784054695416
92.25,7.995760604836109,28.78473817740999,1286.978893806099
92.30000000000001,7.96778998241107,28.684043936679853,1287.3779825707802
92.35,7.940855527184384,28.587079897863784,1287.7756987085202
92.4,7.913656275819767,28.48916259295116,1288.1720615035952
92.45,7.886058589841827,28.389810923430577,1288.5670543752367
92.5,7.858330927806586,28.28999134010371,1288.960664113178
92.55,7.83047292989753,28.189702547631107,1289.3528842096205
92.6,7.804227322748337,28.095218361894016,1289.7437517159367
92.65,7.7771960553318955,27.997905799194825,1290.1332873003887
92.7,7.750053037369378,27.90019093452976,1290.5214685277062
92.75,7.722663553142519,27.80158879131307,1290.908286442469
92.8,7.695378111444332,27.703361201199595,1291.2937374840837
92.85000000000001,7.668126049088225,27.60525377671761,1291.677825088097
92.9,7.640427132783915,27.505537678022094,1292.060538917644
92.94999999999999,7.612480480732756,27.404929730637924,1292.4418616079818
93.0,7.585371821872438,27.307338558740778,1292.821807915547
93.05,7.558809398099802,27.211713833159287,1293.2004124460464
93.10000000000001,7.53113684718182,27.112092649854553,1293.5776611021784
93.14999999999999,7.503312169034837,27.011923808525413,1293.9535223275839
93.2,7.476247797720269,26.91449207179297,1294.3280113267529
93.25,7.449760693980278,26.819138498329,1294.7011615390454
93.30000000000001,7.422684487012907,26.721664153246465,1295.0729726685702
93.35,7.395971077896505,26.62549588042742,1295.443439057693
93.39999999999999,7.369584655542033,26.53050475995132,1295.812577951029
93.45,7.34436877523904,26.439727590860546,1296.1804267867985
93.5,7.3190327029803255,26.34851773072917,1296.547011823754
93.55,7.293594864045372,26.25694151056334,1296.9123275129296
93.6,7.268295028502806,26.165862102610102,1297.2763747602432
93.65,7.242386300863014,26.072590683106853,1297.6391417934774
93.7,7.215829446847523,25.97698600865108,1298.0005971871701
93.75,7.189419031663087,25.881908513987113,1298.3607283991328
93.8,7.163413100344864,25.788287161241513,1298.719549202433
93.85000000000001,7.136898004255994,25.69283281532158,1299.077056980048
93.9,7.109343620741726,25.593637034670216,1299.4332130206728
93.95,7.082011625899866,25.495241853239516,1299.7879969018388
94.0,7.055558037925892,25.40000893653321,1300.1414361434345
94.05,7.0299311489021745,25.307752136047828,1300.4935733731052
94.10000000000001,7.004461555510828,25.21606159983898,1300.8444331907156
94.15,6.978748958245362,25.123496249683303,1301.1940134535594
94.2,6.9530183486067365,25.03086605498425,1301.5423076362306
94.25,6.927081345385877,24.937492843389155,1301.8893101285803
94.30000000000001,6.901188174098948,24.844277426756214,1302.2350168665673
94.35,6.8750120411322815,24.750043348076215,1302.5794218719482
94.39999999999999,6.849032581380007,24.656517292968026,1302.922522987511
94.45,6.8234936584077195,24.56457717026779,1303.2643361435057
94.5,6.798276166588847,24.47379419971985,1303.6048803891306
94.55,6.773257558545419,24.38372721076351,1303.944168732259
94.6,6.7471400005140785,24.289704001850684,1304.2821786712354
94.65,6.722349279897448,24.20045740763081,1304.6189159032458
94.7,6.697869533948261,24.11233032221374,1304.954421373592
94.75,6.674265826723928,24.02735697620614,1305.2887247576086
94.8,6.650045798723038,23.94016487540294,1305.6218325482448
94.85,6.627166587112278,23.8577997136042,1305.9537628578908
94.9,6.6046317777981045,23.776674400073176,1306.2845578170136
94.95,6.581668922347417,23.6940081204507,1306.6142153345172
95.0,6.557287371648938,23.606234537936178,1306.9426892418671
95.05,6.533256188776395,23.519722279595022,1307.2699528308779
95.10000000000001,6.5099438611469385,23.43579790012898,1307.596032832126
95.15,6.486483295344246,23.351339863239286,1307.9209435110383
95.2,6.461972431626978,23.26310075385712,1308.2446549042127
95.25,6.437839145756195,23.1762209247223,1308.5671501936472
95.3,6.413553659057579,23.088793172607282,1308.8884350137675
95.35000000000001,6.389505851415966,23.002221065097476,1309.2085115015293
95.39999999999999,6.365788022517036,22.91683688106133,1309.5273938483776
95.45,6.342025183324033,22.83129065996652,1309.8450891785237
95.5,6.319547017332792,22.750369262398053,1310.1616284835402
95.55000000000001,6.297240570527827,22.67006605390018,1310.4770481732367
95.6,6.274638913483995,22.58870008854238,1310.791345160337
95.65,6.252026832664781,22.507296597593214,1311.1045118039906
95.7,6.22962695584145,22.42665704102922,1311.4165531487033
95.75000000000001,6.207812474525833,22.348124908293002,1311.7274891344625
95.8,6.186734486991124,22.27224415316805,1312.0373528085004
95.85,6.166048146492053,22.19777332737139,1312.3461723743374
95.9,6.14612328625299,22.126043830510767,1312.6539766601559
95.95,6.127861432001878,22.060301155206762,1312.9608262781123
96.0,6.110566693408213,21.998040096269566,1313.2667869812476
96.05,6.094128720510404,21.938863393837455,1313.5719043665956
96.10000000000001,6.078030613261572,21.88091020774166,1313.8762083499398
96.15,6.064060182058502,21.83061665541061,1314.179760619823
96.2,6.051008598659191,21.783630955173088,1314.482637339341
96.25,6.039288665025764,21.741439194092752,1314.784894770933
96.3,6.027595177127303,21.69934263765829,1315.086566866987
96.35000000000001,6.017148902571954,21.661736049259034,1315.3876854689795
96.39999999999999,6.007076986725446,21.625477152211605,1315.688291116212
96.45,5.997256593785461,21.59012373762766,1315.9883994557247
96.5,5.987662818789766,21.555586147643158,1316.288022441039
96.55000000000001,5.978492974107342,21.52257470678643,1316.5871763358614
96.6,5.970921864810578,21.49531871331808,1316.8859117068343
96.65,5.962856314663382,21.466282732788176,1317.1842561613212
96.7,5.954994715837341,21.437980977014426,1317.4822024370837
96.75,5.947674384891716,21.41162778561018,1317.779769164602
96.8,5.939222100268691,21.38119956096729,1318.0769415767309
96.85,5.930905880546057,21.351261169965806,1318.3736947762513
96.9,5.922105639075428,21.319580300671543,1318.670020064242
96.95,5.912350961195943,21.284463460305396,1318.9658814792488
97.0,5.902494702908871,21.248980930471934,1319.2612526208513
97.05,5.892305185733619,21.21229866864103,1319.5561226180673
97.10000000000001,5.881467590988947,21.17328332756021,1319.8504669374854
97.15,5.870200040691842,21.132720146490634,1320.1442586282774
97.19999999999999,5.858476834960764,21.090516605858753,1320.4374755501688
97.25,5.845519783096035,21.043871219145725,1320.73007546562
97.3,5.832272449907541,20.99618081966715,1321.0220202714452
97.35000000000001,5.819058315893263,20.948609937215746,1321.3133035405901
97.39999999999999,5.805863740736255,20.901109466650517,1321.6039265920058
97.45,5.7914722008979,20.84929992323244,1321.8938599905466
97.5,5.776725868476993,20.796213126517177,1322.183064942281
97.55000000000001,5.761664162592821,20.741990985334155,1322.4715246930577
97.6,5.7461766086720045,20.686235791219218,1322.7592207123394
97.65,5.729625857829959,20.62665308818785,1323.046115774002
97.7,5.7123541741030035,20.564475026770815,1323.3321652748002
97.75,5.694813802196863,20.501329687908704,1323.6173444742078
97.8,5.676574942323827,20.43566979236578,1323.9016291928208
97.85,5.6568077790709115,20.36450800465528,1324.1849637608557
97.9,5.637213405107928,20.29396825838854,1324.46731429046
97.95,5.61708001925696,20.22148806932506,1324.7486716260692
98.0,5.596896806087805,20.148828501916096,1325.0290210467028
98.05,5.576665906326995,20.075997262777182,1325.308360114513
98.10000000000001,5.555926140863811,20.00133410710972,1325.5866749156928
98.15,5.534827779043498,19.925380004556594,1325.8639437636905
98.2,5.513605048955583,19.8489781762401,1326.1401545843905
98.25,5.491588891262616,19.769720008545416,1326.415284432896
98.3,5.468860580882669,19.687898091177612,1326.6892956696997
98.35000000000001,5.446207478903982,19.606346924054336,1326.9621723711944
98.4,5.423477568820313,19.524519247753126,1327.2339144973876
98.45,5.400803346183382,19.442892046260177,1327.5045215202626
98.5,5.378053239126287,19.360991660854634,1327.7739929348954
98.55000000000001,5.355112250187265,19.278404100674155,1328.0423220721282
98.6,5.331346088273074,19.192845917783067,1328.3094835305897
98.64999999999999,5.308064366594773,19.109031719741182,1328.5754687919614
98.7,5.284882118346552,19.025575626047587,1328.8402924540849
98.75,5.261572024642854,18.941659288714277,1329.1039538076595
98.8,5.238721915074833,18.859398894269397,1329.3664611561526
98.85,5.215050710971351,18.774182559496865,1329.6278054718036
98.9,5.191267871328083,18.688564336781102,1329.8879634363611
98.95,5.166791227822801,18.600448420162085,1330.14691491384
99.0,5.142535978691766,18.51312952329036,1330.4046480940028
99.05,5.11684133967122,18.420628822816393,1330.6611325269619
99.1,5.090862423537836,18.327104724736213,1330.916325121042
99.15,5.064982279374053,18.23393620574659,1331.1702212386149
99.2,5.038459114283031,18.13845281141891,1331.4228072734563
99.25,5.012252335904811,18.04410840925732,1331.674075059711
99.3,4.984664665858279,17.944792797089807,1331.923997984755
99.35000000000001,4.957031170478749,17.845312213723496,1332.1725403806633
99.4,4.9298118049556185,17.747322497840226,1332.4197114550493
99.45,4.901989073608087,17.647160664989116,1332.6655064770134
99.5,4.873685892197698,17.545269211911712,1332.9098983511585
99.55000000000001,4.845097133817842,17.442349681744233,1333.152867926809
99.60000000000001,4.8165212159030695,17.33947637725105,1333.394408385552
99.64999999999999,4.7875805621645435,17.235290023792356,1333.6345109300037
99.7,4.758459636458316,17.130454691249938,1333.8731619349692
99.75,4.72860102511143,17.02296369040115,1334.1103384515084
99.80000000000001,4.698520656458487,16.914674363250555,1334.3460164935477
99.85,4.668708170551301,16.80734941398468,1334.580197214223
99.9,4.638477598104099,16.698519353174756,1334.8128768584395
99.95,4.608194696238016,16.58950090645686,1335.044043665798
100.0,4.577675029394256,16.47963010581932,1335.2736904089388
100.05,4.5474539492493795,16.370834217297766,1335.5018186334048
100.1,4.516963112119697,16.261067203630912,1335.7284290599391
100.15,4.486808353998535,16.152510074394726,1335.953523346592
100.2,4.4570738366435325,16.045465811916717,1336.177120401358
100.25,4.427447001519601,15.938809205470564,1336.3992334223121
100.3,4.396731730786284,15.828234230830622,1336.6198378906197
100.35000000000001,4.366203240649691,15.718331666338887,1336.8389112649056
100.4,4.336328328654166,15.610781983154999,1337.0564745541383
100.45,4.306444002368481,15.503198408526533,1337.2725438624138
100.5,4.275921358990635,15.393316892366286,1337.487102996448
100.55,4.245112968080949,15.282406685091418,1337.7001288546246
100.60000000000001,4.215188944895558,15.174680201624009,1337.911636402449
100.64999999999999,4.185715747918458,15.068576692506449,1338.1216590197694
100.7,4.155763484328863,14.960748543583906,1338.3301960005756
100.75,4.1256472128154975,14.852329966135791,1338.5372312680042
100.80000000000001,4.095605368802904,14.744179327690453,1338.7427625825446
100.85,4.066154301709657,14.638155486154767,1338.9468065743074
100.9,4.036354030872186,14.530874511139869,1339.149369282622
100.95,4.0060811912775165,14.421892288599059,1339.3504301631758
101.0,3.9762023769862243,14.314328557150407,1339.5499872523824
101.05,3.946406193285325,14.207062295827171,1339.7480524666391
101.1,3.916441458393045,14.099189250214962,1339.944623657931
101.15,3.886079891317048,13.989887608741371,1340.139686691674
101.2,3.8561593087148176,13.882173511373344,1340.3332426716747
101.25,3.826029574586096,13.773706468509946,1340.5252973937572
101.3,3.795862996907818,13.665106788868146,1340.7158447080446
101.35000000000001,3.765553985758573,13.555994348730863,1340.9048801326112
101.4,3.7347391076375134,13.445060787495049,1341.0923874599462
101.45,3.704636556400318,13.336691603041146,1341.278371851547
101.5,3.6751145906561375,13.230412526362095,1341.4628656302234
101.55,3.645314994020316,13.123133978473136,1341.6458763698404
101.60000000000001,3.6155311104107097,13.015911997478556,1341.827397522451
101.64999999999999,3.585723557831964,12.90860480819507,1342.0074288891572
101.7,3.5566337639126413,12.803881550085508,1342.1859878222008
101.75,3.526759066872436,12.696332640740769,1342.3630726429703
101.80000000000001,3.4969503128284463,12.589021126182407,1342.5386653774628
101.85,3.4677116589750283,12.483761972310102,1342.712781926758
101.9,3.438051439836076,12.376985183409875,1342.8854260042283
101.95,3.4088416674885065,12.271830002958623,1343.0565983319113
102.0,3.3790447600008533,12.164561136003073,1343.2262954925986
102.05,3.3492748386219566,12.057389419039044,1343.3945034825642
102.1,3.3200721536991673,11.952259753317003,1343.5612371573723
102.15,3.291227669620908,11.84841961063527,1343.7265196529552
102.2,3.261729609218838,11.742226593187818,1343.890343584926
102.25,3.232273773128937,11.636185583264174,1344.0526936694848
102.3,3.203571669302029,11.532858009487304,1344.2135898055456
102.35000000000001,3.174077433572971,11.426678760862696,1344.3730310331175
102.4,3.1450669246773617,11.322240928838502,1344.5310096420737
102.45,3.1153774174866298,11.215358702951868,1344.6875207506278
102.5,3.0862157252962517,11.110376611066506,1344.8425605791974
102.55,3.0563257746059658,11.002772788581478,1344.996124116695
102.60000000000001,3.0274827230439576,10.898937802958248,1345.1482193291363
102.64999999999999,2.9980585021308253,10.793010607670972,1345.2988578597656
102.7,2.968746793972486,10.68748845830095,1345.4480279921681
102.75,2.9392356481653024,10.581248333395088,1345.5957275532216
102.80000000000001,2.909700836504274,10.474923011415386,1345.7419509653384
102.85,2.881167347472676,10.372202450901634,1345.8867226699379
102.89999999999999,2.851807970505822,10.26650869382096,1346.0300470528873
102.95,2.8227957230162777,10.1620646028586,1346.1719121452254
103.0,2.793700846493987,10.057323047378354,1346.3123245594631
103.05,2.7642892810753263,9.951441411871174,1346.4512743126525
103.1,2.7343951222711964,9.843822440176307,1346.5887414227361
103.15,2.704312878340772,9.735526362026778,1346.7247091227514
103.2,2.67481910471373,9.629348776969428,1346.8591874223278
103.25,2.645143258738376,9.522515731458155,1346.9921864814141
103.3,2.6152145045888826,9.414772216519978,1347.1236954254973
103.35,2.5853675444434066,9.307323159996264,1347.253709976723
103.4,2.556097747899552,9.201951892438387,1347.3822466090317
103.45,2.5267387674837267,9.096259562941416,1347.5093175219163
103.5,2.497277372020996,8.990198539275587,1347.634917925404
103.55,2.468473757101802,8.886505525566488,1347.759061703632
103.60000000000001,2.4388976189824376,8.780031428336775,1347.881745988034
103.65,2.4096162022603145,8.674618328137132,1348.0029588335651
103.7,2.3805601438650754,8.570016517914272,1348.1227132422182
103.75,2.351219256690264,8.464389324084951,1348.241007727232
103.80000000000001,2.3217094940738363,8.358154178665812,1348.357830946001
103.85000000000001,2.2920104059246897,8.251237461328884,1348.473173943501
103.89999999999999,2.2628194306150817,8.146149950214294,1348.5870446894146
103.95,2.2326704908256048,8.037613766972177,1348.6994319374505
104.0,2.2031924756561567,7.931492912362164,1348.8103285116126
104.05000000000001,2.173625235726498,7.825050848615392,1348.9197489543972
104.1,2.144758814263623,7.721131731349043,1349.027708555647
104.15,2.11558592103189,7.616109315714804,1349.1342171740293
104.2,2.086499874682041,7.511399548855348,1349.2392693189222
104.25,2.0570562710555813,7.4054025758000925,1349.3428582225656
104.3,2.02817622472243,7.301434409000749,1349.4449890349601
104.35,1.9994855344259235,7.198147923933325,1349.5456805789388
104.4,1.9693530624725568,7.089671024901205,1349.6449015438614
104.45,1.9398853375102365,6.983587215036851,1349.742632503861
104.5,1.9107751696947222,6.8787906109009995,1349.838899016541
104.55,1.8814202620072331,6.77311294322604,1349.9337039023337
104.60000000000001,1.8522873821372052,6.668234575693939,1350.0270465934373
104.65,1.8236259981948337,6.565053593501402,1350.1189444279455
104.7,1.794292495176602,6.459452982635767,1350.2093923902798
104.75,1.7651878542829333,6.35467627541856,1350.2983793990163
104.8,1.7365060336192641,6.2514217210293515,1350.3859217462139
104.85000000000001,1.708791609249155,6.151649793296959,1350.4720541872855
104.89999999999999,1.6809195585062415,6.051310410622469,1350.5567969664794
104.95,1.6524494428721181,5.948817994339626,1350.6401311915138
105.0,1.6242374493766876,5.847254817756076,1350.72204836382
105.05000000000001,1.5961935853396454,5.746296907222724,1350.802559139688
105.1,1.5671455515536126,5.641723985593005,1350.8816426181102
105.15,1.5389287772493678,5.540143598097725,1350.9592944763303
105.2,1.5102780354125978,5.437000927485352,1351.035524646647
105.25,1.481495532584586,5.33338391730451,1351.110318985847
105.3,1.453739007086244,5.233460425510478,1351.1836998493388
105.35,1.425248178767653,5.130893443563551,1351.255674528985
105.4,1.3964078123298926,5.027068124387614,1351.3262159287626
105.45,1.3677752475874798,4.9239908913149275,1351.3953205052605
105.5,1.3399056548119228,4.823660357322923,1351.4630125278206
105.55,1.311605500169743,4.721779800611075,1351.5293003066952
105.60000000000001,1.2832244937703263,4.619608177573175,1351.5941710565437
105.65,1.2546326800653946,4.5166776482354205,1351.6576174858897
105.7,1.226000392713996,4.413601413770386,1351.7196333127092
105.75,1.1979757915812466,4.312712849692487,1351.7802327173165
105.8,1.1693164920305,4.2095393713098,1351.839415024407
105.85000000000001,1.1411428862322646,4.108114390436152,1351.8971765088634
105.89999999999999,1.112770122772277,4.005972441980197,1351.9535243340886
105.95,1.085090727811898,3.9063266201228326,1352.0084708553532
106.0,1.056863652137387,3.804709147694594,1352.0620197148519
106.05000000000001,1.0282632951267152,3.701747862456175,1352.1141478885336
106.1,0.9999358846431976,3.5997691847155115,1352.1648528680278
106.15,0.9715004126415028,3.49740148550941,1352.2141387754598
106.2,0.9433644279184089,3.3961119405062723,1352.262010396474
106.25,0.9148314706935422,3.293393294496752,1352.3084652939392
106.3,0.8865147421654349,3.1914530717955656,1352.3534989492607
106.35,0.8582239267867385,3.0896061364322587,1352.3971174159844
106.4,0.8297109719591944,2.9869594990531,1352.439315788453
106.45,0.8009595148580775,2.883454253489079,1352.4800825506236
106.5,0.7726614701788984,2.7815812926440344,1352.5194230752495
106.55,0.744864137827382,2.681510896178575,1352.5573612154496
106.60000000000001,0.7168953593970754,2.5808232938294715,1352.5939052028803
106.65,0.6892172548176367,2.4811821173434923,1352.6290580182356
106.7,0.6619195344458071,2.3829103240049054,1352.6628364379671
106.75,0.6353623116573286,2.287304321966383,1352.6952684841197
106.8,0.6089571336723512,2.1922456812204643,1352.726376470253
106.85000000000001,0.5821922649532503,2.0958921538317012,1352.7561552052186
106.89999999999999,0.5560982811341735,2.0019538120830247,1352.7846124688708
106.95,0.5314837655980857,1.9133415561531086,1352.811802020039
107.0,0.5071449839989013,1.8257219423960447,1352.837767738779
107.05000000000001,0.48291517384349464,1.7384946258365808,1352.862519242725
107.1,0.4598402781243438,1.6554250012476377,1352.8860881290243
107.14999999999999,0.4373585412267903,1.5744907484164452,1352.908518099508
107.2,0.4158590629140069,1.497092626490425,1352.9298485396116
107.25,0.39476363829718725,1.4211490978698742,1352.9501141071419
107.3,0.374416459650147,1.3478992547405293,1352.9693436095906
107.35,0.35566436266754065,1.2803917056031464,1352.9875956301485
107.4,0.3421773446916061,1.231838440889782,1353.0050416728325
107.45,0.3290077789889967,1.184428004360388,1353.0218213009246
107.5,0.31434501817213584,1.131642065419689,1353.0379051208536
107.55,0.29985515182933953,1.0794785465856223,1353.0532601251036
107.60000000000001,0.2853787628556429,1.0273635462803146,1353.0678909729709
107.65,0.270756434146073,0.9747231629258627,1353.081794352896
107.7,0.25582874859565713,0.9209834949443657,1353.0949589824645
107.75,0.24043628909942272,0.8655706407579218,1353.1073656084068
107.8,0.224419638552397,0.8079106987886292,1353.118987006598
107.85000000000001,0.20761937984960716,0.7474297674585858,1353.1297879820581
107.9,0.18987609588608056,0.6835539451898901,1353.1397253689515
107.95,0.17103036955684447,0.6157093304046402,1353.1487480305875
108.0,0.15092278375692625,0.5433220215249345,1353.1567968594204
108.05000000000001,0.12939392138135297,0.46581811697287073,1353.1638047770489
108.10000000000001,0.10628436532515217,0.38262371517054783,1353.1696967342166
108.14999999999999,0.08143469848335105,0.2931649145400638,1353.1743897108117
108.2,0.0,0.0,1353.176425578274
