t_local,v(m/s),s_local(m),t_global,station_pair
0.0,0.0,0.0,137.0,张家潭-同德路
0.05,0.027500000000000004,0.0013750000000000004,137.05,张家潭-同德路
0.1,0.05500000000000001,0.004125000000000001,137.1,张家潭-同德路
0.15000000000000002,0.08250000000000002,0.008250000000000002,137.15,张家潭-同德路
0.2,0.11000000000000001,0.013750000000000004,137.2,张家潭-同德路
0.25,0.1375,0.020625000000000004,137.25,张家潭-同德路
0.30000000000000004,0.16500000000000004,0.028875000000000005,137.3,张家潭-同德路
0.35000000000000003,0.19250000000000003,0.038500000000000006,137.35,张家潭-同德路
0.4,0.22000000000000003,0.04950000000000001,137.4,张家潭-同德路
0.45,0.24750000000000003,0.06187500000000001,137.45,张家潭-同德路
0.5,0.275,0.07562500000000001,137.5,张家潭-同德路
0.55,0.30250000000000005,0.09075000000000001,137.55,张家潭-同德路
0.6000000000000001,0.33000000000000007,0.10725000000000001,137.6,张家潭-同德路
0.65,0.35750000000000004,0.12512500000000001,137.65,张家潭-同德路
0.7000000000000001,0.38500000000000006,0.14437500000000003,137.7,张家潭-同德路
0.75,0.41250000000000003,0.16500000000000004,137.75,张家潭-同德路
0.8,0.44000000000000006,0.18700000000000006,137.8,张家潭-同德路
0.8500000000000001,0.4675000000000001,0.21037500000000006,137.85,张家潭-同德路
0.9,0.49500000000000005,0.23512500000000006,137.9,张家潭-同德路
0.9500000000000001,0.5225000000000001,0.26125000000000004,137.95,张家潭-同德路
1.0,0.55,0.28875000000000006,138.0,张家潭-同德路
1.05,0.5775000000000001,0.31762500000000005,138.05,张家潭-同德路
1.1,0.6050000000000001,0.34787500000000005,138.1,张家潭-同德路
1.1500000000000001,0.6325000000000002,0.37950000000000006,138.15,张家潭-同德路
1.2000000000000002,0.6600000000000001,0.4125000000000001,138.2,张家潭-同德路
1.25,0.6875,0.4468750000000001,138.25,张家潭-同德路
1.3,0.7150000000000001,0.4826250000000001,138.3,张家潭-同德路
1.35,0.7425000000000002,0.51975,138.35,张家潭-同德路
1.4000000000000001,0.7700000000000001,0.55825,138.4,张家潭-同德路
1.4500000000000002,0.7975000000000002,0.598125,138.45,张家潭-同德路
1.5,0.8250000000000001,0.639375,138.5,张家潭-同德路
1.55,0.8525000000000001,0.682,138.55,张家潭-同德路
1.6,0.8800000000000001,0.7260000000000001,138.6,张家潭-同德路
1.6500000000000001,0.9075000000000002,0.7713750000000001,138.65,张家潭-同德路
1.7000000000000002,0.9350000000000002,0.8181250000000002,138.7,张家潭-同德路
1.75,0.9625000000000001,0.8662500000000002,138.75,张家潭-同德路
1.8,0.9900000000000001,0.9157500000000002,138.8,张家潭-同德路
1.85,1.0175,0.9666250000000002,138.85,张家潭-同德路
1.9000000000000001,1.0450000000000002,1.0188750000000002,138.9,张家潭-同德路
1.9500000000000002,1.0725000000000002,1.0725000000000002,138.95,张家潭-同德路
2.0,1.1,1.1275000000000002,139.0,张家潭-同德路
2.0500000000000003,1.1275000000000002,1.1838750000000002,139.05,张家潭-同德路
2.1,1.1550000000000002,1.2416250000000002,139.1,张家潭-同德路
2.15,1.1825,1.3007500000000003,139.15,张家潭-同德路
2.2,1.2100000000000002,1.3612500000000003,139.2,张家潭-同德路
2.25,1.2375,1.4231250000000002,139.25,张家潭-同德路
2.3000000000000003,1.2650000000000003,1.4863750000000002,139.3,张家潭-同德路
2.35,1.2925000000000002,1.5510000000000002,139.35,张家潭-同德路
2.4000000000000004,1.3200000000000003,1.6170000000000002,139.4,张家潭-同德路
2.45,1.3475000000000001,1.6843750000000002,139.45,张家潭-同德路
2.5,1.375,1.7531250000000003,139.5,张家潭-同德路
2.5500000000000003,1.4025000000000003,1.8232500000000003,139.55,张家潭-同德路
2.6,1.4300000000000002,1.8947500000000002,139.6,张家潭-同德路
2.6500000000000004,1.4575000000000002,1.9676250000000002,139.65,张家潭-同德路
2.7,1.4850000000000003,2.041875,139.7,张家潭-同德路
2.75,1.5125000000000002,2.1175,139.75,张家潭-同德路
2.8000000000000003,1.5400000000000003,2.1945,139.8,张家潭-同德路
2.85,1.5675000000000001,2.272875,139.85,张家潭-同德路
2.9000000000000004,1.5950000000000004,2.352625,139.9,张家潭-同德路
2.95,1.6225000000000003,2.4337500000000003,139.95,张家潭-同德路
3.0,1.6500000000000001,2.5162500000000003,140.0,张家潭-同德路
3.0500000000000003,1.6775000000000002,2.6001250000000002,140.05,张家潭-同德路
3.1,1.7050000000000003,2.685375,140.1,张家潭-同德路
3.1500000000000004,1.7325000000000004,2.7720000000000002,140.15,张家潭-同德路
3.2,1.7600000000000002,2.8600000000000003,140.2,张家潭-同德路
3.25,1.7875,2.9493750000000003,140.25,张家潭-同德路
3.3000000000000003,1.8150000000000004,3.040125,140.3,张家潭-同德路
3.35,1.8425000000000002,3.13225,140.35,张家潭-同德路
3.4000000000000004,1.8700000000000003,3.22575,140.4,张家潭-同德路
3.45,1.8975000000000002,3.320625,140.45,张家潭-同德路
3.5,1.9250000000000003,3.416875,140.5,张家潭-同德路
3.5500000000000003,1.9525000000000003,3.5145,140.55,张家潭-同德路
3.6,1.9800000000000002,3.6135,140.6,张家潭-同德路
3.6500000000000004,2.0075000000000003,3.7138750000000003,140.65,张家潭-同德路
3.7,2.035,3.8156250000000003,140.7,张家潭-同德路
3.75,2.0625,3.91875,140.75,张家潭-同德路
3.8000000000000003,2.0900000000000003,4.02325,140.8,张家潭-同德路
3.85,2.1175,4.129125,140.85,张家潭-同德路
3.9000000000000004,2.1450000000000005,4.236375,140.9,张家潭-同德路
3.95,2.1725000000000003,4.345,140.95,张家潭-同德路
4.0,2.2,4.455,141.0,张家潭-同德路
4.05,2.2275,4.566375,141.05,张家潭-同德路
4.1000000000000005,2.2550000000000003,4.679125,141.1,张家潭-同德路
4.15,2.2825,4.79325,141.15,张家潭-同德路
4.2,2.3100000000000005,4.9087499999999995,141.2,张家潭-同德路
4.25,2.3375000000000004,5.025625,141.25,张家潭-同德路
4.3,2.365,5.1438749999999995,141.3,张家潭-同德路
4.3500000000000005,2.3925000000000005,5.2635,141.35,张家潭-同德路
4.4,2.4200000000000004,5.3845,141.4,张家潭-同德路
4.45,2.4475000000000002,5.506875,141.45,张家潭-同德路
4.5,2.475,5.630625,141.5,张家潭-同德路
4.55,2.5025,5.75575,141.55,张家潭-同德路
4.6000000000000005,2.5300000000000007,5.88225,141.6,张家潭-同德路
4.65,2.5575000000000006,6.010125,141.65,张家潭-同德路
4.7,2.5850000000000004,6.139375,141.7,张家潭-同德路
4.75,2.6125000000000003,6.2700000000000005,141.75,张家潭-同德路
4.800000000000001,2.6400000000000006,6.402,141.8,张家潭-同德路
4.8500000000000005,2.6675000000000004,6.535375,141.85,张家潭-同德路
4.9,2.6950000000000003,6.6701250000000005,141.9,张家潭-同德路
4.95,2.7225,6.80625,141.95,张家潭-同德路
5.0,2.75,6.9437500000000005,142.0,张家潭-同德路
5.050000000000001,2.7775000000000007,7.082625,142.05,张家潭-同德路
5.1000000000000005,2.8050000000000006,7.222875,142.1,张家潭-同德路
5.15,2.8325000000000005,7.3645000000000005,142.15,张家潭-同德路
5.2,2.8600000000000003,7.5075,142.2,张家潭-同德路
5.25,2.8875,7.651875,142.25,张家潭-同德路
5.300000000000001,2.9150000000000005,7.797625,142.3,张家潭-同德路
5.3500000000000005,2.9425000000000003,7.94475,142.35,张家潭-同德路
5.4,2.9700000000000006,8.09325,142.4,张家潭-同德路
5.45,2.9975000000000005,8.243125,142.45,张家潭-同德路
5.5,3.0250000000000004,8.394374999999998,142.5,张家潭-同德路
5.550000000000001,3.0525000000000007,8.546999999999999,142.55,张家潭-同德路
5.6000000000000005,3.0800000000000005,8.700999999999999,142.6,张家潭-同德路
5.65,3.1075000000000004,8.856374999999998,142.65,张家潭-同德路
5.7,3.1350000000000002,9.013124999999999,142.7,张家潭-同德路
5.75,3.1625,9.171249999999999,142.75,张家潭-同德路
5.800000000000001,3.190000000000001,9.330749999999998,142.8,张家潭-同德路
5.8500000000000005,3.2175000000000007,9.491624999999999,142.85,张家潭-同德路
5.9,3.2450000000000006,9.653875,142.9,张家潭-同德路
5.95,3.2725000000000004,9.817499999999999,142.95,张家潭-同德路
6.0,3.3000000000000003,9.982499999999998,143.0,张家潭-同德路
6.050000000000001,3.3275000000000006,10.148874999999999,143.05,张家潭-同德路
6.1000000000000005,3.3550000000000004,10.316624999999998,143.1,张家潭-同德路
6.15,3.3825000000000003,10.485749999999998,143.15,张家潭-同德路
6.2,3.4100000000000006,10.656249999999998,143.2,张家潭-同德路
6.25,3.4375000000000004,10.828124999999998,143.25,张家潭-同德路
6.300000000000001,3.4650000000000007,11.001374999999998,143.3,张家潭-同德路
6.3500000000000005,3.4925000000000006,11.175999999999998,143.35,张家潭-同德路
6.4,3.5200000000000005,11.351999999999999,143.4,张家潭-同德路
6.45,3.5475000000000003,11.529374999999998,143.45,张家潭-同德路
6.5,3.575,11.708124999999999,143.5,张家潭-同德路
6.550000000000001,3.6025000000000005,11.88825,143.55,张家潭-同德路
6.6000000000000005,3.630000000000001,12.069749999999999,143.6,张家潭-同德路
6.65,3.6575000000000006,12.252624999999998,143.65,张家潭-同德路
6.7,3.6850000000000005,12.436874999999999,143.7,张家潭-同德路
6.75,3.7125000000000004,12.622499999999999,143.75,张家潭-同德路
6.800000000000001,3.7400000000000007,12.809499999999998,143.8,张家潭-同德路
6.8500000000000005,3.7675000000000005,12.997874999999999,143.85,张家潭-同德路
6.9,3.7950000000000004,13.187624999999999,143.9,张家潭-同德路
6.95,3.8225000000000002,13.378749999999998,143.95,张家潭-同德路
7.0,3.8500000000000005,13.57125,144.0,张家潭-同德路
7.050000000000001,3.877500000000001,13.765125,144.05,张家潭-同德路
7.1000000000000005,3.9050000000000007,13.960374999999999,144.1,张家潭-同德路
7.15,3.9325000000000006,14.157,144.15,张家潭-同德路
7.2,3.9600000000000004,14.355,144.2,张家潭-同德路
7.25,3.9875000000000003,14.554375,144.25,张家潭-同德路
7.300000000000001,4.015000000000001,14.755125,144.3,张家潭-同德路
7.3500000000000005,4.0425,14.95725,144.35,张家潭-同德路
7.4,4.07,15.16075,144.4,张家潭-同德路
7.45,4.0975,15.365625,144.45,张家潭-同德路
7.5,4.125,15.571875,144.5,张家潭-同德路
7.550000000000001,4.152500000000001,15.7795,144.55,张家潭-同德路
7.6000000000000005,4.180000000000001,15.9885,144.6,张家潭-同德路
7.65,4.2075000000000005,16.198875,144.65,张家潭-同德路
7.7,4.235,16.410625,144.7,张家潭-同德路
7.75,4.2625,16.62375,144.75,张家潭-同德路
7.800000000000001,4.290000000000001,16.838250000000002,144.8,张家潭-同德路
7.8500000000000005,4.317500000000001,17.054125000000003,144.85,张家潭-同德路
7.9,4.345000000000001,17.271375000000003,144.9,张家潭-同德路
7.95,4.3725000000000005,17.490000000000002,144.95,张家潭-同德路
8.0,4.4,17.71,145.0,张家潭-同德路
8.05,4.427500000000001,17.931375,145.05,张家潭-同德路
8.1,4.455,18.154125,145.1,张家潭-同德路
8.15,4.482500000000001,18.37825,145.15,张家潭-同德路
8.200000000000001,4.510000000000001,18.60375,145.2,张家潭-同德路
8.25,4.5375000000000005,18.830625,145.25,张家潭-同德路
8.3,4.565,19.058875,145.3,张家潭-同德路
8.35,4.5925,19.2885,145.35,张家潭-同德路
8.4,4.620000000000001,19.5195,145.4,张家潭-同德路
8.450000000000001,4.647500000000001,19.751875000000002,145.45,张家潭-同德路
8.5,4.675000000000001,19.985625000000002,145.5,张家潭-同德路
8.55,4.702500000000001,20.220750000000002,145.55,张家潭-同德路
8.6,4.73,20.457250000000002,145.6,张家潭-同德路
8.65,4.7575,20.695125,145.65,张家潭-同德路
8.700000000000001,4.785000000000001,20.934375,145.7,张家潭-同德路
8.75,4.8125,21.175,145.75,张家潭-同德路
8.8,4.840000000000001,21.417,145.8,张家潭-同德路
8.85,4.867500000000001,21.660375000000002,145.85,张家潭-同德路
8.9,4.8950000000000005,21.905125,145.9,张家潭-同德路
8.950000000000001,4.922500000000001,22.15125,145.95,张家潭-同德路
9.0,4.95,22.39875,146.0,张家潭-同德路
9.05,4.977500000000001,22.647625,146.05,张家潭-同德路
9.1,5.005,22.897875000000003,146.1,张家潭-同德路
9.15,5.032500000000001,23.149500000000003,146.15,张家潭-同德路
9.200000000000001,5.060000000000001,23.402500000000003,146.2,张家潭-同德路
9.25,5.0875,23.656875000000003,146.25,张家潭-同德路
9.3,5.115000000000001,23.912625000000002,146.3,张家潭-同德路
9.35,5.1425,24.16975,146.35,张家潭-同德路
9.4,5.170000000000001,24.428250000000002,146.4,张家潭-同德路
9.450000000000001,5.197500000000001,24.688125000000003,146.45,张家潭-同德路
9.5,5.2250000000000005,24.949375000000003,146.5,张家潭-同德路
9.55,5.2525,25.212000000000003,146.55,张家潭-同德路
9.600000000000001,5.280000000000001,25.476000000000003,146.6,张家潭-同德路
9.65,5.307500000000001,25.741375,146.65,张家潭-同德路
9.700000000000001,5.335000000000001,26.008125,146.7,张家潭-同德路
9.75,5.362500000000001,26.27625,146.75,张家潭-同德路
9.8,5.390000000000001,26.54575,146.8,张家潭-同德路
9.850000000000001,5.417500000000001,26.816625000000002,146.85,张家潭-同德路
9.9,5.445,27.088875,146.9,张家潭-同德路
9.950000000000001,5.472500000000001,27.3625,146.95,张家潭-同德路
10.0,5.5,27.6375,147.0,张家潭-同德路
10.05,5.527500000000001,27.913875,147.05,张家潭-同德路
10.100000000000001,5.5550000000000015,28.191625000000002,147.1,张家潭-同德路
10.15,5.5825000000000005,28.470750000000002,147.15,张家潭-同德路
10.200000000000001,5.610000000000001,28.751250000000002,147.2,张家潭-同德路
10.25,5.6375,29.033125000000002,147.25,张家潭-同德路
10.3,5.665000000000001,29.316375,147.3,张家潭-同德路
10.350000000000001,5.692500000000002,29.601,147.35,张家潭-同德路
10.4,5.720000000000001,29.887,147.4,张家潭-同德路
10.450000000000001,5.747500000000001,30.174375,147.45,张家潭-同德路
10.5,5.775,30.463125,147.5,张家潭-同德路
10.55,5.802500000000001,30.75325,147.55,张家潭-同德路
10.600000000000001,5.830000000000001,31.04475,147.6,张家潭-同德路
10.65,5.857500000000001,31.337625,147.65,张家潭-同德路
10.700000000000001,5.885000000000001,31.631875,147.7,张家潭-同德路
10.75,5.9125000000000005,31.927500000000002,147.75,张家潭-同德路
10.8,5.940000000000001,32.2245,147.8,张家潭-同德路
10.850000000000001,5.967500000000001,32.522875,147.85,张家潭-同德路
10.9,5.995000000000001,32.822625,147.9,张家潭-同德路
10.950000000000001,6.022500000000001,33.12375,147.95,张家潭-同德路
11.0,6.050000000000001,33.42625,148.0,张家潭-同德路
11.05,6.077500000000001,33.730125,148.05,张家潭-同德路
11.100000000000001,6.105000000000001,34.035375,148.1,张家潭-同德路
11.15,6.1325,34.342,148.15,张家潭-同德路
11.200000000000001,6.160000000000001,34.65,148.2,张家潭-同德路
11.25,6.187500000000001,34.959375,148.25,张家潭-同德路
11.3,6.215000000000001,35.270125,148.3,张家潭-同德路
11.350000000000001,6.2425000000000015,35.58225,148.35,张家潭-同德路
11.4,6.2700000000000005,35.89575,148.4,张家潭-同德路
11.450000000000001,6.297500000000001,36.210625,148.45,张家潭-同德路
11.5,6.325,36.526875,148.5,张家潭-同德路
11.55,6.352500000000001,36.8445,148.55,张家潭-同德路
11.600000000000001,6.380000000000002,37.1635,148.6,张家潭-同德路
11.65,6.407500000000001,37.483875,148.65,张家潭-同德路
11.700000000000001,6.435000000000001,37.805625,148.7,张家潭-同德路
11.75,6.4625,38.12875,148.75,张家潭-同德路
11.8,6.490000000000001,38.45325,148.8,张家潭-同德路
11.850000000000001,6.517500000000001,38.779125,148.85,张家潭-同德路
11.9,6.545000000000001,39.106375,148.9,张家潭-同德路
11.950000000000001,6.572500000000001,39.435,148.95,张家潭-同德路
12.0,6.6000000000000005,39.765,149.0,张家潭-同德路
12.05,6.627500000000001,40.096375,149.05,张家潭-同德路
12.100000000000001,6.655000000000001,40.429125,149.1,张家潭-同德路
12.15,6.682500000000001,40.76325,149.15,张家潭-同德路
12.200000000000001,6.710000000000001,41.09875,149.2,张家潭-同德路
12.25,6.737500000000001,41.435625,149.25,张家潭-同德路
12.3,6.765000000000001,41.773875000000004,149.3,张家潭-同德路
12.350000000000001,6.792500000000001,42.1135,149.35,张家潭-同德路
12.4,6.820000000000001,42.4545,149.4,张家潭-同德路
12.450000000000001,6.847500000000001,42.796875,149.45,张家潭-同德路
12.5,6.875000000000001,43.140625,149.5,张家潭-同德路
12.55,6.902500000000001,43.48575,149.55,张家潭-同德路
12.600000000000001,6.9300000000000015,43.83225,149.6,张家潭-同德路
12.65,6.9575000000000005,44.180125000000004,149.65,张家潭-同德路
12.700000000000001,6.985000000000001,44.529375,149.7,张家潭-同德路
12.75,7.0125,44.88,149.75,张家潭-同德路
12.8,7.040000000000001,45.232,149.8,张家潭-同德路
12.850000000000001,7.067500000000002,45.585375,149.85,张家潭-同德路
12.9,7.095000000000001,45.940125,149.9,张家潭-同德路
12.950000000000001,7.122500000000001,46.29625,149.95,张家潭-同德路
13.0,7.15,46.65375,150.0,张家潭-同德路
13.05,7.177500000000001,47.012625,150.05,张家潭-同德路
13.100000000000001,7.205000000000001,47.372875,150.1,张家潭-同德路
13.15,7.232500000000001,47.7345,150.15,张家潭-同德路
13.200000000000001,7.260000000000002,48.0975,150.2,张家潭-同德路
13.25,7.2875000000000005,48.461875,150.25,张家潭-同德路
13.3,7.315000000000001,48.827625,150.3,张家潭-同德路
13.350000000000001,7.342500000000001,49.19475,150.35,张家潭-同德路
13.4,7.370000000000001,49.56325,150.4,张家潭-同德路
13.450000000000001,7.397500000000001,49.933125,150.45,张家潭-同德路
13.5,7.425000000000001,50.304375,150.5,张家潭-同德路
13.55,7.452500000000001,50.677,150.55,张家潭-同德路
13.600000000000001,7.480000000000001,51.051,150.6,张家潭-同德路
13.65,7.507500000000001,51.426375,150.65,张家潭-同德路
13.700000000000001,7.535000000000001,51.803125,150.7,张家潭-同德路
13.75,7.562500000000001,52.18125,150.75,张家潭-同德路
13.8,7.590000000000001,52.56075,150.8,张家潭-同德路
13.850000000000001,7.6175000000000015,52.941625,150.85,张家潭-同德路
13.9,7.6450000000000005,53.323875,150.9,张家潭-同德路
13.950000000000001,7.672500000000001,53.7075,150.95,张家潭-同德路
14.0,7.700000000000001,54.0925,151.0,张家潭-同德路
14.05,7.727500000000001,54.478875,151.05,张家潭-同德路
14.100000000000001,7.755000000000002,54.866625,151.1,张家潭-同德路
14.15,7.782500000000001,55.25575,151.15,张家潭-同德路
14.200000000000001,7.810000000000001,55.64625,151.2,张家潭-同德路
14.25,7.8375,56.038125,151.25,张家潭-同德路
14.3,7.865000000000001,56.431375,151.3,张家潭-同德路
14.350000000000001,7.892500000000002,56.826,151.35,张家潭-同德路
14.4,7.920000000000001,57.222,151.4,张家潭-同德路
14.450000000000001,7.947500000000002,57.619375,151.45,张家潭-同德路
14.5,7.9750000000000005,58.018125,151.5,张家潭-同德路
14.55,8.002500000000001,58.41825,151.55,张家潭-同德路
14.600000000000001,8.030000000000001,58.81975,151.6,张家潭-同德路
14.65,8.057500000000001,59.222625,151.65,张家潭-同德路
14.700000000000001,8.085,59.626875,151.7,张家潭-同德路
14.75,8.1125,60.0325,151.75,张家潭-同德路
14.8,8.14,60.439499999999995,151.8,张家潭-同德路
14.850000000000001,8.167500000000002,60.847874999999995,151.85,张家潭-同德路
14.9,8.195,61.257625,151.9,张家潭-同德路
14.950000000000001,8.222500000000002,61.668749999999996,151.95,张家潭-同德路
15.0,8.25,62.08125,152.0,张家潭-同德路
15.05,8.277500000000002,62.495124999999994,152.05,张家潭-同德路
15.100000000000001,8.305000000000001,62.910374999999995,152.1,张家潭-同德路
15.15,8.332500000000001,63.327,152.15,张家潭-同德路
15.200000000000001,8.360000000000001,63.745,152.2,张家潭-同德路
15.25,8.387500000000001,64.16437499999999,152.25,张家潭-同德路
15.3,8.415000000000001,64.58512499999999,152.3,张家潭-同德路
15.350000000000001,8.4425,65.00724999999998,152.35,张家潭-同德路
15.4,8.47,65.43074999999999,152.4,张家潭-同德路
15.450000000000001,8.4975,65.85562499999999,152.45,张家潭-同德路
15.5,8.525,66.28187499999999,152.5,张家潭-同德路
15.55,8.5525,66.70949999999999,152.55,张家潭-同德路
15.600000000000001,8.580000000000002,67.1385,152.6,张家潭-同德路
15.65,8.607500000000002,67.56887499999999,152.65,张家潭-同德路
15.700000000000001,8.635000000000002,68.00062499999999,152.7,张家潭-同德路
15.75,8.662500000000001,68.43374999999999,152.75,张家潭-同德路
15.8,8.690000000000001,68.86824999999999,152.8,张家潭-同德路
15.850000000000001,8.717500000000001,69.30412499999998,152.85,张家潭-同德路
15.9,8.745000000000001,69.74137499999999,152.9,张家潭-同德路
15.950000000000001,8.7725,70.17999999999999,152.95,张家潭-同德路
16.0,8.8,70.61999999999999,153.0,张家潭-同德路
16.05,8.8275,71.06137499999998,153.05,张家潭-同德路
16.1,8.855000000000002,71.50412499999999,153.1,张家潭-同德路
16.150000000000002,8.882500000000002,71.94824999999999,153.15,张家潭-同德路
16.2,8.91,72.39374999999998,153.2,张家潭-同德路
16.25,8.9375,72.84062499999999,153.25,张家潭-同德路
16.3,8.965000000000002,73.28887499999999,153.3,张家潭-同德路
16.35,8.992500000000001,73.73849999999999,153.35,张家潭-同德路
16.400000000000002,9.020000000000001,74.18949999999998,153.4,张家潭-同德路
16.45,9.047500000000001,74.64187499999998,153.45,张家潭-同德路
16.5,9.075000000000001,75.09562499999998,153.5,张家潭-同德路
16.55,9.102500000000001,75.55074999999998,153.55,张家潭-同德路
16.6,9.13,76.00724999999998,153.6,张家潭-同德路
16.650000000000002,9.157500000000002,76.46512499999999,153.65,张家潭-同德路
16.7,9.185,76.92437499999998,153.7,张家潭-同德路
16.75,9.2125,77.38499999999998,153.75,张家潭-同德路
16.8,9.240000000000002,77.84699999999998,153.8,张家潭-同德路
16.85,9.267500000000002,78.31037499999998,153.85,张家潭-同德路
16.900000000000002,9.295000000000002,78.77512499999997,153.9,张家潭-同德路
16.95,9.3225,79.24124999999998,153.95,张家潭-同德路
17.0,9.350000000000001,79.70874999999998,154.0,张家潭-同德路
17.05,9.377500000000001,80.17762499999998,154.05,张家潭-同德路
17.1,9.405000000000001,80.64787499999997,154.1,张家潭-同德路
17.150000000000002,9.432500000000003,81.11949999999997,154.15,张家潭-同德路
17.2,9.46,81.59249999999997,154.2,张家潭-同德路
17.25,9.4875,82.06687499999997,154.25,张家潭-同德路
17.3,9.515,82.54262499999997,154.3,张家潭-同德路
17.35,9.542500000000002,83.01974999999997,154.35,张家潭-同德路
17.400000000000002,9.570000000000002,83.49824999999997,154.4,张家潭-同德路
17.45,9.5975,83.97812499999998,154.45,张家潭-同德路
17.5,9.625,84.45937499999998,154.5,张家潭-同德路
17.55,9.652500000000002,84.94199999999998,154.55,张家潭-同德路
17.6,9.680000000000001,85.42599999999997,154.6,张家潭-同德路
17.650000000000002,9.707500000000001,85.91137499999998,154.65,张家潭-同德路
17.7,9.735000000000001,86.39812499999998,154.7,张家潭-同德路
17.75,9.762500000000001,86.88624999999998,154.75,张家潭-同德路
17.8,9.790000000000001,87.37574999999998,154.8,张家潭-同德路
17.85,9.8175,87.86662499999998,154.85,张家潭-同德路
17.900000000000002,9.845000000000002,88.35887499999998,154.9,张家潭-同德路
17.95,9.8725,88.85249999999998,154.95,张家潭-同德路
18.0,9.9,89.34749999999998,155.0,张家潭-同德路
18.05,9.927500000000002,89.84387499999998,155.05,张家潭-同德路
18.1,9.955000000000002,90.34162499999998,155.1,张家潭-同德路
18.150000000000002,9.982500000000002,90.84074999999999,155.15,张家潭-同德路
18.2,10.01,91.34124999999999,155.2,张家潭-同德路
18.25,10.037500000000001,91.84312499999999,155.25,张家潭-同德路
18.3,10.065000000000001,92.34637499999998,155.3,张家潭-同德路
18.35,10.092500000000001,92.85099999999998,155.35,张家潭-同德路
18.400000000000002,10.120000000000003,93.35699999999999,155.4,张家潭-同德路
18.45,10.1475,93.86437499999998,155.45,张家潭-同德路
18.5,10.175,94.37312499999999,155.5,张家潭-同德路
18.55,10.2025,94.88324999999999,155.55,张家潭-同德路
18.6,10.230000000000002,95.39474999999999,155.6,张家潭-同德路
18.650000000000002,10.257500000000002,95.90762499999998,155.65,张家潭-同德路
18.7,10.285,96.42187499999999,155.7,张家潭-同德路
18.75,10.3125,96.93749999999999,155.75,张家潭-同德路
18.8,10.340000000000002,97.45449999999998,155.8,张家潭-同德路
18.85,10.367500000000001,97.97287499999999,155.85,张家潭-同德路
18.900000000000002,10.395000000000001,98.49262499999999,155.9,张家潭-同德路
18.95,10.422500000000001,99.01374999999999,155.95,张家潭-同德路
19.0,10.450000000000001,99.53624999999998,156.0,张家潭-同德路
19.05,10.477500000000001,100.06012499999999,156.05,张家潭-同德路
19.1,10.505,100.58537499999998,156.1,张家潭-同德路
19.150000000000002,10.532500000000002,101.11199999999998,156.15,张家潭-同德路
19.200000000000003,10.560000000000002,101.63999999999999,156.2,张家潭-同德路
19.25,10.5875,102.16937499999999,156.25,张家潭-同德路
19.3,10.615000000000002,102.70012499999999,156.3,张家潭-同德路
19.35,10.642500000000002,103.23224999999998,156.35,张家潭-同德路
19.400000000000002,10.670000000000002,103.76574999999998,156.4,张家潭-同德路
19.450000000000003,10.697500000000002,104.30062499999998,156.45,张家潭-同德路
19.5,10.725000000000001,104.83687499999998,156.5,张家潭-同德路
19.55,10.752500000000001,105.37449999999998,156.55,张家潭-同德路
19.6,10.780000000000001,105.91349999999998,156.6,张家潭-同德路
19.650000000000002,10.807500000000003,106.45387499999998,156.65,张家潭-同德路
19.700000000000003,10.835000000000003,106.99562499999998,156.7,张家潭-同德路
19.75,10.8625,107.53874999999998,156.75,张家潭-同德路
19.8,10.89,108.08324999999998,156.8,张家潭-同德路
19.85,10.917500000000002,108.62912499999997,156.85,张家潭-同德路
19.900000000000002,10.945000000000002,109.17637499999998,156.9,张家潭-同德路
19.950000000000003,10.972500000000002,109.72499999999998,156.95,张家潭-同德路
20.0,11.0,110.27499999999998,157.0,张家潭-同德路
20.05,11.027500000000002,110.82637499999997,157.05,张家潭-同德路
20.1,11.055000000000001,111.37912499999997,157.1,张家潭-同德路
20.150000000000002,11.082500000000001,111.93324999999997,157.15,张家潭-同德路
20.200000000000003,11.110000000000003,112.48874999999997,157.2,张家潭-同德路
20.25,11.137500000000001,113.04562499999997,157.25,张家潭-同德路
20.3,11.165000000000001,113.60387499999997,157.3,张家潭-同德路
20.35,11.192500000000003,114.16349999999997,157.35,张家潭-同德路
20.400000000000002,11.220000000000002,114.72449999999998,157.4,张家潭-同德路
20.450000000000003,11.247500000000002,115.28687499999998,157.45,张家潭-同德路
20.5,11.275,115.85062499999998,157.5,张家潭-同德路
20.55,11.302500000000002,116.41574999999997,157.55,张家潭-同德路
20.6,11.330000000000002,116.98224999999998,157.6,张家潭-同德路
20.650000000000002,11.357500000000002,117.55012499999998,157.65,张家潭-同德路
20.700000000000003,11.385000000000003,118.11937499999998,157.7,张家潭-同德路
20.75,11.412500000000001,118.68999999999998,157.75,张家潭-同德路
20.8,11.440000000000001,119.26199999999999,157.8,张家潭-同德路
20.85,11.467500000000001,119.83537499999998,157.85,张家潭-同德路
20.900000000000002,11.495000000000003,120.41012499999998,157.9,张家潭-同德路
20.950000000000003,11.522500000000003,120.98624999999998,157.95,张家潭-同德路
21.0,11.55,121.56374999999998,158.0,张家潭-同德路
21.05,11.5775,122.14262499999998,158.05,张家潭-同德路
21.1,11.605000000000002,122.72287499999999,158.1,张家潭-同德路
21.150000000000002,11.632500000000002,123.30449999999999,158.15,张家潭-同德路
21.200000000000003,11.660000000000002,123.88749999999999,158.2,张家潭-同德路
21.25,11.687500000000002,124.47187499999998,158.25,张家潭-同德路
21.3,11.715000000000002,125.05762499999999,158.3,张家潭-同德路
21.35,11.742500000000001,125.64474999999999,158.35,张家潭-同德路
21.400000000000002,11.770000000000001,126.23324999999998,158.4,张家潭-同德路
21.450000000000003,11.797500000000003,126.82312499999999,158.45,张家潭-同德路
21.5,11.825000000000001,127.41437499999999,158.5,张家潭-同德路
21.55,11.852500000000001,128.007,158.55,张家潭-同德路
21.6,11.880000000000003,128.601,158.6,张家潭-同德路
21.650000000000002,11.907500000000002,129.196375,158.65,张家潭-同德路
21.700000000000003,11.935000000000002,129.79312499999997,158.7,张家潭-同德路
21.75,11.9625,130.39124999999999,158.75,张家潭-同德路
21.8,11.990000000000002,130.99075,158.8,张家潭-同德路
21.85,12.017500000000002,131.591625,158.85,张家潭-同德路
21.900000000000002,12.045000000000002,132.193875,158.9,张家潭-同德路
21.950000000000003,12.072500000000003,132.79749999999999,158.95,张家潭-同德路
22.0,12.100000000000001,133.40249999999997,159.0,张家潭-同德路
22.05,12.127500000000001,134.008875,159.05,张家潭-同德路
22.1,12.155000000000001,134.616625,159.1,张家潭-同德路
22.150000000000002,12.182500000000003,135.22575,159.15,张家潭-同德路
22.200000000000003,12.210000000000003,135.83625,159.2,张家潭-同德路
22.25,12.2375,136.448125,159.25,张家潭-同德路
22.3,12.265,137.061375,159.3,张家潭-同德路
22.35,12.292500000000002,137.676,159.35,张家潭-同德路
22.400000000000002,12.320000000000002,138.292,159.4,张家潭-同德路
22.450000000000003,12.347500000000002,138.909375,159.45,张家潭-同德路
22.5,12.375000000000002,139.52812500000002,159.5,张家潭-同德路
22.55,12.402500000000002,140.14825000000002,159.55,张家潭-同德路
22.6,12.430000000000001,140.76975000000002,159.6,张家潭-同德路
22.650000000000002,12.457500000000001,141.392625,159.65,张家潭-同德路
22.700000000000003,12.485000000000003,142.016875,159.7,张家潭-同德路
22.75,12.51818181818182,142.6427840909091,159.75,张家潭-同德路
22.8,12.558181818181819,143.2706931818182,159.8,张家潭-同德路
22.85,12.59818181818182,143.90060227272727,159.85,张家潭-同德路
22.900000000000002,12.63818181818182,144.53251136363636,159.9,张家潭-同德路
22.950000000000003,12.678181818181821,145.16642045454546,159.95,张家潭-同德路
23.0,12.718181818181819,145.80232954545454,160.0,张家潭-同德路
23.05,12.75818181818182,146.44023863636363,160.05,张家潭-同德路
23.1,12.79818181818182,147.08014772727273,160.1,张家潭-同德路
23.150000000000002,12.83818181818182,147.7220568181818,160.15,张家潭-同德路
23.200000000000003,12.87818181818182,148.3659659090909,160.2,张家潭-同德路
23.25,12.918181818181818,149.011875,160.25,张家潭-同德路
23.3,12.958181818181819,149.65978409090908,160.3,张家潭-同德路
23.35,12.99818181818182,150.30969318181818,160.35,张家潭-同德路
23.400000000000002,13.03818181818182,150.96160227272728,160.4,张家潭-同德路
23.450000000000003,13.078181818181822,151.61551136363636,160.45,张家潭-同德路
23.5,13.118181818181819,152.27142045454545,160.5,张家潭-同德路
23.55,13.15818181818182,152.92932954545455,160.55,张家潭-同德路
23.6,13.19818181818182,153.58923863636363,160.6,张家潭-同德路
23.650000000000002,13.23818181818182,154.25114772727272,160.65,张家潭-同德路
23.700000000000003,13.278181818181821,154.91505681818182,160.7,张家潭-同德路
23.75,13.318181818181818,155.5809659090909,160.75,张家潭-同德路
23.8,13.35818181818182,156.248875,160.8,张家潭-同德路
23.85,13.39818181818182,156.9187840909091,160.85,张家潭-同德路
23.900000000000002,13.438181818181821,157.59069318181818,160.9,张家潭-同德路
23.950000000000003,13.47818181818182,158.26460227272727,160.95,张家潭-同德路
24.0,13.51818181818182,158.94051136363638,161.0,张家潭-同德路
24.05,13.558181818181819,159.61842045454546,161.05,张家潭-同德路
24.1,13.59818181818182,160.29832954545455,161.1,张家潭-同德路
24.150000000000002,13.63818181818182,160.98023863636365,161.15,张家潭-同德路
24.200000000000003,13.678181818181821,161.66414772727273,161.2,张家潭-同德路
24.25,13.718181818181819,162.35005681818183,161.25,张家潭-同德路
24.3,13.75818181818182,163.03796590909093,161.3,张家潭-同德路
24.35,13.79818181818182,163.727875,161.35,张家潭-同德路
24.400000000000002,13.83818181818182,164.4197840909091,161.4,张家潭-同德路
24.450000000000003,13.87818181818182,165.1136931818182,161.45,张家潭-同德路
24.5,13.918181818181818,165.8096022727273,161.5,张家潭-同德路
24.55,13.958181818181819,166.50751136363638,161.55,张家潭-同德路
24.6,13.99818181818182,167.20742045454548,161.6,张家潭-同德路
24.650000000000002,14.03818181818182,167.90932954545457,161.65,张家潭-同德路
24.700000000000003,14.078181818181822,168.61323863636366,161.7,张家潭-同德路
24.75,14.118181818181819,169.31914772727276,161.75,张家潭-同德路
24.8,14.15818181818182,170.02705681818185,161.8,张家潭-同德路
24.85,14.19818181818182,170.73696590909094,161.85,张家潭-同德路
24.900000000000002,14.23818181818182,171.44887500000004,161.9,张家潭-同德路
24.950000000000003,14.278181818181821,172.16278409090913,161.95,张家潭-同德路
25.0,14.318181818181818,172.87869318181822,162.0,张家潭-同德路
25.05,14.35818181818182,173.59660227272732,162.05,张家潭-同德路
25.1,14.39818181818182,174.3165113636364,162.1,张家潭-同德路
25.150000000000002,14.438181818181821,175.0384204545455,162.15,张家潭-同德路
25.200000000000003,14.47818181818182,175.7623295454546,162.2,张家潭-同德路
25.25,14.51818181818182,176.4882386363637,162.25,张家潭-同德路
25.3,14.558181818181819,177.21614772727278,162.3,张家潭-同德路
25.35,14.59818181818182,177.9460568181819,162.35,张家潭-同德路
25.400000000000002,14.63818181818182,178.67796590909097,162.4,张家潭-同德路
25.450000000000003,14.678181818181821,179.41187500000007,162.45,张家潭-同德路
25.5,14.718181818181819,180.14778409090917,162.5,张家潭-同德路
25.55,14.75818181818182,180.88569318181825,162.55,张家潭-同德路
25.6,14.79818181818182,181.62560227272735,162.6,张家潭-同德路
25.650000000000002,14.83818181818182,182.36751136363645,162.65,张家潭-同德路
25.700000000000003,14.87818181818182,183.11142045454554,162.7,张家潭-同德路
25.75,14.918181818181818,183.85732954545463,162.75,张家潭-同德路
25.8,14.958181818181819,184.60523863636374,162.8,张家潭-同德路
25.85,14.99818181818182,185.35514772727282,162.85,张家潭-同德路
25.900000000000002,15.03818181818182,186.10705681818192,162.9,张家潭-同德路
25.950000000000003,15.078181818181822,186.86096590909102,162.95,张家潭-同德路
26.0,15.118181818181819,187.6168750000001,163.0,张家潭-同德路
26.05,15.15818181818182,188.3747840909092,163.05,张家潭-同德路
26.1,15.19818181818182,189.1346931818183,163.1,张家潭-同德路
26.150000000000002,15.23818181818182,189.8966022727274,163.15,张家潭-同德路
26.200000000000003,15.278181818181821,190.6605113636365,163.2,张家潭-同德路
26.25,15.318181818181818,191.4264204545456,163.25,张家潭-同德路
26.3,15.35818181818182,192.19432954545468,163.3,张家潭-同德路
26.35,15.39818181818182,192.96423863636377,163.35,张家潭-同德路
26.400000000000002,15.438181818181821,193.73614772727288,163.4,张家潭-同德路
26.450000000000003,15.47818181818182,194.51005681818197,163.45,张家潭-同德路
26.5,15.51818181818182,195.28596590909106,163.5,张家潭-同德路
26.55,15.558181818181819,196.06387500000014,163.55,张家潭-同德路
26.6,15.59818181818182,196.84378409090922,163.6,张家潭-同德路
26.650000000000002,15.63818181818182,197.62569318181832,163.65,张家潭-同德路
26.700000000000003,15.678181818181821,198.4096022727274,163.7,张家潭-同德路
26.75,15.718181818181819,199.19551136363648,163.75,张家潭-同德路
26.8,15.75818181818182,199.98342045454558,163.8,张家潭-同德路
26.85,15.79818181818182,200.77332954545466,163.85,张家潭-同德路
26.900000000000002,15.83818181818182,201.56523863636374,163.9,张家潭-同德路
26.950000000000003,15.87818181818182,202.35914772727284,163.95,张家潭-同德路
27.0,15.918181818181818,203.15505681818192,164.0,张家潭-同德路
27.05,15.958181818181819,203.952965909091,164.05,张家潭-同德路
27.1,15.99818181818182,204.7528750000001,164.1,张家潭-同德路
27.150000000000002,16.03818181818182,205.55478409090918,164.15,张家潭-同德路
27.200000000000003,16.07818181818182,206.35869318181827,164.2,张家潭-同德路
27.25,16.118181818181817,207.16460227272736,164.25,张家潭-同德路
27.3,16.15818181818182,207.97251136363644,164.3,张家潭-同德路
27.35,16.19818181818182,208.78242045454553,164.35,张家潭-同德路
27.400000000000002,16.238181818181822,209.59432954545463,164.4,张家潭-同德路
27.450000000000003,16.27818181818182,210.4082386363637,164.45,张家潭-同德路
27.5,16.31818181818182,211.2241477272728,164.5,张家潭-同德路
27.55,16.35818181818182,212.0420568181819,164.55,张家潭-同德路
27.6,16.39818181818182,212.86196590909097,164.6,张家潭-同德路
27.650000000000002,16.43818181818182,213.68387500000006,164.65,张家潭-同德路
27.700000000000003,16.47818181818182,214.50778409090915,164.7,张家潭-同德路
27.75,16.51818181818182,215.33369318181823,164.75,张家潭-同德路
27.8,16.55818181818182,216.16160227272732,164.8,张家潭-同德路
27.85,16.59818181818182,216.99151136363642,164.85,张家潭-同德路
27.900000000000002,16.63818181818182,217.8234204545455,164.9,张家潭-同德路
27.950000000000003,16.67818181818182,218.6573295454546,164.95,张家潭-同德路
28.0,16.71818181818182,219.49323863636369,165.0,张家潭-同德路
28.05,16.758181818181818,220.33114772727276,165.05,张家潭-同德路
28.1,16.79818181818182,221.17105681818185,165.1,张家潭-同德路
28.150000000000002,16.83818181818182,222.01296590909095,165.15,张家潭-同德路
28.200000000000003,16.878181818181822,222.85687500000003,165.2,张家潭-同德路
28.25,16.918181818181818,223.70278409090912,165.25,张家潭-同德路
28.3,16.95818181818182,224.55069318181822,165.3,张家潭-同德路
28.35,16.99818181818182,225.4006022727273,165.35,张家潭-同德路
28.400000000000002,17.03818181818182,226.2525113636364,165.4,张家潭-同德路
28.450000000000003,17.07818181818182,227.10642045454549,165.45,张家潭-同德路
28.5,17.118181818181817,227.96232954545457,165.5,张家潭-同德路
28.55,17.15818181818182,228.82023863636365,165.55,张家潭-同德路
28.6,17.19818181818182,229.68014772727275,165.6,张家潭-同德路
28.650000000000002,17.238181818181822,230.54205681818183,165.65,张家潭-同德路
28.700000000000003,17.27818181818182,231.40596590909092,165.7,张家潭-同德路
28.75,17.31818181818182,232.27187500000002,165.75,张家潭-同德路
28.8,17.35818181818182,233.1397840909091,165.8,张家潭-同德路
28.85,17.39818181818182,234.0096931818182,165.85,张家潭-同德路
28.900000000000002,17.43818181818182,234.8816022727273,165.9,张家潭-同德路
28.950000000000003,17.47818181818182,235.75551136363637,165.95,张家潭-同德路
29.0,17.51818181818182,236.63142045454546,166.0,张家潭-同德路
29.05,17.55818181818182,237.50932954545456,166.05,张家潭-同德路
29.1,17.59818181818182,238.38923863636364,166.1,张家潭-同德路
29.150000000000002,17.63818181818182,239.27114772727273,166.15,张家潭-同德路
29.200000000000003,17.67818181818182,240.15505681818183,166.2,张家潭-同德路
29.25,17.71818181818182,241.04096590909091,166.25,张家潭-同德路
29.3,17.758181818181818,241.928875,166.3,张家潭-同德路
29.35,17.79818181818182,242.8187840909091,166.35,张家潭-同德路
29.400000000000002,17.83818181818182,243.7106931818182,166.4,张家潭-同德路
29.450000000000003,17.878181818181822,244.60460227272728,166.45,张家潭-同德路
29.5,17.918181818181818,245.50051136363638,166.5,张家潭-同德路
29.55,17.95818181818182,246.39842045454546,166.55,张家潭-同德路
29.6,17.99818181818182,247.29832954545455,166.6,张家潭-同德路
29.650000000000002,18.03818181818182,248.20023863636365,166.65,张家潭-同德路
29.700000000000003,18.07818181818182,249.10414772727273,166.7,张家潭-同德路
29.75,18.118181818181817,250.01005681818182,166.75,张家潭-同德路
29.8,18.15818181818182,250.91796590909092,166.8,张家潭-同德路
29.85,18.19818181818182,251.827875,166.85,张家潭-同德路
29.900000000000002,18.238181818181822,252.7397840909091,166.9,张家潭-同德路
29.950000000000003,18.27818181818182,253.6536931818182,166.95,张家潭-同德路
30.0,18.31818181818182,254.56960227272728,167.0,张家潭-同德路
30.05,18.35818181818182,255.48751136363637,167.05,张家潭-同德路
30.1,18.39818181818182,256.40742045454544,167.1,张家潭-同德路
30.150000000000002,18.43818181818182,257.3293295454545,167.15,张家潭-同德路
30.200000000000003,18.47818181818182,258.2532386363636,167.2,张家潭-同德路
30.25,18.51818181818182,259.1791477272727,167.25,张家潭-同德路
30.3,18.55818181818182,260.10705681818183,167.3,张家潭-同德路
30.35,18.59818181818182,261.0369659090909,167.35,张家潭-同德路
30.400000000000002,18.63818181818182,261.96887499999997,167.4,张家潭-同德路
30.450000000000003,18.67818181818182,262.90278409090905,167.45,张家潭-同德路
30.5,18.71818181818182,263.83869318181814,167.5,张家潭-同德路
30.55,18.758181818181818,264.77660227272725,167.55,张家潭-同德路
30.6,18.79818181818182,265.71651136363636,167.6,张家潭-同德路
30.650000000000002,18.83818181818182,266.6584204545454,167.65,张家潭-同德路
30.700000000000003,18.878181818181822,267.6023295454545,167.7,张家潭-同德路
30.75,18.918181818181818,268.5482386363636,167.75,张家潭-同德路
30.8,18.95818181818182,269.49614772727267,167.8,张家潭-同德路
30.85,18.99818181818182,270.4460568181818,167.85,张家潭-同德路
30.900000000000002,19.03818181818182,271.3979659090909,167.9,张家潭-同德路
30.950000000000003,19.07818181818182,272.35187499999995,167.95,张家潭-同德路
31.0,19.118181818181817,273.307784090909,168.0,张家潭-同德路
31.05,19.15818181818182,274.2656931818181,168.05,张家潭-同德路
31.1,19.19818181818182,275.2256022727272,168.1,张家潭-同德路
31.150000000000002,19.238181818181822,276.1875113636363,168.15,张家潭-同德路
31.200000000000003,19.27818181818182,277.1514204545454,168.2,张家潭-同德路
31.25,19.31818181818182,278.1173295454545,168.25,张家潭-同德路
31.3,19.35818181818182,279.08523863636356,168.3,张家潭-同德路
31.35,19.39818181818182,280.05514772727264,168.35,张家潭-同德路
31.400000000000002,19.43818181818182,281.02705681818173,168.4,张家潭-同德路
31.450000000000003,19.47818181818182,282.00096590909084,168.45,张家潭-同德路
31.5,19.51818181818182,282.97687499999995,168.5,张家潭-同德路
31.55,19.55818181818182,283.954784090909,168.55,张家潭-同德路
31.6,19.59818181818182,284.9346931818181,168.6,张家潭-同德路
31.650000000000002,19.63818181818182,285.9166022727272,168.65,张家潭-同德路
31.700000000000003,19.67818181818182,286.90051136363627,168.7,张家潭-同德路
31.75,19.70813409674715,287.88591806847364,168.75,张家潭-同德路
31.8,19.70813409674715,288.871324773311,168.8,张家潭-同德路
31.85,19.70813409674715,289.8567314781484,168.85,张家潭-同德路
31.900000000000002,19.70813409674715,290.84213818298576,168.9,张家潭-同德路
31.950000000000003,19.70813409674715,291.82754488782314,168.95,张家潭-同德路
32.0,19.70813409674715,292.8129515926605,169.0,张家潭-同德路
32.050000000000004,19.70813409674715,293.7983582974979,169.05,张家潭-同德路
32.1,19.70813409674715,294.78376500233526,169.1,张家潭-同德路
32.15,19.70813409674715,295.76917170717263,169.15,张家潭-同德路
32.2,19.70813409674715,296.75457841201,169.2,张家潭-同德路
32.25,19.70813409674715,297.7399851168474,169.25,张家潭-同德路
32.300000000000004,19.70813409674715,298.72539182168475,169.3,张家潭-同德路
32.35,19.70813409674715,299.7107985265221,169.35,张家潭-同德路
32.4,19.70813409674715,300.6962052313595,169.4,张家潭-同德路
32.45,19.70813409674715,301.6816119361969,169.45,张家潭-同德路
32.5,19.70813409674715,302.66701864103425,169.5,张家潭-同德路
32.550000000000004,19.70813409674715,303.6524253458716,169.55,张家潭-同德路
32.6,19.70813409674715,304.637832050709,169.6,张家潭-同德路
32.65,19.70813409674715,305.62323875554637,169.65,张家潭-同德路
32.7,19.70813409674715,306.60864546038374,169.7,张家潭-同德路
32.75,19.70813409674715,307.5940521652211,169.75,张家潭-同德路
32.800000000000004,19.70813409674715,308.5794588700585,169.8,张家潭-同德路
32.85,19.70813409674715,309.56486557489586,169.85,张家潭-同德路
32.9,19.70813409674715,310.55027227973324,169.9,张家潭-同德路
32.95,19.70813409674715,311.5356789845706,169.95,张家潭-同德路
33.0,19.70813409674715,312.521085689408,170.0,张家潭-同德路
33.050000000000004,19.70813409674715,313.50649239424536,170.05,张家潭-同德路
33.1,19.70813409674715,314.49189909908273,170.1,张家潭-同德路
33.15,19.70813409674715,315.4773058039201,170.15,张家潭-同德路
33.2,19.70813409674715,316.4627125087575,170.2,张家潭-同德路
33.25,19.70813409674715,317.44811921359485,170.25,张家潭-同德路
33.300000000000004,19.70813409674715,318.4335259184322,170.3,张家潭-同德路
33.35,19.70813409674715,319.4189326232696,170.35,张家潭-同德路
33.4,19.70813409674715,320.40433932810697,170.4,张家潭-同德路
33.45,19.70813409674715,321.38974603294434,170.45,张家潭-同德路
33.5,19.70813409674715,322.3751527377817,170.5,张家潭-同德路
33.550000000000004,19.70813409674715,323.3605594426191,170.55,张家潭-同德路
33.6,19.70813409674715,324.34596614745647,170.6,张家潭-同德路
33.65,19.70813409674715,325.33137285229384,170.65,张家潭-同德路
33.7,19.70813409674715,326.3167795571312,170.7,张家潭-同德路
33.75,19.70813409674715,327.3021862619686,170.75,张家潭-同德路
33.800000000000004,19.70813409674715,328.28759296680596,170.8,张家潭-同德路
33.85,19.70813409674715,329.27299967164333,170.85,张家潭-同德路
33.9,19.70813409674715,330.2584063764807,170.9,张家潭-同德路
33.95,19.70813409674715,331.2438130813181,170.95,张家潭-同德路
34.0,19.70813409674715,332.22921978615545,171.0,张家潭-同德路
34.050000000000004,19.70813409674715,333.2146264909928,171.05,张家潭-同德路
34.1,19.70813409674715,334.2000331958302,171.1,张家潭-同德路
34.15,19.70813409674715,335.1854399006676,171.15,张家潭-同德路
34.2,19.70813409674715,336.17084660550495,171.2,张家潭-同德路
34.25,19.70813409674715,337.1562533103423,171.25,张家潭-同德路
34.300000000000004,19.70813409674715,338.1416600151797,171.3,张家潭-同德路
34.35,19.70813409674715,339.12706672001707,171.35,张家潭-同德路
34.4,19.70813409674715,340.11247342485444,171.4,张家潭-同德路
34.45,19.70813409674715,341.0978801296918,171.45,张家潭-同德路
34.5,19.70813409674715,342.0832868345292,171.5,张家潭-同德路
34.550000000000004,19.70813409674715,343.06869353936656,171.55,张家潭-同德路
34.6,19.70813409674715,344.05410024420394,171.6,张家潭-同德路
34.65,19.70813409674715,345.0395069490413,171.65,张家潭-同德路
34.7,19.70813409674715,346.0249136538787,171.7,张家潭-同德路
34.75,19.70813409674715,347.01032035871606,171.75,张家潭-同德路
34.800000000000004,19.70813409674715,347.99572706355343,171.8,张家潭-同德路
34.85,19.70813409674715,348.9811337683908,171.85,张家潭-同德路
34.9,19.70813409674715,349.9665404732282,171.9,张家潭-同德路
34.95,19.70813409674715,350.95194717806555,171.95,张家潭-同德路
35.0,19.70813409674715,351.9373538829029,172.0,张家潭-同德路
35.050000000000004,19.70813409674715,352.9227605877403,172.05,张家潭-同德路
35.1,19.70813409674715,353.9081672925777,172.1,张家潭-同德路
35.15,19.70813409674715,354.89357399741505,172.15,张家潭-同德路
35.2,19.70813409674715,355.8789807022524,172.2,张家潭-同德路
35.25,19.70813409674715,356.8643874070898,172.25,张家潭-同德路
35.300000000000004,19.70813409674715,357.84979411192717,172.3,张家潭-同德路
35.35,19.70813409674715,358.83520081676454,172.35,张家潭-同德路
35.4,19.70813409674715,359.8206075216019,172.4,张家潭-同德路
35.45,19.70813409674715,360.8060142264393,172.45,张家潭-同德路
35.5,19.70813409674715,361.79142093127666,172.5,张家潭-同德路
35.550000000000004,19.70813409674715,362.77682763611404,172.55,张家潭-同德路
35.6,19.70813409674715,363.7622343409514,172.6,张家潭-同德路
35.65,19.70813409674715,364.7476410457888,172.65,张家潭-同德路
35.7,19.70813409674715,365.73304775062616,172.7,张家潭-同德路
35.75,19.70813409674715,366.71845445546353,172.75,张家潭-同德路
35.800000000000004,19.70813409674715,367.7038611603009,172.8,张家潭-同德路
35.85,19.70813409674715,368.6892678651383,172.85,张家潭-同德路
35.9,19.70813409674715,369.67467456997565,172.9,张家潭-同德路
35.95,19.70813409674715,370.660081274813,172.95,张家潭-同德路
36.0,19.70813409674715,371.6454879796504,173.0,张家潭-同德路
36.050000000000004,19.70813409674715,372.63089468448777,173.05,张家潭-同德路
36.1,19.70813409674715,373.61630138932514,173.1,张家潭-同德路
36.15,19.70813409674715,374.6017080941625,173.15,张家潭-同德路
36.2,19.70813409674715,375.5871147989999,173.2,张家潭-同德路
36.25,19.70813409674715,376.57252150383727,173.25,张家潭-同德路
36.300000000000004,19.70813409674715,377.55792820867464,173.3,张家潭-同德路
36.35,19.70813409674715,378.543334913512,173.35,张家潭-同德路
36.4,19.70813409674715,379.5287416183494,173.4,张家潭-同德路
36.45,19.70813409674715,380.51414832318676,173.45,张家潭-同德路
36.5,19.70813409674715,381.49955502802413,173.5,张家潭-同德路
36.550000000000004,19.70813409674715,382.4849617328615,173.55,张家潭-同德路
36.6,19.70813409674715,383.4703684376989,173.6,张家潭-同德路
36.65,19.70813409674715,384.45577514253625,173.65,张家潭-同德路
36.7,19.70813409674715,385.4411818473736,173.7,张家潭-同德路
36.75,19.70813409674715,386.426588552211,173.75,张家潭-同德路
36.800000000000004,19.70813409674715,387.4119952570484,173.8,张家潭-同德路
36.85,19.70813409674715,388.39740196188575,173.85,张家潭-同德路
36.9,19.70813409674715,389.3828086667231,173.9,张家潭-同德路
36.95,19.70813409674715,390.3682153715605,173.95,张家潭-同德路
37.0,19.70813409674715,391.35362207639787,174.0,张家潭-同德路
37.050000000000004,19.70813409674715,392.33902878123524,174.05,张家潭-同德路
37.1,19.70813409674715,393.3244354860726,174.1,张家潭-同德路
37.15,19.70813409674715,394.30984219091,174.15,张家潭-同德路
37.2,19.70813409674715,395.29524889574736,174.2,张家潭-同德路
37.25,19.70813409674715,396.28065560058474,174.25,张家潭-同德路
37.300000000000004,19.70813409674715,397.2660623054221,174.3,张家潭-同德路
37.35,19.70813409674715,398.2514690102595,174.35,张家潭-同德路
37.4,19.70813409674715,399.23687571509686,174.4,张家潭-同德路
37.45,19.70813409674715,400.22228241993423,174.45,张家潭-同德路
37.5,19.70813409674715,401.2076891247716,174.5,张家潭-同德路
37.550000000000004,19.70813409674715,402.193095829609,174.55,张家潭-同德路
37.6,19.70813409674715,403.17850253444635,174.6,张家潭-同德路
37.65,19.70813409674715,404.1639092392837,174.65,张家潭-同德路
37.7,19.70813409674715,405.1493159441211,174.7,张家潭-同德路
37.75,19.70813409674715,406.1347226489585,174.75,张家潭-同德路
37.800000000000004,19.70813409674715,407.12012935379585,174.8,张家潭-同德路
37.85,19.70813409674715,408.1055360586332,174.85,张家潭-同德路
37.9,19.70813409674715,409.0909427634706,174.9,张家潭-同德路
37.95,19.70813409674715,410.07634946830797,174.95,张家潭-同德路
38.0,19.70813409674715,411.06175617314534,175.0,张家潭-同德路
38.050000000000004,19.70813409674715,412.0471628779827,175.05,张家潭-同德路
38.1,19.70813409674715,413.0325695828201,175.1,张家潭-同德路
38.15,19.70813409674715,414.01797628765746,175.15,张家潭-同德路
38.2,19.70813409674715,415.00338299249483,175.2,张家潭-同德路
38.25,19.70813409674715,415.9887896973322,175.25,张家潭-同德路
38.300000000000004,19.70813409674715,416.9741964021696,175.3,张家潭-同德路
38.35,19.70813409674715,417.95960310700696,175.35,张家潭-同德路
38.400000000000006,19.70813409674715,418.94500981184433,175.4,张家潭-同德路
38.45,19.70813409674715,419.9304165166817,175.45,张家潭-同德路
38.5,19.70813409674715,420.9158232215191,175.5,张家潭-同德路
38.550000000000004,19.70813409674715,421.90122992635645,175.55,张家潭-同德路
38.6,19.70813409674715,422.8866366311938,175.6,张家潭-同德路
38.650000000000006,19.70813409674715,423.8720433360312,175.65,张家潭-同德路
38.7,19.70813409674715,424.85745004086857,175.7,张家潭-同德路
38.75,19.70813409674715,425.84285674570594,175.75,张家潭-同德路
38.800000000000004,19.70813409674715,426.8282634505433,175.8,张家潭-同德路
38.85,19.70813409674715,427.8136701553807,175.85,张家潭-同德路
38.900000000000006,19.70813409674715,428.79907686021807,175.9,张家潭-同德路
38.95,19.70813409674715,429.78448356505544,175.95,张家潭-同德路
39.0,19.70813409674715,430.7698902698928,176.0,张家潭-同德路
39.050000000000004,19.70813409674715,431.7552969747302,176.05,张家潭-同德路
39.1,19.70813409674715,432.74070367956756,176.1,张家潭-同德路
39.150000000000006,19.70813409674715,433.72611038440493,176.15,张家潭-同德路
39.2,19.70813409674715,434.7115170892423,176.2,张家潭-同德路
39.25,19.70813409674715,435.6969237940797,176.25,张家潭-同德路
39.300000000000004,19.70813409674715,436.68233049891705,176.3,张家潭-同德路
39.35,19.70813409674715,437.6677372037544,176.35,张家潭-同德路
39.400000000000006,19.70813409674715,438.6531439085918,176.4,张家潭-同德路
39.45,19.70813409674715,439.6385506134292,176.45,张家潭-同德路
39.5,19.70813409674715,440.62395731826655,176.5,张家潭-同德路
39.550000000000004,19.70813409674715,441.6093640231039,176.55,张家潭-同德路
39.6,19.70813409674715,442.5947707279413,176.6,张家潭-同德路
39.650000000000006,19.70813409674715,443.58017743277867,176.65,张家潭-同德路
39.7,19.70813409674715,444.56558413761604,176.7,张家潭-同德路
39.75,19.70813409674715,445.5509908424534,176.75,张家潭-同德路
39.800000000000004,19.70813409674715,446.5363975472908,176.8,张家潭-同德路
39.85,19.70813409674715,447.52180425212816,176.85,张家潭-同德路
39.900000000000006,19.70813409674715,448.50721095696554,176.9,张家潭-同德路
39.95,19.70813409674715,449.4926176618029,176.95,张家潭-同德路
40.0,19.70813409674715,450.4780243666403,177.0,张家潭-同德路
40.050000000000004,19.70813409674715,451.46343107147766,177.05,张家潭-同德路
40.1,19.70813409674715,452.44883777631503,177.1,张家潭-同德路
40.150000000000006,19.70813409674715,453.4342444811524,177.15,张家潭-同德路
40.2,19.70813409674715,454.4196511859898,177.2,张家潭-同德路
40.25,19.70813409674715,455.40505789082715,177.25,张家潭-同德路
40.300000000000004,19.70813409674715,456.3904645956645,177.3,张家潭-同德路
40.35,19.70813409674715,457.3758713005019,177.35,张家潭-同德路
40.400000000000006,19.70813409674715,458.3612780053393,177.4,张家潭-同德路
40.45,19.70813409674715,459.34668471017665,177.45,张家潭-同德路
40.5,19.70813409674715,460.332091415014,177.5,张家潭-同德路
40.550000000000004,19.70813409674715,461.3174981198514,177.55,张家潭-同德路
40.6,19.70813409674715,462.30290482468877,177.6,张家潭-同德路
40.650000000000006,19.70813409674715,463.28831152952614,177.65,张家潭-同德路
40.7,19.70813409674715,464.2737182343635,177.7,张家潭-同德路
40.75,19.70813409674715,465.2591249392009,177.75,张家潭-同德路
40.800000000000004,19.70813409674715,466.24453164403826,177.8,张家潭-同德路
40.85,19.70813409674715,467.22993834887563,177.85,张家潭-同德路
40.900000000000006,19.70813409674715,468.215345053713,177.9,张家潭-同德路
40.95,19.70813409674715,469.2007517585504,177.95,张家潭-同德路
41.0,19.70813409674715,470.18615846338776,178.0,张家潭-同德路
41.050000000000004,19.70813409674715,471.17156516822513,178.05,张家潭-同德路
41.1,19.70813409674715,472.1569718730625,178.1,张家潭-同德路
41.150000000000006,19.70813409674715,473.1423785778999,178.15,张家潭-同德路
41.2,19.70813409674715,474.12778528273725,178.2,张家潭-同德路
41.25,19.70813409674715,475.1131919875746,178.25,张家潭-同德路
41.300000000000004,19.70813409674715,476.098598692412,178.3,张家潭-同德路
41.35,19.70813409674715,477.08400539724937,178.35,张家潭-同德路
41.400000000000006,19.70813409674715,478.06941210208674,178.4,张家潭-同德路
41.45,19.70813409674715,479.0548188069241,178.45,张家潭-同德路
41.5,19.70813409674715,480.0402255117615,178.5,张家潭-同德路
41.550000000000004,19.70813409674715,481.02563221659886,178.55,张家潭-同德路
41.6,19.70813409674715,482.01103892143624,178.6,张家潭-同德路
41.650000000000006,19.70813409674715,482.9964456262736,178.65,张家潭-同德路
41.7,19.70813409674715,483.981852331111,178.7,张家潭-同德路
41.75,19.70813409674715,484.96725903594836,178.75,张家潭-同德路
41.800000000000004,19.70813409674715,485.95266574078573,178.8,张家潭-同德路
41.85,19.70813409674715,486.9380724456231,178.85,张家潭-同德路
41.900000000000006,19.70813409674715,487.9234791504605,178.9,张家潭-同德路
41.95,19.70813409674715,488.90888585529785,178.95,张家潭-同德路
42.0,19.70813409674715,489.8942925601352,179.0,张家潭-同德路
42.050000000000004,19.70813409674715,490.8796992649726,179.05,张家潭-同德路
42.1,19.70813409674715,491.86510596981,179.1,张家潭-同德路
42.150000000000006,19.70813409674715,492.85051267464735,179.15,张家潭-同德路
42.2,19.70813409674715,493.8359193794847,179.2,张家潭-同德路
42.25,19.70813409674715,494.8213260843221,179.25,张家潭-同德路
42.300000000000004,19.70813409674715,495.80673278915947,179.3,张家潭-同德路
42.35,19.70813409674715,496.79213949399684,179.35,张家潭-同德路
42.400000000000006,19.70813409674715,497.7775461988342,179.4,张家潭-同德路
42.45,19.70813409674715,498.7629529036716,179.45,张家潭-同德路
42.5,19.70813409674715,499.74835960850896,179.5,张家潭-同德路
42.550000000000004,19.70813409674715,500.73376631334634,179.55,张家潭-同德路
42.6,19.70813409674715,501.7191730181837,179.6,张家潭-同德路
42.650000000000006,19.70813409674715,502.7045797230211,179.65,张家潭-同德路
42.7,19.70813409674715,503.68998642785846,179.7,张家潭-同德路
42.75,19.70813409674715,504.67539313269583,179.75,张家潭-同德路
42.800000000000004,19.70813409674715,505.6607998375332,179.8,张家潭-同德路
42.85,19.70813409674715,506.6462065423706,179.85,张家潭-同德路
42.900000000000006,19.70813409674715,507.63161324720795,179.9,张家潭-同德路
42.95,19.70813409674715,508.6170199520453,179.95,张家潭-同德路
43.0,19.70813409674715,509.6024266568827,180.0,张家潭-同德路
43.050000000000004,19.70813409674715,510.5878333617201,180.05,张家潭-同德路
43.1,19.70813409674715,511.57324006655745,180.1,张家潭-同德路
43.150000000000006,19.70813409674715,512.5586467713948,180.15,张家潭-同德路
43.2,19.70813409674715,513.5440534762322,180.2,张家潭-同德路
43.25,19.70813409674715,514.5294601810696,180.25,张家潭-同德路
43.300000000000004,19.70813409674715,515.5148668859069,180.3,张家潭-同德路
43.35,19.70813409674715,516.5002735907443,180.35,张家潭-同德路
43.400000000000006,19.70813409674715,517.4856802955817,180.4,张家潭-同德路
43.45,19.70813409674715,518.4710870004191,180.45,张家潭-同德路
43.5,19.70813409674715,519.4564937052564,180.5,张家潭-同德路
43.550000000000004,19.70813409674715,520.4419004100938,180.55,张家潭-同德路
43.6,19.70813409674715,521.4273071149312,180.6,张家潭-同德路
43.650000000000006,19.70813409674715,522.4127138197686,180.65,张家潭-同德路
43.7,19.70813409674715,523.3981205246059,180.7,张家潭-同德路
43.75,19.70813409674715,524.3835272294433,180.75,张家潭-同德路
43.800000000000004,19.70813409674715,525.3689339342807,180.8,张家潭-同德路
43.85,19.70813409674715,526.354340639118,180.85,张家潭-同德路
43.900000000000006,19.70813409674715,527.3397473439554,180.9,张家潭-同德路
43.95,19.70813409674715,528.3251540487928,180.95,张家潭-同德路
44.0,19.70813409674715,529.3105607536302,181.0,张家潭-同德路
44.050000000000004,19.70813409674715,530.2959674584675,181.05,张家潭-同德路
44.1,19.70813409674715,531.2813741633049,181.1,张家潭-同德路
44.150000000000006,19.70813409674715,532.2667808681423,181.15,张家潭-同德路
44.2,19.70813409674715,533.2521875729797,181.2,张家潭-同德路
44.25,19.70813409674715,534.237594277817,181.25,张家潭-同德路
44.300000000000004,19.70813409674715,535.2230009826544,181.3,张家潭-同德路
44.35,19.70813409674715,536.2084076874918,181.35,张家潭-同德路
44.400000000000006,19.70813409674715,537.1938143923292,181.4,张家潭-同德路
44.45,19.70813409674715,538.1792210971665,181.45,张家潭-同德路
44.5,19.70813409674715,539.1646278020039,181.5,张家潭-同德路
44.550000000000004,19.70813409674715,540.1500345068413,181.55,张家潭-同德路
44.6,19.70813409674715,541.1354412116787,181.6,张家潭-同德路
44.650000000000006,19.70813409674715,542.120847916516,181.65,张家潭-同德路
44.7,19.70813409674715,543.1062546213534,181.7,张家潭-同德路
44.75,19.70813409674715,544.0916613261908,181.75,张家潭-同德路
44.800000000000004,19.70813409674715,545.0770680310281,181.8,张家潭-同德路
44.85,19.70813409674715,546.0624747358655,181.85,张家潭-同德路
44.900000000000006,19.70813409674715,547.0478814407029,181.9,张家潭-同德路
44.95,19.70813409674715,548.0332881455403,181.95,张家潭-同德路
45.0,19.70813409674715,549.0186948503776,182.0,张家潭-同德路
45.050000000000004,19.70813409674715,550.004101555215,182.05,张家潭-同德路
45.1,19.70813409674715,550.9895082600524,182.1,张家潭-同德路
45.150000000000006,19.70813409674715,551.9749149648898,182.15,张家潭-同德路
45.2,19.70813409674715,552.9603216697271,182.2,张家潭-同德路
45.25,19.70813409674715,553.9457283745645,182.25,张家潭-同德路
45.300000000000004,19.70813409674715,554.9311350794019,182.3,张家潭-同德路
45.35,19.70813409674715,555.9165417842393,182.35,张家潭-同德路
45.400000000000006,19.70813409674715,556.9019484890766,182.4,张家潭-同德路
45.45,19.70813409674715,557.887355193914,182.45,张家潭-同德路
45.5,19.70813409674715,558.8727618987514,182.5,张家潭-同德路
45.550000000000004,19.70813409674715,559.8581686035888,182.55,张家潭-同德路
45.6,19.70813409674715,560.8435753084261,182.6,张家潭-同德路
45.650000000000006,19.70813409674715,561.8289820132635,182.65,张家潭-同德路
45.7,19.70813409674715,562.8143887181009,182.7,张家潭-同德路
45.75,19.70813409674715,563.7997954229382,182.75,张家潭-同德路
45.800000000000004,19.70813409674715,564.7852021277756,182.8,张家潭-同德路
45.85,19.70813409674715,565.770608832613,182.85,张家潭-同德路
45.900000000000006,19.70813409674715,566.7560155374504,182.9,张家潭-同德路
45.95,19.70813409674715,567.7414222422877,182.95,张家潭-同德路
46.0,19.70813409674715,568.7268289471251,183.0,张家潭-同德路
46.050000000000004,19.70813409674715,569.7122356519625,183.05,张家潭-同德路
46.1,19.70813409674715,570.6976423567999,183.1,张家潭-同德路
46.150000000000006,19.70813409674715,571.6830490616372,183.15,张家潭-同德路
46.2,19.70813409674715,572.6684557664746,183.2,张家潭-同德路
46.25,19.70813409674715,573.653862471312,183.25,张家潭-同德路
46.300000000000004,19.70813409674715,574.6392691761494,183.3,张家潭-同德路
46.35,19.70813409674715,575.6246758809867,183.35,张家潭-同德路
46.400000000000006,19.70813409674715,576.6100825858241,183.4,张家潭-同德路
46.45,19.70813409674715,577.5954892906615,183.45,张家潭-同德路
46.5,19.70813409674715,578.5808959954988,183.5,张家潭-同德路
46.550000000000004,19.70813409674715,579.5663027003362,183.55,张家潭-同德路
46.6,19.70813409674715,580.5517094051736,183.6,张家潭-同德路
46.650000000000006,19.70813409674715,581.537116110011,183.65,张家潭-同德路
46.7,19.70813409674715,582.5225228148483,183.7,张家潭-同德路
46.75,19.70813409674715,583.5079295196857,183.75,张家潭-同德路
46.800000000000004,19.70813409674715,584.4933362245231,183.8,张家潭-同德路
46.85,19.70813409674715,585.4787429293605,183.85,张家潭-同德路
46.900000000000006,19.70813409674715,586.4641496341978,183.9,张家潭-同德路
46.95,19.70813409674715,587.4495563390352,183.95,张家潭-同德路
47.0,19.70813409674715,588.4349630438726,184.0,张家潭-同德路
47.050000000000004,19.70813409674715,589.42036974871,184.05,张家潭-同德路
47.1,19.70813409674715,590.4057764535473,184.1,张家潭-同德路
47.150000000000006,19.70813409674715,591.3911831583847,184.15,张家潭-同德路
47.2,19.70813409674715,592.3765898632221,184.2,张家潭-同德路
47.25,19.70813409674715,593.3619965680595,184.25,张家潭-同德路
47.300000000000004,19.70813409674715,594.3474032728968,184.3,张家潭-同德路
47.35,19.70813409674715,595.3328099777342,184.35,张家潭-同德路
47.400000000000006,19.70813409674715,596.3182166825716,184.4,张家潭-同德路
47.45,19.70813409674715,597.303623387409,184.45,张家潭-同德路
47.5,19.70813409674715,598.2890300922463,184.5,张家潭-同德路
47.550000000000004,19.70813409674715,599.2744367970837,184.55,张家潭-同德路
47.6,19.70813409674715,600.2598435019211,184.6,张家潭-同德路
47.650000000000006,19.70813409674715,601.2452502067584,184.65,张家潭-同德路
47.7,19.70813409674715,602.2306569115958,184.7,张家潭-同德路
47.75,19.70813409674715,603.2160636164332,184.75,张家潭-同德路
47.800000000000004,19.70813409674715,604.2014703212706,184.8,张家潭-同德路
47.85,19.70813409674715,605.1868770261079,184.85,张家潭-同德路
47.900000000000006,19.70813409674715,606.1722837309453,184.9,张家潭-同德路
47.95,19.70813409674715,607.1576904357827,184.95,张家潭-同德路
48.0,19.70813409674715,608.1430971406201,185.0,张家潭-同德路
48.050000000000004,19.70813409674715,609.1285038454574,185.05,张家潭-同德路
48.1,19.70813409674715,610.1139105502948,185.1,张家潭-同德路
48.150000000000006,19.70813409674715,611.0993172551322,185.15,张家潭-同德路
48.2,19.70813409674715,612.0847239599696,185.2,张家潭-同德路
48.25,19.70813409674715,613.0701306648069,185.25,张家潭-同德路
48.300000000000004,19.70813409674715,614.0555373696443,185.3,张家潭-同德路
48.35,19.70813409674715,615.0409440744817,185.35,张家潭-同德路
48.400000000000006,19.70813409674715,616.026350779319,185.4,张家潭-同德路
48.45,19.70813409674715,617.0117574841564,185.45,张家潭-同德路
48.5,19.70813409674715,617.9971641889938,185.5,张家潭-同德路
48.550000000000004,19.70813409674715,618.9825708938312,185.55,张家潭-同德路
48.6,19.70813409674715,619.9679775986685,185.6,张家潭-同德路
48.650000000000006,19.70813409674715,620.9533843035059,185.65,张家潭-同德路
48.7,19.70813409674715,621.9387910083433,185.7,张家潭-同德路
48.75,19.70813409674715,622.9241977131807,185.75,张家潭-同德路
48.800000000000004,19.70813409674715,623.909604418018,185.8,张家潭-同德路
48.85,19.70813409674715,624.8950111228554,185.85,张家潭-同德路
48.900000000000006,19.70813409674715,625.8804178276928,185.9,张家潭-同德路
48.95,19.70813409674715,626.8658245325302,185.95,张家潭-同德路
49.0,19.70813409674715,627.8512312373675,186.0,张家潭-同德路
49.050000000000004,19.70813409674715,628.8366379422049,186.05,张家潭-同德路
49.1,19.70813409674715,629.8220446470423,186.1,张家潭-同德路
49.150000000000006,19.70813409674715,630.8074513518796,186.15,张家潭-同德路
49.2,19.70813409674715,631.792858056717,186.2,张家潭-同德路
49.25,19.70813409674715,632.7782647615544,186.25,张家潭-同德路
49.300000000000004,19.70813409674715,633.7636714663918,186.3,张家潭-同德路
49.35,19.70813409674715,634.7490781712291,186.35,张家潭-同德路
49.400000000000006,19.70813409674715,635.7344848760665,186.4,张家潭-同德路
49.45,19.70813409674715,636.7198915809039,186.45,张家潭-同德路
49.5,19.70813409674715,637.7052982857413,186.5,张家潭-同德路
49.550000000000004,19.70813409674715,638.6907049905786,186.55,张家潭-同德路
49.6,19.70813409674715,639.676111695416,186.6,张家潭-同德路
49.650000000000006,19.70813409674715,640.6615184002534,186.65,张家潭-同德路
49.7,19.70813409674715,641.6469251050908,186.7,张家潭-同德路
49.75,19.70813409674715,642.6323318099281,186.75,张家潭-同德路
49.800000000000004,19.70813409674715,643.6177385147655,186.8,张家潭-同德路
49.85,19.70813409674715,644.6031452196029,186.85,张家潭-同德路
49.900000000000006,19.70813409674715,645.5885519244403,186.9,张家潭-同德路
49.95,19.70813409674715,646.5739586292776,186.95,张家潭-同德路
50.0,19.70813409674715,647.559365334115,187.0,张家潭-同德路
50.050000000000004,19.70813409674715,648.5447720389524,187.05,张家潭-同德路
50.1,19.70813409674715,649.5301787437897,187.1,张家潭-同德路
50.150000000000006,19.70813409674715,650.5155854486271,187.15,张家潭-同德路
50.2,19.70813409674715,651.5009921534645,187.2,张家潭-同德路
50.25,19.70813409674715,652.4863988583019,187.25,张家潭-同德路
50.300000000000004,19.70813409674715,653.4718055631392,187.3,张家潭-同德路
50.35,19.70813409674715,654.4572122679766,187.35,张家潭-同德路
50.400000000000006,19.70813409674715,655.442618972814,187.4,张家潭-同德路
50.45,19.70813409674715,656.4280256776514,187.45,张家潭-同德路
50.5,19.70813409674715,657.4134323824887,187.5,张家潭-同德路
50.550000000000004,19.70813409674715,658.3988390873261,187.55,张家潭-同德路
50.6,19.70813409674715,659.3842457921635,187.6,张家潭-同德路
50.650000000000006,19.70813409674715,660.3696524970009,187.65,张家潭-同德路
50.7,19.70813409674715,661.3550592018382,187.7,张家潭-同德路
50.75,19.70813409674715,662.3404659066756,187.75,张家潭-同德路
50.800000000000004,19.70813409674715,663.325872611513,187.8,张家潭-同德路
50.85,19.70813409674715,664.3112793163504,187.85,张家潭-同德路
50.900000000000006,19.70813409674715,665.2966860211877,187.9,张家潭-同德路
50.95,19.70813409674715,666.2820927260251,187.95,张家潭-同德路
51.0,19.70813409674715,667.2674994308625,188.0,张家潭-同德路
51.050000000000004,19.70813409674715,668.2529061356998,188.05,张家潭-同德路
51.1,19.70813409674715,669.2383128405372,188.1,张家潭-同德路
51.150000000000006,19.70813409674715,670.2237195453746,188.15,张家潭-同德路
51.2,19.70813409674715,671.209126250212,188.2,张家潭-同德路
51.25,19.70813409674715,672.1945329550493,188.25,张家潭-同德路
51.300000000000004,19.70813409674715,673.1799396598867,188.3,张家潭-同德路
51.35,19.70813409674715,674.1653463647241,188.35,张家潭-同德路
51.400000000000006,19.70813409674715,675.1507530695615,188.4,张家潭-同德路
51.45,19.70813409674715,676.1361597743988,188.45,张家潭-同德路
51.5,19.70813409674715,677.1215664792362,188.5,张家潭-同德路
51.550000000000004,19.70813409674715,678.1069731840736,188.55,张家潭-同德路
51.6,19.70813409674715,679.092379888911,188.6,张家潭-同德路
51.650000000000006,19.70813409674715,680.0777865937483,188.65,张家潭-同德路
51.7,19.70813409674715,681.0631932985857,188.7,张家潭-同德路
51.75,19.70813409674715,682.0486000034231,188.75,张家潭-同德路
51.800000000000004,19.70813409674715,683.0340067082604,188.8,张家潭-同德路
51.85,19.70813409674715,684.0194134130978,188.85,张家潭-同德路
51.900000000000006,19.70813409674715,685.0048201179352,188.9,张家潭-同德路
51.95,19.70813409674715,685.9902268227726,188.95,张家潭-同德路
52.0,19.70813409674715,686.97563352761,189.0,张家潭-同德路
52.050000000000004,19.70813409674715,687.9610402324473,189.05,张家潭-同德路
52.1,19.70813409674715,688.9464469372847,189.1,张家潭-同德路
52.150000000000006,19.70813409674715,689.9318536421221,189.15,张家潭-同德路
52.2,19.70813409674715,690.9172603469594,189.2,张家潭-同德路
52.25,19.70813409674715,691.9026670517968,189.25,张家潭-同德路
52.300000000000004,19.70813409674715,692.8880737566342,189.3,张家潭-同德路
52.35,19.70813409674715,693.8734804614716,189.35,张家潭-同德路
52.400000000000006,19.70813409674715,694.8588871663089,189.4,张家潭-同德路
52.45,19.70813409674715,695.8442938711463,189.45,张家潭-同德路
52.5,19.70813409674715,696.8297005759837,189.5,张家潭-同德路
52.550000000000004,19.70813409674715,697.815107280821,189.55,张家潭-同德路
52.6,19.70813409674715,698.8005139856584,189.6,张家潭-同德路
52.650000000000006,19.70813409674715,699.7859206904958,189.65,张家潭-同德路
52.7,19.70813409674715,700.7713273953332,189.7,张家潭-同德路
52.75,19.70813409674715,701.7567341001705,189.75,张家潭-同德路
52.800000000000004,19.70813409674715,702.7421408050079,189.8,张家潭-同德路
52.85,19.70813409674715,703.7275475098453,189.85,张家潭-同德路
52.900000000000006,19.70813409674715,704.7129542146827,189.9,张家潭-同德路
52.95,19.70813409674715,705.69836091952,189.95,张家潭-同德路
53.0,19.70813409674715,706.6837676243574,190.0,张家潭-同德路
53.050000000000004,19.70813409674715,707.6691743291948,190.05,张家潭-同德路
53.1,19.70813409674715,708.6545810340322,190.1,张家潭-同德路
53.150000000000006,19.70813409674715,709.6399877388695,190.15,张家潭-同德路
53.2,19.70813409674715,710.6253944437069,190.2,张家潭-同德路
53.25,19.70813409674715,711.6108011485443,190.25,张家潭-同德路
53.300000000000004,19.70813409674715,712.5962078533817,190.3,张家潭-同德路
53.35,19.70813409674715,713.581614558219,190.35,张家潭-同德路
53.400000000000006,19.70813409674715,714.5670212630564,190.4,张家潭-同德路
53.45,19.70813409674715,715.5524279678938,190.45,张家潭-同德路
53.5,19.70813409674715,716.5378346727312,190.5,张家潭-同德路
53.550000000000004,19.70813409674715,717.5232413775685,190.55,张家潭-同德路
53.6,19.70813409674715,718.5086480824059,190.6,张家潭-同德路
53.650000000000006,19.70813409674715,719.4940547872433,190.65,张家潭-同德路
53.7,19.70813409674715,720.4794614920806,190.7,张家潭-同德路
53.75,19.70813409674715,721.464868196918,190.75,张家潭-同德路
53.800000000000004,19.70813409674715,722.4502749017554,190.8,张家潭-同德路
53.85,19.70813409674715,723.4356816065928,190.85,张家潭-同德路
53.900000000000006,19.70813409674715,724.4210883114301,190.9,张家潭-同德路
53.95,19.70813409674715,725.4064950162675,190.95,张家潭-同德路
54.0,19.70813409674715,726.3919017211049,191.0,张家潭-同德路
54.050000000000004,19.70813409674715,727.3773084259423,191.05,张家潭-同德路
54.1,19.70813409674715,728.3627151307796,191.1,张家潭-同德路
54.150000000000006,19.70813409674715,729.348121835617,191.15,张家潭-同德路
54.2,19.70813409674715,730.3335285404544,191.2,张家潭-同德路
54.25,19.70813409674715,731.3189352452918,191.25,张家潭-同德路
54.300000000000004,19.70813409674715,732.3043419501291,191.3,张家潭-同德路
54.35,19.70813409674715,733.2897486549665,191.35,张家潭-同德路
54.400000000000006,19.70813409674715,734.2751553598039,191.4,张家潭-同德路
54.45,19.70813409674715,735.2605620646412,191.45,张家潭-同德路
54.5,19.70813409674715,736.2459687694786,191.5,张家潭-同德路
54.550000000000004,19.70813409674715,737.231375474316,191.55,张家潭-同德路
54.6,19.70813409674715,738.2167821791534,191.6,张家潭-同德路
54.650000000000006,19.70813409674715,739.2021888839907,191.65,张家潭-同德路
54.7,19.70813409674715,740.1875955888281,191.7,张家潭-同德路
54.75,19.70813409674715,741.1730022936655,191.75,张家潭-同德路
54.800000000000004,19.70813409674715,742.1584089985029,191.8,张家潭-同德路
54.85,19.70813409674715,743.1438157033402,191.85,张家潭-同德路
54.900000000000006,19.70813409674715,744.1292224081776,191.9,张家潭-同德路
54.95,19.70813409674715,745.114629113015,191.95,张家潭-同德路
55.0,19.70813409674715,746.1000358178524,192.0,张家潭-同德路
55.050000000000004,19.70813409674715,747.0854425226897,192.05,张家潭-同德路
55.1,19.70813409674715,748.0708492275271,192.1,张家潭-同德路
55.150000000000006,19.70813409674715,749.0562559323645,192.15,张家潭-同德路
55.2,19.70813409674715,750.0416626372019,192.2,张家潭-同德路
55.25,19.70813409674715,751.0270693420392,192.25,张家潭-同德路
55.300000000000004,19.70813409674715,752.0124760468766,192.3,张家潭-同德路
55.35,19.70813409674715,752.997882751714,192.35,张家潭-同德路
55.400000000000006,19.70813409674715,753.9832894565513,192.4,张家潭-同德路
55.45,19.70813409674715,754.9686961613887,192.45,张家潭-同德路
55.5,19.70813409674715,755.9541028662261,192.5,张家潭-同德路
55.550000000000004,19.70813409674715,756.9395095710635,192.55,张家潭-同德路
55.6,19.70813409674715,757.9249162759008,192.6,张家潭-同德路
55.650000000000006,19.70813409674715,758.9103229807382,192.65,张家潭-同德路
55.7,19.70813409674715,759.8957296855756,192.7,张家潭-同德路
55.75,19.70813409674715,760.881136390413,192.75,张家潭-同德路
55.800000000000004,19.70813409674715,761.8665430952503,192.8,张家潭-同德路
55.85,19.70813409674715,762.8519498000877,192.85,张家潭-同德路
55.900000000000006,19.70813409674715,763.8373565049251,192.9,张家潭-同德路
55.95,19.70813409674715,764.8227632097625,192.95,张家潭-同德路
56.0,19.70813409674715,765.8081699145998,193.0,张家潭-同德路
56.050000000000004,19.70813409674715,766.7935766194372,193.05,张家潭-同德路
56.1,19.70813409674715,767.7789833242746,193.1,张家潭-同德路
56.150000000000006,19.70813409674715,768.764390029112,193.15,张家潭-同德路
56.2,19.70813409674715,769.7497967339493,193.2,张家潭-同德路
56.25,19.70813409674715,770.7352034387867,193.25,张家潭-同德路
56.300000000000004,19.70813409674715,771.7206101436241,193.3,张家潭-同德路
56.35,19.70813409674715,772.7060168484614,193.35,张家潭-同德路
56.400000000000006,19.70813409674715,773.6914235532988,193.4,张家潭-同德路
56.45,19.70813409674715,774.6768302581362,193.45,张家潭-同德路
56.5,19.70813409674715,775.6622369629736,193.5,张家潭-同德路
56.550000000000004,19.70813409674715,776.6476436678109,193.55,张家潭-同德路
56.6,19.70813409674715,777.6330503726483,193.6,张家潭-同德路
56.650000000000006,19.70813409674715,778.6184570774857,193.65,张家潭-同德路
56.7,19.70813409674715,779.6038637823231,193.7,张家潭-同德路
56.75,19.70813409674715,780.5892704871604,193.75,张家潭-同德路
56.800000000000004,19.70813409674715,781.5746771919978,193.8,张家潭-同德路
56.85,19.70813409674715,782.5600838968352,193.85,张家潭-同德路
56.900000000000006,19.70813409674715,783.5454906016726,193.9,张家潭-同德路
56.95,19.70813409674715,784.5308973065099,193.95,张家潭-同德路
57.0,19.70813409674715,785.5163040113473,194.0,张家潭-同德路
57.050000000000004,19.70813409674715,786.5017107161847,194.05,张家潭-同德路
57.1,19.70813409674715,787.487117421022,194.1,张家潭-同德路
57.150000000000006,19.70813409674715,788.4725241258594,194.15,张家潭-同德路
57.2,19.70813409674715,789.4579308306968,194.2,张家潭-同德路
57.25,19.70813409674715,790.4433375355342,194.25,张家潭-同德路
57.300000000000004,19.70813409674715,791.4287442403715,194.3,张家潭-同德路
57.35,19.70813409674715,792.4141509452089,194.35,张家潭-同德路
57.400000000000006,19.70813409674715,793.3995576500463,194.4,张家潭-同德路
57.45,19.70813409674715,794.3849643548837,194.45,张家潭-同德路
57.5,19.70813409674715,795.370371059721,194.5,张家潭-同德路
57.550000000000004,19.70813409674715,796.3557777645584,194.55,张家潭-同德路
57.6,19.70813409674715,797.3411844693958,194.6,张家潭-同德路
57.650000000000006,19.70813409674715,798.3265911742332,194.65,张家潭-同德路
57.7,19.70813409674715,799.3119978790705,194.7,张家潭-同德路
57.75,19.70813409674715,800.2974045839079,194.75,张家潭-同德路
57.800000000000004,19.70813409674715,801.2828112887453,194.8,张家潭-同德路
57.85,19.70813409674715,802.2682179935827,194.85,张家潭-同德路
57.900000000000006,19.70813409674715,803.25362469842,194.9,张家潭-同德路
57.95,19.70813409674715,804.2390314032574,194.95,张家潭-同德路
58.0,19.70813409674715,805.2244381080948,195.0,张家潭-同德路
58.050000000000004,19.70813409674715,806.2098448129321,195.05,张家潭-同德路
58.1,19.70813409674715,807.1952515177695,195.1,张家潭-同德路
58.150000000000006,19.70813409674715,808.1806582226069,195.15,张家潭-同德路
58.2,19.70813409674715,809.1660649274443,195.2,张家潭-同德路
58.25,19.70813409674715,810.1514716322816,195.25,张家潭-同德路
58.300000000000004,19.70813409674715,811.136878337119,195.3,张家潭-同德路
58.35,19.70813409674715,812.1222850419564,195.35,张家潭-同德路
58.400000000000006,19.70813409674715,813.1076917467938,195.4,张家潭-同德路
58.45,19.70813409674715,814.0930984516311,195.45,张家潭-同德路
58.5,19.70813409674715,815.0785051564685,195.5,张家潭-同德路
58.550000000000004,19.70813409674715,816.0639118613059,195.55,张家潭-同德路
58.6,19.70813409674715,817.0493185661433,195.6,张家潭-同德路
58.650000000000006,19.70813409674715,818.0347252709806,195.65,张家潭-同德路
58.7,19.70813409674715,819.020131975818,195.7,张家潭-同德路
58.75,19.70813409674715,820.0055386806554,195.75,张家潭-同德路
58.800000000000004,19.70813409674715,820.9909453854928,195.8,张家潭-同德路
58.85,19.70813409674715,821.9763520903301,195.85,张家潭-同德路
58.900000000000006,19.70813409674715,822.9617587951675,195.9,张家潭-同德路
58.95,19.70813409674715,823.9471655000049,195.95,张家潭-同德路
59.0,19.70813409674715,824.9325722048422,196.0,张家潭-同德路
59.050000000000004,19.70813409674715,825.9179789096796,196.05,张家潭-同德路
59.1,19.70813409674715,826.903385614517,196.1,张家潭-同德路
59.150000000000006,19.70813409674715,827.8887923193544,196.15,张家潭-同德路
59.2,19.70813409674715,828.8741990241917,196.2,张家潭-同德路
59.25,19.70813409674715,829.8596057290291,196.25,张家潭-同德路
59.300000000000004,19.70813409674715,830.8450124338665,196.3,张家潭-同德路
59.35,19.70813409674715,831.8304191387039,196.35,张家潭-同德路
59.400000000000006,19.70813409674715,832.8158258435412,196.4,张家潭-同德路
59.45,19.70813409674715,833.8012325483786,196.45,张家潭-同德路
59.5,19.70813409674715,834.786639253216,196.5,张家潭-同德路
59.550000000000004,19.70813409674715,835.7720459580534,196.55,张家潭-同德路
59.6,19.70813409674715,836.7574526628907,196.6,张家潭-同德路
59.650000000000006,19.70813409674715,837.7428593677281,196.65,张家潭-同德路
59.7,19.70813409674715,838.7282660725655,196.7,张家潭-同德路
59.75,19.70813409674715,839.7136727774028,196.75,张家潭-同德路
59.800000000000004,19.70813409674715,840.6990794822402,196.8,张家潭-同德路
59.85,19.70813409674715,841.6844861870776,196.85,张家潭-同德路
59.900000000000006,19.70813409674715,842.669892891915,196.9,张家潭-同德路
59.95,19.70813409674715,843.6552995967523,196.95,张家潭-同德路
60.0,19.70813409674715,844.6407063015897,197.0,张家潭-同德路
60.050000000000004,19.70813409674715,845.6261130064271,197.05,张家潭-同德路
60.1,19.70813409674715,846.6115197112645,197.1,张家潭-同德路
60.150000000000006,19.70813409674715,847.5969264161018,197.15,张家潭-同德路
60.2,19.70813409674715,848.5823331209392,197.2,张家潭-同德路
60.25,19.70813409674715,849.5677398257766,197.25,张家潭-同德路
60.300000000000004,19.70813409674715,850.553146530614,197.3,张家潭-同德路
60.35,19.70813409674715,851.5385532354513,197.35,张家潭-同德路
60.400000000000006,19.70813409674715,852.5239599402887,197.4,张家潭-同德路
60.45,19.70813409674715,853.5093666451261,197.45,张家潭-同德路
60.5,19.70813409674715,854.4947733499635,197.5,张家潭-同德路
60.550000000000004,19.70813409674715,855.4801800548008,197.55,张家潭-同德路
60.6,19.70813409674715,856.4655867596382,197.6,张家潭-同德路
60.650000000000006,19.70813409674715,857.4509934644756,197.65,张家潭-同德路
60.7,19.70813409674715,858.436400169313,197.7,张家潭-同德路
60.75,19.70813409674715,859.4218068741503,197.75,张家潭-同德路
60.800000000000004,19.70813409674715,860.4072135789877,197.8,张家潭-同德路
60.85,19.70813409674715,861.3926202838251,197.85,张家潭-同德路
60.900000000000006,19.70813409674715,862.3780269886624,197.9,张家潭-同德路
60.95,19.70813409674715,863.3634336934998,197.95,张家潭-同德路
61.0,19.70813409674715,864.3488403983372,198.0,张家潭-同德路
61.050000000000004,19.70813409674715,865.3342471031746,198.05,张家潭-同德路
61.1,19.70813409674715,866.3196538080119,198.1,张家潭-同德路
61.150000000000006,19.70813409674715,867.3050605128493,198.15,张家潭-同德路
61.2,19.70813409674715,868.2904672176867,198.2,张家潭-同德路
61.25,19.70813409674715,869.275873922524,198.25,张家潭-同德路
61.300000000000004,19.70813409674715,870.2612806273614,198.3,张家潭-同德路
61.35,19.70813409674715,871.2466873321988,198.35,张家潭-同德路
61.400000000000006,19.70813409674715,872.2320940370362,198.4,张家潭-同德路
61.45,19.70813409674715,873.2175007418736,198.45,张家潭-同德路
61.5,19.70813409674715,874.2029074467109,198.5,张家潭-同德路
61.550000000000004,19.70813409674715,875.1883141515483,198.55,张家潭-同德路
61.6,19.70813409674715,876.1737208563857,198.6,张家潭-同德路
61.650000000000006,19.70813409674715,877.159127561223,198.65,张家潭-同德路
61.7,19.70813409674715,878.1445342660604,198.7,张家潭-同德路
61.75,19.70813409674715,879.1299409708978,198.75,张家潭-同德路
61.800000000000004,19.70813409674715,880.1153476757352,198.8,张家潭-同德路
61.85,19.70813409674715,881.1007543805725,198.85,张家潭-同德路
61.900000000000006,19.70813409674715,882.0861610854099,198.9,张家潭-同德路
61.95,19.70813409674715,883.0715677902473,198.95,张家潭-同德路
62.0,19.70813409674715,884.0569744950847,199.0,张家潭-同德路
62.050000000000004,19.70813409674715,885.042381199922,199.05,张家潭-同德路
62.1,19.70813409674715,886.0277879047594,199.1,张家潭-同德路
62.150000000000006,19.70813409674715,887.0131946095968,199.15,张家潭-同德路
62.2,19.70813409674715,887.9986013144342,199.2,张家潭-同德路
62.25,19.70813409674715,888.9840080192715,199.25,张家潭-同德路
62.300000000000004,19.70813409674715,889.9694147241089,199.3,张家潭-同德路
62.35,19.70813409674715,890.9548214289463,199.35,张家潭-同德路
62.400000000000006,19.70813409674715,891.9402281337836,199.4,张家潭-同德路
62.45,19.70813409674715,892.925634838621,199.45,张家潭-同德路
62.5,19.70813409674715,893.9110415434584,199.5,张家潭-同德路
62.550000000000004,19.70813409674715,894.8964482482958,199.55,张家潭-同德路
62.6,19.70813409674715,895.8818549531331,199.6,张家潭-同德路
62.650000000000006,19.70813409674715,896.8672616579705,199.65,张家潭-同德路
62.7,19.70813409674715,897.8526683628079,199.7,张家潭-同德路
62.75,19.70813409674715,898.8380750676453,199.75,张家潭-同德路
62.800000000000004,19.70813409674715,899.8234817724826,199.8,张家潭-同德路
62.85,19.70813409674715,900.80888847732,199.85,张家潭-同德路
62.900000000000006,19.70813409674715,901.7942951821574,199.9,张家潭-同德路
62.95,19.70813409674715,902.7797018869948,199.95,张家潭-同德路
63.0,19.70813409674715,903.7651085918321,200.0,张家潭-同德路
63.050000000000004,19.70813409674715,904.7505152966695,200.05,张家潭-同德路
63.1,19.70813409674715,905.7359220015069,200.1,张家潭-同德路
63.150000000000006,19.70813409674715,906.7213287063443,200.15,张家潭-同德路
63.2,19.70813409674715,907.7067354111816,200.2,张家潭-同德路
63.25,19.70813409674715,908.692142116019,200.25,张家潭-同德路
63.300000000000004,19.70813409674715,909.6775488208564,200.3,张家潭-同德路
63.35,19.70813409674715,910.6629555256937,200.35,张家潭-同德路
63.400000000000006,19.70813409674715,911.6483622305311,200.4,张家潭-同德路
63.45,19.70813409674715,912.6337689353685,200.45,张家潭-同德路
63.5,19.70813409674715,913.6191756402059,200.5,张家潭-同德路
63.550000000000004,19.70813409674715,914.6045823450432,200.55,张家潭-同德路
63.6,19.70813409674715,915.5899890498806,200.6,张家潭-同德路
63.650000000000006,19.70813409674715,916.575395754718,200.65,张家潭-同德路
63.7,19.70813409674715,917.5608024595554,200.7,张家潭-同德路
63.75,19.70813409674715,918.5462091643927,200.75,张家潭-同德路
63.800000000000004,19.70813409674715,919.5316158692301,200.8,张家潭-同德路
63.85,19.70813409674715,920.5170225740675,200.85,张家潭-同德路
63.900000000000006,19.70813409674715,921.5024292789049,200.9,张家潭-同德路
63.95,19.70813409674715,922.4878359837422,200.95,张家潭-同德路
64.0,19.70813409674715,923.4732426885796,201.0,张家潭-同德路
64.05,19.70813409674715,924.458649393417,201.05,张家潭-同德路
64.10000000000001,19.70813409674715,925.4440560982544,201.10000000000002,张家潭-同德路
64.15,19.70813409674715,926.4294628030917,201.15,张家潭-同德路
64.2,19.70813409674715,927.4148695079291,201.2,张家潭-同德路
64.25,19.70813409674715,928.4002762127665,201.25,张家潭-同德路
64.3,19.70813409674715,929.3856829176038,201.3,张家潭-同德路
64.35000000000001,19.70813409674715,930.3710896224412,201.35000000000002,张家潭-同德路
64.4,19.70813409674715,931.3564963272786,201.4,张家潭-同德路
64.45,19.70813409674715,932.341903032116,201.45,张家潭-同德路
64.5,19.70813409674715,933.3273097369533,201.5,张家潭-同德路
64.55,19.70813409674715,934.3127164417907,201.55,张家潭-同德路
64.60000000000001,19.70813409674715,935.2981231466281,201.60000000000002,张家潭-同德路
64.65,19.70813409674715,936.2835298514655,201.65,张家潭-同德路
64.7,19.70813409674715,937.2689365563028,201.7,张家潭-同德路
64.75,19.70813409674715,938.2543432611402,201.75,张家潭-同德路
64.8,19.70813409674715,939.2397499659776,201.8,张家潭-同德路
64.85000000000001,19.70813409674715,940.225156670815,201.85000000000002,张家潭-同德路
64.9,19.70813409674715,941.2105633756523,201.9,张家潭-同德路
64.95,19.70813409674715,942.1959700804897,201.95,张家潭-同德路
65.0,19.70813409674715,943.1813767853271,202.0,张家潭-同德路
65.05,19.70813409674715,944.1667834901644,202.05,张家潭-同德路
65.10000000000001,19.70813409674715,945.1521901950018,202.10000000000002,张家潭-同德路
65.15,19.70813409674715,946.1375968998392,202.15,张家潭-同德路
65.2,19.70813409674715,947.1230036046766,202.2,张家潭-同德路
65.25,19.70813409674715,948.1084103095139,202.25,张家潭-同德路
65.3,19.70813409674715,949.0938170143513,202.3,张家潭-同德路
65.35000000000001,19.70813409674715,950.0792237191887,202.35000000000002,张家潭-同德路
65.4,19.70813409674715,951.0646304240261,202.4,张家潭-同德路
65.45,19.70813409674715,952.0500371288634,202.45,张家潭-同德路
65.5,19.70813409674715,953.0354438337008,202.5,张家潭-同德路
65.55,19.70813409674715,954.0208505385382,202.55,张家潭-同德路
65.60000000000001,19.70813409674715,955.0062572433756,202.60000000000002,张家潭-同德路
65.65,19.70813409674715,955.9916639482129,202.65,张家潭-同德路
65.7,19.70813409674715,956.9770706530503,202.7,张家潭-同德路
65.75,19.70813409674715,957.9624773578877,202.75,张家潭-同德路
65.8,19.70813409674715,958.947884062725,202.8,张家潭-同德路
65.85000000000001,19.70813409674715,959.9332907675624,202.85000000000002,张家潭-同德路
65.9,19.70813409674715,960.9186974723998,202.9,张家潭-同德路
65.95,19.70813409674715,961.9041041772372,202.95,张家潭-同德路
66.0,19.70813409674715,962.8895108820745,203.0,张家潭-同德路
66.05,19.70813409674715,963.8749175869119,203.05,张家潭-同德路
66.10000000000001,19.70813409674715,964.8603242917493,203.10000000000002,张家潭-同德路
66.15,19.70813409674715,965.8457309965867,203.15,张家潭-同德路
66.2,19.70813409674715,966.831137701424,203.2,张家潭-同德路
66.25,19.70813409674715,967.8165444062614,203.25,张家潭-同德路
66.3,19.70813409674715,968.8019511110988,203.3,张家潭-同德路
66.35000000000001,19.70813409674715,969.7873578159362,203.35000000000002,张家潭-同德路
66.4,19.70813409674715,970.7727645207735,203.4,张家潭-同德路
66.45,19.70813409674715,971.7581712256109,203.45,张家潭-同德路
66.5,19.70813409674715,972.7435779304483,203.5,张家潭-同德路
66.55,19.70813409674715,973.7289846352857,203.55,张家潭-同德路
66.60000000000001,19.70813409674715,974.714391340123,203.60000000000002,张家潭-同德路
66.65,19.70813409674715,975.6997980449604,203.65,张家潭-同德路
66.7,19.70813409674715,976.6852047497978,203.7,张家潭-同德路
66.75,19.70813409674715,977.6706114546352,203.75,张家潭-同德路
66.8,19.70813409674715,978.6560181594725,203.8,张家潭-同德路
66.85000000000001,19.70813409674715,979.6414248643099,203.85000000000002,张家潭-同德路
66.9,19.70813409674715,980.6268315691473,203.9,张家潭-同德路
66.95,19.70813409674715,981.6122382739846,203.95,张家潭-同德路
67.0,19.70813409674715,982.597644978822,204.0,张家潭-同德路
67.05,19.70813409674715,983.5830516836594,204.05,张家潭-同德路
67.10000000000001,19.70813409674715,984.5684583884968,204.10000000000002,张家潭-同德路
67.15,19.70813409674715,985.5538650933341,204.15,张家潭-同德路
67.2,19.70813409674715,986.5392717981715,204.2,张家潭-同德路
67.25,19.70813409674715,987.5246785030089,204.25,张家潭-同德路
67.3,19.70813409674715,988.5100852078463,204.3,张家潭-同德路
67.35000000000001,19.70813409674715,989.4954919126836,204.35000000000002,张家潭-同德路
67.4,19.70813409674715,990.480898617521,204.4,张家潭-同德路
67.45,19.70813409674715,991.4663053223584,204.45,张家潭-同德路
67.5,19.70813409674715,992.4517120271958,204.5,张家潭-同德路
67.55,19.70813409674715,993.4371187320331,204.55,张家潭-同德路
67.60000000000001,19.70813409674715,994.4225254368705,204.60000000000002,张家潭-同德路
67.65,19.70813409674715,995.4079321417079,204.65,张家潭-同德路
67.7,19.70813409674715,996.3933388465452,204.7,张家潭-同德路
67.75,19.70813409674715,997.3787455513826,204.75,张家潭-同德路
67.8,19.70813409674715,998.36415225622,204.8,张家潭-同德路
67.85000000000001,19.70813409674715,999.3495589610574,204.85000000000002,张家潭-同德路
67.9,19.70813409674715,1000.3349656658947,204.9,张家潭-同德路
67.95,19.70813409674715,1001.3203723707321,204.95,张家潭-同德路
68.0,19.70813409674715,1002.3057790755695,205.0,张家潭-同德路
68.05,19.70813409674715,1003.2911857804069,205.05,张家潭-同德路
68.10000000000001,19.70813409674715,1004.2765924852442,205.10000000000002,张家潭-同德路
68.15,19.70813409674715,1005.2619991900816,205.15,张家潭-同德路
68.2,19.70813409674715,1006.247405894919,205.2,张家潭-同德路
68.25,19.70813409674715,1007.2328125997564,205.25,张家潭-同德路
68.3,19.70813409674715,1008.2182193045937,205.3,张家潭-同德路
68.35000000000001,19.70813409674715,1009.2036260094311,205.35000000000002,张家潭-同德路
68.4,19.70813409674715,1010.1890327142685,205.4,张家潭-同德路
68.45,19.70813409674715,1011.1744394191059,205.45,张家潭-同德路
68.5,19.70813409674715,1012.1598461239432,205.5,张家潭-同德路
68.55,19.70813409674715,1013.1452528287806,205.55,张家潭-同德路
68.60000000000001,19.70813409674715,1014.130659533618,205.60000000000002,张家潭-同德路
68.65,19.70813409674715,1015.1160662384553,205.65,张家潭-同德路
68.7,19.70813409674715,1016.1014729432927,205.7,张家潭-同德路
68.75,19.70813409674715,1017.0868796481301,205.75,张家潭-同德路
68.8,19.70813409674715,1018.0722863529675,205.8,张家潭-同德路
68.85000000000001,19.70813409674715,1019.0576930578048,205.85000000000002,张家潭-同德路
68.9,19.70813409674715,1020.0430997626422,205.9,张家潭-同德路
68.95,19.70813409674715,1021.0285064674796,205.95,张家潭-同德路
69.0,19.70813409674715,1022.013913172317,206.0,张家潭-同德路
69.05,19.70813409674715,1022.9993198771543,206.05,张家潭-同德路
69.10000000000001,19.70813409674715,1023.9847265819917,206.10000000000002,张家潭-同德路
69.15,19.70813409674715,1024.970133286829,206.15,张家潭-同德路
69.2,19.70813409674715,1025.9555399916662,206.2,张家潭-同德路
69.25,19.70813409674715,1026.9409466965035,206.25,张家潭-同德路
69.3,19.70813409674715,1027.9263534013407,206.3,张家潭-同德路
69.35000000000001,19.70813409674715,1028.911760106178,206.35000000000002,张家潭-同德路
69.4,19.70813409674715,1029.8971668110153,206.4,张家潭-同德路
69.45,19.70813409674715,1030.8825735158525,206.45,张家潭-同德路
69.5,19.70813409674715,1031.8679802206898,206.5,张家潭-同德路
69.55,19.70813409674715,1032.853386925527,206.55,张家潭-同德路
69.60000000000001,19.70813409674715,1033.8387936303643,206.60000000000002,张家潭-同德路
69.65,19.70813409674715,1034.8242003352016,206.65,张家潭-同德路
69.7,19.70813409674715,1035.8096070400388,206.7,张家潭-同德路
69.75,19.70813409674715,1036.795013744876,206.75,张家潭-同德路
69.8,19.70813409674715,1037.7804204497133,206.8,张家潭-同德路
69.85000000000001,19.70813409674715,1038.7658271545506,206.85000000000002,张家潭-同德路
69.9,19.70813409674715,1039.7512338593879,206.9,张家潭-同德路
69.95,19.70813409674715,1040.7366405642251,206.95,张家潭-同德路
70.0,19.70813409674715,1041.7220472690624,207.0,张家潭-同德路
70.05,19.70813409674715,1042.7074539738996,207.05,张家潭-同德路
70.10000000000001,19.70813409674715,1043.692860678737,207.10000000000002,张家潭-同德路
70.15,19.70813409674715,1044.6782673835742,207.15,张家潭-同德路
70.2,19.70813409674715,1045.6636740884114,207.2,张家潭-同德路
70.25,19.70813409674715,1046.6490807932487,207.25,张家潭-同德路
70.3,19.70813409674715,1047.634487498086,207.3,张家潭-同德路
70.35000000000001,19.70813409674715,1048.6198942029232,207.35000000000002,张家潭-同德路
70.4,19.70813409674715,1049.6053009077605,207.4,张家潭-同德路
70.45,19.70813409674715,1050.5907076125977,207.45,张家潭-同德路
70.5,19.70813409674715,1051.576114317435,207.5,张家潭-同德路
70.55,19.70813409674715,1052.5615210222722,207.55,张家潭-同德路
70.60000000000001,19.70813409674715,1053.5469277271095,207.60000000000002,张家潭-同德路
70.65,19.70813409674715,1054.5323344319468,207.65,张家潭-同德路
70.7,19.70813409674715,1055.517741136784,207.7,张家潭-同德路
70.75,19.70813409674715,1056.5031478416213,207.75,张家潭-同德路
70.8,19.70813409674715,1057.4885545464585,207.8,张家潭-同德路
70.85000000000001,19.70813409674715,1058.4739612512958,207.85000000000002,张家潭-同德路
70.9,19.70813409674715,1059.459367956133,207.9,张家潭-同德路
70.95,19.70813409674715,1060.4447746609703,207.95,张家潭-同德路
71.0,19.70813409674715,1061.4301813658076,208.0,张家潭-同德路
71.05,19.70813409674715,1062.4155880706448,208.05,张家潭-同德路
71.10000000000001,19.70813409674715,1063.400994775482,208.10000000000002,张家潭-同德路
71.15,19.70813409674715,1064.3864014803194,208.15,张家潭-同德路
71.2,19.70813409674715,1065.3718081851566,208.2,张家潭-同德路
71.25,19.70813409674715,1066.3572148899939,208.25,张家潭-同德路
71.3,19.70813409674715,1067.3426215948311,208.3,张家潭-同德路
71.35000000000001,19.70813409674715,1068.3280282996684,208.35000000000002,张家潭-同德路
71.4,19.70813409674715,1069.3134350045057,208.4,张家潭-同德路
71.45,19.70813409674715,1070.298841709343,208.45,张家潭-同德路
71.5,19.70813409674715,1071.2842484141802,208.5,张家潭-同德路
71.55,19.70813409674715,1072.2696551190174,208.55,张家潭-同德路
71.60000000000001,19.70813409674715,1073.2550618238547,208.60000000000002,张家潭-同德路
71.65,19.70813409674715,1074.240468528692,208.65,张家潭-同德路
71.7,19.70813409674715,1075.2258752335292,208.7,张家潭-同德路
71.75,19.70813409674715,1076.2112819383665,208.75,张家潭-同德路
71.8,19.70813409674715,1077.1966886432037,208.8,张家潭-同德路
71.85000000000001,19.70813409674715,1078.182095348041,208.85000000000002,张家潭-同德路
71.9,19.70813409674715,1079.1675020528783,208.9,张家潭-同德路
71.95,19.70813409674715,1080.1529087577155,208.95,张家潭-同德路
72.0,19.70813409674715,1081.1383154625528,209.0,张家潭-同德路
72.05,19.70813409674715,1082.12372216739,209.05,张家潭-同德路
72.10000000000001,19.70813409674715,1083.1091288722273,209.10000000000002,张家潭-同德路
72.15,19.70813409674715,1084.0945355770646,209.15,张家潭-同德路
72.2,19.70813409674715,1085.0799422819018,209.2,张家潭-同德路
72.25,19.70813409674715,1086.065348986739,209.25,张家潭-同德路
72.3,19.70813409674715,1087.0507556915763,209.3,张家潭-同德路
72.35000000000001,19.70813409674715,1088.0361623964136,209.35000000000002,张家潭-同德路
72.4,19.70813409674715,1089.0215691012509,209.4,张家潭-同德路
72.45,19.70813409674715,1090.0069758060881,209.45,张家潭-同德路
72.5,19.70813409674715,1090.9923825109254,209.5,张家潭-同德路
72.55,19.70813409674715,1091.9777892157626,209.55,张家潭-同德路
72.60000000000001,19.70813409674715,1092.9631959206,209.60000000000002,张家潭-同德路
72.65,19.70813409674715,1093.9486026254372,209.65,张家潭-同德路
72.7,19.70813409674715,1094.9340093302744,209.7,张家潭-同德路
72.75,19.70813409674715,1095.9194160351117,209.75,张家潭-同德路
72.8,19.70813409674715,1096.904822739949,209.8,张家潭-同德路
72.85000000000001,19.70813409674715,1097.8902294447862,209.85000000000002,张家潭-同德路
72.9,19.70813409674715,1098.8756361496235,209.9,张家潭-同德路
72.95,19.70813409674715,1099.8610428544607,209.95,张家潭-同德路
73.0,19.70813409674715,1100.846449559298,210.0,张家潭-同德路
73.05,19.70813409674715,1101.8318562641352,210.05,张家潭-同德路
73.10000000000001,19.70813409674715,1102.8172629689725,210.10000000000002,张家潭-同德路
73.15,19.70813409674715,1103.8026696738098,210.15,张家潭-同德路
73.2,19.70813409674715,1104.788076378647,210.2,张家潭-同德路
73.25,19.70813409674715,1105.7734830834843,210.25,张家潭-同德路
73.3,19.70813409674715,1106.7588897883215,210.3,张家潭-同德路
73.35000000000001,19.70813409674715,1107.7442964931588,210.35000000000002,张家潭-同德路
73.4,19.70813409674715,1108.729703197996,210.4,张家潭-同德路
73.45,19.70813409674715,1109.7151099028333,210.45,张家潭-同德路
73.5,19.70813409674715,1110.7005166076706,210.5,张家潭-同德路
73.55,19.70813409674715,1111.6859233125078,210.55,张家潭-同德路
73.60000000000001,19.70813409674715,1112.671330017345,210.60000000000002,张家潭-同德路
73.65,19.70813409674715,1113.6567367221824,210.65,张家潭-同德路
73.7,19.70813409674715,1114.6421434270196,210.7,张家潭-同德路
73.75,19.70813409674715,1115.6275501318569,210.75,张家潭-同德路
73.8,19.70813409674715,1116.6129568366941,210.8,张家潭-同德路
73.85000000000001,19.70813409674715,1117.5983635415314,210.85000000000002,张家潭-同德路
73.9,19.70813409674715,1118.5837702463687,210.9,张家潭-同德路
73.95,19.70813409674715,1119.569176951206,210.95,张家潭-同德路
74.0,19.70813409674715,1120.5545836560432,211.0,张家潭-同德路
74.05,19.70813409674715,1121.5399903608804,211.05,张家潭-同德路
74.10000000000001,19.70813409674715,1122.5253970657177,211.10000000000002,张家潭-同德路
74.15,19.70813409674715,1123.510803770555,211.15,张家潭-同德路
74.2,19.70813409674715,1124.4962104753922,211.2,张家潭-同德路
74.25,19.70813409674715,1125.4816171802295,211.25,张家潭-同德路
74.3,19.70813409674715,1126.4670238850667,211.3,张家潭-同德路
74.35000000000001,19.70813409674715,1127.452430589904,211.35000000000002,张家潭-同德路
74.4,19.70813409674715,1128.4378372947413,211.4,张家潭-同德路
74.45,19.70813409674715,1129.4232439995785,211.45,张家潭-同德路
74.5,19.70813409674715,1130.4086507044158,211.5,张家潭-同德路
74.55,19.70813409674715,1131.394057409253,211.55,张家潭-同德路
74.60000000000001,19.70813409674715,1132.3794641140903,211.60000000000002,张家潭-同德路
74.65,19.70813409674715,1133.3648708189276,211.65,张家潭-同德路
74.7,19.70813409674715,1134.3502775237648,211.7,张家潭-同德路
74.75,19.70813409674715,1135.335684228602,211.75,张家潭-同德路
74.8,19.70813409674715,1136.3210909334393,211.8,张家潭-同德路
74.85000000000001,19.70813409674715,1137.3064976382766,211.85000000000002,张家潭-同德路
74.9,19.70813409674715,1138.2919043431139,211.9,张家潭-同德路
74.95,19.70813409674715,1139.2773110479511,211.95,张家潭-同德路
75.0,19.70813409674715,1140.2627177527884,212.0,张家潭-同德路
75.05,19.70813409674715,1141.2481244576256,212.05,张家潭-同德路
75.10000000000001,19.70813409674715,1142.233531162463,212.10000000000002,张家潭-同德路
75.15,19.70813409674715,1143.2189378673002,212.15,张家潭-同德路
75.2,19.70813409674715,1144.2043445721374,212.2,张家潭-同德路
75.25,19.70813409674715,1145.1897512769747,212.25,张家潭-同德路
75.3,19.70813409674715,1146.175157981812,212.3,张家潭-同德路
75.35000000000001,19.70813409674715,1147.1605646866492,212.35000000000002,张家潭-同德路
75.4,19.70813409674715,1148.1459713914865,212.4,张家潭-同德路
75.45,19.70813409674715,1149.1313780963237,212.45,张家潭-同德路
75.5,19.70813409674715,1150.116784801161,212.5,张家潭-同德路
75.55,19.70813409674715,1151.1021915059982,212.55,张家潭-同德路
75.60000000000001,19.70813409674715,1152.0875982108355,212.60000000000002,张家潭-同德路
75.65,19.70813409674715,1153.0730049156728,212.65,张家潭-同德路
75.7,19.70813409674715,1154.05841162051,212.7,张家潭-同德路
75.75,19.70813409674715,1155.0438183253473,212.75,张家潭-同德路
75.8,19.70813409674715,1156.0292250301845,212.8,张家潭-同德路
75.85000000000001,19.70813409674715,1157.0146317350218,212.85000000000002,张家潭-同德路
75.9,19.70813409674715,1158.000038439859,212.9,张家潭-同德路
75.95,19.70813409674715,1158.9854451446963,212.95,张家潭-同德路
76.0,19.70813409674715,1159.9708518495336,213.0,张家潭-同德路
76.05,19.70813409674715,1160.9562585543708,213.05,张家潭-同德路
76.10000000000001,19.70813409674715,1161.941665259208,213.10000000000002,张家潭-同德路
76.15,19.70813409674715,1162.9270719640454,213.15,张家潭-同德路
76.2,19.70813409674715,1163.9124786688826,213.2,张家潭-同德路
76.25,19.70813409674715,1164.8978853737199,213.25,张家潭-同德路
76.3,19.70813409674715,1165.8832920785571,213.3,张家潭-同德路
76.35000000000001,19.70813409674715,1166.8686987833944,213.35000000000002,张家潭-同德路
76.4,19.70813409674715,1167.8541054882317,213.4,张家潭-同德路
76.45,19.70813409674715,1168.839512193069,213.45,张家潭-同德路
76.5,19.70813409674715,1169.8249188979062,213.5,张家潭-同德路
76.55,19.70813409674715,1170.8103256027434,213.55,张家潭-同德路
76.60000000000001,19.70813409674715,1171.7957323075807,213.60000000000002,张家潭-同德路
76.65,19.70813409674715,1172.781139012418,213.65,张家潭-同德路
76.7,19.70813409674715,1173.7665457172552,213.7,张家潭-同德路
76.75,19.70813409674715,1174.7519524220925,213.75,张家潭-同德路
76.80000000000001,19.70813409674715,1175.7373591269297,213.8,张家潭-同德路
76.85000000000001,19.70813409674715,1176.722765831767,213.85000000000002,张家潭-同德路
76.9,19.70813409674715,1177.7081725366043,213.9,张家潭-同德路
76.95,19.70813409674715,1178.6935792414415,213.95,张家潭-同德路
77.0,19.70813409674715,1179.6789859462788,214.0,张家潭-同德路
77.05000000000001,19.70813409674715,1180.664392651116,214.05,张家潭-同德路
77.10000000000001,19.70813409674715,1181.6497993559533,214.10000000000002,张家潭-同德路
77.15,19.70813409674715,1182.6352060607906,214.15,张家潭-同德路
77.2,19.70813409674715,1183.6206127656278,214.2,张家潭-同德路
77.25,19.70813409674715,1184.606019470465,214.25,张家潭-同德路
77.30000000000001,19.70813409674715,1185.5914261753023,214.3,张家潭-同德路
77.35000000000001,19.70813409674715,1186.5768328801396,214.35000000000002,张家潭-同德路
77.4,19.70813409674715,1187.5622395849769,214.4,张家潭-同德路
77.45,19.70813409674715,1188.547646289814,214.45,张家潭-同德路
77.5,19.70813409674715,1189.5330529946514,214.5,张家潭-同德路
77.55000000000001,19.70813409674715,1190.5184596994886,214.55,张家潭-同德路
77.60000000000001,19.70813409674715,1191.503866404326,214.60000000000002,张家潭-同德路
77.65,19.70813409674715,1192.4892731091632,214.65,张家潭-同德路
77.7,19.70813409674715,1193.4746798140004,214.7,张家潭-同德路
77.75,19.70813409674715,1194.4600865188377,214.75,张家潭-同德路
77.80000000000001,19.70813409674715,1195.445493223675,214.8,张家潭-同德路
77.85000000000001,19.70813409674715,1196.4308999285122,214.85000000000002,张家潭-同德路
77.9,19.70813409674715,1197.4163066333494,214.9,张家潭-同德路
77.95,19.70813409674715,1198.4017133381867,214.95,张家潭-同德路
78.0,19.70813409674715,1199.387120043024,215.0,张家潭-同德路
78.05000000000001,19.70813409674715,1200.3725267478612,215.05,张家潭-同德路
78.10000000000001,19.70813409674715,1201.3579334526985,215.10000000000002,张家潭-同德路
78.15,19.70813409674715,1202.3433401575357,215.15,张家潭-同德路
78.2,19.70813409674715,1203.328746862373,215.2,张家潭-同德路
78.25,19.70813409674715,1204.3141535672103,215.25,张家潭-同德路
78.30000000000001,19.70813409674715,1205.2995602720475,215.3,张家潭-同德路
78.35000000000001,19.70813409674715,1206.2849669768848,215.35000000000002,张家潭-同德路
78.4,19.70813409674715,1207.270373681722,215.4,张家潭-同德路
78.45,19.70813409674715,1208.2557803865593,215.45,张家潭-同德路
78.5,19.70813409674715,1209.2411870913966,215.5,张家潭-同德路
78.55000000000001,19.70813409674715,1210.2265937962338,215.55,张家潭-同德路
78.60000000000001,19.70813409674715,1211.212000501071,215.60000000000002,张家潭-同德路
78.65,19.70813409674715,1212.1974072059083,215.65,张家潭-同德路
78.7,19.70813409674715,1213.1828139107456,215.7,张家潭-同德路
78.75,19.70813409674715,1214.1682206155829,215.75,张家潭-同德路
78.80000000000001,19.70813409674715,1215.1536273204201,215.8,张家潭-同德路
78.85000000000001,19.70813409674715,1216.1390340252574,215.85000000000002,张家潭-同德路
78.9,19.70813409674715,1217.1244407300946,215.9,张家潭-同德路
78.95,19.70813409674715,1218.109847434932,215.95,张家潭-同德路
79.0,19.70813409674715,1219.0952541397692,216.0,张家潭-同德路
79.05000000000001,19.70813409674715,1220.0806608446064,216.05,张家潭-同德路
79.10000000000001,19.70813409674715,1221.0660675494437,216.10000000000002,张家潭-同德路
79.15,19.70813409674715,1222.051474254281,216.15,张家潭-同德路
79.2,19.70813409674715,1223.0368809591182,216.2,张家潭-同德路
79.25,19.70813409674715,1224.0222876639555,216.25,张家潭-同德路
79.30000000000001,19.70813409674715,1225.0076943687927,216.3,张家潭-同德路
79.35000000000001,19.70813409674715,1225.99310107363,216.35000000000002,张家潭-同德路
79.4,19.70813409674715,1226.9785077784672,216.4,张家潭-同德路
79.45,19.70813409674715,1227.9639144833045,216.45,张家潭-同德路
79.5,19.70813409674715,1228.9493211881418,216.5,张家潭-同德路
79.55000000000001,19.70813409674715,1229.934727892979,216.55,张家潭-同德路
79.60000000000001,19.70813409674715,1230.9201345978163,216.60000000000002,张家潭-同德路
79.65,19.70813409674715,1231.9055413026535,216.65,张家潭-同德路
79.7,19.70813409674715,1232.8909480074908,216.7,张家潭-同德路
79.75,19.70813409674715,1233.876354712328,216.75,张家潭-同德路
79.80000000000001,19.70813409674715,1234.8617614171653,216.8,张家潭-同德路
79.85000000000001,19.70813409674715,1235.8471681220026,216.85000000000002,张家潭-同德路
79.9,19.70813409674715,1236.8325748268398,216.9,张家潭-同德路
79.95,19.70813409674715,1237.817981531677,216.95,张家潭-同德路
80.0,19.70813409674715,1238.8033882365144,217.0,张家潭-同德路
80.05000000000001,19.70813409674715,1239.7887949413516,217.05,张家潭-同德路
80.10000000000001,19.70813409674715,1240.7742016461889,217.10000000000002,张家潭-同德路
80.15,19.70813409674715,1241.7596083510261,217.15,张家潭-同德路
80.2,19.70813409674715,1242.7450150558634,217.2,张家潭-同德路
80.25,19.70813409674715,1243.7304217607007,217.25,张家潭-同德路
80.30000000000001,19.70813409674715,1244.715828465538,217.3,张家潭-同德路
80.35000000000001,19.70813409674715,1245.7012351703752,217.35000000000002,张家潭-同德路
80.4,19.70813409674715,1246.6866418752124,217.4,张家潭-同德路
80.45,19.70813409674715,1247.6720485800497,217.45,张家潭-同德路
80.5,19.70813409674715,1248.657455284887,217.5,张家潭-同德路
80.55000000000001,19.70813409674715,1249.6428619897242,217.55,张家潭-同德路
80.60000000000001,19.70813409674715,1250.6282686945615,217.60000000000002,张家潭-同德路
80.65,19.70813409674715,1251.6136753993987,217.65,张家潭-同德路
80.7,19.70813409674715,1252.599082104236,217.7,张家潭-同德路
80.75,19.70813409674715,1253.5844888090733,217.75,张家潭-同德路
80.80000000000001,19.70813409674715,1254.5698955139105,217.8,张家潭-同德路
80.85000000000001,19.70813409674715,1255.5553022187478,217.85000000000002,张家潭-同德路
80.9,19.70813409674715,1256.540708923585,217.9,张家潭-同德路
80.95,19.70813409674715,1257.5261156284223,217.95,张家潭-同德路
81.0,19.70813409674715,1258.5115223332596,218.0,张家潭-同德路
81.05000000000001,19.70813409674715,1259.4969290380968,218.05,张家潭-同德路
81.10000000000001,19.70813409674715,1260.482335742934,218.10000000000002,张家潭-同德路
81.15,19.70813409674715,1261.4677424477713,218.15,张家潭-同德路
81.2,19.70813409674715,1262.4531491526086,218.2,张家潭-同德路
81.25,19.70813409674715,1263.4385558574459,218.25,张家潭-同德路
81.30000000000001,19.70813409674715,1264.4239625622831,218.3,张家潭-同德路
81.35000000000001,19.70813409674715,1265.4093692671204,218.35000000000002,张家潭-同德路
81.4,19.70813409674715,1266.3947759719576,218.4,张家潭-同德路
81.45,19.70813409674715,1267.380182676795,218.45,张家潭-同德路
81.5,19.70813409674715,1268.3655893816322,218.5,张家潭-同德路
81.55000000000001,19.70813409674715,1269.3509960864694,218.55,张家潭-同德路
81.60000000000001,19.70813409674715,1270.3364027913067,218.60000000000002,张家潭-同德路
81.65,19.70813409674715,1271.321809496144,218.65,张家潭-同德路
81.7,19.70813409674715,1272.3072162009812,218.7,张家潭-同德路
81.75,19.70813409674715,1273.2926229058185,218.75,张家潭-同德路
81.80000000000001,19.70813409674715,1274.2780296106557,218.8,张家潭-同德路
81.85000000000001,19.70813409674715,1275.263436315493,218.85000000000002,张家潭-同德路
81.9,19.70813409674715,1276.2488430203302,218.9,张家潭-同德路
81.95,19.70813409674715,1277.2342497251675,218.95,张家潭-同德路
82.0,19.70813409674715,1278.2196564300048,219.0,张家潭-同德路
82.05000000000001,19.70813409674715,1279.205063134842,219.05,张家潭-同德路
82.10000000000001,19.70813409674715,1280.1904698396793,219.10000000000002,张家潭-同德路
82.15,19.70813409674715,1281.1758765445165,219.15,张家潭-同德路
82.2,19.70813409674715,1282.1612832493538,219.2,张家潭-同德路
82.25,19.70813409674715,1283.146689954191,219.25,张家潭-同德路
82.30000000000001,19.70813409674715,1284.1320966590283,219.3,张家潭-同德路
82.35000000000001,19.70813409674715,1285.1175033638656,219.35000000000002,张家潭-同德路
82.4,19.70813409674715,1286.1029100687028,219.4,张家潭-同德路
82.45,19.70813409674715,1287.08831677354,219.45,张家潭-同德路
82.5,19.70813409674715,1288.0737234783774,219.5,张家潭-同德路
82.55000000000001,19.70813409674715,1289.0591301832146,219.55,张家潭-同德路
82.60000000000001,19.70813409674715,1290.0445368880519,219.60000000000002,张家潭-同德路
82.65,19.70813409674715,1291.0299435928891,219.65,张家潭-同德路
82.7,19.70813409674715,1292.0153502977264,219.7,张家潭-同德路
82.75,19.70813409674715,1293.0007570025637,219.75,张家潭-同德路
82.80000000000001,19.70813409674715,1293.986163707401,219.8,张家潭-同德路
82.85000000000001,19.70813409674715,1294.9715704122382,219.85000000000002,张家潭-同德路
82.9,19.70813409674715,1295.9569771170754,219.9,张家潭-同德路
82.95,19.70813409674715,1296.9423838219127,219.95,张家潭-同德路
83.0,19.70813409674715,1297.92779052675,220.0,张家潭-同德路
83.05000000000001,19.70813409674715,1298.9131972315872,220.05,张家潭-同德路
83.10000000000001,19.70813409674715,1299.8986039364245,220.10000000000002,张家潭-同德路
83.15,19.70813409674715,1300.8840106412617,220.15,张家潭-同德路
83.2,19.70813409674715,1301.869417346099,220.2,张家潭-同德路
83.25,19.70813409674715,1302.8548240509363,220.25,张家潭-同德路
83.30000000000001,19.70813409674715,1303.8402307557735,220.3,张家潭-同德路
83.35000000000001,19.70813409674715,1304.8256374606108,220.35000000000002,张家潭-同德路
83.4,19.70813409674715,1305.811044165448,220.4,张家潭-同德路
83.45,19.70813409674715,1306.7964508702853,220.45,张家潭-同德路
83.5,19.70813409674715,1307.7818575751226,220.5,张家潭-同德路
83.55000000000001,19.70813409674715,1308.7672642799598,220.55,张家潭-同德路
83.60000000000001,19.70813409674715,1309.752670984797,220.60000000000002,张家潭-同德路
83.65,19.70813409674715,1310.7380776896343,220.65,张家潭-同德路
83.7,19.70813409674715,1311.7234843944716,220.7,张家潭-同德路
83.75,19.70813409674715,1312.7088910993089,220.75,张家潭-同德路
83.80000000000001,19.70813409674715,1313.6942978041461,220.8,张家潭-同德路
83.85000000000001,19.70813409674715,1314.6797045089834,220.85000000000002,张家潭-同德路
83.9,19.70813409674715,1315.6651112138206,220.9,张家潭-同德路
83.95,19.70813409674715,1316.650517918658,220.95,张家潭-同德路
84.0,19.70813409674715,1317.6359246234952,221.0,张家潭-同德路
84.05000000000001,19.70813409674715,1318.6213313283324,221.05,张家潭-同德路
84.10000000000001,19.70813409674715,1319.6067380331697,221.10000000000002,张家潭-同德路
84.15,19.70813409674715,1320.592144738007,221.15,张家潭-同德路
84.2,19.70813409674715,1321.5775514428442,221.2,张家潭-同德路
84.25,19.70813409674715,1322.5629581476815,221.25,张家潭-同德路
84.30000000000001,19.70813409674715,1323.5483648525187,221.3,张家潭-同德路
84.35000000000001,19.70813409674715,1324.533771557356,221.35000000000002,张家潭-同德路
84.4,19.70813409674715,1325.5191782621932,221.4,张家潭-同德路
84.45,19.70813409674715,1326.5045849670305,221.45,张家潭-同德路
84.5,19.70813409674715,1327.4899916718678,221.5,张家潭-同德路
84.55000000000001,19.70813409674715,1328.475398376705,221.55,张家潭-同德路
84.60000000000001,19.70813409674715,1329.4608050815423,221.60000000000002,张家潭-同德路
84.65,19.70813409674715,1330.4462117863795,221.65,张家潭-同德路
84.7,19.70813409674715,1331.4316184912168,221.7,张家潭-同德路
84.75,19.70813409674715,1332.417025196054,221.75,张家潭-同德路
84.80000000000001,19.70813409674715,1333.4024319008913,221.8,张家潭-同德路
84.85000000000001,19.70813409674715,1334.3878386057286,221.85000000000002,张家潭-同德路
84.9,19.70813409674715,1335.3732453105658,221.9,张家潭-同德路
84.95,19.70813409674715,1336.358652015403,221.95,张家潭-同德路
85.0,19.70813409674715,1337.3440587202404,222.0,张家潭-同德路
85.05000000000001,19.70813409674715,1338.3294654250776,222.05,张家潭-同德路
85.10000000000001,19.70813409674715,1339.3148721299149,222.10000000000002,张家潭-同德路
85.15,19.70813409674715,1340.3002788347521,222.15,张家潭-同德路
85.2,19.70813409674715,1341.2856855395894,222.2,张家潭-同德路
85.25,19.70813409674715,1342.2710922444267,222.25,张家潭-同德路
85.30000000000001,19.70813409674715,1343.256498949264,222.3,张家潭-同德路
85.35000000000001,19.70813409674715,1344.2419056541012,222.35000000000002,张家潭-同德路
85.4,19.70813409674715,1345.2273123589384,222.4,张家潭-同德路
85.45,19.70813409674715,1346.2127190637757,222.45,张家潭-同德路
85.5,19.70813409674715,1347.198125768613,222.5,张家潭-同德路
85.55000000000001,19.70813409674715,1348.1835324734502,222.55,张家潭-同德路
85.60000000000001,19.70813409674715,1349.1689391782875,222.60000000000002,张家潭-同德路
85.65,19.70813409674715,1350.1543458831247,222.65,张家潭-同德路
85.7,19.70813409674715,1351.139752587962,222.7,张家潭-同德路
85.75,19.70813409674715,1352.1251592927993,222.75,张家潭-同德路
85.80000000000001,19.70813409674715,1353.1105659976365,222.8,张家潭-同德路
85.85000000000001,19.70813409674715,1354.0959727024738,222.85000000000002,张家潭-同德路
85.9,19.70813409674715,1355.081379407311,222.9,张家潭-同德路
85.95,19.70813409674715,1356.0667861121483,222.95,张家潭-同德路
86.0,19.70813409674715,1357.0521928169856,223.0,张家潭-同德路
86.05000000000001,19.70813409674715,1358.0375995218228,223.05,张家潭-同德路
86.10000000000001,19.70813409674715,1359.02300622666,223.10000000000002,张家潭-同德路
86.15,19.70813409674715,1360.0084129314973,223.15,张家潭-同德路
86.2,19.70813409674715,1360.9938196363346,223.2,张家潭-同德路
86.25,19.70813409674715,1361.9792263411719,223.25,张家潭-同德路
86.30000000000001,19.70813409674715,1362.964633046009,223.3,张家潭-同德路
86.35000000000001,19.70813409674715,1363.9500397508464,223.35000000000002,张家潭-同德路
86.4,19.70813409674715,1364.9354464556836,223.4,张家潭-同德路
86.45,19.70813409674715,1365.920853160521,223.45,张家潭-同德路
86.5,19.70813409674715,1366.9062598653582,223.5,张家潭-同德路
86.55000000000001,19.70813409674715,1367.8916665701954,223.55,张家潭-同德路
86.60000000000001,19.70813409674715,1368.8770732750327,223.60000000000002,张家潭-同德路
86.65,19.70813409674715,1369.86247997987,223.65,张家潭-同德路
86.7,19.70813409674715,1370.8478866847072,223.7,张家潭-同德路
86.75,19.70813409674715,1371.8332933895445,223.75,张家潭-同德路
86.80000000000001,19.70813409674715,1372.8187000943817,223.8,张家潭-同德路
86.85000000000001,19.70813409674715,1373.804106799219,223.85000000000002,张家潭-同德路
86.9,19.70813409674715,1374.7895135040562,223.9,张家潭-同德路
86.95,19.70813409674715,1375.7749202088935,223.95,张家潭-同德路
87.0,19.70813409674715,1376.7603269137308,224.0,张家潭-同德路
87.05000000000001,19.70813409674715,1377.745733618568,224.05,张家潭-同德路
87.10000000000001,19.70813409674715,1378.7311403234053,224.10000000000002,张家潭-同德路
87.15,19.70813409674715,1379.7165470282425,224.15,张家潭-同德路
87.2,19.70813409674715,1380.7019537330798,224.2,张家潭-同德路
87.25,19.70813409674715,1381.687360437917,224.25,张家潭-同德路
87.30000000000001,19.70813409674715,1382.6727671427543,224.3,张家潭-同德路
87.35000000000001,19.70813409674715,1383.6581738475916,224.35000000000002,张家潭-同德路
87.4,19.70813409674715,1384.6435805524288,224.4,张家潭-同德路
87.45,19.70813409674715,1385.628987257266,224.45,张家潭-同德路
87.5,19.70813409674715,1386.6143939621033,224.5,张家潭-同德路
87.55000000000001,19.70813409674715,1387.5998006669406,224.55,张家潭-同德路
87.60000000000001,19.70813409674715,1388.5852073717779,224.60000000000002,张家潭-同德路
87.65,19.70813409674715,1389.5706140766151,224.65,张家潭-同德路
87.7,19.70813409674715,1390.5560207814524,224.7,张家潭-同德路
87.75,19.70813409674715,1391.5414274862896,224.75,张家潭-同德路
87.80000000000001,19.70813409674715,1392.526834191127,224.8,张家潭-同德路
87.85000000000001,19.70813409674715,1393.5122408959642,224.85000000000002,张家潭-同德路
87.9,19.70813409674715,1394.4976476008014,224.9,张家潭-同德路
87.95,19.70813409674715,1395.4830543056387,224.95,张家潭-同德路
88.0,19.70813409674715,1396.468461010476,225.0,张家潭-同德路
88.05000000000001,19.70813409674715,1397.4538677153132,225.05,张家潭-同德路
88.10000000000001,19.70813409674715,1398.4392744201505,225.10000000000002,张家潭-同德路
88.15,19.70813409674715,1399.4246811249877,225.15,张家潭-同德路
88.2,19.70813409674715,1400.410087829825,225.2,张家潭-同德路
88.25,19.70813409674715,1401.3954945346622,225.25,张家潭-同德路
88.30000000000001,19.70813409674715,1402.3809012394995,225.3,张家潭-同德路
88.35000000000001,19.70813409674715,1403.3663079443368,225.35000000000002,张家潭-同德路
88.4,19.70813409674715,1404.351714649174,225.4,张家潭-同德路
88.45,19.70813409674715,1405.3371213540113,225.45,张家潭-同德路
88.5,19.70813409674715,1406.3225280588485,225.5,张家潭-同德路
88.55000000000001,19.70813409674715,1407.3079347636858,225.55,张家潭-同德路
88.60000000000001,19.70813409674715,1408.293341468523,225.60000000000002,张家潭-同德路
88.65,19.70813409674715,1409.2787481733603,225.65,张家潭-同德路
88.7,19.70813409674715,1410.2641548781976,225.7,张家潭-同德路
88.75,19.70813409674715,1411.2495615830348,225.75,张家潭-同德路
88.80000000000001,19.70813409674715,1412.234968287872,225.8,张家潭-同德路
88.85000000000001,19.70813409674715,1413.2203749927094,225.85000000000002,张家潭-同德路
88.9,19.70813409674715,1414.2057816975466,225.9,张家潭-同德路
88.95,19.70813409674715,1415.191188402384,225.95,张家潭-同德路
89.0,19.70813409674715,1416.1765951072211,226.0,张家潭-同德路
89.05000000000001,19.70813409674715,1417.1620018120584,226.05,张家潭-同德路
89.10000000000001,19.70813409674715,1418.1474085168957,226.10000000000002,张家潭-同德路
89.15,19.70813409674715,1419.132815221733,226.15,张家潭-同德路
89.2,19.70813409674715,1420.1182219265702,226.2,张家潭-同德路
89.25,19.70813409674715,1421.1036286314074,226.25,张家潭-同德路
89.30000000000001,19.70813409674715,1422.0890353362447,226.3,张家潭-同德路
89.35000000000001,19.70813409674715,1423.074442041082,226.35000000000002,张家潭-同德路
89.4,19.70813409674715,1424.0598487459192,226.4,张家潭-同德路
89.45,19.70813409674715,1425.0452554507565,226.45,张家潭-同德路
89.5,19.70813409674715,1426.0306621555937,226.5,张家潭-同德路
89.55000000000001,19.70813409674715,1427.016068860431,226.55,张家潭-同德路
89.60000000000001,19.70813409674715,1428.0014755652683,226.60000000000002,张家潭-同德路
89.65,19.70813409674715,1428.9868822701055,226.65,张家潭-同德路
89.7,19.70813409674715,1429.9722889749428,226.7,张家潭-同德路
89.75,19.70813409674715,1430.95769567978,226.75,张家潭-同德路
89.80000000000001,19.70813409674715,1431.9431023846173,226.8,张家潭-同德路
89.85000000000001,19.70813409674715,1432.9285090894546,226.85000000000002,张家潭-同德路
89.9,19.70813409674715,1433.9139157942918,226.9,张家潭-同德路
89.95,19.70813409674715,1434.899322499129,226.95,张家潭-同德路
90.0,19.70813409674715,1435.8847292039663,227.0,张家潭-同德路
90.05000000000001,19.70813409674715,1436.8701359088036,227.05,张家潭-同德路
90.10000000000001,19.70813409674715,1437.8555426136409,227.10000000000002,张家潭-同德路
90.15,19.70813409674715,1438.8409493184781,227.15,张家潭-同德路
90.2,19.70813409674715,1439.8263560233154,227.2,张家潭-同德路
90.25,19.70813409674715,1440.8117627281526,227.25,张家潭-同德路
90.30000000000001,19.70813409674715,1441.79716943299,227.3,张家潭-同德路
90.35000000000001,19.70813409674715,1442.7825761378272,227.35000000000002,张家潭-同德路
90.4,19.70813409674715,1443.7679828426644,227.4,张家潭-同德路
90.45,19.70813409674715,1444.7533895475017,227.45,张家潭-同德路
90.5,19.70813409674715,1445.738796252339,227.5,张家潭-同德路
90.55000000000001,19.70813409674715,1446.7242029571762,227.55,张家潭-同德路
90.60000000000001,19.70813409674715,1447.7096096620135,227.60000000000002,张家潭-同德路
90.65,19.70813409674715,1448.6950163668507,227.65,张家潭-同德路
90.7,19.70813409674715,1449.680423071688,227.7,张家潭-同德路
90.75,19.70813409674715,1450.6658297765252,227.75,张家潭-同德路
90.80000000000001,19.70813409674715,1451.6512364813625,227.8,张家潭-同德路
90.85000000000001,19.70813409674715,1452.6366431861998,227.85000000000002,张家潭-同德路
90.9,19.70813409674715,1453.622049891037,227.9,张家潭-同德路
90.95,19.70813409674715,1454.6074565958743,227.95,张家潭-同德路
91.0,19.70813409674715,1455.5928633007115,228.0,张家潭-同德路
91.05000000000001,19.70813409674715,1456.5782700055488,228.05,张家潭-同德路
91.10000000000001,19.70813409674715,1457.563676710386,228.10000000000002,张家潭-同德路
91.15,19.70813409674715,1458.5490834152233,228.15,张家潭-同德路
91.2,19.70813409674715,1459.5344901200606,228.2,张家潭-同德路
91.25,19.70813409674715,1460.5198968248978,228.25,张家潭-同德路
91.30000000000001,19.70813409674715,1461.505303529735,228.3,张家潭-同德路
91.35000000000001,19.70813409674715,1462.4907102345724,228.35000000000002,张家潭-同德路
91.4,19.70813409674715,1463.4761169394096,228.4,张家潭-同德路
91.45,19.70813409674715,1464.4615236442469,228.45,张家潭-同德路
91.5,19.70813409674715,1465.4469303490841,228.5,张家潭-同德路
91.55000000000001,19.70813409674715,1466.4323370539214,228.55,张家潭-同德路
91.60000000000001,19.70813409674715,1467.4177437587587,228.60000000000002,张家潭-同德路
91.65,19.70813409674715,1468.403150463596,228.65,张家潭-同德路
91.7,19.70813409674715,1469.3885571684332,228.7,张家潭-同德路
91.75,19.70813409674715,1470.3739638732704,228.75,张家潭-同德路
91.80000000000001,19.70813409674715,1471.3593705781077,228.8,张家潭-同德路
91.85000000000001,19.70813409674715,1472.344777282945,228.85000000000002,张家潭-同德路
91.9,19.70813409674715,1473.3301839877822,228.9,张家潭-同德路
91.95,19.70813409674715,1474.3155906926195,228.95,张家潭-同德路
92.0,19.70813409674715,1475.3009973974567,229.0,张家潭-同德路
92.05000000000001,19.70813409674715,1476.286404102294,229.05,张家潭-同德路
92.10000000000001,19.70813409674715,1477.2718108071313,229.10000000000002,张家潭-同德路
92.15,19.70813409674715,1478.2572175119685,229.15,张家潭-同德路
92.2,19.70813409674715,1479.2426242168058,229.2,张家潭-同德路
92.25,19.70813409674715,1480.228030921643,229.25,张家潭-同德路
92.30000000000001,19.70813409674715,1481.2134376264803,229.3,张家潭-同德路
92.35000000000001,19.70813409674715,1482.1988443313176,229.35000000000002,张家潭-同德路
92.4,19.70813409674715,1483.1842510361548,229.4,张家潭-同德路
92.45,19.70813409674715,1484.169657740992,229.45,张家潭-同德路
92.5,19.70813409674715,1485.1550644458293,229.5,张家潭-同德路
92.55000000000001,19.70813409674715,1486.1404711506666,229.55,张家潭-同德路
92.60000000000001,19.70813409674715,1487.1258778555039,229.60000000000002,张家潭-同德路
92.65,19.70813409674715,1488.1112845603411,229.65,张家潭-同德路
92.7,19.70813409674715,1489.0966912651784,229.7,张家潭-同德路
92.75,19.70813409674715,1490.0820979700156,229.75,张家潭-同德路
92.80000000000001,19.70813409674715,1491.067504674853,229.8,张家潭-同德路
92.85000000000001,19.70813409674715,1492.0529113796902,229.85000000000002,张家潭-同德路
92.9,19.70813409674715,1493.0383180845274,229.9,张家潭-同德路
92.95,19.70813409674715,1494.0237247893647,229.95,张家潭-同德路
93.0,19.70813409674715,1495.009131494202,230.0,张家潭-同德路
93.05000000000001,19.70813409674715,1495.9945381990392,230.05,张家潭-同德路
93.10000000000001,19.70813409674715,1496.9799449038765,230.10000000000002,张家潭-同德路
93.15,19.70813409674715,1497.9653516087137,230.15,张家潭-同德路
93.2,19.70813409674715,1498.950758313551,230.2,张家潭-同德路
93.25,19.70813409674715,1499.9361650183882,230.25,张家潭-同德路
93.30000000000001,19.70813409674715,1500.9215717232255,230.3,张家潭-同德路
93.35000000000001,19.70813409674715,1501.9069784280628,230.35000000000002,张家潭-同德路
93.4,19.70813409674715,1502.8923851329,230.4,张家潭-同德路
93.45,19.70813409674715,1503.8777918377373,230.45,张家潭-同德路
93.5,19.70813409674715,1504.8631985425745,230.5,张家潭-同德路
93.55000000000001,19.70813409674715,1505.8486052474118,230.55,张家潭-同德路
93.60000000000001,19.70813409674715,1506.834011952249,230.60000000000002,张家潭-同德路
93.65,19.70813409674715,1507.8194186570863,230.65,张家潭-同德路
93.7,19.70813409674715,1508.8048253619236,230.7,张家潭-同德路
93.75,19.70813409674715,1509.7902320667608,230.75,张家潭-同德路
93.80000000000001,19.70813409674715,1510.775638771598,230.8,张家潭-同德路
93.85000000000001,19.70813409674715,1511.7610454764354,230.85000000000002,张家潭-同德路
93.9,19.70813409674715,1512.7464521812726,230.9,张家潭-同德路
93.95,19.70813409674715,1513.7318588861099,230.95,张家潭-同德路
94.0,19.70813409674715,1514.7172655909471,231.0,张家潭-同德路
94.05000000000001,19.70813409674715,1515.7026722957844,231.05,张家潭-同德路
94.10000000000001,19.70813409674715,1516.6880790006217,231.10000000000002,张家潭-同德路
94.15,19.70813409674715,1517.673485705459,231.15,张家潭-同德路
94.2,19.70813409674715,1518.6588924102962,231.2,张家潭-同德路
94.25,19.70813409674715,1519.6442991151334,231.25,张家潭-同德路
94.30000000000001,19.70813409674715,1520.6297058199707,231.3,张家潭-同德路
94.35000000000001,19.70813409674715,1521.615112524808,231.35000000000002,张家潭-同德路
94.4,19.70813409674715,1522.6005192296452,231.4,张家潭-同德路
94.45,19.70813409674715,1523.5859259344825,231.45,张家潭-同德路
94.5,19.70813409674715,1524.5713326393197,231.5,张家潭-同德路
94.55000000000001,19.70813409674715,1525.556739344157,231.55,张家潭-同德路
94.60000000000001,19.70813409674715,1526.5421460489943,231.60000000000002,张家潭-同德路
94.65,19.70813409674715,1527.5275527538315,231.65,张家潭-同德路
94.7,19.70813409674715,1528.5129594586688,231.7,张家潭-同德路
94.75,19.70813409674715,1529.498366163506,231.75,张家潭-同德路
94.80000000000001,19.70813409674715,1530.4837728683433,231.8,张家潭-同德路
94.85000000000001,19.70813409674715,1531.4691795731806,231.85000000000002,张家潭-同德路
94.9,19.70813409674715,1532.4545862780178,231.9,张家潭-同德路
94.95,19.70813409674715,1533.439992982855,231.95,张家潭-同德路
95.0,19.70813409674715,1534.4253996876923,232.0,张家潭-同德路
95.05000000000001,19.70813409674715,1535.4108063925296,232.05,张家潭-同德路
95.10000000000001,19.70813409674715,1536.3962130973669,232.10000000000002,张家潭-同德路
95.15,19.70813409674715,1537.381619802204,232.15,张家潭-同德路
95.2,19.70813409674715,1538.3670265070414,232.2,张家潭-同德路
95.25,19.70813409674715,1539.3524332118786,232.25,张家潭-同德路
95.30000000000001,19.70813409674715,1540.337839916716,232.3,张家潭-同德路
95.35000000000001,19.70813409674715,1541.3232466215532,232.35000000000002,张家潭-同德路
95.4,19.70813409674715,1542.3086533263904,232.4,张家潭-同德路
95.45,19.70813409674715,1543.2940600312277,232.45,张家潭-同德路
95.5,19.70813409674715,1544.279466736065,232.5,张家潭-同德路
95.55000000000001,19.70813409674715,1545.2648734409022,232.55,张家潭-同德路
95.60000000000001,19.70813409674715,1546.2502801457395,232.60000000000002,张家潭-同德路
95.65,19.70813409674715,1547.2356868505767,232.65,张家潭-同德路
95.7,19.70813409674715,1548.221093555414,232.7,张家潭-同德路
95.75,19.70813409674715,1549.2065002602512,232.75,张家潭-同德路
95.80000000000001,19.70813409674715,1550.1919069650885,232.8,张家潭-同德路
95.85000000000001,19.70813409674715,1551.1773136699258,232.85000000000002,张家潭-同德路
95.9,19.70813409674715,1552.162720374763,232.9,张家潭-同德路
95.95,19.70813409674715,1553.1481270796003,232.95,张家潭-同德路
96.0,19.70813409674715,1554.1335337844375,233.0,张家潭-同德路
96.05000000000001,19.70813409674715,1555.1189404892748,233.05,张家潭-同德路
96.10000000000001,19.70813409674715,1556.104347194112,233.10000000000002,张家潭-同德路
96.15,19.70813409674715,1557.0897538989493,233.15,张家潭-同德路
96.2,19.70813409674715,1558.0751606037866,233.2,张家潭-同德路
96.25,19.70813409674715,1559.0605673086238,233.25,张家潭-同德路
96.30000000000001,19.70813409674715,1560.045974013461,233.3,张家潭-同德路
96.35000000000001,19.70813409674715,1561.0313807182984,233.35000000000002,张家潭-同德路
96.4,19.70813409674715,1562.0167874231356,233.4,张家潭-同德路
96.45,19.70813409674715,1563.0021941279729,233.45,张家潭-同德路
96.5,19.70813409674715,1563.9876008328101,233.5,张家潭-同德路
96.55000000000001,19.70813409674715,1564.9730075376474,233.55,张家潭-同德路
96.60000000000001,19.70813409674715,1565.9584142424847,233.60000000000002,张家潭-同德路
96.65,19.70813409674715,1566.943820947322,233.65,张家潭-同德路
96.7,19.70813409674715,1567.9292276521592,233.7,张家潭-同德路
96.75,19.70813409674715,1568.9146343569964,233.75,张家潭-同德路
96.80000000000001,19.70813409674715,1569.9000410618337,233.8,张家潭-同德路
96.85000000000001,19.70813409674715,1570.885447766671,233.85000000000002,张家潭-同德路
96.9,19.70813409674715,1571.8708544715082,233.9,张家潭-同德路
96.95,19.70813409674715,1572.8562611763455,233.95,张家潭-同德路
97.0,19.70813409674715,1573.8416678811827,234.0,张家潭-同德路
97.05000000000001,19.70813409674715,1574.82707458602,234.05,张家潭-同德路
97.10000000000001,19.70813409674715,1575.8124812908572,234.10000000000002,张家潭-同德路
97.15,19.70813409674715,1576.7978879956945,234.15,张家潭-同德路
97.2,19.70813409674715,1577.7832947005318,234.2,张家潭-同德路
97.25,19.70813409674715,1578.768701405369,234.25,张家潭-同德路
97.30000000000001,19.70813409674715,1579.7541081102063,234.3,张家潭-同德路
97.35000000000001,19.70813409674715,1580.7395148150435,234.35000000000002,张家潭-同德路
97.4,19.70813409674715,1581.7249215198808,234.4,张家潭-同德路
97.45,19.70813409674715,1582.710328224718,234.45,张家潭-同德路
97.5,19.70813409674715,1583.6957349295553,234.5,张家潭-同德路
97.55000000000001,19.70813409674715,1584.6811416343926,234.55,张家潭-同德路
97.60000000000001,19.70813409674715,1585.6665483392298,234.60000000000002,张家潭-同德路
97.65,19.70813409674715,1586.651955044067,234.65,张家潭-同德路
97.7,19.70813409674715,1587.6373617489044,234.7,张家潭-同德路
97.75,19.70813409674715,1588.6227684537416,234.75,张家潭-同德路
97.80000000000001,19.70813409674715,1589.608175158579,234.8,张家潭-同德路
97.85000000000001,19.70813409674715,1590.5935818634161,234.85000000000002,张家潭-同德路
97.9,19.70813409674715,1591.5789885682534,234.9,张家潭-同德路
97.95,19.70813409674715,1592.5643952730907,234.95,张家潭-同德路
98.0,19.70813409674715,1593.549801977928,235.0,张家潭-同德路
98.05000000000001,19.70813409674715,1594.5352086827652,235.05,张家潭-同德路
98.10000000000001,19.70813409674715,1595.5206153876024,235.10000000000002,张家潭-同德路
98.15,19.70813409674715,1596.5060220924397,235.15,张家潭-同德路
98.2,19.70813409674715,1597.491428797277,235.2,张家潭-同德路
98.25,19.70813409674715,1598.4768355021142,235.25,张家潭-同德路
98.30000000000001,19.70813409674715,1599.4622422069515,235.3,张家潭-同德路
98.35000000000001,19.70813409674715,1600.4476489117887,235.35000000000002,张家潭-同德路
98.4,19.70813409674715,1601.433055616626,235.4,张家潭-同德路
98.45,19.70813409674715,1602.4184623214633,235.45,张家潭-同德路
98.5,19.70813409674715,1603.4038690263005,235.5,张家潭-同德路
98.55000000000001,19.70813409674715,1604.3892757311378,235.55,张家潭-同德路
98.60000000000001,19.70813409674715,1605.374682435975,235.60000000000002,张家潭-同德路
98.65,19.70813409674715,1606.3600891408123,235.65,张家潭-同德路
98.7,19.70813409674715,1607.3454958456496,235.7,张家潭-同德路
98.75,19.70813409674715,1608.3309025504868,235.75,张家潭-同德路
98.80000000000001,19.70813409674715,1609.316309255324,235.8,张家潭-同德路
98.85000000000001,19.70813409674715,1610.3017159601613,235.85000000000002,张家潭-同德路
98.9,19.70813409674715,1611.2871226649986,235.9,张家潭-同德路
98.95,19.70813409674715,1612.2725293698359,235.95,张家潭-同德路
99.0,19.70813409674715,1613.2579360746731,236.0,张家潭-同德路
99.05000000000001,19.70813409674715,1614.2433427795104,236.05,张家潭-同德路
99.10000000000001,19.70813409674715,1615.2287494843476,236.10000000000002,张家潭-同德路
99.15,19.70813409674715,1616.214156189185,236.15,张家潭-同德路
99.2,19.70813409674715,1617.1995628940222,236.2,张家潭-同德路
99.25,19.70813409674715,1618.1849695988594,236.25,张家潭-同德路
99.30000000000001,19.70813409674715,1619.1703763036967,236.3,张家潭-同德路
99.35000000000001,19.70813409674715,1620.155783008534,236.35000000000002,张家潭-同德路
99.4,19.70813409674715,1621.1411897133712,236.4,张家潭-同德路
99.45,19.70813409674715,1622.1265964182085,236.45,张家潭-同德路
99.5,19.70813409674715,1623.1120031230457,236.5,张家潭-同德路
99.55000000000001,19.70813409674715,1624.097409827883,236.55,张家潭-同德路
99.60000000000001,19.70813409674715,1625.0828165327202,236.60000000000002,张家潭-同德路
99.65,19.70813409674715,1626.0682232375575,236.65,张家潭-同德路
99.7,19.70813409674715,1627.0536299423948,236.7,张家潭-同德路
99.75,19.70813409674715,1628.039036647232,236.75,张家潭-同德路
99.80000000000001,19.70813409674715,1629.0244433520693,236.8,张家潭-同德路
99.85000000000001,19.70813409674715,1630.0098500569065,236.85000000000002,张家潭-同德路
99.9,19.70813409674715,1630.9952567617438,236.9,张家潭-同德路
99.95,19.70813409674715,1631.980663466581,236.95,张家潭-同德路
100.0,19.70813409674715,1632.9660701714183,237.0,张家潭-同德路
100.05000000000001,19.70813409674715,1633.9514768762556,237.05,张家潭-同德路
100.10000000000001,19.70813409674715,1634.9368835810928,237.10000000000002,张家潭-同德路
100.15,19.70813409674715,1635.92229028593,237.15,张家潭-同德路
100.2,19.70813409674715,1636.9076969907674,237.2,张家潭-同德路
100.25,19.70813409674715,1637.8931036956046,237.25,张家潭-同德路
100.30000000000001,19.70813409674715,1638.8785104004419,237.3,张家潭-同德路
100.35000000000001,19.70813409674715,1639.8639171052791,237.35000000000002,张家潭-同德路
100.4,19.70813409674715,1640.8493238101164,237.4,张家潭-同德路
100.45,19.70813409674715,1641.8347305149537,237.45,张家潭-同德路
100.5,19.70813409674715,1642.820137219791,237.5,张家潭-同德路
100.55000000000001,19.70813409674715,1643.8055439246282,237.55,张家潭-同德路
100.60000000000001,19.70813409674715,1644.7909506294654,237.60000000000002,张家潭-同德路
100.65,19.70813409674715,1645.7763573343027,237.65,张家潭-同德路
100.7,19.70813409674715,1646.76176403914,237.7,张家潭-同德路
100.75,19.70813409674715,1647.7471707439772,237.75,张家潭-同德路
100.80000000000001,19.70813409674715,1648.7325774488145,237.8,张家潭-同德路
100.85000000000001,19.70813409674715,1649.7179841536517,237.85000000000002,张家潭-同德路
100.9,19.70813409674715,1650.703390858489,237.9,张家潭-同德路
100.95,19.70813409674715,1651.6887975633263,237.95,张家潭-同德路
101.0,19.70813409674715,1652.6742042681635,238.0,张家潭-同德路
101.05000000000001,19.70813409674715,1653.6596109730008,238.05,张家潭-同德路
101.10000000000001,19.70813409674715,1654.645017677838,238.10000000000002,张家潭-同德路
101.15,19.70813409674715,1655.6304243826753,238.15,张家潭-同德路
101.2,19.70813409674715,1656.6158310875126,238.2,张家潭-同德路
101.25,19.70813409674715,1657.6012377923498,238.25,张家潭-同德路
101.30000000000001,19.70813409674715,1658.586644497187,238.3,张家潭-同德路
101.35000000000001,19.70813409674715,1659.5720512020243,238.35000000000002,张家潭-同德路
101.4,19.70813409674715,1660.5574579068616,238.4,张家潭-同德路
101.45,19.70813409674715,1661.5428646116989,238.45,张家潭-同德路
101.5,19.70813409674715,1662.5282713165361,238.5,张家潭-同德路
101.55000000000001,19.70813409674715,1663.5136780213734,238.55,张家潭-同德路
101.60000000000001,19.70813409674715,1664.4990847262106,238.60000000000002,张家潭-同德路
101.65,19.700000000000006,1665.4840847262105,238.65,张家潭-同德路
101.7,19.675000000000008,1666.4678347262106,238.7,张家潭-同德路
101.75,19.65000000000001,1667.4503347262107,238.75,张家潭-同德路
101.80000000000001,19.625000000000004,1668.4315847262108,238.8,张家潭-同德路
101.85000000000001,19.600000000000005,1669.4115847262108,238.85000000000002,张家潭-同德路
101.9,19.575000000000006,1670.3903347262108,238.9,张家潭-同德路
101.95,19.550000000000008,1671.3678347262107,238.95,张家潭-同德路
102.0,19.52500000000001,1672.3440847262107,239.0,张家潭-同德路
102.05000000000001,19.500000000000004,1673.3190847262106,239.05,张家潭-同德路
102.10000000000001,19.475000000000005,1674.2928347262107,239.10000000000002,张家潭-同德路
102.15,19.450000000000006,1675.2653347262108,239.15,张家潭-同德路
102.2,19.425000000000008,1676.2365847262108,239.2,张家潭-同德路
102.25,19.40000000000001,1677.2065847262108,239.25,张家潭-同德路
102.30000000000001,19.375000000000004,1678.1753347262108,239.3,张家潭-同德路
102.35000000000001,19.350000000000005,1679.1428347262108,239.35000000000002,张家潭-同德路
102.4,19.325000000000006,1680.1090847262108,239.4,张家潭-同德路
102.45,19.300000000000008,1681.0740847262107,239.45,张家潭-同德路
102.5,19.27500000000001,1682.0378347262106,239.5,张家潭-同德路
102.55000000000001,19.250000000000004,1683.0003347262107,239.55,张家潭-同德路
102.60000000000001,19.225000000000005,1683.9615847262107,239.60000000000002,张家潭-同德路
102.65,19.200000000000006,1684.9215847262108,239.65,张家潭-同德路
102.7,19.175000000000008,1685.8803347262108,239.7,张家潭-同德路
102.75,19.15000000000001,1686.8378347262108,239.75,张家潭-同德路
102.80000000000001,19.125000000000004,1687.7940847262107,239.8,张家潭-同德路
102.85000000000001,19.100000000000005,1688.7490847262106,239.85000000000002,张家潭-同德路
102.9,19.075000000000006,1689.7028347262105,239.9,张家潭-同德路
102.95,19.050000000000008,1690.6553347262106,239.95,张家潭-同德路
103.0,19.02500000000001,1691.6065847262107,240.0,张家潭-同德路
103.05000000000001,19.000000000000004,1692.5565847262108,240.05,张家潭-同德路
103.10000000000001,18.975000000000005,1693.5053347262108,240.10000000000002,张家潭-同德路
103.15,18.950000000000006,1694.4528347262108,240.15,张家潭-同德路
103.2,18.925000000000008,1695.3990847262107,240.2,张家潭-同德路
103.25,18.90000000000001,1696.3440847262107,240.25,张家潭-同德路
103.30000000000001,18.875000000000004,1697.2878347262106,240.3,张家潭-同德路
103.35000000000001,18.850000000000005,1698.2303347262107,240.35000000000002,张家潭-同德路
103.4,18.825000000000006,1699.1715847262108,240.4,张家潭-同德路
103.45,18.800000000000008,1700.1115847262108,240.45,张家潭-同德路
103.5,18.77500000000001,1701.0503347262108,240.5,张家潭-同德路
103.55000000000001,18.750000000000004,1701.9878347262108,240.55,张家潭-同德路
103.60000000000001,18.725000000000005,1702.9240847262108,240.60000000000002,张家潭-同德路
103.65,18.700000000000006,1703.8590847262108,240.65,张家潭-同德路
103.7,18.675000000000008,1704.7928347262107,240.7,张家潭-同德路
103.75,18.65000000000001,1705.7253347262106,240.75,张家潭-同德路
103.80000000000001,18.625000000000004,1706.6565847262107,240.8,张家潭-同德路
103.85000000000001,18.600000000000005,1707.5865847262107,240.85000000000002,张家潭-同德路
103.9,18.575000000000006,1708.5153347262108,240.9,张家潭-同德路
103.95,18.550000000000008,1709.4428347262108,240.95,张家潭-同德路
104.0,18.52500000000001,1710.3690847262108,241.0,张家潭-同德路
104.05000000000001,18.500000000000004,1711.2940847262107,241.05,张家潭-同德路
104.10000000000001,18.475000000000005,1712.2178347262106,241.10000000000002,张家潭-同德路
104.15,18.450000000000006,1713.1403347262105,241.15,张家潭-同德路
104.2,18.425000000000008,1714.0615847262106,241.2,张家潭-同德路
104.25,18.40000000000001,1714.9815847262107,241.25,张家潭-同德路
104.30000000000001,18.375000000000004,1715.9003347262108,241.3,张家潭-同德路
104.35000000000001,18.350000000000005,1716.8178347262108,241.35000000000002,张家潭-同德路
104.4,18.325000000000006,1717.7340847262108,241.4,张家潭-同德路
104.45,18.300000000000008,1718.6490847262107,241.45,张家潭-同德路
104.5,18.27500000000001,1719.5628347262107,241.5,张家潭-同德路
104.55000000000001,18.250000000000004,1720.4753347262106,241.55,张家潭-同德路
104.60000000000001,18.225000000000005,1721.3865847262107,241.60000000000002,张家潭-同德路
104.65,18.200000000000006,1722.2965847262108,241.65,张家潭-同德路
104.7,18.175000000000008,1723.2053347262108,241.7,张家潭-同德路
104.75,18.15000000000001,1724.1128347262108,241.75,张家潭-同德路
104.80000000000001,18.125000000000004,1725.0190847262108,241.8,张家潭-同德路
104.85000000000001,18.100000000000005,1725.9240847262108,241.85000000000002,张家潭-同德路
104.9,18.075000000000006,1726.8278347262108,241.9,张家潭-同德路
104.95,18.050000000000008,1727.7303347262107,241.95,张家潭-同德路
105.0,18.02500000000001,1728.6315847262106,242.0,张家潭-同德路
105.05000000000001,18.000000000000004,1729.5315847262107,242.05,张家潭-同德路
105.10000000000001,17.975000000000005,1730.4303347262107,242.10000000000002,张家潭-同德路
105.15,17.950000000000006,1731.3278347262108,242.15,张家潭-同德路
105.2,17.925000000000008,1732.2240847262108,242.2,张家潭-同德路
105.25,17.90000000000001,1733.1190847262108,242.25,张家潭-同德路
105.30000000000001,17.875000000000004,1734.0128347262107,242.3,张家潭-同德路
105.35000000000001,17.850000000000005,1734.9053347262106,242.35000000000002,张家潭-同德路
105.4,17.825000000000006,1735.7965847262105,242.4,张家潭-同德路
105.45,17.800000000000008,1736.6865847262106,242.45,张家潭-同德路
105.5,17.77500000000001,1737.5753347262107,242.5,张家潭-同德路
105.55000000000001,17.750000000000004,1738.4628347262108,242.55,张家潭-同德路
105.60000000000001,17.725000000000005,1739.3490847262108,242.60000000000002,张家潭-同德路
105.65,17.700000000000006,1740.2340847262108,242.65,张家潭-同德路
105.7,17.675000000000008,1741.1178347262107,242.7,张家潭-同德路
105.75,17.65000000000001,1742.0003347262107,242.75,张家潭-同德路
105.80000000000001,17.625000000000004,1742.8815847262106,242.8,张家潭-同德路
105.85000000000001,17.600000000000005,1743.7615847262107,242.85000000000002,张家潭-同德路
105.9,17.575000000000006,1744.6403347262108,242.9,张家潭-同德路
105.95,17.550000000000008,1745.5178347262108,242.95,张家潭-同德路
106.0,17.52500000000001,1746.3940847262108,243.0,张家潭-同德路
106.05000000000001,17.500000000000004,1747.2690847262108,243.05,张家潭-同德路
106.10000000000001,17.475000000000005,1748.1428347262108,243.10000000000002,张家潭-同德路
106.15,17.450000000000006,1749.0153347262108,243.15,张家潭-同德路
106.2,17.425000000000008,1749.8865847262107,243.2,张家潭-同德路
106.25,17.40000000000001,1750.7565847262106,243.25,张家潭-同德路
106.30000000000001,17.375000000000004,1751.6253347262107,243.3,张家潭-同德路
106.35000000000001,17.350000000000005,1752.4928347262107,243.35000000000002,张家潭-同德路
106.4,17.325000000000006,1753.3590847262108,243.4,张家潭-同德路
106.45,17.300000000000008,1754.2240847262108,243.45,张家潭-同德路
106.5,17.27500000000001,1755.0878347262108,243.5,张家潭-同德路
106.55000000000001,17.250000000000004,1755.9503347262107,243.55,张家潭-同德路
106.60000000000001,17.225000000000005,1756.8115847262106,243.60000000000002,张家潭-同德路
106.65,17.200000000000006,1757.6715847262105,243.65,张家潭-同德路
106.7,17.175000000000008,1758.5303347262106,243.7,张家潭-同德路
106.75,17.15000000000001,1759.3878347262107,243.75,张家潭-同德路
106.80000000000001,17.125000000000004,1760.2440847262108,243.8,张家潭-同德路
106.85000000000001,17.100000000000005,1761.0990847262108,243.85000000000002,张家潭-同德路
106.9,17.075000000000006,1761.9528347262108,243.9,张家潭-同德路
106.95,17.050000000000008,1762.8053347262107,243.95,张家潭-同德路
107.0,17.02500000000001,1763.6565847262107,244.0,张家潭-同德路
107.05000000000001,17.000000000000004,1764.5065847262106,244.05,张家潭-同德路
107.10000000000001,16.975000000000005,1765.3553347262107,244.10000000000002,张家潭-同德路
107.15,16.950000000000006,1766.2028347262108,244.15,张家潭-同德路
107.2,16.925000000000008,1767.0490847262108,244.2,张家潭-同德路
107.25,16.90000000000001,1767.8940847262108,244.25,张家潭-同德路
107.30000000000001,16.875000000000004,1768.7378347262108,244.3,张家潭-同德路
107.35000000000001,16.850000000000005,1769.5803347262108,244.35000000000002,张家潭-同德路
107.4,16.825000000000006,1770.4215847262108,244.4,张家潭-同德路
107.45,16.800000000000008,1771.2615847262107,244.45,张家潭-同德路
107.5,16.77500000000001,1772.1003347262106,244.5,张家潭-同德路
107.55000000000001,16.750000000000004,1772.9378347262107,244.55,张家潭-同德路
107.60000000000001,16.725000000000005,1773.7740847262107,244.60000000000002,张家潭-同德路
107.65,16.700000000000006,1774.6090847262108,244.65,张家潭-同德路
107.7,16.675000000000008,1775.4428347262108,244.7,张家潭-同德路
107.75,16.65000000000001,1776.2753347262108,244.75,张家潭-同德路
107.80000000000001,16.625000000000004,1777.1065847262107,244.8,张家潭-同德路
107.85000000000001,16.600000000000005,1777.9365847262106,244.85000000000002,张家潭-同德路
107.9,16.575000000000006,1778.7653347262105,244.9,张家潭-同德路
107.95,16.550000000000008,1779.5928347262106,244.95,张家潭-同德路
108.0,16.52500000000001,1780.4190847262107,245.0,张家潭-同德路
108.05000000000001,16.500000000000004,1781.2440847262108,245.05,张家潭-同德路
108.10000000000001,16.475000000000005,1782.0678347262108,245.10000000000002,张家潭-同德路
108.15,16.450000000000006,1782.8903347262108,245.15,张家潭-同德路
108.2,16.425000000000008,1783.7115847262107,245.2,张家潭-同德路
108.25,16.40000000000001,1784.5315847262107,245.25,张家潭-同德路
108.30000000000001,16.375000000000004,1785.3503347262106,245.3,张家潭-同德路
108.35000000000001,16.350000000000005,1786.1678347262107,245.35000000000002,张家潭-同德路
108.4,16.325000000000006,1786.9840847262108,245.4,张家潭-同德路
108.45,16.300000000000008,1787.7990847262108,245.45,张家潭-同德路
108.5,16.27500000000001,1788.6128347262108,245.5,张家潭-同德路
108.55000000000001,16.250000000000004,1789.4253347262108,245.55,张家潭-同德路
108.60000000000001,16.225000000000005,1790.2365847262108,245.60000000000002,张家潭-同德路
108.65,16.200000000000006,1791.0465847262108,245.65,张家潭-同德路
108.7,16.175000000000008,1791.8553347262107,245.7,张家潭-同德路
108.75,16.15000000000001,1792.6628347262106,245.75,张家潭-同德路
108.80000000000001,16.125000000000004,1793.4690847262107,245.8,张家潭-同德路
108.85000000000001,16.100000000000005,1794.2740847262107,245.85000000000002,张家潭-同德路
108.9,16.075000000000006,1795.0778347262108,245.9,张家潭-同德路
108.95,16.050000000000008,1795.8803347262108,245.95,张家潭-同德路
109.0,16.02500000000001,1796.6815847262108,246.0,张家潭-同德路
109.05000000000001,16.000000000000004,1797.4815847262107,246.05,张家潭-同德路
109.10000000000001,15.975000000000005,1798.2803347262106,246.10000000000002,张家潭-同德路
109.15,15.950000000000006,1799.0778347262105,246.15,张家潭-同德路
109.2,15.925000000000008,1799.8740847262106,246.2,张家潭-同德路
109.25,15.90000000000001,1800.6690847262107,246.25,张家潭-同德路
109.30000000000001,15.875000000000004,1801.4628347262108,246.3,张家潭-同德路
109.35000000000001,15.850000000000005,1802.2553347262108,246.35000000000002,张家潭-同德路
109.4,15.825000000000006,1803.0465847262108,246.4,张家潭-同德路
109.45,15.800000000000008,1803.8365847262107,246.45,张家潭-同德路
109.5,15.77500000000001,1804.6253347262107,246.5,张家潭-同德路
109.55000000000001,15.750000000000004,1805.4128347262106,246.55,张家潭-同德路
109.60000000000001,15.725000000000005,1806.1990847262107,246.60000000000002,张家潭-同德路
109.65,15.700000000000006,1806.9840847262108,246.65,张家潭-同德路
109.7,15.675000000000008,1807.7678347262108,246.7,张家潭-同德路
109.75,15.65000000000001,1808.5503347262108,246.75,张家潭-同德路
109.80000000000001,15.625000000000004,1809.3315847262108,246.8,张家潭-同德路
109.85000000000001,15.600000000000005,1810.1115847262108,246.85000000000002,张家潭-同德路
109.9,15.575000000000006,1810.8903347262108,246.9,张家潭-同德路
109.95,15.550000000000008,1811.6678347262107,246.95,张家潭-同德路
110.0,15.52500000000001,1812.4440847262106,247.0,张家潭-同德路
110.05000000000001,15.500000000000004,1813.2190847262107,247.05,张家潭-同德路
110.10000000000001,15.475000000000005,1813.9928347262107,247.10000000000002,张家潭-同德路
110.15,15.450000000000006,1814.7653347262108,247.15,张家潭-同德路
110.2,15.425000000000008,1815.5365847262108,247.2,张家潭-同德路
110.25,15.40000000000001,1816.3065847262108,247.25,张家潭-同德路
110.30000000000001,15.375000000000004,1817.0753347262107,247.3,张家潭-同德路
110.35000000000001,15.350000000000005,1817.8428347262106,247.35000000000002,张家潭-同德路
110.4,15.325000000000006,1818.6090847262105,247.4,张家潭-同德路
110.45,15.300000000000008,1819.3740847262106,247.45,张家潭-同德路
110.5,15.27500000000001,1820.1378347262107,247.5,张家潭-同德路
110.55000000000001,15.250000000000004,1820.9003347262108,247.55,张家潭-同德路
110.60000000000001,15.225000000000005,1821.6615847262108,247.60000000000002,张家潭-同德路
110.65,15.200000000000006,1822.4215847262108,247.65,张家潭-同德路
110.7,15.175000000000008,1823.1803347262107,247.7,张家潭-同德路
110.75,15.15000000000001,1823.9378347262107,247.75,张家潭-同德路
110.80000000000001,15.125000000000004,1824.6940847262106,247.8,张家潭-同德路
110.85000000000001,15.100000000000005,1825.4490847262107,247.85000000000002,张家潭-同德路
110.9,15.075000000000006,1826.2028347262108,247.9,张家潭-同德路
110.95,15.050000000000008,1826.9553347262108,247.95,张家潭-同德路
111.0,15.02500000000001,1827.7065847262108,248.0,张家潭-同德路
111.05000000000001,15.000000000000004,1828.4565847262108,248.05,张家潭-同德路
111.10000000000001,14.975000000000005,1829.2053347262108,248.10000000000002,张家潭-同德路
111.15,14.950000000000006,1829.9528347262108,248.15,张家潭-同德路
111.2,14.925000000000008,1830.6990847262107,248.2,张家潭-同德路
111.25,14.90000000000001,1831.4440847262106,248.25,张家潭-同德路
111.30000000000001,14.875000000000004,1832.1878347262107,248.3,张家潭-同德路
111.35000000000001,14.850000000000005,1832.9303347262107,248.35000000000002,张家潭-同德路
111.4,14.825000000000006,1833.6715847262108,248.4,张家潭-同德路
111.45,14.800000000000008,1834.4115847262108,248.45,张家潭-同德路
111.5,14.77500000000001,1835.1503347262108,248.5,张家潭-同德路
111.55000000000001,14.750000000000004,1835.8878347262107,248.55,张家潭-同德路
111.60000000000001,14.725000000000005,1836.6240847262106,248.60000000000002,张家潭-同德路
111.65,14.700000000000006,1837.3590847262105,248.65,张家潭-同德路
111.7,14.675000000000008,1838.0928347262106,248.7,张家潭-同德路
111.75,14.65000000000001,1838.8253347262107,248.75,张家潭-同德路
111.80000000000001,14.625000000000004,1839.5565847262108,248.8,张家潭-同德路
111.85000000000001,14.600000000000005,1840.2865847262108,248.85000000000002,张家潭-同德路
111.9,14.575000000000006,1841.0153347262108,248.9,张家潭-同德路
111.95,14.550000000000008,1841.7428347262107,248.95,张家潭-同德路
112.0,14.52500000000001,1842.4690847262107,249.0,张家潭-同德路
112.05000000000001,14.500000000000004,1843.1940847262106,249.05,张家潭-同德路
112.10000000000001,14.475000000000005,1843.9178347262107,249.10000000000002,张家潭-同德路
112.15,14.450000000000006,1844.6403347262108,249.15,张家潭-同德路
112.2,14.425000000000008,1845.3615847262108,249.2,张家潭-同德路
112.25,14.40000000000001,1846.0815847262108,249.25,张家潭-同德路
112.30000000000001,14.375000000000004,1846.8003347262108,249.3,张家潭-同德路
112.35000000000001,14.350000000000005,1847.5178347262108,249.35000000000002,张家潭-同德路
112.4,14.325000000000006,1848.2340847262108,249.4,张家潭-同德路
112.45,14.300000000000008,1848.9490847262107,249.45,张家潭-同德路
112.5,14.27500000000001,1849.6628347262106,249.5,张家潭-同德路
112.55000000000001,14.250000000000004,1850.3753347262107,249.55,张家潭-同德路
112.60000000000001,14.225000000000005,1851.0865847262107,249.60000000000002,张家潭-同德路
112.65,14.200000000000006,1851.7965847262108,249.65,张家潭-同德路
112.7,14.175000000000008,1852.5053347262108,249.7,张家潭-同德路
112.75,14.15000000000001,1853.2128347262108,249.75,张家潭-同德路
112.80000000000001,14.125000000000004,1853.9190847262107,249.8,张家潭-同德路
112.85000000000001,14.100000000000005,1854.6240847262106,249.85000000000002,张家潭-同德路
112.9,14.075000000000006,1855.3278347262105,249.9,张家潭-同德路
112.95,14.050000000000008,1856.0303347262106,249.95,张家潭-同德路
113.0,14.02500000000001,1856.7315847262107,250.0,张家潭-同德路
113.05000000000001,14.000000000000004,1857.4315847262108,250.05,张家潭-同德路
113.10000000000001,13.975000000000005,1858.1303347262108,250.10000000000002,张家潭-同德路
113.15,13.950000000000006,1858.8278347262108,250.15,张家潭-同德路
113.2,13.925000000000008,1859.5240847262107,250.2,张家潭-同德路
113.25,13.90000000000001,1860.2190847262107,250.25,张家潭-同德路
113.30000000000001,13.875000000000004,1860.9128347262106,250.3,张家潭-同德路
113.35000000000001,13.850000000000005,1861.6053347262107,250.35000000000002,张家潭-同德路
113.4,13.825000000000006,1862.2965847262108,250.4,张家潭-同德路
113.45,13.800000000000008,1862.9865847262108,250.45,张家潭-同德路
113.5,13.77500000000001,1863.6753347262108,250.5,张家潭-同德路
113.55000000000001,13.750000000000004,1864.3628347262108,250.55,张家潭-同德路
113.60000000000001,13.725000000000005,1865.0490847262108,250.60000000000002,张家潭-同德路
113.65,13.700000000000006,1865.7340847262108,250.65,张家潭-同德路
113.7,13.675000000000008,1866.4178347262107,250.7,张家潭-同德路
113.75,13.65000000000001,1867.1003347262106,250.75,张家潭-同德路
113.80000000000001,13.625000000000004,1867.7815847262107,250.8,张家潭-同德路
113.85000000000001,13.600000000000005,1868.4615847262107,250.85000000000002,张家潭-同德路
113.9,13.575000000000006,1869.1403347262108,250.9,张家潭-同德路
113.95,13.550000000000008,1869.8178347262108,250.95,张家潭-同德路
114.0,13.52500000000001,1870.4940847262108,251.0,张家潭-同德路
114.05000000000001,13.500000000000004,1871.1690847262107,251.05,张家潭-同德路
114.10000000000001,13.475000000000005,1871.8428347262106,251.10000000000002,张家潭-同德路
114.15,13.450000000000006,1872.5153347262105,251.15,张家潭-同德路
114.2,13.425000000000008,1873.1865847262106,251.2,张家潭-同德路
114.25,13.40000000000001,1873.8565847262107,251.25,张家潭-同德路
114.30000000000001,13.375000000000004,1874.5253347262108,251.3,张家潭-同德路
114.35000000000001,13.350000000000005,1875.1928347262108,251.35000000000002,张家潭-同德路
114.4,13.325000000000006,1875.8590847262108,251.4,张家潭-同德路
114.45,13.300000000000008,1876.5240847262107,251.45,张家潭-同德路
114.5,13.27500000000001,1877.1878347262107,251.5,张家潭-同德路
114.55000000000001,13.250000000000004,1877.8503347262106,251.55,张家潭-同德路
114.60000000000001,13.225000000000005,1878.5115847262107,251.60000000000002,张家潭-同德路
114.65,13.200000000000006,1879.1715847262108,251.65,张家潭-同德路
114.7,13.175000000000008,1879.8303347262108,251.7,张家潭-同德路
114.75,13.15000000000001,1880.4878347262108,251.75,张家潭-同德路
114.80000000000001,13.125000000000004,1881.1440847262108,251.8,张家潭-同德路
114.85000000000001,13.100000000000005,1881.7990847262108,251.85000000000002,张家潭-同德路
114.9,13.075000000000006,1882.4528347262108,251.9,张家潭-同德路
114.95,13.050000000000008,1883.1053347262107,251.95,张家潭-同德路
115.0,13.02500000000001,1883.7565847262106,252.0,张家潭-同德路
115.05000000000001,13.000000000000004,1884.4065847262107,252.05,张家潭-同德路
115.10000000000001,12.975000000000005,1885.0553347262107,252.10000000000002,张家潭-同德路
115.15,12.950000000000006,1885.7028347262108,252.15,张家潭-同德路
115.2,12.925000000000008,1886.3490847262108,252.2,张家潭-同德路
115.25,12.90000000000001,1886.9940847262108,252.25,张家潭-同德路
115.30000000000001,12.875000000000004,1887.6378347262107,252.3,张家潭-同德路
115.35000000000001,12.850000000000005,1888.2803347262106,252.35000000000002,张家潭-同德路
115.4,12.825000000000006,1888.9215847262105,252.4,张家潭-同德路
115.45,12.800000000000008,1889.5615847262106,252.45,张家潭-同德路
115.5,12.77500000000001,1890.2003347262107,252.5,张家潭-同德路
115.55000000000001,12.750000000000004,1890.8378347262108,252.55,张家潭-同德路
115.60000000000001,12.725000000000005,1891.4740847262108,252.60000000000002,张家潭-同德路
115.65,12.700000000000006,1892.1090847262108,252.65,张家潭-同德路
115.7,12.675000000000008,1892.7428347262107,252.7,张家潭-同德路
115.75,12.65000000000001,1893.3753347262107,252.75,张家潭-同德路
115.80000000000001,12.625000000000004,1894.0065847262106,252.8,张家潭-同德路
115.85000000000001,12.600000000000005,1894.6365847262107,252.85000000000002,张家潭-同德路
115.9,12.575000000000006,1895.2653347262108,252.9,张家潭-同德路
115.95,12.550000000000008,1895.8928347262108,252.95,张家潭-同德路
116.0,12.52500000000001,1896.5190847262108,253.0,张家潭-同德路
116.05000000000001,12.500000000000004,1897.1440847262108,253.05,张家潭-同德路
116.10000000000001,12.475000000000005,1897.7678347262108,253.10000000000002,张家潭-同德路
116.15,12.450000000000006,1898.3903347262108,253.15,张家潭-同德路
116.2,12.425000000000008,1899.0115847262107,253.2,张家潭-同德路
116.25,12.40000000000001,1899.6315847262106,253.25,张家潭-同德路
116.30000000000001,12.375000000000004,1900.2503347262107,253.3,张家潭-同德路
116.35000000000001,12.350000000000005,1900.8678347262107,253.35000000000002,张家潭-同德路
116.4,12.325000000000006,1901.4840847262108,253.4,张家潭-同德路
116.45,12.300000000000008,1902.0990847262108,253.45,张家潭-同德路
116.5,12.27500000000001,1902.7128347262108,253.5,张家潭-同德路
116.55000000000001,12.250000000000004,1903.3253347262107,253.55,张家潭-同德路
116.60000000000001,12.225000000000005,1903.9365847262106,253.60000000000002,张家潭-同德路
116.65,12.200000000000006,1904.5465847262105,253.65,张家潭-同德路
116.7,12.175000000000008,1905.1553347262106,253.7,张家潭-同德路
116.75,12.15000000000001,1905.7628347262107,253.75,张家潭-同德路
116.80000000000001,12.125000000000004,1906.3690847262108,253.8,张家潭-同德路
116.85000000000001,12.100000000000005,1906.9740847262108,253.85000000000002,张家潭-同德路
116.9,12.075000000000006,1907.5778347262108,253.9,张家潭-同德路
116.95,12.050000000000008,1908.1803347262107,253.95,张家潭-同德路
117.0,12.02500000000001,1908.7815847262107,254.0,张家潭-同德路
117.05000000000001,12.000000000000004,1909.3815847262106,254.05,张家潭-同德路
117.10000000000001,11.975000000000005,1909.9803347262107,254.10000000000002,张家潭-同德路
117.15,11.950000000000006,1910.5778347262108,254.15,张家潭-同德路
117.2,11.925000000000008,1911.1740847262108,254.2,张家潭-同德路
117.25,11.90000000000001,1911.7690847262108,254.25,张家潭-同德路
117.30000000000001,11.875000000000004,1912.3628347262108,254.3,张家潭-同德路
117.35000000000001,11.850000000000005,1912.9553347262108,254.35000000000002,张家潭-同德路
117.4,11.825000000000006,1913.5465847262108,254.4,张家潭-同德路
117.45,11.800000000000008,1914.1365847262107,254.45,张家潭-同德路
117.5,11.77500000000001,1914.7253347262106,254.5,张家潭-同德路
117.55000000000001,11.750000000000004,1915.3128347262107,254.55,张家潭-同德路
117.60000000000001,11.725000000000005,1915.8990847262107,254.60000000000002,张家潭-同德路
117.65,11.700000000000006,1916.4840847262108,254.65,张家潭-同德路
117.7,11.675000000000008,1917.0678347262108,254.7,张家潭-同德路
117.75,11.65000000000001,1917.6503347262108,254.75,张家潭-同德路
117.80000000000001,11.625000000000004,1918.2315847262107,254.8,张家潭-同德路
117.85000000000001,11.600000000000005,1918.8115847262106,254.85000000000002,张家潭-同德路
117.9,11.575000000000006,1919.3903347262105,254.9,张家潭-同德路
117.95,11.550000000000008,1919.9678347262106,254.95,张家潭-同德路
118.0,11.52500000000001,1920.5440847262107,255.0,张家潭-同德路
118.05000000000001,11.500000000000004,1921.1190847262108,255.05,张家潭-同德路
118.10000000000001,11.475000000000005,1921.6928347262108,255.10000000000002,张家潭-同德路
118.15,11.450000000000006,1922.2653347262108,255.15,张家潭-同德路
118.2,11.425000000000008,1922.8365847262107,255.2,张家潭-同德路
118.25,11.40000000000001,1923.4065847262107,255.25,张家潭-同德路
118.30000000000001,11.375000000000004,1923.9753347262106,255.3,张家潭-同德路
118.35000000000001,11.350000000000005,1924.5428347262107,255.35000000000002,张家潭-同德路
118.4,11.325000000000006,1925.1090847262108,255.4,张家潭-同德路
118.45,11.300000000000008,1925.6740847262108,255.45,张家潭-同德路
118.5,11.27500000000001,1926.2378347262108,255.5,张家潭-同德路
118.55000000000001,11.250000000000004,1926.8003347262108,255.55,张家潭-同德路
118.60000000000001,11.225000000000005,1927.3615847262108,255.60000000000002,张家潭-同德路
118.65,11.200000000000006,1927.9215847262108,255.65,张家潭-同德路
118.7,11.175000000000008,1928.4803347262107,255.7,张家潭-同德路
118.75,11.15000000000001,1929.0378347262106,255.75,张家潭-同德路
118.80000000000001,11.125000000000004,1929.5940847262107,255.8,张家潭-同德路
118.85000000000001,11.100000000000005,1930.1490847262107,255.85000000000002,张家潭-同德路
118.9,11.075000000000006,1930.7028347262108,255.9,张家潭-同德路
118.95,11.050000000000008,1931.2553347262108,255.95,张家潭-同德路
119.0,11.02500000000001,1931.8065847262108,256.0,张家潭-同德路
119.05000000000001,11.000000000000004,1932.3565847262107,256.05,张家潭-同德路
119.10000000000001,10.975000000000005,1932.9053347262106,256.1,张家潭-同德路
119.15,10.950000000000006,1933.4528347262105,256.15,张家潭-同德路
119.2,10.925000000000008,1933.9990847262106,256.2,张家潭-同德路
119.25,10.90000000000001,1934.5440847262107,256.25,张家潭-同德路
119.30000000000001,10.875000000000004,1935.0878347262108,256.3,张家潭-同德路
119.35000000000001,10.850000000000005,1935.6303347262108,256.35,张家潭-同德路
119.4,10.825000000000006,1936.1715847262108,256.4,张家潭-同德路
119.45,10.800000000000008,1936.7115847262107,256.45,张家潭-同德路
119.5,10.77500000000001,1937.2503347262107,256.5,张家潭-同德路
119.55000000000001,10.750000000000004,1937.7878347262106,256.55,张家潭-同德路
119.60000000000001,10.725000000000005,1938.3240847262107,256.6,张家潭-同德路
119.65,10.700000000000006,1938.8590847262108,256.65,张家潭-同德路
119.7,10.675000000000008,1939.3928347262108,256.7,张家潭-同德路
119.75,10.65000000000001,1939.9253347262108,256.75,张家潭-同德路
119.80000000000001,10.625000000000004,1940.4565847262108,256.8,张家潭-同德路
119.85000000000001,10.600000000000005,1940.9865847262108,256.85,张家潭-同德路
119.9,10.575000000000006,1941.5153347262108,256.9,张家潭-同德路
119.95,10.550000000000008,1942.0428347262107,256.95,张家潭-同德路
120.0,10.52500000000001,1942.5690847262106,257.0,张家潭-同德路
120.05000000000001,10.500000000000004,1943.0940847262107,257.05,张家潭-同德路
120.10000000000001,10.475000000000005,1943.6178347262107,257.1,张家潭-同德路
120.15,10.450000000000006,1944.1403347262108,257.15,张家潭-同德路
120.2,10.425000000000008,1944.6615847262108,257.2,张家潭-同德路
120.25,10.40000000000001,1945.1815847262108,257.25,张家潭-同德路
120.30000000000001,10.375000000000004,1945.7003347262107,257.3,张家潭-同德路
120.35000000000001,10.350000000000005,1946.2178347262106,257.35,张家潭-同德路
120.4,10.325000000000006,1946.7340847262105,257.4,张家潭-同德路
120.45,10.300000000000008,1947.2490847262106,257.45,张家潭-同德路
120.5,10.27500000000001,1947.7628347262107,257.5,张家潭-同德路
120.55000000000001,10.250000000000004,1948.2753347262108,257.55,张家潭-同德路
120.60000000000001,10.225000000000005,1948.7865847262108,257.6,张家潭-同德路
120.65,10.200000000000006,1949.2965847262108,257.65,张家潭-同德路
120.7,10.175000000000008,1949.8053347262107,257.7,张家潭-同德路
120.75,10.15000000000001,1950.3128347262107,257.75,张家潭-同德路
120.80000000000001,10.125000000000004,1950.8190847262106,257.8,张家潭-同德路
120.85000000000001,10.100000000000005,1951.3240847262107,257.85,张家潭-同德路
120.9,10.075000000000006,1951.8278347262108,257.9,张家潭-同德路
120.95,10.050000000000008,1952.3303347262108,257.95,张家潭-同德路
121.0,10.02500000000001,1952.8315847262108,258.0,张家潭-同德路
121.05000000000001,10.000000000000004,1953.3315847262108,258.05,张家潭-同德路
121.10000000000001,9.975000000000005,1953.8303347262108,258.1,张家潭-同德路
121.15,9.950000000000006,1954.3278347262108,258.15,张家潭-同德路
121.2,9.925000000000008,1954.8240847262107,258.2,张家潭-同德路
121.25,9.90000000000001,1955.3190847262106,258.25,张家潭-同德路
121.30000000000001,9.875000000000004,1955.8128347262107,258.3,张家潭-同德路
121.35000000000001,9.850000000000005,1956.3053347262107,258.35,张家潭-同德路
121.4,9.825000000000006,1956.7965847262108,258.4,张家潭-同德路
121.45,9.800000000000008,1957.2865847262108,258.45,张家潭-同德路
121.5,9.77500000000001,1957.7753347262108,258.5,张家潭-同德路
121.55000000000001,9.750000000000004,1958.2628347262107,258.55,张家潭-同德路
121.60000000000001,9.725000000000005,1958.7490847262106,258.6,张家潭-同德路
121.65,9.700000000000006,1959.2340847262105,258.65,张家潭-同德路
121.7,9.675000000000008,1959.7178347262106,258.7,张家潭-同德路
121.75,9.65000000000001,1960.2003347262107,258.75,张家潭-同德路
121.80000000000001,9.625000000000004,1960.6815847262108,258.8,张家潭-同德路
121.85000000000001,9.600000000000005,1961.1615847262108,258.85,张家潭-同德路
121.9,9.575000000000006,1961.6403347262108,258.9,张家潭-同德路
121.95,9.550000000000008,1962.1178347262107,258.95,张家潭-同德路
122.0,9.52500000000001,1962.5940847262107,259.0,张家潭-同德路
122.05000000000001,9.500000000000004,1963.0690847262106,259.05,张家潭-同德路
122.10000000000001,9.475000000000005,1963.5428347262107,259.1,张家潭-同德路
122.15,9.450000000000006,1964.0153347262108,259.15,张家潭-同德路
122.2,9.425000000000008,1964.4865847262108,259.2,张家潭-同德路
122.25,9.40000000000001,1964.9565847262108,259.25,张家潭-同德路
122.30000000000001,9.375000000000004,1965.4253347262108,259.3,张家潭-同德路
122.35000000000001,9.350000000000005,1965.8928347262108,259.35,张家潭-同德路
122.4,9.325000000000006,1966.3590847262108,259.4,张家潭-同德路
122.45,9.300000000000008,1966.8240847262107,259.45,张家潭-同德路
122.5,9.27500000000001,1967.2878347262106,259.5,张家潭-同德路
122.55000000000001,9.250000000000004,1967.7503347262107,259.55,张家潭-同德路
122.60000000000001,9.225000000000005,1968.2115847262107,259.6,张家潭-同德路
122.65,9.200000000000006,1968.6715847262108,259.65,张家潭-同德路
122.7,9.175000000000008,1969.1303347262108,259.7,张家潭-同德路
122.75,9.15000000000001,1969.5878347262108,259.75,张家潭-同德路
122.80000000000001,9.125000000000004,1970.0440847262107,259.8,张家潭-同德路
122.85000000000001,9.100000000000005,1970.4990847262106,259.85,张家潭-同德路
122.9,9.075000000000006,1970.9528347262105,259.9,张家潭-同德路
122.95,9.050000000000008,1971.4053347262106,259.95,张家潭-同德路
123.0,9.02500000000001,1971.8565847262107,260.0,张家潭-同德路
123.05000000000001,9.000000000000004,1972.3065847262108,260.05,张家潭-同德路
123.10000000000001,8.975000000000005,1972.7553347262108,260.1,张家潭-同德路
123.15,8.950000000000006,1973.2028347262108,260.15,张家潭-同德路
123.2,8.925000000000008,1973.6490847262107,260.2,张家潭-同德路
123.25,8.90000000000001,1974.0940847262107,260.25,张家潭-同德路
123.30000000000001,8.875000000000004,1974.5378347262106,260.3,张家潭-同德路
123.35000000000001,8.850000000000005,1974.9803347262107,260.35,张家潭-同德路
123.4,8.825000000000006,1975.4215847262108,260.4,张家潭-同德路
123.45,8.800000000000008,1975.8615847262108,260.45,张家潭-同德路
123.5,8.77500000000001,1976.3003347262108,260.5,张家潭-同德路
123.55000000000001,8.750000000000004,1976.7378347262108,260.55,张家潭-同德路
123.60000000000001,8.725000000000005,1977.1740847262108,260.6,张家潭-同德路
123.65,8.700000000000006,1977.6090847262108,260.65,张家潭-同德路
123.7,8.675000000000008,1978.0428347262107,260.7,张家潭-同德路
123.75,8.65000000000001,1978.4753347262106,260.75,张家潭-同德路
123.80000000000001,8.625000000000004,1978.9065847262107,260.8,张家潭-同德路
123.85000000000001,8.600000000000005,1979.3365847262107,260.85,张家潭-同德路
123.9,8.575000000000006,1979.7653347262108,260.9,张家潭-同德路
123.95,8.550000000000008,1980.1928347262108,260.95,张家潭-同德路
124.0,8.52500000000001,1980.6190847262108,261.0,张家潭-同德路
124.05000000000001,8.500000000000004,1981.0440847262107,261.05,张家潭-同德路
124.10000000000001,8.475000000000005,1981.4678347262106,261.1,张家潭-同德路
124.15,8.450000000000006,1981.8903347262105,261.15,张家潭-同德路
124.2,8.425000000000008,1982.3115847262106,261.2,张家潭-同德路
124.25,8.40000000000001,1982.7315847262107,261.25,张家潭-同德路
124.30000000000001,8.375000000000004,1983.1503347262108,261.3,张家潭-同德路
124.35000000000001,8.350000000000005,1983.5678347262108,261.35,张家潭-同德路
124.4,8.325000000000006,1983.9840847262108,261.4,张家潭-同德路
124.45,8.300000000000008,1984.3990847262107,261.45,张家潭-同德路
124.5,8.27500000000001,1984.8128347262107,261.5,张家潭-同德路
124.55000000000001,8.250000000000004,1985.2253347262106,261.55,张家潭-同德路
124.60000000000001,8.225000000000005,1985.6365847262107,261.6,张家潭-同德路
124.65,8.200000000000006,1986.0465847262108,261.65,张家潭-同德路
124.7,8.175000000000008,1986.4553347262108,261.7,张家潭-同德路
124.75,8.15000000000001,1986.8628347262108,261.75,张家潭-同德路
124.80000000000001,8.125000000000004,1987.2690847262108,261.8,张家潭-同德路
124.85000000000001,8.100000000000005,1987.6740847262108,261.85,张家潭-同德路
124.9,8.075000000000006,1988.0778347262108,261.9,张家潭-同德路
124.95,8.050000000000008,1988.4803347262107,261.95,张家潭-同德路
125.0,8.02500000000001,1988.8815847262106,262.0,张家潭-同德路
125.05000000000001,8.000000000000004,1989.2815847262107,262.05,张家潭-同德路
125.10000000000001,7.975000000000005,1989.6803347262107,262.1,张家潭-同德路
125.15,7.950000000000006,1990.0778347262108,262.15,张家潭-同德路
125.2,7.925000000000008,1990.4740847262108,262.2,张家潭-同德路
125.25,7.900000000000009,1990.8690847262108,262.25,张家潭-同德路
125.30000000000001,7.8750000000000036,1991.2628347262107,262.3,张家潭-同德路
125.35000000000001,7.850000000000005,1991.6553347262106,262.35,张家潭-同德路
125.4,7.825000000000006,1992.0465847262105,262.4,张家潭-同德路
125.45,7.800000000000008,1992.4365847262106,262.45,张家潭-同德路
125.5,7.775000000000009,1992.8253347262107,262.5,张家潭-同德路
125.55000000000001,7.7500000000000036,1993.2128347262108,262.55,张家潭-同德路
125.60000000000001,7.725000000000005,1993.5990847262108,262.6,张家潭-同德路
125.65,7.700000000000006,1993.9840847262108,262.65,张家潭-同德路
125.7,7.675000000000008,1994.3678347262107,262.7,张家潭-同德路
125.75,7.650000000000009,1994.7503347262107,262.75,张家潭-同德路
125.80000000000001,7.6250000000000036,1995.1315847262106,262.8,张家潭-同德路
125.85000000000001,7.600000000000005,1995.5115847262107,262.85,张家潭-同德路
125.9,7.575000000000006,1995.8903347262108,262.9,张家潭-同德路
125.95,7.550000000000008,1996.2678347262108,262.95,张家潭-同德路
126.0,7.525000000000009,1996.6440847262108,263.0,张家潭-同德路
126.05000000000001,7.5000000000000036,1997.0190847262108,263.05,张家潭-同德路
126.10000000000001,7.475000000000005,1997.3928347262108,263.1,张家潭-同德路
126.15,7.450000000000006,1997.7653347262108,263.15,张家潭-同德路
126.2,7.425000000000008,1998.1365847262107,263.2,张家潭-同德路
126.25,7.400000000000009,1998.5065847262106,263.25,张家潭-同德路
126.30000000000001,7.3750000000000036,1998.8753347262107,263.3,张家潭-同德路
126.35000000000001,7.350000000000005,1999.2428347262107,263.35,张家潭-同德路
126.4,7.325000000000006,1999.6090847262108,263.4,张家潭-同德路
126.45,7.300000000000008,1999.9740847262108,263.45,张家潭-同德路
126.5,7.275000000000009,2000.3378347262108,263.5,张家潭-同德路
126.55000000000001,7.2500000000000036,2000.7003347262107,263.55,张家潭-同德路
126.60000000000001,7.225000000000005,2001.0615847262106,263.6,张家潭-同德路
126.65,7.200000000000006,2001.4215847262105,263.65,张家潭-同德路
126.7,7.175000000000008,2001.7803347262106,263.7,张家潭-同德路
126.75,7.150000000000009,2002.1378347262107,263.75,张家潭-同德路
126.80000000000001,7.1250000000000036,2002.4940847262108,263.8,张家潭-同德路
126.85000000000001,7.100000000000005,2002.8490847262108,263.85,张家潭-同德路
126.9,7.075000000000006,2003.2028347262108,263.9,张家潭-同德路
126.95,7.050000000000008,2003.5553347262107,263.95,张家潭-同德路
127.0,7.025000000000009,2003.9065847262107,264.0,张家潭-同德路
127.05000000000001,7.0000000000000036,2004.2565847262106,264.05,张家潭-同德路
127.10000000000001,6.975000000000005,2004.6053347262107,264.1,张家潭-同德路
127.15,6.950000000000006,2004.9528347262108,264.15,张家潭-同德路
127.2,6.925000000000008,2005.2990847262108,264.2,张家潭-同德路
127.25,6.900000000000009,2005.6440847262108,264.25,张家潭-同德路
127.30000000000001,6.8750000000000036,2005.9878347262108,264.3,张家潭-同德路
127.35000000000001,6.850000000000005,2006.3303347262108,264.35,张家潭-同德路
127.4,6.825000000000006,2006.6715847262108,264.4,张家潭-同德路
127.45,6.800000000000008,2007.0115847262107,264.45,张家潭-同德路
127.5,6.775000000000009,2007.3503347262106,264.5,张家潭-同德路
127.55000000000001,6.7500000000000036,2007.6878347262107,264.55,张家潭-同德路
127.60000000000001,6.725000000000005,2008.0240847262107,264.6,张家潭-同德路
127.65,6.700000000000006,2008.3590847262108,264.65,张家潭-同德路
127.7,6.675000000000008,2008.6928347262108,264.7,张家潭-同德路
127.75,6.650000000000009,2009.0253347262108,264.75,张家潭-同德路
127.80000000000001,6.6250000000000036,2009.3565847262107,264.8,张家潭-同德路
127.85000000000001,6.600000000000005,2009.6865847262106,264.85,张家潭-同德路
127.9,6.575000000000006,2010.0153347262105,264.9,张家潭-同德路
127.95,6.550000000000008,2010.3428347262106,264.95,张家潭-同德路
128.0,6.525000000000009,2010.6690847262107,265.0,张家潭-同德路
128.05,6.5000000000000036,2010.9940847262108,265.05,张家潭-同德路
128.1,6.475000000000012,2011.3178347262108,265.1,张家潭-同德路
128.15,6.450000000000006,2011.6403347262108,265.15,张家潭-同德路
128.20000000000002,6.425000000000001,2011.9615847262107,265.20000000000005,张家潭-同德路
128.25,6.400000000000009,2012.2815847262107,265.25,张家潭-同德路
128.3,6.3750000000000036,2012.6003347262106,265.3,张家潭-同德路
128.35,6.350000000000012,2012.9178347262107,265.35,张家潭-同德路
128.4,6.325000000000006,2013.2340847262108,265.4,张家潭-同德路
128.45000000000002,6.300000000000001,2013.5490847262108,265.45000000000005,张家潭-同德路
128.5,6.275000000000009,2013.8628347262108,265.5,张家潭-同德路
128.55,6.2500000000000036,2014.1753347262108,265.55,张家潭-同德路
128.6,6.225000000000012,2014.4865847262108,265.6,张家潭-同德路
128.65,6.200000000000006,2014.7965847262108,265.65,张家潭-同德路
128.70000000000002,6.175000000000001,2015.1053347262107,265.70000000000005,张家潭-同德路
128.75,6.150000000000009,2015.4128347262106,265.75,张家潭-同德路
128.8,6.1250000000000036,2015.7190847262107,265.8,张家潭-同德路
128.85,6.100000000000012,2016.0240847262107,265.85,张家潭-同德路
128.9,6.075000000000006,2016.3278347262108,265.9,张家潭-同德路
128.95000000000002,6.050000000000001,2016.6303347262108,265.95000000000005,张家潭-同德路
129.0,6.025000000000009,2016.9315847262108,266.0,张家潭-同德路
129.05,6.0000000000000036,2017.2315847262107,266.05,张家潭-同德路
129.1,5.975000000000012,2017.5303347262106,266.1,张家潭-同德路
129.15,5.950000000000006,2017.8278347262105,266.15,张家潭-同德路
129.20000000000002,5.925000000000001,2018.1240847262106,266.20000000000005,张家潭-同德路
129.25,5.900000000000009,2018.4190847262107,266.25,张家潭-同德路
129.3,5.8750000000000036,2018.7128347262108,266.3,张家潭-同德路
129.35,5.850000000000012,2019.0053347262108,266.35,张家潭-同德路
129.4,5.825000000000006,2019.2965847262108,266.4,张家潭-同德路
129.45000000000002,5.800000000000001,2019.5865847262107,266.45000000000005,张家潭-同德路
129.5,5.775000000000009,2019.8753347262107,266.5,张家潭-同德路
129.55,5.7500000000000036,2020.1628347262106,266.55,张家潭-同德路
129.6,5.725000000000012,2020.4490847262107,266.6,张家潭-同德路
129.65,5.700000000000006,2020.7340847262108,266.65,张家潭-同德路
129.70000000000002,5.675000000000001,2021.0178347262108,266.70000000000005,张家潭-同德路
129.75,5.650000000000009,2021.3003347262108,266.75,张家潭-同德路
129.8,5.6250000000000036,2021.5815847262108,266.8,张家潭-同德路
129.85,5.600000000000012,2021.8615847262108,266.85,张家潭-同德路
129.9,5.575000000000006,2022.1403347262108,266.9,张家潭-同德路
129.95000000000002,5.550000000000001,2022.4178347262107,266.95000000000005,张家潭-同德路
130.0,5.525000000000009,2022.6940847262106,267.0,张家潭-同德路
130.05,5.5000000000000036,2022.9690847262107,267.05,张家潭-同德路
130.1,5.475000000000012,2023.2428347262107,267.1,张家潭-同德路
130.15,5.450000000000006,2023.5153347262108,267.15,张家潭-同德路
130.20000000000002,5.425000000000001,2023.7865847262108,267.20000000000005,张家潭-同德路
130.25,5.400000000000009,2024.0565847262108,267.25,张家潭-同德路
130.3,5.3750000000000036,2024.3253347262107,267.3,张家潭-同德路
130.35,5.350000000000012,2024.5928347262106,267.35,张家潭-同德路
130.4,5.325000000000006,2024.8590847262105,267.4,张家潭-同德路
130.45000000000002,5.300000000000001,2025.1240847262106,267.45000000000005,张家潭-同德路
130.5,5.275000000000009,2025.3878347262107,267.5,张家潭-同德路
130.55,5.2500000000000036,2025.6503347262108,267.55,张家潭-同德路
130.6,5.225000000000012,2025.9115847262108,267.6,张家潭-同德路
130.65,5.200000000000006,2026.1715847262108,267.65,张家潭-同德路
130.70000000000002,5.175000000000001,2026.4303347262107,267.70000000000005,张家潭-同德路
130.75,5.150000000000009,2026.6878347262107,267.75,张家潭-同德路
130.8,5.1250000000000036,2026.9440847262106,267.8,张家潭-同德路
130.85,5.100000000000012,2027.1990847262107,267.85,张家潭-同德路
130.9,5.075000000000006,2027.4528347262108,267.9,张家潭-同德路
130.95000000000002,5.050000000000001,2027.7053347262108,267.95000000000005,张家潭-同德路
131.0,5.025000000000009,2027.9565847262108,268.0,张家潭-同德路
131.05,5.0000000000000036,2028.2065847262108,268.05,张家潭-同德路
131.1,4.975000000000012,2028.4553347262108,268.1,张家潭-同德路
131.15,4.950000000000006,2028.7028347262108,268.15,张家潭-同德路
131.20000000000002,4.925000000000001,2028.9490847262107,268.20000000000005,张家潭-同德路
131.25,4.900000000000009,2029.1940847262106,268.25,张家潭-同德路
131.3,4.8750000000000036,2029.4378347262107,268.3,张家潭-同德路
131.35,4.850000000000012,2029.6803347262107,268.35,张家潭-同德路
131.4,4.825000000000006,2029.9215847262108,268.4,张家潭-同德路
131.45000000000002,4.800000000000001,2030.1615847262108,268.45000000000005,张家潭-同德路
131.5,4.775000000000009,2030.4003347262108,268.5,张家潭-同德路
131.55,4.7500000000000036,2030.6378347262107,268.55,张家潭-同德路
131.6,4.725000000000012,2030.8740847262106,268.6,张家潭-同德路
131.65,4.700000000000006,2031.1090847262105,268.65,张家潭-同德路
131.70000000000002,4.675000000000001,2031.3428347262106,268.70000000000005,张家潭-同德路
131.75,4.650000000000009,2031.5753347262107,268.75,张家潭-同德路
131.8,4.6250000000000036,2031.8065847262108,268.8,张家潭-同德路
131.85,4.600000000000012,2032.0365847262108,268.85,张家潭-同德路
131.9,4.575000000000006,2032.2653347262108,268.9,张家潭-同德路
131.95000000000002,4.550000000000001,2032.4928347262107,268.95000000000005,张家潭-同德路
132.0,4.525000000000009,2032.7190847262107,269.0,张家潭-同德路
132.05,4.5000000000000036,2032.9440847262106,269.05,张家潭-同德路
132.1,4.475000000000012,2033.1678347262107,269.1,张家潭-同德路
132.15,4.450000000000006,2033.3903347262108,269.15,张家潭-同德路
132.20000000000002,4.425000000000001,2033.6115847262108,269.20000000000005,张家潭-同德路
132.25,4.400000000000009,2033.8315847262108,269.25,张家潭-同德路
132.3,4.3750000000000036,2034.0503347262108,269.3,张家潭-同德路
132.35,4.350000000000012,2034.2678347262108,269.35,张家潭-同德路
132.4,4.325000000000006,2034.4840847262108,269.4,张家潭-同德路
132.45000000000002,4.300000000000001,2034.6990847262107,269.45000000000005,张家潭-同德路
132.5,4.275000000000009,2034.9128347262106,269.5,张家潭-同德路
132.55,4.2500000000000036,2035.1253347262107,269.55,张家潭-同德路
132.6,4.225000000000012,2035.3365847262107,269.6,张家潭-同德路
132.65,4.200000000000006,2035.5465847262108,269.65,张家潭-同德路
132.70000000000002,4.175000000000001,2035.7553347262108,269.70000000000005,张家潭-同德路
132.75,4.150000000000009,2035.9628347262108,269.75,张家潭-同德路
132.8,4.1250000000000036,2036.1690847262107,269.8,张家潭-同德路
132.85,4.100000000000012,2036.3740847262106,269.85,张家潭-同德路
132.9,4.075000000000006,2036.5778347262105,269.9,张家潭-同德路
132.95000000000002,4.050000000000001,2036.7803347262106,269.95000000000005,张家潭-同德路
133.0,4.025000000000009,2036.9815847262107,270.0,张家潭-同德路
133.05,4.0000000000000036,2037.1815847262108,270.05,张家潭-同德路
133.1,3.975000000000012,2037.3803347262108,270.1,张家潭-同德路
133.15,3.9500000000000064,2037.5778347262108,270.15,张家潭-同德路
133.20000000000002,3.9250000000000007,2037.7740847262107,270.20000000000005,张家潭-同德路
133.25,3.9000000000000092,2037.9690847262107,270.25,张家潭-同德路
133.3,3.8750000000000036,2038.1628347262106,270.3,张家潭-同德路
133.35,3.850000000000012,2038.3553347262107,270.35,张家潭-同德路
133.4,3.8250000000000064,2038.5465847262108,270.4,张家潭-同德路
133.45000000000002,3.8000000000000007,2038.7365847262108,270.45000000000005,张家潭-同德路
133.5,3.7750000000000092,2038.9253347262108,270.5,张家潭-同德路
133.55,3.7500000000000036,2039.1128347262108,270.55,张家潭-同德路
133.6,3.725000000000012,2039.2990847262108,270.6,张家潭-同德路
133.65,3.7000000000000064,2039.4840847262108,270.65,张家潭-同德路
133.70000000000002,3.6750000000000007,2039.6678347262107,270.70000000000005,张家潭-同德路
133.75,3.6500000000000092,2039.8503347262106,270.75,张家潭-同德路
133.8,3.6250000000000036,2040.0315847262107,270.8,张家潭-同德路
133.85,3.600000000000012,2040.2115847262107,270.85,张家潭-同德路
133.9,3.5750000000000064,2040.3903347262108,270.9,张家潭-同德路
133.95000000000002,3.5500000000000007,2040.5678347262108,270.95000000000005,张家潭-同德路
134.0,3.5250000000000092,2040.7440847262108,271.0,张家潭-同德路
134.05,3.5000000000000036,2040.9190847262107,271.05,张家潭-同德路
134.1,3.475000000000012,2041.0928347262106,271.1,张家潭-同德路
134.15,3.4500000000000064,2041.2653347262105,271.15,张家潭-同德路
134.20000000000002,3.4250000000000007,2041.4365847262106,271.20000000000005,张家潭-同德路
134.25,3.4000000000000092,2041.6065847262107,271.25,张家潭-同德路
134.3,3.3750000000000036,2041.7753347262108,271.3,张家潭-同德路
134.35,3.350000000000012,2041.9428347262108,271.35,张家潭-同德路
134.4,3.3250000000000064,2042.1090847262108,271.4,张家潭-同德路
134.45000000000002,3.3000000000000007,2042.2740847262107,271.45000000000005,张家潭-同德路
134.5,3.2750000000000092,2042.4378347262107,271.5,张家潭-同德路
134.55,3.2500000000000036,2042.6003347262106,271.55,张家潭-同德路
134.6,3.225000000000012,2042.7615847262107,271.6,张家潭-同德路
134.65,3.2000000000000064,2042.9215847262108,271.65,张家潭-同德路
134.70000000000002,3.1750000000000007,2043.0803347262108,271.70000000000005,张家潭-同德路
134.75,3.1500000000000092,2043.2378347262108,271.75,张家潭-同德路
134.8,3.1250000000000036,2043.3940847262108,271.8,张家潭-同德路
134.85,3.100000000000012,2043.5490847262108,271.85,张家潭-同德路
134.9,3.0750000000000064,2043.7028347262108,271.9,张家潭-同德路
134.95000000000002,3.0500000000000007,2043.8553347262107,271.95000000000005,张家潭-同德路
135.0,3.0250000000000092,2044.0065847262106,272.0,张家潭-同德路
135.05,3.0000000000000036,2044.1565847262107,272.05,张家潭-同德路
135.1,2.975000000000012,2044.3053347262107,272.1,张家潭-同德路
135.15,2.9500000000000064,2044.4528347262108,272.15,张家潭-同德路
135.20000000000002,2.9250000000000007,2044.5990847262108,272.20000000000005,张家潭-同德路
135.25,2.9000000000000092,2044.7440847262108,272.25,张家潭-同德路
135.3,2.8750000000000036,2044.8878347262107,272.3,张家潭-同德路
135.35,2.850000000000012,2045.0303347262106,272.35,张家潭-同德路
135.4,2.8250000000000064,2045.1715847262105,272.4,张家潭-同德路
135.45000000000002,2.8000000000000007,2045.3115847262106,272.45000000000005,张家潭-同德路
135.5,2.7750000000000092,2045.4503347262107,272.5,张家潭-同德路
135.55,2.7500000000000036,2045.5878347262108,272.55,张家潭-同德路
135.6,2.725000000000012,2045.7240847262108,272.6,张家潭-同德路
135.65,2.7000000000000064,2045.8590847262108,272.65,张家潭-同德路
135.70000000000002,2.6750000000000007,2045.9928347262107,272.70000000000005,张家潭-同德路
135.75,2.6500000000000092,2046.1253347262107,272.75,张家潭-同德路
135.8,2.6250000000000036,2046.2565847262106,272.8,张家潭-同德路
135.85,2.600000000000012,2046.3865847262107,272.85,张家潭-同德路
135.9,2.5750000000000064,2046.5153347262108,272.9,张家潭-同德路
135.95000000000002,2.5500000000000007,2046.6428347262108,272.95000000000005,张家潭-同德路
136.0,2.5250000000000092,2046.7690847262108,273.0,张家潭-同德路
136.05,2.5000000000000036,2046.8940847262108,273.05,张家潭-同德路
136.1,2.475000000000012,2047.0178347262108,273.1,张家潭-同德路
136.15,2.4500000000000064,2047.1403347262108,273.15,张家潭-同德路
136.20000000000002,2.4250000000000007,2047.2615847262107,273.20000000000005,张家潭-同德路
136.25,2.4000000000000092,2047.3815847262106,273.25,张家潭-同德路
136.3,2.3750000000000036,2047.5003347262107,273.3,张家潭-同德路
136.35,2.350000000000012,2047.6178347262107,273.35,张家潭-同德路
136.4,2.3250000000000064,2047.7340847262108,273.4,张家潭-同德路
136.45000000000002,2.3000000000000007,2047.8490847262108,273.45000000000005,张家潭-同德路
136.5,2.2750000000000092,2047.9628347262108,273.5,张家潭-同德路
136.55,2.2500000000000036,2048.0753347262107,273.55,张家潭-同德路
136.6,2.225000000000012,2048.1865847262106,273.6,张家潭-同德路
136.65,2.2000000000000064,2048.2965847262108,273.65,张家潭-同德路
136.70000000000002,2.1750000000000007,2048.4053347262106,273.70000000000005,张家潭-同德路
136.75,2.1500000000000092,2048.5128347262107,273.75,张家潭-同德路
136.8,2.1250000000000036,2048.6190847262105,273.8,张家潭-同德路
136.85,2.100000000000012,2048.7240847262105,273.85,张家潭-同德路
136.9,2.0750000000000064,2048.8278347262108,273.9,张家潭-同德路
136.95000000000002,2.0500000000000007,2048.9303347262107,273.95000000000005,张家潭-同德路
137.0,2.0250000000000092,2049.031584726211,274.0,张家潭-同德路
137.05,2.0000000000000036,2049.131584726211,274.05,张家潭-同德路
137.1,1.975000000000012,2049.230334726211,274.1,张家潭-同德路
137.15,1.9500000000000064,2049.3278347262108,274.15,张家潭-同德路
137.20000000000002,1.9250000000000007,2049.424084726211,274.20000000000005,张家潭-同德路
137.25,1.9000000000000092,2049.5190847262106,274.25,张家潭-同德路
137.3,1.8750000000000036,2049.6128347262106,274.3,张家潭-同德路
137.35,1.850000000000012,2049.705334726211,274.35,张家潭-同德路
137.4,1.8250000000000064,2049.7965847262108,274.4,张家潭-同德路
137.45000000000002,1.8000000000000007,2049.886584726211,274.45000000000005,张家潭-同德路
137.5,1.7750000000000092,2049.975334726211,274.5,张家潭-同德路
137.55,1.7500000000000036,2050.062834726211,274.55,张家潭-同德路
137.6,1.725000000000012,2050.1490847262107,274.6,张家潭-同德路
137.65,1.7000000000000064,2050.2340847262108,274.65,张家潭-同德路
137.70000000000002,1.6750000000000007,2050.3178347262105,274.70000000000005,张家潭-同德路
137.75,1.6500000000000092,2050.4003347262105,274.75,张家潭-同德路
137.8,1.6250000000000036,2050.4815847262107,274.8,张家潭-同德路
137.85,1.600000000000012,2050.5615847262106,274.85,张家潭-同德路
137.9,1.5750000000000064,2050.6403347262108,274.9,张家潭-同德路
137.95000000000002,1.5500000000000007,2050.7178347262106,274.95000000000005,张家潭-同德路
138.0,1.5250000000000092,2050.7940847262107,275.0,张家潭-同德路
138.05,1.5000000000000036,2050.8690847262105,275.05,张家潭-同德路
138.1,1.475000000000012,2050.9428347262105,275.1,张家潭-同德路
138.15,1.4500000000000064,2051.0153347262108,275.15,张家潭-同德路
138.20000000000002,1.4250000000000007,2051.0865847262107,275.20000000000005,张家潭-同德路
138.25,1.4000000000000092,2051.156584726211,275.25,张家潭-同德路
138.3,1.3750000000000036,2051.225334726211,275.3,张家潭-同德路
138.35,1.350000000000012,2051.292834726211,275.35,张家潭-同德路
138.4,1.3250000000000064,2051.3590847262108,275.4,张家潭-同德路
138.45000000000002,1.3000000000000007,2051.424084726211,275.45000000000005,张家潭-同德路
138.5,1.2750000000000092,2051.4878347262106,275.5,张家潭-同德路
138.55,1.2500000000000036,2051.5503347262106,275.55,张家潭-同德路
138.6,1.225000000000012,2051.611584726211,275.6,张家潭-同德路
138.65,1.2000000000000064,2051.6715847262108,275.65,张家潭-同德路
138.70000000000002,1.1750000000000007,2051.730334726211,275.70000000000005,张家潭-同德路
138.75,1.1500000000000092,2051.787834726211,275.75,张家潭-同德路
138.8,1.1250000000000036,2051.844084726211,275.8,张家潭-同德路
138.85,1.100000000000012,2051.8990847262107,275.85,张家潭-同德路
138.9,1.0750000000000064,2051.9528347262108,275.9,张家潭-同德路
138.95000000000002,1.0500000000000007,2052.0053347262105,275.95000000000005,张家潭-同德路
139.0,1.0250000000000092,2052.0565847262105,276.0,张家潭-同德路
139.05,1.0000000000000036,2052.1065847262107,276.05,张家潭-同德路
139.1,0.9750000000000121,2052.1553347262106,276.1,张家潭-同德路
139.15,0.9500000000000064,2052.2028347262108,276.15,张家潭-同德路
139.20000000000002,0.9250000000000007,2052.2490847262106,276.20000000000005,张家潭-同德路
139.25,0.9000000000000092,2052.2940847262107,276.25,张家潭-同德路
139.3,0.8750000000000036,2052.3378347262105,276.3,张家潭-同德路
139.35,0.8500000000000121,2052.3803347262105,276.35,张家潭-同德路
139.4,0.8250000000000064,2052.4215847262108,276.4,张家潭-同德路
139.45000000000002,0.8000000000000007,2052.4615847262107,276.45000000000005,张家潭-同德路
139.5,0.7750000000000092,2052.500334726211,276.5,张家潭-同德路
139.55,0.7500000000000036,2052.537834726211,276.55,张家潭-同德路
139.6,0.7250000000000121,2052.574084726211,276.6,张家潭-同德路
139.65,0.7000000000000064,2052.6090847262108,276.65,张家潭-同德路
139.70000000000002,0.6750000000000007,2052.642834726211,276.70000000000005,张家潭-同德路
139.75,0.6500000000000092,2052.6753347262106,276.75,张家潭-同德路
139.8,0.6250000000000036,2052.7065847262106,276.8,张家潭-同德路
139.85,0.6000000000000121,2052.736584726211,276.85,张家潭-同德路
139.9,0.5750000000000064,2052.7653347262108,276.9,张家潭-同德路
139.95000000000002,0.5500000000000007,2052.792834726211,276.95000000000005,张家潭-同德路
140.0,0.5250000000000092,2052.819084726211,277.0,张家潭-同德路
140.05,0.5000000000000036,2052.844084726211,277.05,张家潭-同德路
140.1,0.4750000000000121,2052.8678347262107,277.1,张家潭-同德路
140.15,0.4500000000000064,2052.8903347262108,277.15,张家潭-同德路
140.20000000000002,0.4250000000000007,2052.9115847262105,277.20000000000005,张家潭-同德路
140.25,0.40000000000000924,2052.9315847262105,277.25,张家潭-同德路
140.3,0.37500000000000355,2052.9503347262107,277.3,张家潭-同德路
140.35,0.3500000000000121,2052.9678347262106,277.35,张家潭-同德路
140.4,0.3250000000000064,2052.9840847262108,277.4,张家潭-同德路
140.45000000000002,0.3000000000000007,2052.9990847262106,277.45000000000005,张家潭-同德路
140.5,0.27500000000000924,2053.0128347262107,277.5,张家潭-同德路
140.55,0.25000000000000355,2053.0253347262105,277.55,张家潭-同德路
140.6,0.22500000000001208,2053.0365847262105,277.6,张家潭-同德路
140.65,0.2000000000000064,2053.0465847262108,277.65,张家潭-同德路
140.70000000000002,0.1750000000000007,2053.0553347262107,277.70000000000005,张家潭-同德路
140.75,0.15000000000000924,2053.062834726211,277.75,张家潭-同德路
140.8,0.12500000000000355,2053.069084726211,277.8,张家潭-同德路
140.85,0.10000000000001208,2053.074084726211,277.85,张家潭-同德路
140.9,0.0750000000000064,2053.0778347262108,277.9,张家潭-同德路
140.95000000000002,0.05000000000000071,2053.080334726211,277.95000000000005,张家潭-同德路
141.0,0.025000000000009237,2053.0815847262106,278.0,张家潭-同德路
141.05,3.552713678800501e-15,2053.0815847262106,278.05,张家潭-同德路
