time_s,dist_m,velocity_mps,velocity_kmh
0.0,0.0,0.0,0.0
0.05,0.0,0.0,0.0
0.1,0.0,0.0,0.0
0.15000000000000002,0.0,0.0,0.0
0.2,0.0,0.0,0.0
0.25,0.0,0.0,0.0
0.30000000000000004,0.0,0.0,0.0
0.35000000000000003,0.0,0.0,0.0
0.4,0.0,0.0,0.0
0.45,0.0,0.0,0.0
0.5,0.0,0.0,0.0
0.55,0.0,0.0,0.0
0.6000000000000001,0.0,0.0,0.0
0.65,0.0,0.0,0.0
0.7000000000000001,0.0,0.0,0.0
0.75,0.0,0.0,0.0
0.8,0.0,0.0,0.0
0.8500000000000001,0.0,0.0,0.0
0.9,0.0,0.0,0.0
0.9500000000000001,0.0,0.0,0.0
1.0,0.0,0.0,0.0
1.05,0.0,0.0,0.0
1.1,0.0,0.0,0.0
1.1500000000000001,0.0,0.0,0.0
1.2000000000000002,0.0,0.0,0.0
1.25,0.0,0.0,0.0
1.3,0.0,0.0,0.0
1.35,0.0,0.0,0.0
1.4000000000000001,0.0,0.0,0.0
1.4500000000000002,0.0,2.027632620011793e-05,7.299477432042455e-05
1.5,0.0,0.00010405563550322828,0.0003746002878116218
1.55,0.0,0.00022655238148638635,0.0008155885733509909
1.6,0.0,0.00028599748929890507,0.0010295909614760582
1.6500000000000001,0.0,0.00013478295550491224,0.00048521863981768407
1.7000000000000002,0.0,-0.00037771159648026956,-0.0013597617473289705
1.75,0.0,-0.0013306027932930814,-0.004790170055855093
1.8,-7.181198862541715e-06,-0.0026701170218297373,-0.009612421278587054
1.85,-5.00185688220529e-05,-0.004184252175240189,-0.01506330783086468
1.9000000000000001,-0.00016383614590014447,-0.005482233888539413,-0.019736041998741887
1.9500000000000002,-0.0003574707038202595,-0.0059595239486995456,-0.021454286215318363
2.0,-0.0005945233476629679,-0.004782420554662932,-0.017216713996786554
2.0500000000000003,-0.0007807283211167286,-0.0009990235671766068,-0.0035964848418357847
2.1,-0.0007619560122880541,0.006301556134096597,0.022685602082747752
2.15,-0.0003345439361546944,0.01790616955138163,0.06446221038497388
2.2,0.0007455054396268523,0.03433157495167418,0.12359366982602706
2.25,0.002753776777638057,0.055589054138200714,0.20012059489752257
2.3000000000000003,0.005972813973000798,0.08121432640124206,0.2923715750444714
2.35,0.010644741217492329,0.11037233403517137,0.39734040252661695
2.4000000000000004,0.016935202455198074,0.14198721311290863,0.5111539672064711
2.45,0.024934273119679974,0.17488490894880024,0.6295856722156808
2.5,0.03465804205039463,0.20788943012445166,0.748401948448026
2.5500000000000003,0.046042454775189756,0.23994888048781715,0.8638159697561417
2.6,0.058974049469873197,0.2703111368783008,0.9731200927618828
2.6500000000000004,0.07333397525679722,0.29864764768462115,1.0751315316646362
2.7,0.0890146177781205,0.3250202191342676,1.1700727888833633
2.75,0.10592216872295274,0.3496950255942567,1.2589020921393241
2.8000000000000003,0.12397832555058445,0.3730263818646887,1.3428949747128796
2.85,0.14313228380873758,0.3954493038185699,1.4236174937468518
2.9000000000000004,0.163372021680859,0.41734317276431787,1.5024354219515443
2.95,0.18471197316176763,0.4389079235555159,1.5800685247998572
3.0,0.20716345736722586,0.4602445669826801,1.6568804411376485
3.0500000000000003,0.2307155451948602,0.4814228076207545,1.7331221074347163
3.1,0.25534268205570343,0.5024665314286733,1.8088795131432238
3.1500000000000004,0.28102237878584885,0.5233458405738053,1.8840450260656991
3.2,0.30773432726035727,0.5440169420029797,1.958460991210727
3.25,0.33545801055660296,0.5644935143045113,2.0321766514962407
3.3000000000000003,0.3641861132223791,0.5848897702363088,2.105603172850712
3.35,0.3939285013518058,0.6053928209895577,2.179414155562408
3.4000000000000004,0.42469930221305024,0.6261870287633307,2.2542733035479903
3.45,0.45651257479089524,0.6474074301469883,2.330666748529158
3.5,0.4893904503636028,0.669100502553955,2.408761809194238
3.5500000000000003,0.5233613331887477,0.6912306135730569,2.488430208863005
3.6,0.558451281677365,0.7136708584930044,2.569215090574816
3.6500000000000004,0.5946799470265426,0.7362336026433185,2.6504409695159468
3.7,0.6320579995943912,0.7587166756084366,2.731380032190372
3.75,0.6705829896821383,0.7809408259692848,2.8113869734894252
3.8000000000000003,0.7102312591528235,0.8027506468438685,2.889902328637927
3.85,0.7509631315002179,0.8240722532942517,2.9666601118593063
3.9000000000000004,0.7927415695847503,0.844916200297857,3.041698321072285
3.95,0.8355387522760555,0.865380693541426,3.115370496749134
4.0,0.8793357365667849,0.8856761141388152,3.188434010899735
4.05,0.9241297189050994,0.9061129568734874,3.2620066447445546
4.1000000000000005,0.9699398505748515,0.9270309703108687,3.3373114931191274
4.15,1.016804741599438,0.9487657618286671,3.4155567425832016
4.2,1.0647728819283822,0.9715824874601233,3.497696954856444
4.25,1.11390216867443,0.9956482418596886,3.584333670694879
4.3,1.1642664278917538,1.021041702633708,3.6757501294813486
4.3500000000000005,1.2159442101172586,1.0477442341669605,3.7718792430010577
4.4,1.269001967267561,1.0756499949868512,3.8723399819526643
4.45,1.3234945782935388,1.1046169653868165,3.9766210753925395
4.5,1.379468722498441,1.1344328715920684,4.083958337731446
4.55,1.4369555277932649,1.1648354572512611,4.19340764610454
4.6000000000000005,1.4959716447744538,1.1955307266314092,4.3039106158730736
4.65,1.5565256632475681,1.2262606388187889,4.41453829974764
4.7,1.6186196850759833,1.2568113136951116,4.5245207293024015
4.75,1.682247019300866,1.2870273987637533,4.633298635549512
4.800000000000001,1.7473832847939241,1.3168005236191083,4.74048188502879
4.8500000000000005,1.8139930888754956,1.3461122604868265,4.846004137752575
4.9,1.8820475353685584,1.374982580411811,4.94993728948252
4.95,1.9515254063743486,1.403455198610111,5.052438714996399
5.0,2.0224076185611786,1.4316416649919153,5.153909993970895
5.050000000000001,2.0946841016758513,1.4597194448190476,5.254990001348571
5.1000000000000005,2.168358564681108,1.4878575769298528,5.35628727694747
5.15,2.2434418844747226,1.5162024001967747,5.458328640708389
5.2,2.319944394790786,1.5448192159739274,5.5613491775061386
5.25,2.397879603802458,1.5737471283144804,5.6654896619321296
5.300000000000001,2.477272639457766,1.6029701532212668,5.770692551596561
5.3500000000000005,2.558148919943319,1.632428085754091,5.876741108714728
5.4,2.64051703884663,1.6620321974973382,5.9833159109904175
5.45,2.724374930760693,1.6917349611306176,6.090245860070223
5.5,2.8097207815910914,1.7214707017130837,6.197294526167101
5.550000000000001,2.8965524542675385,1.751175316764375,6.30423114035175
5.6000000000000005,2.9848616556152705,1.7807930503160265,6.410854981137696
5.65,3.0746391069829007,1.8103282984858606,6.517181874549099
5.7,3.165886029710074,1.8398058780662347,6.623301161038445
5.75,3.2586084649174634,1.8692593907101864,6.729333806556672
5.800000000000001,3.352803978122461,1.898689300967177,6.835281483481838
5.8500000000000005,3.448466871277268,1.9281199119539636,6.941231683034269
5.9,3.5456005668582193,1.9575413984928387,7.047149034574219
5.95,3.6442097165855607,1.9869224736025917,7.1529209049693305
6.0,3.744288134849261,2.016184513701562,7.258264249325624
6.050000000000001,3.8458262449734457,2.0452906240221616,7.363046246479782
6.1000000000000005,3.9488194099852603,2.074209523639295,7.467154285101461
6.15,4.053262211597826,2.102926281256522,7.57053461252348
6.2,4.159140080391199,2.1314223236395775,7.673120365102479
6.25,4.266433602725149,2.159740321485128,7.775065157346461
6.300000000000001,4.375131278226203,2.1879347858617093,7.8765652291021535
6.3500000000000005,4.4852312546033435,2.216060614526337,7.977818212294814
6.4,4.5967316219398375,2.2441680016411567,8.079004805908164
6.45,4.709632240905316,2.2723553262225322,8.180479174401116
6.5,4.823944562343875,2.30069687350491,8.282508744617676
6.550000000000001,4.939683911204323,2.329247180993433,8.38528985157636
6.6000000000000005,5.056857108719941,2.3580210651029008,8.488875834370443
6.65,5.175468361228946,2.387017556737055,8.593263204253399
6.7,5.295531489648976,2.416173096639286,8.69822314790143
6.75,5.417061370964363,2.445397112706716,8.803429605744178
6.800000000000001,5.540059510449422,2.474559190650055,8.908413086340198
6.8500000000000005,5.664519711333353,2.5035661284408137,9.01283806238693
6.9,5.790438456137862,2.532347341238604,9.116450428458975
6.95,5.917805604912824,2.560855475232349,9.219079710836457
7.0,6.046595705317198,2.5890647805979206,9.320633210152515
7.050000000000001,6.1767825092183095,2.6170477877909177,9.421372036047304
7.1000000000000005,6.308355086411901,2.6449632291924203,9.521867625092714
7.15,6.441315899542862,2.6730336312886696,9.62292107263921
7.2,6.575673905566856,2.701513513137726,9.725448647295813
7.25,6.711448477047543,2.7306904366700877,9.830485572012316
7.300000000000001,6.848679362276286,2.760791160709871,9.938848178555535
7.3500000000000005,6.987422950492539,2.7919001808616484,10.050840651101934
7.4,7.127738712478321,2.823928350602068,10.166142062167445
7.45,7.269683674220634,2.8566810095557678,10.284051634400765
7.5,7.413309197825081,2.8898535170278237,10.403472661300166
7.550000000000001,7.558642771852303,2.923072474022165,10.523060906479794
7.6000000000000005,7.705670879709617,2.955930747021841,10.641350689278628
7.65,7.854346332774113,2.988053594093726,10.756992938737413
7.7,8.00460791035375,3.0191583054335887,10.86896989956092
7.75,8.156389966574482,3.0491050334510055,10.97677812042362
7.800000000000001,8.309624064428649,3.0779180955808645,11.080505144091113
7.8500000000000005,8.46424999642968,3.1057955756946565,11.180864072500764
7.9,8.620227950282812,3.1330537587514913,11.27899353150537
7.95,8.77753588178134,3.1600370036795304,11.37613321324631
8.0,8.936168686401999,3.187033329737983,11.47331998705674
8.05,9.096142635360623,3.2142723438045975,11.57138043769655
8.1,9.257492080206145,3.2419052474730132,11.670858890902847
8.15,9.420253519649886,3.2699896230718126,11.771962643058526
8.200000000000001,9.584451786934471,3.2985033710184535,11.874612135666434
8.25,9.750100574080307,3.327371702148956,11.978538127736243
8.3,9.917206983090374,3.3564648486394884,12.083273455102159
8.35,10.085773059933778,3.3856172458442524,12.188222085039309
8.4,10.255794524527925,3.4146953316192437,12.292903193829277
8.450000000000001,10.427263149393884,3.4436261730786932,12.397054223083297
8.5,10.60017399109035,3.472386471494175,12.50059129737903
8.55,10.774520167983745,3.500972584968501,12.603501305886605
8.6,10.950287542613337,3.5294175390158924,12.705903140457213
8.65,11.127464865884676,3.5577538140157667,12.807913730456761
8.700000000000001,11.30605136714013,3.585996464379406,12.909587271765862
8.75,11.486048756125243,3.614152897040988,13.010950429347558
8.8,11.667453573115147,3.6422360737291726,13.112049865425021
8.85,11.850262592862693,3.6702552906574644,13.212919046366872
8.9,12.034478510072182,3.6982327018447503,13.313637726641101
8.950000000000001,12.220099528468678,3.726162717271297,13.41418578217667
9.0,12.407115422985267,3.7540520237846513,13.514587285624746
9.05,12.595519874170103,3.7819236475225644,13.614925131081232
9.1,12.785315132110277,3.809822326549435,13.715360375577967
9.15,12.976504738424188,3.83778636706666,13.816030921439976
9.200000000000001,13.169090938140165,3.8658758009767284,13.917152883516223
9.25,13.363079893025528,3.894144883889994,14.018921582003978
9.3,13.558485465871163,3.922633430937675,14.12148035137563
9.35,13.75532187713742,3.951318566193136,14.22474683829529
9.4,13.95359772185924,3.9801706343564973,14.328614283683391
9.450000000000001,14.153322340371117,4.009143008429209,14.432914830345153
9.5,14.354507690413119,4.038190687536394,14.53748647513102
9.55,14.557156924624856,4.067256131885705,14.642122074788537
9.600000000000001,14.761260473589859,4.096315664087516,14.746736390715059
9.65,14.966808813034605,4.125344782385383,14.85124121658738
9.700000000000001,15.173799501903742,4.154312360975794,14.95552449951286
9.75,15.382229320082182,4.183155639689566,15.059360302882439
9.8,15.592092518761559,4.211839741865704,15.162623070716537
9.850000000000001,15.803388242763308,4.240339598512519,15.265222554645069
9.9,16.016118027968965,4.26865630754302,15.367162707154874
9.950000000000001,16.230273105704065,4.296762082263774,15.468343496149586
10.0,16.445830737045306,4.324660375653349,15.568777352352058
10.05,16.662770013171603,4.352353857792396,15.668473888052626
10.100000000000001,16.88108198541016,4.379866637165265,15.767519893794955
10.15,17.100760522197163,4.40722067695654,15.865994437043545
10.200000000000001,17.32179931583367,4.434502842043876,15.964210231357953
10.25,17.544198716088896,4.461817965668628,16.06254467640706
10.3,17.767967434378885,4.4892607868859695,16.16133883278949
10.350000000000001,17.993111924840917,4.5168663216297205,16.260718757866993
10.4,18.219635017488688,4.544619231230759,16.360629232430732
10.450000000000001,18.447548169739555,4.572499724198155,16.460999007113358
10.5,18.676869851283016,4.600514992573079,16.561853973263087
10.55,18.907609931588212,4.628652117386056,16.663147622589804
10.600000000000001,19.139764412265198,4.656926149439062,16.764934137980624
10.65,19.373328853127987,4.685340130063454,16.867224468228436
10.700000000000001,19.60830362544444,4.713882720078837,16.969977792283814
10.75,19.8446945268199,4.742477745404537,17.072919883456336
10.8,20.08251232546705,4.771078738983087,17.175883460339115
10.850000000000001,20.32176771807704,4.799648362866307,17.278734106318705
10.9,20.562467853740237,4.828170042156412,17.381412151763083
10.950000000000001,20.804607708245758,4.856588618447816,17.48371902641214
11.0,21.048168580153906,4.884863158008256,17.585507368829724
11.05,21.293132125359634,4.912949723207259,17.68661900354613
11.100000000000001,21.539490088960495,4.940839961736027,17.787023862249697
11.15,21.787235426272982,4.968576928704856,17.88687694333748
11.200000000000001,22.036359084012368,4.996267917728627,17.986564503823057
11.25,22.286858993617475,5.02401768253309,18.086463657119126
11.3,22.53874243672345,5.051924488347204,18.186928158049934
11.350000000000001,22.792019081065337,5.080030091082627,18.288108327897458
11.4,23.046701922885035,5.108342340883518,18.390032427180667
11.450000000000001,23.302810566397383,5.136831660087486,18.49259397631495
11.5,23.5603616736888,5.165449860070713,18.595619496254567
11.55,23.81935891856318,5.194112131469098,18.698803673288754
11.600000000000001,24.079795402787024,5.222752208128022,18.80190794926088
11.65,24.341663908340937,5.251301985884348,18.904687149183655
11.700000000000001,24.604957215244962,5.279716043231437,19.006977755633173
11.75,24.86966343635657,5.307942477021474,19.108592917277306
11.8,25.135768276205887,5.336014576384163,19.20965247498299
11.850000000000001,25.40326621235436,5.36398103455623,19.310331724402428
11.9,25.672160579538335,5.391909776249967,19.41087519449988
11.950000000000001,25.942452446552196,5.419858257715896,19.511489727777228
12.0,26.21414053027647,5.4479052680404925,19.612458964945773
12.05,26.487228723516587,5.476102383512687,19.713968580645677
12.100000000000001,26.761728481169378,5.504446308736816,19.816006711452538
12.15,27.037647866411717,5.532881236878091,19.91837245276113
12.200000000000001,27.314990803959287,5.561357384020729,20.020886582474624
12.25,27.59376609301553,5.589830066003652,20.12338823761315
12.3,27.873979730655208,5.6182536081468735,20.225712989328745
12.350000000000001,28.155623426207377,5.646572784374408,20.32766202374787
12.4,28.43867691660666,5.6747670268535035,20.429161296672614
12.450000000000001,28.72312543195851,5.7028191219529205,20.530148839030513
12.5,29.00896575244924,5.730735268601849,20.63064696696666
12.55,29.296194579294053,5.758519705951905,20.730670941426858
12.600000000000001,29.584806261973142,5.786219540292025,20.830390345051292
12.65,29.874801637952494,5.813883988752799,20.929982359510078
12.700000000000001,30.16618647833663,5.841549068516858,21.029576646660686
12.75,30.458960655860768,5.869209736407029,21.129155051065307
12.8,30.753120259152542,5.896855628864375,21.228680263911752
12.850000000000001,31.04866859495688,5.924524449951527,21.328288019825496
12.9,31.34561184022194,5.952302895989561,21.42829042556242
12.950000000000001,31.643950427540645,5.980311408772378,21.529121071580562
13.0,31.94368622771897,6.008729674192812,21.63142682709412
13.05,32.24483430705097,6.037741994849772,21.735871181459178
13.100000000000001,32.547424518534164,6.0674771087005634,21.842917591322028
13.15,32.85149884239352,6.097958044478211,21.952648960121557
13.200000000000001,33.15710624826833,6.129136188000297,22.06489027680107
13.25,33.46429917109804,6.160891401690563,22.179209046086026
13.3,33.77312307535888,6.193023241128685,22.294883668063267
13.350000000000001,34.083595336087434,6.2252589761201245,22.410932314032447
13.4,34.395700672416595,6.257296016276948,22.526265658597012
13.450000000000001,34.70940566508602,6.288824583198984,22.639768499516343
13.5,35.02466891033536,6.319595207264243,22.750542746151275
13.55,35.34144280444424,6.349475144399191,22.85811051983709
13.600000000000001,35.65967901905593,6.378464865803119,22.96247351689123
13.65,35.97933590466789,6.406695708958049,23.064104552248978
13.700000000000001,36.300377176236,6.434381795497332,23.163774463790396
13.75,36.622772477640325,6.461730704787564,23.26223053723523
13.8,36.94650860401793,6.488914060440797,23.36009061758687
13.850000000000001,37.27159349221877,6.5160740947807065,23.457866741210545
13.9,37.59804447440522,6.543326840027377,23.55597662409856
13.950000000000001,37.9258762337417,6.570767155836996,23.654761761013184
14.0,38.255097452711645,6.5984365003699645,23.754371401331873
14.05,38.585711375411556,6.626286560171032,23.854631616615716
14.100000000000001,38.91771652867688,6.654185966876089,23.955069480753924
14.15,39.25111069003535,6.681970502417023,24.055093808701283
14.200000000000001,39.585893662175195,6.709503423246476,24.154212323687315
14.25,39.92206398235368,6.736690854604521,24.252087076576274
14.3,40.25960549723488,6.763480764744683,24.34853075308086
14.350000000000001,40.59848361760319,6.789883456823404,24.443580444564255
14.4,40.938663951090824,6.815964996096983,24.537473985949138
14.450000000000001,41.28012590704033,6.841806536638771,24.630503531899574
14.5,41.622860060789904,6.867511367562087,24.723040923223515
14.55,41.96686477477373,6.893252895851109,24.815710425063994
14.600000000000001,42.31214970518777,6.91923024814398,24.90922889331833
14.65,42.6587386396597,6.945609162528813,25.004192985103728
14.700000000000001,43.00666077186726,6.972456791569698,25.100844449650914
14.75,43.355939988096075,6.999775337465554,25.199191214875995
14.8,43.70659988083714,7.027525784321514,25.29909282355745
14.850000000000001,44.058668952405135,7.0556183422026475,25.40022603192953
14.9,44.41216525092122,7.083912863226972,25.502086307617102
14.950000000000001,44.76708717159692,7.1122924919673665,25.60425297108252
15.0,45.12342689132342,7.140656264856908,25.70636255348487
15.05,45.481181678966955,7.168926305158098,25.80813469856915
15.100000000000001,45.840346776752426,7.19704585197497,25.909365067109892
15.15,46.20090813139886,7.224977326078925,26.00991837388413
15.200000000000001,46.56285270351386,7.252731560621008,26.10983361823563
15.25,46.92617981222645,7.280370188686017,26.20933267926966
15.3,47.290889774190966,7.30792553893253,26.308531940157106
15.350000000000001,47.65697551478368,7.335445270270811,26.40760297297492
15.4,48.02443410449227,7.36299952044012,26.506798273584433
15.450000000000001,48.39326879245755,7.390637820929415,26.606296155345895
15.5,48.763483840083225,7.418353851705231,26.706073866138833
15.55,49.135083073954796,7.446126396141142,26.806055026108112
15.600000000000001,49.508070728302236,7.473925095764338,26.906130344751617
15.65,49.88245705683441,7.501739194666533,27.00626110079952
15.700000000000001,50.25824958641766,7.5295296446924,27.10630672089264
15.75,50.63543843991911,7.557282761472877,27.206217941302356
15.8,51.01400879886478,7.5849994512381,27.30599802445716
15.850000000000001,51.393956376498565,7.61267249868356,27.40562099526082
15.9,51.77527925502575,7.640286541275506,27.505031548591823
15.950000000000001,52.15797334890594,7.667852479609385,27.604268926593786
16.0,52.5420401819274,7.695384362431229,27.703383704752426
16.05,52.92748837874007,7.722907270527875,27.80246617390035
16.1,53.31432189124538,7.750409838264677,27.901475417752838
16.150000000000002,53.70253442631047,7.77785251678531,28.000269060427115
16.2,54.092119859946045,7.8052190805115895,28.098788689841722
16.25,54.48307746154805,7.832525008286913,28.197090029832886
16.3,54.875403676768734,7.859778688363595,28.295203278108943
16.35,55.26908759263348,7.887039000168307,28.393340400605904
16.400000000000002,55.66412259802604,7.914395298039924,28.491823072943728
16.45,56.060515337040115,7.941924315987233,28.59092753755404
16.5,56.45828104451696,7.9696503412693955,28.690741228569824
16.55,56.85743512982906,7.997591465435802,28.791329275568888
16.6,57.25799385883745,8.025738046698482,28.892656968114537
16.650000000000002,57.65997742915719,8.05404960410192,28.994578574766912
16.7,58.06339764066157,8.082440418007632,29.096785504827476
16.75,58.46824765034949,8.110821775878266,29.19895839316176
16.8,58.874515790445734,8.139132222363216,29.30087600050758
16.85,59.28219663223901,8.167323764997667,29.4023655539916
16.900000000000002,59.69128048915795,8.195372741659881,29.50334186997557
16.95,60.10175158188009,8.223281619984622,29.60381383194464
17.0,60.513602555860935,8.251084562894828,29.70390442642138
17.05,60.92683869884793,8.278843091605363,29.80383512977931
17.1,61.34146749062236,8.306595504213039,29.90374381516694
17.150000000000002,61.757488473945536,8.334364738209903,30.00371305755565
17.2,62.174900704505596,8.362183423402538,30.103860324249137
17.25,62.59370788791261,8.390063745820093,30.204229484952336
17.3,63.01391159430272,8.417980699427265,30.304730517938154
17.35,63.4355098763449,8.445922526798357,30.405321096474086
17.400000000000002,63.85850264277743,8.473889997309968,30.506003990315886
17.45,64.2828950902494,8.501887986145745,30.60679675012468
17.5,64.70869059305332,8.529907908433627,30.707668470361057
17.55,65.13588516229525,8.55792829779251,30.808541872053034
17.6,65.564478244664,8.585953545672858,30.909432764422288
17.650000000000002,65.99447741468887,8.613960755390128,31.01025871940446
17.7,66.4258843509833,8.64193551034148,31.110967837229328
17.75,66.85869193840986,8.66989814210882,31.211633311591754
17.8,67.29289539349728,8.697896337514479,31.312426815052124
17.85,67.7284966587545,8.725969428645403,31.41348994312345
17.900000000000002,68.16549983540351,8.754145176729198,31.514922636225112
17.95,68.60390573116901,8.782451776959924,31.61682639705573
18.0,69.04372317925458,8.810939085614995,31.719380708213983
18.05,69.48497341364916,8.839647790366751,31.822732045320304
18.1,69.92767273658247,8.868567088578269,31.92684151888177
18.150000000000002,70.37182591002805,8.897679945934305,32.0316478053635
18.2,70.81743821908219,8.926975350518415,32.137111261866295
18.25,71.26452088742077,8.956413505991915,32.24308862157089
18.3,71.71308004765865,8.985923859495323,32.34932589418316
18.35,72.16311288103722,9.015413051097074,32.45548698394947
18.400000000000002,72.61461520917618,9.044818555292158,32.56134679905177
18.45,73.06758790840692,9.074089609701565,32.66672259492563
18.5,73.52202947940275,9.103159345653616,32.77137364435302
18.55,73.97792604123596,9.131965773100983,32.87507678316354
18.6,74.43525944136591,9.160504491155155,32.97781616815856
18.650000000000002,74.89401625889296,9.188808668130333,33.0797112052692
18.7,75.3541838646263,9.21694443400992,33.18099996243571
18.75,75.81575012734619,9.245027899238924,33.28210043726013
18.8,76.27871063589572,9.27321201463744,33.383563252694785
18.85,76.74307396037449,9.301691163559813,33.48608818881533
18.900000000000002,77.2088598587788,9.330654508594575,33.59035623094047
18.95,77.67609457793657,9.360213938453683,33.69677017843326
19.0,78.14481395308361,9.390427339413915,33.80553842189009
19.05,78.61506226950257,9.421289586277066,33.91664251059744
19.1,79.08687863314381,9.45271156462983,34.02976163266739
19.150000000000002,79.56029152625042,9.48453871779741,34.144339384070676
19.200000000000003,80.03531870701971,9.516551760558432,34.25958633801036
19.25,80.51195991567657,9.54849305950877,34.374575014231574
19.3,80.99019952110852,9.580117841169594,34.48842422821054
19.35,81.47001324462536,9.611213627573202,34.60036905926353
19.400000000000002,81.95136913202599,9.641635194985465,34.709886701947674
19.450000000000003,82.43422999100784,9.671315373728909,34.81673534542407
19.5,82.91855254963211,9.700261009628857,34.92093963466389
19.55,83.40429342666162,9.728569095903794,35.02284874525366
19.6,83.89142216998209,9.756368744932699,35.12292748175771
19.650000000000002,84.3799201762816,9.783769825239876,35.22157137086356
19.700000000000003,84.86977352280088,9.810919648377993,35.31931073416078
19.75,85.36097567236004,9.837969214615528,35.416689172615904
19.8,85.8535307877707,9.865028260931979,35.51410173935513
19.85,86.34744816007336,9.892163407278067,35.611788266201046
19.900000000000002,86.84273101941629,9.919391119947342,35.70980803181043
19.950000000000003,87.33937837108948,9.946717679180038,35.80818364504814
20.0,87.83739746121326,9.97414224252773,35.90691207309983
20.05,88.3367967192858,10.00163290093164,36.0058784433539
20.1,88.83757409818178,10.029165693613264,36.10499649700775
20.150000000000002,89.33972561719715,10.056752177766882,36.20430783996078
20.200000000000003,89.8432538943012,10.084404947200142,36.30385780992051
20.25,90.34816584846683,10.112132492980136,36.40367697472849
20.3,90.85446460270818,10.139932634599676,36.50375748455883
20.35,91.36215010217225,10.167800964731985,36.604083473035146
20.400000000000002,91.87122986936873,10.195751610386772,36.70470579739238
20.450000000000003,92.38171493527807,10.223775803784518,36.805592893624265
20.5,92.89360623818921,10.251849133658625,36.90665688117105
20.55,93.40690001154259,10.279972780168428,37.007902008606344
20.6,93.92159766818612,10.308113759728299,37.109209535021876
20.650000000000002,94.43769892034699,10.336201266130967,37.210324558071484
20.700000000000003,94.95519770471651,10.364135139994621,37.31088650398064
20.75,95.47408732467449,10.391817327302029,37.4105423782873
20.8,95.99436302918339,10.419160964200902,37.50897947112325
20.85,96.51601594432125,10.446101954640785,37.60596703670683
20.900000000000002,97.03901949583336,10.472587622742058,37.70131544187141
20.950000000000003,97.56333672257875,10.498635154057737,37.795086554607856
21.0,98.08893966043716,10.52430306151384,37.887491021449826
21.05,98.61580901481534,10.54967136180579,37.978816902500846
21.1,99.14392879207142,10.574894707298997,38.06962094627639
21.150000000000002,99.67329519899712,10.600200187148378,38.16072067373416
21.200000000000003,100.2039218114281,10.625810993082933,38.25291957509856
21.25,100.73583256185053,10.651904699150387,38.3468569169414
21.3,101.26905293470081,10.67855032829194,38.44278118185099
21.35,101.80361198081916,10.705734183247712,38.54064305969176
21.400000000000002,102.33955081478358,10.733389997686013,38.640203991669644
21.450000000000003,102.87690748166055,10.761387410339902,38.74099467722365
21.5,103.41569484512479,10.78955604418038,38.842401759049366
21.55,103.95590613030394,10.81775754480357,38.943927161292855
21.6,104.4975280782056,10.845838375613978,39.04501815221032
21.650000000000002,105.04054174102117,10.87364883746775,39.1451358148839
21.700000000000003,105.58492650089254,10.90107625135701,39.243874504885234
21.75,106.13066457672015,10.928096877459156,39.34114875885296
21.8,106.67774385844181,10.954766896168689,39.43716082620728
21.85,107.22615579831164,10.98118888979359,39.53228000325692
21.900000000000002,107.77588447063455,11.007452764194557,39.626829951100405
21.950000000000003,108.32691410742268,11.03366365720683,39.72118916594459
22.0,108.87924594023879,11.059907580274533,39.81566728898832
22.05,109.4328916555282,11.086248347281437,39.910494050213174
22.1,109.98786051985421,11.112773817485646,40.005985742948326
22.150000000000002,110.54416449283747,11.139579062872192,40.102484626339894
22.200000000000003,111.10182153503024,11.166735176559015,40.20024663561246
22.25,111.66085042287571,11.194301636657661,40.29948589196758
22.3,112.22126847415099,11.222310874854008,40.40031914947443
22.35,112.78309626065365,11.250826734735766,40.50297624504876
22.400000000000002,113.34636498136874,11.279918463154612,40.60770646735661
22.450000000000003,113.9111073747917,11.30964886182566,40.71473590257238
22.5,114.47734917698584,11.340082063501386,40.82429542860499
22.55,115.04512210513583,11.371313439911278,40.9367283836806
22.6,115.61447197448688,11.40339004367124,41.052204157216465
22.650000000000002,116.18544833653739,11.436326655968221,41.170775961485596
22.700000000000003,116.75809212567954,11.470103527349075,41.29237269845667
22.75,117.33244179895101,11.50468282984339,41.416858187436205
22.8,117.90854309727128,11.539994037279705,41.543978534206936
22.85,118.48643792388866,11.575930348996042,41.673349256385755
22.900000000000002,119.06615082608211,11.612373338343152,41.80454401803535
22.950000000000003,119.64769735535614,11.64925128832267,41.93730463796162
23.0,120.23109381924856,11.68646676537636,42.0712803553549
23.05,120.81634976427361,11.723880336806808,42.205969212504506
23.1,121.40346528614977,11.761301507076846,42.34068542547664
23.150000000000002,121.99244151026208,11.798565205292046,42.47483473905137
23.200000000000003,122.5832842743445,11.835522397795849,42.607880632065054
23.25,123.17598937027412,11.872035162076536,42.73932658347553
23.3,123.7705260680066,11.907958266496076,42.868649759385875
23.35,124.36684628296145,11.943195320051124,42.99550315218405
23.400000000000002,124.96490457584748,11.977674529016737,43.11962830446025
23.450000000000003,125.56466121228554,12.011376190057542,43.24095428420715
23.5,126.16607786887505,12.044377046252405,43.35975736650866
23.55,126.76912183390805,12.076867928935888,43.4767245441692
23.6,127.37377171899905,12.10907867513151,43.59268323047344
23.650000000000002,127.980014522981,12.141231062600674,43.70843182536243
23.700000000000003,128.58784485832564,12.173447218170718,43.82440998541459
23.75,129.1972741350194,12.20578737720164,43.9408345579259
23.8,129.80833217091515,12.238275981138369,44.05779353209813
23.85,130.42104506906932,12.270901256241558,44.17524452246961
23.900000000000002,131.035417824497,12.303624494762973,44.2930481811467
23.950000000000003,131.65144208924912,12.336377830771061,44.410960190775825
24.0,132.26910400421224,12.369036882449857,44.52853277681948
24.05,132.88838726686058,12.401498982273186,44.64539633618347
24.1,133.50928047804285,12.43370852527844,44.761350691002384
24.150000000000002,134.13177708085095,12.465697221501204,44.876509997404334
24.200000000000003,134.75587448313323,12.497560311404111,44.9912171210548
24.25,135.38156703282985,12.529419692885073,45.10591089438626
24.3,136.00884598433757,12.561403412326115,45.22105228437402
24.35,136.6377205277256,12.59364516698011,45.3371226011284
24.400000000000002,137.26821822545438,12.626260697862884,45.454538512306385
24.450000000000003,137.9003673408648,12.659397405379536,45.57383065936633
24.5,138.5341952996357,12.693274125447807,45.695786851612105
24.55,139.1697393089008,12.728126643856335,45.82125591788281
24.6,139.80705060345423,12.764174054708924,45.951026596952126
24.650000000000002,140.4461873452009,12.801611718339544,46.085802186022356
24.700000000000003,141.08721684270108,12.840651968661737,46.226347087182255
24.75,141.73022571617062,12.881506879231788,46.37342476523444
24.8,142.37531709138207,12.924303635251292,46.52749308690465
24.85,143.02259156106422,12.969056819104019,46.68860454877447
24.900000000000002,143.67214019584225,13.015679958443066,46.856447850395035
24.950000000000003,144.32405701851363,13.063957534266816,47.03024712336054
25.0,144.9784338980485,13.113499460612125,47.208598058203656
25.05,145.6353310445953,13.163756396118442,47.389523026026396
25.1,146.29476768937917,13.214104830875451,47.57077739115162
25.150000000000002,146.95673557314512,13.263893523554653,47.750016684796755
25.200000000000003,147.62119989589897,13.312487821268846,47.924956156567845
25.25,148.2880852636135,13.359301352601182,48.09348486936426
25.3,148.95727568573884,13.403922417249248,48.254120702097296
25.35,149.62863895073554,13.44618199576633,48.40625518475879
25.400000000000002,150.30204480679356,13.486104307597852,48.54997550735227
25.450000000000003,150.97736645842645,13.523853309120055,48.6858719128322
25.5,151.65449092748415,13.55979618332234,48.81526625996043
25.55,152.33333885011533,13.59442870264457,48.93994332952045
25.6,153.01387179886302,13.62829788058847,49.06187237011849
25.650000000000002,153.6960773351411,13.661880604879183,49.18277017756506
25.700000000000003,154.37995373206564,13.695591203067657,49.304128331043565
25.75,155.06551879669334,13.72970676993594,49.42694437176938
25.8,155.7528146609114,13.7643566003406,49.55168376122616
25.85,156.4418812281934,13.79953373294253,49.67832143859311
25.900000000000002,157.1327423839604,13.835181635687874,49.80665388847635
25.950000000000003,157.82541573051074,13.871203726230558,49.93633341443001
26.0,158.51991711960503,13.907528434340136,50.06710236362449
26.05,159.2162485380755,13.944113307064114,50.19880790543081
26.1,159.91440219634637,13.980938350213293,50.331378060767854
26.150000000000002,160.61438543066052,14.018049003325212,50.46497641197076
26.200000000000003,161.31622208175418,14.055562317474086,50.600024342906714
26.25,162.01993790962734,14.093593263147834,50.736935747332204
26.3,162.7255626975263,14.132314468502056,50.876332086607405
26.35,163.4331403964931,14.171849552130267,51.018658387668964
26.400000000000002,164.14271773182756,14.212259992585356,51.16413597330728
26.450000000000003,164.8543352123866,14.253469991835967,51.312491970609486
26.5,165.56803048119463,14.29537915628845,51.463364962638416
26.55,166.2838437886389,14.33784485642126,51.61624148311654
26.6,167.0018159561365,14.380740776166892,51.770666794200814
26.650000000000002,167.7219645578994,14.423931172269066,51.92615222016864
26.700000000000003,168.44428269112657,14.467349861334416,52.0824595008039
26.75,169.16876385982445,14.510929509312096,52.23934623352355
26.8,169.89541104624934,14.554573630775188,52.396465070790676
26.85,170.62422708811587,14.598221191898723,52.55359629083541
26.900000000000002,171.35521896319216,14.641921345924757,52.71091684532913
26.950000000000003,172.0884045758487,14.685760867242333,52.8687391220724
27.0,172.82379966493386,14.729831899018805,53.0273948364677
27.05,173.5614041206895,14.77411984696857,53.18683144908685
27.1,174.30121141430132,14.818613799772557,53.347009679181205
27.150000000000002,175.04323513175387,14.863254373753687,53.50771574551327
27.200000000000003,175.7875046322637,14.907999008607677,53.66879643098763
27.25,176.53403289025997,14.952796655293316,53.83006795905594
27.3,177.28281111531587,14.997677221764977,53.99163799835392
27.35,178.03382974756465,15.042646366420502,54.15352691911381
27.400000000000002,178.78708913267977,15.08765522969194,54.315558826890985
27.450000000000003,179.5425870868807,15.13258145387748,54.477293233958925
27.5,180.30032049919026,15.177378486793817,54.63856255245774
27.55,181.06029753717291,15.222052440981194,54.7993887875323
27.6,181.8225239042638,15.266647599700354,54.959931358921274
27.650000000000002,182.5869856544377,15.311142096750558,55.12011154830201
27.700000000000003,183.35365585588946,15.355505363706179,55.279819309342244
27.75,184.12252065929246,15.399680673520642,55.438850424674314
27.8,184.89358419053644,15.443607717549673,55.596987783178825
27.85,185.66684239270418,15.487145503977146,55.75372381431773
27.900000000000002,186.4422760334075,15.530237285727093,55.908854228617535
27.950000000000003,187.2198644744648,15.572838736415747,56.06221945109669
28.0,187.9995848975011,15.614906887930745,56.21366479655068
28.05,188.78140508944924,15.656383918942389,56.362982108192604
28.1,189.56528350424185,15.697289640126481,56.51024270445534
28.150000000000002,190.3511827755502,15.737709741357818,56.65575506888815
28.200000000000003,191.13908301425283,15.777814491516864,56.80013216946071
28.25,191.9289704889186,15.81775873918198,56.94393146105513
28.3,192.72083498446426,15.857743299571537,57.08787587845753
28.35,193.5146887836062,15.897950095221738,57.232620342798256
28.400000000000002,194.31056103632918,15.938510874859457,57.37863914949405
28.450000000000003,195.10847561702334,15.979456073534799,57.52604186472528
28.5,195.9084495930166,16.020749752687674,57.67469910967563
28.55,196.7105024318523,16.06226882422431,57.82416776720752
28.6,197.51465110977674,16.103869237167512,57.97392925380304
28.650000000000002,198.3208971104513,16.145359984124095,58.123295942846745
28.700000000000003,199.12922252008713,16.18658750552328,58.271715019883814
28.75,199.93960220577185,16.227429926994503,58.41874773718021
28.8,200.7520101136529,16.267800588872998,58.564082119942796
28.85,201.56641441885762,16.30761006227975,58.7073962242071
28.900000000000002,202.3827832453798,16.34686026939739,58.848696969830605
28.950000000000003,203.20109793253482,16.38560241060249,58.98816867816897
29.0,204.02134595078454,16.42393700934726,59.126173233650135
29.05,204.84350669561798,16.46197465567214,59.263108760419705
29.1,205.6675578168445,16.499866767937185,59.39952036457387
29.150000000000002,206.49348935906343,16.537742026960622,59.53587129705824
29.200000000000003,207.32130568029743,16.575683450131848,59.67246042047466
29.25,208.1510137586519,16.613713756820324,59.80936952455317
29.3,208.98262008683582,16.651854930710023,59.946677750556084
29.35,209.8161394667955,16.690093595050428,60.084336942181544
29.400000000000002,210.65158926756234,16.728367322067754,60.222122359443915
29.450000000000003,211.48897030931724,16.766560172203842,60.35961661993383
29.5,212.3282654042348,16.804558235398805,60.4964096474357
29.55,213.16945706764972,16.842254005971995,60.63211442149918
29.6,214.01252903755196,16.879574564778675,60.76646843320323
29.650000000000002,214.85745521378814,16.9164811369318,60.89933209295448
29.700000000000003,215.70420659924847,16.95302772208442,61.03089979950392
29.75,216.55276576235434,16.9893321533928,61.16159575221409
29.8,217.40312304431504,17.025530835314097,61.29191100713075
29.85,218.25526918940164,17.061686650331495,61.42207194119339
29.900000000000002,219.10919889195847,17.097796212589046,61.55206636532056
29.950000000000003,219.96491814935197,17.133779742138657,61.68160707169917
30.0,220.8224359215187,17.169416265647477,61.80989855633092
30.05,221.68174254505098,17.204346797323506,61.935648470364626
30.1,222.54280016677677,17.23820206411756,62.057527430823214
30.150000000000002,223.4055453953854,17.270597031402986,62.17414931305075
30.200000000000003,224.26988871785474,17.301105485633027,62.283979748278895
30.25,225.13571223642722,17.329304740842986,62.38549706703475
30.3,226.0028737300763,17.354876271610447,62.47755457779761
30.35,226.871228489668,17.37765161146923,62.559545801289225
30.400000000000002,227.74064469574995,17.397596271374418,62.631346576947905
30.450000000000003,228.61098715929703,17.41476010495973,62.693136377855026
30.5,229.48210998208933,17.42928542400208,62.7454275264075
30.55,230.3538773513801,17.44137085293672,62.7889350705722
30.6,231.22617559730625,17.45119629726097,62.8243066701395
30.650000000000002,232.09890374131584,17.458870264780078,62.85193295320828
30.700000000000003,232.97196428981897,17.464435477898036,62.87196772043293
30.75,233.84526380121247,17.467962982277637,62.88466673619949
30.8,234.71871369196256,17.46958405187373,62.890502586745434
30.85,235.5922230585717,17.46939531039118,62.889823117408255
30.900000000000002,236.46569127119002,17.467485315498543,62.88294713579476
30.950000000000003,237.33901707013857,17.4639959490667,62.87038541664012
31.0,238.21211514099593,17.459140325141068,62.852905170507846
31.05,239.0849246123064,17.453178290425562,62.83144184553203
31.1,239.9574062539132,17.446403863748923,62.807053909496126
31.150000000000002,240.8295329048179,17.43914996476133,62.780939873140795
31.200000000000003,241.70129046427937,17.431766055068664,62.75435779824719
31.25,242.57268147626436,17.424568733250457,62.72844743970165
31.3,243.44372143754472,17.417802167703513,62.70408780373265
31.35,244.314437117523,17.411645353783378,62.681923273620164
31.400000000000002,245.1848644783829,17.406249698657355,62.66249891516648
31.450000000000003,246.05504722780756,17.401740443136525,62.64626559529149
31.5,246.92503340078912,17.398218309207937,62.63358591314858
31.55,247.7948731037994,17.395743726729915,62.6246774162277
31.6,248.66461873342237,17.39436838585735,62.619726189086464
31.650000000000002,249.53432355889512,17.394135751051582,62.6188887037857
31.700000000000003,250.40404276459373,17.395049917681447,62.62217970365321
31.75,251.27383126010844,17.397077840788157,62.629480226837366
31.8,252.14374362428114,17.400162787643755,62.640586035517515
31.85,253.01383590606605,17.404234572167034,62.655244459801324
31.900000000000002,253.8841618585256,17.40919724417344,62.67311007902439
31.950000000000003,254.75476831824477,17.414955002311427,62.69383800832114
32.0,255.62568897450947,17.42138928840477,62.71700143825718
32.050000000000004,256.49694734530897,17.428381203578837,62.74217233288382
32.1,257.368565368375,17.43583254499686,62.76899716198869
32.15,258.24056370670974,17.443643262013723,62.7971157432494
32.2,259.11296009549454,17.45176949732111,62.826370190355995
32.25,259.9857713347377,17.46021221996143,62.85676399186115
32.300000000000004,260.85901131309186,17.46899964836474,62.88839873411307
32.35,261.7326942073691,17.478175852954497,62.92143307063619
32.4,262.60683925459426,17.487754610924686,62.95591659932887
32.45,263.48146747510873,17.49775547217737,62.99191969983853
32.5,264.3566058469282,17.50821780889621,63.029584112026356
32.550000000000004,265.2322836692969,17.51916044194095,63.06897759098742
32.6,266.10852471961147,17.530595611502548,63.11014420140918
32.65,266.98535035872027,17.542531710193636,63.15311415669709
32.7,267.8627803508745,17.554926030344877,63.19773370924156
32.75,268.74083630657225,17.56773817584991,63.24385743305968
32.800000000000004,269.6195417720144,17.580904925397505,63.29125773143102
32.85,270.498913409058,17.59433976900854,63.33962316843074
32.9,271.3789634549702,17.607969119630027,63.3886888306681
32.95,272.25970143097845,17.621682824354423,63.438058167675926
33.0,273.14112776129815,17.635340038292785,63.48722413785403
33.050000000000004,274.0232381172659,17.648817847410854,63.53574425067907
33.1,274.9060224780465,17.662000414559184,63.58320149241307
33.15,275.7894623832056,17.674813651193674,63.62932914429722
33.2,276.67353515529794,17.687214013625216,63.67397044905078
33.25,277.5582126894237,17.699162931002725,63.716986551609814
33.300000000000004,278.4434665942768,17.710682621130076,63.75845743606828
33.35,279.3292776073788,17.721823846234365,63.798565846443715
33.4,280.2156313715091,17.732632136434084,63.8374756911627
33.45,281.1025136388263,17.743166756310085,63.87540032271631
33.5,281.98991151919284,17.75345277521182,63.912429990762554
33.550000000000004,282.8778128479543,17.763482432396188,63.948536756626275
33.6,283.76620904697705,17.773213448638163,63.98356841509739
33.65,284.65508930311626,17.78254393723382,64.01715817404175
33.7,285.5444321230521,17.79133926492869,64.04882135374329
33.75,286.434207294369,17.79946982372763,64.07809136541947
33.800000000000004,287.324376448835,17.806780555348176,64.10440999925343
33.85,288.21489342955493,17.813136686194056,64.12729207029861
33.9,289.10570706388665,17.818436320281815,64.14637075301454
33.95,289.99676081673454,17.822622937720546,64.16144257579397
34.0,290.88799502957653,17.825705723369605,64.17254060413057
34.050000000000004,291.7793522006036,17.82773534229347,64.17984723225649
34.1,292.6707780927905,17.828800290434465,64.18368104556407
34.15,293.5622272659573,17.829036887078075,64.18453279348107
34.2,294.453665425183,17.8286033699211,64.18297213171597
34.25,295.3450646035502,17.827659998693314,64.17957599529593
34.300000000000004,296.23640235850417,17.826360358622043,64.17489729103936
34.35,297.12766308475614,17.824819995216206,64.16935198277834
34.4,298.01883889870817,17.823114963908665,64.1632138700712
34.45,298.909927845006,17.821283318296874,64.15661994586875
34.5,299.80092842271125,17.819318244264327,64.14954567935158
34.550000000000004,300.6918346980948,17.817199604472926,64.14191857610254
34.6,301.5826369834196,17.814880032423723,64.1335681167254
34.65,302.4733216285242,17.812302835966143,64.12429020947812
34.7,303.36387108584984,17.809397326084124,64.11383037390284
34.75,304.25426602245574,17.806093556233023,64.10193680243889
34.800000000000004,305.14448577384445,17.80234108880579,64.08842791970085
34.85,306.03450849275237,17.798122115550044,64.07323961598016
34.9,306.9243111095658,17.79345035231618,64.05642126833826
34.95,307.8138721069837,17.7883730962362,64.03814314645032
35.0,308.70317122602756,17.782969474978962,64.01869010992426
35.050000000000004,309.5921895095773,17.77733744776924,63.99841481196927
35.1,310.48091442871214,17.77159136041619,63.97772889749828
35.15,311.36934211175395,17.765857774313478,63.957087987528524
35.2,312.2574777677066,17.76025356956221,63.93691285042396
35.25,313.1453342069127,17.754873198333726,63.917543514001416
35.300000000000004,314.03292782860785,17.74977943944368,63.899205981997255
35.35,314.92027616920916,17.745014042452826,63.88205055283018
35.4,315.8073967109044,17.740555111969304,63.86599840308949
35.45,316.69430462544454,17.736320995466606,63.850755583679785
35.5,317.5810090962447,17.732196798441045,63.835908474387764
35.550000000000004,318.46751231028156,17.728044789977908,63.82096124392047
35.6,319.3538110821657,17.723722189008686,63.805399880431274
35.65,320.239895869792,17.719094256620707,63.78873932383455
35.7,321.12574669972463,17.714042445225154,63.770552802810556
35.75,322.01133517834865,17.70849491023176,63.75058167683434
35.800000000000004,322.896632449893,17.702423447747634,63.728724411891484
35.85,323.7816105606892,17.69583926955724,63.705021370406065
35.9,324.66624278133463,17.688785946406202,63.67962940706233
35.95,325.55050688460864,17.68135928414517,63.65289342292262
36.0,326.43438788543637,17.67370476928148,63.62533716941332
36.050000000000004,327.31788048339416,17.665991138050853,63.59756809698307
36.1,328.2009861062331,17.658379036931954,63.57016453295504
36.15,329.0837104792831,17.651016445988716,63.54365920555938
36.2,329.9660673681754,17.644039177953445,63.51854104063241
36.25,330.8480810498732,17.637535963758943,63.495129469532195
36.300000000000004,331.7297822089905,17.631547335165365,63.473570406595314
36.35,332.6112007690203,17.626072745216206,63.45386188277834
36.4,333.4923640848364,17.62107665027191,63.435875940978875
36.45,334.37329609810007,17.616498677264484,63.41939523815215
36.5,335.25401506030994,17.612229575441983,63.40402647159114
36.550000000000004,336.13453103913275,17.60813486769403,63.38928552369851
36.6,337.01484747959654,17.60409836566182,63.374754116382555
36.65,337.89496507131383,17.600036685662023,63.36013206838328
36.7,338.77488106463124,17.59589203499875,63.34521132599551
36.75,339.65458849420236,17.59162745190747,63.3298588268669
36.800000000000004,340.53407709698047,17.587252856034443,63.314110281724
36.85,341.41333920669626,17.582827484428137,63.298178943941295
36.9,342.2923752589311,17.57843270924293,63.282357753274546
36.95,343.1711899451985,17.574152088159114,63.26694751737281
37.0,344.0497894939588,17.570077486525612,63.25227895149221
37.050000000000004,344.9281849336759,17.566301279879976,63.23868460756792
37.1,345.80639556830613,17.562892018010263,63.22641126483695
37.15,346.68444647830023,17.55988520636433,63.2155867429116
37.2,347.5623601510292,17.557274205487406,63.20618713975466
37.25,348.44015518994325,17.555026751471065,63.198096305295834
37.300000000000004,349.3178488647105,17.553088541471087,63.19111874929592
37.35,350.1954549958903,17.551358593785523,63.184890937627884
37.4,351.07298111941964,17.549714758724136,63.17897313140689
37.45,351.95042895572175,17.548037995117674,63.172936782423626
37.5,352.8277952986971,17.546232817084277,63.1664381415034
37.550000000000004,353.70507103188754,17.544222109657916,63.1591995947685
37.6,354.58224106194365,17.541922181502898,63.150919853410436
37.65,355.45928569825435,17.53927793885262,63.14140057986943
37.7,356.33618651587636,17.536284722917962,63.130625002504665
37.75,357.2129289865582,17.53297177984655,63.11869840744759
37.800000000000004,358.0894991320909,17.529389257128514,63.105801325662654
37.85,358.96588285237874,17.52561402689205,63.09221049681138
37.9,359.8420677407027,17.52173819716006,63.07825750977622
37.95,360.7180493267239,17.517848579571755,63.06425488645832
38.0,361.59383351641407,17.51401629148129,63.05045864933265
38.050000000000004,362.4694292732974,17.51029666321343,63.037067987568356
38.1,363.34484531182403,17.506747854336,63.0242922756096
38.15,364.2200920939149,17.50340744567026,63.01226680441293
38.2,365.095180554387,17.50028567728539,63.00102843822741
38.25,365.9701195327909,17.49736729291462,62.99052225449264
38.300000000000004,366.84491688832304,17.494615663779737,62.98061638960705
38.35,367.7195815217071,17.492003723293447,62.97121340385641
38.400000000000006,368.5941219751213,17.48951888993269,62.962268003757686
38.45,369.46854298735695,17.487137371822524,62.95369453856109
38.5,370.34284694191524,17.484842138529338,62.94543169870562
38.550000000000004,371.2170373015762,17.48263877647375,62.937499595305496
38.6,372.09111836266106,17.480536992621925,62.92993317343893
38.650000000000006,372.96509502775706,17.47853142567233,62.92271313242039
38.7,373.83897262710076,17.47661678004505,62.915820408162176
38.75,374.7127557908892,17.474791760535506,62.90925033792782
38.800000000000004,375.58645091786434,17.47306140474933,62.90302105709759
38.85,376.46006739398393,17.47143279265751,62.89715805356703
38.900000000000006,377.3336120749906,17.469937096306715,62.89177354670418
38.95,378.20708743129296,17.468621649915494,62.88703793969578
39.0,379.0804971804516,17.46753632469905,62.88313076891659
39.050000000000004,379.9538497513763,17.46673312928828,62.88023926543781
39.1,380.82715901130155,17.466253945782146,62.87851420481573
39.150000000000006,381.70044489379103,17.466121707890572,62.87803814840606
39.2,382.5737313628298,17.466349635904216,62.878858689255175
39.25,383.4470407171161,17.46692242672678,62.8809207362164
39.300000000000004,384.3203889071662,17.467755992671577,62.88392157361768
39.35,385.1937860201354,17.468699497569446,62.88731819125001
39.400000000000006,386.06723522233136,17.46956130641871,62.89042070310736
39.45,386.94073104473625,17.470121099996803,62.89243595998849
39.5,387.81425813141516,17.470168806378467,62.892607702962486
39.550000000000004,388.6877883179866,17.46955152350273,62.89038548460983
39.6,389.56128022911764,17.46819034590188,62.88548524524678
39.650000000000006,390.43468605425295,17.466076741530614,62.87787626951021
39.7,391.30795983466953,17.463275988120767,62.86779355723476
39.75,392.18106237299537,17.45993367369566,62.85576122530437
39.800000000000004,393.0539677496715,17.456251256341236,62.84250452282845
39.85,393.9266683710252,17.452467095125634,62.82888154245229
39.900000000000006,394.79917139607187,17.44882915101209,62.81578494364353
39.95,395.6714938211757,17.44554246264039,62.8039528655054
40.0,396.54366085911846,17.442730682793936,62.793830458058174
40.050000000000004,397.41570274514754,17.440437740776787,62.785575866796435
40.1,398.287649062561,17.438606827344792,62.77898457844125
40.150000000000006,399.1595242578284,17.437118801496826,62.773627685388576
40.2,400.0313453295617,17.43581768045297,62.76894364963069
40.25,400.90311741504826,17.43454416385208,62.764358989867496
40.300000000000004,401.77483279120565,17.43313054461572,62.7592699606166
40.35,402.64647500764784,17.431433584041088,62.75316090254792
40.400000000000006,403.5180209212989,17.42936246429665,62.745704871467936
40.45,404.3894480203584,17.426884155177163,62.73678295863779
40.5,405.26073727653016,17.42401325652213,62.72644772347967
40.550000000000004,406.13187056225115,17.420809978073443,62.714915921064396
40.6,407.002832286071,17.417381738929812,62.70257426014732
40.650000000000006,407.8736133979056,17.413852538778574,62.68986913960287
40.7,408.7442144596926,17.410347049816902,62.67724937934085
40.75,409.61464173106333,17.406988104695127,62.66515717690246
40.800000000000004,410.4849049125599,17.403871082671344,62.65393589761684
40.85,411.35501848231957,17.40110111033814,62.643963997217305
40.900000000000006,412.22500311528137,17.398754120608473,62.6355148341905
40.95,413.0948828017424,17.39688033644903,62.62876921121651
41.0,413.96468160146054,17.39550957040732,62.62383445346635
41.050000000000004,414.8344244015003,17.394660903211765,62.620779251562354
41.1,415.7041357961583,17.394322364327113,62.61956051157761
41.150000000000006,416.57384010390876,17.394435675258375,62.61996843093015
41.2,417.4435588446492,17.394900458547312,62.62164165077032
41.25,418.3133092217761,17.395595336193477,62.624143210296516
41.300000000000004,419.18310616771925,17.3964043774416,62.62705575878976
41.35,420.0529568850711,17.39721398306917,62.62997033904902
41.400000000000006,420.92285548201284,17.397910592809662,62.632478134114784
41.45,421.79278605824493,17.398398678367414,62.63423524212269
41.5,422.66272935609834,17.398592299109218,62.63493227679319
41.550000000000004,423.53266776825524,17.39843978069292,62.63438321049452
41.6,424.40258739311474,17.397933323338943,62.632559964020196
41.650000000000006,425.2724757747986,17.397126539745422,62.62965554308352
41.7,426.1423195837663,17.396128894696353,62.626064020906874
41.75,427.01210729767837,17.39505831096367,62.62220991946921
41.800000000000004,427.8818314936574,17.394013884446103,62.61844998400597
41.85,428.7514921489635,17.393075388193996,62.61507139749838
41.900000000000006,429.6211009146182,17.39229764374328,62.61227151747581
41.95,430.4906766072364,17.391718380740883,62.610186170667184
42.0,431.3602371629146,17.391359737480677,62.608895054930436
42.050000000000004,432.2297943165153,17.391211147209418,62.60836012995391
42.1,433.0993539121957,17.391219848963928,62.60839145627014
42.150000000000006,433.9689189068694,17.39130569185572,62.6087004906806
42.2,434.83848876099665,17.391361834026785,62.60890260249643
42.25,435.70805969929563,17.39128446229473,62.608624064261036
42.300000000000004,436.57762541899666,17.39099995263986,62.60759982950349
42.35,437.4471755137624,17.39046535911426,62.605675292811334
42.400000000000006,438.31669573962216,17.389668387461064,62.60280619485983
42.45,439.18617081658385,17.388624635394848,62.59904868742145
42.5,440.0555862186337,17.387382720085302,62.59457779230709
42.550000000000004,440.9249300271237,17.386015992331217,62.58965757239238
42.6,441.79419565717194,17.38460810091648,62.584589163299334
42.650000000000006,442.6633831809319,17.38325240694719,62.57970866500988
42.7,443.5324998023896,17.382041443758396,62.57534919753023
42.75,444.4015591471171,17.381048772858218,62.57177558228959
42.800000000000004,445.2705776928092,17.380323926159186,62.56916613417307
42.85,446.1395707114591,17.379887124970164,62.56759364989259
42.900000000000006,447.0085512471795,17.379720477617436,62.56699371942277
42.95,447.87753075678137,17.37976515810564,62.56715456918031
43.0,448.7465185149961,17.37993584747865,62.56776905092314
43.050000000000004,449.61552006159286,17.38013861762037,62.56849902343334
43.1,450.48453672894584,17.38028949294928,62.569042174617415
43.150000000000006,451.3535648847146,17.380323323170767,62.569163963414766
43.2,452.22259526470185,17.380193967946898,62.568698284608836
43.25,453.09161428919595,17.37987520670813,62.56755074414927
43.300000000000004,453.9606082693205,17.379365160272744,62.56571457698188
43.35,454.829567268618,17.378693085302423,62.56329510708873
43.400000000000006,455.6984854166037,17.377913604828127,62.560488977381254
43.45,456.56736000478094,17.377097079945944,62.5575494878054
43.5,457.43619154583354,17.376325073022652,62.55477026288155
43.550000000000004,458.3049845171803,17.37567515183527,62.55243054660698
43.6,459.1737471069352,17.375211068505575,62.55075984662007
43.650000000000006,460.0424906374864,17.374968572508774,62.54988686103159
43.7,460.91122794192216,17.374961711803646,62.54986216249313
43.75,461.77997158423625,17.37518651176552,62.55067144235587
43.800000000000004,462.64873348806987,17.375618197985297,62.55222551274707
43.85,463.51752400134404,17.376211475654348,62.55436131235565
43.900000000000006,464.38635068286953,17.37690947105769,62.556874095807686
43.95,465.255216963519,17.377646544707535,62.559527560947124
44.0,466.12412221914593,17.378356888640898,62.56208479910723
44.050000000000004,466.99306310485025,17.37898661092564,62.56435179933231
44.1,467.8620335477913,17.379495955276465,62.56618543899528
44.150000000000006,468.73102553261265,17.379859189338394,62.56749308161822
44.2,469.60003052965294,17.38006309566194,62.56822714438298
44.25,470.4690396374794,17.38011032918976,62.56839718508313
44.300000000000004,471.338044825056,17.380018431019728,62.56806635167102
44.35,472.20704064505316,17.379808776083046,62.567311593898964
44.400000000000006,473.07602357881336,17.379508640625556,62.566231106252005
44.45,473.94499055652096,17.379152344255502,62.56494843931981
44.5,474.81393864252726,17.378773695666073,62.56358530439786
44.550000000000004,475.68286673852214,17.37840367356361,62.562253224829
44.6,476.5517759145398,17.37806573192406,62.561036634926616
44.650000000000006,477.4206679483333,17.377770542281496,62.55997395221339
44.7,478.289545702692,17.377521716728094,62.559078180221135
44.75,479.15841359756996,17.377330664288614,62.55839039143901
44.800000000000004,480.0272760421282,17.37720778196278,62.55794801506601
44.85,480.89613607103786,17.377151938626476,62.55774697905532
44.900000000000006,481.76499526965733,17.377150613745847,62.55774220948505
44.95,482.6338545673489,17.377201180253948,62.55792424891421
45.0,483.50271570390606,17.377298357945516,62.55827408860386
45.050000000000004,484.3715825588529,17.377431468367803,62.558753286124094
45.1,485.24045859099715,17.37759357325341,62.559336863712275
45.150000000000006,486.1093443497473,17.377788074845267,62.56003706944296
45.2,486.9782399521052,17.378020559307704,62.560874013507735
45.25,487.84714774798033,17.37828945204902,62.56184202737648
45.300000000000004,488.7160696726104,17.378590727965232,62.56292662067484
45.35,489.5850057807778,17.378917754176438,62.564103915035176
45.400000000000006,490.45395720452956,17.379262302536898,62.56534428913283
45.45,491.32292642811046,17.379628052080456,62.56666098748964
45.5,492.1919150319435,17.380003487128256,62.568012553661724
45.550000000000004,493.0609221604543,17.380372015058303,62.56933925420989
45.6,493.929946367775,17.380720676372523,62.570594434941086
45.650000000000006,494.7989857975522,17.38103525485917,62.57172691749302
45.7,495.66803677953095,17.38126581164738,62.57255692193058
45.75,496.53709461790226,17.38134015939918,62.572824573837046
45.800000000000004,497.4061516762895,17.381185294169534,62.57226705901032
45.85,498.2751978781659,17.380724158370114,62.57060697013241
45.900000000000006,499.14422082488375,17.379877350625243,62.56755846225088
45.95,500.01320061589786,17.378571620374398,62.562857833347834
46.0,500.8821086610978,17.376767628277783,62.55636346180002
46.050000000000004,501.75091418432953,17.37445315828276,62.548031369817934
46.1,502.6195904758653,17.371656931461736,62.537964953262254
46.150000000000006,503.4881138647666,17.36845993210569,62.526455755580486
46.2,504.3564649517905,17.364986879350454,62.513952765661635
46.25,505.2246329381621,17.361424788170332,62.501129237413195
46.300000000000004,506.0926179937719,17.357997816382795,62.48879213897806
46.35,506.9604301102985,17.354918853906717,62.47770787406419
46.400000000000006,507.82808943624275,17.352371057930966,62.46853580855148
46.45,508.6956275860756,17.35050279937425,62.4618100777473
46.5,509.5630850400378,17.349411257439115,62.45788052678082
46.550000000000004,510.4305081437758,17.349110115790232,62.45679641684484
46.6,511.2979424282833,17.34954131179083,62.45834872244699
46.650000000000006,512.1654249172989,17.35058085327661,62.462091071795804
46.7,513.0329832717341,17.352056744610604,62.467404280598174
46.75,513.9006348314124,17.353754307663465,62.47351550758847
46.800000000000004,514.768383533473,17.35545739246504,62.47964661287415
46.85,515.6362203373045,17.356971875414242,62.48509875149127
46.900000000000006,516.5041276261425,17.358148066575154,62.489333039670555
46.95,517.3720828046468,17.35890125872252,62.49204453140107
47.0,518.2400602987235,17.3592063290922,62.493142784731916
47.050000000000004,519.1080350916833,17.35908389708776,62.49270202951594
47.1,519.97598655308,17.358613509961977,62.49100863586312
47.150000000000006,520.8439002034229,17.357904750225668,62.488457100812404
47.2,521.7117674844395,17.35706770890119,62.48544375204429
47.25,522.5795862692854,17.356197341725704,62.482310430212536
47.300000000000004,523.4473599348009,17.355372963491607,62.479342668569785
47.35,524.3150953330518,17.3546453512457,62.47672326448453
47.400000000000006,525.1828020334323,17.354042007415146,62.47455122669452
47.45,526.0504888295294,17.35356630528401,62.47283869902243
47.5,526.9181600925208,17.353206161302836,62.471542180690214
47.550000000000004,527.7858179028951,17.35293890247487,62.47058004890954
47.6,528.6534640301267,17.35274068002823,62.46986644810163
47.650000000000006,529.5211001226096,17.35260035048676,62.46936126175234
47.7,530.3887286785338,17.352507892510765,62.46902841303876
47.75,531.2563524851049,17.352459141062603,62.46885290782537
47.800000000000004,532.1239737711243,17.352464468616947,62.46887208702101
47.85,532.9915954546312,17.352533359750012,62.469120095100045
47.900000000000006,533.8592216703788,17.35266269330176,62.46958569588634
47.95,534.7268569591766,17.352847638717023,62.470251499381284
48.0,535.5945034230135,17.35307934822084,62.47108565359503
48.050000000000004,536.4621613882977,17.353338267361895,62.47201776250282
48.1,537.3298318284368,17.353596209350208,62.47294635366075
48.150000000000006,538.1975148432679,17.353811727772705,62.47372221998174
48.2,539.0652081825968,17.353943260130215,62.47419573646878
48.25,539.932908116739,17.353952104219786,62.47422757519123
48.300000000000004,540.8006092725847,17.353813076717298,62.47372707618227
48.35,541.6683026478288,17.353517297453777,62.4726622708336
48.400000000000006,542.5359767624057,17.353051255754735,62.470984520717046
48.45,543.4036203816703,17.352416494118355,62.46869937882608
48.5,544.2712251342891,17.351635741762607,62.465888670345386
48.550000000000004,545.1387852954854,17.35074072467257,62.46266660882125
48.6,546.0062975527278,17.349771525556136,62.45917749200209
48.650000000000006,546.8737609923317,17.3487816909324,62.45561408735665
48.7,547.7411748720465,17.34782593746096,62.45217337485946
48.75,548.6085407012216,17.34694350590417,62.44899662125502
48.800000000000004,549.4758638804391,17.34616790878094,62.44620447161139
48.85,550.3431506936427,17.345523800483406,62.44388568174026
48.900000000000006,551.2104082611206,17.345031347268346,62.44211285016605
48.95,552.0776452514781,17.344688741710115,62.44087947015642
49.0,552.9448698364309,17.344489346682032,62.440161648055316
49.050000000000004,553.8120884883057,17.344416900428573,62.439900841542865
49.1,554.6793076014632,17.344436567871398,62.439971644337035
49.150000000000006,555.5465326555511,17.344517056348035,62.440261402852926
49.2,556.4137657770185,17.344634952514834,62.44068582905341
49.25,557.2810057337955,17.344757776977094,62.44112799711754
49.300000000000004,558.1482507637621,17.344861089538092,62.44149992233714
49.35,559.0154997631789,17.344932643868432,62.441757517926355
49.400000000000006,559.8827505561269,17.344968674635314,62.441887228687136
49.45,560.7500018303524,17.34497121599393,62.441896377578146
49.5,561.6172536226288,17.34496258854025,62.441865318744895
49.550000000000004,562.4845048172485,17.344970171563382,62.44189261762818
49.6,563.3517551803036,17.34502345744651,62.442084446807435
49.650000000000006,564.219007743729,17.345149057919414,62.44253660850989
49.7,565.0862671408673,17.34537698271989,62.44335713779161
49.75,565.9535389841718,17.3457271969036,62.44461790885296
49.800000000000004,566.8208305629158,17.34620597272893,62.44634150182416
49.85,567.6881497161461,17.346815690832763,62.448536486997945
49.900000000000006,568.5555037221791,17.34754853374055,62.45117472146598
49.95,569.4228993025188,17.34838032012348,62.45416915244452
50.0,570.2903410745362,17.349284708156215,62.45742494936238
50.050000000000004,571.1578306420676,17.35023310610326,62.46083918197174
50.1,572.0253676250015,17.351187031905898,62.46427331486123
50.150000000000006,572.892950950356,17.352102064034625,62.46756743052465
50.2,573.7605786317367,17.352939867373312,62.470583522543926
50.25,574.6282475222876,17.353672908807617,62.47322247170742
50.300000000000004,575.4959534146046,17.354289481983834,62.475442135141805
50.35,576.3636904528606,17.354796704697087,62.477268136909515
50.400000000000006,577.2314507941288,17.35521435952076,62.47877169427474
50.45,578.099226704951,17.355570311356853,62.480053120884676
50.5,578.9670138779571,17.355900088564272,62.48124031883138
50.550000000000004,579.8348126495628,17.35624295452196,62.48247463627906
50.6,580.7026268288489,17.356640999626627,62.48390759865586
50.650000000000006,581.5704624539526,17.357136984628657,62.485693144663166
50.7,582.4383267217307,17.357763212153575,62.48794756375287
50.75,583.3062265903151,17.35853198667875,62.4907151520435
50.800000000000004,584.1741682468349,17.35942570378166,62.49393253361398
50.85,585.0421566717127,17.360402346396068,62.497448447025846
50.900000000000006,585.9101959556481,17.36140371567583,62.50105337643299
50.95,586.7782883961884,17.362359386805743,62.504493792500675
51.0,587.6464319468439,17.363195885324476,62.507505187168114
51.050000000000004,588.5146196843685,17.363852991186036,62.50987076826973
51.1,589.3828406149516,17.36429284492163,62.511454241717864
51.150000000000006,590.2510810583975,17.36450531843468,62.51221914636485
51.2,591.1193265787235,17.3645136722171,62.51224921998156
51.25,591.9875638659875,17.364377748120262,62.51175989323294
51.300000000000004,592.8557843399558,17.364193060495197,62.51109501778271
51.35,593.723987358078,17.36407682980193,62.51067658728695
51.400000000000006,594.5921802940073,17.36415029577622,62.510941064794395
51.45,595.4603771186322,17.364522865053825,62.51228231419377
51.5,596.3285971208621,17.365276134068523,62.51499408264669
51.550000000000004,597.1968632608604,17.36644652095472,62.519207475437
51.6,598.0651988193374,17.368009326293944,62.524833574658196
51.650000000000006,598.9336240121742,17.369871650910127,62.53153794327646
51.7,599.8021536168434,17.371894033893724,62.53881852201741
51.75,600.6707946258537,17.373900099506823,62.546040358224566
51.800000000000004,601.5395442589231,17.375696097207435,62.55250594994676
51.85,602.4083882000435,17.377101354303914,62.557564875494094
51.900000000000006,603.2773005422332,17.377980824425123,62.560730967930446
51.95,604.1462472101409,17.378268730321818,62.56176742915854
52.0,605.0151917417033,17.377973779599696,62.560705606558905
52.050000000000004,605.8840989577294,17.377160667678897,62.55777840364403
52.1,606.7529393658369,17.375945846493103,62.55340504737517
52.150000000000006,607.6216957766055,17.37448869402834,62.54815929850203
52.2,608.4903655012466,17.372977858719093,62.54272029138873
52.25,609.3589579517436,17.371595765580174,62.53774475608863
52.300000000000004,610.2274895246912,17.37050400630413,62.533814422694874
52.35,611.0959778955324,17.369821314725506,62.531356733011826
52.400000000000006,611.9644423383115,17.369607349162745,62.53058645698589
52.45,612.8329058303435,17.36984033932906,62.53142522158461
52.5,613.701392355732,17.370440435335134,62.53358556720648
52.550000000000004,614.5699222740991,17.371301791482107,62.53668644933559
52.6,615.4385104209778,17.372310283446826,62.54031702040857
52.650000000000006,616.3071636034816,17.373363123411153,62.54410724428015
52.7,617.175877229656,17.37436427177395,62.54771137838622
52.75,618.0446375987642,17.37520724816161,62.550746093381804
52.800000000000004,618.9134287883139,17.375815809512506,62.552936914245024
52.85,619.7822375682476,17.37615360198857,62.55415296715885
52.900000000000006,620.6510527183855,17.37621443067277,62.55437195042198
52.95,621.5198646984505,17.376023223691142,62.553683605288114
53.0,622.3886641553926,17.37565259833722,62.55234935401399
53.050000000000004,623.2574407869936,17.375188188308307,62.55067747790991
53.1,624.1261890888142,17.374699970984373,62.54891989554375
53.150000000000006,624.9949094770388,17.374256385374704,62.547322987348934
53.2,625.8636042393566,17.373919284904918,62.546109425657704
53.25,626.7322802863481,17.373732989428788,62.545438761943636
53.300000000000004,627.6009507738281,17.373716143110336,62.54537811519721
53.35,628.4696286115814,17.37387544318954,62.54595159548234
53.400000000000006,629.3383226624909,17.374184735266336,62.547065046958814
53.45,630.2070416912936,17.374596266347687,62.548546558851676
53.5,631.0757912444709,17.375073737375782,62.550265454552815
53.550000000000004,631.9445696263507,17.375576912349278,62.5520768844574
53.6,632.8133722795851,17.376053315121776,62.553791934438394
53.650000000000006,633.6821959327494,17.37649133392742,62.55536880213871
53.7,634.551038124448,17.376919204255458,62.55690913531965
53.75,635.4198983034711,17.37737803807449,62.558560937068165
53.800000000000004,636.2887799063145,17.377915937115258,62.56049737361493
53.85,637.1576870987757,17.37860650601865,62.562983421667134
53.900000000000006,638.0266247980165,17.3794876349014,62.566155485645034
53.95,638.8956049600388,17.380563388930064,62.57002820014823
54.0,639.764643437611,17.381808311804356,62.574509922495686
54.050000000000004,640.6337517604802,17.383168237302144,62.57940565428772
54.1,641.5029363716408,17.384545173924966,62.58436262612988
54.150000000000006,642.3721985102073,17.385829698242482,62.58898691367293
54.2,643.2415295676136,17.3869047007026,62.592856922529364
54.25,644.110912755884,17.387648518809453,62.595534667714034
54.300000000000004,644.9803281306522,17.387965237717868,62.59667485578433
54.35,645.8497513312387,17.387839703953347,62.59622293423205
54.400000000000006,646.7191554455751,17.387306418846023,62.59430310784568
54.45,647.5885169567092,17.386439013928864,62.591180450143916
54.5,648.4578185243573,17.38534953078029,62.58725831080904
54.550000000000004,649.3270501890213,17.38417231263935,62.583020325501664
54.6,650.196213192872,17.383033420856695,62.578920315084105
54.650000000000006,651.0653200288107,17.382067396374886,62.57544262694959
54.7,651.9343871273327,17.381385178044656,62.572986640960764
54.75,652.8034302067261,17.38105311965821,62.57179123076955
54.800000000000004,653.6724659733286,17.38107927436841,62.571885387726276
54.85,654.5415107355894,17.38141725767572,62.5731021276326
54.900000000000006,655.4105795959341,17.38196241049032,62.575064677765155
54.95,656.2796859377796,17.382585466467148,62.57730767928174
55.0,657.1488356519277,17.383163858411198,62.57938989028031
55.050000000000004,658.0180244385244,17.383601292733267,62.580964653839764
55.1,658.887239289999,17.383821703940804,62.58175813418689
55.150000000000006,659.7564603634667,17.383781836093327,62.581614609935976
55.2,660.6256662025069,17.383484974903993,62.580545909654376
55.25,661.4948406329459,17.38296928541415,62.578689427490936
55.300000000000004,662.3639754285332,17.38232289100179,62.57636240760645
55.35,663.2330693111509,17.38167184891111,62.57401865608
55.400000000000006,664.102127801589,17.381148209474716,62.57213355410898
55.45,664.9711623323293,17.38088277479225,62.57117798925211
55.5,665.8401889232038,17.380976490956197,62.57151536744231
55.550000000000004,666.7092258845687,17.381462628750754,62.573265463502715
55.6,667.5782933125203,17.38230142768324,62.576285139659674
55.650000000000006,668.447411142507,17.383399912651164,62.58023968554419
55.7,669.3165951275496,17.384619583181674,62.58463049945403
55.75,670.1858551058614,17.38580170939847,62.5888861538345
55.800000000000004,671.0551901877006,17.386797153112774,62.59246975120599
55.85,671.9245838095244,17.387480490615463,62.59492976621567
55.900000000000006,672.7940079451606,17.387772048347735,62.59597937405184
55.95,673.6634320947323,17.38764611877336,62.5955260275841
56.0,674.5328289188809,17.387149876308438,62.59373955471038
56.050000000000004,675.402179275395,17.38639283402656,62.591014202495614
56.1,676.2714754994109,17.385541516858332,62.58794946069
56.150000000000006,677.140720125699,17.38480170361776,62.58528613302394
56.2,678.0099253124721,17.384370551561894,62.58373398562282
56.25,678.8791122821024,17.38437924935617,62.583765297682206
56.300000000000004,679.7483085611804,17.384889967215685,62.58560388197647
56.35,680.617544463788,17.385899007928934,62.58923642854416
56.400000000000006,681.486849395616,17.387327448926577,62.59437881613568
56.45,682.3562473436907,17.38904659781001,62.60056775211604
56.5,683.225751366641,17.390904053927684,62.60725459413967
56.550000000000004,684.0953607904289,17.39273875829291,62.61385952985448
56.6,684.9650652256917,17.394411193132232,62.61988029527603
56.650000000000006,685.8348490145021,17.39581604588899,62.62493776520036
56.7,686.7046911533007,17.39689473661168,62.628821051802056
56.75,687.5745698068514,17.397636587689874,62.631491715683545
56.800000000000004,688.4444680201645,17.398075798988316,62.633072876357936
56.85,689.3143742010984,17.398277332347767,62.633798396451965
56.900000000000006,690.1842817497478,17.398318268548547,62.63394576677477
56.95,691.0541876810491,17.398271091807178,62.63377593050584
57.0,691.9240910174485,17.39820163825861,62.63352589773099
57.050000000000004,692.7939919452002,17.398148561657166,62.633334821965796
57.1,693.6638907510728,17.39810197603761,62.63316711373539
57.150000000000006,694.5337878563425,17.398038543691747,62.63293875729029
57.2,695.4036840120967,17.397934182156412,62.632563055763086
57.25,696.2735791795003,17.397765926202766,62.63195733432996
57.300000000000004,697.1434699634763,17.397516311334048,62.63105872080257
57.35,698.013348056738,17.39717202567598,62.62981929243354
57.400000000000006,698.883202629555,17.396727092171847,62.62821753181865
57.45,699.7530269048486,17.396179555754536,62.62624640071633
57.5,700.6228190823981,17.395537819292226,62.623936149452014
57.550000000000004,701.4925780327728,17.394824176600206,62.62136703576074
57.6,702.3623023927456,17.394076823167737,62.61867656340385
57.650000000000006,703.2319912467613,17.39334256839768,62.61603324623165
57.7,704.1016448520085,17.39266392698773,62.61359013715583
57.75,704.9712650237793,17.392076476274347,62.61147531458765
57.800000000000004,705.8408565971988,17.39161642238145,62.60981912057322
57.85,706.7104276975679,17.39133986362683,62.608823509056585
57.900000000000006,707.5799885671263,17.391301187320835,62.60868427435501
57.95,708.449550890495,17.391539086467155,62.60954071128176
58.0,709.3191277695206,17.39207592966752,62.61147334680307
58.050000000000004,710.1887347606993,17.392908571350517,62.614470856861864
58.1,711.0583890342244,17.393998460103564,62.61839445637283
58.150000000000006,711.9281058798771,17.39527059552677,62.62297414389638
58.2,712.7978945200244,17.39662876714485,62.62786356172146
58.25,713.6677567626797,17.397950494043087,62.63262177855511
58.300000000000004,714.5376883521975,17.399096684305896,62.63674806350122
58.35,715.4076775858158,17.399930800752443,62.639750882708796
58.400000000000006,716.2777040683393,17.400336804802887,62.6412124972904
58.45,717.147741462141,17.4002368789345,62.6408527641642
58.5,718.0177609391592,17.39959840976737,62.63855427516254
58.550000000000004,718.8877320526323,17.398434590496738,62.63436452578826
58.6,719.7576255330462,17.396791149406127,62.62844813786206
58.650000000000006,720.6274184477531,17.394746086425755,62.62108591113272
58.7,721.4970950507336,17.3924090173578,62.61267246248808
58.75,722.3666454041427,17.38989359267169,62.603616933618085
58.800000000000004,723.2360646827407,17.38730205908269,62.59428741269768
58.85,724.1053526637038,17.384717576937312,62.58498327697433
58.900000000000006,724.9745123931616,17.382199513902613,62.575918250049405
58.95,725.8435493650234,17.37976730775326,62.56716230791173
59.0,726.7124706701143,17.377414689371307,62.558692881736704
59.050000000000004,727.5812817001984,17.37513013010302,62.55046846837087
59.1,728.4499847338674,17.372888467879054,62.5423984843646
59.150000000000006,729.3185797833174,17.37065670801268,62.534364148845654
59.2,730.1870650236151,17.368409264870312,62.52627335353313
59.25,731.0554373286664,17.36613884288274,62.51809983437787
59.300000000000004,731.9236944223502,17.36384901507681,62.509856454276516
59.35,732.791836690047,17.361565822749608,62.50163696189859
59.400000000000006,733.6598649095392,17.359336377489097,62.49361095896075
59.45,734.5277810724809,17.357217489523983,62.485982962286336
59.5,735.3955923951506,17.355274307401373,62.47898750664495
59.550000000000004,736.2633109107385,17.353575175495116,62.47287063178242
59.6,737.1309506030818,17.352190741191034,62.467886668287726
59.650000000000006,737.9985280454279,17.351182364668126,62.46425651280526
59.7,738.866063208685,17.350603005836433,62.46217082101116
59.75,739.7335779439106,17.35048852331613,62.46175868393807
59.800000000000004,740.6010954906968,17.350831794019587,62.46299445847052
59.85,741.4686396258112,17.351597513180195,62.465751047448705
59.900000000000006,742.3362333941652,17.352733722104183,62.46984139957506
59.95,743.2038962524939,17.354161161077762,62.47498017987994
60.0,744.0716415966948,17.355769712424433,62.48077096472796
60.050000000000004,744.9394755750557,17.357439586608088,62.486782511789116
60.1,745.8073961774994,17.35904547405042,62.49256370658151
60.150000000000006,746.675396053915,17.36046469873139,62.49767291543301
60.2,747.5434643345059,17.36159735485591,62.50175047748127
60.25,748.4115846043883,17.36238151562823,62.504573456261625
60.300000000000004,749.2797365134459,17.362807057038957,62.50610540534024
60.35,750.1479001841124,17.362910411989574,62.50647748316247
60.400000000000006,751.0160578918708,17.36277074396156,62.50597467826161
60.45,751.8841956340285,17.36249060132628,62.50496616477461
60.5,752.7523069961397,17.36217930625613,62.503845502522076
60.550000000000004,753.620394896224,17.36195446728985,62.503036082243455
60.6,754.4884703105993,17.361921765583276,62.50291835609979
60.650000000000006,755.3565494082243,17.36214235266784,62.50371246960422
60.7,756.2246500806543,17.362645830863016,62.50552499110686
60.75,757.0927887117316,17.363427507855498,62.50833902827979
60.800000000000004,757.9609783959215,17.364439394442506,62.511981819993025
60.85,758.8292288642701,17.36559921331225,62.516157167924106
60.900000000000006,759.6975447761515,17.366820207624283,62.52055274744742
60.95,760.565924362354,17.368016152603687,62.52485814937327
61.0,761.4343634254537,17.369120108718676,62.52883239138723
61.050000000000004,762.3028562140281,17.370094717184564,62.53234098186443
61.1,763.1713932940643,17.37092903742103,62.535344534715705
61.150000000000006,764.0399645804648,17.371628384292283,62.53786218345222
61.2,764.9085628767336,17.372216210279756,62.53997835700712
61.25,765.777183194886,17.372724708143384,62.541808949316184
61.300000000000004,766.6458230817358,17.373181826289965,62.543454574643874
61.35,767.5144838023247,17.373600643506585,62.5449623166237
61.400000000000006,768.3831669993682,17.373999691091747,62.54639888793029
61.45,769.2518725787836,17.37437995773881,62.54776784785972
61.5,770.1205993848874,17.374718219369356,62.54898558972968
61.550000000000004,770.9893444164642,17.374986024732888,62.5499496890384
61.6,771.8581024692868,17.37515998275079,62.55057593790285
61.650000000000006,772.726867274703,17.375211467166665,62.55076128179999
61.7,773.5956327007707,17.375130125862135,62.55046845310369
61.75,774.4643916742824,17.374928634929475,62.54974308574611
61.800000000000004,775.333135971059,17.374627143093882,62.54865771513798
61.85,776.2018602631778,17.37425057494247,62.54730206979289
61.900000000000006,777.0705624211579,17.373836797514365,62.54581247105171
61.95,777.9392415191221,17.373425239043147,62.544330860555334
62.0,778.807899634496,17.373061136753883,62.54302009231398
62.050000000000004,779.6765419136246,17.372785555747953,62.54202800069263
62.1,780.5451732970556,17.37263133816302,62.541472817386875
62.150000000000006,781.4137986985654,17.37261296207079,62.54140666345484
62.2,782.2824252399546,17.3727276006629,62.541819362386434
62.25,783.1510611662341,17.372968477035066,62.54268651732624
62.300000000000004,784.0197143004652,17.3733134248898,62.54392832960328
62.35,784.8883903009847,17.373730112359976,62.545428404495915
62.400000000000006,785.7570913329531,17.374191450170766,62.54708922061476
62.45,786.6258179305121,17.374674222577852,62.54882720128027
62.5,787.4945696171451,17.37515277243432,62.55054998076355
62.550000000000004,788.3633449882636,17.375608167389167,62.552189402601
62.6,789.2321416716655,17.376038428003994,62.553738340814384
62.650000000000006,790.1009577174083,17.376461868641222,62.5552627271084
62.7,790.9697933445959,17.376912561671023,62.55688522201569
62.75,791.8386502605376,17.37742303515372,62.558722926553386
62.800000000000004,792.7075311834835,17.37801900871583,62.560868431376996
62.85,793.5764403747947,17.378726348933625,62.56341485616105
62.900000000000006,794.44538435324,17.379547129363203,62.56636966570753
62.95,795.314371348887,17.38045478663296,62.56963723187866
63.0,796.1834079960037,17.38139463007265,62.573020668261535
63.050000000000004,797.0524964774556,17.38230457209698,62.576296459549134
63.1,797.9216348777036,17.383116331769877,62.579218794371556
63.150000000000006,798.7908175180456,17.383758909099683,62.58153207275886
63.2,799.6600320386974,17.38417198720813,62.58301915394927
63.25,800.5292602916898,17.384310778522742,62.58351880268187
63.300000000000004,801.3984844253769,17.384153889663683,62.58295400278926
63.35,802.2676898430766,17.383717332727958,62.58138239782065
63.400000000000006,803.1368641734726,17.38304039772498,62.57894543180993
63.45,804.0059968105982,17.382184079722492,62.57586268700097
63.5,804.8750810924994,17.38122702190706,62.57241727886541
63.550000000000004,805.7441136842529,17.380253114560798,62.568911212418875
63.6,806.6130941060488,17.37931379237841,62.56552965256228
63.650000000000006,807.4820264693768,17.378436944877325,62.56237300155837
63.7,808.3509175519214,17.377643858658146,62.55951789116933
63.75,809.2197747470764,17.376944595090244,62.55700054232488
63.800000000000004,810.0886049834162,17.376326444013422,62.55477519844832
63.85,810.9574120754387,17.37576778607541,62.55276402987148
63.900000000000006,811.8261955403198,17.375263459730036,62.55094845502813
63.95,812.6949542027587,17.37480764325572,62.5493075157206
64.0,813.5636896198268,17.37440016558064,62.5478405960903
64.05,814.4324033952408,17.37405343898607,62.54659238034986
64.10000000000001,815.301096455036,17.373784247980446,62.54562329272961
64.15,816.1697732424177,17.37361610971509,62.54501799497433
64.2,817.0384433611193,17.37356951681046,62.544850260517656
64.25,817.9071160237224,17.373648620287184,62.545135033033866
64.3,818.7757973009094,17.37383113943757,62.54579210197525
64.35000000000001,819.6444919954804,17.37408531858363,62.54670714690108
64.4,820.5132032064574,17.374378017651825,62.54776086354657
64.45,821.3819319119597,17.37465788693744,62.54876839297479
64.5,822.2506762870763,17.3748695743424,62.54953046763265
64.55,823.1194312826944,17.374975407005355,62.54991146521928
64.60000000000001,823.9881895894715,17.374968902917153,62.54988805050176
64.65,824.856943865434,17.37485078886687,62.54946283992073
64.7,825.725688091052,17.374637805779102,62.54869610080477
64.75,826.5944166430722,17.374368202331603,62.54772552839377
64.8,827.463126048759,17.37408408684276,62.54670271263394
64.85000000000001,828.3318172557904,17.373823216470587,62.54576357929412
64.9,829.200494745987,17.373615388246677,62.54501539768804
64.95,830.0691640697047,17.373481299994985,62.54453267998195
65.0,830.9378311734282,17.37343498439647,62.5443659438273
65.05,831.8065028026791,17.373482800285064,62.54453808102623
65.10000000000001,832.6751827744877,17.373621630643715,62.54503787031737
65.15,833.5438715184898,17.373833575935922,62.54580087336932
65.2,834.4125698639571,17.374099328260815,62.54675758173894
65.25,835.2812802519634,17.37440094060863,62.54784338619107
65.3,836.1500058985081,17.374723791343225,62.54900564883561
65.35000000000001,837.0187488120414,17.375051694656914,62.55018610076489
65.4,837.8875091291783,17.375374616979194,62.5513486211251
65.45,838.7562859781771,17.37568998443327,62.55248394395977
65.5,839.6250778219166,17.375975211006885,62.553510759624785
65.55,840.4938822590562,17.37619791779166,62.55431250404998
65.60000000000001,841.3626958585335,17.376332689263492,62.554797681348575
65.65,842.2315145662341,17.376362708189983,62.55490574948394
65.7,843.100333798045,17.376278268469214,62.55460176648917
65.75,843.969147936837,17.376067116263755,62.55384161854952
65.8,844.8379487969544,17.375726418587483,62.55261510691494
65.85000000000001,845.7067277918956,17.375264184894192,62.550951065619095
65.9,846.5754795333593,17.374697406845367,62.54891066464332
65.95,847.4442002697921,17.374047562306377,62.54657122430296
66.0,848.3128862959007,17.373337713687114,62.544015769273614
66.05,849.1815346410455,17.372598268213533,62.54135376556872
66.10000000000001,850.0501453727686,17.37186716697136,62.5387218010969
66.15,850.9187214848038,17.37118774165291,62.53627586995048
66.2,851.7872664959751,17.37059880289575,62.5341556904247
66.25,852.6557842507415,17.37013790536286,62.532496459306294
66.3,853.5242797637068,17.369840101662437,62.531424365984776
66.35000000000001,854.3927608583839,17.369723495622942,62.531004584242595
66.4,855.2612382203312,17.369789564980383,62.53124243392938
66.45,856.1297237358066,17.370031089284055,62.5321119214226
66.5,856.9982287305152,17.37043601463638,62.533569652690964
66.55,857.8667615226582,17.370974384889127,62.535507785600856
66.60000000000001,858.7353265514737,17.371598769489708,62.53775557016295
66.65,859.6039249366736,17.372252151605686,62.54010774578047
66.7,860.4725560224425,17.372875714137148,62.54235257089373
66.75,861.341218729568,17.373420362303044,62.54431330429096
66.8,862.2099092843562,17.3738500536719,62.54586019321885
66.85000000000001,863.0786197790353,17.37414740758268,62.546930667297644
66.9,863.9473411805848,17.37431749999734,62.54754299999042
66.95,864.8160663714566,17.374379074877226,62.54776466955801
67.0,865.6847905234276,17.37436721010088,62.54772195636316
67.05,866.5535108291492,17.374330281125275,62.54758901205099
67.10000000000001,867.4222269492859,17.37433050210315,62.547589807571335
67.15,868.2909419769254,17.374437726035993,62.54797581372957
67.2,869.1596630384965,17.374704679140297,62.54893684490507
67.25,870.0284001512904,17.37517140359371,62.55061705293736
67.3,870.8971656007269,17.37586744810236,62.55312281316849
67.35000000000001,871.7659731798566,17.37680789905213,62.55650843658768
67.4,872.6348359385745,17.377984175197295,62.56074303071026
67.45,873.5037646600223,17.3793678327566,62.565724197923764
67.5,874.3727671636357,17.380914488063013,62.571292157026846
67.55,875.241850419584,17.382569259744972,62.5772493350819
67.60000000000001,876.1110201377682,17.38427085666387,62.583375083989935
67.65,876.9802773877284,17.385950162933526,62.58942058656069
67.7,877.8496183538894,17.387541438686803,62.59514917927249
67.75,878.7190364559779,17.388988250411366,62.60035770148092
67.8,879.5885235025563,17.390235558860272,62.60484801189698
67.85000000000001,880.4580689154119,17.39123578255632,62.60844881720275
67.9,881.327659695363,17.391957812089945,62.6110481235238
67.95,882.1972812613963,17.392407831610598,62.61266819379815
68.0,883.0669194032041,17.39261714163788,62.61342170989637
68.05,883.9365618360956,17.39263253354337,62.61347712075614
68.10000000000001,884.8061978244459,17.392521116630345,62.61307601986924
68.15,885.6758205523972,17.39237342203105,62.61254431931178
68.2,886.5454303912962,17.392286659925496,62.61223197573179
68.25,887.4150342585881,17.392349764069216,62.61245915064918
68.3,888.284642758777,17.392628702944595,62.613463330600545
68.35000000000001,889.154268578412,17.39315685898969,62.61536469236289
68.4,890.0239274734269,17.39393900682385,62.61818042456586
68.45,890.8936360950644,17.39495319642037,62.621831507113335
68.5,891.7634068799679,17.396137333289065,62.62609439984064
68.55,892.6332459943894,17.39740903896059,62.630672540258125
68.60000000000001,893.503153620116,17.398678807196156,62.63524370590616
68.65,894.3731249576712,17.399854631793733,62.63947667445744
68.7,895.2431523131967,17.40084968266655,62.643058857599584
68.75,896.113225739811,17.4015962112601,62.64574636053636
68.8,896.9833316552015,17.4020672588522,62.64744213186792
68.85000000000001,897.8534547112099,17.402272632793597,62.64818147805695
68.9,898.7235805458934,17.402246337816294,62.64808681613866
68.95,899.593696184053,17.402043996399208,62.64735838703715
69.0,900.4637924364512,17.401733970700455,62.64624229452164
69.05,901.333865933702,17.40139233372814,62.645012401421305
69.10000000000001,902.203919267313,17.40109958751467,62.64395851505281
69.15,903.0739593410291,17.40092838121647,62.64334217237929
69.2,903.9439950756339,17.400929277623984,62.643345399446346
69.25,904.8140370535805,17.40113791055069,62.64409647798249
69.3,905.6840966344843,17.401575550346916,62.645671981248896
69.35000000000001,906.5541846261484,17.402232960714812,62.64803865857333
69.4,907.4243105305492,17.403077859166206,62.651080292998344
69.45,908.2944817018936,17.404052397306714,62.65458863030417
69.5,909.1647033393597,17.405084094516415,62.658302740259096
69.55,910.0349789860039,17.406094536767142,62.661940332361716
69.60000000000001,910.9053094185526,17.407003623104806,62.6652130431773
69.65,911.775688885326,17.407746573424472,62.6678876643281
69.7,912.6461049760733,17.408278134426922,62.66980128393692
69.75,913.5165412617689,17.40856349365958,62.6708285771745
69.8,914.3869802386388,17.408573194370188,62.670863499732675
69.85000000000001,915.2574069995741,17.408290183255417,62.6698446597195
69.9,916.127809518886,17.407728104906262,62.667821177662546
69.95,916.9981789092217,17.40694085972865,62.66498709502314
70.0,917.8685084371283,17.406010341928543,62.66163723094275
70.05,918.7387901636678,17.405013956257125,62.658050242525654
70.10000000000001,919.6090161282394,17.40402044428802,62.65447359943687
70.15,920.4791837432732,17.403080344685993,62.651089240869574
70.2,921.3492989083528,17.402222359996973,62.6480004959891
70.25,922.2193733026678,17.401462067379306,62.6452634425655
70.3,923.089418153659,17.400800249243634,62.64288089727708
70.35000000000001,923.9594400050261,17.400234578030446,62.64084448090961
70.4,924.8294412816682,17.39975261816048,62.63910942537773
70.45,925.6994217310628,17.39930967713221,62.63751483767595
70.5,926.5693779225749,17.398836188098038,62.635810277152935
70.55,927.4393051011518,17.398260962858917,62.6337394662921
70.60000000000001,928.3091986493115,17.397529485510198,62.63110614783671
70.65,929.1790534617704,17.396601096644773,62.62776394792118
70.7,930.0488623165921,17.395449250085292,62.62361730030705
70.75,930.9186130531687,17.394063669482886,62.618629210138394
70.8,931.7882903236591,17.392455804777445,62.6128408971988
70.85000000000001,932.6578798709371,17.390651943915348,62.606346998095255
70.9,933.5273700955712,17.38867541224322,62.599231484075595
70.95,934.396752327081,17.38656735030556,62.59164246110002
71.0,935.2660228762204,17.384389772933215,62.58380318255958
71.05,936.1351840355453,17.382223368197042,62.57600412550936
71.10000000000001,937.0042413863328,17.380158918622428,62.568572107040744
71.15,937.8732009924651,17.37827407105569,62.56178665580048
71.2,938.7420687719743,17.37662705228552,62.55585738822788
71.25,939.6108547531195,17.375254338023705,62.55091561688534
71.3,940.4795748268223,17.3741608414839,62.54697902934204
71.35000000000001,941.3482468889597,17.373325191915658,62.54397069089637
71.4,942.2168884835764,17.372722802882365,62.541802090376514
71.45,943.085513714587,17.3723289602586,62.540384256930956
71.5,943.9541308987918,17.37211052054948,62.53959787397813
71.55,944.8227435158844,17.372017486937697,62.53926295297571
71.60000000000001,945.6913515215975,17.371988259473362,62.5391577341041
71.65,946.5599545600236,17.371981233508894,62.53913244063202
71.7,947.4285549154342,17.371979165966195,62.539124997478304
71.75,948.2971554488959,17.37198021655944,62.53912877961398
71.8,949.1657568017146,17.371997555278696,62.539191199003305
71.85000000000001,950.0343577884148,17.372044077177378,62.539358677838564
71.9,950.9029580893402,17.372124656862436,62.53964876470477
71.95,951.7715602569194,17.372229374595914,62.54002574854529
72.0,952.6401680664374,17.37232611828061,62.5403740258102
72.05,953.5087831456351,17.372377542570185,62.540559153252666
72.10000000000001,954.3774044350253,17.372352463892064,62.54046887001143
72.15,955.2460286510214,17.37223291344465,62.54003848840073
72.2,956.1146499740044,17.372014940351868,62.53925378526672
72.25,956.9832604093255,17.371710580825134,62.538158090970484
72.3,957.8518512283772,17.371356380022853,62.536882968082274
72.35000000000001,958.720416771972,17.37101847959387,62.53566652653794
72.4,959.5889576480131,17.370781951661012,62.53481502597965
72.45,960.4574820823434,17.370729988920626,62.53462796011426
72.5,961.3260044394991,17.370933715016953,62.53536137406103
72.55,962.1945419371689,17.37144055422725,62.537185995218096
72.60000000000001,963.0631129190283,17.372262052552703,62.54014338918973
72.65,963.931735243231,17.37335379119635,62.54407364830686
72.7,964.8004234329611,17.374618251168002,62.54862570420481
72.75,965.6691854373246,17.375927841812135,62.55334023052369
72.8,966.5380214873879,17.37715002172954,62.55774007822635
72.85000000000001,967.406924709489,17.37817621806323,62.56143438502763
72.9,968.2758810916418,17.378930616264,62.5641502185504
72.95,969.1448696772064,17.379378917475748,62.565764102912695
73.0,970.0138675249497,17.379538354620227,62.56633807663282
73.05,970.8828565517813,17.37947862063847,62.56612303429849
73.10000000000001,971.7518269875975,17.37930748280926,62.56550693811334
73.15,972.6207780663667,17.379146894374916,62.564928819749696
73.2,973.4897163965887,17.379122840563692,62.56484222602929
73.25,974.3586543275951,17.379344022907485,62.56563848246695
73.3,975.2276089711988,17.379872667488982,62.56754160296034
73.35000000000001,976.0965995011541,17.38070082097885,62.570522955523856
73.4,976.9656430748987,17.381765444127083,62.5743555988575
73.45,977.8347516946527,17.38296738231745,62.57868257634282
73.5,978.703931568734,17.384184831563303,62.58306539362789
73.55,979.5731812551917,17.385288605547373,62.58703897997054
73.60000000000001,980.4424894476117,17.386162385925225,62.59018458933081
73.65,981.3118370490404,17.386725412189875,62.59221148388355
73.7,982.1812025830166,17.38694563261256,62.593004277405214
73.75,983.0505660735682,17.386840381600752,62.59262537376271
73.8,983.919909557506,17.386462141351032,62.591263708863714
73.85000000000001,984.7892189645737,17.385887749621403,62.58919589863705
73.9,985.6584875845203,17.38521612948966,62.58677806616278
73.95,986.5277167884017,17.384542134516266,62.58435168425856
74.0,987.3969131488903,17.383937466105092,62.58217487797833
74.05,988.266085089768,17.383444156882447,62.58039896477681
74.10000000000001,989.1352401642604,17.383081697872058,62.57909411233941
74.15,990.0043844936035,17.38284817057549,62.57825341407176
74.2,990.8735235741813,17.38271821743944,62.577785582781985
74.25,991.7426609273348,17.382652819516203,62.57755015025833
74.3,992.6117973995883,17.382620557478795,62.57743400692366
74.35000000000001,993.4809326196666,17.38260363601651,62.57737308965943
74.4,994.3500660750178,17.382594233736576,62.577339241451675
74.45,995.2191975001612,17.382593795011232,62.577337662040435
74.5,996.0883267925207,17.38260372971354,62.57737342696875
74.55,996.9574543867019,17.38262528876105,62.57745103953979
74.60000000000001,997.8265822915488,17.382660666128267,62.57757839806176
74.65,998.6957130935459,17.382706718589752,62.577744186923105
74.7,999.5648481485598,17.382754838564054,62.577917418830594
74.75,1000.4339876814671,17.382795890591595,62.57806520612974
74.8,1001.3031304854363,17.38282071971559,62.57815459097612
74.85000000000001,1002.1722737658896,17.382818402216316,62.57814624797874
74.9,1003.0414143400394,17.382775606747238,62.57799218429006
74.95,1003.9105493165338,17.382677734214816,62.57763984317334
75.0,1004.7796760357259,17.382515853669794,62.57705707321126
75.05,1005.6487920824793,17.38228202196789,62.5762152790844
75.10000000000001,1006.5178945221916,17.381957690681354,62.575047686452876
75.15,1007.3869787422311,17.381516497265427,62.573459390155534
75.2,1008.2560384294957,17.380922990600563,62.57132276616203
75.25,1009.1250656289487,17.380134377277553,62.56848375819919
75.3,1009.994050884917,17.37911341080286,62.56480827889029
75.35000000000001,1010.8629827567332,17.37783229989637,62.56019627962693
75.4,1011.7318463943691,17.37627399659415,62.554586387738944
75.45,1012.6006252676144,17.374437221389616,62.54797399700262
75.5,1013.4693039730897,17.372336443079426,62.54041119508594
75.55,1014.3378691068314,17.37000502437748,62.53201808775893
75.60000000000001,1015.2063109007187,17.367500969264874,62.52300348935355
75.65,1016.074623255376,17.36489701251744,62.51362924506278
75.7,1016.94280265249,17.362276604854582,62.5041957774765
75.75,1017.8108490396511,17.35972465749442,62.49500876697992
75.8,1018.678766840663,17.35730719319775,62.486305895511904
75.85000000000001,1019.5465653467435,17.355076352162534,62.478274867785125
75.9,1020.4142579503322,17.35307005588224,62.47105220117607
75.95,1021.2818589731285,17.351310731778426,62.46471863440234
76.0,1022.1493818683168,17.34981405985303,62.45933061547091
76.05,1023.0168392710751,17.34857853333876,62.45488272001953
76.10000000000001,1023.8842416867606,17.347579110418625,62.45128479750705
76.15,1024.7515984117058,17.346779038496678,62.44840453858804
76.2,1025.6189188226285,17.34613807197897,62.44609705912429
76.25,1026.4862113691565,17.34562343646755,62.44424437128319
76.3,1027.3534829901603,17.345209487917064,62.44275415650143
76.35000000000001,1028.2207375393957,17.34486259906617,62.44150535663821
76.4,1029.0879752326932,17.344548432848043,62.44037435825296
76.45,1029.9551956800362,17.34423588206138,62.43924917542097
76.5,1030.8223991799807,17.34389140834477,62.438009070041176
76.55,1031.6895855528828,17.343485580263163,62.43654808894739
76.60000000000001,1032.556752549067,17.342998390690585,62.43479420648611
76.65,1033.4238947528665,17.342429520805528,62.4327462748999
76.7,1034.2910061446923,17.341784973743007,62.43042590547483
76.75,1035.1580822720316,17.341070797721613,62.42785487179781
76.80000000000001,1036.0251193445197,17.340294474362224,62.425060107704006
76.85000000000001,1036.8921142263862,17.339478230397408,62.42212162943067
76.9,1037.7590662623832,17.33865265275589,62.41914954992121
76.95,1038.6259781066362,17.337851459909356,62.41626525567368
77.0,1039.4928523492936,17.337108042661377,62.41358895358096
77.05000000000001,1040.3596912686555,17.336452741399423,62.411229869037925
77.10000000000001,1041.2264995449912,17.335919434696155,62.40930996490616
77.15,1042.093284144706,17.33554024798654,62.407944892751544
77.2,1042.960052896366,17.335333487717847,62.40720055578425
77.25,1043.8268137693017,17.33531138362244,62.407120981040784
77.30000000000001,1044.6935765120857,17.335481812222334,62.407734524000404
77.35000000000001,1045.560352585199,17.335851767069258,62.40906636144933
77.4,1046.4271530986475,17.33639691666458,62.41102889999249
77.45,1047.2939869685063,17.337080304443077,62.41348909599508
77.5,1048.1608601108942,17.33787264034687,62.41634150524873
77.55000000000001,1049.0277771071721,17.338733983626152,62.41944234105415
77.60000000000001,1049.8947410003552,17.339620830039514,62.422634988142256
77.65,1050.7617518823652,17.34049614005025,62.425786104180894
77.7,1051.6288061321393,17.34134524301071,62.42884287483856
77.75,1052.495899767623,17.34216725927376,62.431802133385546
77.80000000000001,1053.363032552188,17.342979790977203,62.434727247517934
77.85000000000001,1054.2302031323227,17.34380754548485,62.437707163745465
77.9,1055.0974101203838,17.344671938739932,62.44081897946376
77.95,1055.9646565151265,17.345593514495494,62.44413665218378
78.0,1056.8319478908545,17.346569439923787,62.44764998372563
78.05000000000001,1057.6992893458632,17.347579449372432,62.451286017740756
78.10000000000001,1058.5666846249344,17.348570719485537,62.45485459014793
78.15,1059.434134784374,17.3494786002175,62.458122960782994
78.2,1060.3016353107512,17.350247080573084,62.4608894900631
78.25,1061.169176507857,17.350802002633035,62.46288720947893
78.30000000000001,1062.0367437219575,17.351099924969134,62.463959729888884
78.35000000000001,1062.9043204717086,17.351138703367255,62.46409933212212
78.4,1063.771890808848,17.35095067557849,62.46342243208256
78.45,1064.6394408067865,17.350595411894055,62.4621434828186
78.5,1065.5069628451272,17.350176565507084,62.460635635825504
78.55000000000001,1066.3744552570356,17.34981186472988,62.45932271302757
78.60000000000001,1067.2419245393603,17.349608841487456,62.458591829354845
78.65,1068.1093854267117,17.34965625177749,62.45876250639896
78.7,1068.9768543305202,17.350003451225984,62.46001242441354
78.75,1069.84434856382,17.350661171756443,62.4623802183232
78.80000000000001,1070.7118871751957,17.35158252638045,62.46569709496963
78.85000000000001,1071.5794852497872,17.35267899754561,62.469644391164195
78.9,1072.4471493842793,17.353841942356752,62.47383099248431
78.95,1073.3148798017573,17.354951371950996,62.477824939023584
79.0,1074.1826706542652,17.35591492113482,62.48129371608535
79.05000000000001,1075.0505094933792,17.356675558492746,62.48403201057389
79.10000000000001,1075.9183790428913,17.357202649060067,62.48592953661624
79.15,1076.7862619842824,17.357508948343252,62.48703221403571
79.2,1077.654145589154,17.35764499113212,62.48752196807563
79.25,1078.5220230483803,17.357672285373138,62.4876202273433
79.30000000000001,1079.3898937058664,17.357654097022113,62.48755474927961
79.35000000000001,1080.2577619940469,17.357659675403877,62.487574831453955
79.4,1081.1256340539665,17.357736824295003,62.487852567462014
79.45,1081.9935159659371,17.3579018160489,62.48844653777605
79.5,1082.8614122539432,17.35813550566094,62.48928782037938
79.55000000000001,1083.7293245001185,17.35839937457603,62.49023774847371
79.60000000000001,1084.5972527264657,17.358643941563535,62.49111818962873
79.65,1085.4651958964494,17.358821528492403,62.49175750257265
79.7,1086.3331496294,17.35890542415169,62.492059526946086
79.75,1087.2011062581705,17.358896372113875,62.49202693960995
79.80000000000001,1088.0690583127514,17.358812382080348,62.49172457548926
79.85000000000001,1088.9370001504972,17.358688160694836,62.49127737850141
79.9,1089.8049286606044,17.358555086852974,62.490798312670705
79.95,1090.6728442620472,17.35844567669247,62.49040443609289
80.0,1091.540752132731,17.358387589564472,62.4901953224321
80.05000000000001,1092.4086600903242,17.358399123858085,62.49023684588911
80.10000000000001,1093.2765747874566,17.35847281125931,62.49050212053352
80.15,1094.1444998805214,17.358585590213487,62.49090812476855
80.2,1095.012435449552,17.358701203345547,62.491324332043966
80.25,1095.880379630282,17.358781895276987,62.49161482299716
80.30000000000001,1096.7483288601354,17.358798896744176,62.49167602827904
80.35000000000001,1097.6162773279414,17.358738535699437,62.491458728517976
80.4,1098.4842187615493,17.358612172931785,62.491003822554426
80.45,1099.3521485602976,17.358448252837007,62.490413710213225
80.5,1100.220064535266,17.358282415076236,62.48981669427445
80.55000000000001,1101.0879677469022,17.358149165379995,62.489336995367985
80.60000000000001,1101.9558629310131,17.35807309890449,62.48906315605617
80.65,1102.82375598503,17.3580696140613,62.48905061062068
80.7,1103.691652444532,17.35812935869324,62.489265691295664
80.75,1104.5595566011739,17.358220821199204,62.489594956317134
80.80000000000001,1105.4274701357758,17.358299234452417,62.489877244028705
80.85000000000001,1106.295391787125,17.358320629550818,62.489954266382945
80.9,1107.1633172775428,17.35824650550105,62.48968741980378
80.95,1108.0312394690116,17.358064485707672,62.48903214854762
81.0,1108.8991491563627,17.357791792182766,62.48805045185796
81.05000000000001,1109.767037889602,17.357466023996174,62.48687768638623
81.10000000000001,1110.6349012051942,17.357140402852536,62.48570545026913
81.15,1111.5027395596244,17.356868104361926,62.484725175702934
81.2,1112.3705578063712,17.356682842648485,62.48405823353455
81.25,1113.238364639734,17.35658734194366,62.483714430997175
81.30000000000001,1114.1061698849785,17.356545701925555,62.483564526932
81.35000000000001,1114.973979875808,17.35648052773758,62.48332989985529
81.4,1115.8417945309652,17.35627687264241,62.48259674151268
81.45,1116.7096050309099,17.355801739322654,62.48088626156156
81.5,1117.5773924110695,17.35492518431905,62.477730663548584
81.55000000000001,1118.4451293368672,17.35353389058384,62.472722006101826
81.60000000000001,1119.3127835747493,17.351547546880745,62.46557116877069
81.65,1120.180321064481,17.348942382259477,62.456192576134114
81.7,1121.0477091071946,17.345756393708815,62.444723017351734
81.75,1121.9149193770666,17.342084658754448,62.43150477151602
81.80000000000001,1122.7819298229208,17.338062801584492,62.41702608570417
81.85000000000001,1123.648725128503,17.33384394844355,62.40183821439678
81.9,1124.515297962658,17.329570924210852,62.38645532715907
81.95,1125.3816507525928,17.325362214411328,62.371303971880785
82.0,1126.2477943787378,17.32130498322055,62.35669793959398
82.05000000000001,1127.1137442135987,17.31745098309424,62.34282353913927
82.10000000000001,1127.9795155587374,17.313827550557903,62.32977918200845
82.15,1128.845120851069,17.310435806920943,62.3175689049154
82.2,1129.7105685953622,17.307257461948296,62.306126863013866
82.25,1130.575864209352,17.30425655800163,62.295323608805866
82.30000000000001,1131.44101247528,17.301398983909394,62.285036342073816
82.35000000000001,1132.3060190163546,17.29867343549062,62.275224367766235
82.4,1133.1708914892747,17.29608817449551,62.26591742818383
82.45,1134.0356382425714,17.293668955180117,62.257208238648424
82.5,1134.9002676787745,17.29145379833658,62.24923367401169
82.55000000000001,1135.7647897601048,17.28948905913589,62.2421606128892
82.60000000000001,1136.6292173127033,17.287810340418382,62.23611722550618
82.65,1137.4935665716814,17.286433419209523,62.23116030915428
82.7,1138.3578542592827,17.28536459917691,62.227312557036875
82.75,1139.222096767899,17.284603541913295,62.224572750887866
82.80000000000001,1140.0863113766118,17.284151651004553,62.222945943616395
82.85000000000001,1140.9505148133144,17.283995466827587,62.22238368057931
82.9,1141.8147202371922,17.28412064838411,62.2228343341828
82.95,1142.6789370187805,17.284506954495324,62.22422503618317
83.0,1143.5431748362462,17.285124247119278,62.2264472896294
83.05000000000001,1144.4074448125018,17.285933455453346,62.229360439632046
83.10000000000001,1145.2717577073151,17.28687780007432,62.232760080267546
83.15,1146.136122085299,17.287901632022745,62.23644587528188
83.2,1147.0005443240025,17.288960939013677,62.24025938044924
83.25,1147.865027106854,17.290019299597176,62.24406947854984
83.30000000000001,1148.729566435328,17.29103738721388,62.247734593969966
83.35000000000001,1149.5941542448131,17.291975692424685,62.25111249272887
83.4,1150.4587820701615,17.292817825332083,62.2541441711955
83.45,1151.3234441404798,17.293564583473707,62.25683250050535
83.5,1152.1881381552844,17.294228404699105,62.25922225691678
83.55000000000001,1153.0528626939608,17.294835017359098,62.26140606249275
83.60000000000001,1153.917616203273,17.295425958105728,62.26353344918062
83.65,1154.7823979148232,17.296029520696855,62.26570627450868
83.7,1155.647209275606,17.296645384800822,62.26792338528296
83.75,1156.5120522690513,17.297261215133602,62.27014037448097
83.80000000000001,1157.3769272916368,17.297856421256263,62.27228311652255
83.85000000000001,1158.241834910649,17.298416793401625,62.274300456245854
83.9,1159.1067747725788,17.298935907702518,62.27616926772907
83.95,1159.9717422900737,17.299410816353056,62.277878938871005
84.0,1160.8367303148377,17.299840498965583,62.2794257962761
84.05000000000001,1161.701734255804,17.300233397179436,62.28084022984597
84.10000000000001,1162.5667528852525,17.300609770938518,62.28219517537867
84.15,1163.4317867662326,17.300986816785368,62.28355254042733
84.2,1164.2968379872987,17.30137192823521,62.28493894164676
84.25,1165.1619090536035,17.301776795163462,62.28639646258846
84.30000000000001,1166.0270019555678,17.302198543257756,62.287914755727925
84.35000000000001,1166.892118171502,17.302606901034544,62.289384843724356
84.4,1167.7572573386146,17.302953373932873,62.290632146158345
84.45,1168.6224154884385,17.30319316345141,62.29149538842508
84.5,1169.4875855470596,17.303288057280696,62.29183700621051
84.55000000000001,1170.3527595185603,17.303218631436387,62.291587073170994
84.60000000000001,1171.217927989845,17.302985422531535,62.29074752111352
84.65,1172.0830797567635,17.302608258849432,62.28938973185796
84.7,1172.9482053337913,17.30212482534045,62.28764937122562
84.75,1173.8132997408381,17.301596528345517,62.28574750204386
84.80000000000001,1174.6783631222813,17.301087727529406,62.283915819105864
84.85000000000001,1175.5434003207179,17.300664837694548,62.282393415700376
84.9,1176.408419420378,17.30039352514958,62.28141669053849
84.95,1177.2734303646248,17.30033819912167,62.281217516838005
85.0,1178.138444849955,17.30054035077597,62.2819452627935
85.05000000000001,1179.0034761522043,17.301012957109208,62.28364664559315
85.10000000000001,1179.8685371396436,17.301741914991045,62.28627089396776
85.15,1180.7336405998235,17.302704436971055,62.2897359730958
85.2,1181.598799917912,17.30387484274609,62.29394943388593
85.25,1182.4640262517844,17.305222573500295,62.29880126460106
85.30000000000001,1183.3293265229672,17.306703510076233,62.30413263627444
85.35000000000001,1184.194703424607,17.308273551462953,62.309784785266636
85.4,1185.0601573611466,17.30988600342946,62.315589612346066
85.45,1185.9256893956378,17.31149013778993,62.321364496043756
85.5,1186.7913006265217,17.313022899942297,62.32688243979227
85.55000000000001,1187.6569884224384,17.31443321825414,62.33195958571491
85.60000000000001,1188.5227459351245,17.31568369073603,62.33646128664971
85.65,1189.3885649819642,17.316743780336118,62.34027760921003
85.7,1190.2544355193445,17.317597282150086,62.34335021574031
85.75,1191.1203441111852,17.318241902668845,62.34567084960784
85.80000000000001,1191.986276668997,17.318690068988104,62.34728424835718
85.85000000000001,1192.852222401192,17.318983418823205,62.348340307763536
85.9,1193.7181745930627,17.3191697121192,62.34901096362913
85.95,1194.5841290731842,17.319290608833366,62.34944619180012
86.0,1195.4500857558203,17.319386307380654,62.34979070657035
86.05000000000001,1196.3160476938535,17.319502099083703,62.350207556701335
86.10000000000001,1197.1820180392665,17.319655212397304,62.3507587646303
86.15,1198.0479996810266,17.319832549015022,62.35139717645408
86.2,1198.9139928357724,17.319998644349628,62.35199511965866
86.25,1199.7799950428491,17.320113251821255,62.35240770655652
86.30000000000001,1200.6460042005826,17.320134548903695,62.352484376053305
86.35000000000001,1201.5120169876493,17.3200236518567,62.352085146684125
86.4,1202.3780248735318,17.31976764801937,62.35116353286973
86.45,1203.2440162595203,17.31937481234182,62.349749324430555
86.5,1204.1099814789072,17.31887617235475,62.3479542204771
86.55000000000001,1204.9759142666292,17.318319702422347,62.34595092872045
86.60000000000001,1205.841812099376,17.3177474088684,62.34389067192624
86.65,1206.7076760702118,17.31720327719113,62.341931797888066
86.7,1207.573511542281,17.316733841461982,62.340241829263135
86.75,1208.439326746991,17.316365851532332,62.3389170655164
86.80000000000001,1209.3051300833633,17.316092653356066,62.337933552081836
86.85000000000001,1210.1709277894547,17.31589389971881,62.337218038987714
86.9,1211.036722355781,17.315744087283317,62.33667871421994
86.95,1211.9025141660245,17.315619207997507,62.33622914879103
87.0,1212.7683021715757,17.31549892876373,62.33579614354943
87.05000000000001,1213.6340826984463,17.315369100438687,62.33532876157928
87.10000000000001,1214.4998520809434,17.315233575387175,62.33484087139383
87.15,1215.3656104485783,17.31511622677542,62.334418416391514
87.2,1216.2313612986102,17.315054446243217,62.33419600647558
87.25,1217.0971096523538,17.31508049650997,62.3342897874359
87.30000000000001,1217.9628609987462,17.31522027108925,62.334792975921296
87.35000000000001,1218.828621047338,17.315491711037048,62.33577015973337
87.4,1219.6943965762578,17.315891844089116,62.33721063872082
87.45,1220.5601954164035,17.316387251543215,62.33899410555558
87.5,1221.4260236029193,17.316930079403317,62.340948285851944
87.55000000000001,1222.291882978341,17.31746629726674,62.34287867016027
87.60000000000001,1223.15777250258,17.317943799950875,62.34459767982315
87.65,1224.0236882678385,17.318319227511225,62.34594921904041
87.7,1224.8896221764007,17.318560155596604,62.34681656014777
87.75,1225.7555634476032,17.318647361716348,62.34713050217886
87.80000000000001,1226.621501534905,17.318581271027703,62.346892575699734
87.85000000000001,1227.487427579452,17.3183772553887,62.34615811939932
87.9,1228.3533355391496,17.318055422518924,62.344999521068125
87.95,1229.2192227047312,17.317637241461718,62.343494069262185
88.0,1230.0850880371054,17.317153761921183,62.34175354291626
88.05000000000001,1230.9509307522985,17.316631193858427,62.33987229789034
88.10000000000001,1231.816749757712,17.31608848051256,62.33791852984521
88.15,1232.6825430173621,17.315536342094575,62.33593083154047
88.2,1233.548308153299,17.31498144017941,62.33393318464587
88.25,1234.414044131667,17.31442638690411,62.3319349928548
88.30000000000001,1235.2797518446641,17.313885776293475,62.32998879465651
88.35000000000001,1236.145432906719,17.31338068294534,62.328170458603225
88.4,1237.0110894623335,17.312932353944454,62.32655647420004
88.45,1237.876724535639,17.312562475596636,62.32522491214789
88.5,1238.7423415757735,17.312288741317154,62.32423946874176
88.55000000000001,1239.6079450472032,17.312113412849953,62.323608286259834
88.60000000000001,1240.4735410797011,17.312024087869897,62.32328671633163
88.65,1241.3391353044635,17.31199180396804,62.32317049428495
88.7,1242.204730869465,17.311982049882477,62.32313537957692
88.75,1243.070329426597,17.311953631277447,62.32303307259881
88.80000000000001,1243.9359303180236,17.311867833395,62.322724200222
88.85000000000001,1244.801528953857,17.311686791537703,62.32207244953573
88.9,1245.667117558791,17.31138421911629,62.32098318881865
88.95,1246.5326868969878,17.31095597237936,62.3194415005657
89.0,1247.3982291250431,17.310423563174187,62.31752482742707
89.05000000000001,1248.2637392095126,17.30981667626952,62.315340034570276
89.10000000000001,1249.129214381014,17.3091740166528,62.31302645995008
89.15,1249.9946543473654,17.3085540815214,62.31079469347704
89.2,1250.8600625152703,17.308019468180667,62.3088700854504
89.25,1251.7254462295336,17.30762180461884,62.307438496627825
89.30000000000001,1252.5908140856586,17.30739343194177,62.30661635499037
89.35000000000001,1253.456173868279,17.307341285831026,62.306428628991696
89.4,1254.3215338637094,17.30745833837343,62.306850018144345
89.45,1255.1869045212707,17.307716817383202,62.30778054257953
89.5,1256.052295030465,17.308070310937385,62.30905311937459
89.55000000000001,1256.9177098512555,17.308464345742365,62.31047164467252
89.60000000000001,1257.7831490018675,17.308853519944094,62.31187267179874
89.65,1258.6486091637278,17.30919994049,62.313119785764
89.7,1259.5140853349449,17.30946903344837,62.31408852041413
89.75,1260.379570975433,17.309634380510992,62.314683769839576
89.80000000000001,1261.2450588293725,17.309687519025232,62.314875068490835
89.85000000000001,1262.1105438091463,17.309646139408713,62.314726101871365
89.9,1262.976023480555,17.309535153067472,62.3143265510429
89.95,1263.8414958527317,17.3093781117287,62.313761202223326
90.0,1264.7069590078347,17.309201342150423,62.313124831741526
90.05000000000001,1265.5724129112539,17.309034120845034,62.312522835042124
90.10000000000001,1266.4378592585012,17.30890462449336,62.31205664817609
90.15,1267.303300530612,17.30882919915336,62.3117851169521
90.2,1268.1687388607622,17.308813482799025,62.31172853807649
90.25,1269.0341759336363,17.308860364660436,62.311897312777575
90.30000000000001,1269.8996152430832,17.308965943695306,62.3122773973031
90.35000000000001,1270.7650615470707,17.309107736974404,62.31278785310786
90.4,1271.6305178457437,17.30925562095112,62.31332023542404
90.45,1272.4959842883723,17.309384559185116,62.313784413066415
90.5,1273.361458672527,17.309466001744198,62.31407760627911
90.55000000000001,1274.2269371638995,17.309469424456957,62.31408992804504
90.60000000000001,1275.0924140407758,17.309363789117043,62.31370964082136
90.65,1275.957881609543,17.30912212672341,62.312839656204275
90.7,1276.8233328066804,17.30873936462408,62.3114617126467
90.75,1277.6887624560331,17.308233430790867,62.309640350847125
90.80000000000001,1278.5541647395548,17.307629258285765,62.30746532982875
90.85000000000001,1279.4195333703515,17.30696343755335,62.30506837519206
90.9,1280.2848644768553,17.30627853326073,62.30260271973863
90.95,1281.1501572095217,17.305615483920015,62.30021574211205
91.0,1282.015414356758,17.30500105007047,62.298003780253694
91.05000000000001,1282.8806417616793,17.304447963386583,62.2960126681917
91.10000000000001,1283.7458449237145,17.303965697941162,62.29427651258818
91.15,1284.6110291349112,17.30355980005473,62.29281528019703
91.2,1285.4761991698176,17.30321803851287,62.29158493864634
91.25,1286.341356797927,17.302919342695173,62.29050963370263
91.30000000000001,1287.206501240272,17.302648644435365,62.28953511996732
91.35000000000001,1288.0716313941712,17.302386740367464,62.28859226532287
91.4,1288.9367473418538,17.302127187742602,62.28765787587337
91.45,1289.8018498331148,17.301881292822085,62.286772654159506
91.5,1290.6669394200676,17.301662922972245,62.285986522700085
91.55000000000001,1291.532017528688,17.301497673164555,62.2853916233924
91.60000000000001,1292.3970878321188,17.301409861227782,62.285075500420014
91.65,1293.262153919004,17.301408566297336,62.285070838670414
91.7,1294.1272201022157,17.301494162635695,62.28537898548851
91.75,1294.9922931738242,17.30166305528946,62.28598699904206
91.80000000000001,1295.8573788789688,17.301896280060063,62.28682660821623
91.85000000000001,1296.72248080522,17.30216769249477,62.28780369298117
91.9,1297.587600622585,17.3024493356488,62.28881760833568
91.95,1298.4527372557272,17.30272698103011,62.28981713170839
92.0,1299.31788916773,17.30300419152834,62.29081508950203
92.05000000000001,1300.1830549769745,17.303282189663218,62.29181588278759
92.10000000000001,1301.0482316059363,17.303577716504613,62.29287977941661
92.15,1301.9134179119537,17.30391982300587,62.294111362821134
92.2,1302.7786179664977,17.304334734759898,62.29560504513564
92.25,1303.6438397862278,17.304850057079026,62.2974602054845
92.30000000000001,1304.5090926760809,17.3054944001113,62.29977984040068
92.35000000000001,1305.3743840488792,17.306283137106213,62.30261929358237
92.4,1306.239720404668,17.307229064707247,62.30602463294609
92.45,1307.1051083898533,17.30832753834773,62.30997913805183
92.5,1307.9705535889418,17.309549273746274,62.31437738548659
92.55000000000001,1308.8360616223115,17.310869839950538,62.319131423821936
92.60000000000001,1309.7016388825716,17.31227329954962,62.32418387837863
92.65,1310.567289957142,17.313747284506675,62.32949022422403
92.7,1311.4330172276498,17.31527932981737,62.33500558734253
92.75,1312.2988214141376,17.316848782212485,62.34065561596495
92.80000000000001,1313.1647019432648,17.318434931887026,62.3463657547933
92.85000000000001,1314.0306599331782,17.320013643906215,62.352049118062375
92.9,1314.896696877267,17.32155102014351,62.35758367251663
92.95,1315.7628112251803,17.323012431945408,62.36284475500347
93.0,1316.6289991561437,17.324373167875407,62.367743404351465
93.05000000000001,1317.495255537766,17.325613363810564,62.37220810971803
93.10000000000001,1318.3615736802403,17.326727589927415,62.376219323738695
93.15,1319.227945734206,17.327720966446794,62.37979547920846
93.2,1320.094362928386,17.32860818073387,62.38298945064193
93.25,1320.9608178682138,17.32942674163153,62.385936269873504
93.30000000000001,1321.8273077014965,17.330226907444754,62.388816866801115
93.35000000000001,1322.6938340810589,17.33105532978424,62.391799187223256
93.4,1323.5604018154881,17.331960969687856,62.395059490876285
93.45,1324.4270177538085,17.332985963643363,62.39874946911611
93.5,1325.2936891015115,17.334157361902182,62.40296650284786
93.55000000000001,1326.1604237801914,17.335481824897457,62.40773456963085
93.60000000000001,1327.02723029218,17.336941643197147,62.412989915509726
93.65,1327.894115249753,17.338508323327805,62.418629963980095
93.7,1328.7610839158206,17.340159933968522,62.42457576228668
93.75,1329.6281403206967,17.34187817482201,62.43076142935924
93.80000000000001,1330.4952859076545,17.343656441067743,62.43716318784388
93.85000000000001,1331.362520620002,17.34549720484188,62.44378993743077
93.9,1332.229844695683,17.34740461710676,62.45065662158434
93.95,1333.0972605528752,17.349392163572716,62.45781178886178
94.0,1333.964773672167,17.35146914729441,62.465288930259874
94.05000000000001,1334.8323904687618,17.353628816908607,62.473063740870984
94.10000000000001,1335.7001171920742,17.35585725646021,62.481086123256766
94.15,1336.567959044092,17.35812567064613,62.489252414326074
94.2,1337.435918039663,17.360381946250794,62.49737500650286
94.25,1338.3039927680552,17.362551402427126,62.50518504873766
94.30000000000001,1339.1721771606694,17.36455107472274,62.512383869001866
94.35000000000001,1340.0404603049121,17.36631083593369,62.518719009361284
94.4,1340.9088289794424,17.367788582363023,62.52403889650688
94.45,1341.7772682763216,17.368972960293288,62.52830265705584
94.5,1342.6457610807,17.369898665876146,62.53163519715413
94.55000000000001,1343.5142905386883,17.370635554474422,62.53428799610792
94.60000000000001,1344.3828450218082,17.371287626088023,62.53663545391689
94.65,1345.2514213882412,17.37198037829488,62.53912936186156
94.7,1346.120025019131,17.3728338653475,62.542201915251
94.75,1346.9886686019036,17.373949355999997,62.54621768159999
94.80000000000001,1347.8573706583677,17.37539344760237,62.551416411368535
94.85000000000001,1348.726151958416,17.37717622963975,62.5578344267031
94.9,1349.595032369661,17.379238119689255,62.56525723088132
94.95,1350.4640271218173,17.381446424016143,62.573207126458115
95.0,1351.3331419591973,17.383616206982563,62.581018345137224
95.05000000000001,1352.2023714125507,17.385528955122233,62.58790423844004
95.10000000000001,1353.071697363063,17.38695375236894,62.59303350852818
95.15,1353.9410884700935,17.387672847809448,62.59562225211401
95.2,1354.8105021412962,17.387509942604265,62.59503579337535
95.25,1355.6798870166226,17.38634612306332,62.59084604302795
95.30000000000001,1356.5491875274327,17.384144306515044,62.58291950345416
95.35000000000001,1357.4183486289573,17.380943277199652,62.57139579791875
95.4,1358.2873192902694,17.376847996155668,62.556652786160406
95.45,1359.1560566150813,17.372022069651912,62.53927945074688
95.5,1360.024529106714,17.366673451456933,62.52002442524496
95.55000000000001,1360.8927183584408,17.361042629345178,62.49975346564264
95.60000000000001,1361.7606192884793,17.355381157350397,62.47937216646143
95.65,1362.6282379479392,17.34991888979613,62.459708003266066
95.7,1363.4955892561104,17.344860023138352,62.44149608329807
95.75,1364.362697143481,17.340369825325592,62.425331371172135
95.80000000000001,1365.229594473701,17.33656738942693,62.41164260193695
95.85000000000001,1366.0963208508513,17.333521214905623,62.40067637366025
95.9,1366.9629176624283,17.331250231961484,62.39250083506134
95.95,1367.829423408323,17.329727871925115,62.38702033893042
96.0,1368.695873789132,17.3288857416729,62.38398867002244
96.05000000000001,1369.5623013717568,17.328615812419613,62.38301692471061
96.10000000000001,1370.4287326148572,17.328779627092004,62.38360665753122
96.15,1371.2951861622607,17.329227836240342,62.385220210465235
96.2,1372.1616724699952,17.329820742768213,62.38735467396557
96.25,1373.0281945216725,17.330432512791116,62.38955704604802
96.30000000000001,1373.8947486953741,17.3309567053519,62.39144413926684
96.35000000000001,1374.7613268211771,17.331319822525895,62.392751361093225
96.4,1375.6279186400852,17.331507730199082,62.393427828716696
96.45,1376.4945141125884,17.33155147788842,62.393585320398316
96.5,1377.3611054572707,17.33152161371376,62.39347780936954
96.55000000000001,1378.2276877039978,17.331514959158753,62.39345385297151
96.60000000000001,1379.094261768408,17.331643401018116,62.39391624366522
96.65,1379.9608383793832,17.332018724934397,62.39526740976383
96.7,1380.8274372404537,17.332731071345975,62.397831856845514
96.75,1381.6940813093834,17.333840069699946,62.40182425091981
96.80000000000001,1382.5607938781554,17.33537130855044,62.40733671078158
96.85000000000001,1383.427598271169,17.337314200416362,62.414331121498904
96.9,1384.29451575477,17.339623368609804,62.422644126995294
96.95,1385.1615636297386,17.342220669882728,62.431994411577826
97.0,1386.0287534120569,17.345023994153422,62.44208637895232
97.05000000000001,1386.8960916937638,17.347978654697837,62.452723156912214
97.10000000000001,1387.7635825535078,17.35105971251313,62.46381496504727
97.15,1388.6312284098437,17.354254543537728,62.475316356735824
97.2,1389.4990313256349,17.35757519296663,62.48727069467988
97.25,1390.3669955893354,17.36105089449737,62.49978322019054
97.30000000000001,1391.2351303563826,17.364718340599396,62.512986026157826
97.35000000000001,1392.1034503356489,17.368613150844958,62.52700734304185
97.4,1392.97197140694,17.37275046473247,62.54190167303689
97.45,1393.8407069368182,17.377119068343927,62.55762864603814
97.5,1394.7096689340096,17.381684548900857,62.57406437604309
97.55000000000001,1395.578867347488,17.386383491113047,62.59098056800697
97.60000000000001,1396.4483077998987,17.391139677569534,62.60810283925032
97.65,1397.3179917230948,17.39587816766609,62.62516140359793
97.7,1398.1879156184389,17.4005406583149,62.641946369933635
97.75,1399.0580714960058,17.405098845883774,62.65835584518159
97.80000000000001,1399.9284501366064,17.409543053777426,62.67435499359873
97.85000000000001,1400.7990428936184,17.413874616160967,62.689948618179486
97.9,1401.6698440702498,17.41812266291123,62.70524158648043
97.95,1402.5408520765561,17.422331828523003,62.720394582682815
98.0,1403.4120678439895,17.426548821397432,62.73557575703076
98.05000000000001,1404.283494574849,17.430818630676825,62.750947070436574
98.10000000000001,1405.1551365426983,17.435164442538735,62.76659199313945
98.15,1406.026997499061,17.439591431701032,62.782529154123715
98.2,1406.899082350775,17.444088315684397,62.79871793646383
98.25,1407.7713959580065,17.448625082808576,62.815050298110876
98.30000000000001,1408.6439397318338,17.4531681040215,62.8314051744774
98.35000000000001,1409.5167120957178,17.457676167451904,62.84763420282685
98.4,1410.389708741817,17.462103384048056,62.863572182573
98.45,1411.2629237164294,17.46640709607466,62.879065545868784
98.5,1412.1363500429993,17.470547450800566,62.89397082288204
98.55000000000001,1413.0099787954296,17.474482768319195,62.9081379659491
98.60000000000001,1413.883799792524,17.47819152879847,62.921489503674486
98.65,1414.7578012541023,17.481658577345566,62.93397087844404
98.7,1415.631970201668,17.484866994432004,62.945521179955215
98.75,1416.5062939805705,17.487813933004805,62.9561301588173
98.80000000000001,1417.3807604161539,17.49051348041236,62.9658485294845
98.85000000000001,1418.2553574272338,17.493003167936685,62.974811404572065
98.9,1419.1300749090212,17.49533728279685,62.98321421806866
98.95,1420.0049050515968,17.49758182693002,62.99129457694807
99.0,1420.8798420286337,17.499816330074378,62.999338788267764
99.05000000000001,1421.7548863209176,17.502123317236624,63.00764394205185
99.10000000000001,1422.6300457591533,17.504587926416377,63.01651653509896
99.15,1423.505332392625,17.507293414488903,63.02625629216005
99.2,1424.3807606322823,17.510304025699007,63.037094492516424
99.25,1425.2563466134177,17.51366503610529,63.04919412997905
99.30000000000001,1426.1321082434833,17.517393182470588,63.06261545689412
99.35000000000001,1427.0080640968047,17.521460295471584,63.07725706369771
99.4,1427.8842315759684,17.525797985406932,63.09287274746496
99.45,1428.7606251578738,17.530324721400646,63.109168997042325
99.5,1429.6372536212555,17.534950180797896,63.12582065087243
99.55000000000001,1430.5141200965672,17.539567872873487,63.142444342344554
99.60000000000001,1431.3912204277701,17.544063152782627,63.15862735001746
99.65,1432.2685423073758,17.548322826917037,63.173962176901334
99.7,1433.1460694323318,17.552258001337755,63.18812880481592
99.75,1434.02378448407,17.555810862540906,63.200919105147264
99.80000000000001,1434.90166876339,17.558954288111803,63.212235437202494
99.85000000000001,1435.7797003009766,17.56169516130692,63.222102580704906
99.9,1436.657856530586,17.564068338518627,63.23064601866706
99.95,1437.5361183410448,17.56615242826293,63.238148741746556
100.0,1438.4144724766686,17.568033940567574,63.24492218604327
100.05000000000001,1439.2929111933802,17.569802833274842,63.25129019978943
100.10000000000001,1440.1714298892543,17.57154026111429,63.25754494001144
100.15,1441.0500278682186,17.57330046909247,63.263881688732894
100.2,1441.928708812892,17.575089233835666,63.2703212418084
100.25,1442.8074790898731,17.576857424428745,63.276686727943485
100.30000000000001,1443.6863418067153,17.57850142214413,63.282605119718866
100.35000000000001,1444.5652921454093,17.57987954947327,63.28756637810377
100.4,1445.4443153980735,17.580830309149924,63.29098911293973
100.45,1446.3233839954198,17.581179084494632,63.292244704180675
100.5,1447.2024593396263,17.580755284367672,63.290719023723625
100.55000000000001,1448.0814962835555,17.579431615832455,63.28595381699684
100.60000000000001,1448.960445106165,17.5771428469493,63.277714249017485
100.65,1449.8392549035373,17.57390774448111,63.266067880132006
100.7,1450.7178774914446,17.56982021859944,63.25135278695798
100.75,1451.5962695001788,17.5650469156062,63.23416889618232
100.80000000000001,1452.4743969877177,17.559800034287978,63.21528012343672
100.85000000000001,1453.3522400701522,17.55430074607214,63.19548268585971
100.9,1454.2297929364222,17.548755843226253,63.175521035614516
100.95,1455.1070621645626,17.543347834378658,63.15605220376317
101.0,1455.9840647343674,17.538196899718876,63.137508838987955
101.05000000000001,1456.8608229583363,17.53337222144959,63.12013999721852
101.10000000000001,1457.737358848683,17.528874073598367,63.10394666495412
101.15,1458.613689395141,17.524640162555286,63.08870458519903
101.2,1459.4898249164914,17.520579984471752,63.07408794409831
101.25,1460.365770243045,17.516601612923647,63.059765806525135
101.30000000000001,1461.2415238316223,17.512619232903187,63.045429238451476
101.35000000000001,1462.1170806064085,17.508590495108297,63.03092578238987
101.4,1462.9924345534218,17.504532996930287,63.016318788949036
101.45,1463.8675809112854,17.50053335996394,63.00192009587018
101.5,1464.7425226303837,17.496733976679504,62.98824231604622
101.55000000000001,1465.6172711139398,17.493295282218977,62.97586301598832
101.60000000000001,1466.491845024552,17.490372269779787,62.96534017120723
101.65,1467.3662737132393,17.488094459287037,62.957140053433335
101.7,1468.240597319713,17.486531503740636,62.951513413466294
101.75,1469.1148617910371,17.48569377246705,62.94849758088139
101.80000000000001,1469.9891117584468,17.485508065573157,62.94782903606337
101.85000000000001,1470.863381967961,17.48584299590746,62.94903478526686
101.9,1471.7376946472837,17.486533085709944,62.9515191085558
101.95,1472.6120604141202,17.487383712180275,62.954581363848995
102.0,1473.4864783913954,17.48819762756269,62.95751145922569
102.05000000000001,1474.360938148435,17.488825992133595,62.95977357168094
102.10000000000001,1475.2354230728422,17.489187306361018,62.96107430289967
102.15,1476.10991599253,17.489287560024422,62.96143521608792
102.2,1476.98440307497,17.489216142086338,62.96117811151082
102.25,1477.8588745519114,17.489116412994264,62.96081908677935
102.30000000000001,1478.733328840955,17.489165044226898,62.96099415921683
102.35000000000001,1479.6077767240085,17.489537542790522,62.96233515404588
102.4,1480.482240486047,17.49037004719997,62.9653321699199
102.45,1481.3567515763496,17.491744572302576,62.970280460289274
102.5,1482.2313472958542,17.493678548408123,62.97724277426924
102.55000000000001,1483.1060634562712,17.496126826093665,62.9860565739372
102.60000000000001,1483.9809278753335,17.49897347061225,62.9963044942041
102.65,1484.8559566481379,17.502049061679926,63.00737662204774
102.7,1485.7311529337835,17.50517257357493,63.01862126486976
102.75,1486.6065102763544,17.508176514517523,63.02943545226308
102.80000000000001,1487.482015586357,17.51092463962054,63.039328702633945
102.85000000000001,1488.3576494617516,17.513336078685203,63.04800988326673
102.9,1489.2333885545675,17.51539984535559,63.05543944328012
102.95,1490.1092118749932,17.517152483801148,63.06174894168414
103.0,1490.9851053882553,17.518657435005757,63.067166766020726
103.05000000000001,1491.8610602821866,17.51998128997403,63.07193264390651
103.10000000000001,1492.737071247003,17.521173210329426,63.07622355718593
103.15,1493.6131369285517,17.52226466837331,63.08015280614392
103.2,1494.4892584169309,17.523260080325123,63.083736289170446
103.25,1495.3654341189629,17.524126379921064,63.08685496771583
103.30000000000001,1496.2416561698515,17.524797392613692,63.08927061340929
103.35000000000001,1497.117911035639,17.525193595379513,63.09069694336625
103.4,1497.9941800812574,17.525236017923614,63.09084966452501
103.45,1498.8704411652402,17.524845017617483,63.08944206342294
103.5,1499.746669968225,17.52396272745849,63.08626581885056
103.55000000000001,1500.622840201462,17.52255071340687,63.08118256826473
103.60000000000001,1501.4989246667378,17.520591526539274,63.074129495541385
103.65,1502.3748960973394,17.518082683949338,63.06509766221762
103.7,1503.2507276186823,17.515037636338818,63.054135490819746
103.75,1504.1263932426225,17.511485530719813,63.04134791059133
103.80000000000001,1505.0018690521235,17.50745408046821,63.02683468968556
103.85000000000001,1505.877131260239,17.50296967672551,63.010690836211836
103.9,1506.7521558401784,17.498055546654257,62.99299996795533
103.95,1507.6269223202712,17.49273561040839,62.9738481974702
104.0,1508.5014138411236,17.48703834412522,62.953338038850795
104.05000000000001,1509.3756147564993,17.480978747713753,62.93152349176951
104.10000000000001,1510.2495076901325,17.47461207942989,62.9086034859476
104.15,1511.123074178877,17.46799058472098,62.88476610499553
104.2,1511.9962978561655,17.461171079906773,62.86021588766438
104.25,1512.8691655747798,17.454166678584727,62.835000042905016
104.30000000000001,1513.741666671194,17.446930800158057,62.80895088056901
104.35000000000001,1514.6137908017915,17.439369209192947,62.78172915309461
104.4,1515.4855318829898,17.43138295507572,62.75297863827259
104.45,1516.3568776647292,17.422853873152487,62.72227394334895
104.5,1517.2277995670909,17.413615883925306,62.6890171821311
104.55000000000001,1518.0982531262207,17.403470232462485,62.65249283686495
104.60000000000001,1518.9681779506009,17.392245736478177,62.61208465132144
104.65,1519.8375092588742,17.37983484983873,62.567405459419426
104.7,1520.7061874968447,17.366180168386826,62.51824860619258
104.75,1521.5741524329392,17.35126119473356,62.46454030104082
104.80000000000001,1522.4413367620166,17.335198670355048,62.406715213278176
104.85000000000001,1523.3076766199993,17.31814474648966,62.345321087362784
104.9,1524.1731252182135,17.30026399633364,62.28095038680111
104.95,1525.0376513577733,17.28166087686916,62.21397915672898
105.0,1525.9012264292837,17.262406574867633,62.14466366952348
105.05000000000001,1526.7638225442715,17.242570015287967,62.07325205503668
105.10000000000001,1527.625423047185,17.222212963721148,61.99996666939614
105.15,1528.486009898331,17.201325451438294,61.92477162517786
105.2,1529.3455494668463,17.179861507111514,61.84750142560145
105.25,1530.2040000378004,17.15776750914125,61.767963032908504
105.30000000000001,1531.0613233113895,17.13501025016214,61.6860369005837
105.35000000000001,1531.9174877203027,17.11153513890432,61.60152650005555
105.4,1532.7724580345855,17.087280270877084,61.5142089751575
105.45,1533.6261934467527,17.062222409681343,61.424000674852834
105.5,1534.4786578543387,17.036391032354132,61.33100771647488
105.55000000000001,1535.3298183080901,17.00977499753072,61.235189991110595
105.60000000000001,1536.1796347662141,16.98237293717296,61.13654257382266
105.65,1537.0280602925245,16.954193748686368,61.035097495270925
105.7,1537.87505281469,16.925287328843957,60.931034383838245
105.75,1538.7205805047868,16.89568912590649,60.82448085326337
105.80000000000001,1539.564609598532,16.86543674171273,60.715572270165836
105.85000000000001,1540.407103340154,16.834603204124598,60.60457153484855
105.9,1541.2480358155779,16.80328857521674,60.49183887078026
105.95,1542.0873893960845,16.77150685374061,60.3774246734662
106.0,1542.9251423660444,16.739232740189202,60.26123786468113
106.05000000000001,1543.7612661529279,16.706414250285338,60.14309130102722
106.10000000000001,1544.5957360308223,16.672994194926712,60.02277910173616
106.15,1545.428533782975,16.638898855562175,59.90003588002383
106.2,1546.2596268376249,16.604021874489163,59.77447874816099
106.25,1547.0889594039654,16.56826480482348,59.645753297364536
106.30000000000001,1547.9164771778885,16.531603990431464,59.51377436555327
106.35000000000001,1548.7421379365537,16.494007298484988,59.37842627454596
106.4,1549.5658959736309,16.455483951776113,59.23974222639401
106.45,1550.3877029523908,16.416130919512547,59.09807131024517
106.5,1551.2075178138714,16.376125744082213,58.954052678695966
106.55000000000001,1552.0253106318717,16.335644132505852,58.808318877021065
106.60000000000001,1552.8410602379777,16.29481408577227,58.66133070878017
106.65,1553.654746853936,16.253700758354633,58.51332273007668
106.7,1554.466363855962,16.212407251714577,58.36466610617248
106.75,1555.2759245519978,16.170983177130395,58.21553943766943
106.80000000000001,1556.0834334144529,16.12942694059505,58.06593698614218
106.85000000000001,1556.8888738606036,16.08773888009359,57.915859968336925
106.9,1557.6922276115051,16.04591861086995,57.76530699913182
106.95,1558.4934838341455,16.003913657850973,57.614089168263504
107.0,1559.2926339320463,15.961699089250855,57.462116721303076
107.05000000000001,1560.0896634450414,15.919269182273624,57.30936905618505
107.10000000000001,1560.8845602003873,15.876693950633186,57.15609822227947
107.15,1561.677325320129,15.83406761362874,57.00264340906347
107.2,1562.4679586960867,15.791407377440175,56.84906655878463
107.25,1563.2564506505848,15.7487112964214,56.695360667117036
107.30000000000001,1564.0428024042444,15.70600400559761,56.5416144201514
107.35000000000001,1564.827028597022,15.663259490930594,56.38773416735014
107.4,1565.6091343178298,15.620453686899104,56.23363327283678
107.45,1566.3891100771418,15.57759529746589,56.07934307087721
107.5,1567.1669423294222,15.53476450760543,55.92515222737955
107.55000000000001,1567.942629851732,15.492060722946105,55.771418602605976
107.60000000000001,1568.7161792133797,15.44957740498521,55.61847865794675
107.65,1569.487590338724,15.407385482849882,55.46658773825958
107.7,1570.2568752410145,15.365599813885403,55.31615932998745
107.75,1571.0240723823224,15.324268749298412,55.16736749747428
107.80000000000001,1571.7892227894988,15.283347080136597,55.02004948849175
107.85000000000001,1572.5523511310528,15.242747419188438,54.87389070907838
107.9,1573.3134738541007,15.202345256687632,54.72844292407548
107.95,1574.0726010279095,15.161988475922858,54.58315851332229
108.0,1574.8297261533685,15.121479892917517,54.43732761450306
108.05000000000001,1575.5848231081495,15.080614704730351,54.29021293702927
108.10000000000001,1576.337861782024,15.039325159464259,54.14157057407133
108.15,1577.088826519269,14.997692406899436,53.99169266483797
108.2,1577.8377050155555,14.955869608357794,53.84113059008806
108.25,1578.584478535411,14.914070436921545,53.69065357291756
108.30000000000001,1579.3291394603914,14.872560555132043,53.54121799847536
108.35000000000001,1580.0717085744145,14.831569346970756,53.393649649094726
108.4,1580.8122326456885,14.791288598764686,53.24863895555287
108.45,1581.550769263526,14.75185915503861,53.10669295813899
108.5,1582.287375757262,14.713411661531499,52.9682819815134
108.55000000000001,1583.022108144312,14.676076131447376,52.83387407321055
108.60000000000001,1583.7550145993098,14.639871779761368,52.703538407140925
108.65,1584.486132222284,14.604714764537228,52.57697315233402
108.7,1585.215503733088,14.570503708361535,52.45381335010153
108.75,1585.9431842962185,14.537169011914433,52.33380844289196
108.80000000000001,1586.6692288511367,14.504689629137346,52.21688266489445
108.85000000000001,1587.3936836003857,14.473083311230663,52.10309992043039
108.9,1588.116582348122,14.442362001093871,51.992503203937936
108.95,1588.8379559859295,14.412518192001919,51.88506549120691
109.0,1589.5578444633063,14.383500541444718,51.780601949200985
109.05000000000001,1590.2762931805432,14.355224675884694,51.678808833184895
109.10000000000001,1590.9933482738325,14.327642747949604,51.57951389261857
109.15,1591.709053232968,14.300716273620798,51.48257858503487
109.2,1592.423439532808,14.274399355758504,51.38783768073062
109.25,1593.1365263504526,14.248639123459702,51.29510084445493
109.30000000000001,1593.8483319474904,14.223321553668153,51.20395759320535
109.35000000000001,1594.5588770262584,14.198328588775873,51.11398291959314
109.4,1595.2681815284013,14.17359745718294,51.024950845858584
109.45,1595.976259739816,14.149109564891631,50.936794433609876
109.5,1596.683122273952,14.124883436757555,50.849580372327196
109.55000000000001,1597.3887809280611,14.10096271171292,50.76346576216652
109.60000000000001,1598.0932442258159,14.077375851791814,50.67855306645053
109.65,1598.7965225498406,14.054144989951858,50.59492196382669
109.7,1599.4986385762204,14.031281152043428,50.51261214735634
109.75,1600.199619589908,14.008768330770433,50.431565990773564
109.80000000000001,1600.8994880988753,13.986585720876034,50.351708595153724
109.85000000000001,1601.5982626026816,13.964706166758369,50.27294220033013
109.9,1602.2959581061414,13.943062183210397,50.19502385955743
109.95,1602.9925840109643,13.921564505878344,50.11763222116204
110.0,1603.688140586572,13.900106346525472,50.0403828474917
110.05000000000001,1604.382621673677,13.878611944892805,49.9630030016141
110.10000000000001,1605.0760246695372,13.857052548337396,49.88538917401463
110.15,1605.768350768177,13.835417697049468,49.80750370937809
110.2,1606.4595933562316,13.813737499350275,49.72945499766099
110.25,1607.1497442214602,13.792086222026285,49.65151039929463
110.30000000000001,1607.8388058878038,13.770542472955672,49.57395290264042
110.35000000000001,1608.526787445441,13.749167155959155,49.49700176145296
110.4,1609.2136990093122,13.727990348800978,49.42076525568352
110.45,1609.8995521390236,13.707015181907312,49.345254654866324
110.5,1610.5843639105121,13.686238074927816,49.27045706974014
110.55000000000001,1611.2681518306101,13.665631043934955,49.196271758165835
110.60000000000001,1611.950922646121,13.645098832324804,49.12235579636929
110.65,1612.6326734881445,13.624555320991025,49.048399155567694
110.7,1613.3133993313954,13.603920558997292,48.97411401239025
110.75,1613.9930929151717,13.583123836379265,48.899245810965354
110.80000000000001,1614.6717433551055,13.562136921243118,48.823692916475224
110.85000000000001,1615.3493381288306,13.540973956083072,48.74750624189906
110.9,1616.0258657627737,13.519696711611962,48.67090816180306
110.95,1616.7013208024043,13.498390568989908,48.594206048363674
111.0,1617.375702243211,13.47713061051829,48.51767019786585
111.05000000000001,1618.0490135335058,13.455985163473924,48.44154658850613
111.10000000000001,1618.7212688445761,13.434997900105156,48.36599244037856
111.15,1619.3924853139295,13.414182483483138,48.2910569405393
111.2,1620.0626750713525,13.393550271766273,48.216780978358585
111.25,1620.7318479025137,13.373110291865641,48.14319705071631
111.30000000000001,1621.4000119041025,13.35286396118328,48.07031026025981
111.35000000000001,1622.0671720449734,13.332819207264823,47.99814914615337
111.4,1622.73333003945,13.312999010803098,47.92679643889115
111.45,1623.3984911007217,13.293454086119818,47.856434710031344
111.5,1624.062671999889,13.274245269252642,47.787282969309516
111.55000000000001,1624.7258963101312,13.255393321712992,47.71941595816677
111.60000000000001,1625.3881871375988,13.236917519457506,47.652903070047024
111.65,1626.0495676785479,13.218847014211873,47.587849251162744
111.7,1626.7100644875945,13.201189370142993,47.52428173251477
111.75,1627.3697012866537,13.183921885062501,47.462118786225005
111.80000000000001,1628.0284898388484,13.167001164473312,47.401204192103926
111.85000000000001,1628.686435710923,13.150394075197688,47.34141867071168
111.9,1629.3435525291015,13.134101126672405,47.28276405602066
111.95,1629.999861500603,13.118129210381973,47.225265157375105
112.0,1630.6553802581993,13.102510738370245,47.169038658132884
112.05000000000001,1631.310124567789,13.087306776344935,47.11430439484177
112.10000000000001,1631.9641153207074,13.072584131698646,47.06130287411513
112.15,1632.6173778475666,13.058356084862655,47.01008190550556
112.2,1633.269938923202,13.044594349441658,46.96053965798997
112.25,1633.9218253198378,13.03125909872944,46.912532755425985
112.30000000000001,1634.5730656809155,13.018365488240406,46.86611575766546
112.35000000000001,1635.2236868286977,13.005953001599858,46.82143080575949
112.4,1635.8737042926189,12.994041180823029,46.778548250962906
112.45,1636.5231259361879,12.98262879963119,46.737463678672285
112.5,1637.1719671730264,12.971694430663437,46.698099950388375
112.55000000000001,1637.8202554219288,12.961194190722049,46.66029908659937
112.60000000000001,1638.468024577244,12.951078056360597,46.62388100289815
112.65,1639.1153054145298,12.941257100234726,46.588525560845014
112.7,1639.762114500616,12.931616091095911,46.55381792794528
112.75,1640.408453069403,12.921979284982443,46.5191254259368
112.80000000000001,1641.0543102652248,12.912093612906396,46.48353700646303
112.85000000000001,1641.699666943797,12.901665657486873,46.44599636695275
112.9,1642.344497015213,12.890451461409333,46.405625261073595
112.95,1642.9887607715766,12.878289548606674,46.36184237498403
113.0,1643.6324046922205,12.865159905059143,46.31457565821292
113.05000000000001,1644.2753692705242,12.851132988115182,46.264078757214655
113.10000000000001,1644.9175967690744,12.836332116274955,46.210795618589835
113.15,1645.559041501651,12.82094508511622,46.155402306418395
113.2,1646.199678383365,12.805208308579415,46.09874991088589
113.25,1646.839504536492,12.789380849427593,46.041771057939336
113.30000000000001,1647.4785354848918,12.773701242437406,45.985324472774664
113.35000000000001,1648.1167924856704,12.75833516117175,45.930006580218304
113.4,1648.7542942390598,12.743371079820525,45.87613588735389
113.45,1649.3910626053134,12.728775997260579,45.82359359013808
113.5,1650.0271183034506,12.714398958991783,45.77183625237042
113.55000000000001,1650.6624704372593,12.700016646192292,45.72005992629225
113.60000000000001,1651.2971134131972,12.685414178932612,45.66749104415741
113.65,1651.931030224912,12.670402576883095,45.61344927677914
113.7,1652.5641943747135,12.65483692733064,45.55741293839031
113.75,1653.1965656484904,12.638595374708618,45.49894334895103
113.80000000000001,1653.828094509467,12.621585890579864,45.43770920608751
113.85000000000001,1654.4587357459457,12.60376451830114,45.37355226588411
113.9,1655.0884555003715,12.58511566166089,45.306416381979204
113.95,1655.717224265462,12.565662749386682,45.236385897792054
114.0,1656.3450097912078,12.545475228623404,45.163710823044255
114.05000000000001,1656.9717794830544,12.524658556706378,45.08877080414296
114.10000000000001,1657.5975000907392,12.503323751280735,45.01196550461065
114.15,1658.2221383607791,12.481570435011998,44.93365356604319
114.2,1658.8456675901296,12.459510749959918,44.854238699855706
114.25,1659.4680752716079,12.43727684826754,44.77419665376315
114.30000000000001,1660.0893625651336,12.415010081573348,44.694036293664055
114.35000000000001,1660.7095349896017,12.392834316808377,44.61420354051016
114.4,1661.3285985679215,12.370844070909323,44.53503865527356
114.45,1661.946564483274,12.349069194871603,44.45664910153777
114.5,1662.5634485854137,12.327439435178315,44.37878196664193
114.55000000000001,1663.1792616550629,12.305828538635344,44.30098273908724
114.60000000000001,1663.794003480675,12.284087489731084,44.222714963031905
114.65,1664.4076656420023,12.262055018176074,44.14339806543387
114.7,1665.0202308144096,12.239585322481966,44.06250716093508
114.75,1665.6316665677937,12.216543403371796,43.979556252138465
114.80000000000001,1666.2419296420908,12.192824015239129,43.894166454860866
114.85000000000001,1666.8509810184678,12.168384390075374,43.80618380427135
114.9,1667.458788317077,12.1432291116567,43.71562480196412
114.95,1668.0653175288232,12.11741185657555,43.62268268367198
115.0,1668.6705381877564,12.091044378936841,43.52775976417263
115.05000000000001,1669.2744281528458,12.064284837952863,43.43142541663031
115.10000000000001,1669.8769713171905,12.037296670731918,43.3342680146349
115.15,1670.4781577530482,12.010229108154,43.2368247893544
115.2,1671.0779830146464,11.983216288691027,43.1395786392877
115.25,1671.676453173747,11.956393784008263,43.04301762242975
115.30000000000001,1672.2735863170153,11.929855617530212,42.94748022310876
115.35000000000001,1672.8694028707332,11.903655042371186,42.853158152536274
115.4,1673.4639210470366,11.87783811514252,42.76021721451308
115.45,1674.0571607427878,11.852395475505103,42.66862371181837
115.5,1674.6491411284633,11.827253979175147,42.57811432503053
115.55000000000001,1675.2398744108136,11.802320999732634,42.48835559903748
115.60000000000001,1675.8293656361793,11.777487476133725,42.398954914081415
115.65,1676.4176183072682,11.752638978720448,42.309500323393614
115.7,1677.0046334108224,11.727639133823384,42.21950088176418
115.75,1677.5903989247981,11.702375599223412,42.12855215720428
115.80000000000001,1678.17489291917,11.676766425261544,42.03635913094156
115.85000000000001,1678.7580975546164,11.650775335603562,41.94279120817283
115.9,1679.3399965976098,11.624384524787795,41.84778428923606
115.95,1679.9205655772678,11.597615499162037,41.75141579698334
116.0,1680.4997765821795,11.570527927047594,41.65390053737134
116.05000000000001,1681.077614310426,11.543204728580337,41.55553702288921
116.10000000000001,1681.6540746365006,11.515717274701267,41.456582188924564
116.15,1682.2291532869053,11.488116694565225,41.35722010043481
116.2,1682.8028464345975,11.46043576527336,41.2575687549841
116.25,1683.375155282503,11.432683733539118,41.157661440740824
116.30000000000001,1683.9460825233648,11.404794652468006,41.05726074888482
116.35000000000001,1684.5156209363752,11.37666779837721,40.95600407415796
116.4,1685.0837552480605,11.348209649957921,40.85355473984852
116.45,1685.650471011042,11.319411750289834,40.74988230104341
116.5,1686.2157497798069,11.290290132595482,40.64504447734374
116.55000000000001,1686.7795620731138,11.260913725682645,40.53928941245752
116.60000000000001,1687.341876827591,11.231358854397014,40.43289187582925
116.65,1687.9026807623522,11.201716105255123,40.326177978918444
116.7,1688.461981318414,11.172036349520152,40.21933085827255
116.75,1689.0197947990503,11.142352215256143,40.11246797492211
116.80000000000001,1689.5761349534262,11.112662694551613,40.00558570038581
116.85000000000001,1690.1310099869443,11.082919024749732,39.89850848909904
116.9,1690.6844155762337,11.052985239679963,39.79074686284787
116.95,1691.2363299065391,11.022680406672979,39.681649464022726
117.0,1691.7867222620641,10.991823590541538,39.57056492594953
117.05000000000001,1692.3355631370362,10.960330460205046,39.457189656738166
117.10000000000001,1692.8828201037206,10.92821123765547,39.341560455559694
117.15,1693.4284501993566,10.89556550204953,39.22403580737831
117.2,1693.972413471322,10.862520222621143,39.105072801436116
117.25,1694.514689444648,10.829214076062378,38.98517067382456
117.30000000000001,1695.0552774743444,10.795730054374731,38.864628195749034
117.35000000000001,1695.5941891643627,10.762176252688018,38.743834509676866
117.4,1696.1314409988247,10.728656681954202,38.62316405503513
117.45,1696.6670445943548,10.695288556341854,38.50303880283067
117.5,1697.2010007128392,10.662116407462605,38.38361906686538
117.55000000000001,1697.7333007313186,10.62915579414118,38.26496085890825
117.60000000000001,1698.2639396670613,10.596405531118576,38.147059912026876
117.65,1698.7929317589749,10.5638911922987,38.03000829227532
117.7,1699.3203000446213,10.531621714911036,37.913838173679736
117.75,1699.8460608266337,10.499643304012077,37.798715894443475
117.80000000000001,1700.370226657921,10.467983529716113,37.684740706978005
117.85000000000001,1700.8928146977196,10.436584043843553,37.571702557836794
117.9,1701.4138419778872,10.40527909119562,37.45900472830424
117.95,1701.933314216793,10.373871016299285,37.345935658677426
118.0,1702.4512245433357,10.342165190103124,37.231794684371245
118.05000000000001,1702.9675590291708,10.310029675761164,37.11610683274019
118.10000000000001,1703.4822920808656,10.277332748773931,36.99839789558615
118.15,1703.9953780237838,10.244012227841107,36.87844402022799
118.2,1704.5067689627722,10.210085253606591,36.75630691298373
118.25,1705.016435292385,10.17566017971217,36.63237664696381
118.30000000000001,1705.5243604910086,10.140873527010527,36.5071446972379
118.35000000000001,1706.0305321275666,10.105945011475185,36.38140204131067
118.4,1706.5349473118981,10.071127898157705,36.25606043336774
118.45,1707.0376230986603,10.036700127361502,36.13212045850141
118.5,1707.538591996209,10.002867735792414,36.01032384885269
118.55000000000001,1708.0378861099834,9.969772684305553,35.89118166349999
118.60000000000001,1708.535539358845,9.937505454413913,35.77501963589009
118.65,1709.0316003311982,9.906118262149224,35.66202574373721
118.7,1709.5261231198106,9.8755668241043,35.55204056677548
118.75,1710.019151125303,9.845776728165333,35.4447962213952
118.80000000000001,1710.5107198023509,9.816681163384997,35.34005218818599
118.85000000000001,1711.0008642117398,9.788259567688034,35.23773444367692
118.9,1711.4896145731648,9.760480868457979,35.13773112644873
118.95,1711.9769903722738,9.733328695608156,35.03998330418936
119.0,1712.4630103562135,9.706823646667903,34.944565128004456
119.05000000000001,1712.9477089438335,9.681075390985846,34.85187140754905
119.10000000000001,1713.4311368219403,9.656218618157155,34.76238702536576
119.15,1713.9133462509,9.63240944452139,34.676674000277
119.2,1714.3943880383158,9.609811114253018,34.59532001131087
119.25,1714.874322597607,9.588568802210833,34.518847687959
119.30000000000001,1715.353220535429,9.568728423879907,34.447422325967665
119.35000000000001,1715.8311546616399,9.550251313584784,34.38090472890522
119.4,1716.308197744068,9.533027159025456,34.318897772491646
119.45,1716.7844197270083,9.516928580678929,34.26094289044415
119.5,1717.2598804642516,9.50178601600211,34.2064296576076
119.55000000000001,1717.734619350058,9.487366336318075,34.154518810745074
119.60000000000001,1718.2086563029627,9.47339706251171,34.104229425042156
119.65,1718.6820035571373,9.459631420578777,34.0546731140836
119.7,1719.1546679215378,9.445858033116451,34.005088919219226
119.75,1719.6266466945024,9.431950843844211,33.95502303783916
119.80000000000001,1720.097928836735,9.417878607276421,33.90436298619512
119.85000000000001,1720.5684985858127,9.40369685605392,33.85330868179411
119.9,1721.0383427208528,9.389501815934729,33.802206537365024
119.95,1721.5074559749175,9.375381197609434,33.751372311393965
120.0,1721.9758445501245,9.361393936659962,33.70101817197586
120.05000000000001,1722.443528011449,9.347576517959787,33.651275464655235
120.10000000000001,1722.910531693857,9.333936723033002,33.60217220291881
120.15,1723.3768750087265,9.320449754207331,33.5536191151464
120.2,1723.8425665761988,9.307045756098143,33.50536472195331
120.25,1724.3076039083571,9.293617343665648,33.457022437196336
120.30000000000001,1724.7719744289502,9.28006155748394,33.408221606942185
120.35000000000001,1725.235659296435,9.266306374434722,33.358702947965
120.4,1725.6986416869852,9.252331361164456,33.30839290019205
120.45,1726.1609094771711,9.238160674292875,33.25737842745435
120.5,1726.6224525477437,9.223861474457614,33.20590130804741
120.55000000000001,1727.0832646099036,9.209497280949389,33.1541902114178
120.60000000000001,1727.543347105713,9.19508773176112,33.10231583434003
120.65,1728.0027066190264,9.180580990059768,33.050091564215165
120.7,1728.461346092517,9.165876403633927,32.99715505308214
120.75,1728.9192581131072,9.150845036160321,32.943042130177155
120.80000000000001,1729.3764266070818,9.135356890330034,32.88728480518812
120.85000000000001,1729.8328240776045,9.11927649705789,32.829395389408404
120.9,1730.2884070868427,9.102504049334936,32.76901457760577
120.95,1730.7431245137218,9.084977076369245,32.70591747492929
121.0,1731.1969308520358,9.066680287565642,32.640049035236316
121.05000000000001,1731.6497901914122,9.047626404011817,32.571455054442545
121.10000000000001,1732.1016709376404,9.027874302549295,32.500347489177464
121.15,1732.5525449078943,9.007509335796936,32.42703360886897
121.2,1733.002391190112,8.98663885166017,32.35189986597661
121.25,1733.45119048566,8.965325734807374,32.27517264530655
121.30000000000001,1733.898918185782,8.94361260118624,32.19700536427047
121.35000000000001,1734.3455488690206,8.92153424843401,32.11752329436244
121.4,1734.7910646212158,8.899133479133342,32.03688052488003
121.45,1735.2354534735468,8.876424792709507,31.955129253754226
121.5,1735.6787009028767,8.853450708778688,31.872422551603275
121.55000000000001,1736.1207902116364,8.830265801520467,31.78895688547368
121.60000000000001,1736.5617118949845,8.806930457914344,31.704949648491638
121.65,1737.0014633729731,8.783452682385695,31.620429656588502
121.7,1737.4400383025197,8.759826285180122,31.535374626648437
121.75,1737.8774259016704,8.736038790142851,31.449739644514267
121.80000000000001,1738.3136226924075,8.712090797443958,31.36352687079825
121.85000000000001,1738.7486271474208,8.687944321406725,31.276599557064213
121.9,1739.1824257930984,8.663577243124374,31.188878075247747
121.95,1739.6149985525167,8.638976372325834,31.100314940373003
122.0,1740.0463310045525,8.614150709128266,31.010942552861756
122.05000000000001,1740.4764142531956,8.589081177407447,30.92069223866681
122.10000000000001,1740.9052356159607,8.563753486758454,30.829512552330435
122.15,1741.3327792300945,8.53816566578023,30.73739639680883
122.2,1741.7590383257254,8.512386369301478,30.64459092948532
122.25,1742.1840113584772,8.48645178825564,30.551226437720302
122.30000000000001,1742.6076868310772,8.460382678942803,30.457377644194093
122.35000000000001,1743.0300471001883,8.434174389937567,30.363027803775243
122.4,1743.4510830067406,8.407826294498875,30.26817466019595
122.45,1743.8707947350824,8.381279111848347,30.17260480265405
122.5,1744.2891807096573,8.354474091283395,30.07610672862022
122.55000000000001,1744.7062301697874,8.327369081658299,29.978528693969878
122.60000000000001,1745.1219276545635,8.299982351769332,29.879936466369596
122.65,1745.5362553658001,8.272294715394175,29.78026097541903
122.7,1745.9491879696811,8.24427686411469,29.679396710812885
122.75,1746.36069683046,8.215898924987695,29.5772361299557
122.80000000000001,1746.7707656145706,8.187193484842254,29.473896545432115
122.85000000000001,1747.1793913584254,8.158187066469354,29.369473439289678
122.9,1747.5865669740933,8.128944546557717,29.26420036760778
122.95,1747.992275963919,8.099502313478649,29.158208328523134
123.0,1748.3965049213184,8.069885180713243,29.051586650567675
123.05000000000001,1748.7992482589502,8.040052265172779,28.944188154622005
123.10000000000001,1749.200499801305,8.009963099737774,28.83586715905599
123.15,1749.600247831092,7.979576513625895,28.726475449053225
123.2,1749.998481879531,7.948944152259532,28.616198948134315
123.25,1750.395191034589,7.918160267641817,28.50537696351054
123.30000000000001,1750.7903563966263,7.887331284592156,28.39439262453176
123.35000000000001,1751.1839620900105,7.856565256313971,28.283634922730297
123.4,1751.5760115174849,7.82601162548908,28.17364185176069
123.45,1751.9665264880816,7.795787818378631,28.064836146163074
123.5,1752.35553691197,7.766016479900006,27.957659327640023
123.55000000000001,1752.7430757921695,7.7367848365132765,27.852425411447797
123.60000000000001,1753.1291744577459,7.708167144131696,27.749401718874108
123.65,1753.5138636589058,7.680113870527491,27.648409933898968
123.7,1753.89716833928,7.652511575662533,27.54904167238512
123.75,1754.2791018651026,7.625184685951785,27.450664869426426
123.80000000000001,1754.6596756232277,7.597964396841149,27.35267182862814
123.85000000000001,1755.0388987792446,7.570664289749008,27.254391443096427
123.9,1755.4167650974757,7.543149746794125,27.15533908845885
123.95,1755.7932518620898,7.515319287971339,27.055149436696823
124.0,1756.1683347805615,7.487090192997316,26.95352469479034
124.05000000000001,1756.5419909986024,7.4583944563757285,26.850220042952625
124.10000000000001,1756.9141930734013,7.42920727679313,26.745146196455266
124.15,1757.2849158044394,7.399528034045136,26.63830092256249
124.2,1757.6541431155642,7.369428544258177,26.52994275932944
124.25,1758.0218632211809,7.338999029631824,26.420396506674567
124.30000000000001,1758.3880580883736,7.30834362359652,26.31003704494747
124.35000000000001,1758.7527092985733,7.277546472130499,26.1991672996698
124.4,1759.1158111179839,7.246706241346422,26.088142468847117
124.45,1759.4773679035363,7.21588958247961,25.977202496926598
124.5,1759.8373861892462,7.185178909191494,25.86664407308938
124.55000000000001,1760.1958749972023,7.154680860717194,25.7568510985819
124.60000000000001,1760.552848200728,7.124510440875299,25.648237587151076
124.65,1760.9083213242027,7.09471997260715,25.54099190138574
124.7,1761.262307013382,7.065316257618423,25.43513852742632
124.75,1761.6148209057083,7.036257314534643,25.330526332324716
124.80000000000001,1761.9658880452703,7.007464104146431,25.22687077492715
124.85000000000001,1762.3155349080591,6.978820747492022,25.12375469097128
124.9,1762.6637729345018,6.950234755744347,25.02084512067965
124.95,1763.0105976502043,6.9216492204013305,24.91793719344479
125.0,1763.3560019469282,6.893047184787488,24.814969865234957
125.05000000000001,1763.6999754900326,6.864419525866616,24.711910293119818
125.10000000000001,1764.042501197913,6.835790702748568,24.608846529894844
125.15,1764.383570853002,6.807233084509578,24.506039104234482
125.2,1764.723196821962,6.778859136516153,24.40389289145815
125.25,1765.0614035923743,6.750778553526294,24.302802792694656
125.30000000000001,1765.398214180323,6.723059038549183,24.20301253877706
125.35000000000001,1765.7336480836004,6.695699793350579,24.104519256062087
125.4,1766.0677253919741,6.668604887977357,24.006977596718485
125.45,1766.4004617294315,6.641559011667682,23.909612442003656
125.5,1766.731858131567,6.614295118658717,23.81146242717138
125.55000000000001,1767.0619020430331,6.586586275096215,23.711710590346375
125.60000000000001,1767.3905704212227,6.558290865981538,23.60984711753354
125.65,1767.717824149011,6.5293368424544385,23.50561263283598
125.7,1768.0436061578569,6.499696768481518,23.398908366533465
125.75,1768.3678604785052,6.469392866885159,23.289814320786572
125.80000000000001,1768.6905538872022,6.438491635544815,23.178569887961334
125.85000000000001,1769.011675333176,6.407119375772344,23.06562975278044
125.9,1769.331224132736,6.375465151813486,22.95167454652855
125.95,1769.649201944552,6.343775004308925,22.83759001551213
126.0,1769.965609154459,6.312283328758947,22.72421998353221
126.05000000000001,1770.2804461509409,6.2811444125549185,22.612119885197707
126.10000000000001,1770.5937178493853,6.25041021479521,22.501476773262755
126.15,1770.9054447135131,6.22009842207577,22.392354319472773
126.2,1771.2156647131105,6.190217691275756,22.28478368859272
126.25,1771.5244165942356,6.160781942294703,22.178814992260932
126.30000000000001,1771.8317247214381,6.131786668397189,22.07443200622988
126.35000000000001,1772.1375998887047,6.103171130023807,21.971416068085706
126.4,1772.442049440052,6.074774340698129,21.869187626513266
126.45,1772.745080974766,6.046395896438311,21.767025227177918
126.5,1773.0466981763702,6.017864835912199,21.664313409283917
126.55000000000001,1773.3468998733201,5.989121335924361,21.5608368093277
126.60000000000001,1773.6456780069036,5.960186974084094,21.456673106702738
126.65,1773.9430121158882,5.931150346515841,21.352141247457027
126.7,1774.2388759539301,5.902120929876801,21.247635347556486
126.75,1774.533259643474,5.873230727612964,21.14363061940667
126.80000000000001,1774.8261820533994,5.844619593494866,21.04063053658152
126.85000000000001,1775.1176790158652,5.816457189687371,20.939245882874538
126.9,1775.4077883234272,5.788934939000219,20.84016578040079
126.95,1775.696549781031,5.762250118616126,20.744100427018054
127.0,1775.9840065480455,5.736505120645813,20.651418434324928
127.05000000000001,1776.2702002459705,5.711704949560099,20.562137818416357
127.10000000000001,1776.5551707871005,5.687782509462818,20.476017034066146
127.15,1776.8389624161214,5.664674340298403,20.392827625074254
127.2,1777.121624516805,5.6423135181745625,20.312328665428424
127.25,1777.4031983336918,5.620619934904791,20.23423176565725
127.30000000000001,1777.6837072064684,5.599491546548691,20.15816956757529
127.35000000000001,1777.963168868946,5.57883237089958,20.083796535238488
127.4,1778.2416058760857,5.558518906203119,20.01066806233123
127.45,1778.5190377100441,5.538423357085815,19.938324085508935
127.5,1778.7954740768948,5.518445112744861,19.8664024058815
127.55000000000001,1779.0709187055054,5.4985570865943885,19.7948055117398
127.60000000000001,1779.3453760260707,5.478771345663622,19.72357684438904
127.65,1779.6188492946126,5.4591245087765685,19.652848231595648
127.7,1779.8913390624086,5.439661082402962,19.582779896650663
127.75,1780.1628521528319,5.420494718321931,19.513780985958952
127.80000000000001,1780.4334096471828,5.401774944054387,19.446389798595796
127.85000000000001,1780.7030420384133,5.383666653649804,19.381199953139298
127.9,1780.9717821352754,5.366320146778908,19.31875252840407
127.95,1781.2396702642832,5.349878999337767,19.25956439761596
128.0,1781.5067588994157,5.334466598999622,19.20407975639864
128.05,1781.7731069942372,5.320158351357427,19.15257006488674
128.1,1782.0387727615605,5.306994465160873,19.105180074579142
128.15,1782.3038129218683,5.295002354671154,19.062008476816153
128.20000000000002,1782.5682850862618,5.284176647871425,19.02303593233713
128.25,1782.8322454959748,5.274492419784254,18.988172711223314
128.3,1783.0957476143594,5.265893967222935,18.957218282002565
128.35,1783.3588424136697,5.258333233813225,18.929999641727612
128.4,1783.6215816206484,5.251745462222763,18.906283664001947
128.45000000000002,1783.8840134120683,5.246051098366021,18.885783954117674
128.5,1784.1461754408951,5.241129424041377,18.868065926548958
128.55,1784.4081016063658,5.236814102228693,18.852530768023296
128.6,1784.6698233983234,5.232882768435751,18.838377966368704
128.65,1784.9313618723745,5.229088744356218,18.824719479682386
128.70000000000002,1785.1927219211095,5.225181230629524,18.810652430266288
128.75,1785.4538925998152,5.220911612173126,18.795281803823254
128.8,1785.714848540154,5.216052780354358,18.77779000927569
128.85,1785.9755476232317,5.2104069032760965,18.757464851793948
128.9,1786.23593646597,5.203811199798993,18.733720319276376
128.95000000000002,1786.4959622094186,5.196191457065,18.706289245434
129.0,1786.7555760623618,5.187529901077549,18.675107643879176
129.05,1787.014728215725,5.177884485875259,18.640384149150933
129.1,1787.2733686106742,5.167358971099286,18.602492295957433
129.15,1787.5314545458157,5.156079513396172,18.56188624822622
129.20000000000002,1787.7889525446915,5.144153012050127,18.51895084338046
129.25,1788.0458358044489,5.13167006971403,18.474012250970507
129.3,1788.3020810379692,5.118714111237255,18.427370800454117
129.35,1788.5576706386228,5.1053692233252255,18.379329203970812
129.4,1788.8125909265211,5.091694408860341,18.330099871897225
129.45000000000002,1789.0668228733027,5.077715408221143,18.279775469596114
129.5,1789.320344011769,5.063413443376408,18.22828839615507
129.55,1789.5731371944946,5.048748065111096,18.175493034399945
129.6,1789.8251899257903,5.033657510566596,18.121167038039747
129.65,1790.0764854139288,5.018096470950331,18.06514729542119
129.70000000000002,1790.3270000352902,5.0020405231661265,18.007345883398056
129.75,1790.5767068137209,4.985499982237906,17.947799936056462
129.8,1790.8255753507128,4.968488549587925,17.88655877851653
129.85,1791.0735734571751,4.951019869301881,17.82367152948677
129.9,1791.320673717127,4.9331120305126595,17.759203309845574
129.95000000000002,1791.5668586368313,4.914810134355369,17.69331648367933
130.0,1791.812118499251,4.896162711861146,17.62618576270013
130.05,1792.0564419281993,4.877214525135285,17.557972290487026
130.1,1792.2998139171216,4.857989796247942,17.488763266492594
130.15,1792.5422202246475,4.838471210561899,17.418496358022836
130.20000000000002,1792.7836460877431,4.818596643753688,17.346947917513276
130.25,1793.0240734013996,4.798309779602028,17.273915206567303
130.3,1793.263481232659,4.7775787773990706,17.199283598636654
130.35,1793.501847751076,4.756412594529534,17.123085340306325
130.4,1793.7391483855124,4.734854184749601,17.045475065098564
130.45000000000002,1793.9753535705834,4.712944374920994,16.96659974971558
130.5,1794.2104383381204,4.690729728811549,16.886627023721577
130.55,1794.444391715094,4.668234413981698,16.805643890334114
130.6,1794.677210832134,4.645446961242415,16.723609060472697
130.65,1794.9088915712862,4.6223768880048,16.640556796817283
130.70000000000002,1795.1394266759885,4.599057162777852,16.55660578600027
130.75,1795.3688033808023,4.57551812044729,16.471865233610245
130.8,1795.5970026766497,4.551759554304276,16.386334395495393
130.85,1795.8239988324945,4.527750764158107,16.299902750969185
130.9,1796.0497666168753,4.503464058924101,16.212470612126765
130.95000000000002,1796.2742960519747,4.478863645611552,16.12390912420159
131.0,1796.4975850686017,4.453890795656446,16.034006864363207
131.05,1796.7196219226635,4.428469843365335,15.942491436115205
131.1,1796.9403841473072,4.402499943951239,15.84899979822446
131.15,1797.1598429680857,4.375809335737994,15.75291360865678
131.20000000000002,1797.3779605881705,4.348184051634922,15.65346258588572
131.25,1797.5946846976206,4.319411856854633,15.54988268467668
131.3,1797.8099529482604,4.28936964687215,15.441730728739742
131.35,1798.0237009773284,4.258083425951207,15.329100333424345
131.4,1798.2358609304813,4.2256915344175345,15.212489523903125
131.45000000000002,1798.4463621624984,4.1924177524113295,15.092703908680786
131.5,1798.6551481310637,4.158558774332494,14.97081158759698
131.55,1798.8621948615644,4.124419904448556,14.847911656014801
131.6,1799.0675102271355,4.090296001433767,14.725065605161562
131.65,1799.2711214504402,4.056457362465814,14.60324650487693
131.70000000000002,1799.4730642092943,4.023145669272099,14.483324409379556
131.75,1799.6733769540444,3.9905173855663456,14.365862588038844
131.8,1799.872094041761,3.9586136292336125,14.251009065241005
131.85,1800.069238493673,3.9273585703552354,14.138490853278848
131.9,1800.2648308242938,3.896628153627107,14.027861353057585
131.95000000000002,1800.458898445146,3.8662991614376145,13.918676981175413
132.0,1800.6514662390025,3.8362709534200574,13.810575432312207
132.05,1800.8425454897808,3.806477377371844,13.703318558538639
132.1,1801.0321389357714,3.776876412278928,13.59675508420414
132.15,1801.2202498327129,3.747403076412196,13.490651075083905
132.20000000000002,1801.4068825894635,3.7179763421311254,13.384714831672051
132.25,1801.5920409368964,3.6885097831194344,13.278635219229963
132.3,1801.7757276128598,3.658965261013793,13.172274939649656
132.35,1801.9579448096179,3.6293355270831276,13.065607897499259
132.4,1802.138688566789,3.5996333484825254,12.958680054537092
132.45000000000002,1802.3179435383893,3.569862213735503,12.851503969447812
132.5,1802.4956959164026,3.5400437398893327,12.744157463601598
132.55,1802.671945037126,3.5101768723053697,12.63663674029933
132.6,1802.8466961474728,3.480277095048917,12.5289975421761
132.65,1803.0199520009285,3.4503729508235033,12.421342622964612
132.70000000000002,1803.1917159204343,3.420509790605206,12.313835246178742
132.75,1803.3619935899956,3.390707886360942,12.20654839089939
132.8,1803.5307878666465,3.360943540787597,12.09939674683535
132.85,1803.6980946472997,3.3311734579723296,11.992224448700387
132.9,1803.8639113574156,3.3013880903036585,11.884997125093172
132.95000000000002,1804.028241475734,3.2715769160347157,11.777676897724977
133.0,1804.191085336476,3.241740421849955,11.67026551865984
133.05,1804.352436175895,3.211903501470268,11.562852605292965
133.1,1804.5122879553842,3.1821239101947887,11.455646076701239
133.15,1804.6706471162772,3.15244316509793,11.348795394352548
133.20000000000002,1804.8275251246139,3.1229065996106637,11.24246375859839
133.25,1804.9829267425612,3.0935316036022913,11.13671377296825
133.3,1805.1368588505277,3.064357116854459,11.031685620676054
133.35,1805.289338020034,3.035368474660129,10.927326508776465
133.4,1805.4403785894806,3.0065120094545272,10.823443234036299
133.45000000000002,1805.5899849024522,2.9777335712773603,10.719840856598497
133.5,1805.7381600235256,2.948997381268915,10.616390572568093
133.55,1805.8849072248502,2.92028710988185,10.51303359557466
133.6,1806.030223452584,2.8915853292792653,10.409707185405356
133.65,1806.174096787482,2.8628685259284534,10.306326693342433
133.70000000000002,1806.3165185519472,2.8341582041657745,10.202969534996788
133.75,1806.457497209904,2.8054877193049643,10.099755789497872
133.8,1806.597044214268,2.776868920216776,9.996728112780394
133.85,1806.7351627459188,2.748310535845831,9.893917929044992
133.9,1806.8718552734335,2.719826733289603,9.791376239842572
133.95000000000002,1807.0071276491287,2.6913696134838094,9.688930608541714
134.0,1807.1409839514026,2.6628683708928778,9.58632613521436
134.05,1807.2734193927874,2.6342371481822413,9.483253733456069
134.1,1807.4044238296344,2.605421547021332,9.379517569276796
134.15,1807.5339895261925,2.5764298963130368,9.275147626726932
134.20000000000002,1807.662104230014,2.547265822916823,9.170156962500563
134.25,1807.7887468997872,2.5179384939963843,9.064578578386984
134.3,1807.9139049079672,2.48849707805205,8.95858948098738
134.35,1808.0375815918298,2.4589890551573834,8.85236059856658
134.4,1808.1597830701305,2.429465812697186,8.74607692570987
134.45000000000002,1808.280514574619,2.4000005050034803,8.640001818012529
134.5,1808.3997806492675,2.370664684099892,8.534392862759612
134.55,1808.5175865200385,2.341515498116685,8.429455793220066
134.6,1808.6339405877702,2.31257963383957,8.325286681822453
134.65,1808.7488478540945,2.2838510140669674,8.221863650641083
134.70000000000002,1808.8623162380336,2.255347552195243,8.119251187902874
134.75,1808.974365036172,2.22707995506867,8.017487838247213
134.8,1809.085009987641,2.1990280908048083,7.91650112689731
134.85,1809.1942575327084,2.1711807746477803,7.816250788732009
134.9,1809.302116635294,2.1434985490852365,7.7165947767068515
134.95000000000002,1809.4085980219083,2.1159022106670164,7.61724795840126
135.0,1809.513706709969,2.0883166193822182,7.517939829775986
135.05,1809.6174391851516,2.06066483591379,7.418393409289643
135.1,1809.719787879683,2.0328974120810437,7.318430683491758
135.15,1809.8207475827542,2.0049972585537894,7.217990130793642
135.20000000000002,1809.9203089168718,1.9769264530652744,7.116935231034988
135.25,1810.0184548335317,1.9486751566408467,7.015230563907048
135.3,1810.1151752765015,1.9202668419058104,6.912960630860917
135.35,1810.2104699576637,1.8917087545510118,6.810151516383643
135.4,1810.3043355814193,1.8630068892210676,6.706824801195843
135.45000000000002,1810.3967648410974,1.8341885022489994,6.603078608096398
135.5,1810.487751816622,1.8052828334684563,6.499018200486443
135.55,1810.5772952998134,1.776311009833016,6.394719635398857
135.6,1810.6653923294273,1.7472770998364373,6.290197559411174
135.65,1810.7520327837474,1.7181777660817104,6.1854399578941575
135.70000000000002,1810.83721156934,1.6890440494704375,6.080558578093576
135.75,1810.9209347638773,1.6599069269917666,5.97566493717036
135.8,1811.003205918188,1.6307863686808772,5.870830927251158
135.85,1811.0840221559904,1.6017316541890398,5.766233955080543
135.9,1811.1633864727203,1.5728029240710433,5.6620905266557555
135.95000000000002,1811.241308543285,1.5440605571161297,5.558618005618067
136.0,1811.3177975713245,1.5155490056917986,5.455976420490475
136.05,1811.3928616398473,1.487300390239525,5.35428140486229
136.1,1811.4665138761318,1.4593528378088299,5.253670216111788
136.15,1811.538775988603,1.4317398296818893,5.154263386854802
136.20000000000002,1811.6096680487753,1.4044420901479164,5.055991524532499
136.25,1811.679202393341,1.3774144360960523,4.9586919699457885
136.3,1811.7473919983158,1.3505942680850378,4.862139365106136
136.35,1811.8142506118631,1.3238966966305512,4.766028107869984
136.4,1811.8797835139685,1.2972158451522953,4.669977042548263
136.45000000000002,1811.9439866550765,1.2704329817136935,4.573558734169296
136.5,1812.0068517136376,1.2434650289594011,4.476474104253844
136.55,1812.0683685189792,1.2162957082214088,4.3786645495970715
136.6,1812.1285224824474,1.188934161968477,4.280162983086518
136.65,1812.1872972791632,1.1614236447484723,4.1811251210945
136.70000000000002,1812.2446816047118,1.1338410321986916,4.08182771591529
136.75,1812.3006703529356,1.106255910976997,3.982521279517189
136.8,1812.3552673420395,1.0787246113635758,3.883408600908873
136.85,1812.4084853970455,1.0512924260475678,3.784652733771244
136.9,1812.4603386261174,1.0239527611601351,3.6862299401764864
136.95000000000002,1812.510836461077,0.9966440110836554,3.5879184399011597
137.0,1812.559978566253,0.9692447090747214,3.489280952668997
137.05,1812.6077531560516,0.941587626395428,3.389715455023541
137.1,1812.6541446981291,0.9134791028849076,3.2885247703856675
137.15,1812.699133284293,0.8847527344349608,3.185109843965859
137.20000000000002,1812.7426851477642,0.855350950630952,3.0792634222714272
137.25,1812.7847577788964,0.8253362526558883,2.971210509561198
137.3,1812.8253121207124,0.794840280834756,2.861425011005122
137.35,1812.8643155995583,0.7640532830620872,2.750591819023514
137.4,1812.9017484011922,0.7332166771287141,2.6395800376633707
137.45000000000002,1812.9376159311769,0.7026163996937014,2.5294190388973252
137.5,1812.971952199483,0.6725589505802223,2.4212122220888004
137.55,1813.0048057106676,0.6432947056238344,2.3158609402458037
137.6,1813.0362235426408,0.6149808023479016,2.213930888452446
137.65,1813.0662531520952,0.5877014570611827,2.1157252454202577
137.70000000000002,1813.0949497758115,0.561428257328747,2.0211417263834894
137.75,1813.122369920218,0.5360077061488518,1.9296277421358667
137.8,1813.1485575925342,0.5112865156389825,1.8406314563003372
137.85,1813.1735400697905,0.48714421673773234,1.7537191802558365
137.9,1813.1973371314239,0.463500868165293,1.6686031253950548
137.95000000000002,1813.2199662582843,0.44030589287483446,1.585101214349404
138.0,1813.2414365103816,0.41744951926443463,1.5028182693519647
138.05,1813.261756201281,0.3949077150724942,1.4216677742609793
138.1,1813.2809538463644,0.372755619817,1.3419202313412
138.15,1813.2990683370685,0.3511443279720252,1.2641195806992909
138.20000000000002,1813.316132177581,0.3302824135313803,1.1890166887129692
138.25,1813.332178478387,0.31044534182299277,1.117603230562774
138.3,1813.3472427053473,0.2920038110091441,1.0512137196329188
138.35,1813.361384641428,0.2752483415232962,0.9908940294838663
138.4,1813.3746923431395,0.2604786254212982,0.9377230515166735
138.45000000000002,1813.3872629156142,0.24778324002337027,0.892019664084133
138.5,1813.3992040211442,0.23704597136987948,0.8533654969315662
138.55,1813.4106264505351,0.227840284921277,0.8202250257165973
138.6,1813.4216214616258,0.21940465054519756,0.7898567419627113
138.65,1813.4322224473276,0.2108997244910703,0.7592390081678532
138.70000000000002,1813.4424026267404,0.20060145286158948,0.7221652303017222
138.75,1813.4520391210988,0.18631957057191412,0.6707504540588909
138.8,1813.4608907973907,0.16657359292362323,0.5996649345250437
138.85,1813.4686326942929,0.13988303521829692,0.5035789267858689
138.9,1813.4748560221713,0.10476741275751542,0.3771626859270555
138.95000000000002,1813.4790681630807,0.05974624084285865,0.21508646703429116
139.0,1813.4806046202805,0.0033390347759068573,0.012020525193264686
