t,v,s,t_global,station_pair
0.0,0.0,0.0,0.0,布政-张家潭
0.05,0.027500000000000004,0.0013750000000000004,0.05,布政-张家潭
0.1,0.05500000000000001,0.004125000000000001,0.1,布政-张家潭
0.15000000000000002,0.08250000000000002,0.008250000000000002,0.15000000000000002,布政-张家潭
0.2,0.11000000000000001,0.013750000000000004,0.2,布政-张家潭
0.25,0.1375,0.020625000000000004,0.25,布政-张家潭
0.30000000000000004,0.16500000000000004,0.028875000000000005,0.30000000000000004,布政-张家潭
0.35000000000000003,0.19250000000000003,0.038500000000000006,0.35000000000000003,布政-张家潭
0.4,0.22000000000000003,0.04950000000000001,0.4,布政-张家潭
0.45,0.24750000000000003,0.06187500000000001,0.45,布政-张家潭
0.5,0.275,0.07562500000000001,0.5,布政-张家潭
0.55,0.30250000000000005,0.09075000000000001,0.55,布政-张家潭
0.6000000000000001,0.33000000000000007,0.10725000000000001,0.6000000000000001,布政-张家潭
0.65,0.35750000000000004,0.12512500000000001,0.65,布政-张家潭
0.7000000000000001,0.38500000000000006,0.14437500000000003,0.7000000000000001,布政-张家潭
0.75,0.41250000000000003,0.16500000000000004,0.75,布政-张家潭
0.8,0.44000000000000006,0.18700000000000006,0.8,布政-张家潭
0.8500000000000001,0.4675000000000001,0.21037500000000006,0.8500000000000001,布政-张家潭
0.9,0.49500000000000005,0.23512500000000006,0.9,布政-张家潭
0.9500000000000001,0.5225000000000001,0.26125000000000004,0.9500000000000001,布政-张家潭
1.0,0.55,0.28875000000000006,1.0,布政-张家潭
1.05,0.5775000000000001,0.31762500000000005,1.05,布政-张家潭
1.1,0.6050000000000001,0.34787500000000005,1.1,布政-张家潭
1.1500000000000001,0.6325000000000002,0.37950000000000006,1.1500000000000001,布政-张家潭
1.2000000000000002,0.6600000000000001,0.4125000000000001,1.2000000000000002,布政-张家潭
1.25,0.6875,0.4468750000000001,1.25,布政-张家潭
1.3,0.7150000000000001,0.4826250000000001,1.3,布政-张家潭
1.35,0.7425000000000002,0.51975,1.35,布政-张家潭
1.4000000000000001,0.7700000000000001,0.55825,1.4000000000000001,布政-张家潭
1.4500000000000002,0.7975000000000002,0.598125,1.4500000000000002,布政-张家潭
1.5,0.8250000000000001,0.639375,1.5,布政-张家潭
1.55,0.8525000000000001,0.682,1.55,布政-张家潭
1.6,0.8800000000000001,0.7260000000000001,1.6,布政-张家潭
1.6500000000000001,0.9075000000000002,0.7713750000000001,1.6500000000000001,布政-张家潭
1.7000000000000002,0.9350000000000002,0.8181250000000002,1.7000000000000002,布政-张家潭
1.75,0.9625000000000001,0.8662500000000002,1.75,布政-张家潭
1.8,0.9900000000000001,0.9157500000000002,1.8,布政-张家潭
1.85,1.0175,0.9666250000000002,1.85,布政-张家潭
1.9000000000000001,1.0450000000000002,1.0188750000000002,1.9000000000000001,布政-张家潭
1.9500000000000002,1.0725000000000002,1.0725000000000002,1.9500000000000002,布政-张家潭
2.0,1.1,1.1275000000000002,2.0,布政-张家潭
2.0500000000000003,1.1275000000000002,1.1838750000000002,2.0500000000000003,布政-张家潭
2.1,1.1550000000000002,1.2416250000000002,2.1,布政-张家潭
2.15,1.1825,1.3007500000000003,2.15,布政-张家潭
2.2,1.2100000000000002,1.3612500000000003,2.2,布政-张家潭
2.25,1.2375,1.4231250000000002,2.25,布政-张家潭
2.3000000000000003,1.2650000000000003,1.4863750000000002,2.3000000000000003,布政-张家潭
2.35,1.2925000000000002,1.5510000000000002,2.35,布政-张家潭
2.4000000000000004,1.3200000000000003,1.6170000000000002,2.4000000000000004,布政-张家潭
2.45,1.3475000000000001,1.6843750000000002,2.45,布政-张家潭
2.5,1.375,1.7531250000000003,2.5,布政-张家潭
2.5500000000000003,1.4025000000000003,1.8232500000000003,2.5500000000000003,布政-张家潭
2.6,1.4300000000000002,1.8947500000000002,2.6,布政-张家潭
2.6500000000000004,1.4575000000000002,1.9676250000000002,2.6500000000000004,布政-张家潭
2.7,1.4850000000000003,2.041875,2.7,布政-张家潭
2.75,1.5125000000000002,2.1175,2.75,布政-张家潭
2.8000000000000003,1.5400000000000003,2.1945,2.8000000000000003,布政-张家潭
2.85,1.5675000000000001,2.272875,2.85,布政-张家潭
2.9000000000000004,1.5950000000000004,2.352625,2.9000000000000004,布政-张家潭
2.95,1.6225000000000003,2.4337500000000003,2.95,布政-张家潭
3.0,1.6500000000000001,2.5162500000000003,3.0,布政-张家潭
3.0500000000000003,1.6775000000000002,2.6001250000000002,3.0500000000000003,布政-张家潭
3.1,1.7050000000000003,2.685375,3.1,布政-张家潭
3.1500000000000004,1.7325000000000004,2.7720000000000002,3.1500000000000004,布政-张家潭
3.2,1.7600000000000002,2.8600000000000003,3.2,布政-张家潭
3.25,1.7875,2.9493750000000003,3.25,布政-张家潭
3.3000000000000003,1.8150000000000004,3.040125,3.3000000000000003,布政-张家潭
3.35,1.8425000000000002,3.13225,3.35,布政-张家潭
3.4000000000000004,1.8700000000000003,3.22575,3.4000000000000004,布政-张家潭
3.45,1.8975000000000002,3.320625,3.45,布政-张家潭
3.5,1.9250000000000003,3.416875,3.5,布政-张家潭
3.5500000000000003,1.9525000000000003,3.5145,3.5500000000000003,布政-张家潭
3.6,1.9800000000000002,3.6135,3.6,布政-张家潭
3.6500000000000004,2.0075000000000003,3.7138750000000003,3.6500000000000004,布政-张家潭
3.7,2.035,3.8156250000000003,3.7,布政-张家潭
3.75,2.0625,3.91875,3.75,布政-张家潭
3.8000000000000003,2.0900000000000003,4.02325,3.8000000000000003,布政-张家潭
3.85,2.1175,4.129125,3.85,布政-张家潭
3.9000000000000004,2.1450000000000005,4.236375,3.9000000000000004,布政-张家潭
3.95,2.1725000000000003,4.345,3.95,布政-张家潭
4.0,2.2,4.455,4.0,布政-张家潭
4.05,2.2275,4.566375,4.05,布政-张家潭
4.1000000000000005,2.2550000000000003,4.679125,4.1000000000000005,布政-张家潭
4.15,2.2825,4.79325,4.15,布政-张家潭
4.2,2.3100000000000005,4.9087499999999995,4.2,布政-张家潭
4.25,2.3375000000000004,5.025625,4.25,布政-张家潭
4.3,2.365,5.1438749999999995,4.3,布政-张家潭
4.3500000000000005,2.3925000000000005,5.2635,4.3500000000000005,布政-张家潭
4.4,2.4200000000000004,5.3845,4.4,布政-张家潭
4.45,2.4475000000000002,5.506875,4.45,布政-张家潭
4.5,2.475,5.630625,4.5,布政-张家潭
4.55,2.5025,5.75575,4.55,布政-张家潭
4.6000000000000005,2.5300000000000007,5.88225,4.6000000000000005,布政-张家潭
4.65,2.5575000000000006,6.010125,4.65,布政-张家潭
4.7,2.5850000000000004,6.139375,4.7,布政-张家潭
4.75,2.6125000000000003,6.2700000000000005,4.75,布政-张家潭
4.800000000000001,2.6400000000000006,6.402,4.800000000000001,布政-张家潭
4.8500000000000005,2.6675000000000004,6.535375,4.8500000000000005,布政-张家潭
4.9,2.6950000000000003,6.6701250000000005,4.9,布政-张家潭
4.95,2.7225,6.80625,4.95,布政-张家潭
5.0,2.75,6.9437500000000005,5.0,布政-张家潭
5.050000000000001,2.7775000000000007,7.082625,5.050000000000001,布政-张家潭
5.1000000000000005,2.8050000000000006,7.222875,5.1000000000000005,布政-张家潭
5.15,2.8325000000000005,7.3645000000000005,5.15,布政-张家潭
5.2,2.8600000000000003,7.5075,5.2,布政-张家潭
5.25,2.8875,7.651875,5.25,布政-张家潭
5.300000000000001,2.9150000000000005,7.797625,5.300000000000001,布政-张家潭
5.3500000000000005,2.9425000000000003,7.94475,5.3500000000000005,布政-张家潭
5.4,2.9700000000000006,8.09325,5.4,布政-张家潭
5.45,2.9975000000000005,8.243125,5.45,布政-张家潭
5.5,3.0250000000000004,8.394374999999998,5.5,布政-张家潭
5.550000000000001,3.0525000000000007,8.546999999999999,5.550000000000001,布政-张家潭
5.6000000000000005,3.0800000000000005,8.700999999999999,5.6000000000000005,布政-张家潭
5.65,3.1075000000000004,8.856374999999998,5.65,布政-张家潭
5.7,3.1350000000000002,9.013124999999999,5.7,布政-张家潭
5.75,3.1625,9.171249999999999,5.75,布政-张家潭
5.800000000000001,3.190000000000001,9.330749999999998,5.800000000000001,布政-张家潭
5.8500000000000005,3.2175000000000007,9.491624999999999,5.8500000000000005,布政-张家潭
5.9,3.2450000000000006,9.653875,5.9,布政-张家潭
5.95,3.2725000000000004,9.817499999999999,5.95,布政-张家潭
6.0,3.3000000000000003,9.982499999999998,6.0,布政-张家潭
6.050000000000001,3.3275000000000006,10.148874999999999,6.050000000000001,布政-张家潭
6.1000000000000005,3.3550000000000004,10.316624999999998,6.1000000000000005,布政-张家潭
6.15,3.3825000000000003,10.485749999999998,6.15,布政-张家潭
6.2,3.4100000000000006,10.656249999999998,6.2,布政-张家潭
6.25,3.4375000000000004,10.828124999999998,6.25,布政-张家潭
6.300000000000001,3.4650000000000007,11.001374999999998,6.300000000000001,布政-张家潭
6.3500000000000005,3.4925000000000006,11.175999999999998,6.3500000000000005,布政-张家潭
6.4,3.5200000000000005,11.351999999999999,6.4,布政-张家潭
6.45,3.5475000000000003,11.529374999999998,6.45,布政-张家潭
6.5,3.575,11.708124999999999,6.5,布政-张家潭
6.550000000000001,3.6025000000000005,11.88825,6.550000000000001,布政-张家潭
6.6000000000000005,3.630000000000001,12.069749999999999,6.6000000000000005,布政-张家潭
6.65,3.6575000000000006,12.252624999999998,6.65,布政-张家潭
6.7,3.6850000000000005,12.436874999999999,6.7,布政-张家潭
6.75,3.7125000000000004,12.622499999999999,6.75,布政-张家潭
6.800000000000001,3.7400000000000007,12.809499999999998,6.800000000000001,布政-张家潭
6.8500000000000005,3.7675000000000005,12.997874999999999,6.8500000000000005,布政-张家潭
6.9,3.7950000000000004,13.187624999999999,6.9,布政-张家潭
6.95,3.8225000000000002,13.378749999999998,6.95,布政-张家潭
7.0,3.8500000000000005,13.57125,7.0,布政-张家潭
7.050000000000001,3.877500000000001,13.765125,7.050000000000001,布政-张家潭
7.1000000000000005,3.9050000000000007,13.960374999999999,7.1000000000000005,布政-张家潭
7.15,3.9325000000000006,14.157,7.15,布政-张家潭
7.2,3.9600000000000004,14.355,7.2,布政-张家潭
7.25,3.9875000000000003,14.554375,7.25,布政-张家潭
7.300000000000001,4.015000000000001,14.755125,7.300000000000001,布政-张家潭
7.3500000000000005,4.0425,14.95725,7.3500000000000005,布政-张家潭
7.4,4.07,15.16075,7.4,布政-张家潭
7.45,4.0975,15.365625,7.45,布政-张家潭
7.5,4.125,15.571875,7.5,布政-张家潭
7.550000000000001,4.152500000000001,15.7795,7.550000000000001,布政-张家潭
7.6000000000000005,4.180000000000001,15.9885,7.6000000000000005,布政-张家潭
7.65,4.2075000000000005,16.198875,7.65,布政-张家潭
7.7,4.235,16.410625,7.7,布政-张家潭
7.75,4.2625,16.62375,7.75,布政-张家潭
7.800000000000001,4.290000000000001,16.838250000000002,7.800000000000001,布政-张家潭
7.8500000000000005,4.317500000000001,17.054125000000003,7.8500000000000005,布政-张家潭
7.9,4.345000000000001,17.271375000000003,7.9,布政-张家潭
7.95,4.3725000000000005,17.490000000000002,7.95,布政-张家潭
8.0,4.4,17.71,8.0,布政-张家潭
8.05,4.427500000000001,17.931375,8.05,布政-张家潭
8.1,4.455,18.154125,8.1,布政-张家潭
8.15,4.482500000000001,18.37825,8.15,布政-张家潭
8.200000000000001,4.510000000000001,18.60375,8.200000000000001,布政-张家潭
8.25,4.5375000000000005,18.830625,8.25,布政-张家潭
8.3,4.565,19.058875,8.3,布政-张家潭
8.35,4.5925,19.2885,8.35,布政-张家潭
8.4,4.620000000000001,19.5195,8.4,布政-张家潭
8.450000000000001,4.647500000000001,19.751875000000002,8.450000000000001,布政-张家潭
8.5,4.675000000000001,19.985625000000002,8.5,布政-张家潭
8.55,4.702500000000001,20.220750000000002,8.55,布政-张家潭
8.6,4.73,20.457250000000002,8.6,布政-张家潭
8.65,4.7575,20.695125,8.65,布政-张家潭
8.700000000000001,4.785000000000001,20.934375,8.700000000000001,布政-张家潭
8.75,4.8125,21.175,8.75,布政-张家潭
8.8,4.840000000000001,21.417,8.8,布政-张家潭
8.85,4.867500000000001,21.660375000000002,8.85,布政-张家潭
8.9,4.8950000000000005,21.905125,8.9,布政-张家潭
8.950000000000001,4.922500000000001,22.15125,8.950000000000001,布政-张家潭
9.0,4.95,22.39875,9.0,布政-张家潭
9.05,4.977500000000001,22.647625,9.05,布政-张家潭
9.1,5.005,22.897875000000003,9.1,布政-张家潭
9.15,5.032500000000001,23.149500000000003,9.15,布政-张家潭
9.200000000000001,5.060000000000001,23.402500000000003,9.200000000000001,布政-张家潭
9.25,5.0875,23.656875000000003,9.25,布政-张家潭
9.3,5.115000000000001,23.912625000000002,9.3,布政-张家潭
9.35,5.1425,24.16975,9.35,布政-张家潭
9.4,5.170000000000001,24.428250000000002,9.4,布政-张家潭
9.450000000000001,5.197500000000001,24.688125000000003,9.450000000000001,布政-张家潭
9.5,5.2250000000000005,24.949375000000003,9.5,布政-张家潭
9.55,5.2525,25.212000000000003,9.55,布政-张家潭
9.600000000000001,5.280000000000001,25.476000000000003,9.600000000000001,布政-张家潭
9.65,5.307500000000001,25.741375,9.65,布政-张家潭
9.700000000000001,5.335000000000001,26.008125,9.700000000000001,布政-张家潭
9.75,5.362500000000001,26.27625,9.75,布政-张家潭
9.8,5.390000000000001,26.54575,9.8,布政-张家潭
9.850000000000001,5.417500000000001,26.816625000000002,9.850000000000001,布政-张家潭
9.9,5.445,27.088875,9.9,布政-张家潭
9.950000000000001,5.472500000000001,27.3625,9.950000000000001,布政-张家潭
10.0,5.5,27.6375,10.0,布政-张家潭
10.05,5.527500000000001,27.913875,10.05,布政-张家潭
10.100000000000001,5.5550000000000015,28.191625000000002,10.100000000000001,布政-张家潭
10.15,5.5825000000000005,28.470750000000002,10.15,布政-张家潭
10.200000000000001,5.610000000000001,28.751250000000002,10.200000000000001,布政-张家潭
10.25,5.6375,29.033125000000002,10.25,布政-张家潭
10.3,5.665000000000001,29.316375,10.3,布政-张家潭
10.350000000000001,5.692500000000002,29.601,10.350000000000001,布政-张家潭
10.4,5.720000000000001,29.887,10.4,布政-张家潭
10.450000000000001,5.747500000000001,30.174375,10.450000000000001,布政-张家潭
10.5,5.775,30.463125,10.5,布政-张家潭
10.55,5.802500000000001,30.75325,10.55,布政-张家潭
10.600000000000001,5.830000000000001,31.04475,10.600000000000001,布政-张家潭
10.65,5.857500000000001,31.337625,10.65,布政-张家潭
10.700000000000001,5.885000000000001,31.631875,10.700000000000001,布政-张家潭
10.75,5.9125000000000005,31.927500000000002,10.75,布政-张家潭
10.8,5.940000000000001,32.2245,10.8,布政-张家潭
10.850000000000001,5.967500000000001,32.522875,10.850000000000001,布政-张家潭
10.9,5.995000000000001,32.822625,10.9,布政-张家潭
10.950000000000001,6.022500000000001,33.12375,10.950000000000001,布政-张家潭
11.0,6.050000000000001,33.42625,11.0,布政-张家潭
11.05,6.077500000000001,33.730125,11.05,布政-张家潭
11.100000000000001,6.105000000000001,34.035375,11.100000000000001,布政-张家潭
11.15,6.1325,34.342,11.15,布政-张家潭
11.200000000000001,6.160000000000001,34.65,11.200000000000001,布政-张家潭
11.25,6.187500000000001,34.959375,11.25,布政-张家潭
11.3,6.215000000000001,35.270125,11.3,布政-张家潭
11.350000000000001,6.2425000000000015,35.58225,11.350000000000001,布政-张家潭
11.4,6.2700000000000005,35.89575,11.4,布政-张家潭
11.450000000000001,6.297500000000001,36.210625,11.450000000000001,布政-张家潭
11.5,6.325,36.526875,11.5,布政-张家潭
11.55,6.352500000000001,36.8445,11.55,布政-张家潭
11.600000000000001,6.380000000000002,37.1635,11.600000000000001,布政-张家潭
11.65,6.407500000000001,37.483875,11.65,布政-张家潭
11.700000000000001,6.435000000000001,37.805625,11.700000000000001,布政-张家潭
11.75,6.4625,38.12875,11.75,布政-张家潭
11.8,6.490000000000001,38.45325,11.8,布政-张家潭
11.850000000000001,6.517500000000001,38.779125,11.850000000000001,布政-张家潭
11.9,6.545000000000001,39.106375,11.9,布政-张家潭
11.950000000000001,6.572500000000001,39.435,11.950000000000001,布政-张家潭
12.0,6.6000000000000005,39.765,12.0,布政-张家潭
12.05,6.627500000000001,40.096375,12.05,布政-张家潭
12.100000000000001,6.655000000000001,40.429125,12.100000000000001,布政-张家潭
12.15,6.682500000000001,40.76325,12.15,布政-张家潭
12.200000000000001,6.710000000000001,41.09875,12.200000000000001,布政-张家潭
12.25,6.737500000000001,41.435625,12.25,布政-张家潭
12.3,6.765000000000001,41.773875000000004,12.3,布政-张家潭
12.350000000000001,6.792500000000001,42.1135,12.350000000000001,布政-张家潭
12.4,6.820000000000001,42.4545,12.4,布政-张家潭
12.450000000000001,6.847500000000001,42.796875,12.450000000000001,布政-张家潭
12.5,6.875000000000001,43.140625,12.5,布政-张家潭
12.55,6.902500000000001,43.48575,12.55,布政-张家潭
12.600000000000001,6.9300000000000015,43.83225,12.600000000000001,布政-张家潭
12.65,6.9575000000000005,44.180125000000004,12.65,布政-张家潭
12.700000000000001,6.985000000000001,44.529375,12.700000000000001,布政-张家潭
12.75,7.0125,44.88,12.75,布政-张家潭
12.8,7.040000000000001,45.232,12.8,布政-张家潭
12.850000000000001,7.067500000000002,45.585375,12.850000000000001,布政-张家潭
12.9,7.095000000000001,45.940125,12.9,布政-张家潭
12.950000000000001,7.122500000000001,46.29625,12.950000000000001,布政-张家潭
13.0,7.15,46.65375,13.0,布政-张家潭
13.05,7.177500000000001,47.012625,13.05,布政-张家潭
13.100000000000001,7.205000000000001,47.372875,13.100000000000001,布政-张家潭
13.15,7.232500000000001,47.7345,13.15,布政-张家潭
13.200000000000001,7.260000000000002,48.0975,13.200000000000001,布政-张家潭
13.25,7.2875000000000005,48.461875,13.25,布政-张家潭
13.3,7.315000000000001,48.827625,13.3,布政-张家潭
13.350000000000001,7.342500000000001,49.19475,13.350000000000001,布政-张家潭
13.4,7.370000000000001,49.56325,13.4,布政-张家潭
13.450000000000001,7.397500000000001,49.933125,13.450000000000001,布政-张家潭
13.5,7.425000000000001,50.304375,13.5,布政-张家潭
13.55,7.452500000000001,50.677,13.55,布政-张家潭
13.600000000000001,7.480000000000001,51.051,13.600000000000001,布政-张家潭
13.65,7.507500000000001,51.426375,13.65,布政-张家潭
13.700000000000001,7.535000000000001,51.803125,13.700000000000001,布政-张家潭
13.75,7.562500000000001,52.18125,13.75,布政-张家潭
13.8,7.590000000000001,52.56075,13.8,布政-张家潭
13.850000000000001,7.6175000000000015,52.941625,13.850000000000001,布政-张家潭
13.9,7.6450000000000005,53.323875,13.9,布政-张家潭
13.950000000000001,7.672500000000001,53.7075,13.950000000000001,布政-张家潭
14.0,7.700000000000001,54.0925,14.0,布政-张家潭
14.05,7.727500000000001,54.478875,14.05,布政-张家潭
14.100000000000001,7.755000000000002,54.866625,14.100000000000001,布政-张家潭
14.15,7.782500000000001,55.25575,14.15,布政-张家潭
14.200000000000001,7.810000000000001,55.64625,14.200000000000001,布政-张家潭
14.25,7.8375,56.038125,14.25,布政-张家潭
14.3,7.865000000000001,56.431375,14.3,布政-张家潭
14.350000000000001,7.892500000000002,56.826,14.350000000000001,布政-张家潭
14.4,7.920000000000001,57.222,14.4,布政-张家潭
14.450000000000001,7.947500000000002,57.619375,14.450000000000001,布政-张家潭
14.5,7.9750000000000005,58.018125,14.5,布政-张家潭
14.55,8.002500000000001,58.41825,14.55,布政-张家潭
14.600000000000001,8.030000000000001,58.81975,14.600000000000001,布政-张家潭
14.65,8.057500000000001,59.222625,14.65,布政-张家潭
14.700000000000001,8.085,59.626875,14.700000000000001,布政-张家潭
14.75,8.1125,60.0325,14.75,布政-张家潭
14.8,8.14,60.439499999999995,14.8,布政-张家潭
14.850000000000001,8.167500000000002,60.847874999999995,14.850000000000001,布政-张家潭
14.9,8.195,61.257625,14.9,布政-张家潭
14.950000000000001,8.222500000000002,61.668749999999996,14.950000000000001,布政-张家潭
15.0,8.25,62.08125,15.0,布政-张家潭
15.05,8.277500000000002,62.495124999999994,15.05,布政-张家潭
15.100000000000001,8.305000000000001,62.910374999999995,15.100000000000001,布政-张家潭
15.15,8.332500000000001,63.327,15.15,布政-张家潭
15.200000000000001,8.360000000000001,63.745,15.200000000000001,布政-张家潭
15.25,8.387500000000001,64.16437499999999,15.25,布政-张家潭
15.3,8.415000000000001,64.58512499999999,15.3,布政-张家潭
15.350000000000001,8.4425,65.00724999999998,15.350000000000001,布政-张家潭
15.4,8.47,65.43074999999999,15.4,布政-张家潭
15.450000000000001,8.4975,65.85562499999999,15.450000000000001,布政-张家潭
15.5,8.525,66.28187499999999,15.5,布政-张家潭
15.55,8.5525,66.70949999999999,15.55,布政-张家潭
15.600000000000001,8.580000000000002,67.1385,15.600000000000001,布政-张家潭
15.65,8.607500000000002,67.56887499999999,15.65,布政-张家潭
15.700000000000001,8.635000000000002,68.00062499999999,15.700000000000001,布政-张家潭
15.75,8.662500000000001,68.43374999999999,15.75,布政-张家潭
15.8,8.690000000000001,68.86824999999999,15.8,布政-张家潭
15.850000000000001,8.717500000000001,69.30412499999998,15.850000000000001,布政-张家潭
15.9,8.745000000000001,69.74137499999999,15.9,布政-张家潭
15.950000000000001,8.7725,70.17999999999999,15.950000000000001,布政-张家潭
16.0,8.8,70.61999999999999,16.0,布政-张家潭
16.05,8.8275,71.06137499999998,16.05,布政-张家潭
16.1,8.855000000000002,71.50412499999999,16.1,布政-张家潭
16.150000000000002,8.882500000000002,71.94824999999999,16.150000000000002,布政-张家潭
16.2,8.91,72.39374999999998,16.2,布政-张家潭
16.25,8.9375,72.84062499999999,16.25,布政-张家潭
16.3,8.965000000000002,73.28887499999999,16.3,布政-张家潭
16.35,8.992500000000001,73.73849999999999,16.35,布政-张家潭
16.400000000000002,9.020000000000001,74.18949999999998,16.400000000000002,布政-张家潭
16.45,9.047500000000001,74.64187499999998,16.45,布政-张家潭
16.5,9.075000000000001,75.09562499999998,16.5,布政-张家潭
16.55,9.102500000000001,75.55074999999998,16.55,布政-张家潭
16.6,9.13,76.00724999999998,16.6,布政-张家潭
16.650000000000002,9.157500000000002,76.46512499999999,16.650000000000002,布政-张家潭
16.7,9.185,76.92437499999998,16.7,布政-张家潭
16.75,9.2125,77.38499999999998,16.75,布政-张家潭
16.8,9.240000000000002,77.84699999999998,16.8,布政-张家潭
16.85,9.267500000000002,78.31037499999998,16.85,布政-张家潭
16.900000000000002,9.295000000000002,78.77512499999997,16.900000000000002,布政-张家潭
16.95,9.3225,79.24124999999998,16.95,布政-张家潭
17.0,9.350000000000001,79.70874999999998,17.0,布政-张家潭
17.05,9.377500000000001,80.17762499999998,17.05,布政-张家潭
17.1,9.405000000000001,80.64787499999997,17.1,布政-张家潭
17.150000000000002,9.432500000000003,81.11949999999997,17.150000000000002,布政-张家潭
17.2,9.46,81.59249999999997,17.2,布政-张家潭
17.25,9.4875,82.06687499999997,17.25,布政-张家潭
17.3,9.515,82.54262499999997,17.3,布政-张家潭
17.35,9.542500000000002,83.01974999999997,17.35,布政-张家潭
17.400000000000002,9.570000000000002,83.49824999999997,17.400000000000002,布政-张家潭
17.45,9.5975,83.97812499999998,17.45,布政-张家潭
17.5,9.625,84.45937499999998,17.5,布政-张家潭
17.55,9.652500000000002,84.94199999999998,17.55,布政-张家潭
17.6,9.680000000000001,85.42599999999997,17.6,布政-张家潭
17.650000000000002,9.707500000000001,85.91137499999998,17.650000000000002,布政-张家潭
17.7,9.735000000000001,86.39812499999998,17.7,布政-张家潭
17.75,9.762500000000001,86.88624999999998,17.75,布政-张家潭
17.8,9.790000000000001,87.37574999999998,17.8,布政-张家潭
17.85,9.8175,87.86662499999998,17.85,布政-张家潭
17.900000000000002,9.845000000000002,88.35887499999998,17.900000000000002,布政-张家潭
17.95,9.8725,88.85249999999998,17.95,布政-张家潭
18.0,9.9,89.34749999999998,18.0,布政-张家潭
18.05,9.927500000000002,89.84387499999998,18.05,布政-张家潭
18.1,9.955000000000002,90.34162499999998,18.1,布政-张家潭
18.150000000000002,9.982500000000002,90.84074999999999,18.150000000000002,布政-张家潭
18.2,10.01,91.34124999999999,18.2,布政-张家潭
18.25,10.037500000000001,91.84312499999999,18.25,布政-张家潭
18.3,10.065000000000001,92.34637499999998,18.3,布政-张家潭
18.35,10.092500000000001,92.85099999999998,18.35,布政-张家潭
18.400000000000002,10.120000000000003,93.35699999999999,18.400000000000002,布政-张家潭
18.45,10.1475,93.86437499999998,18.45,布政-张家潭
18.5,10.175,94.37312499999999,18.5,布政-张家潭
18.55,10.2025,94.88324999999999,18.55,布政-张家潭
18.6,10.230000000000002,95.39474999999999,18.6,布政-张家潭
18.650000000000002,10.257500000000002,95.90762499999998,18.650000000000002,布政-张家潭
18.7,10.285,96.42187499999999,18.7,布政-张家潭
18.75,10.3125,96.93749999999999,18.75,布政-张家潭
18.8,10.340000000000002,97.45449999999998,18.8,布政-张家潭
18.85,10.367500000000001,97.97287499999999,18.85,布政-张家潭
18.900000000000002,10.395000000000001,98.49262499999999,18.900000000000002,布政-张家潭
18.95,10.422500000000001,99.01374999999999,18.95,布政-张家潭
19.0,10.450000000000001,99.53624999999998,19.0,布政-张家潭
19.05,10.477500000000001,100.06012499999999,19.05,布政-张家潭
19.1,10.505,100.58537499999998,19.1,布政-张家潭
19.150000000000002,10.532500000000002,101.11199999999998,19.150000000000002,布政-张家潭
19.200000000000003,10.560000000000002,101.63999999999999,19.200000000000003,布政-张家潭
19.25,10.5875,102.16937499999999,19.25,布政-张家潭
19.3,10.615000000000002,102.70012499999999,19.3,布政-张家潭
19.35,10.642500000000002,103.23224999999998,19.35,布政-张家潭
19.400000000000002,10.670000000000002,103.76574999999998,19.400000000000002,布政-张家潭
19.450000000000003,10.697500000000002,104.30062499999998,19.450000000000003,布政-张家潭
19.5,10.725000000000001,104.83687499999998,19.5,布政-张家潭
19.55,10.752500000000001,105.37449999999998,19.55,布政-张家潭
19.6,10.780000000000001,105.91349999999998,19.6,布政-张家潭
19.650000000000002,10.807500000000003,106.45387499999998,19.650000000000002,布政-张家潭
19.700000000000003,10.835000000000003,106.99562499999998,19.700000000000003,布政-张家潭
19.75,10.8625,107.53874999999998,19.75,布政-张家潭
19.8,10.89,108.08324999999998,19.8,布政-张家潭
19.85,10.917500000000002,108.62912499999997,19.85,布政-张家潭
19.900000000000002,10.945000000000002,109.17637499999998,19.900000000000002,布政-张家潭
19.950000000000003,10.972500000000002,109.72499999999998,19.950000000000003,布政-张家潭
20.0,11.0,110.27499999999998,20.0,布政-张家潭
20.05,11.027500000000002,110.82637499999997,20.05,布政-张家潭
20.1,11.055000000000001,111.37912499999997,20.1,布政-张家潭
20.150000000000002,11.082500000000001,111.93324999999997,20.150000000000002,布政-张家潭
20.200000000000003,11.110000000000003,112.48874999999997,20.200000000000003,布政-张家潭
20.25,11.137500000000001,113.04562499999997,20.25,布政-张家潭
20.3,11.165000000000001,113.60387499999997,20.3,布政-张家潭
20.35,11.192500000000003,114.16349999999997,20.35,布政-张家潭
20.400000000000002,11.220000000000002,114.72449999999998,20.400000000000002,布政-张家潭
20.450000000000003,11.247500000000002,115.28687499999998,20.450000000000003,布政-张家潭
20.5,11.275,115.85062499999998,20.5,布政-张家潭
20.55,11.302500000000002,116.41574999999997,20.55,布政-张家潭
20.6,11.330000000000002,116.98224999999998,20.6,布政-张家潭
20.650000000000002,11.357500000000002,117.55012499999998,20.650000000000002,布政-张家潭
20.700000000000003,11.385000000000003,118.11937499999998,20.700000000000003,布政-张家潭
20.75,11.412500000000001,118.68999999999998,20.75,布政-张家潭
20.8,11.440000000000001,119.26199999999999,20.8,布政-张家潭
20.85,11.467500000000001,119.83537499999998,20.85,布政-张家潭
20.900000000000002,11.495000000000003,120.41012499999998,20.900000000000002,布政-张家潭
20.950000000000003,11.522500000000003,120.98624999999998,20.950000000000003,布政-张家潭
21.0,11.55,121.56374999999998,21.0,布政-张家潭
21.05,11.5775,122.14262499999998,21.05,布政-张家潭
21.1,11.605000000000002,122.72287499999999,21.1,布政-张家潭
21.150000000000002,11.632500000000002,123.30449999999999,21.150000000000002,布政-张家潭
21.200000000000003,11.660000000000002,123.88749999999999,21.200000000000003,布政-张家潭
21.25,11.687500000000002,124.47187499999998,21.25,布政-张家潭
21.3,11.715000000000002,125.05762499999999,21.3,布政-张家潭
21.35,11.742500000000001,125.64474999999999,21.35,布政-张家潭
21.400000000000002,11.770000000000001,126.23324999999998,21.400000000000002,布政-张家潭
21.450000000000003,11.797500000000003,126.82312499999999,21.450000000000003,布政-张家潭
21.5,11.825000000000001,127.41437499999999,21.5,布政-张家潭
21.55,11.852500000000001,128.007,21.55,布政-张家潭
21.6,11.880000000000003,128.601,21.6,布政-张家潭
21.650000000000002,11.907500000000002,129.196375,21.650000000000002,布政-张家潭
21.700000000000003,11.935000000000002,129.79312499999997,21.700000000000003,布政-张家潭
21.75,11.9625,130.39124999999999,21.75,布政-张家潭
21.8,11.990000000000002,130.99075,21.8,布政-张家潭
21.85,12.017500000000002,131.591625,21.85,布政-张家潭
21.900000000000002,12.045000000000002,132.193875,21.900000000000002,布政-张家潭
21.950000000000003,12.072500000000003,132.79749999999999,21.950000000000003,布政-张家潭
22.0,12.100000000000001,133.40249999999997,22.0,布政-张家潭
22.05,12.127500000000001,134.008875,22.05,布政-张家潭
22.1,12.155000000000001,134.616625,22.1,布政-张家潭
22.150000000000002,12.182500000000003,135.22575,22.150000000000002,布政-张家潭
22.200000000000003,12.210000000000003,135.83625,22.200000000000003,布政-张家潭
22.25,12.2375,136.448125,22.25,布政-张家潭
22.3,12.265,137.061375,22.3,布政-张家潭
22.35,12.292500000000002,137.676,22.35,布政-张家潭
22.400000000000002,12.320000000000002,138.292,22.400000000000002,布政-张家潭
22.450000000000003,12.347500000000002,138.909375,22.450000000000003,布政-张家潭
22.5,12.375000000000002,139.52812500000002,22.5,布政-张家潭
22.55,12.402500000000002,140.14825000000002,22.55,布政-张家潭
22.6,12.430000000000001,140.76975000000002,22.6,布政-张家潭
22.650000000000002,12.457500000000001,141.392625,22.650000000000002,布政-张家潭
22.700000000000003,12.485000000000003,142.016875,22.700000000000003,布政-张家潭
22.75,12.51818181818182,142.6427840909091,22.75,布政-张家潭
22.8,12.558181818181819,143.2706931818182,22.8,布政-张家潭
22.85,12.59818181818182,143.90060227272727,22.85,布政-张家潭
22.900000000000002,12.63818181818182,144.53251136363636,22.900000000000002,布政-张家潭
22.950000000000003,12.678181818181821,145.16642045454546,22.950000000000003,布政-张家潭
23.0,12.718181818181819,145.80232954545454,23.0,布政-张家潭
23.05,12.75818181818182,146.44023863636363,23.05,布政-张家潭
23.1,12.79818181818182,147.08014772727273,23.1,布政-张家潭
23.150000000000002,12.83818181818182,147.7220568181818,23.150000000000002,布政-张家潭
23.200000000000003,12.87818181818182,148.3659659090909,23.200000000000003,布政-张家潭
23.25,12.918181818181818,149.011875,23.25,布政-张家潭
23.3,12.958181818181819,149.65978409090908,23.3,布政-张家潭
23.35,12.99818181818182,150.30969318181818,23.35,布政-张家潭
23.400000000000002,13.03818181818182,150.96160227272728,23.400000000000002,布政-张家潭
23.450000000000003,13.078181818181822,151.61551136363636,23.450000000000003,布政-张家潭
23.5,13.118181818181819,152.27142045454545,23.5,布政-张家潭
23.55,13.15818181818182,152.92932954545455,23.55,布政-张家潭
23.6,13.19818181818182,153.58923863636363,23.6,布政-张家潭
23.650000000000002,13.23818181818182,154.25114772727272,23.650000000000002,布政-张家潭
23.700000000000003,13.278181818181821,154.91505681818182,23.700000000000003,布政-张家潭
23.75,13.318181818181818,155.5809659090909,23.75,布政-张家潭
23.8,13.35818181818182,156.248875,23.8,布政-张家潭
23.85,13.39818181818182,156.9187840909091,23.85,布政-张家潭
23.900000000000002,13.438181818181821,157.59069318181818,23.900000000000002,布政-张家潭
23.950000000000003,13.47818181818182,158.26460227272727,23.950000000000003,布政-张家潭
24.0,13.51818181818182,158.94051136363638,24.0,布政-张家潭
24.05,13.558181818181819,159.61842045454546,24.05,布政-张家潭
24.1,13.59818181818182,160.29832954545455,24.1,布政-张家潭
24.150000000000002,13.63818181818182,160.98023863636365,24.150000000000002,布政-张家潭
24.200000000000003,13.678181818181821,161.66414772727273,24.200000000000003,布政-张家潭
24.25,13.718181818181819,162.35005681818183,24.25,布政-张家潭
24.3,13.75818181818182,163.03796590909093,24.3,布政-张家潭
24.35,13.79818181818182,163.727875,24.35,布政-张家潭
24.400000000000002,13.83818181818182,164.4197840909091,24.400000000000002,布政-张家潭
24.450000000000003,13.87818181818182,165.1136931818182,24.450000000000003,布政-张家潭
24.5,13.918181818181818,165.8096022727273,24.5,布政-张家潭
24.55,13.958181818181819,166.50751136363638,24.55,布政-张家潭
24.6,13.99818181818182,167.20742045454548,24.6,布政-张家潭
24.650000000000002,14.03818181818182,167.90932954545457,24.650000000000002,布政-张家潭
24.700000000000003,14.078181818181822,168.61323863636366,24.700000000000003,布政-张家潭
24.75,14.118181818181819,169.31914772727276,24.75,布政-张家潭
24.8,14.15818181818182,170.02705681818185,24.8,布政-张家潭
24.85,14.19818181818182,170.73696590909094,24.85,布政-张家潭
24.900000000000002,14.23818181818182,171.44887500000004,24.900000000000002,布政-张家潭
24.950000000000003,14.278181818181821,172.16278409090913,24.950000000000003,布政-张家潭
25.0,14.318181818181818,172.87869318181822,25.0,布政-张家潭
25.05,14.35818181818182,173.59660227272732,25.05,布政-张家潭
25.1,14.39818181818182,174.3165113636364,25.1,布政-张家潭
25.150000000000002,14.438181818181821,175.0384204545455,25.150000000000002,布政-张家潭
25.200000000000003,14.47818181818182,175.7623295454546,25.200000000000003,布政-张家潭
25.25,14.51818181818182,176.4882386363637,25.25,布政-张家潭
25.3,14.558181818181819,177.21614772727278,25.3,布政-张家潭
25.35,14.59818181818182,177.9460568181819,25.35,布政-张家潭
25.400000000000002,14.63818181818182,178.67796590909097,25.400000000000002,布政-张家潭
25.450000000000003,14.678181818181821,179.41187500000007,25.450000000000003,布政-张家潭
25.5,14.718181818181819,180.14778409090917,25.5,布政-张家潭
25.55,14.75818181818182,180.88569318181825,25.55,布政-张家潭
25.6,14.79818181818182,181.62560227272735,25.6,布政-张家潭
25.650000000000002,14.800000000000008,182.36560227272736,25.650000000000002,布政-张家潭
25.700000000000003,14.800000000000008,183.10560227272737,25.700000000000003,布政-张家潭
25.75,14.800000000000008,183.84560227272738,25.75,布政-张家潭
25.8,14.800000000000008,184.58560227272739,25.8,布政-张家潭
25.85,14.800000000000008,185.3256022727274,25.85,布政-张家潭
25.900000000000002,14.800000000000008,186.0656022727274,25.900000000000002,布政-张家潭
25.950000000000003,14.800000000000008,186.8056022727274,25.950000000000003,布政-张家潭
26.0,14.800000000000008,187.54560227272742,26.0,布政-张家潭
26.05,14.800000000000008,188.28560227272743,26.05,布政-张家潭
26.1,14.800000000000008,189.02560227272744,26.1,布政-张家潭
26.150000000000002,14.800000000000008,189.76560227272745,26.150000000000002,布政-张家潭
26.200000000000003,14.800000000000008,190.50560227272746,26.200000000000003,布政-张家潭
26.25,14.800000000000008,191.24560227272747,26.25,布政-张家潭
26.3,14.800000000000008,191.98560227272748,26.3,布政-张家潭
26.35,14.800000000000008,192.72560227272749,26.35,布政-张家潭
26.400000000000002,14.800000000000008,193.4656022727275,26.400000000000002,布政-张家潭
26.450000000000003,14.800000000000008,194.2056022727275,26.450000000000003,布政-张家潭
26.5,14.800000000000008,194.9456022727275,26.5,布政-张家潭
26.55,14.800000000000008,195.68560227272752,26.55,布政-张家潭
26.6,14.800000000000008,196.42560227272753,26.6,布政-张家潭
26.650000000000002,14.800000000000008,197.16560227272754,26.650000000000002,布政-张家潭
26.700000000000003,14.800000000000008,197.90560227272755,26.700000000000003,布政-张家潭
26.75,14.800000000000008,198.64560227272756,26.75,布政-张家潭
26.8,14.800000000000008,199.38560227272757,26.8,布政-张家潭
26.85,14.800000000000008,200.12560227272758,26.85,布政-张家潭
26.900000000000002,14.800000000000008,200.86560227272759,26.900000000000002,布政-张家潭
26.950000000000003,14.800000000000008,201.6056022727276,26.950000000000003,布政-张家潭
27.0,14.800000000000008,202.3456022727276,27.0,布政-张家潭
27.05,14.800000000000008,203.0856022727276,27.05,布政-张家潭
27.1,14.800000000000008,203.82560227272762,27.1,布政-张家潭
27.150000000000002,14.800000000000008,204.56560227272763,27.150000000000002,布政-张家潭
27.200000000000003,14.800000000000008,205.30560227272764,27.200000000000003,布政-张家潭
27.25,14.800000000000008,206.04560227272765,27.25,布政-张家潭
27.3,14.800000000000008,206.78560227272766,27.3,布政-张家潭
27.35,14.800000000000008,207.52560227272767,27.35,布政-张家潭
27.400000000000002,14.800000000000008,208.26560227272768,27.400000000000002,布政-张家潭
27.450000000000003,14.800000000000008,209.00560227272769,27.450000000000003,布政-张家潭
27.5,14.800000000000008,209.7456022727277,27.5,布政-张家潭
27.55,14.800000000000008,210.4856022727277,27.55,布政-张家潭
27.6,14.800000000000008,211.2256022727277,27.6,布政-张家潭
27.650000000000002,14.800000000000008,211.96560227272772,27.650000000000002,布政-张家潭
27.700000000000003,14.800000000000008,212.70560227272773,27.700000000000003,布政-张家潭
27.75,14.800000000000008,213.44560227272774,27.75,布政-张家潭
27.8,14.800000000000008,214.18560227272775,27.8,布政-张家潭
27.85,14.800000000000008,214.92560227272776,27.85,布政-张家潭
27.900000000000002,14.800000000000008,215.66560227272777,27.900000000000002,布政-张家潭
27.950000000000003,14.800000000000008,216.40560227272778,27.950000000000003,布政-张家潭
28.0,14.800000000000008,217.14560227272779,28.0,布政-张家潭
28.05,14.800000000000008,217.8856022727278,28.05,布政-张家潭
28.1,14.800000000000008,218.6256022727278,28.1,布政-张家潭
28.150000000000002,14.800000000000008,219.3656022727278,28.150000000000002,布政-张家潭
28.200000000000003,14.800000000000008,220.10560227272782,28.200000000000003,布政-张家潭
28.25,14.800000000000008,220.84560227272783,28.25,布政-张家潭
28.3,14.800000000000008,221.58560227272784,28.3,布政-张家潭
28.35,14.800000000000008,222.32560227272785,28.35,布政-张家潭
28.400000000000002,14.800000000000008,223.06560227272786,28.400000000000002,布政-张家潭
28.450000000000003,14.800000000000008,223.80560227272787,28.450000000000003,布政-张家潭
28.5,14.800000000000008,224.54560227272788,28.5,布政-张家潭
28.55,14.800000000000008,225.28560227272789,28.55,布政-张家潭
28.6,14.800000000000008,226.0256022727279,28.6,布政-张家潭
28.650000000000002,14.800000000000008,226.7656022727279,28.650000000000002,布政-张家潭
28.700000000000003,14.800000000000008,227.5056022727279,28.700000000000003,布政-张家潭
28.75,14.800000000000008,228.24560227272792,28.75,布政-张家潭
28.8,14.800000000000008,228.98560227272793,28.8,布政-张家潭
28.85,14.800000000000008,229.72560227272794,28.85,布政-张家潭
28.900000000000002,14.800000000000008,230.46560227272795,28.900000000000002,布政-张家潭
28.950000000000003,14.800000000000008,231.20560227272796,28.950000000000003,布政-张家潭
29.0,14.800000000000008,231.94560227272797,29.0,布政-张家潭
29.05,14.800000000000008,232.68560227272798,29.05,布政-张家潭
29.1,14.800000000000008,233.42560227272799,29.1,布政-张家潭
29.150000000000002,14.800000000000008,234.165602272728,29.150000000000002,布政-张家潭
29.200000000000003,14.800000000000008,234.905602272728,29.200000000000003,布政-张家潭
29.25,14.800000000000008,235.645602272728,29.25,布政-张家潭
29.3,14.800000000000008,236.38560227272802,29.3,布政-张家潭
29.35,14.800000000000008,237.12560227272803,29.35,布政-张家潭
29.400000000000002,14.800000000000008,237.86560227272804,29.400000000000002,布政-张家潭
29.450000000000003,14.800000000000008,238.60560227272805,29.450000000000003,布政-张家潭
29.5,14.800000000000008,239.34560227272806,29.5,布政-张家潭
29.55,14.800000000000008,240.08560227272807,29.55,布政-张家潭
29.6,14.800000000000008,240.82560227272808,29.6,布政-张家潭
29.650000000000002,14.800000000000008,241.56560227272809,29.650000000000002,布政-张家潭
29.700000000000003,14.800000000000008,242.3056022727281,29.700000000000003,布政-张家潭
29.75,14.800000000000008,243.0456022727281,29.75,布政-张家潭
29.8,14.800000000000008,243.7856022727281,29.8,布政-张家潭
29.85,14.800000000000008,244.52560227272812,29.85,布政-张家潭
29.900000000000002,14.800000000000008,245.26560227272813,29.900000000000002,布政-张家潭
29.950000000000003,14.800000000000008,246.00560227272814,29.950000000000003,布政-张家潭
30.0,14.800000000000008,246.74560227272815,30.0,布政-张家潭
30.05,14.800000000000008,247.48560227272816,30.05,布政-张家潭
30.1,14.800000000000008,248.22560227272817,30.1,布政-张家潭
30.150000000000002,14.800000000000008,248.96560227272818,30.150000000000002,布政-张家潭
30.200000000000003,14.800000000000008,249.70560227272819,30.200000000000003,布政-张家潭
30.25,14.800000000000008,250.4456022727282,30.25,布政-张家潭
30.3,14.800000000000008,251.1856022727282,30.3,布政-张家潭
30.35,14.800000000000008,251.9256022727282,30.35,布政-张家潭
30.400000000000002,14.800000000000008,252.66560227272822,30.400000000000002,布政-张家潭
30.450000000000003,14.800000000000008,253.40560227272823,30.450000000000003,布政-张家潭
30.5,14.800000000000008,254.14560227272824,30.5,布政-张家潭
30.55,14.800000000000008,254.88560227272825,30.55,布政-张家潭
30.6,14.800000000000008,255.62560227272826,30.6,布政-张家潭
30.650000000000002,14.800000000000008,256.36560227272827,30.650000000000002,布政-张家潭
30.700000000000003,14.800000000000008,257.1056022727283,30.700000000000003,布政-张家潭
30.75,14.800000000000008,257.8456022727283,30.75,布政-张家潭
30.8,14.800000000000008,258.5856022727283,30.8,布政-张家潭
30.85,14.800000000000008,259.3256022727283,30.85,布政-张家潭
30.900000000000002,14.800000000000008,260.0656022727283,30.900000000000002,布政-张家潭
30.950000000000003,14.800000000000008,260.8056022727283,30.950000000000003,布政-张家潭
31.0,14.800000000000008,261.54560227272833,31.0,布政-张家潭
31.05,14.800000000000008,262.28560227272834,31.05,布政-张家潭
31.1,14.800000000000008,263.02560227272835,31.1,布政-张家潭
31.150000000000002,14.800000000000008,263.76560227272836,31.150000000000002,布政-张家潭
31.200000000000003,14.800000000000008,264.50560227272837,31.200000000000003,布政-张家潭
31.25,14.800000000000008,265.2456022727284,31.25,布政-张家潭
31.3,14.800000000000008,265.9856022727284,31.3,布政-张家潭
31.35,14.800000000000008,266.7256022727284,31.35,布政-张家潭
31.400000000000002,14.800000000000008,267.4656022727284,31.400000000000002,布政-张家潭
31.450000000000003,14.800000000000008,268.2056022727284,31.450000000000003,布政-张家潭
31.5,14.800000000000008,268.9456022727284,31.5,布政-张家潭
31.55,14.800000000000008,269.68560227272843,31.55,布政-张家潭
31.6,14.800000000000008,270.42560227272844,31.6,布政-张家潭
31.650000000000002,14.800000000000008,271.16560227272845,31.650000000000002,布政-张家潭
31.700000000000003,14.800000000000008,271.90560227272846,31.700000000000003,布政-张家潭
31.75,14.800000000000008,272.64560227272847,31.75,布政-张家潭
31.8,14.800000000000008,273.3856022727285,31.8,布政-张家潭
31.85,14.800000000000008,274.1256022727285,31.85,布政-张家潭
31.900000000000002,14.800000000000008,274.8656022727285,31.900000000000002,布政-张家潭
31.950000000000003,14.800000000000008,275.6056022727285,31.950000000000003,布政-张家潭
32.0,14.800000000000008,276.3456022727285,32.0,布政-张家潭
32.050000000000004,14.800000000000008,277.0856022727285,32.050000000000004,布政-张家潭
32.1,14.800000000000008,277.82560227272853,32.1,布政-张家潭
32.15,14.800000000000008,278.56560227272854,32.15,布政-张家潭
32.2,14.800000000000008,279.30560227272855,32.2,布政-张家潭
32.25,14.800000000000008,280.04560227272856,32.25,布政-张家潭
32.300000000000004,14.800000000000008,280.78560227272857,32.300000000000004,布政-张家潭
32.35,14.800000000000008,281.5256022727286,32.35,布政-张家潭
32.4,14.800000000000008,282.2656022727286,32.4,布政-张家潭
32.45,14.800000000000008,283.0056022727286,32.45,布政-张家潭
32.5,14.800000000000008,283.7456022727286,32.5,布政-张家潭
32.550000000000004,14.800000000000008,284.4856022727286,32.550000000000004,布政-张家潭
32.6,14.800000000000008,285.2256022727286,32.6,布政-张家潭
32.65,14.800000000000008,285.96560227272863,32.65,布政-张家潭
32.7,14.800000000000008,286.70560227272864,32.7,布政-张家潭
32.75,14.800000000000008,287.44560227272865,32.75,布政-张家潭
32.800000000000004,14.800000000000008,288.18560227272866,32.800000000000004,布政-张家潭
32.85,14.800000000000008,288.92560227272867,32.85,布政-张家潭
32.9,14.800000000000008,289.6656022727287,32.9,布政-张家潭
32.95,14.800000000000008,290.4056022727287,32.95,布政-张家潭
33.0,14.800000000000008,291.1456022727287,33.0,布政-张家潭
33.050000000000004,14.800000000000008,291.8856022727287,33.050000000000004,布政-张家潭
33.1,14.800000000000008,292.6256022727287,33.1,布政-张家潭
33.15,14.800000000000008,293.3656022727287,33.15,布政-张家潭
33.2,14.800000000000008,294.10560227272873,33.2,布政-张家潭
33.25,14.800000000000008,294.84560227272874,33.25,布政-张家潭
33.300000000000004,14.800000000000008,295.58560227272875,33.300000000000004,布政-张家潭
33.35,14.800000000000008,296.32560227272876,33.35,布政-张家潭
33.4,14.800000000000008,297.06560227272877,33.4,布政-张家潭
33.45,14.800000000000008,297.8056022727288,33.45,布政-张家潭
33.5,14.800000000000008,298.5456022727288,33.5,布政-张家潭
33.550000000000004,14.800000000000008,299.2856022727288,33.550000000000004,布政-张家潭
33.6,14.800000000000008,300.0256022727288,33.6,布政-张家潭
33.65,14.800000000000008,300.7656022727288,33.65,布政-张家潭
33.7,14.800000000000008,301.5056022727288,33.7,布政-张家潭
33.75,14.800000000000008,302.24560227272883,33.75,布政-张家潭
33.800000000000004,14.800000000000008,302.98560227272884,33.800000000000004,布政-张家潭
33.85,14.800000000000008,303.72560227272885,33.85,布政-张家潭
33.9,14.800000000000008,304.46560227272886,33.9,布政-张家潭
33.95,14.800000000000008,305.20560227272887,33.95,布政-张家潭
34.0,14.800000000000008,305.9456022727289,34.0,布政-张家潭
34.050000000000004,14.800000000000008,306.6856022727289,34.050000000000004,布政-张家潭
34.1,14.800000000000008,307.4256022727289,34.1,布政-张家潭
34.15,14.800000000000008,308.1656022727289,34.15,布政-张家潭
34.2,14.800000000000008,308.9056022727289,34.2,布政-张家潭
34.25,14.800000000000008,309.6456022727289,34.25,布政-张家潭
34.300000000000004,14.800000000000008,310.38560227272893,34.300000000000004,布政-张家潭
34.35,14.800000000000008,311.12560227272894,34.35,布政-张家潭
34.4,14.800000000000008,311.86560227272895,34.4,布政-张家潭
34.45,14.800000000000008,312.60560227272896,34.45,布政-张家潭
34.5,14.800000000000008,313.34560227272897,34.5,布政-张家潭
34.550000000000004,14.800000000000008,314.085602272729,34.550000000000004,布政-张家潭
34.6,14.800000000000008,314.825602272729,34.6,布政-张家潭
34.65,14.800000000000008,315.565602272729,34.65,布政-张家潭
34.7,14.800000000000008,316.305602272729,34.7,布政-张家潭
34.75,14.800000000000008,317.045602272729,34.75,布政-张家潭
34.800000000000004,14.800000000000008,317.785602272729,34.800000000000004,布政-张家潭
34.85,14.800000000000008,318.52560227272903,34.85,布政-张家潭
34.9,14.800000000000008,319.26560227272904,34.9,布政-张家潭
34.95,14.800000000000008,320.00560227272905,34.95,布政-张家潭
35.0,14.800000000000008,320.74560227272906,35.0,布政-张家潭
35.050000000000004,14.800000000000008,321.48560227272907,35.050000000000004,布政-张家潭
35.1,14.800000000000008,322.2256022727291,35.1,布政-张家潭
35.15,14.800000000000008,322.9656022727291,35.15,布政-张家潭
35.2,14.800000000000008,323.7056022727291,35.2,布政-张家潭
35.25,14.800000000000008,324.4456022727291,35.25,布政-张家潭
35.300000000000004,14.800000000000008,325.1856022727291,35.300000000000004,布政-张家潭
35.35,14.800000000000008,325.9256022727291,35.35,布政-张家潭
35.4,14.800000000000008,326.66560227272913,35.4,布政-张家潭
35.45,14.800000000000008,327.40560227272914,35.45,布政-张家潭
35.5,14.800000000000008,328.14560227272915,35.5,布政-张家潭
35.550000000000004,14.800000000000008,328.88560227272916,35.550000000000004,布政-张家潭
35.6,14.800000000000008,329.62560227272917,35.6,布政-张家潭
35.65,14.800000000000008,330.3656022727292,35.65,布政-张家潭
35.7,14.800000000000008,331.1056022727292,35.7,布政-张家潭
35.75,14.800000000000008,331.8456022727292,35.75,布政-张家潭
35.800000000000004,14.800000000000008,332.5856022727292,35.800000000000004,布政-张家潭
35.85,14.800000000000008,333.3256022727292,35.85,布政-张家潭
35.9,14.800000000000008,334.0656022727292,35.9,布政-张家潭
35.95,14.800000000000008,334.80560227272923,35.95,布政-张家潭
36.0,14.800000000000008,335.54560227272924,36.0,布政-张家潭
36.050000000000004,14.800000000000008,336.28560227272925,36.050000000000004,布政-张家潭
36.1,14.800000000000008,337.02560227272926,36.1,布政-张家潭
36.15,14.800000000000008,337.76560227272927,36.15,布政-张家潭
36.2,14.800000000000008,338.5056022727293,36.2,布政-张家潭
36.25,14.800000000000008,339.2456022727293,36.25,布政-张家潭
36.300000000000004,14.800000000000008,339.9856022727293,36.300000000000004,布政-张家潭
36.35,14.800000000000008,340.7256022727293,36.35,布政-张家潭
36.4,14.800000000000008,341.4656022727293,36.4,布政-张家潭
36.45,14.800000000000008,342.2056022727293,36.45,布政-张家潭
36.5,14.800000000000008,342.94560227272933,36.5,布政-张家潭
36.550000000000004,14.800000000000008,343.68560227272934,36.550000000000004,布政-张家潭
36.6,14.800000000000008,344.42560227272935,36.6,布政-张家潭
36.65,14.800000000000008,345.16560227272936,36.65,布政-张家潭
36.7,14.800000000000008,345.90560227272937,36.7,布政-张家潭
36.75,14.800000000000008,346.6456022727294,36.75,布政-张家潭
36.800000000000004,14.800000000000008,347.3856022727294,36.800000000000004,布政-张家潭
36.85,14.800000000000008,348.1256022727294,36.85,布政-张家潭
36.9,14.800000000000008,348.8656022727294,36.9,布政-张家潭
36.95,14.800000000000008,349.6056022727294,36.95,布政-张家潭
37.0,14.800000000000008,350.3456022727294,37.0,布政-张家潭
37.050000000000004,14.800000000000008,351.08560227272943,37.050000000000004,布政-张家潭
37.1,14.800000000000008,351.82560227272944,37.1,布政-张家潭
37.15,14.800000000000008,352.56560227272945,37.15,布政-张家潭
37.2,14.800000000000008,353.30560227272946,37.2,布政-张家潭
37.25,14.800000000000008,354.04560227272947,37.25,布政-张家潭
37.300000000000004,14.800000000000008,354.7856022727295,37.300000000000004,布政-张家潭
37.35,14.800000000000008,355.5256022727295,37.35,布政-张家潭
37.4,14.800000000000008,356.2656022727295,37.4,布政-张家潭
37.45,14.800000000000008,357.0056022727295,37.45,布政-张家潭
37.5,14.800000000000008,357.7456022727295,37.5,布政-张家潭
37.550000000000004,14.800000000000008,358.4856022727295,37.550000000000004,布政-张家潭
37.6,14.800000000000008,359.22560227272953,37.6,布政-张家潭
37.65,14.800000000000008,359.96560227272954,37.65,布政-张家潭
37.7,14.800000000000008,360.70560227272955,37.7,布政-张家潭
37.75,14.800000000000008,361.44560227272956,37.75,布政-张家潭
37.800000000000004,14.800000000000008,362.18560227272957,37.800000000000004,布政-张家潭
37.85,14.800000000000008,362.9256022727296,37.85,布政-张家潭
37.9,14.800000000000008,363.6656022727296,37.9,布政-张家潭
37.95,14.800000000000008,364.4056022727296,37.95,布政-张家潭
38.0,14.800000000000008,365.1456022727296,38.0,布政-张家潭
38.050000000000004,14.800000000000008,365.8856022727296,38.050000000000004,布政-张家潭
38.1,14.800000000000008,366.6256022727296,38.1,布政-张家潭
38.15,14.800000000000008,367.36560227272963,38.15,布政-张家潭
38.2,14.800000000000008,368.10560227272964,38.2,布政-张家潭
38.25,14.800000000000008,368.84560227272965,38.25,布政-张家潭
38.300000000000004,14.800000000000008,369.58560227272966,38.300000000000004,布政-张家潭
38.35,14.800000000000008,370.32560227272967,38.35,布政-张家潭
38.400000000000006,14.800000000000008,371.0656022727297,38.400000000000006,布政-张家潭
38.45,14.800000000000008,371.8056022727297,38.45,布政-张家潭
38.5,14.800000000000008,372.5456022727297,38.5,布政-张家潭
38.550000000000004,14.800000000000008,373.2856022727297,38.550000000000004,布政-张家潭
38.6,14.800000000000008,374.0256022727297,38.6,布政-张家潭
38.650000000000006,14.800000000000008,374.7656022727297,38.650000000000006,布政-张家潭
38.7,14.800000000000008,375.50560227272973,38.7,布政-张家潭
38.75,14.800000000000008,376.24560227272974,38.75,布政-张家潭
38.800000000000004,14.800000000000008,376.98560227272975,38.800000000000004,布政-张家潭
38.85,14.800000000000008,377.72560227272976,38.85,布政-张家潭
38.900000000000006,14.800000000000008,378.46560227272977,38.900000000000006,布政-张家潭
38.95,14.800000000000008,379.2056022727298,38.95,布政-张家潭
39.0,14.800000000000008,379.9456022727298,39.0,布政-张家潭
39.050000000000004,14.800000000000008,380.6856022727298,39.050000000000004,布政-张家潭
39.1,14.800000000000008,381.4256022727298,39.1,布政-张家潭
39.150000000000006,14.800000000000008,382.1656022727298,39.150000000000006,布政-张家潭
39.2,14.800000000000008,382.9056022727298,39.2,布政-张家潭
39.25,14.800000000000008,383.64560227272983,39.25,布政-张家潭
39.300000000000004,14.800000000000008,384.38560227272984,39.300000000000004,布政-张家潭
39.35,14.800000000000008,385.12560227272985,39.35,布政-张家潭
39.400000000000006,14.800000000000008,385.86560227272986,39.400000000000006,布政-张家潭
39.45,14.800000000000008,386.60560227272987,39.45,布政-张家潭
39.5,14.800000000000008,387.3456022727299,39.5,布政-张家潭
39.550000000000004,14.800000000000008,388.0856022727299,39.550000000000004,布政-张家潭
39.6,14.800000000000008,388.8256022727299,39.6,布政-张家潭
39.650000000000006,14.800000000000008,389.5656022727299,39.650000000000006,布政-张家潭
39.7,14.800000000000008,390.3056022727299,39.7,布政-张家潭
39.75,14.800000000000008,391.0456022727299,39.75,布政-张家潭
39.800000000000004,14.800000000000008,391.78560227272993,39.800000000000004,布政-张家潭
39.85,14.800000000000008,392.52560227272994,39.85,布政-张家潭
39.900000000000006,14.800000000000008,393.26560227272995,39.900000000000006,布政-张家潭
39.95,14.800000000000008,394.00560227272996,39.95,布政-张家潭
40.0,14.800000000000008,394.74560227272997,40.0,布政-张家潭
40.050000000000004,14.800000000000008,395.48560227273,40.050000000000004,布政-张家潭
40.1,14.800000000000008,396.22560227273,40.1,布政-张家潭
40.150000000000006,14.800000000000008,396.96560227273,40.150000000000006,布政-张家潭
40.2,14.800000000000008,397.70560227273,40.2,布政-张家潭
40.25,14.800000000000008,398.44560227273,40.25,布政-张家潭
40.300000000000004,14.800000000000008,399.18560227273,40.300000000000004,布政-张家潭
40.35,14.800000000000008,399.92560227273003,40.35,布政-张家潭
40.400000000000006,14.800000000000008,400.66560227273004,40.400000000000006,布政-张家潭
40.45,14.800000000000008,401.40560227273005,40.45,布政-张家潭
40.5,14.800000000000008,402.14560227273006,40.5,布政-张家潭
40.550000000000004,14.800000000000008,402.88560227273007,40.550000000000004,布政-张家潭
40.6,14.800000000000008,403.6256022727301,40.6,布政-张家潭
40.650000000000006,14.800000000000008,404.3656022727301,40.650000000000006,布政-张家潭
40.7,14.800000000000008,405.1056022727301,40.7,布政-张家潭
40.75,14.800000000000008,405.8456022727301,40.75,布政-张家潭
40.800000000000004,14.800000000000008,406.5856022727301,40.800000000000004,布政-张家潭
40.85,14.800000000000008,407.3256022727301,40.85,布政-张家潭
40.900000000000006,14.800000000000008,408.06560227273013,40.900000000000006,布政-张家潭
40.95,14.800000000000008,408.80560227273014,40.95,布政-张家潭
41.0,14.800000000000008,409.54560227273015,41.0,布政-张家潭
41.050000000000004,14.800000000000008,410.28560227273016,41.050000000000004,布政-张家潭
41.1,14.800000000000008,411.02560227273017,41.1,布政-张家潭
41.150000000000006,14.800000000000008,411.7656022727302,41.150000000000006,布政-张家潭
41.2,14.800000000000008,412.5056022727302,41.2,布政-张家潭
41.25,14.800000000000008,413.2456022727302,41.25,布政-张家潭
41.300000000000004,14.800000000000008,413.9856022727302,41.300000000000004,布政-张家潭
41.35,14.800000000000008,414.7256022727302,41.35,布政-张家潭
41.400000000000006,14.800000000000008,415.4656022727302,41.400000000000006,布政-张家潭
41.45,14.800000000000008,416.20560227273023,41.45,布政-张家潭
41.5,14.800000000000008,416.94560227273024,41.5,布政-张家潭
41.550000000000004,14.800000000000008,417.68560227273025,41.550000000000004,布政-张家潭
41.6,14.800000000000008,418.42560227273026,41.6,布政-张家潭
41.650000000000006,14.800000000000008,419.16560227273027,41.650000000000006,布政-张家潭
41.7,14.800000000000008,419.9056022727303,41.7,布政-张家潭
41.75,14.800000000000008,420.6456022727303,41.75,布政-张家潭
41.800000000000004,14.800000000000008,421.3856022727303,41.800000000000004,布政-张家潭
41.85,14.800000000000008,422.1256022727303,41.85,布政-张家潭
41.900000000000006,14.800000000000008,422.8656022727303,41.900000000000006,布政-张家潭
41.95,14.800000000000008,423.6056022727303,41.95,布政-张家潭
42.0,14.800000000000008,424.34560227273033,42.0,布政-张家潭
42.050000000000004,14.800000000000008,425.08560227273034,42.050000000000004,布政-张家潭
42.1,14.800000000000008,425.82560227273035,42.1,布政-张家潭
42.150000000000006,14.800000000000008,426.56560227273036,42.150000000000006,布政-张家潭
42.2,14.800000000000008,427.30560227273037,42.2,布政-张家潭
42.25,14.800000000000008,428.0456022727304,42.25,布政-张家潭
42.300000000000004,14.800000000000008,428.7856022727304,42.300000000000004,布政-张家潭
42.35,14.800000000000008,429.5256022727304,42.35,布政-张家潭
42.400000000000006,14.800000000000008,430.2656022727304,42.400000000000006,布政-张家潭
42.45,14.800000000000008,431.0056022727304,42.45,布政-张家潭
42.5,14.800000000000008,431.7456022727304,42.5,布政-张家潭
42.550000000000004,14.800000000000008,432.48560227273043,42.550000000000004,布政-张家潭
42.6,14.800000000000008,433.22560227273044,42.6,布政-张家潭
42.650000000000006,14.800000000000008,433.96560227273045,42.650000000000006,布政-张家潭
42.7,14.800000000000008,434.70560227273046,42.7,布政-张家潭
42.75,14.800000000000008,435.44560227273047,42.75,布政-张家潭
42.800000000000004,14.800000000000008,436.1856022727305,42.800000000000004,布政-张家潭
42.85,14.800000000000008,436.9256022727305,42.85,布政-张家潭
42.900000000000006,14.800000000000008,437.6656022727305,42.900000000000006,布政-张家潭
42.95,14.800000000000008,438.4056022727305,42.95,布政-张家潭
43.0,14.800000000000008,439.1456022727305,43.0,布政-张家潭
43.050000000000004,14.800000000000008,439.8856022727305,43.050000000000004,布政-张家潭
43.1,14.800000000000008,440.62560227273053,43.1,布政-张家潭
43.150000000000006,14.800000000000008,441.36560227273054,43.150000000000006,布政-张家潭
43.2,14.800000000000008,442.10560227273055,43.2,布政-张家潭
43.25,14.800000000000008,442.84560227273056,43.25,布政-张家潭
43.300000000000004,14.800000000000008,443.58560227273057,43.300000000000004,布政-张家潭
43.35,14.800000000000008,444.3256022727306,43.35,布政-张家潭
43.400000000000006,14.800000000000008,445.0656022727306,43.400000000000006,布政-张家潭
43.45,14.800000000000008,445.8056022727306,43.45,布政-张家潭
43.5,14.800000000000008,446.5456022727306,43.5,布政-张家潭
43.550000000000004,14.800000000000008,447.2856022727306,43.550000000000004,布政-张家潭
43.6,14.800000000000008,448.0256022727306,43.6,布政-张家潭
43.650000000000006,14.800000000000008,448.76560227273063,43.650000000000006,布政-张家潭
43.7,14.800000000000008,449.50560227273064,43.7,布政-张家潭
43.75,14.800000000000008,450.24560227273065,43.75,布政-张家潭
43.800000000000004,14.800000000000008,450.98560227273066,43.800000000000004,布政-张家潭
43.85,14.800000000000008,451.72560227273067,43.85,布政-张家潭
43.900000000000006,14.800000000000008,452.4656022727307,43.900000000000006,布政-张家潭
43.95,14.800000000000008,453.2056022727307,43.95,布政-张家潭
44.0,14.800000000000008,453.9456022727307,44.0,布政-张家潭
44.050000000000004,14.800000000000008,454.6856022727307,44.050000000000004,布政-张家潭
44.1,14.800000000000008,455.4256022727307,44.1,布政-张家潭
44.150000000000006,14.800000000000008,456.1656022727307,44.150000000000006,布政-张家潭
44.2,14.800000000000008,456.90560227273073,44.2,布政-张家潭
44.25,14.800000000000008,457.64560227273074,44.25,布政-张家潭
44.300000000000004,14.800000000000008,458.38560227273075,44.300000000000004,布政-张家潭
44.35,14.800000000000008,459.12560227273076,44.35,布政-张家潭
44.400000000000006,14.800000000000008,459.86560227273077,44.400000000000006,布政-张家潭
44.45,14.800000000000008,460.6056022727308,44.45,布政-张家潭
44.5,14.800000000000008,461.3456022727308,44.5,布政-张家潭
44.550000000000004,14.800000000000008,462.0856022727308,44.550000000000004,布政-张家潭
44.6,14.800000000000008,462.8256022727308,44.6,布政-张家潭
44.650000000000006,14.800000000000008,463.5656022727308,44.650000000000006,布政-张家潭
44.7,14.800000000000008,464.3056022727308,44.7,布政-张家潭
44.75,14.800000000000008,465.04560227273083,44.75,布政-张家潭
44.800000000000004,14.800000000000008,465.78560227273084,44.800000000000004,布政-张家潭
44.85,14.800000000000008,466.52560227273085,44.85,布政-张家潭
44.900000000000006,14.800000000000008,467.26560227273086,44.900000000000006,布政-张家潭
44.95,14.800000000000008,468.00560227273087,44.95,布政-张家潭
45.0,14.800000000000008,468.7456022727309,45.0,布政-张家潭
45.050000000000004,14.800000000000008,469.4856022727309,45.050000000000004,布政-张家潭
45.1,14.800000000000008,470.2256022727309,45.1,布政-张家潭
45.150000000000006,14.800000000000008,470.9656022727309,45.150000000000006,布政-张家潭
45.2,14.800000000000008,471.7056022727309,45.2,布政-张家潭
45.25,14.800000000000008,472.4456022727309,45.25,布政-张家潭
45.300000000000004,14.800000000000008,473.18560227273093,45.300000000000004,布政-张家潭
45.35,14.800000000000008,473.92560227273094,45.35,布政-张家潭
45.400000000000006,14.800000000000008,474.66560227273095,45.400000000000006,布政-张家潭
45.45,14.800000000000008,475.40560227273096,45.45,布政-张家潭
45.5,14.800000000000008,476.14560227273097,45.5,布政-张家潭
45.550000000000004,14.800000000000008,476.885602272731,45.550000000000004,布政-张家潭
45.6,14.800000000000008,477.625602272731,45.6,布政-张家潭
45.650000000000006,14.800000000000008,478.365602272731,45.650000000000006,布政-张家潭
45.7,14.800000000000008,479.105602272731,45.7,布政-张家潭
45.75,14.800000000000008,479.845602272731,45.75,布政-张家潭
45.800000000000004,14.800000000000008,480.585602272731,45.800000000000004,布政-张家潭
45.85,14.800000000000008,481.32560227273103,45.85,布政-张家潭
45.900000000000006,14.800000000000008,482.06560227273104,45.900000000000006,布政-张家潭
45.95,14.800000000000008,482.80560227273105,45.95,布政-张家潭
46.0,14.800000000000008,483.54560227273106,46.0,布政-张家潭
46.050000000000004,14.800000000000008,484.28560227273107,46.050000000000004,布政-张家潭
46.1,14.800000000000008,485.0256022727311,46.1,布政-张家潭
46.150000000000006,14.800000000000008,485.7656022727311,46.150000000000006,布政-张家潭
46.2,14.800000000000008,486.5056022727311,46.2,布政-张家潭
46.25,14.800000000000008,487.2456022727311,46.25,布政-张家潭
46.300000000000004,14.800000000000008,487.9856022727311,46.300000000000004,布政-张家潭
46.35,14.800000000000008,488.7256022727311,46.35,布政-张家潭
46.400000000000006,14.800000000000008,489.46560227273113,46.400000000000006,布政-张家潭
46.45,14.800000000000008,490.20560227273114,46.45,布政-张家潭
46.5,14.800000000000008,490.94560227273115,46.5,布政-张家潭
46.550000000000004,14.800000000000008,491.68560227273116,46.550000000000004,布政-张家潭
46.6,14.800000000000008,492.42560227273117,46.6,布政-张家潭
46.650000000000006,14.800000000000008,493.1656022727312,46.650000000000006,布政-张家潭
46.7,14.800000000000008,493.9056022727312,46.7,布政-张家潭
46.75,14.800000000000008,494.6456022727312,46.75,布政-张家潭
46.800000000000004,14.800000000000008,495.3856022727312,46.800000000000004,布政-张家潭
46.85,14.800000000000008,496.1256022727312,46.85,布政-张家潭
46.900000000000006,14.800000000000008,496.8656022727312,46.900000000000006,布政-张家潭
46.95,14.800000000000008,497.60560227273123,46.95,布政-张家潭
47.0,14.800000000000008,498.34560227273124,47.0,布政-张家潭
47.050000000000004,14.800000000000008,499.08560227273125,47.050000000000004,布政-张家潭
47.1,14.800000000000008,499.82560227273126,47.1,布政-张家潭
47.150000000000006,14.800000000000008,500.56560227273127,47.150000000000006,布政-张家潭
47.2,14.800000000000008,501.3056022727313,47.2,布政-张家潭
47.25,14.800000000000008,502.0456022727313,47.25,布政-张家潭
47.300000000000004,14.800000000000008,502.7856022727313,47.300000000000004,布政-张家潭
47.35,14.800000000000008,503.5256022727313,47.35,布政-张家潭
47.400000000000006,14.800000000000008,504.2656022727313,47.400000000000006,布政-张家潭
47.45,14.800000000000008,505.0056022727313,47.45,布政-张家潭
47.5,14.800000000000008,505.74560227273133,47.5,布政-张家潭
47.550000000000004,14.800000000000008,506.48560227273134,47.550000000000004,布政-张家潭
47.6,14.800000000000008,507.22560227273135,47.6,布政-张家潭
47.650000000000006,14.800000000000008,507.96560227273136,47.650000000000006,布政-张家潭
47.7,14.800000000000008,508.70560227273137,47.7,布政-张家潭
47.75,14.800000000000008,509.4456022727314,47.75,布政-张家潭
47.800000000000004,14.800000000000008,510.1856022727314,47.800000000000004,布政-张家潭
47.85,14.800000000000008,510.9256022727314,47.85,布政-张家潭
47.900000000000006,14.800000000000008,511.6656022727314,47.900000000000006,布政-张家潭
47.95,14.800000000000008,512.4056022727314,47.95,布政-张家潭
48.0,14.800000000000008,513.1456022727314,48.0,布政-张家潭
48.050000000000004,14.800000000000008,513.8856022727314,48.050000000000004,布政-张家潭
48.1,14.800000000000008,514.6256022727314,48.1,布政-张家潭
48.150000000000006,14.800000000000008,515.3656022727314,48.150000000000006,布政-张家潭
48.2,14.800000000000008,516.1056022727314,48.2,布政-张家潭
48.25,14.800000000000008,516.8456022727314,48.25,布政-张家潭
48.300000000000004,14.800000000000008,517.5856022727314,48.300000000000004,布政-张家潭
48.35,14.800000000000008,518.3256022727314,48.35,布政-张家潭
48.400000000000006,14.800000000000008,519.0656022727314,48.400000000000006,布政-张家潭
48.45,14.800000000000008,519.8056022727314,48.45,布政-张家潭
48.5,14.800000000000008,520.5456022727315,48.5,布政-张家潭
48.550000000000004,14.800000000000008,521.2856022727315,48.550000000000004,布政-张家潭
48.6,14.800000000000008,522.0256022727315,48.6,布政-张家潭
48.650000000000006,14.800000000000008,522.7656022727315,48.650000000000006,布政-张家潭
48.7,14.800000000000008,523.5056022727315,48.7,布政-张家潭
48.75,14.800000000000008,524.2456022727315,48.75,布政-张家潭
48.800000000000004,14.800000000000008,524.9856022727315,48.800000000000004,布政-张家潭
48.85,14.800000000000008,525.7256022727315,48.85,布政-张家潭
48.900000000000006,14.800000000000008,526.4656022727315,48.900000000000006,布政-张家潭
48.95,14.800000000000008,527.2056022727315,48.95,布政-张家潭
49.0,14.800000000000008,527.9456022727315,49.0,布政-张家潭
49.050000000000004,14.800000000000008,528.6856022727316,49.050000000000004,布政-张家潭
49.1,14.800000000000008,529.4256022727316,49.1,布政-张家潭
49.150000000000006,14.800000000000008,530.1656022727316,49.150000000000006,布政-张家潭
49.2,14.800000000000008,530.9056022727316,49.2,布政-张家潭
49.25,14.800000000000008,531.6456022727316,49.25,布政-张家潭
49.300000000000004,14.800000000000008,532.3856022727316,49.300000000000004,布政-张家潭
49.35,14.800000000000008,533.1256022727316,49.35,布政-张家潭
49.400000000000006,14.800000000000008,533.8656022727316,49.400000000000006,布政-张家潭
49.45,14.800000000000008,534.6056022727316,49.45,布政-张家潭
49.5,14.800000000000008,535.3456022727316,49.5,布政-张家潭
49.550000000000004,14.800000000000008,536.0856022727316,49.550000000000004,布政-张家潭
49.6,14.800000000000008,536.8256022727317,49.6,布政-张家潭
49.650000000000006,14.800000000000008,537.5656022727317,49.650000000000006,布政-张家潭
49.7,14.800000000000008,538.3056022727317,49.7,布政-张家潭
49.75,14.800000000000008,539.0456022727317,49.75,布政-张家潭
49.800000000000004,14.800000000000008,539.7856022727317,49.800000000000004,布政-张家潭
49.85,14.800000000000008,540.5256022727317,49.85,布政-张家潭
49.900000000000006,14.800000000000008,541.2656022727317,49.900000000000006,布政-张家潭
49.95,14.800000000000008,542.0056022727317,49.95,布政-张家潭
50.0,14.800000000000008,542.7456022727317,50.0,布政-张家潭
50.050000000000004,14.800000000000008,543.4856022727317,50.050000000000004,布政-张家潭
50.1,14.800000000000008,544.2256022727317,50.1,布政-张家潭
50.150000000000006,14.800000000000008,544.9656022727318,50.150000000000006,布政-张家潭
50.2,14.800000000000008,545.7056022727318,50.2,布政-张家潭
50.25,14.800000000000008,546.4456022727318,50.25,布政-张家潭
50.300000000000004,14.800000000000008,547.1856022727318,50.300000000000004,布政-张家潭
50.35,14.800000000000008,547.9256022727318,50.35,布政-张家潭
50.400000000000006,14.800000000000008,548.6656022727318,50.400000000000006,布政-张家潭
50.45,14.800000000000008,549.4056022727318,50.45,布政-张家潭
50.5,14.800000000000008,550.1456022727318,50.5,布政-张家潭
50.550000000000004,14.800000000000008,550.8856022727318,50.550000000000004,布政-张家潭
50.6,14.800000000000008,551.6256022727318,50.6,布政-张家潭
50.650000000000006,14.800000000000008,552.3656022727318,50.650000000000006,布政-张家潭
50.7,14.800000000000008,553.1056022727319,50.7,布政-张家潭
50.75,14.800000000000008,553.8456022727319,50.75,布政-张家潭
50.800000000000004,14.800000000000008,554.5856022727319,50.800000000000004,布政-张家潭
50.85,14.800000000000008,555.3256022727319,50.85,布政-张家潭
50.900000000000006,14.800000000000008,556.0656022727319,50.900000000000006,布政-张家潭
50.95,14.800000000000008,556.8056022727319,50.95,布政-张家潭
51.0,14.800000000000008,557.5456022727319,51.0,布政-张家潭
51.050000000000004,14.800000000000008,558.2856022727319,51.050000000000004,布政-张家潭
51.1,14.800000000000008,559.0256022727319,51.1,布政-张家潭
51.150000000000006,14.800000000000008,559.7656022727319,51.150000000000006,布政-张家潭
51.2,14.800000000000008,560.505602272732,51.2,布政-张家潭
51.25,14.800000000000008,561.245602272732,51.25,布政-张家潭
51.300000000000004,14.800000000000008,561.985602272732,51.300000000000004,布政-张家潭
51.35,14.800000000000008,562.725602272732,51.35,布政-张家潭
51.400000000000006,14.800000000000008,563.465602272732,51.400000000000006,布政-张家潭
51.45,14.800000000000008,564.205602272732,51.45,布政-张家潭
51.5,14.800000000000008,564.945602272732,51.5,布政-张家潭
51.550000000000004,14.800000000000008,565.685602272732,51.550000000000004,布政-张家潭
51.6,14.800000000000008,566.425602272732,51.6,布政-张家潭
51.650000000000006,14.800000000000008,567.165602272732,51.650000000000006,布政-张家潭
51.7,14.800000000000008,567.905602272732,51.7,布政-张家潭
51.75,14.800000000000008,568.645602272732,51.75,布政-张家潭
51.800000000000004,14.800000000000008,569.3856022727321,51.800000000000004,布政-张家潭
51.85,14.800000000000008,570.1256022727321,51.85,布政-张家潭
51.900000000000006,14.800000000000008,570.8656022727321,51.900000000000006,布政-张家潭
51.95,14.800000000000008,571.6056022727321,51.95,布政-张家潭
52.0,14.800000000000008,572.3456022727321,52.0,布政-张家潭
52.050000000000004,14.800000000000008,573.0856022727321,52.050000000000004,布政-张家潭
52.1,14.800000000000008,573.8256022727321,52.1,布政-张家潭
52.150000000000006,14.800000000000008,574.5656022727321,52.150000000000006,布政-张家潭
52.2,14.800000000000008,575.3056022727321,52.2,布政-张家潭
52.25,14.800000000000008,576.0456022727321,52.25,布政-张家潭
52.300000000000004,14.800000000000008,576.7856022727321,52.300000000000004,布政-张家潭
52.35,14.800000000000008,577.5256022727322,52.35,布政-张家潭
52.400000000000006,14.800000000000008,578.2656022727322,52.400000000000006,布政-张家潭
52.45,14.800000000000008,579.0056022727322,52.45,布政-张家潭
52.5,14.800000000000008,579.7456022727322,52.5,布政-张家潭
52.550000000000004,14.800000000000008,580.4856022727322,52.550000000000004,布政-张家潭
52.6,14.800000000000008,581.2256022727322,52.6,布政-张家潭
52.650000000000006,14.800000000000008,581.9656022727322,52.650000000000006,布政-张家潭
52.7,14.800000000000008,582.7056022727322,52.7,布政-张家潭
52.75,14.800000000000008,583.4456022727322,52.75,布政-张家潭
52.800000000000004,14.800000000000008,584.1856022727322,52.800000000000004,布政-张家潭
52.85,14.800000000000008,584.9256022727322,52.85,布政-张家潭
52.900000000000006,14.800000000000008,585.6656022727323,52.900000000000006,布政-张家潭
52.95,14.800000000000008,586.4056022727323,52.95,布政-张家潭
53.0,14.800000000000008,587.1456022727323,53.0,布政-张家潭
53.050000000000004,14.800000000000008,587.8856022727323,53.050000000000004,布政-张家潭
53.1,14.800000000000008,588.6256022727323,53.1,布政-张家潭
53.150000000000006,14.800000000000008,589.3656022727323,53.150000000000006,布政-张家潭
53.2,14.800000000000008,590.1056022727323,53.2,布政-张家潭
53.25,14.800000000000008,590.8456022727323,53.25,布政-张家潭
53.300000000000004,14.800000000000008,591.5856022727323,53.300000000000004,布政-张家潭
53.35,14.800000000000008,592.3256022727323,53.35,布政-张家潭
53.400000000000006,14.800000000000008,593.0656022727323,53.400000000000006,布政-张家潭
53.45,14.800000000000008,593.8056022727324,53.45,布政-张家潭
53.5,14.800000000000008,594.5456022727324,53.5,布政-张家潭
53.550000000000004,14.800000000000008,595.2856022727324,53.550000000000004,布政-张家潭
53.6,14.800000000000008,596.0256022727324,53.6,布政-张家潭
53.650000000000006,14.800000000000008,596.7656022727324,53.650000000000006,布政-张家潭
53.7,14.800000000000008,597.5056022727324,53.7,布政-张家潭
53.75,14.800000000000008,598.2456022727324,53.75,布政-张家潭
53.800000000000004,14.800000000000008,598.9856022727324,53.800000000000004,布政-张家潭
53.85,14.800000000000008,599.7256022727324,53.85,布政-张家潭
53.900000000000006,14.800000000000008,600.4656022727324,53.900000000000006,布政-张家潭
53.95,14.800000000000008,601.2056022727324,53.95,布政-张家潭
54.0,14.800000000000008,601.9456022727325,54.0,布政-张家潭
54.050000000000004,14.800000000000008,602.6856022727325,54.050000000000004,布政-张家潭
54.1,14.800000000000008,603.4256022727325,54.1,布政-张家潭
54.150000000000006,14.800000000000008,604.1656022727325,54.150000000000006,布政-张家潭
54.2,14.800000000000008,604.9056022727325,54.2,布政-张家潭
54.25,14.800000000000008,605.6456022727325,54.25,布政-张家潭
54.300000000000004,14.800000000000008,606.3856022727325,54.300000000000004,布政-张家潭
54.35,14.800000000000008,607.1256022727325,54.35,布政-张家潭
54.400000000000006,14.800000000000008,607.8656022727325,54.400000000000006,布政-张家潭
54.45,14.800000000000008,608.6056022727325,54.45,布政-张家潭
54.5,14.800000000000008,609.3456022727325,54.5,布政-张家潭
54.550000000000004,14.800000000000008,610.0856022727326,54.550000000000004,布政-张家潭
54.6,14.800000000000008,610.8256022727326,54.6,布政-张家潭
54.650000000000006,14.800000000000008,611.5656022727326,54.650000000000006,布政-张家潭
54.7,14.800000000000008,612.3056022727326,54.7,布政-张家潭
54.75,14.800000000000008,613.0456022727326,54.75,布政-张家潭
54.800000000000004,14.800000000000008,613.7856022727326,54.800000000000004,布政-张家潭
54.85,14.800000000000008,614.5256022727326,54.85,布政-张家潭
54.900000000000006,14.800000000000008,615.2656022727326,54.900000000000006,布政-张家潭
54.95,14.800000000000008,616.0056022727326,54.95,布政-张家潭
55.0,14.800000000000008,616.7456022727326,55.0,布政-张家潭
55.050000000000004,14.800000000000008,617.4856022727326,55.050000000000004,布政-张家潭
55.1,14.800000000000008,618.2256022727327,55.1,布政-张家潭
55.150000000000006,14.800000000000008,618.9656022727327,55.150000000000006,布政-张家潭
55.2,14.800000000000008,619.7056022727327,55.2,布政-张家潭
55.25,14.800000000000008,620.4456022727327,55.25,布政-张家潭
55.300000000000004,14.800000000000008,621.1856022727327,55.300000000000004,布政-张家潭
55.35,14.800000000000008,621.9256022727327,55.35,布政-张家潭
55.400000000000006,14.800000000000008,622.6656022727327,55.400000000000006,布政-张家潭
55.45,14.800000000000008,623.4056022727327,55.45,布政-张家潭
55.5,14.800000000000008,624.1456022727327,55.5,布政-张家潭
55.550000000000004,14.800000000000008,624.8856022727327,55.550000000000004,布政-张家潭
55.6,14.800000000000008,625.6256022727327,55.6,布政-张家潭
55.650000000000006,14.800000000000008,626.3656022727328,55.650000000000006,布政-张家潭
55.7,14.800000000000008,627.1056022727328,55.7,布政-张家潭
55.75,14.800000000000008,627.8456022727328,55.75,布政-张家潭
55.800000000000004,14.800000000000008,628.5856022727328,55.800000000000004,布政-张家潭
55.85,14.800000000000008,629.3256022727328,55.85,布政-张家潭
55.900000000000006,14.800000000000008,630.0656022727328,55.900000000000006,布政-张家潭
55.95,14.800000000000008,630.8056022727328,55.95,布政-张家潭
56.0,14.800000000000008,631.5456022727328,56.0,布政-张家潭
56.050000000000004,14.800000000000008,632.2856022727328,56.050000000000004,布政-张家潭
56.1,14.800000000000008,633.0256022727328,56.1,布政-张家潭
56.150000000000006,14.800000000000008,633.7656022727328,56.150000000000006,布政-张家潭
56.2,14.800000000000008,634.5056022727329,56.2,布政-张家潭
56.25,14.800000000000008,635.2456022727329,56.25,布政-张家潭
56.300000000000004,14.800000000000008,635.9856022727329,56.300000000000004,布政-张家潭
56.35,14.800000000000008,636.7256022727329,56.35,布政-张家潭
56.400000000000006,14.800000000000008,637.4656022727329,56.400000000000006,布政-张家潭
56.45,14.800000000000008,638.2056022727329,56.45,布政-张家潭
56.5,14.800000000000008,638.9456022727329,56.5,布政-张家潭
56.550000000000004,14.800000000000008,639.6856022727329,56.550000000000004,布政-张家潭
56.6,14.800000000000008,640.4256022727329,56.6,布政-张家潭
56.650000000000006,14.800000000000008,641.1656022727329,56.650000000000006,布政-张家潭
56.7,14.800000000000008,641.905602272733,56.7,布政-张家潭
56.75,14.800000000000008,642.645602272733,56.75,布政-张家潭
56.800000000000004,14.800000000000008,643.385602272733,56.800000000000004,布政-张家潭
56.85,14.800000000000008,644.125602272733,56.85,布政-张家潭
56.900000000000006,14.800000000000008,644.865602272733,56.900000000000006,布政-张家潭
56.95,14.800000000000008,645.605602272733,56.95,布政-张家潭
57.0,14.800000000000008,646.345602272733,57.0,布政-张家潭
57.050000000000004,14.800000000000008,647.085602272733,57.050000000000004,布政-张家潭
57.1,14.800000000000008,647.825602272733,57.1,布政-张家潭
57.150000000000006,14.800000000000008,648.565602272733,57.150000000000006,布政-张家潭
57.2,14.800000000000008,649.305602272733,57.2,布政-张家潭
57.25,14.800000000000008,650.045602272733,57.25,布政-张家潭
57.300000000000004,14.800000000000008,650.7856022727331,57.300000000000004,布政-张家潭
57.35,14.800000000000008,651.5256022727331,57.35,布政-张家潭
57.400000000000006,14.800000000000008,652.2656022727331,57.400000000000006,布政-张家潭
57.45,14.800000000000008,653.0056022727331,57.45,布政-张家潭
57.5,14.800000000000008,653.7456022727331,57.5,布政-张家潭
57.550000000000004,14.800000000000008,654.4856022727331,57.550000000000004,布政-张家潭
57.6,14.800000000000008,655.2256022727331,57.6,布政-张家潭
57.650000000000006,14.800000000000008,655.9656022727331,57.650000000000006,布政-张家潭
57.7,14.800000000000008,656.7056022727331,57.7,布政-张家潭
57.75,14.800000000000008,657.4456022727331,57.75,布政-张家潭
57.800000000000004,14.800000000000008,658.1856022727331,57.800000000000004,布政-张家潭
57.85,14.800000000000008,658.9256022727332,57.85,布政-张家潭
57.900000000000006,14.800000000000008,659.6656022727332,57.900000000000006,布政-张家潭
57.95,14.800000000000008,660.4056022727332,57.95,布政-张家潭
58.0,14.800000000000008,661.1456022727332,58.0,布政-张家潭
58.050000000000004,14.800000000000008,661.8856022727332,58.050000000000004,布政-张家潭
58.1,14.800000000000008,662.6256022727332,58.1,布政-张家潭
58.150000000000006,14.800000000000008,663.3656022727332,58.150000000000006,布政-张家潭
58.2,14.800000000000008,664.1056022727332,58.2,布政-张家潭
58.25,14.800000000000008,664.8456022727332,58.25,布政-张家潭
58.300000000000004,14.800000000000008,665.5856022727332,58.300000000000004,布政-张家潭
58.35,14.800000000000008,666.3256022727332,58.35,布政-张家潭
58.400000000000006,14.800000000000008,667.0656022727333,58.400000000000006,布政-张家潭
58.45,14.800000000000008,667.8056022727333,58.45,布政-张家潭
58.5,14.800000000000008,668.5456022727333,58.5,布政-张家潭
58.550000000000004,14.800000000000008,669.2856022727333,58.550000000000004,布政-张家潭
58.6,14.800000000000008,670.0256022727333,58.6,布政-张家潭
58.650000000000006,14.800000000000008,670.7656022727333,58.650000000000006,布政-张家潭
58.7,14.800000000000008,671.5056022727333,58.7,布政-张家潭
58.75,14.800000000000008,672.2456022727333,58.75,布政-张家潭
58.800000000000004,14.800000000000008,672.9856022727333,58.800000000000004,布政-张家潭
58.85,14.800000000000008,673.7256022727333,58.85,布政-张家潭
58.900000000000006,14.800000000000008,674.4656022727333,58.900000000000006,布政-张家潭
58.95,14.800000000000008,675.2056022727334,58.95,布政-张家潭
59.0,14.800000000000008,675.9456022727334,59.0,布政-张家潭
59.050000000000004,14.800000000000008,676.6856022727334,59.050000000000004,布政-张家潭
59.1,14.800000000000008,677.4256022727334,59.1,布政-张家潭
59.150000000000006,14.800000000000008,678.1656022727334,59.150000000000006,布政-张家潭
59.2,14.800000000000008,678.9056022727334,59.2,布政-张家潭
59.25,14.800000000000008,679.6456022727334,59.25,布政-张家潭
59.300000000000004,14.800000000000008,680.3856022727334,59.300000000000004,布政-张家潭
59.35,14.800000000000008,681.1256022727334,59.35,布政-张家潭
59.400000000000006,14.800000000000008,681.8656022727334,59.400000000000006,布政-张家潭
59.45,14.800000000000008,682.6056022727334,59.45,布政-张家潭
59.5,14.800000000000008,683.3456022727335,59.5,布政-张家潭
59.550000000000004,14.800000000000008,684.0856022727335,59.550000000000004,布政-张家潭
59.6,14.800000000000008,684.8256022727335,59.6,布政-张家潭
59.650000000000006,14.800000000000008,685.5656022727335,59.650000000000006,布政-张家潭
59.7,14.800000000000008,686.3056022727335,59.7,布政-张家潭
59.75,14.800000000000008,687.0456022727335,59.75,布政-张家潭
59.800000000000004,14.800000000000008,687.7856022727335,59.800000000000004,布政-张家潭
59.85,14.800000000000008,688.5256022727335,59.85,布政-张家潭
59.900000000000006,14.800000000000008,689.2656022727335,59.900000000000006,布政-张家潭
59.95,14.800000000000008,690.0056022727335,59.95,布政-张家潭
60.0,14.800000000000008,690.7456022727335,60.0,布政-张家潭
60.050000000000004,14.800000000000008,691.4856022727336,60.050000000000004,布政-张家潭
60.1,14.800000000000008,692.2256022727336,60.1,布政-张家潭
60.150000000000006,14.800000000000008,692.9656022727336,60.150000000000006,布政-张家潭
60.2,14.800000000000008,693.7056022727336,60.2,布政-张家潭
60.25,14.800000000000008,694.4456022727336,60.25,布政-张家潭
60.300000000000004,14.800000000000008,695.1856022727336,60.300000000000004,布政-张家潭
60.35,14.800000000000008,695.9256022727336,60.35,布政-张家潭
60.400000000000006,14.800000000000008,696.6656022727336,60.400000000000006,布政-张家潭
60.45,14.800000000000008,697.4056022727336,60.45,布政-张家潭
60.5,14.800000000000008,698.1456022727336,60.5,布政-张家潭
60.550000000000004,14.800000000000008,698.8856022727336,60.550000000000004,布政-张家潭
60.6,14.800000000000008,699.6256022727337,60.6,布政-张家潭
60.650000000000006,14.800000000000008,700.3656022727337,60.650000000000006,布政-张家潭
60.7,14.800000000000008,701.1056022727337,60.7,布政-张家潭
60.75,14.800000000000008,701.8456022727337,60.75,布政-张家潭
60.800000000000004,14.800000000000008,702.5856022727337,60.800000000000004,布政-张家潭
60.85,14.800000000000008,703.3256022727337,60.85,布政-张家潭
60.900000000000006,14.800000000000008,704.0656022727337,60.900000000000006,布政-张家潭
60.95,14.800000000000008,704.8056022727337,60.95,布政-张家潭
61.0,14.800000000000008,705.5456022727337,61.0,布政-张家潭
61.050000000000004,14.800000000000008,706.2856022727337,61.050000000000004,布政-张家潭
61.1,14.800000000000008,707.0256022727337,61.1,布政-张家潭
61.150000000000006,14.800000000000008,707.7656022727338,61.150000000000006,布政-张家潭
61.2,14.800000000000008,708.5056022727338,61.2,布政-张家潭
61.25,14.800000000000008,709.2456022727338,61.25,布政-张家潭
61.300000000000004,14.800000000000008,709.9856022727338,61.300000000000004,布政-张家潭
61.35,14.800000000000008,710.7256022727338,61.35,布政-张家潭
61.400000000000006,14.800000000000008,711.4656022727338,61.400000000000006,布政-张家潭
61.45,14.800000000000008,712.2056022727338,61.45,布政-张家潭
61.5,14.800000000000008,712.9456022727338,61.5,布政-张家潭
61.550000000000004,14.800000000000008,713.6856022727338,61.550000000000004,布政-张家潭
61.6,14.800000000000008,714.4256022727338,61.6,布政-张家潭
61.650000000000006,14.800000000000008,715.1656022727338,61.650000000000006,布政-张家潭
61.7,14.800000000000008,715.9056022727339,61.7,布政-张家潭
61.75,14.800000000000008,716.6456022727339,61.75,布政-张家潭
61.800000000000004,14.800000000000008,717.3856022727339,61.800000000000004,布政-张家潭
61.85,14.800000000000008,718.1256022727339,61.85,布政-张家潭
61.900000000000006,14.800000000000008,718.8656022727339,61.900000000000006,布政-张家潭
61.95,14.800000000000008,719.6056022727339,61.95,布政-张家潭
62.0,14.800000000000008,720.3456022727339,62.0,布政-张家潭
62.050000000000004,14.800000000000008,721.0856022727339,62.050000000000004,布政-张家潭
62.1,14.800000000000008,721.8256022727339,62.1,布政-张家潭
62.150000000000006,14.800000000000008,722.5656022727339,62.150000000000006,布政-张家潭
62.2,14.800000000000008,723.305602272734,62.2,布政-张家潭
62.25,14.800000000000008,724.045602272734,62.25,布政-张家潭
62.300000000000004,14.800000000000008,724.785602272734,62.300000000000004,布政-张家潭
62.35,14.800000000000008,725.525602272734,62.35,布政-张家潭
62.400000000000006,14.800000000000008,726.265602272734,62.400000000000006,布政-张家潭
62.45,14.800000000000008,727.005602272734,62.45,布政-张家潭
62.5,14.800000000000008,727.745602272734,62.5,布政-张家潭
62.550000000000004,14.800000000000008,728.485602272734,62.550000000000004,布政-张家潭
62.6,14.800000000000008,729.225602272734,62.6,布政-张家潭
62.650000000000006,14.800000000000008,729.965602272734,62.650000000000006,布政-张家潭
62.7,14.800000000000008,730.705602272734,62.7,布政-张家潭
62.75,14.800000000000008,731.445602272734,62.75,布政-张家潭
62.800000000000004,14.800000000000008,732.1856022727341,62.800000000000004,布政-张家潭
62.85,14.800000000000008,732.9256022727341,62.85,布政-张家潭
62.900000000000006,14.800000000000008,733.6656022727341,62.900000000000006,布政-张家潭
62.95,14.800000000000008,734.4056022727341,62.95,布政-张家潭
63.0,14.800000000000008,735.1456022727341,63.0,布政-张家潭
63.050000000000004,14.800000000000008,735.8856022727341,63.050000000000004,布政-张家潭
63.1,14.800000000000008,736.6256022727341,63.1,布政-张家潭
63.150000000000006,14.800000000000008,737.3656022727341,63.150000000000006,布政-张家潭
63.2,14.800000000000008,738.1056022727341,63.2,布政-张家潭
63.25,14.800000000000008,738.8456022727341,63.25,布政-张家潭
63.300000000000004,14.800000000000008,739.5856022727341,63.300000000000004,布政-张家潭
63.35,14.800000000000008,740.3256022727342,63.35,布政-张家潭
63.400000000000006,14.800000000000008,741.0656022727342,63.400000000000006,布政-张家潭
63.45,14.800000000000008,741.8056022727342,63.45,布政-张家潭
63.5,14.800000000000008,742.5456022727342,63.5,布政-张家潭
63.550000000000004,14.800000000000008,743.2856022727342,63.550000000000004,布政-张家潭
63.6,14.800000000000008,744.0256022727342,63.6,布政-张家潭
63.650000000000006,14.800000000000008,744.7656022727342,63.650000000000006,布政-张家潭
63.7,14.800000000000008,745.5056022727342,63.7,布政-张家潭
63.75,14.800000000000008,746.2456022727342,63.75,布政-张家潭
63.800000000000004,14.800000000000008,746.9856022727342,63.800000000000004,布政-张家潭
63.85,14.800000000000008,747.7256022727342,63.85,布政-张家潭
63.900000000000006,14.800000000000008,748.4656022727343,63.900000000000006,布政-张家潭
63.95,14.800000000000008,749.2056022727343,63.95,布政-张家潭
64.0,14.800000000000008,749.9456022727343,64.0,布政-张家潭
64.05,14.800000000000008,750.6856022727343,64.05,布政-张家潭
64.10000000000001,14.800000000000008,751.4256022727343,64.10000000000001,布政-张家潭
64.15,14.800000000000008,752.1656022727343,64.15,布政-张家潭
64.2,14.800000000000008,752.9056022727343,64.2,布政-张家潭
64.25,14.800000000000008,753.6456022727343,64.25,布政-张家潭
64.3,14.800000000000008,754.3856022727343,64.3,布政-张家潭
64.35000000000001,14.800000000000008,755.1256022727343,64.35000000000001,布政-张家潭
64.4,14.800000000000008,755.8656022727343,64.4,布政-张家潭
64.45,14.800000000000008,756.6056022727344,64.45,布政-张家潭
64.5,14.800000000000008,757.3456022727344,64.5,布政-张家潭
64.55,14.800000000000008,758.0856022727344,64.55,布政-张家潭
64.60000000000001,14.800000000000008,758.8256022727344,64.60000000000001,布政-张家潭
64.65,14.800000000000008,759.5656022727344,64.65,布政-张家潭
64.7,14.800000000000008,760.3056022727344,64.7,布政-张家潭
64.75,14.800000000000008,761.0456022727344,64.75,布政-张家潭
64.8,14.800000000000008,761.7856022727344,64.8,布政-张家潭
64.85000000000001,14.800000000000008,762.5256022727344,64.85000000000001,布政-张家潭
64.9,14.800000000000008,763.2656022727344,64.9,布政-张家潭
64.95,14.800000000000008,764.0056022727344,64.95,布政-张家潭
65.0,14.800000000000008,764.7456022727345,65.0,布政-张家潭
65.05,14.800000000000008,765.4856022727345,65.05,布政-张家潭
65.10000000000001,14.800000000000008,766.2256022727345,65.10000000000001,布政-张家潭
65.15,14.800000000000008,766.9656022727345,65.15,布政-张家潭
65.2,14.800000000000008,767.7056022727345,65.2,布政-张家潭
65.25,14.800000000000008,768.4456022727345,65.25,布政-张家潭
65.3,14.800000000000008,769.1856022727345,65.3,布政-张家潭
65.35000000000001,14.800000000000008,769.9256022727345,65.35000000000001,布政-张家潭
65.4,14.800000000000008,770.6656022727345,65.4,布政-张家潭
65.45,14.800000000000008,771.4056022727345,65.45,布政-张家潭
65.5,14.800000000000008,772.1456022727345,65.5,布政-张家潭
65.55,14.800000000000008,772.8856022727346,65.55,布政-张家潭
65.60000000000001,14.800000000000008,773.6256022727346,65.60000000000001,布政-张家潭
65.65,14.800000000000008,774.3656022727346,65.65,布政-张家潭
65.7,14.800000000000008,775.1056022727346,65.7,布政-张家潭
65.75,14.800000000000008,775.8456022727346,65.75,布政-张家潭
65.8,14.800000000000008,776.5856022727346,65.8,布政-张家潭
65.85000000000001,14.800000000000008,777.3256022727346,65.85000000000001,布政-张家潭
65.9,14.800000000000008,778.0656022727346,65.9,布政-张家潭
65.95,14.800000000000008,778.8056022727346,65.95,布政-张家潭
66.0,14.800000000000008,779.5456022727346,66.0,布政-张家潭
66.05,14.800000000000008,780.2856022727346,66.05,布政-张家潭
66.10000000000001,14.800000000000008,781.0256022727347,66.10000000000001,布政-张家潭
66.15,14.800000000000008,781.7656022727347,66.15,布政-张家潭
66.2,14.800000000000008,782.5056022727347,66.2,布政-张家潭
66.25,14.800000000000008,783.2456022727347,66.25,布政-张家潭
66.3,14.800000000000008,783.9856022727347,66.3,布政-张家潭
66.35000000000001,14.800000000000008,784.7256022727347,66.35000000000001,布政-张家潭
66.4,14.800000000000008,785.4656022727347,66.4,布政-张家潭
66.45,14.800000000000008,786.2056022727347,66.45,布政-张家潭
66.5,14.800000000000008,786.9456022727347,66.5,布政-张家潭
66.55,14.800000000000008,787.6856022727347,66.55,布政-张家潭
66.60000000000001,14.800000000000008,788.4256022727347,66.60000000000001,布政-张家潭
66.65,14.800000000000008,789.1656022727348,66.65,布政-张家潭
66.7,14.800000000000008,789.9056022727348,66.7,布政-张家潭
66.75,14.800000000000008,790.6456022727348,66.75,布政-张家潭
66.8,14.800000000000008,791.3856022727348,66.8,布政-张家潭
66.85000000000001,14.800000000000008,792.1256022727348,66.85000000000001,布政-张家潭
66.9,14.800000000000008,792.8656022727348,66.9,布政-张家潭
66.95,14.800000000000008,793.6056022727348,66.95,布政-张家潭
67.0,14.800000000000008,794.3456022727348,67.0,布政-张家潭
67.05,14.800000000000008,795.0856022727348,67.05,布政-张家潭
67.10000000000001,14.800000000000008,795.8256022727348,67.10000000000001,布政-张家潭
67.15,14.800000000000008,796.5656022727348,67.15,布政-张家潭
67.2,14.800000000000008,797.3056022727349,67.2,布政-张家潭
67.25,14.800000000000008,798.0456022727349,67.25,布政-张家潭
67.3,14.800000000000008,798.7856022727349,67.3,布政-张家潭
67.35000000000001,14.800000000000008,799.5256022727349,67.35000000000001,布政-张家潭
67.4,14.800000000000008,800.2656022727349,67.4,布政-张家潭
67.45,14.800000000000008,801.0056022727349,67.45,布政-张家潭
67.5,14.800000000000008,801.7456022727349,67.5,布政-张家潭
67.55,14.800000000000008,802.4856022727349,67.55,布政-张家潭
67.60000000000001,14.800000000000008,803.2256022727349,67.60000000000001,布政-张家潭
67.65,14.800000000000008,803.9656022727349,67.65,布政-张家潭
67.7,14.800000000000008,804.705602272735,67.7,布政-张家潭
67.75,14.800000000000008,805.445602272735,67.75,布政-张家潭
67.8,14.800000000000008,806.185602272735,67.8,布政-张家潭
67.85000000000001,14.800000000000008,806.925602272735,67.85000000000001,布政-张家潭
67.9,14.800000000000008,807.665602272735,67.9,布政-张家潭
67.95,14.800000000000008,808.405602272735,67.95,布政-张家潭
68.0,14.800000000000008,809.145602272735,68.0,布政-张家潭
68.05,14.800000000000008,809.885602272735,68.05,布政-张家潭
68.10000000000001,14.800000000000008,810.625602272735,68.10000000000001,布政-张家潭
68.15,14.800000000000008,811.365602272735,68.15,布政-张家潭
68.2,14.800000000000008,812.105602272735,68.2,布政-张家潭
68.25,14.800000000000008,812.845602272735,68.25,布政-张家潭
68.3,14.800000000000008,813.5856022727351,68.3,布政-张家潭
68.35000000000001,14.800000000000008,814.3256022727351,68.35000000000001,布政-张家潭
68.4,14.800000000000008,815.0656022727351,68.4,布政-张家潭
68.45,14.800000000000008,815.8056022727351,68.45,布政-张家潭
68.5,14.800000000000008,816.5456022727351,68.5,布政-张家潭
68.55,14.800000000000008,817.2856022727351,68.55,布政-张家潭
68.60000000000001,14.800000000000008,818.0256022727351,68.60000000000001,布政-张家潭
68.65,14.800000000000008,818.7656022727351,68.65,布政-张家潭
68.7,14.800000000000008,819.5056022727351,68.7,布政-张家潭
68.75,14.800000000000008,820.2456022727351,68.75,布政-张家潭
68.8,14.800000000000008,820.9856022727352,68.8,布政-张家潭
68.85000000000001,14.800000000000008,821.7256022727352,68.85000000000001,布政-张家潭
68.9,14.800000000000008,822.4656022727352,68.9,布政-张家潭
68.95,14.800000000000008,823.2056022727352,68.95,布政-张家潭
69.0,14.800000000000008,823.9456022727352,69.0,布政-张家潭
69.05,14.800000000000008,824.6856022727352,69.05,布政-张家潭
69.10000000000001,14.800000000000008,825.4256022727352,69.10000000000001,布政-张家潭
69.15,14.800000000000008,826.1656022727352,69.15,布政-张家潭
69.2,14.800000000000008,826.9056022727352,69.2,布政-张家潭
69.25,14.800000000000008,827.6456022727352,69.25,布政-张家潭
69.3,14.800000000000008,828.3856022727352,69.3,布政-张家潭
69.35000000000001,14.800000000000008,829.1256022727353,69.35000000000001,布政-张家潭
69.4,14.800000000000008,829.8656022727353,69.4,布政-张家潭
69.45,14.800000000000008,830.6056022727353,69.45,布政-张家潭
69.5,14.800000000000008,831.3456022727353,69.5,布政-张家潭
69.55,14.800000000000008,832.0856022727353,69.55,布政-张家潭
69.60000000000001,14.800000000000008,832.8256022727353,69.60000000000001,布政-张家潭
69.65,14.800000000000008,833.5656022727353,69.65,布政-张家潭
69.7,14.800000000000008,834.3056022727353,69.7,布政-张家潭
69.75,14.800000000000008,835.0456022727353,69.75,布政-张家潭
69.8,14.800000000000008,835.7856022727353,69.8,布政-张家潭
69.85000000000001,14.800000000000008,836.5256022727353,69.85000000000001,布政-张家潭
69.9,14.800000000000008,837.2656022727354,69.9,布政-张家潭
69.95,14.800000000000008,838.0056022727354,69.95,布政-张家潭
70.0,14.800000000000008,838.7456022727354,70.0,布政-张家潭
70.05,14.800000000000008,839.4856022727354,70.05,布政-张家潭
70.10000000000001,14.800000000000008,840.2256022727354,70.10000000000001,布政-张家潭
70.15,14.800000000000008,840.9656022727354,70.15,布政-张家潭
70.2,14.800000000000008,841.7056022727354,70.2,布政-张家潭
70.25,14.800000000000008,842.4456022727354,70.25,布政-张家潭
70.3,14.800000000000008,843.1856022727354,70.3,布政-张家潭
70.35000000000001,14.800000000000008,843.9256022727354,70.35000000000001,布政-张家潭
70.4,14.800000000000008,844.6656022727354,70.4,布政-张家潭
70.45,14.800000000000008,845.4056022727355,70.45,布政-张家潭
70.5,14.800000000000008,846.1456022727355,70.5,布政-张家潭
70.55,14.800000000000008,846.8856022727355,70.55,布政-张家潭
70.60000000000001,14.800000000000008,847.6256022727355,70.60000000000001,布政-张家潭
70.65,14.800000000000008,848.3656022727355,70.65,布政-张家潭
70.7,14.800000000000008,849.1056022727355,70.7,布政-张家潭
70.75,14.800000000000008,849.8456022727355,70.75,布政-张家潭
70.8,14.800000000000008,850.5856022727355,70.8,布政-张家潭
70.85000000000001,14.800000000000008,851.3256022727355,70.85000000000001,布政-张家潭
70.9,14.800000000000008,852.0656022727355,70.9,布政-张家潭
70.95,14.800000000000008,852.8056022727355,70.95,布政-张家潭
71.0,14.800000000000008,853.5456022727356,71.0,布政-张家潭
71.05,14.800000000000008,854.2856022727356,71.05,布政-张家潭
71.10000000000001,14.800000000000008,855.0256022727356,71.10000000000001,布政-张家潭
71.15,14.800000000000008,855.7656022727356,71.15,布政-张家潭
71.2,14.800000000000008,856.5056022727356,71.2,布政-张家潭
71.25,14.800000000000008,857.2456022727356,71.25,布政-张家潭
71.3,14.800000000000008,857.9856022727356,71.3,布政-张家潭
71.35000000000001,14.800000000000008,858.7256022727356,71.35000000000001,布政-张家潭
71.4,14.800000000000008,859.4656022727356,71.4,布政-张家潭
71.45,14.800000000000008,860.2056022727356,71.45,布政-张家潭
71.5,14.800000000000008,860.9456022727356,71.5,布政-张家潭
71.55,14.800000000000008,861.6856022727357,71.55,布政-张家潭
71.60000000000001,14.800000000000008,862.4256022727357,71.60000000000001,布政-张家潭
71.65,14.800000000000008,863.1656022727357,71.65,布政-张家潭
71.7,14.800000000000008,863.9056022727357,71.7,布政-张家潭
71.75,14.800000000000008,864.6456022727357,71.75,布政-张家潭
71.8,14.800000000000008,865.3856022727357,71.8,布政-张家潭
71.85000000000001,14.800000000000008,866.1256022727357,71.85000000000001,布政-张家潭
71.9,14.800000000000008,866.8656022727357,71.9,布政-张家潭
71.95,14.800000000000008,867.6056022727357,71.95,布政-张家潭
72.0,14.800000000000008,868.3456022727357,72.0,布政-张家潭
72.05,14.800000000000008,869.0856022727357,72.05,布政-张家潭
72.10000000000001,14.800000000000008,869.8256022727358,72.10000000000001,布政-张家潭
72.15,14.800000000000008,870.5656022727358,72.15,布政-张家潭
72.2,14.800000000000008,871.3056022727358,72.2,布政-张家潭
72.25,14.800000000000008,872.0456022727358,72.25,布政-张家潭
72.3,14.800000000000008,872.7856022727358,72.3,布政-张家潭
72.35000000000001,14.800000000000008,873.5256022727358,72.35000000000001,布政-张家潭
72.4,14.800000000000008,874.2656022727358,72.4,布政-张家潭
72.45,14.800000000000008,875.0056022727358,72.45,布政-张家潭
72.5,14.800000000000008,875.7456022727358,72.5,布政-张家潭
72.55,14.800000000000008,876.4856022727358,72.55,布政-张家潭
72.60000000000001,14.800000000000008,877.2256022727358,72.60000000000001,布政-张家潭
72.65,14.800000000000008,877.9656022727359,72.65,布政-张家潭
72.7,14.800000000000008,878.7056022727359,72.7,布政-张家潭
72.75,14.800000000000008,879.4456022727359,72.75,布政-张家潭
72.8,14.800000000000008,880.1856022727359,72.8,布政-张家潭
72.85000000000001,14.800000000000008,880.9256022727359,72.85000000000001,布政-张家潭
72.9,14.800000000000008,881.6656022727359,72.9,布政-张家潭
72.95,14.800000000000008,882.4056022727359,72.95,布政-张家潭
73.0,14.800000000000008,883.1456022727359,73.0,布政-张家潭
73.05,14.800000000000008,883.8856022727359,73.05,布政-张家潭
73.10000000000001,14.800000000000008,884.6256022727359,73.10000000000001,布政-张家潭
73.15,14.800000000000008,885.3656022727359,73.15,布政-张家潭
73.2,14.800000000000008,886.105602272736,73.2,布政-张家潭
73.25,14.800000000000008,886.845602272736,73.25,布政-张家潭
73.3,14.800000000000008,887.585602272736,73.3,布政-张家潭
73.35000000000001,14.800000000000008,888.325602272736,73.35000000000001,布政-张家潭
73.4,14.800000000000008,889.065602272736,73.4,布政-张家潭
73.45,14.800000000000008,889.805602272736,73.45,布政-张家潭
73.5,14.800000000000008,890.545602272736,73.5,布政-张家潭
73.55,14.800000000000008,891.285602272736,73.55,布政-张家潭
73.60000000000001,14.800000000000008,892.025602272736,73.60000000000001,布政-张家潭
73.65,14.800000000000008,892.765602272736,73.65,布政-张家潭
73.7,14.800000000000008,893.505602272736,73.7,布政-张家潭
73.75,14.800000000000008,894.245602272736,73.75,布政-张家潭
73.8,14.800000000000008,894.9856022727361,73.8,布政-张家潭
73.85000000000001,14.800000000000008,895.7256022727361,73.85000000000001,布政-张家潭
73.9,14.800000000000008,896.4656022727361,73.9,布政-张家潭
73.95,14.800000000000008,897.2056022727361,73.95,布政-张家潭
74.0,14.800000000000008,897.9456022727361,74.0,布政-张家潭
74.05,14.800000000000008,898.6856022727361,74.05,布政-张家潭
74.10000000000001,14.800000000000008,899.4256022727361,74.10000000000001,布政-张家潭
74.15,14.800000000000008,900.1656022727361,74.15,布政-张家潭
74.2,14.800000000000008,900.9056022727361,74.2,布政-张家潭
74.25,14.800000000000008,901.6456022727361,74.25,布政-张家潭
74.3,14.800000000000008,902.3856022727362,74.3,布政-张家潭
74.35000000000001,14.800000000000008,903.1256022727362,74.35000000000001,布政-张家潭
74.4,14.800000000000008,903.8656022727362,74.4,布政-张家潭
74.45,14.800000000000008,904.6056022727362,74.45,布政-张家潭
74.5,14.800000000000008,905.3456022727362,74.5,布政-张家潭
74.55,14.800000000000008,906.0856022727362,74.55,布政-张家潭
74.60000000000001,14.800000000000008,906.8256022727362,74.60000000000001,布政-张家潭
74.65,14.800000000000008,907.5656022727362,74.65,布政-张家潭
74.7,14.800000000000008,908.3056022727362,74.7,布政-张家潭
74.75,14.800000000000008,909.0456022727362,74.75,布政-张家潭
74.8,14.800000000000008,909.7856022727362,74.8,布政-张家潭
74.85000000000001,14.800000000000008,910.5256022727363,74.85000000000001,布政-张家潭
74.9,14.800000000000008,911.2656022727363,74.9,布政-张家潭
74.95,14.800000000000008,912.0056022727363,74.95,布政-张家潭
75.0,14.800000000000008,912.7456022727363,75.0,布政-张家潭
75.05,14.800000000000008,913.4856022727363,75.05,布政-张家潭
75.10000000000001,14.800000000000008,914.2256022727363,75.10000000000001,布政-张家潭
75.15,14.800000000000008,914.9656022727363,75.15,布政-张家潭
75.2,14.800000000000008,915.7056022727363,75.2,布政-张家潭
75.25,14.800000000000008,916.4456022727363,75.25,布政-张家潭
75.3,14.800000000000008,917.1856022727363,75.3,布政-张家潭
75.35000000000001,14.800000000000008,917.9256022727363,75.35000000000001,布政-张家潭
75.4,14.800000000000008,918.6656022727364,75.4,布政-张家潭
75.45,14.800000000000008,919.4056022727364,75.45,布政-张家潭
75.5,14.800000000000008,920.1456022727364,75.5,布政-张家潭
75.55,14.800000000000008,920.8856022727364,75.55,布政-张家潭
75.60000000000001,14.800000000000008,921.6256022727364,75.60000000000001,布政-张家潭
75.65,14.800000000000008,922.3656022727364,75.65,布政-张家潭
75.7,14.800000000000008,923.1056022727364,75.7,布政-张家潭
75.75,14.800000000000008,923.8456022727364,75.75,布政-张家潭
75.8,14.800000000000008,924.5856022727364,75.8,布政-张家潭
75.85000000000001,14.800000000000008,925.3256022727364,75.85000000000001,布政-张家潭
75.9,14.800000000000008,926.0656022727364,75.9,布政-张家潭
75.95,14.800000000000008,926.8056022727365,75.95,布政-张家潭
76.0,14.800000000000008,927.5456022727365,76.0,布政-张家潭
76.05,14.800000000000008,928.2856022727365,76.05,布政-张家潭
76.10000000000001,14.800000000000008,929.0256022727365,76.10000000000001,布政-张家潭
76.15,14.800000000000008,929.7656022727365,76.15,布政-张家潭
76.2,14.800000000000008,930.5056022727365,76.2,布政-张家潭
76.25,14.800000000000008,931.2456022727365,76.25,布政-张家潭
76.3,14.800000000000008,931.9856022727365,76.3,布政-张家潭
76.35000000000001,14.800000000000008,932.7256022727365,76.35000000000001,布政-张家潭
76.4,14.800000000000008,933.4656022727365,76.4,布政-张家潭
76.45,14.800000000000008,934.2056022727365,76.45,布政-张家潭
76.5,14.800000000000008,934.9456022727366,76.5,布政-张家潭
76.55,14.800000000000008,935.6856022727366,76.55,布政-张家潭
76.60000000000001,14.800000000000008,936.4256022727366,76.60000000000001,布政-张家潭
76.65,14.800000000000008,937.1656022727366,76.65,布政-张家潭
76.7,14.800000000000008,937.9056022727366,76.7,布政-张家潭
76.75,14.800000000000008,938.6456022727366,76.75,布政-张家潭
76.80000000000001,14.800000000000008,939.3856022727366,76.80000000000001,布政-张家潭
76.85000000000001,14.800000000000008,940.1256022727366,76.85000000000001,布政-张家潭
76.9,14.800000000000008,940.8656022727366,76.9,布政-张家潭
76.95,14.800000000000008,941.6056022727366,76.95,布政-张家潭
77.0,14.800000000000008,942.3456022727366,77.0,布政-张家潭
77.05000000000001,14.800000000000008,943.0856022727367,77.05000000000001,布政-张家潭
77.10000000000001,14.800000000000008,943.8256022727367,77.10000000000001,布政-张家潭
77.15,14.800000000000008,944.5656022727367,77.15,布政-张家潭
77.2,14.800000000000008,945.3056022727367,77.2,布政-张家潭
77.25,14.800000000000008,946.0456022727367,77.25,布政-张家潭
77.30000000000001,14.800000000000008,946.7856022727367,77.30000000000001,布政-张家潭
77.35000000000001,14.800000000000008,947.5256022727367,77.35000000000001,布政-张家潭
77.4,14.800000000000008,948.2656022727367,77.4,布政-张家潭
77.45,14.800000000000008,949.0056022727367,77.45,布政-张家潭
77.5,14.800000000000008,949.7456022727367,77.5,布政-张家潭
77.55000000000001,14.800000000000008,950.4856022727367,77.55000000000001,布政-张家潭
77.60000000000001,14.800000000000008,951.2256022727368,77.60000000000001,布政-张家潭
77.65,14.800000000000008,951.9656022727368,77.65,布政-张家潭
77.7,14.800000000000008,952.7056022727368,77.7,布政-张家潭
77.75,14.800000000000008,953.4456022727368,77.75,布政-张家潭
77.80000000000001,14.800000000000008,954.1856022727368,77.80000000000001,布政-张家潭
77.85000000000001,14.800000000000008,954.9256022727368,77.85000000000001,布政-张家潭
77.9,14.800000000000008,955.6656022727368,77.9,布政-张家潭
77.95,14.800000000000008,956.4056022727368,77.95,布政-张家潭
78.0,14.800000000000008,957.1456022727368,78.0,布政-张家潭
78.05000000000001,14.800000000000008,957.8856022727368,78.05000000000001,布政-张家潭
78.10000000000001,14.800000000000008,958.6256022727368,78.10000000000001,布政-张家潭
78.15,14.800000000000008,959.3656022727369,78.15,布政-张家潭
78.2,14.800000000000008,960.1056022727369,78.2,布政-张家潭
78.25,14.800000000000008,960.8456022727369,78.25,布政-张家潭
78.30000000000001,14.800000000000008,961.5856022727369,78.30000000000001,布政-张家潭
78.35000000000001,14.800000000000008,962.3256022727369,78.35000000000001,布政-张家潭
78.4,14.800000000000008,963.0656022727369,78.4,布政-张家潭
78.45,14.800000000000008,963.8056022727369,78.45,布政-张家潭
78.5,14.800000000000008,964.5456022727369,78.5,布政-张家潭
78.55000000000001,14.800000000000008,965.2856022727369,78.55000000000001,布政-张家潭
78.60000000000001,14.800000000000008,966.0256022727369,78.60000000000001,布政-张家潭
78.65,14.800000000000008,966.7656022727369,78.65,布政-张家潭
78.7,14.800000000000008,967.505602272737,78.7,布政-张家潭
78.75,14.800000000000008,968.245602272737,78.75,布政-张家潭
78.80000000000001,14.800000000000008,968.985602272737,78.80000000000001,布政-张家潭
78.85000000000001,14.800000000000008,969.725602272737,78.85000000000001,布政-张家潭
78.9,14.800000000000008,970.465602272737,78.9,布政-张家潭
78.95,14.800000000000008,971.205602272737,78.95,布政-张家潭
79.0,14.800000000000008,971.945602272737,79.0,布政-张家潭
79.05000000000001,14.800000000000008,972.685602272737,79.05000000000001,布政-张家潭
79.10000000000001,14.800000000000008,973.425602272737,79.10000000000001,布政-张家潭
79.15,14.800000000000008,974.165602272737,79.15,布政-张家潭
79.2,14.800000000000008,974.905602272737,79.2,布政-张家潭
79.25,14.800000000000008,975.645602272737,79.25,布政-张家潭
79.30000000000001,14.800000000000008,976.3856022727371,79.30000000000001,布政-张家潭
79.35000000000001,14.800000000000008,977.1256022727371,79.35000000000001,布政-张家潭
79.4,14.800000000000008,977.8656022727371,79.4,布政-张家潭
79.45,14.800000000000008,978.6056022727371,79.45,布政-张家潭
79.5,14.800000000000008,979.3456022727371,79.5,布政-张家潭
79.55000000000001,14.800000000000008,980.0856022727371,79.55000000000001,布政-张家潭
79.60000000000001,14.800000000000008,980.8256022727371,79.60000000000001,布政-张家潭
79.65,14.800000000000008,981.5656022727371,79.65,布政-张家潭
79.7,14.800000000000008,982.3056022727371,79.7,布政-张家潭
79.75,14.800000000000008,983.0456022727371,79.75,布政-张家潭
79.80000000000001,14.800000000000008,983.7856022727372,79.80000000000001,布政-张家潭
79.85000000000001,14.800000000000008,984.5256022727372,79.85000000000001,布政-张家潭
79.9,14.800000000000008,985.2656022727372,79.9,布政-张家潭
79.95,14.800000000000008,986.0056022727372,79.95,布政-张家潭
80.0,14.800000000000008,986.7456022727372,80.0,布政-张家潭
80.05000000000001,14.800000000000008,987.4856022727372,80.05000000000001,布政-张家潭
80.10000000000001,14.800000000000008,988.2256022727372,80.10000000000001,布政-张家潭
80.15,14.800000000000008,988.9656022727372,80.15,布政-张家潭
80.2,14.800000000000008,989.7056022727372,80.2,布政-张家潭
80.25,14.800000000000008,990.4456022727372,80.25,布政-张家潭
80.30000000000001,14.800000000000008,991.1856022727372,80.30000000000001,布政-张家潭
80.35000000000001,14.800000000000008,991.9256022727373,80.35000000000001,布政-张家潭
80.4,14.800000000000008,992.6656022727373,80.4,布政-张家潭
80.45,14.800000000000008,993.4056022727373,80.45,布政-张家潭
80.5,14.800000000000008,994.1456022727373,80.5,布政-张家潭
80.55000000000001,14.800000000000008,994.8856022727373,80.55000000000001,布政-张家潭
80.60000000000001,14.800000000000008,995.6256022727373,80.60000000000001,布政-张家潭
80.65,14.800000000000008,996.3656022727373,80.65,布政-张家潭
80.7,14.800000000000008,997.1056022727373,80.7,布政-张家潭
80.75,14.800000000000008,997.8456022727373,80.75,布政-张家潭
80.80000000000001,14.800000000000008,998.5856022727373,80.80000000000001,布政-张家潭
80.85000000000001,14.800000000000008,999.3256022727373,80.85000000000001,布政-张家潭
80.9,14.800000000000008,1000.0656022727374,80.9,布政-张家潭
80.95,14.800000000000008,1000.8056022727374,80.95,布政-张家潭
81.0,14.800000000000008,1001.5456022727374,81.0,布政-张家潭
81.05000000000001,14.800000000000008,1002.2856022727374,81.05000000000001,布政-张家潭
81.10000000000001,14.800000000000008,1003.0256022727374,81.10000000000001,布政-张家潭
81.15,14.800000000000008,1003.7656022727374,81.15,布政-张家潭
81.2,14.800000000000008,1004.5056022727374,81.2,布政-张家潭
81.25,14.800000000000008,1005.2456022727374,81.25,布政-张家潭
81.30000000000001,14.800000000000008,1005.9856022727374,81.30000000000001,布政-张家潭
81.35000000000001,14.800000000000008,1006.7256022727374,81.35000000000001,布政-张家潭
81.4,14.800000000000008,1007.4656022727374,81.4,布政-张家潭
81.45,14.800000000000008,1008.2056022727375,81.45,布政-张家潭
81.5,14.800000000000008,1008.9456022727375,81.5,布政-张家潭
81.55000000000001,14.800000000000008,1009.6856022727375,81.55000000000001,布政-张家潭
81.60000000000001,14.800000000000008,1010.4256022727375,81.60000000000001,布政-张家潭
81.65,14.800000000000008,1011.1656022727375,81.65,布政-张家潭
81.7,14.800000000000008,1011.9056022727375,81.7,布政-张家潭
81.75,14.800000000000008,1012.6456022727375,81.75,布政-张家潭
81.80000000000001,14.800000000000008,1013.3856022727375,81.80000000000001,布政-张家潭
81.85000000000001,14.800000000000008,1014.1256022727375,81.85000000000001,布政-张家潭
81.9,14.800000000000008,1014.8656022727375,81.9,布政-张家潭
81.95,14.800000000000008,1015.6056022727375,81.95,布政-张家潭
82.0,14.800000000000008,1016.3456022727376,82.0,布政-张家潭
82.05000000000001,14.800000000000008,1017.0856022727376,82.05000000000001,布政-张家潭
82.10000000000001,14.800000000000008,1017.8256022727376,82.10000000000001,布政-张家潭
82.15,14.800000000000008,1018.5656022727376,82.15,布政-张家潭
82.2,14.800000000000008,1019.3056022727376,82.2,布政-张家潭
82.25,14.800000000000008,1020.0456022727376,82.25,布政-张家潭
82.30000000000001,14.800000000000008,1020.7856022727376,82.30000000000001,布政-张家潭
82.35000000000001,14.800000000000008,1021.5256022727376,82.35000000000001,布政-张家潭
82.4,14.800000000000008,1022.2656022727376,82.4,布政-张家潭
82.45,14.800000000000008,1023.0056022727376,82.45,布政-张家潭
82.5,14.800000000000008,1023.7456022727376,82.5,布政-张家潭
82.55000000000001,14.800000000000008,1024.4856022727377,82.55000000000001,布政-张家潭
82.60000000000001,14.800000000000008,1025.2256022727377,82.60000000000001,布政-张家潭
82.65,14.800000000000008,1025.9656022727377,82.65,布政-张家潭
82.7,14.800000000000008,1026.7056022727377,82.7,布政-张家潭
82.75,14.800000000000008,1027.4456022727377,82.75,布政-张家潭
82.80000000000001,14.800000000000008,1028.1856022727377,82.80000000000001,布政-张家潭
82.85000000000001,14.800000000000008,1028.9256022727377,82.85000000000001,布政-张家潭
82.9,14.800000000000008,1029.6656022727377,82.9,布政-张家潭
82.95,14.800000000000008,1030.4056022727377,82.95,布政-张家潭
83.0,14.800000000000008,1031.1456022727377,83.0,布政-张家潭
83.05000000000001,14.800000000000008,1031.8856022727377,83.05000000000001,布政-张家潭
83.10000000000001,14.800000000000008,1032.6256022727378,83.10000000000001,布政-张家潭
83.15,14.800000000000008,1033.3656022727378,83.15,布政-张家潭
83.2,14.800000000000008,1034.1056022727378,83.2,布政-张家潭
83.25,14.800000000000008,1034.8456022727378,83.25,布政-张家潭
83.30000000000001,14.800000000000008,1035.5856022727378,83.30000000000001,布政-张家潭
83.35000000000001,14.800000000000008,1036.3256022727378,83.35000000000001,布政-张家潭
83.4,14.800000000000008,1037.0656022727378,83.4,布政-张家潭
83.45,14.800000000000008,1037.8056022727378,83.45,布政-张家潭
83.5,14.800000000000008,1038.5456022727378,83.5,布政-张家潭
83.55000000000001,14.800000000000008,1039.2856022727378,83.55000000000001,布政-张家潭
83.60000000000001,14.800000000000008,1040.0256022727378,83.60000000000001,布政-张家潭
83.65,14.800000000000008,1040.7656022727379,83.65,布政-张家潭
83.7,14.800000000000008,1041.5056022727379,83.7,布政-张家潭
83.75,14.800000000000008,1042.2456022727379,83.75,布政-张家潭
83.80000000000001,14.800000000000008,1042.9856022727379,83.80000000000001,布政-张家潭
83.85000000000001,14.800000000000008,1043.725602272738,83.85000000000001,布政-张家潭
83.9,14.800000000000008,1044.465602272738,83.9,布政-张家潭
83.95,14.800000000000008,1045.205602272738,83.95,布政-张家潭
84.0,14.800000000000008,1045.945602272738,84.0,布政-张家潭
84.05000000000001,14.800000000000008,1046.685602272738,84.05000000000001,布政-张家潭
84.10000000000001,14.800000000000008,1047.425602272738,84.10000000000001,布政-张家潭
84.15,14.800000000000008,1048.165602272738,84.15,布政-张家潭
84.2,14.800000000000008,1048.905602272738,84.2,布政-张家潭
84.25,14.800000000000008,1049.645602272738,84.25,布政-张家潭
84.30000000000001,14.800000000000008,1050.385602272738,84.30000000000001,布政-张家潭
84.35000000000001,14.800000000000008,1051.125602272738,84.35000000000001,布政-张家潭
84.4,14.800000000000008,1051.865602272738,84.4,布政-张家潭
84.45,14.800000000000008,1052.605602272738,84.45,布政-张家潭
84.5,14.800000000000008,1053.345602272738,84.5,布政-张家潭
84.55000000000001,14.800000000000008,1054.085602272738,84.55000000000001,布政-张家潭
84.60000000000001,14.800000000000008,1054.825602272738,84.60000000000001,布政-张家潭
84.65,14.800000000000008,1055.565602272738,84.65,布政-张家潭
84.7,14.800000000000008,1056.305602272738,84.7,布政-张家潭
84.75,14.800000000000008,1057.045602272738,84.75,布政-张家潭
84.80000000000001,14.800000000000008,1057.785602272738,84.80000000000001,布政-张家潭
84.85000000000001,14.800000000000008,1058.525602272738,84.85000000000001,布政-张家潭
84.9,14.800000000000008,1059.265602272738,84.9,布政-张家潭
84.95,14.800000000000008,1060.005602272738,84.95,布政-张家潭
85.0,14.800000000000008,1060.745602272738,85.0,布政-张家潭
85.05000000000001,14.800000000000008,1061.485602272738,85.05000000000001,布政-张家潭
85.10000000000001,14.800000000000008,1062.2256022727381,85.10000000000001,布政-张家潭
85.15,14.800000000000008,1062.9656022727381,85.15,布政-张家潭
85.2,14.800000000000008,1063.7056022727381,85.2,布政-张家潭
85.25,14.800000000000008,1064.4456022727381,85.25,布政-张家潭
85.30000000000001,14.800000000000008,1065.1856022727382,85.30000000000001,布政-张家潭
85.35000000000001,14.800000000000008,1065.9256022727382,85.35000000000001,布政-张家潭
85.4,14.800000000000008,1066.6656022727382,85.4,布政-张家潭
85.45,14.800000000000008,1067.4056022727382,85.45,布政-张家潭
85.5,14.800000000000008,1068.1456022727382,85.5,布政-张家潭
85.55000000000001,14.800000000000008,1068.8856022727382,85.55000000000001,布政-张家潭
85.60000000000001,14.800000000000008,1069.6256022727382,85.60000000000001,布政-张家潭
85.65,14.800000000000008,1070.3656022727382,85.65,布政-张家潭
85.7,14.800000000000008,1071.1056022727382,85.7,布政-张家潭
85.75,14.800000000000008,1071.8456022727382,85.75,布政-张家潭
85.80000000000001,14.800000000000008,1072.5856022727382,85.80000000000001,布政-张家潭
85.85000000000001,14.800000000000008,1073.3256022727383,85.85000000000001,布政-张家潭
85.9,14.800000000000008,1074.0656022727383,85.9,布政-张家潭
85.95,14.800000000000008,1074.8056022727383,85.95,布政-张家潭
86.0,14.800000000000008,1075.5456022727383,86.0,布政-张家潭
86.05000000000001,14.800000000000008,1076.2856022727383,86.05000000000001,布政-张家潭
86.10000000000001,14.800000000000008,1077.0256022727383,86.10000000000001,布政-张家潭
86.15,14.800000000000008,1077.7656022727383,86.15,布政-张家潭
86.2,14.800000000000008,1078.5056022727383,86.2,布政-张家潭
86.25,14.800000000000008,1079.2456022727383,86.25,布政-张家潭
86.30000000000001,14.800000000000008,1079.9856022727383,86.30000000000001,布政-张家潭
86.35000000000001,14.800000000000008,1080.7256022727383,86.35000000000001,布政-张家潭
86.4,14.800000000000008,1081.4656022727384,86.4,布政-张家潭
86.45,14.800000000000008,1082.2056022727384,86.45,布政-张家潭
86.5,14.800000000000008,1082.9456022727384,86.5,布政-张家潭
86.55000000000001,14.800000000000008,1083.6856022727384,86.55000000000001,布政-张家潭
86.60000000000001,14.800000000000008,1084.4256022727384,86.60000000000001,布政-张家潭
86.65,14.800000000000008,1085.1656022727384,86.65,布政-张家潭
86.7,14.800000000000008,1085.9056022727384,86.7,布政-张家潭
86.75,14.800000000000008,1086.6456022727384,86.75,布政-张家潭
86.80000000000001,14.800000000000008,1087.3856022727384,86.80000000000001,布政-张家潭
86.85000000000001,14.800000000000008,1088.1256022727384,86.85000000000001,布政-张家潭
86.9,14.800000000000008,1088.8656022727384,86.9,布政-张家潭
86.95,14.800000000000008,1089.6056022727385,86.95,布政-张家潭
87.0,14.800000000000008,1090.3456022727385,87.0,布政-张家潭
87.05000000000001,14.800000000000008,1091.0856022727385,87.05000000000001,布政-张家潭
87.10000000000001,14.800000000000008,1091.8256022727385,87.10000000000001,布政-张家潭
87.15,14.800000000000008,1092.5656022727385,87.15,布政-张家潭
87.2,14.800000000000008,1093.3056022727385,87.2,布政-张家潭
87.25,14.800000000000008,1094.0456022727385,87.25,布政-张家潭
87.30000000000001,14.800000000000008,1094.7856022727385,87.30000000000001,布政-张家潭
87.35000000000001,14.800000000000008,1095.5256022727385,87.35000000000001,布政-张家潭
87.4,14.800000000000008,1096.2656022727385,87.4,布政-张家潭
87.45,14.800000000000008,1097.0056022727385,87.45,布政-张家潭
87.5,14.800000000000008,1097.7456022727386,87.5,布政-张家潭
87.55000000000001,14.800000000000008,1098.4856022727386,87.55000000000001,布政-张家潭
87.60000000000001,14.800000000000008,1099.2256022727386,87.60000000000001,布政-张家潭
87.65,14.800000000000008,1099.9656022727386,87.65,布政-张家潭
87.7,14.800000000000008,1100.7056022727386,87.7,布政-张家潭
87.75,14.800000000000008,1101.4456022727386,87.75,布政-张家潭
87.80000000000001,14.800000000000008,1102.1856022727386,87.80000000000001,布政-张家潭
87.85000000000001,14.800000000000008,1102.9256022727386,87.85000000000001,布政-张家潭
87.9,14.800000000000008,1103.6656022727386,87.9,布政-张家潭
87.95,14.800000000000008,1104.4056022727386,87.95,布政-张家潭
88.0,14.800000000000008,1105.1456022727386,88.0,布政-张家潭
88.05000000000001,14.800000000000008,1105.8856022727387,88.05000000000001,布政-张家潭
88.10000000000001,14.800000000000008,1106.6256022727387,88.10000000000001,布政-张家潭
88.15,14.800000000000008,1107.3656022727387,88.15,布政-张家潭
88.2,14.800000000000008,1108.1056022727387,88.2,布政-张家潭
88.25,14.800000000000008,1108.8456022727387,88.25,布政-张家潭
88.30000000000001,14.800000000000008,1109.5856022727387,88.30000000000001,布政-张家潭
88.35000000000001,14.800000000000008,1110.3256022727387,88.35000000000001,布政-张家潭
88.4,14.800000000000008,1111.0656022727387,88.4,布政-张家潭
88.45,14.800000000000008,1111.8056022727387,88.45,布政-张家潭
88.5,14.800000000000008,1112.5456022727387,88.5,布政-张家潭
88.55000000000001,14.800000000000008,1113.2856022727387,88.55000000000001,布政-张家潭
88.60000000000001,14.800000000000008,1114.0256022727388,88.60000000000001,布政-张家潭
88.65,14.800000000000008,1114.7656022727388,88.65,布政-张家潭
88.7,14.800000000000008,1115.5056022727388,88.7,布政-张家潭
88.75,14.800000000000008,1116.2456022727388,88.75,布政-张家潭
88.80000000000001,14.800000000000008,1116.9856022727388,88.80000000000001,布政-张家潭
88.85000000000001,14.800000000000008,1117.7256022727388,88.85000000000001,布政-张家潭
88.9,14.800000000000008,1118.4656022727388,88.9,布政-张家潭
88.95,14.800000000000008,1119.2056022727388,88.95,布政-张家潭
89.0,14.800000000000008,1119.9456022727388,89.0,布政-张家潭
89.05000000000001,14.800000000000008,1120.6856022727388,89.05000000000001,布政-张家潭
89.10000000000001,14.800000000000008,1121.4256022727388,89.10000000000001,布政-张家潭
89.15,14.800000000000008,1122.1656022727389,89.15,布政-张家潭
89.2,14.800000000000008,1122.9056022727389,89.2,布政-张家潭
89.25,14.800000000000008,1123.6456022727389,89.25,布政-张家潭
89.30000000000001,14.800000000000008,1124.3856022727389,89.30000000000001,布政-张家潭
89.35000000000001,14.800000000000008,1125.125602272739,89.35000000000001,布政-张家潭
89.4,14.800000000000008,1125.865602272739,89.4,布政-张家潭
89.45,14.800000000000008,1126.605602272739,89.45,布政-张家潭
89.5,14.800000000000008,1127.345602272739,89.5,布政-张家潭
89.55000000000001,14.800000000000008,1128.085602272739,89.55000000000001,布政-张家潭
89.60000000000001,14.800000000000008,1128.825602272739,89.60000000000001,布政-张家潭
89.65,14.800000000000008,1129.565602272739,89.65,布政-张家潭
89.7,14.800000000000008,1130.305602272739,89.7,布政-张家潭
89.75,14.800000000000008,1131.045602272739,89.75,布政-张家潭
89.80000000000001,14.800000000000008,1131.785602272739,89.80000000000001,布政-张家潭
89.85000000000001,14.800000000000008,1132.525602272739,89.85000000000001,布政-张家潭
89.9,14.800000000000008,1133.265602272739,89.9,布政-张家潭
89.95,14.800000000000008,1134.005602272739,89.95,布政-张家潭
90.0,14.800000000000008,1134.745602272739,90.0,布政-张家潭
90.05000000000001,14.800000000000008,1135.485602272739,90.05000000000001,布政-张家潭
90.10000000000001,14.800000000000008,1136.225602272739,90.10000000000001,布政-张家潭
90.15,14.800000000000008,1136.965602272739,90.15,布政-张家潭
90.2,14.800000000000008,1137.705602272739,90.2,布政-张家潭
90.25,14.800000000000008,1138.445602272739,90.25,布政-张家潭
90.30000000000001,14.800000000000008,1139.185602272739,90.30000000000001,布政-张家潭
90.35000000000001,14.800000000000008,1139.925602272739,90.35000000000001,布政-张家潭
90.4,14.800000000000008,1140.665602272739,90.4,布政-张家潭
90.45,14.800000000000008,1141.405602272739,90.45,布政-张家潭
90.5,14.800000000000008,1142.145602272739,90.5,布政-张家潭
90.55000000000001,14.800000000000008,1142.885602272739,90.55000000000001,布政-张家潭
90.60000000000001,14.800000000000008,1143.6256022727391,90.60000000000001,布政-张家潭
90.65,14.800000000000008,1144.3656022727391,90.65,布政-张家潭
90.7,14.800000000000008,1145.1056022727391,90.7,布政-张家潭
90.75,14.800000000000008,1145.8456022727391,90.75,布政-张家潭
90.80000000000001,14.800000000000008,1146.5856022727392,90.80000000000001,布政-张家潭
90.85000000000001,14.800000000000008,1147.3256022727392,90.85000000000001,布政-张家潭
90.9,14.800000000000008,1148.0656022727392,90.9,布政-张家潭
90.95,14.800000000000008,1148.8056022727392,90.95,布政-张家潭
91.0,14.800000000000008,1149.5456022727392,91.0,布政-张家潭
91.05000000000001,14.800000000000008,1150.2856022727392,91.05000000000001,布政-张家潭
91.10000000000001,14.800000000000008,1151.0256022727392,91.10000000000001,布政-张家潭
91.15,14.800000000000008,1151.7656022727392,91.15,布政-张家潭
91.2,14.800000000000008,1152.5056022727392,91.2,布政-张家潭
91.25,14.800000000000008,1153.2456022727392,91.25,布政-张家潭
91.30000000000001,14.800000000000008,1153.9856022727392,91.30000000000001,布政-张家潭
91.35000000000001,14.800000000000008,1154.7256022727393,91.35000000000001,布政-张家潭
91.4,14.800000000000008,1155.4656022727393,91.4,布政-张家潭
91.45,14.800000000000008,1156.2056022727393,91.45,布政-张家潭
91.5,14.800000000000008,1156.9456022727393,91.5,布政-张家潭
91.55000000000001,14.800000000000008,1157.6856022727393,91.55000000000001,布政-张家潭
91.60000000000001,14.800000000000008,1158.4256022727393,91.60000000000001,布政-张家潭
91.65,14.800000000000008,1159.1656022727393,91.65,布政-张家潭
91.7,14.800000000000008,1159.9056022727393,91.7,布政-张家潭
91.75,14.800000000000008,1160.6456022727393,91.75,布政-张家潭
91.80000000000001,14.800000000000008,1161.3856022727393,91.80000000000001,布政-张家潭
91.85000000000001,14.800000000000008,1162.1256022727393,91.85000000000001,布政-张家潭
91.9,14.800000000000008,1162.8656022727394,91.9,布政-张家潭
91.95,14.800000000000008,1163.6056022727394,91.95,布政-张家潭
92.0,14.800000000000008,1164.3456022727394,92.0,布政-张家潭
92.05000000000001,14.800000000000008,1165.0856022727394,92.05000000000001,布政-张家潭
92.10000000000001,14.800000000000008,1165.8256022727394,92.10000000000001,布政-张家潭
92.15,14.800000000000008,1166.5656022727394,92.15,布政-张家潭
92.2,14.800000000000008,1167.3056022727394,92.2,布政-张家潭
92.25,14.800000000000008,1168.0456022727394,92.25,布政-张家潭
92.30000000000001,14.800000000000008,1168.7856022727394,92.30000000000001,布政-张家潭
92.35000000000001,14.800000000000008,1169.5256022727394,92.35000000000001,布政-张家潭
92.4,14.800000000000008,1170.2656022727394,92.4,布政-张家潭
92.45,14.800000000000008,1171.0056022727395,92.45,布政-张家潭
92.5,14.800000000000008,1171.7456022727395,92.5,布政-张家潭
92.55000000000001,14.800000000000008,1172.4856022727395,92.55000000000001,布政-张家潭
92.60000000000001,14.800000000000008,1173.2256022727395,92.60000000000001,布政-张家潭
92.65,14.800000000000008,1173.9656022727395,92.65,布政-张家潭
92.7,14.800000000000008,1174.7056022727395,92.7,布政-张家潭
92.75,14.800000000000008,1175.4456022727395,92.75,布政-张家潭
92.80000000000001,14.800000000000008,1176.1856022727395,92.80000000000001,布政-张家潭
92.85000000000001,14.800000000000008,1176.9256022727395,92.85000000000001,布政-张家潭
92.9,14.800000000000008,1177.6656022727395,92.9,布政-张家潭
92.95,14.800000000000008,1178.4056022727395,92.95,布政-张家潭
93.0,14.800000000000008,1179.1456022727396,93.0,布政-张家潭
93.05000000000001,14.800000000000008,1179.8856022727396,93.05000000000001,布政-张家潭
93.10000000000001,14.800000000000008,1180.6256022727396,93.10000000000001,布政-张家潭
93.15,14.800000000000008,1181.3656022727396,93.15,布政-张家潭
93.2,14.800000000000008,1182.1056022727396,93.2,布政-张家潭
93.25,14.800000000000008,1182.8456022727396,93.25,布政-张家潭
93.30000000000001,14.800000000000008,1183.5856022727396,93.30000000000001,布政-张家潭
93.35000000000001,14.800000000000008,1184.3256022727396,93.35000000000001,布政-张家潭
93.4,14.800000000000008,1185.0656022727396,93.4,布政-张家潭
93.45,14.800000000000008,1185.8056022727396,93.45,布政-张家潭
93.5,14.800000000000008,1186.5456022727396,93.5,布政-张家潭
93.55000000000001,14.800000000000008,1187.2856022727397,93.55000000000001,布政-张家潭
93.60000000000001,14.800000000000008,1188.0256022727397,93.60000000000001,布政-张家潭
93.65,14.800000000000008,1188.7656022727397,93.65,布政-张家潭
93.7,14.800000000000008,1189.5056022727397,93.7,布政-张家潭
93.75,14.800000000000008,1190.2456022727397,93.75,布政-张家潭
93.80000000000001,14.800000000000008,1190.9856022727397,93.80000000000001,布政-张家潭
93.85000000000001,14.800000000000008,1191.7256022727397,93.85000000000001,布政-张家潭
93.9,14.800000000000008,1192.4656022727397,93.9,布政-张家潭
93.95,14.800000000000008,1193.2056022727397,93.95,布政-张家潭
94.0,14.800000000000008,1193.9456022727397,94.0,布政-张家潭
94.05000000000001,14.800000000000008,1194.6856022727397,94.05000000000001,布政-张家潭
94.10000000000001,14.800000000000008,1195.4256022727398,94.10000000000001,布政-张家潭
94.15,14.800000000000008,1196.1656022727398,94.15,布政-张家潭
94.2,14.800000000000008,1196.9056022727398,94.2,布政-张家潭
94.25,14.800000000000008,1197.6456022727398,94.25,布政-张家潭
94.30000000000001,14.800000000000008,1198.3856022727398,94.30000000000001,布政-张家潭
94.35000000000001,14.800000000000008,1199.1256022727398,94.35000000000001,布政-张家潭
94.4,14.800000000000008,1199.8656022727398,94.4,布政-张家潭
94.45,14.800000000000008,1200.6056022727398,94.45,布政-张家潭
94.5,14.800000000000008,1201.3456022727398,94.5,布政-张家潭
94.55000000000001,14.800000000000008,1202.0856022727398,94.55000000000001,布政-张家潭
94.60000000000001,14.800000000000008,1202.8256022727398,94.60000000000001,布政-张家潭
94.65,14.800000000000008,1203.5656022727399,94.65,布政-张家潭
94.7,14.800000000000008,1204.3056022727399,94.7,布政-张家潭
94.75,14.800000000000008,1205.0456022727399,94.75,布政-张家潭
94.80000000000001,14.800000000000008,1205.7856022727399,94.80000000000001,布政-张家潭
94.85000000000001,14.800000000000008,1206.52560227274,94.85000000000001,布政-张家潭
94.9,14.800000000000008,1207.26560227274,94.9,布政-张家潭
94.95,14.800000000000008,1208.00560227274,94.95,布政-张家潭
95.0,14.800000000000008,1208.74560227274,95.0,布政-张家潭
95.05000000000001,14.800000000000008,1209.48560227274,95.05000000000001,布政-张家潭
95.10000000000001,14.800000000000008,1210.22560227274,95.10000000000001,布政-张家潭
95.15,14.800000000000008,1210.96560227274,95.15,布政-张家潭
95.2,14.800000000000008,1211.70560227274,95.2,布政-张家潭
95.25,14.800000000000008,1212.44560227274,95.25,布政-张家潭
95.30000000000001,14.800000000000008,1213.18560227274,95.30000000000001,布政-张家潭
95.35000000000001,14.800000000000008,1213.92560227274,95.35000000000001,布政-张家潭
95.4,14.800000000000008,1214.66560227274,95.4,布政-张家潭
95.45,14.800000000000008,1215.40560227274,95.45,布政-张家潭
95.5,14.800000000000008,1216.14560227274,95.5,布政-张家潭
95.55000000000001,14.800000000000008,1216.88560227274,95.55000000000001,布政-张家潭
95.60000000000001,14.800000000000008,1217.62560227274,95.60000000000001,布政-张家潭
95.65,14.800000000000008,1218.36560227274,95.65,布政-张家潭
95.7,14.800000000000008,1219.10560227274,95.7,布政-张家潭
95.75,14.800000000000008,1219.84560227274,95.75,布政-张家潭
95.80000000000001,14.800000000000008,1220.58560227274,95.80000000000001,布政-张家潭
95.85000000000001,14.800000000000008,1221.32560227274,95.85000000000001,布政-张家潭
95.9,14.800000000000008,1222.06560227274,95.9,布政-张家潭
95.95,14.800000000000008,1222.80560227274,95.95,布政-张家潭
96.0,14.800000000000008,1223.54560227274,96.0,布政-张家潭
96.05000000000001,14.800000000000008,1224.28560227274,96.05000000000001,布政-张家潭
96.10000000000001,14.800000000000008,1225.0256022727401,96.10000000000001,布政-张家潭
96.15,14.800000000000008,1225.7656022727401,96.15,布政-张家潭
96.2,14.800000000000008,1226.5056022727401,96.2,布政-张家潭
96.25,14.800000000000008,1227.2456022727401,96.25,布政-张家潭
96.30000000000001,14.800000000000008,1227.9856022727402,96.30000000000001,布政-张家潭
96.35000000000001,14.800000000000008,1228.7256022727402,96.35000000000001,布政-张家潭
96.4,14.800000000000008,1229.4656022727402,96.4,布政-张家潭
96.45,14.800000000000008,1230.2056022727402,96.45,布政-张家潭
96.5,14.800000000000008,1230.9456022727402,96.5,布政-张家潭
96.55000000000001,14.8,1231.6856022727402,96.55000000000001,布政-张家潭
96.60000000000001,14.775000000000002,1232.4243522727402,96.60000000000001,布政-张家潭
96.65,14.750000000000004,1233.1618522727401,96.65,布政-张家潭
96.7,14.725000000000005,1233.89810227274,96.7,布政-张家潭
96.75,14.700000000000006,1234.63310227274,96.75,布政-张家潭
96.80000000000001,14.675,1235.36685227274,96.80000000000001,布政-张家潭
96.85000000000001,14.650000000000002,1236.0993522727401,96.85000000000001,布政-张家潭
96.9,14.625000000000004,1236.8306022727402,96.9,布政-张家潭
96.95,14.600000000000005,1237.5606022727402,96.95,布政-张家潭
97.0,14.575000000000006,1238.2893522727402,97.0,布政-张家潭
97.05000000000001,14.55,1239.0168522727402,97.05000000000001,布政-张家潭
97.10000000000001,14.525000000000002,1239.74310227274,97.10000000000001,布政-张家潭
97.15,14.500000000000004,1240.46810227274,97.15,布政-张家潭
97.2,14.475000000000005,1241.19185227274,97.2,布政-张家潭
97.25,14.450000000000006,1241.9143522727402,97.25,布政-张家潭
97.30000000000001,14.425,1242.6356022727402,97.30000000000001,布政-张家潭
97.35000000000001,14.400000000000002,1243.3556022727403,97.35000000000001,布政-张家潭
97.4,14.375000000000004,1244.0743522727403,97.4,布政-张家潭
97.45,14.350000000000005,1244.7918522727402,97.45,布政-张家潭
97.5,14.325000000000006,1245.5081022727402,97.5,布政-张家潭
97.55000000000001,14.3,1246.22310227274,97.55000000000001,布政-张家潭
97.60000000000001,14.275000000000002,1246.93685227274,97.60000000000001,布政-张家潭
97.65,14.250000000000004,1247.64935227274,97.65,布政-张家潭
97.7,14.225000000000005,1248.3606022727402,97.7,布政-张家潭
97.75,14.200000000000006,1249.0706022727402,97.75,布政-张家潭
97.80000000000001,14.175,1249.7793522727402,97.80000000000001,布政-张家潭
97.85000000000001,14.150000000000002,1250.4868522727402,97.85000000000001,布政-张家潭
97.9,14.125000000000004,1251.1931022727401,97.9,布政-张家潭
97.95,14.100000000000005,1251.89810227274,97.95,布政-张家潭
98.0,14.075000000000006,1252.60185227274,98.0,布政-张家潭
98.05000000000001,14.05,1253.30435227274,98.05000000000001,布政-张家潭
98.10000000000001,14.025000000000002,1254.0056022727401,98.10000000000001,布政-张家潭
98.15,14.000000000000004,1254.7056022727402,98.15,布政-张家潭
98.2,13.975000000000005,1255.4043522727402,98.2,布政-张家潭
98.25,13.950000000000006,1256.1018522727402,98.25,布政-张家潭
98.30000000000001,13.925,1256.7981022727402,98.30000000000001,布政-张家潭
98.35000000000001,13.900000000000002,1257.49310227274,98.35000000000001,布政-张家潭
98.4,13.875000000000004,1258.18685227274,98.4,布政-张家潭
98.45,13.850000000000005,1258.87935227274,98.45,布政-张家潭
98.5,13.825000000000006,1259.5706022727402,98.5,布政-张家潭
98.55000000000001,13.8,1260.2606022727402,98.55000000000001,布政-张家潭
98.60000000000001,13.775000000000002,1260.9493522727403,98.60000000000001,布政-张家潭
98.65,13.750000000000004,1261.6368522727403,98.65,布政-张家潭
98.7,13.725000000000005,1262.3231022727402,98.7,布政-张家潭
98.75,13.700000000000006,1263.0081022727402,98.75,布政-张家潭
98.80000000000001,13.675,1263.69185227274,98.80000000000001,布政-张家潭
98.85000000000001,13.650000000000002,1264.37435227274,98.85000000000001,布政-张家潭
98.9,13.625000000000004,1265.05560227274,98.9,布政-张家潭
98.95,13.600000000000005,1265.7356022727402,98.95,布政-张家潭
99.0,13.575000000000006,1266.4143522727402,99.0,布政-张家潭
99.05000000000001,13.55,1267.0918522727402,99.05000000000001,布政-张家潭
99.10000000000001,13.525000000000002,1267.7681022727402,99.10000000000001,布政-张家潭
99.15,13.500000000000004,1268.4431022727401,99.15,布政-张家潭
99.2,13.475000000000005,1269.11685227274,99.2,布政-张家潭
99.25,13.450000000000006,1269.78935227274,99.25,布政-张家潭
99.30000000000001,13.425,1270.46060227274,99.30000000000001,布政-张家潭
99.35000000000001,13.400000000000002,1271.1306022727401,99.35000000000001,布政-张家潭
99.4,13.375000000000004,1271.7993522727402,99.4,布政-张家潭
99.45,13.350000000000005,1272.4668522727402,99.45,布政-张家潭
99.5,13.325000000000006,1273.1331022727402,99.5,布政-张家潭
99.55000000000001,13.3,1273.7981022727402,99.55000000000001,布政-张家潭
99.60000000000001,13.275000000000002,1274.46185227274,99.60000000000001,布政-张家潭
99.65,13.250000000000004,1275.12435227274,99.65,布政-张家潭
99.7,13.225000000000005,1275.78560227274,99.7,布政-张家潭
99.75,13.200000000000006,1276.4456022727402,99.75,布政-张家潭
99.80000000000001,13.175,1277.1043522727402,99.80000000000001,布政-张家潭
99.85000000000001,13.150000000000002,1277.7618522727403,99.85000000000001,布政-张家潭
99.9,13.125000000000004,1278.4181022727403,99.9,布政-张家潭
99.95,13.100000000000005,1279.0731022727402,99.95,布政-张家潭
100.0,13.075000000000006,1279.7268522727402,100.0,布政-张家潭
100.05000000000001,13.05,1280.37935227274,100.05000000000001,布政-张家潭
100.10000000000001,13.025000000000002,1281.03060227274,100.10000000000001,布政-张家潭
100.15,13.000000000000004,1281.68060227274,100.15,布政-张家潭
100.2,12.975000000000005,1282.3293522727402,100.2,布政-张家潭
100.25,12.950000000000006,1282.9768522727402,100.25,布政-张家潭
100.30000000000001,12.925,1283.6231022727402,100.30000000000001,布政-张家潭
100.35000000000001,12.900000000000002,1284.2681022727402,100.35000000000001,布政-张家潭
100.4,12.875000000000004,1284.9118522727401,100.4,布政-张家潭
100.45,12.850000000000005,1285.55435227274,100.45,布政-张家潭
100.5,12.825000000000006,1286.19560227274,100.5,布政-张家潭
100.55000000000001,12.8,1286.83560227274,100.55000000000001,布政-张家潭
100.60000000000001,12.775000000000002,1287.4743522727401,100.60000000000001,布政-张家潭
100.65,12.750000000000004,1288.1118522727402,100.65,布政-张家潭
100.7,12.725000000000005,1288.7481022727402,100.7,布政-张家潭
100.75,12.700000000000006,1289.3831022727402,100.75,布政-张家潭
100.80000000000001,12.675,1290.0168522727402,100.80000000000001,布政-张家潭
100.85000000000001,12.650000000000002,1290.64935227274,100.85000000000001,布政-张家潭
100.9,12.625000000000004,1291.28060227274,100.9,布政-张家潭
100.95,12.600000000000005,1291.91060227274,100.95,布政-张家潭
101.0,12.575000000000006,1292.5393522727402,101.0,布政-张家潭
101.05000000000001,12.55,1293.1668522727402,101.05000000000001,布政-张家潭
101.10000000000001,12.525000000000002,1293.7931022727403,101.10000000000001,布政-张家潭
101.15,12.500000000000004,1294.4181022727403,101.15,布政-张家潭
101.2,12.475000000000005,1295.0418522727402,101.2,布政-张家潭
101.25,12.450000000000006,1295.6643522727402,101.25,布政-张家潭
101.30000000000001,12.425,1296.28560227274,101.30000000000001,布政-张家潭
101.35000000000001,12.400000000000002,1296.90560227274,101.35000000000001,布政-张家潭
101.4,12.375000000000004,1297.52435227274,101.4,布政-张家潭
101.45,12.350000000000005,1298.1418522727402,101.45,布政-张家潭
101.5,12.325000000000006,1298.7581022727402,101.5,布政-张家潭
101.55000000000001,12.3,1299.3731022727402,101.55000000000001,布政-张家潭
101.60000000000001,12.275000000000002,1299.9868522727402,101.60000000000001,布政-张家潭
101.65,12.250000000000004,1300.5993522727401,101.65,布政-张家潭
101.7,12.225000000000005,1301.21060227274,101.7,布政-张家潭
101.75,12.200000000000006,1301.82060227274,101.75,布政-张家潭
101.80000000000001,12.175,1302.42935227274,101.80000000000001,布政-张家潭
101.85000000000001,12.150000000000002,1303.0368522727401,101.85000000000001,布政-张家潭
101.9,12.125000000000004,1303.6431022727402,101.9,布政-张家潭
101.95,12.100000000000005,1304.2481022727402,101.95,布政-张家潭
102.0,12.075000000000006,1304.8518522727402,102.0,布政-张家潭
102.05000000000001,12.05,1305.4543522727402,102.05000000000001,布政-张家潭
102.10000000000001,12.025000000000002,1306.05560227274,102.10000000000001,布政-张家潭
102.15,12.000000000000004,1306.65560227274,102.15,布政-张家潭
102.2,11.975000000000005,1307.25435227274,102.2,布政-张家潭
102.25,11.950000000000006,1307.8518522727402,102.25,布政-张家潭
102.30000000000001,11.925,1308.4481022727402,102.30000000000001,布政-张家潭
102.35000000000001,11.900000000000002,1309.0431022727403,102.35000000000001,布政-张家潭
102.4,11.875000000000004,1309.6368522727403,102.4,布政-张家潭
102.45,11.850000000000005,1310.2293522727402,102.45,布政-张家潭
102.5,11.825000000000006,1310.8206022727402,102.5,布政-张家潭
102.55000000000001,11.8,1311.41060227274,102.55000000000001,布政-张家潭
102.60000000000001,11.775000000000002,1311.99935227274,102.60000000000001,布政-张家潭
102.65,11.750000000000004,1312.58685227274,102.65,布政-张家潭
102.7,11.725000000000005,1313.1731022727402,102.7,布政-张家潭
102.75,11.700000000000006,1313.7581022727402,102.75,布政-张家潭
102.80000000000001,11.675,1314.3418522727402,102.80000000000001,布政-张家潭
102.85000000000001,11.650000000000002,1314.9243522727402,102.85000000000001,布政-张家潭
102.9,11.625000000000004,1315.5056022727401,102.9,布政-张家潭
102.95,11.600000000000005,1316.08560227274,102.95,布政-张家潭
103.0,11.575000000000006,1316.66435227274,103.0,布政-张家潭
103.05000000000001,11.55,1317.24185227274,103.05000000000001,布政-张家潭
103.10000000000001,11.525000000000002,1317.8181022727401,103.10000000000001,布政-张家潭
103.15,11.500000000000004,1318.3931022727402,103.15,布政-张家潭
103.2,11.475000000000005,1318.9668522727402,103.2,布政-张家潭
103.25,11.450000000000006,1319.5393522727402,103.25,布政-张家潭
103.30000000000001,11.425,1320.1106022727402,103.30000000000001,布政-张家潭
103.35000000000001,11.400000000000002,1320.68060227274,103.35000000000001,布政-张家潭
103.4,11.375000000000004,1321.24935227274,103.4,布政-张家潭
103.45,11.350000000000005,1321.81685227274,103.45,布政-张家潭
103.5,11.325000000000006,1322.3831022727402,103.5,布政-张家潭
103.55000000000001,11.3,1322.9481022727402,103.55000000000001,布政-张家潭
103.60000000000001,11.275000000000002,1323.5118522727403,103.60000000000001,布政-张家潭
103.65,11.250000000000004,1324.0743522727403,103.65,布政-张家潭
103.7,11.225000000000005,1324.6356022727402,103.7,布政-张家潭
103.75,11.200000000000006,1325.1956022727402,103.75,布政-张家潭
103.80000000000001,11.175,1325.75435227274,103.80000000000001,布政-张家潭
103.85000000000001,11.150000000000002,1326.31185227274,103.85000000000001,布政-张家潭
103.9,11.125000000000004,1326.86810227274,103.9,布政-张家潭
103.95,11.100000000000005,1327.4231022727402,103.95,布政-张家潭
104.0,11.075000000000006,1327.9768522727402,104.0,布政-张家潭
104.05000000000001,11.05,1328.5293522727402,104.05000000000001,布政-张家潭
104.10000000000001,11.025000000000002,1329.0806022727402,104.10000000000001,布政-张家潭
104.15,11.000000000000004,1329.6306022727401,104.15,布政-张家潭
104.2,10.975000000000005,1330.17935227274,104.2,布政-张家潭
104.25,10.950000000000006,1330.72685227274,104.25,布政-张家潭
104.30000000000001,10.925,1331.27310227274,104.30000000000001,布政-张家潭
104.35000000000001,10.900000000000002,1331.8181022727401,104.35000000000001,布政-张家潭
104.4,10.875000000000004,1332.3618522727402,104.4,布政-张家潭
104.45,10.850000000000005,1332.9043522727402,104.45,布政-张家潭
104.5,10.825000000000006,1333.4456022727402,104.5,布政-张家潭
104.55000000000001,10.8,1333.9856022727402,104.55000000000001,布政-张家潭
104.60000000000001,10.775000000000002,1334.52435227274,104.60000000000001,布政-张家潭
104.65,10.750000000000004,1335.06185227274,104.65,布政-张家潭
104.7,10.725000000000005,1335.59810227274,104.7,布政-张家潭
104.75,10.700000000000006,1336.1331022727402,104.75,布政-张家潭
104.80000000000001,10.675,1336.6668522727402,104.80000000000001,布政-张家潭
104.85000000000001,10.650000000000002,1337.1993522727403,104.85000000000001,布政-张家潭
104.9,10.625000000000004,1337.7306022727403,104.9,布政-张家潭
104.95,10.600000000000005,1338.2606022727402,104.95,布政-张家潭
105.0,10.575000000000006,1338.7893522727402,105.0,布政-张家潭
105.05000000000001,10.55,1339.31685227274,105.05000000000001,布政-张家潭
105.10000000000001,10.525000000000002,1339.84310227274,105.10000000000001,布政-张家潭
105.15,10.500000000000004,1340.36810227274,105.15,布政-张家潭
105.2,10.475000000000005,1340.8918522727402,105.2,布政-张家潭
105.25,10.450000000000006,1341.4143522727402,105.25,布政-张家潭
105.30000000000001,10.425,1341.9356022727402,105.30000000000001,布政-张家潭
105.35000000000001,10.400000000000002,1342.4556022727402,105.35000000000001,布政-张家潭
105.4,10.375000000000004,1342.9743522727401,105.4,布政-张家潭
105.45,10.350000000000005,1343.49185227274,105.45,布政-张家潭
105.5,10.325000000000006,1344.00810227274,105.5,布政-张家潭
105.55000000000001,10.3,1344.52310227274,105.55000000000001,布政-张家潭
105.60000000000001,10.275000000000002,1345.0368522727401,105.60000000000001,布政-张家潭
105.65,10.250000000000004,1345.5493522727402,105.65,布政-张家潭
105.7,10.225000000000005,1346.0606022727402,105.7,布政-张家潭
105.75,10.200000000000006,1346.5706022727402,105.75,布政-张家潭
105.80000000000001,10.175,1347.0793522727402,105.80000000000001,布政-张家潭
105.85000000000001,10.150000000000002,1347.58685227274,105.85000000000001,布政-张家潭
105.9,10.125000000000004,1348.09310227274,105.9,布政-张家潭
105.95,10.100000000000005,1348.59810227274,105.95,布政-张家潭
106.0,10.075000000000006,1349.1018522727402,106.0,布政-张家潭
106.05000000000001,10.05,1349.6043522727402,106.05000000000001,布政-张家潭
106.10000000000001,10.025000000000002,1350.1056022727403,106.10000000000001,布政-张家潭
106.15,10.000000000000004,1350.6056022727403,106.15,布政-张家潭
106.2,9.975000000000005,1351.1043522727402,106.2,布政-张家潭
106.25,9.950000000000006,1351.6018522727402,106.25,布政-张家潭
106.30000000000001,9.925,1352.09810227274,106.30000000000001,布政-张家潭
106.35000000000001,9.900000000000002,1352.59310227274,106.35000000000001,布政-张家潭
106.4,9.875000000000004,1353.08685227274,106.4,布政-张家潭
106.45,9.850000000000005,1353.5793522727402,106.45,布政-张家潭
106.5,9.825000000000006,1354.0706022727402,106.5,布政-张家潭
106.55000000000001,9.8,1354.5606022727402,106.55000000000001,布政-张家潭
106.60000000000001,9.775000000000002,1355.0493522727402,106.60000000000001,布政-张家潭
106.65,9.750000000000004,1355.5368522727401,106.65,布政-张家潭
106.7,9.725000000000005,1356.02310227274,106.7,布政-张家潭
106.75,9.700000000000006,1356.50810227274,106.75,布政-张家潭
106.80000000000001,9.675,1356.99185227274,106.80000000000001,布政-张家潭
106.85000000000001,9.650000000000002,1357.4743522727401,106.85000000000001,布政-张家潭
106.9,9.625000000000004,1357.9556022727402,106.9,布政-张家潭
106.95,9.600000000000005,1358.4356022727402,106.95,布政-张家潭
107.0,9.575000000000006,1358.9143522727402,107.0,布政-张家潭
107.05000000000001,9.55,1359.3918522727402,107.05000000000001,布政-张家潭
107.10000000000001,9.525000000000002,1359.86810227274,107.10000000000001,布政-张家潭
107.15,9.500000000000004,1360.34310227274,107.15,布政-张家潭
107.2,9.475000000000005,1360.81685227274,107.2,布政-张家潭
107.25,9.450000000000006,1361.2893522727402,107.25,布政-张家潭
107.30000000000001,9.425,1361.7606022727402,107.30000000000001,布政-张家潭
107.35000000000001,9.400000000000002,1362.2306022727403,107.35000000000001,布政-张家潭
107.4,9.375000000000004,1362.6993522727403,107.4,布政-张家潭
107.45,9.350000000000005,1363.1668522727402,107.45,布政-张家潭
107.5,9.325000000000006,1363.6331022727402,107.5,布政-张家潭
107.55000000000001,9.3,1364.09810227274,107.55000000000001,布政-张家潭
107.60000000000001,9.275000000000002,1364.56185227274,107.60000000000001,布政-张家潭
107.65,9.250000000000004,1365.02435227274,107.65,布政-张家潭
107.7,9.225000000000005,1365.4856022727402,107.7,布政-张家潭
107.75,9.200000000000006,1365.9456022727402,107.75,布政-张家潭
107.80000000000001,9.175,1366.4043522727402,107.80000000000001,布政-张家潭
107.85000000000001,9.150000000000002,1366.8618522727402,107.85000000000001,布政-张家潭
107.9,9.125000000000004,1367.3181022727401,107.9,布政-张家潭
107.95,9.100000000000005,1367.77310227274,107.95,布政-张家潭
108.0,9.075000000000006,1368.22685227274,108.0,布政-张家潭
108.05000000000001,9.05,1368.67935227274,108.05000000000001,布政-张家潭
108.10000000000001,9.025000000000002,1369.1306022727401,108.10000000000001,布政-张家潭
108.15,9.000000000000004,1369.5806022727402,108.15,布政-张家潭
108.2,8.975000000000005,1370.0293522727402,108.2,布政-张家潭
108.25,8.950000000000006,1370.4768522727402,108.25,布政-张家潭
108.30000000000001,8.925,1370.9231022727402,108.30000000000001,布政-张家潭
108.35000000000001,8.900000000000002,1371.36810227274,108.35000000000001,布政-张家潭
108.4,8.875000000000004,1371.81185227274,108.4,布政-张家潭
108.45,8.850000000000005,1372.25435227274,108.45,布政-张家潭
108.5,8.825000000000006,1372.6956022727402,108.5,布政-张家潭
108.55000000000001,8.8,1373.1356022727402,108.55000000000001,布政-张家潭
108.60000000000001,8.775000000000002,1373.5743522727403,108.60000000000001,布政-张家潭
108.65,8.750000000000004,1374.0118522727403,108.65,布政-张家潭
108.7,8.725000000000005,1374.4481022727402,108.7,布政-张家潭
108.75,8.700000000000006,1374.8831022727402,108.75,布政-张家潭
108.80000000000001,8.675,1375.31685227274,108.80000000000001,布政-张家潭
108.85000000000001,8.650000000000002,1375.74935227274,108.85000000000001,布政-张家潭
108.9,8.625000000000004,1376.18060227274,108.9,布政-张家潭
108.95,8.600000000000005,1376.6106022727402,108.95,布政-张家潭
109.0,8.575000000000006,1377.0393522727402,109.0,布政-张家潭
109.05000000000001,8.55,1377.4668522727402,109.05000000000001,布政-张家潭
109.10000000000001,8.525000000000002,1377.8931022727402,109.10000000000001,布政-张家潭
109.15,8.500000000000004,1378.3181022727401,109.15,布政-张家潭
109.2,8.475000000000005,1378.74185227274,109.2,布政-张家潭
109.25,8.450000000000006,1379.16435227274,109.25,布政-张家潭
109.30000000000001,8.425,1379.58560227274,109.30000000000001,布政-张家潭
109.35000000000001,8.400000000000002,1380.0056022727401,109.35000000000001,布政-张家潭
109.4,8.375000000000004,1380.4243522727402,109.4,布政-张家潭
109.45,8.350000000000005,1380.8418522727402,109.45,布政-张家潭
109.5,8.325000000000006,1381.2581022727402,109.5,布政-张家潭
109.55000000000001,8.3,1381.6731022727402,109.55000000000001,布政-张家潭
109.60000000000001,8.275000000000002,1382.08685227274,109.60000000000001,布政-张家潭
109.65,8.250000000000004,1382.49935227274,109.65,布政-张家潭
109.7,8.225000000000005,1382.91060227274,109.7,布政-张家潭
109.75,8.200000000000006,1383.3206022727402,109.75,布政-张家潭
109.80000000000001,8.175,1383.7293522727402,109.80000000000001,布政-张家潭
109.85000000000001,8.150000000000002,1384.1368522727403,109.85000000000001,布政-张家潭
109.9,8.125000000000004,1384.5431022727403,109.9,布政-张家潭
109.95,8.100000000000005,1384.9481022727402,109.95,布政-张家潭
110.0,8.075000000000006,1385.3518522727402,110.0,布政-张家潭
110.05000000000001,8.05,1385.75435227274,110.05000000000001,布政-张家潭
110.10000000000001,8.025000000000002,1386.15560227274,110.10000000000001,布政-张家潭
110.15,8.000000000000004,1386.55560227274,110.15,布政-张家潭
110.2,7.975000000000005,1386.9543522727402,110.2,布政-张家潭
110.25,7.950000000000006,1387.3518522727402,110.25,布政-张家潭
110.30000000000001,7.925000000000001,1387.7481022727402,110.30000000000001,布政-张家潭
110.35000000000001,7.900000000000002,1388.1431022727402,110.35000000000001,布政-张家潭
110.4,7.8750000000000036,1388.5368522727401,110.4,布政-张家潭
110.45,7.850000000000005,1388.92935227274,110.45,布政-张家潭
110.5,7.825000000000006,1389.32060227274,110.5,布政-张家潭
110.55000000000001,7.800000000000001,1389.71060227274,110.55000000000001,布政-张家潭
110.60000000000001,7.775000000000002,1390.0993522727401,110.60000000000001,布政-张家潭
110.65,7.7500000000000036,1390.4868522727402,110.65,布政-张家潭
110.7,7.725000000000005,1390.8731022727402,110.7,布政-张家潭
110.75,7.700000000000006,1391.2581022727402,110.75,布政-张家潭
110.80000000000001,7.675000000000001,1391.6418522727402,110.80000000000001,布政-张家潭
110.85000000000001,7.650000000000002,1392.02435227274,110.85000000000001,布政-张家潭
110.9,7.6250000000000036,1392.40560227274,110.9,布政-张家潭
110.95,7.600000000000005,1392.78560227274,110.95,布政-张家潭
111.0,7.575000000000006,1393.1643522727402,111.0,布政-张家潭
111.05000000000001,7.550000000000001,1393.5418522727402,111.05000000000001,布政-张家潭
111.10000000000001,7.525000000000002,1393.9181022727403,111.10000000000001,布政-张家潭
111.15,7.5000000000000036,1394.2931022727403,111.15,布政-张家潭
111.2,7.475000000000005,1394.6668522727402,111.2,布政-张家潭
111.25,7.450000000000006,1395.0393522727402,111.25,布政-张家潭
111.30000000000001,7.425000000000001,1395.41060227274,111.30000000000001,布政-张家潭
111.35000000000001,7.400000000000002,1395.78060227274,111.35000000000001,布政-张家潭
111.4,7.3750000000000036,1396.14935227274,111.4,布政-张家潭
111.45,7.350000000000005,1396.5168522727402,111.45,布政-张家潭
111.5,7.325000000000006,1396.8831022727402,111.5,布政-张家潭
111.55000000000001,7.300000000000001,1397.2481022727402,111.55000000000001,布政-张家潭
111.60000000000001,7.275000000000002,1397.6118522727402,111.60000000000001,布政-张家潭
111.65,7.2500000000000036,1397.9743522727401,111.65,布政-张家潭
111.7,7.225000000000005,1398.33560227274,111.7,布政-张家潭
111.75,7.200000000000006,1398.69560227274,111.75,布政-张家潭
111.80000000000001,7.175000000000001,1399.05435227274,111.80000000000001,布政-张家潭
111.85000000000001,7.150000000000002,1399.4118522727401,111.85000000000001,布政-张家潭
111.9,7.1250000000000036,1399.7681022727402,111.9,布政-张家潭
111.95,7.100000000000005,1400.1231022727402,111.95,布政-张家潭
112.0,7.075000000000006,1400.4768522727402,112.0,布政-张家潭
112.05000000000001,7.050000000000001,1400.8293522727402,112.05000000000001,布政-张家潭
112.10000000000001,7.025000000000002,1401.18060227274,112.10000000000001,布政-张家潭
112.15,7.0000000000000036,1401.53060227274,112.15,布政-张家潭
112.2,6.975000000000005,1401.87935227274,112.2,布政-张家潭
112.25,6.950000000000006,1402.2268522727402,112.25,布政-张家潭
112.30000000000001,6.925000000000001,1402.5731022727402,112.30000000000001,布政-张家潭
112.35000000000001,6.900000000000002,1402.9181022727403,112.35000000000001,布政-张家潭
112.4,6.8750000000000036,1403.2618522727403,112.4,布政-张家潭
112.45,6.850000000000005,1403.6043522727402,112.45,布政-张家潭
112.5,6.825000000000006,1403.9456022727402,112.5,布政-张家潭
112.55000000000001,6.800000000000001,1404.28560227274,112.55000000000001,布政-张家潭
112.60000000000001,6.775000000000002,1404.62435227274,112.60000000000001,布政-张家潭
112.65,6.7500000000000036,1404.96185227274,112.65,布政-张家潭
112.7,6.725000000000005,1405.2981022727402,112.7,布政-张家潭
112.75,6.700000000000006,1405.6331022727402,112.75,布政-张家潭
112.80000000000001,6.675000000000001,1405.9668522727402,112.80000000000001,布政-张家潭
112.85000000000001,6.650000000000002,1406.2993522727402,112.85000000000001,布政-张家潭
112.9,6.6250000000000036,1406.6306022727401,112.9,布政-张家潭
112.95,6.600000000000005,1406.96060227274,112.95,布政-张家潭
113.0,6.575000000000006,1407.28935227274,113.0,布政-张家潭
113.05000000000001,6.550000000000001,1407.61685227274,113.05000000000001,布政-张家潭
113.10000000000001,6.525000000000002,1407.9431022727401,113.10000000000001,布政-张家潭
113.15,6.5000000000000036,1408.2681022727402,113.15,布政-张家潭
113.2,6.475000000000005,1408.5918522727402,113.2,布政-张家潭
113.25,6.450000000000006,1408.9143522727402,113.25,布政-张家潭
113.30000000000001,6.425000000000001,1409.2356022727402,113.30000000000001,布政-张家潭
113.35000000000001,6.400000000000002,1409.55560227274,113.35000000000001,布政-张家潭
113.4,6.3750000000000036,1409.87435227274,113.4,布政-张家潭
113.45,6.350000000000005,1410.19185227274,113.45,布政-张家潭
113.5,6.325000000000006,1410.5081022727402,113.5,布政-张家潭
113.55000000000001,6.300000000000001,1410.8231022727402,113.55000000000001,布政-张家潭
113.60000000000001,6.275000000000002,1411.1368522727403,113.60000000000001,布政-张家潭
113.65,6.2500000000000036,1411.4493522727403,113.65,布政-张家潭
113.7,6.225000000000005,1411.7606022727402,113.7,布政-张家潭
113.75,6.200000000000006,1412.0706022727402,113.75,布政-张家潭
113.80000000000001,6.175000000000001,1412.37935227274,113.80000000000001,布政-张家潭
113.85000000000001,6.150000000000002,1412.68685227274,113.85000000000001,布政-张家潭
113.9,6.1250000000000036,1412.99310227274,113.9,布政-张家潭
113.95,6.100000000000005,1413.2981022727402,113.95,布政-张家潭
114.0,6.075000000000006,1413.6018522727402,114.0,布政-张家潭
114.05000000000001,6.050000000000001,1413.9043522727402,114.05000000000001,布政-张家潭
114.10000000000001,6.025000000000002,1414.2056022727402,114.10000000000001,布政-张家潭
114.15,6.0000000000000036,1414.5056022727401,114.15,布政-张家潭
114.2,5.975000000000005,1414.80435227274,114.2,布政-张家潭
114.25,5.950000000000006,1415.10185227274,114.25,布政-张家潭
114.30000000000001,5.925000000000001,1415.39810227274,114.30000000000001,布政-张家潭
114.35000000000001,5.900000000000002,1415.6931022727401,114.35000000000001,布政-张家潭
114.4,5.8750000000000036,1415.9868522727402,114.4,布政-张家潭
114.45,5.850000000000005,1416.2793522727402,114.45,布政-张家潭
114.5,5.825000000000006,1416.5706022727402,114.5,布政-张家潭
114.55000000000001,5.800000000000001,1416.8606022727402,114.55000000000001,布政-张家潭
114.60000000000001,5.775000000000002,1417.14935227274,114.60000000000001,布政-张家潭
114.65,5.7500000000000036,1417.43685227274,114.65,布政-张家潭
114.7,5.725000000000005,1417.72310227274,114.7,布政-张家潭
114.75,5.700000000000006,1418.0081022727402,114.75,布政-张家潭
114.80000000000001,5.675000000000001,1418.2918522727402,114.80000000000001,布政-张家潭
114.85000000000001,5.650000000000002,1418.5743522727403,114.85000000000001,布政-张家潭
114.9,5.6250000000000036,1418.8556022727403,114.9,布政-张家潭
114.95,5.600000000000005,1419.1356022727402,114.95,布政-张家潭
115.0,5.575000000000006,1419.4143522727402,115.0,布政-张家潭
115.05000000000001,5.550000000000001,1419.69185227274,115.05000000000001,布政-张家潭
115.10000000000001,5.525000000000002,1419.96810227274,115.10000000000001,布政-张家潭
115.15,5.5000000000000036,1420.24310227274,115.15,布政-张家潭
115.2,5.475000000000005,1420.5168522727402,115.2,布政-张家潭
115.25,5.450000000000006,1420.7893522727402,115.25,布政-张家潭
115.30000000000001,5.425000000000001,1421.0606022727402,115.30000000000001,布政-张家潭
115.35000000000001,5.400000000000002,1421.3306022727402,115.35000000000001,布政-张家潭
115.4,5.3750000000000036,1421.5993522727401,115.4,布政-张家潭
115.45,5.350000000000005,1421.86685227274,115.45,布政-张家潭
115.5,5.325000000000006,1422.13310227274,115.5,布政-张家潭
115.55000000000001,5.300000000000001,1422.39810227274,115.55000000000001,布政-张家潭
115.60000000000001,5.275000000000002,1422.6618522727401,115.60000000000001,布政-张家潭
115.65,5.2500000000000036,1422.9243522727402,115.65,布政-张家潭
115.7,5.225000000000005,1423.1856022727402,115.7,布政-张家潭
115.75,5.200000000000006,1423.4456022727402,115.75,布政-张家潭
115.80000000000001,5.175000000000001,1423.7043522727402,115.80000000000001,布政-张家潭
115.85000000000001,5.150000000000002,1423.96185227274,115.85000000000001,布政-张家潭
115.9,5.1250000000000036,1424.21810227274,115.9,布政-张家潭
115.95,5.100000000000005,1424.47310227274,115.95,布政-张家潭
116.0,5.075000000000006,1424.7268522727402,116.0,布政-张家潭
116.05000000000001,5.050000000000001,1424.9793522727402,116.05000000000001,布政-张家潭
116.10000000000001,5.025000000000002,1425.2306022727403,116.10000000000001,布政-张家潭
116.15,5.0000000000000036,1425.4806022727403,116.15,布政-张家潭
116.2,4.975000000000005,1425.7293522727402,116.2,布政-张家潭
116.25,4.950000000000006,1425.9768522727402,116.25,布政-张家潭
116.30000000000001,4.925000000000001,1426.22310227274,116.30000000000001,布政-张家潭
116.35000000000001,4.900000000000002,1426.46810227274,116.35000000000001,布政-张家潭
116.4,4.8750000000000036,1426.71185227274,116.4,布政-张家潭
116.45,4.850000000000005,1426.9543522727402,116.45,布政-张家潭
116.5,4.825000000000006,1427.1956022727402,116.5,布政-张家潭
116.55000000000001,4.800000000000001,1427.4356022727402,116.55000000000001,布政-张家潭
116.60000000000001,4.775000000000002,1427.6743522727402,116.60000000000001,布政-张家潭
116.65,4.7500000000000036,1427.9118522727401,116.65,布政-张家潭
116.7,4.725000000000005,1428.14810227274,116.7,布政-张家潭
116.75,4.700000000000006,1428.38310227274,116.75,布政-张家潭
116.80000000000001,4.675000000000001,1428.61685227274,116.80000000000001,布政-张家潭
116.85000000000001,4.650000000000002,1428.8493522727401,116.85000000000001,布政-张家潭
116.9,4.6250000000000036,1429.0806022727402,116.9,布政-张家潭
116.95,4.600000000000005,1429.3106022727402,116.95,布政-张家潭
117.0,4.575000000000006,1429.5393522727402,117.0,布政-张家潭
117.05000000000001,4.550000000000001,1429.7668522727402,117.05000000000001,布政-张家潭
117.10000000000001,4.525000000000002,1429.99310227274,117.10000000000001,布政-张家潭
117.15,4.5000000000000036,1430.21810227274,117.15,布政-张家潭
117.2,4.475000000000005,1430.44185227274,117.2,布政-张家潭
117.25,4.450000000000006,1430.6643522727402,117.25,布政-张家潭
117.30000000000001,4.425000000000001,1430.8856022727402,117.30000000000001,布政-张家潭
117.35000000000001,4.400000000000002,1431.1056022727403,117.35000000000001,布政-张家潭
117.4,4.3750000000000036,1431.3243522727403,117.4,布政-张家潭
117.45,4.350000000000005,1431.5418522727402,117.45,布政-张家潭
117.5,4.325000000000006,1431.7581022727402,117.5,布政-张家潭
117.55000000000001,4.300000000000001,1431.97310227274,117.55000000000001,布政-张家潭
117.60000000000001,4.275000000000002,1432.18685227274,117.60000000000001,布政-张家潭
117.65,4.2500000000000036,1432.39935227274,117.65,布政-张家潭
117.7,4.225000000000005,1432.6106022727402,117.7,布政-张家潭
117.75,4.200000000000006,1432.8206022727402,117.75,布政-张家潭
117.80000000000001,4.175000000000001,1433.0293522727402,117.80000000000001,布政-张家潭
117.85000000000001,4.150000000000002,1433.2368522727402,117.85000000000001,布政-张家潭
117.9,4.1250000000000036,1433.4431022727401,117.9,布政-张家潭
117.95,4.100000000000005,1433.64810227274,117.95,布政-张家潭
118.0,4.075000000000006,1433.85185227274,118.0,布政-张家潭
118.05000000000001,4.050000000000001,1434.05435227274,118.05000000000001,布政-张家潭
118.10000000000001,4.025000000000002,1434.2556022727401,118.10000000000001,布政-张家潭
118.15,4.0000000000000036,1434.4556022727402,118.15,布政-张家潭
118.2,3.975000000000005,1434.6543522727402,118.2,布政-张家潭
118.25,3.9500000000000064,1434.8518522727402,118.25,布政-张家潭
118.30000000000001,3.9250000000000007,1435.0481022727402,118.30000000000001,布政-张家潭
118.35000000000001,3.900000000000002,1435.24310227274,118.35000000000001,布政-张家潭
118.4,3.8750000000000036,1435.43685227274,118.4,布政-张家潭
118.45,3.850000000000005,1435.62935227274,118.45,布政-张家潭
118.5,3.8250000000000064,1435.8206022727402,118.5,布政-张家潭
118.55000000000001,3.8000000000000007,1436.0106022727402,118.55000000000001,布政-张家潭
118.60000000000001,3.775000000000002,1436.1993522727403,118.60000000000001,布政-张家潭
118.65,3.7500000000000036,1436.3868522727403,118.65,布政-张家潭
118.7,3.725000000000005,1436.5731022727402,118.7,布政-张家潭
118.75,3.7000000000000064,1436.7581022727402,118.75,布政-张家潭
118.80000000000001,3.6750000000000007,1436.94185227274,118.80000000000001,布政-张家潭
118.85000000000001,3.650000000000002,1437.12435227274,118.85000000000001,布政-张家潭
118.9,3.6250000000000036,1437.30560227274,118.9,布政-张家潭
118.95,3.600000000000005,1437.4856022727402,118.95,布政-张家潭
119.0,3.5750000000000064,1437.6643522727402,119.0,布政-张家潭
119.05000000000001,3.5500000000000007,1437.8418522727402,119.05000000000001,布政-张家潭
119.10000000000001,3.525000000000002,1438.0181022727402,119.10000000000001,布政-张家潭
119.15,3.5000000000000036,1438.1931022727401,119.15,布政-张家潭
119.2,3.475000000000005,1438.36685227274,119.2,布政-张家潭
119.25,3.4500000000000064,1438.53935227274,119.25,布政-张家潭
119.30000000000001,3.4250000000000007,1438.71060227274,119.30000000000001,布政-张家潭
119.35000000000001,3.400000000000002,1438.8806022727401,119.35000000000001,布政-张家潭
119.4,3.3750000000000036,1439.0493522727402,119.4,布政-张家潭
119.45,3.350000000000005,1439.2168522727402,119.45,布政-张家潭
119.5,3.3250000000000064,1439.3831022727402,119.5,布政-张家潭
119.55000000000001,3.3000000000000007,1439.5481022727402,119.55000000000001,布政-张家潭
119.60000000000001,3.275000000000002,1439.71185227274,119.60000000000001,布政-张家潭
119.65,3.2500000000000036,1439.87435227274,119.65,布政-张家潭
119.7,3.225000000000005,1440.03560227274,119.7,布政-张家潭
119.75,3.2000000000000064,1440.1956022727402,119.75,布政-张家潭
119.80000000000001,3.1750000000000007,1440.3543522727402,119.80000000000001,布政-张家潭
119.85000000000001,3.150000000000002,1440.5118522727403,119.85000000000001,布政-张家潭
119.9,3.1250000000000036,1440.6681022727403,119.9,布政-张家潭
119.95,3.100000000000005,1440.8231022727402,119.95,布政-张家潭
120.0,3.0750000000000064,1440.9768522727402,120.0,布政-张家潭
120.05000000000001,3.0500000000000007,1441.12935227274,120.05000000000001,布政-张家潭
120.10000000000001,3.025000000000002,1441.28060227274,120.10000000000001,布政-张家潭
120.15,3.0000000000000036,1441.43060227274,120.15,布政-张家潭
120.2,2.975000000000005,1441.5793522727402,120.2,布政-张家潭
120.25,2.9500000000000064,1441.7268522727402,120.25,布政-张家潭
120.30000000000001,2.9250000000000007,1441.8731022727402,120.30000000000001,布政-张家潭
120.35000000000001,2.900000000000002,1442.0181022727402,120.35000000000001,布政-张家潭
120.4,2.8750000000000036,1442.1618522727401,120.4,布政-张家潭
120.45,2.850000000000005,1442.30435227274,120.45,布政-张家潭
120.5,2.8250000000000064,1442.44560227274,120.5,布政-张家潭
120.55000000000001,2.8000000000000007,1442.58560227274,120.55000000000001,布政-张家潭
120.60000000000001,2.775000000000002,1442.7243522727401,120.60000000000001,布政-张家潭
120.65,2.7500000000000036,1442.8618522727402,120.65,布政-张家潭
120.7,2.725000000000005,1442.9981022727402,120.7,布政-张家潭
120.75,2.7000000000000064,1443.1331022727402,120.75,布政-张家潭
120.80000000000001,2.6750000000000007,1443.2668522727402,120.80000000000001,布政-张家潭
120.85000000000001,2.650000000000002,1443.39935227274,120.85000000000001,布政-张家潭
120.9,2.6250000000000036,1443.53060227274,120.9,布政-张家潭
120.95,2.600000000000005,1443.66060227274,120.95,布政-张家潭
121.0,2.5750000000000064,1443.7893522727402,121.0,布政-张家潭
121.05000000000001,2.5500000000000007,1443.9168522727402,121.05000000000001,布政-张家潭
121.10000000000001,2.525000000000002,1444.0431022727403,121.10000000000001,布政-张家潭
121.15,2.5000000000000036,1444.1681022727403,121.15,布政-张家潭
121.2,2.475000000000005,1444.2918522727402,121.2,布政-张家潭
121.25,2.4500000000000064,1444.4143522727402,121.25,布政-张家潭
121.30000000000001,2.4250000000000007,1444.53560227274,121.30000000000001,布政-张家潭
121.35000000000001,2.400000000000002,1444.65560227274,121.35000000000001,布政-张家潭
121.4,2.3750000000000036,1444.77435227274,121.4,布政-张家潭
121.45,2.350000000000005,1444.8918522727402,121.45,布政-张家潭
121.5,2.3250000000000064,1445.0081022727402,121.5,布政-张家潭
121.55000000000001,2.3000000000000007,1445.1231022727402,121.55000000000001,布政-张家潭
121.60000000000001,2.275000000000002,1445.2368522727402,121.60000000000001,布政-张家潭
121.65,2.2500000000000036,1445.3493522727401,121.65,布政-张家潭
121.7,2.225000000000005,1445.46060227274,121.7,布政-张家潭
121.75,2.2000000000000064,1445.57060227274,121.75,布政-张家潭
121.80000000000001,2.1750000000000007,1445.67935227274,121.80000000000001,布政-张家潭
121.85000000000001,2.150000000000002,1445.7868522727401,121.85000000000001,布政-张家潭
121.9,2.1250000000000036,1445.8931022727402,121.9,布政-张家潭
121.95,2.100000000000005,1445.9981022727402,121.95,布政-张家潭
122.0,2.0750000000000064,1446.1018522727402,122.0,布政-张家潭
122.05000000000001,2.0500000000000007,1446.2043522727402,122.05000000000001,布政-张家潭
122.10000000000001,2.025000000000002,1446.30560227274,122.10000000000001,布政-张家潭
122.15,2.0000000000000036,1446.40560227274,122.15,布政-张家潭
122.2,1.975000000000005,1446.50435227274,122.2,布政-张家潭
122.25,1.9500000000000064,1446.6018522727402,122.25,布政-张家潭
122.30000000000001,1.9250000000000007,1446.6981022727402,122.30000000000001,布政-张家潭
122.35000000000001,1.9000000000000021,1446.7931022727403,122.35000000000001,布政-张家潭
122.4,1.8750000000000036,1446.8868522727403,122.4,布政-张家潭
122.45,1.850000000000005,1446.9793522727402,122.45,布政-张家潭
122.5,1.8250000000000064,1447.0706022727402,122.5,布政-张家潭
122.55000000000001,1.8000000000000007,1447.16060227274,122.55000000000001,布政-张家潭
122.60000000000001,1.7750000000000021,1447.24935227274,122.60000000000001,布政-张家潭
122.65,1.7500000000000036,1447.33685227274,122.65,布政-张家潭
122.7,1.725000000000005,1447.4231022727402,122.7,布政-张家潭
122.75,1.7000000000000064,1447.5081022727402,122.75,布政-张家潭
122.80000000000001,1.6750000000000007,1447.5918522727402,122.80000000000001,布政-张家潭
122.85000000000001,1.6500000000000021,1447.6743522727402,122.85000000000001,布政-张家潭
122.9,1.6250000000000036,1447.7556022727401,122.9,布政-张家潭
122.95,1.600000000000005,1447.83560227274,122.95,布政-张家潭
123.0,1.5750000000000064,1447.91435227274,123.0,布政-张家潭
123.05000000000001,1.5500000000000007,1447.99185227274,123.05000000000001,布政-张家潭
123.10000000000001,1.5250000000000021,1448.0681022727401,123.10000000000001,布政-张家潭
123.15,1.5000000000000036,1448.1431022727402,123.15,布政-张家潭
123.2,1.475000000000005,1448.2168522727402,123.2,布政-张家潭
123.25,1.4500000000000064,1448.2893522727402,123.25,布政-张家潭
123.30000000000001,1.4250000000000007,1448.3606022727402,123.30000000000001,布政-张家潭
123.35000000000001,1.4000000000000021,1448.43060227274,123.35000000000001,布政-张家潭
123.4,1.3750000000000036,1448.49935227274,123.4,布政-张家潭
123.45,1.350000000000005,1448.56685227274,123.45,布政-张家潭
123.5,1.3250000000000064,1448.6331022727402,123.5,布政-张家潭
123.55000000000001,1.3000000000000007,1448.6981022727402,123.55000000000001,布政-张家潭
123.60000000000001,1.2750000000000021,1448.7618522727403,123.60000000000001,布政-张家潭
123.65,1.2500000000000036,1448.8243522727403,123.65,布政-张家潭
123.7,1.225000000000005,1448.8856022727402,123.7,布政-张家潭
123.75,1.2000000000000064,1448.9456022727402,123.75,布政-张家潭
123.80000000000001,1.1750000000000007,1449.00435227274,123.80000000000001,布政-张家潭
123.85000000000001,1.1500000000000021,1449.06185227274,123.85000000000001,布政-张家潭
123.9,1.1250000000000036,1449.11810227274,123.9,布政-张家潭
123.95,1.100000000000005,1449.1731022727402,123.95,布政-张家潭
124.0,1.0750000000000064,1449.2268522727402,124.0,布政-张家潭
124.05000000000001,1.0500000000000007,1449.2793522727402,124.05000000000001,布政-张家潭
124.10000000000001,1.0250000000000021,1449.3306022727402,124.10000000000001,布政-张家潭
124.15,1.0000000000000036,1449.3806022727401,124.15,布政-张家潭
124.2,0.975000000000005,1449.42935227274,124.2,布政-张家潭
124.25,0.9500000000000064,1449.47685227274,124.25,布政-张家潭
124.30000000000001,0.9250000000000007,1449.52310227274,124.30000000000001,布政-张家潭
124.35000000000001,0.9000000000000021,1449.5681022727401,124.35000000000001,布政-张家潭
124.4,0.8750000000000036,1449.6118522727402,124.4,布政-张家潭
124.45,0.850000000000005,1449.6543522727402,124.45,布政-张家潭
124.5,0.8250000000000064,1449.6956022727402,124.5,布政-张家潭
124.55000000000001,0.8000000000000007,1449.7356022727402,124.55000000000001,布政-张家潭
124.60000000000001,0.7750000000000021,1449.77435227274,124.60000000000001,布政-张家潭
124.65,0.7500000000000036,1449.81185227274,124.65,布政-张家潭
124.7,0.725000000000005,1449.84810227274,124.7,布政-张家潭
124.75,0.7000000000000064,1449.8831022727402,124.75,布政-张家潭
124.80000000000001,0.6750000000000007,1449.9168522727402,124.80000000000001,布政-张家潭
124.85000000000001,0.6500000000000021,1449.9493522727403,124.85000000000001,布政-张家潭
124.9,0.6250000000000036,1449.9806022727403,124.9,布政-张家潭
124.95,0.600000000000005,1450.0106022727402,124.95,布政-张家潭
125.0,0.5750000000000064,1450.0393522727402,125.0,布政-张家潭
125.05000000000001,0.5500000000000007,1450.06685227274,125.05000000000001,布政-张家潭
125.10000000000001,0.5250000000000021,1450.09310227274,125.10000000000001,布政-张家潭
125.15,0.5000000000000036,1450.11810227274,125.15,布政-张家潭
125.2,0.475000000000005,1450.1418522727402,125.2,布政-张家潭
125.25,0.4500000000000064,1450.1643522727402,125.25,布政-张家潭
125.30000000000001,0.4250000000000007,1450.1856022727402,125.30000000000001,布政-张家潭
125.35000000000001,0.40000000000000213,1450.2056022727402,125.35000000000001,布政-张家潭
125.4,0.37500000000000355,1450.2243522727401,125.4,布政-张家潭
125.45,0.350000000000005,1450.24185227274,125.45,布政-张家潭
125.5,0.3250000000000064,1450.25810227274,125.5,布政-张家潭
125.55000000000001,0.3000000000000007,1450.27310227274,125.55000000000001,布政-张家潭
125.60000000000001,0.27500000000000213,1450.2868522727401,125.60000000000001,布政-张家潭
125.65,0.25000000000000355,1450.2993522727402,125.65,布政-张家潭
125.7,0.22500000000000497,1450.3106022727402,125.7,布政-张家潭
125.75,0.2000000000000064,1450.3206022727402,125.75,布政-张家潭
125.80000000000001,0.1750000000000007,1450.3293522727402,125.80000000000001,布政-张家潭
125.85000000000001,0.15000000000000213,1450.33685227274,125.85000000000001,布政-张家潭
125.9,0.12500000000000355,1450.34310227274,125.9,布政-张家潭
125.95,0.10000000000000497,1450.34810227274,125.95,布政-张家潭
126.0,0.0750000000000064,1450.3518522727402,126.0,布政-张家潭
126.05000000000001,0.05000000000000071,1450.3543522727402,126.05000000000001,布政-张家潭
126.10000000000001,0.02500000000000213,1450.3556022727403,126.10000000000001,布政-张家潭
126.15,3.552713678800501e-15,1450.3556022727403,126.15,布政-张家潭
