time_s,dist_m,velocity_mps,velocity_kmh
0.0,0.0,0.017891067257842168,0.06440784212823181
0.05,0.0023698859973130776,0.07690437263468092,0.2768557414848513
0.1,0.007512390542259649,0.12879580916318195,0.46366491298745505
0.15000000000000002,0.015090787529510393,0.17434007032684778,0.627624253176652
0.2,0.024807085527911117,0.21431184960918104,0.7715226585930518
0.25,0.03640202778048275,0.24948584049368422,0.8981490257772632
0.30000000000000004,0.04965509220442135,0.28063673646386,1.010292251269896
0.35000000000000003,0.06438449139109817,0.30853923100321257,1.1107412316115652
0.4,0.08041121796579712,0.33252983198474556,1.1971073951450841
0.45,0.09769906041217177,0.3589838658702409,1.2923419171328672
0.5,0.11627154925820814,0.38391568797121367,1.3820964766963693
0.55,0.13605370890153223,0.4073706977617501,1.4665345119423003
0.6000000000000001,0.15698109104244384,0.42972458787471396,1.5470085163489702
0.65,0.17900465312044203,0.4512178952452135,1.6243844228827686
0.7000000000000001,0.2020878340634648,0.4721093424756979,1.6995936329125125
0.75,0.2262057909569347,0.49260893326309696,1.7733921597471491
0.8,0.25134510969803114,0.5129638163807622,1.8466697389707438
0.8500000000000001,0.2775016171865701,0.5332964831607976,1.9198673393788714
0.9,0.3046780778010937,0.5537619414201456,1.993542989112524
0.9500000000000001,0.33288159928488276,0.574378917931417,2.0677641045531012
1.0,0.3621203708885146,0.5951719462138568,2.1426190063698844
1.05,0.39240544873164335,0.616231167511293,2.218432203040655
1.1,0.4237508712237917,0.6375857321746409,2.2953086358287074
1.1500000000000001,0.45616920527433075,0.659147629846921,2.3729314674489155
1.2000000000000002,0.48966070818591445,0.6805124866164266,2.4498449518191356
1.25,0.5242168561004579,0.7017334299653101,2.5262403478751163
1.3,0.55983549409368,0.7230120897635768,2.6028435231488767
1.35,0.596517714385573,0.7442767219121393,2.6793961988837016
1.4000000000000001,0.634262847218982,0.7655285914242177,2.755902929127184
1.4500000000000002,0.6730687437000971,0.7867072678203875,2.832146164153395
1.5,0.7129340384432485,0.8079045219056701,2.9084562788604122
1.55,0.7538591099237285,0.8290983373135306,2.98475401432871
1.6,0.7958447933287748,0.8503289988883183,3.061184395997946
1.6500000000000001,0.8388910077969202,0.8715195798374971,3.1374704874149897
1.7000000000000002,0.8829998781519419,0.8928352343633728,3.214206843708142
1.75,0.9281822029600099,0.9144577579593457,3.2920479286536444
1.8,0.9744552473757337,0.9364640186696092,3.371270467210593
1.85,1.0218364749707252,0.9587850851300446,3.4516263064681607
1.9000000000000001,1.0703399443482038,0.9813536899690969,3.532873283888749
1.9500000000000002,1.119981008659153,1.00428888246887,3.615439976887932
2.0,1.1707809637331148,1.0277093204896,3.69975355376256
2.0500000000000003,1.2227649384302408,1.0516496673954365,3.7859388026235714
2.1,1.2759568970129525,1.0760286759130295,3.8737032332869066
2.15,1.3303795911212997,1.1008790884208575,3.963164718315087
2.2,1.3860599068905732,1.1263335423500864,4.054800752460311
2.25,1.443028419415018,1.1524069586277028,4.14866505105973
2.3000000000000003,1.5013141349771897,1.1790216638591653,4.244477989892995
2.35,1.560942032060813,1.206094219485765,4.341939190148754
2.4000000000000004,1.6219376940457688,1.2337322599124723,4.4414361356849
2.45,1.68432833958704,1.2618935617383757,4.542816822258152
2.5,1.748138092030688,1.2904965360075418,4.6457875296271505
2.5500000000000003,1.813385117127153,1.319384467851055,4.749784084263798
2.6,1.8800826779629711,1.3485179655816784,4.854664676094043
2.6500000000000004,1.948243920639263,1.3779317414699956,4.960554269291984
2.7,2.0178821037867007,1.4075955844275154,5.067344103939056
2.75,2.0890071762787574,1.4374073152547513,5.174666334917105
2.8000000000000003,2.161621869680352,1.4671804208090315,5.281849514912514
2.85,2.2357257578401253,1.4969751055818925,5.389110380094813
2.9000000000000004,2.3113193262217573,1.5267676296833876,5.4963634668601955
2.95,2.3884005533311754,1.556481454693345,5.6033332368960425
3.0,2.4669643398182477,1.5860700047895548,5.709852017242397
3.0500000000000003,2.5470033220314003,1.6154892837365502,5.8157614214515805
3.1,2.628510769252443,1.6448086051051491,5.921310978378537
3.1500000000000004,2.7114832217335065,1.6740894941373954,6.026722178894624
3.2,2.7959200388061505,1.7033831887683641,6.132179479566111
3.25,2.881820801914994,1.7326473355853622,6.237530408107304
3.3000000000000003,2.9691852914146555,1.7619322444011118,6.342956079844003
3.35,3.0580152067203175,1.791264367825375,6.448551724171351
3.4000000000000004,3.148313376542863,1.82066242507645,6.5543847302752205
3.45,3.240083696130822,1.8501503584419208,6.660541290390915
3.5,3.333329395761668,1.8796776267919066,6.766839456450864
3.5500000000000003,3.4280528922359434,1.9092622321791084,6.873344035844791
3.6,3.524256055702183,1.9388643064704791,6.979911503293725
3.6500000000000004,3.6219404075805572,1.9685097686644761,7.086635167192115
3.7,3.7211074452325716,1.9981717374160906,7.193418254697926
3.75,3.821756131917605,2.027775729985244,7.299992627946878
3.8000000000000003,3.923883837134089,2.0573324786741183,7.406396923226826
3.85,4.0274896308808055,2.086899271194536,7.51283737630033
3.9000000000000004,4.132573922065289,2.116472376184785,7.619300554265227
3.95,4.239133390948313,2.1459063791361532,7.725262964890152
4.0,4.347160474471234,2.175176961780723,7.830637062410603
4.05,4.456648632617168,2.2043493640566325,7.935657710603877
4.1000000000000005,4.567594677930355,2.233492448470862,8.040572814495103
4.15,4.679996360843931,2.2625748680721647,8.145269525059794
4.2,4.793848787317924,2.2915221908875756,8.249479887195273
4.25,4.909145146321368,2.3203321692501824,8.353195809300656
4.3,5.025880582552245,2.3490852799848945,8.45670700794562
4.3500000000000005,5.1440533321960835,2.3778247057686617,8.560168940767182
4.4,5.2636605619480745,2.406464484310984,8.663272143519542
4.45,5.384698548931632,2.4350549950313,8.766197982112681
4.5,5.507165709464358,2.4636314262777277,8.86907313459982
4.55,5.631062401427297,2.4922362522398065,8.972050508063303
4.6000000000000005,5.7563895608895965,2.5208501262521974,9.075060454507911
4.65,5.8831457766016415,2.54939850222961,9.177834608026597
4.7,6.011328386974582,2.5779059126879984,9.280461285676795
4.75,6.140937837085509,2.6064720917491178,9.383299530296824
4.800000000000001,6.271977594313727,2.6351181973795876,9.486425510566516
4.8500000000000005,6.404449001797163,2.66373810195787,9.589457167048332
4.9,6.538350626185401,2.69232687357163,9.692376744857869
4.95,6.673682073854058,2.720931033174684,9.795351719428863
5.0,6.810444434262186,2.7495633831504085,9.89842817934147
5.050000000000001,6.948637469223856,2.778158015316388,10.001368855138997
5.1000000000000005,7.088258355484356,2.8066774351036314,10.104038766373073
5.15,7.229305005745,2.835188575322128,10.206678871159662
5.2,7.371777010328259,2.8636916080082297,10.309289788829627
5.25,7.5156731488939,2.89215393461743,10.41175416462275
5.300000000000001,7.660990752362106,2.920550204110796,10.513980734798865
5.3500000000000005,7.807727747163731,2.948929587954208,10.61614651663515
5.4,7.955883981007932,2.9773197658138497,10.71835115692986
5.45,8.105460063516427,3.005723534525927,10.820604724293338
5.5,8.256456422078385,3.034130807952371,10.922870908628536
5.550000000000001,8.40887287413411,3.062527274276622,11.02509818739584
5.6000000000000005,8.562709153515398,3.0909239009748872,11.127326043509594
5.65,8.71796527311876,3.1193208831595824,11.229555179374497
5.7,8.874640413827775,3.1476847452010697,11.331665082723852
5.75,9.032732265481622,3.1759893209528114,11.43356155543012
5.800000000000001,9.192238078669718,3.2042432065710047,11.535275543655617
5.8500000000000005,9.353155306391146,3.2324459022861545,11.636805248230157
5.9,9.515481685044827,3.2606092438611047,11.738193277899978
5.95,9.67921407545073,3.288686372375014,11.839270940550051
6.0,9.844347793080978,3.3166623328349223,11.93998439820572
6.050000000000001,10.010879001084119,3.3445859872907286,12.040509554246624
6.1000000000000005,10.178805234324063,3.3724633423070087,12.140868032305232
6.15,10.348123843065604,3.4002810073546152,12.241011626476615
6.2,10.518832108322613,3.4280496029257135,12.340978570532569
6.25,10.690928903370832,3.4558221990030775,12.44095991641108
6.300000000000001,10.864415334812577,3.4836350586666947,12.541086211200101
6.3500000000000005,11.039294239060414,3.511521111246801,12.641476000488485
6.4,11.215569116532041,3.5394739876182855,12.742106355425827
6.45,11.393242821446268,3.567474208950803,12.842907152222892
6.5,11.572318429947591,3.5955501311021125,12.943980471967606
6.550000000000001,11.752799764553295,3.62370325312601,13.045331711253636
6.6000000000000005,11.934690981329284,3.651945417913552,13.147003504488788
6.65,12.11799627751928,3.680266429686258,13.24895914687053
6.7,12.30271982289053,3.7086753851637457,13.351231386589484
6.75,12.488866544573614,3.737193482159645,13.453896535774723
6.800000000000001,12.676442363856827,3.765839289168844,13.557021441007839
6.8500000000000005,12.865453171311422,3.7945930090149647,13.660534832453873
6.9,13.055903478322612,3.823419271432658,13.76430937715757
6.95,13.247796530956721,3.852302833931675,13.86829020215403
7.0,13.441134466820923,3.881214600636369,13.972372562290928
7.050000000000001,13.63591788566978,3.9101221533179356,14.076439751944568
7.1000000000000005,13.832144852789966,3.9389565314894863,14.180243513362152
7.15,14.029810544044283,3.967671118683157,14.283616027259365
7.2,14.22890916867119,3.9962738663931727,14.386585919015422
7.25,14.429435151202107,4.024765434843469,14.489155565436489
7.300000000000001,14.631382821472775,4.053141375983281,14.591308953539812
7.3500000000000005,14.834745388882908,4.0813613204220465,14.692900753519368
7.4,15.039515879347277,4.109458298152746,14.794049873349886
7.45,15.245689479120115,4.137485692760748,14.894948493938694
7.5,15.45326543411542,4.1655525070513955,14.995989025385024
7.550000000000001,15.662246200951664,4.193678166398379,15.097241399034164
7.6000000000000005,15.872633757441466,4.221824093193737,15.198566735497453
7.65,16.084429457355,4.250003903347562,15.300014052051223
7.7,16.29763688833939,4.278293336027998,15.401856009700793
7.75,16.51226187426411,4.306706100960798,15.504141963458874
7.800000000000001,16.728308561515714,4.3351613891034315,15.606581000772353
7.8500000000000005,16.94577880027965,4.3636481614540905,15.709133381234727
7.9,17.164675321580912,4.392212690596363,15.811965686146907
7.95,17.38500305941762,4.420896822872012,15.915228562339244
8.0,17.60676645431711,4.449638973107575,16.01870030318727
8.05,17.829966064123894,4.478345419163773,16.122043508989584
8.1,18.054602049212725,4.507093984389431,16.22553834380195
8.15,18.280679100572357,4.535988069995783,16.32955705198482
8.200000000000001,18.508204234135352,4.565017272524015,16.434062181086453
8.25,18.737179916871508,4.594010036922242,16.538436132920072
8.3,18.967603368331268,4.622928021468122,16.642540877285242
8.35,19.19947285812061,4.6518515701056184,16.746665652380226
8.4,19.432789108084076,4.680798428433057,16.850874342359006
8.450000000000001,19.667550647350076,4.709663142206882,16.954787311944774
8.5,19.903751189890073,4.738358559393012,17.058090813814843
8.55,20.141383627459234,4.766938943373423,17.160980196144322
8.6,20.380444862110128,4.795510442662358,17.263837593584487
8.65,20.62093446502399,4.824073673892137,17.366665226011694
8.700000000000001,20.86285002517535,4.852548732162382,17.469175435784575
8.75,21.106186157202796,4.880896548935356,17.57122757616728
8.8,21.3509388050056,4.909209363176854,17.673153707436672
8.85,21.59710655030715,4.937500448885033,17.77500161598612
8.9,21.844686446269435,4.9656953896064255,17.876503402583133
8.950000000000001,22.093671855218126,4.993720968341172,17.97739548602822
9.0,22.344057520385658,5.021705638360126,18.078140298096457
9.05,22.595842507981324,5.0496938654665176,18.178897915679464
9.1,22.849026260446927,5.077656233157525,18.27956243936709
9.15,23.103607416699433,5.105590016942686,18.38012406099367
9.200000000000001,23.359584759607007,5.133503699360261,18.480613317696942
9.25,23.61695746964393,5.1614047021166165,18.58105692761982
9.3,23.875726821681546,5.1893693793880535,18.681729765796995
9.35,24.135896861762706,5.21743222385835,18.78275600589006
9.4,24.39747216519044,5.24557991325092,18.884087687703314
9.450000000000001,24.66045673205676,5.273802761401865,18.985689941046715
9.5,24.924855532974696,5.302149275315724,19.087737391136606
9.55,25.190674789134718,5.330620971085101,19.190235495906364
9.600000000000001,25.45792179558016,5.359259286732549,19.293333432237176
9.65,25.726601799556576,5.38794087232415,19.39658714036694
9.700000000000001,25.996717335154678,5.416680551599844,19.50004998575944
9.75,26.268271187614626,5.445473546798085,19.603704768473104
9.8,26.541267915597565,5.474395572519452,19.707824061070028
9.850000000000001,26.81571304782612,5.503409716622753,19.81227497984191
9.9,27.091608867117838,5.532423055046044,19.91672299816576
9.950000000000001,27.368954810257723,5.5614146705493965,20.021092813977827
10.0,27.647751992444515,5.590472616922311,20.12570142092032
10.05,27.928004331336282,5.619620938748403,20.230635379494252
10.100000000000001,28.209713819525717,5.648758588829035,20.335530919784528
10.15,28.492878843078774,5.677842353293226,20.440232471855612
10.200000000000001,28.77749659981182,5.706867916028644,20.54472449770312
10.25,29.063565234739897,5.735877481094457,20.649158931940047
10.3,29.351082865428573,5.764827746452617,20.753379887229425
10.350000000000001,29.64004134410844,5.793511400742094,20.85664104267154
10.4,29.93042981745655,5.822027533182213,20.95929911945597
10.450000000000001,30.2222422020703,5.850467851367834,21.061684264924203
10.5,30.5154763897899,5.878899657416147,21.16403876669813
10.55,30.810128969786287,5.907203542439402,21.265932752781847
10.600000000000001,31.10619388417634,5.935393033162592,21.367414919385332
10.65,31.40366663353129,5.963516941035473,21.468660987727702
10.700000000000001,31.702545479226004,5.991636886753049,21.569892792310977
10.75,32.00283012478835,6.019748935740917,21.6710961686673
10.8,32.30451830763054,6.047778377946463,21.772002160607265
10.850000000000001,32.60760796031323,6.075807729361253,21.872907825700512
10.9,32.91209950288029,6.103853973320978,21.97387430395552
10.950000000000001,33.21799389204816,6.1319215933941225,22.07491773621884
11.0,33.525290704382414,6.159950899975785,22.175823239912827
11.05,33.833987344972286,6.187914723619105,22.27649300502878
11.100000000000001,34.144082174531235,6.215878458738877,22.37716245145996
11.15,34.4555747148576,6.243823154315573,22.477763355536062
11.200000000000001,34.76846505311165,6.27179037584636,22.578445353046895
11.25,35.08275291958165,6.299724282953742,22.67900741863347
11.3,35.398436612466256,6.327623432430357,22.779444356749288
11.350000000000001,35.715514877811366,6.355507181374083,22.8798258529467
11.4,36.03398836917326,6.383432473101659,22.980356903165973
11.450000000000001,36.353858353801996,6.411366912047773,23.080920883371984
11.5,36.67512487975469,6.4392941260601315,23.181458853816473
11.55,36.99778799973195,6.467230673030057,23.282030422908207
11.600000000000001,37.32184740117226,6.4951453845827,23.38252338449772
11.65,37.64730163821524,6.523024097136224,23.482886749690408
11.700000000000001,37.9741498483506,6.550904308278263,23.58325550980175
11.75,38.30239200522281,6.578781966610294,23.68361507979706
11.8,38.632026764606536,6.606608408738583,23.783790271458898
11.850000000000001,38.96305108633064,6.634364460225408,23.88371205681147
11.9,39.295463300367395,6.662124101244829,23.983646764481385
11.950000000000001,39.62926245074055,6.689841913681314,24.083430889252732
12.0,39.96444628614742,6.717511502593634,24.183041409337083
12.05,40.301013831887346,6.745190327003293,24.282685177211857
12.100000000000001,40.63896573917038,6.772885964318164,24.38238947154539
12.15,40.978303252915936,6.8006145855038955,24.482212507814026
12.200000000000001,41.319028262878774,6.8283858130097785,24.582188926835205
12.25,41.66114147743957,6.8561427694221155,24.682113969919616
12.3,42.004641454707745,6.883856321304687,24.781882756696874
12.350000000000001,42.349526892887184,6.91156120587285,24.881620341142263
12.4,42.69579687031712,6.93923789132449,24.981256408768164
12.450000000000001,43.043450167989675,6.966894015577736,25.08081845607985
12.5,43.39248616100221,6.994545704923595,25.18036453772494
12.55,43.74290552856031,7.022228997400154,25.280024390640556
12.600000000000001,44.09471252343659,7.050050797651187,25.38018287154427
12.65,44.447915070006616,7.078051065149898,25.480983834539636
12.700000000000001,44.802521795312195,7.106217947073283,25.58238460946382
12.75,45.15853994086932,7.13450787521162,25.68422835076183
12.8,45.51597319464787,7.162822275930432,25.786160193349556
12.850000000000001,45.8748229730769,7.191168861230954,25.888207900431436
12.9,46.23508863920577,7.21945778392377,25.99004802212557
12.950000000000001,46.596763415395,7.247533263645661,26.091119749124378
13.0,46.95983459597442,7.275313959531154,26.191130254312153
13.05,47.324287964980996,7.302820800731965,26.290154882635075
13.100000000000001,47.69010859393771,7.330004357536387,26.388015687130995
13.15,48.057281426763424,7.3569089554923,26.48487223977228
13.200000000000001,48.425793958054506,7.383592296150972,26.580932266143503
13.25,48.7956358784886,7.410084521212921,26.676304276366515
13.3,49.1668005649638,7.436502937794873,26.77141057606154
13.350000000000001,49.53928504043156,7.462876080915419,26.866353891295507
13.4,49.913086305160554,7.48917450824448,26.961028229680128
13.450000000000001,50.2882005589412,7.515395642981188,27.055424314732278
13.5,50.66462444786602,7.5415599140114855,27.149615690441347
13.55,51.04235754876699,7.567764122027221,27.243950839297995
13.600000000000001,51.42140103612293,7.593975372210438,27.338311339957578
13.65,51.80175518814593,7.620190708709535,27.432686551354326
13.700000000000001,52.18342130727134,7.6464540563066254,27.527234602703853
13.75,52.56640250099245,7.67279369253802,27.622057293136873
13.8,52.950701446381586,7.699164123027289,27.71699084289824
13.850000000000001,53.33632107031503,7.7256208343104085,27.812235003517472
13.9,53.72326888819401,7.752291880849061,27.90825077105662
13.950000000000001,54.11155654757316,7.7792144943167845,28.005172179540423
14.0,54.501198696436205,7.806471460205031,28.10329725673811
14.05,54.89221219386612,7.834068436991679,28.202646373170044
14.100000000000001,55.28461321153703,7.861972269844628,28.30310017144066
14.15,55.678415296973576,7.890111147617414,28.404400131422694
14.200000000000001,56.07362890419772,7.918433141348408,28.506359308854268
14.25,56.47026133988854,7.946864286284249,28.6087114306233
14.3,56.868316405705464,7.975338346392844,28.71121804701424
14.350000000000001,57.26779732558306,8.003898448711075,28.81403441535987
14.4,57.668707096758574,8.032492398309317,28.916972633913545
14.450000000000001,58.07104557751132,8.061046831800654,29.019768594482358
14.5,58.47481042646914,8.089547126512198,29.12236965544391
14.55,58.88000068626338,8.11806326525746,29.225027754926856
14.600000000000001,59.28661869096199,8.146656922686816,29.32796492167254
14.65,59.69466852916348,8.17533660537291,29.43121177934248
14.700000000000001,60.104153719894185,8.204071023855278,29.534655685879
14.75,60.51507657405285,8.232843142491268,29.638235312968565
14.8,60.92743885226788,8.261647986110173,29.741932749996625
14.850000000000001,61.34123971455383,8.290386505327564,29.845391419179233
14.9,61.75647474157647,8.319014575577878,29.948452472080362
14.950000000000001,62.173139020439336,8.347556578936887,30.051203684172794
15.0,62.59122936251855,8.376057104231496,30.153805575233385
15.05,63.010744987251876,8.404567885101656,30.256444386365963
15.100000000000001,63.43168459662618,8.433016489870411,30.35885936353348
15.15,63.85404345497345,8.46133784402044,30.460816238473583
15.200000000000001,64.27781547232169,8.489542849909054,30.562354259672592
15.25,64.70299449343436,8.51761799459789,30.663424780552404
15.3,65.12957399707095,8.5455621508654,30.76402374311544
15.350000000000001,65.55754761706172,8.573382648765293,30.864177535555054
15.4,65.9869090302426,8.601073878470004,30.963865962492015
15.450000000000001,66.41765264433585,8.628670685259536,31.06321446693433
15.5,66.8497748685389,8.656218282862483,31.162385818304937
15.55,67.28327236899285,8.683681735295513,31.26125424706385
15.600000000000001,67.71814200412274,8.711103669900155,31.359973211640558
15.65,68.15438410994375,8.738580562940056,31.458890026584204
15.700000000000001,68.59200210070868,8.76613906765725,31.5581006435661
15.75,69.03099965709254,8.79376318769681,31.657547475708515
15.8,69.47137960723147,8.821434817860462,31.757165344297665
15.850000000000001,69.91314541822844,8.849197622018206,31.85711143926554
15.9,70.35630211593133,8.87707028609756,31.957453029951214
15.950000000000001,70.80085460579804,8.905029308571033,32.05810551085572
16.0,71.24680753964587,8.933088045342243,32.15911696323208
16.05,71.69416536480875,8.961224961172825,32.26040986022217
16.1,72.14293145670621,8.989418714725566,32.36190737301204
16.150000000000002,72.59310816316383,9.01764954357968,32.46353835688685
16.2,73.0446968868436,9.045899403611017,32.565237852999665
16.25,73.49769839583685,9.074160956119044,32.66697944202856
16.3,73.95211466284069,9.102489724034552,32.76896300652439
16.35,74.40794910571626,9.130887990988345,32.87119676755805
16.400000000000002,74.86520400945717,9.15930815864844,32.973509371134384
16.45,75.32388003850232,9.187733003157557,33.075838811367205
16.5,75.78397773127439,9.216174707725163,33.17822894781059
16.55,76.2454973421372,9.244609726787452,33.28059501643483
16.6,76.70843637426067,9.272951558151547,33.382625609345574
16.650000000000002,77.1727890558593,9.30115570579337,33.48416054085613
16.7,77.63854891693025,9.329238737044818,33.585259453361346
16.75,78.10570972580446,9.357193617923803,33.685897024525694
16.8,78.57426428811671,9.384988874566066,33.785959948437835
16.85,79.04420461018732,9.412624008258431,33.88544642973035
16.900000000000002,79.51552452796093,9.440172702685878,33.984621729669165
16.95,79.98822055367792,9.467668325993607,34.08360597357699
17.0,80.46228960491254,9.495093723391266,34.18233740420856
17.05,80.93772792640279,9.522439136218734,34.28078089038745
17.1,81.41453240454719,9.549739989557523,34.37906396240708
17.150000000000002,81.89270110626957,9.57700807933759,34.47722908561533
17.2,82.37223225210384,9.604237754033548,34.575255914520774
17.25,82.85312342007481,9.631408964805129,34.673072273298466
17.3,83.33537180712463,9.658526517187923,34.77069546187652
17.35,83.81897662479624,9.685666189676194,34.8683982828343
17.400000000000002,84.30393951192356,9.712849295417042,34.96625746350135
17.45,84.79026269826437,9.740078158215214,35.06428136957477
17.5,85.27794824349175,9.767343650879758,35.162437143167125
17.55,85.76699895042303,9.794684626371378,35.26086465493696
17.6,86.25741949719618,9.822137244554856,35.35969408039748
17.650000000000002,86.7492146681466,9.849669593462036,35.45881053646333
17.7,87.24238727763937,9.877234786248454,35.558045230494436
17.75,87.73694000502329,9.904874309108475,35.657547512790515
17.8,88.23287672940013,9.932594665965365,35.757340797475315
17.85,88.73019931244662,9.960308655893748,35.857111161217496
17.900000000000002,89.22890712032483,9.98800365923515,35.956813173246545
17.95,89.72899889983461,10.015667521155681,36.05640307616045
18.0,90.23047205600776,10.043258725770281,36.155731412773015
18.05,90.73332271810592,10.070767758156233,36.25476392936244
18.1,91.23754609570281,10.098167345719306,36.3534024445895
18.150000000000002,91.74313667985521,10.125456020376948,36.45164167335702
18.2,92.25008902551944,10.152637806192509,36.549496102293034
18.25,92.7583987221063,10.179750057282188,36.64710020621588
18.3,93.26806307645498,10.206824116664517,36.744566819992265
18.35,93.7790805241732,10.23387379206423,36.84194565143123
18.400000000000002,94.29145111832221,10.260949973896631,36.93941990602787
18.45,94.80517663066442,10.288070519791775,37.03705387125039
18.5,95.3202599105046,10.315260673815704,37.134938425736536
18.55,95.83670554034316,10.3425645197266,37.233232271015765
18.6,96.35452007820518,10.37001699475411,37.332061181114796
18.650000000000002,96.87371022573507,10.397588906441078,37.43132006318788
18.7,97.39428120399191,10.425250223832807,37.530900805798105
18.75,97.91623747977954,10.453000807672584,37.6308029076213
18.8,98.4395844309632,10.48087723967353,37.73115806282471
18.85,98.96432872575373,10.50889455194816,37.83202038701338
18.900000000000002,99.4904764549453,10.537014615714433,37.93325261657196
18.95,100.01803277516264,10.565238192979038,38.03485749472454
19.0,100.54700302513133,10.5935718057687,38.136858500767325
19.05,101.07739105326067,10.621949319404969,38.23901754985789
19.1,101.60919726444764,10.650299128074195,38.3410768610671
19.150000000000002,102.14241837895959,10.67854545240353,38.442763628652706
19.200000000000003,102.67704983292771,10.706712706321099,38.54416574275596
19.25,103.21308785888125,10.734808331820762,38.645309994554744
19.3,103.75052740621952,10.762773561709944,38.7459848221558
19.35,104.28936076268704,10.790560696990791,38.84601850916685
19.400000000000002,104.82958006966088,10.81821158196282,38.945561695066154
19.450000000000003,105.37117859836347,10.845729566140943,39.04462643810739
19.5,105.91415064119863,10.873152147265339,39.14334773015522
19.55,106.4584920343106,10.900503577213486,39.24181287796855
19.6,107.00419995846558,10.92781338898583,39.34012820034899
19.650000000000002,107.55127419785933,10.955156186763963,39.43856227235027
19.700000000000003,108.09971655452374,10.982538079812237,39.537137087324055
19.75,108.64952805114088,11.009921784873194,39.6357184255435
19.8,109.20070660229455,11.037220261273747,39.73399294058549
19.85,109.75324891974736,11.064472436838903,39.83210077262005
19.900000000000002,110.30715546221471,11.091789261854917,39.9304413426777
19.950000000000003,110.86242872087315,11.119141084482749,40.028907904137895
20.0,111.41907041578646,11.146526712049425,40.127496163377934
20.05,111.97708220919738,11.173945024387148,40.22620208779374
20.1,112.53646811599125,11.201491247367848,40.325368490524255
20.150000000000002,113.0972316820222,11.229051393869653,40.42458501793075
20.200000000000003,113.6593723447177,11.256575113950271,40.52367041022098
20.25,114.22288870464259,11.28407928304518,40.622685418962654
20.3,114.7877800154398,11.311573148842864,40.721663335834315
20.35,115.35404630629796,11.339078485483867,40.820682547741924
20.400000000000002,115.92168783437374,11.36658263754736,40.919697495170496
20.450000000000003,116.49070405498637,11.394066186957698,41.01863827304771
20.5,117.06109268117663,11.421478860653082,41.117323898351096
20.55,117.63285078112497,11.448845137280685,41.21584249421047
20.6,118.20597797547777,11.47624263683131,41.31447349259272
20.650000000000002,118.78047502549117,11.5036393637047,41.41310170933692
20.700000000000003,119.35634302030853,11.531080428989453,41.511889544362035
20.75,119.93358645889674,11.558657114538965,41.61116561234027
20.8,120.51221217561394,11.58637155414868,41.71093759493525
20.85,121.09222431852842,11.614114162430875,41.81081098475115
20.900000000000002,121.67362415327901,11.641879227592762,41.910765219333946
20.950000000000003,122.25641493022792,11.669751850363461,42.01110666130846
21.0,122.84060171478056,11.69771953174212,42.11179031427163
21.05,123.42618954735526,11.725793771246215,42.21285757648637
21.1,124.01318260982359,11.753928727486798,42.314143418952476
21.150000000000002,124.6015806290957,11.781992043397432,42.41517135623076
21.200000000000003,125.19137758858936,11.809886336349178,42.51559081085704
21.25,125.7825646084931,11.837594459800755,42.61534005528272
21.3,126.37513339366302,11.865156946996173,42.714565009186224
21.35,126.96907722959719,11.892596490370334,42.8133473653332
21.400000000000002,127.5643916780669,11.91998144841815,42.91193321430534
21.450000000000003,128.16107458262837,11.94733473404062,43.01040504254623
21.5,128.75912347133516,11.974620814231255,43.108634931232515
21.55,129.35853526584106,12.001850966004715,43.20666347761698
21.6,129.95930746020304,12.029036808474306,43.3045325105075
21.650000000000002,130.56143737529538,12.056159795220069,43.40217526279225
21.700000000000003,131.16492368734575,12.083292686794055,43.4998536724586
21.75,131.76976671261787,12.110428324090993,43.597541966727576
21.8,132.37596414897823,12.137469130323902,43.69488886916605
21.85,132.98351181408916,12.164437474113633,43.79197490680908
21.900000000000002,133.59240689969315,12.191365950045942,43.88891742016539
21.950000000000003,134.20264687712378,12.218233147180051,43.98563932984818
22.0,134.81422780205213,12.245003849954024,44.08201385983449
22.05,135.4271486441963,12.271829835813175,44.178587408927434
22.1,136.0414117459718,12.298694235206911,44.27529924674488
22.150000000000002,136.6570144871596,12.325415412305972,44.3714954843015
22.200000000000003,137.27395023321463,12.352014429895315,44.46725194762313
22.25,137.89221347716395,12.37851532807721,44.56265518107796
22.3,138.51179815909356,12.404871949107417,44.6575390167867
22.35,139.13269796709406,12.43112037091239,44.75203333528461
22.400000000000002,139.7549107050757,12.45738914835366,44.84660093407317
22.450000000000003,140.37843816960927,12.483709432988904,44.941353958760054
22.5,141.00328108372193,12.510007131517852,45.03602567346427
22.55,141.62944110563643,12.536393745062654,45.13101748222555
22.6,142.2569221990285,12.562849990620869,45.226259966235126
22.650000000000002,142.88572698413273,12.58934141354807,45.32162908877305
22.700000000000003,143.51585908698038,12.615942700358547,45.41739372129077
22.75,144.14732843774212,12.64283133011121,45.51419278840036
22.8,144.78014600165105,12.669871226245826,45.61153641448497
22.85,145.41431782057902,12.69700153087241,45.709205511140674
22.900000000000002,146.04985167823511,12.72435277537198,45.807669991339125
22.950000000000003,146.68675587910167,12.751815259289693,45.90653493344289
23.0,147.32503548740308,12.779369072766443,46.005728661959196
23.05,147.96469689578691,12.807087262586238,46.10551414531046
23.1,148.6057483448831,12.834970701260616,46.205894524538216
23.150000000000002,149.24819780213844,12.863007588952545,46.30682732022916
23.200000000000003,149.89204981657176,12.891072988380374,46.40786275816935
23.25,150.53730443213195,12.919111634026969,46.50880188249709
23.3,151.18396043593287,12.947128518010611,46.609662664838204
23.35,151.83201809865287,12.975177990788845,46.710640766839845
23.400000000000002,152.4814779656524,13.003216689192747,46.811580081093894
23.450000000000003,153.13233900619397,13.031224932470375,46.91240975689335
23.5,153.7845994117935,13.059191291510327,47.01308864943718
23.55,154.43825821496975,13.08716083553939,47.1137790079418
23.6,155.0933114722977,13.114969457578862,47.213890047283904
23.650000000000002,155.74974937027244,13.142546461411243,47.31316726108047
23.700000000000003,156.40756418641448,13.170046184270344,47.41216626337324
23.75,157.06675318562907,13.197513784313909,47.51104962353007
23.8,157.7273155788897,13.224981946110882,47.609935005999176
23.85,158.38925011854602,13.252399640142187,47.70863870451188
23.900000000000002,159.0525541257372,13.27976064750488,47.80713833101757
23.950000000000003,159.71722503847337,13.307075861941463,47.90547310298927
24.0,160.38326261990065,13.33442739514956,48.00393862253842
24.05,161.05066808405226,13.361791170915305,48.1024482152951
24.1,161.71943975371138,13.389075615449105,48.20067221561678
24.150000000000002,162.3895750117353,13.416334705507104,48.29880493982558
24.200000000000003,163.061074944529,13.443662606240906,48.39718538246726
24.25,163.73394272289906,13.471048528562072,48.49577470282346
24.3,164.4081780794546,13.498365733658602,48.59411664117097
24.35,165.0837807868343,13.525742561529713,48.692673221506965
24.400000000000002,165.76075489202836,13.553221646232831,48.79159792643819
24.450000000000003,166.43910572346644,13.580811611290224,48.89092180064481
24.5,167.118839553321,13.608541582892437,48.99074969841278
24.55,167.7999622867616,13.63636775473125,49.0909239170325
24.6,168.48247826552893,13.66427139596222,49.19137702546399
24.650000000000002,169.1663908929251,13.692233699884737,49.29204131958505
24.700000000000003,169.85170330350394,13.720262723268824,49.392945803767766
24.75,170.53841700828204,13.748285467854647,49.49382768427673
24.8,171.226531032293,13.776275492583316,49.59459177329994
24.85,171.91604399702356,13.804243096638979,49.695275147900325
24.900000000000002,172.6069552680626,13.832207744921561,49.79594788171762
24.950000000000003,173.29926468230514,13.860168824780065,49.89660776920823
25.0,173.99297146498293,13.8881024823318,49.99716893639448
25.05,174.68807480059428,13.916030942121846,50.09771139163865
25.1,175.38457543733708,13.943994527589645,50.19838029932272
25.150000000000002,176.08247579612555,13.972019823949779,50.29927136621921
25.200000000000003,176.78177879663096,14.000100196266317,50.40036070655874
25.25,177.48248634532308,14.028201751418049,50.501526305104974
25.3,178.1845982822122,14.056275724146708,50.60259260692815
25.35,178.8881140971121,14.084356871849486,50.703684738658154
25.400000000000002,179.59303500044751,14.11247926156717,50.80492534164181
25.450000000000003,180.29935892144582,14.140477578364997,50.90571928211399
25.5,181.00707670043474,14.168233581191785,51.00564089229043
25.55,181.7161747295503,14.19568758343012,51.10447530034843
25.6,182.42663658661323,14.222786699087244,51.20203211671408
25.650000000000002,183.13844384751786,14.24950373709774,51.29821345355187
25.700000000000003,183.8515751341978,14.275747730099049,51.392691828356575
25.75,184.5660040350053,14.30140830220197,51.4850698879271
25.8,185.28170017260194,14.326437201663772,51.57517392598958
25.85,185.99862996422075,14.350754463088396,51.662716067118225
25.900000000000002,186.71675469325743,14.374234698378581,51.74724491416289
25.950000000000003,187.43602922242047,14.396746468143636,51.82828728531709
26.0,188.15640223776603,14.41817414567885,51.905426924443866
26.05,188.87781838933861,14.438471917224149,51.97849890200694
26.1,189.60021843701287,14.457529989746362,52.04710796308691
26.150000000000002,190.3235366762083,14.475199578071253,52.11071848105651
26.200000000000003,191.04770102296717,14.491374292283908,52.16894745222207
26.25,191.77263509399083,14.505988548661698,52.22155877518211
26.3,192.49826083409968,14.519041055692476,52.26854780049292
26.35,193.22450177376092,14.530596530757236,52.310147510726054
26.400000000000002,193.95128336577457,14.540667149788916,52.3464017392401
26.450000000000003,194.67853375615042,14.549348465245275,52.377654474882995
26.5,195.406187346697,14.556795156618307,52.40446256382591
26.55,196.13418438511175,14.563086379971864,52.42711096789871
26.6,196.86246723141534,14.568227472171365,52.445618899816914
26.650000000000002,197.59097854154692,14.572224933091892,52.46000975913081
26.700000000000003,198.31966344829735,14.575171336925344,52.47061681293124
26.75,199.04847343958272,14.577228314490036,52.47802193216413
26.8,199.7773671319208,14.578519379034079,52.48266976452268
26.85,200.5063072501584,14.579085350468763,52.48470726168755
26.900000000000002,201.2352566935575,14.57889238549507,52.48401258778225
26.950000000000003,201.96417907724606,14.578002962047638,52.4808106633715
27.0,202.6930432315782,14.57656321123865,52.47562756045914
27.05,203.42182309719485,14.574631413427618,52.46867308833942
27.1,204.1504964882669,14.572304229454842,52.46029522603743
27.150000000000002,204.87904648599425,14.569695679639022,52.45090444670048
27.200000000000003,205.60746057521726,14.566867889280779,52.440724401410804
27.25,206.3357295864409,14.563892559664257,52.43001321479133
27.3,207.06384790241523,14.560840079309965,52.419024285515874
27.35,207.79181217621502,14.557730872681587,52.407831141653716
27.400000000000002,208.51961984381202,14.554575831198282,52.39647299231382
27.450000000000003,209.2472690776672,14.551393523008162,52.38501668282939
27.5,209.974756973074,14.548122293264047,52.373240255750574
27.55,210.702076688105,14.544666307975632,52.360798708712274
27.6,211.4292179445626,14.540983950327814,52.34754222118013
27.650000000000002,212.15616840292137,14.53703438402346,52.333323782484456
27.700000000000003,212.8829135101599,14.532769905518528,52.3179716598667
27.75,213.60943736645436,14.528184346258943,52.3014636465322
27.8,214.33572363299803,14.52326631548803,52.28375873575691
27.85,215.0617549804341,14.51798758195525,52.2647552950389
27.900000000000002,215.78751470103342,14.512401242017578,52.244644471263285
27.950000000000003,216.51298975255057,14.506600818668586,52.22376294720691
28.0,217.2381696508756,14.50059511433198,52.202142411595126
28.05,217.96304209147596,14.494302509682202,52.179489034855926
28.1,218.6875907012722,14.487641882167305,52.1555107758023
28.150000000000002,219.41179692941682,14.480607243617587,52.13018607702332
28.200000000000003,220.13564389456062,14.473271362134504,52.10377690368421
28.25,220.8591194498884,14.465750850976523,52.07670306351548
28.3,221.58221613780728,14.458116665778679,52.049219996803245
28.35,222.3049293829334,14.45041313926707,52.021487301361454
28.400000000000002,223.02725959382943,14.442795296573609,51.99406306766499
28.450000000000003,223.74921508797485,14.43542446924327,51.967528089275774
28.5,224.47080883288578,14.428325327194385,51.94197117789979
28.55,225.1920574532196,14.421619486158425,51.91783015017033
28.6,225.91298420154308,14.415450446780767,51.895621608410764
28.650000000000002,226.6336169394984,14.40985907143181,51.87549265715452
28.700000000000003,227.35398599789585,14.404903264465984,51.857651752077544
28.75,228.07412396007774,14.400615222810025,51.84221480211609
28.8,228.7940632043899,14.396954549675428,51.82903637883154
28.85,229.51383404748196,14.393879174007761,51.81796502642794
28.900000000000002,230.2334654219358,14.391375804144971,51.808952894921894
28.950000000000003,230.95298455617376,14.389389565373309,51.80180243534391
29.0,231.67241529399888,14.387839947631424,51.796223811473126
29.05,232.39177930065685,14.386720318686882,51.792193147272776
29.1,233.11109724369055,14.38599740266087,51.78959064957913
29.150000000000002,233.83038636047013,14.385567268522369,51.788042166680526
29.200000000000003,234.5496597109838,14.38536675202501,51.78732030729004
29.25,235.26892804061808,14.385366433345808,51.78731916004491
29.3,235.98819932293003,14.385484859132646,51.78774549287753
29.35,236.707479465725,14.385720852665486,51.78859506959575
29.400000000000002,237.42677491390847,14.386097074673764,51.78994946882555
29.450000000000003,238.14609053715694,14.38652785526456,51.79150027895242
29.5,238.8654249452769,14.386848469534433,51.79265449032396
29.55,239.58476920831228,14.386922051880745,51.792919386770684
29.6,240.30410939657938,14.38668547880365,51.79206772369314
29.650000000000002,241.0234299133946,14.386135193805696,51.79008669770051
29.700000000000003,241.74271653639926,14.385329726380728,51.78718701497063
29.75,242.4619585617251,14.384351286653724,51.78366463195341
29.8,243.1811476746076,14.383213228644772,51.77956762312118
29.85,243.90027635232795,14.38193388016963,51.77496196861067
29.900000000000002,244.61933938215287,14.380587312827224,51.77011432617801
29.950000000000003,245.33833399742812,14.379197298182365,51.765110273456514
30.0,246.0572590101776,14.377803211797076,51.760091562469476
30.05,246.77611663072113,14.376501609943736,51.75540579579745
30.1,247.4949113131579,14.375285687526354,51.75102847509488
30.150000000000002,248.21364630585248,14.374114020256954,51.746810472925034
30.200000000000003,248.9323233714027,14.372968601751547,51.74268696630557
30.25,249.65094336757892,14.371831245296551,51.738592483067585
30.3,250.36950609569462,14.370677879331986,51.73444036559515
30.35,251.0880107009723,14.36950633177457,51.73022279438845
30.400000000000002,251.80645662992453,14.368330826314793,51.72599097473326
30.450000000000003,252.52484411710432,14.367168660876871,51.721807179156734
30.5,253.2431737598922,14.366017050638241,51.71766138229767
30.55,253.96144580970076,14.364864941705163,51.713513790138585
30.6,254.67966071952085,14.363731451098069,51.70943322395305
30.650000000000002,255.3978201475893,14.362645671640283,51.705524417905025
30.700000000000003,256.11592707653875,14.361631486337414,51.701873350814694
30.75,256.8339865969428,14.360749329823275,51.69869758736379
30.8,257.55200639446997,14.360042571263385,51.696153256548186
30.85,258.26999612408855,14.359546613480557,51.694367808530004
30.900000000000002,258.9879667172739,14.359277113932581,51.69339761015729
30.950000000000003,259.7059291853504,14.359221609126578,51.693197792855685
31.0,260.42389349706826,14.359350859589085,51.69366309452071
31.05,261.141868532127,14.359650542760326,51.694741953937175
31.1,261.8598621987205,14.360096120981913,51.69634603553489
31.150000000000002,262.57788209317175,14.360699657067343,51.69851876544244
31.200000000000003,263.2959360796213,14.361459800914403,51.70125528329185
31.25,264.014030649599,14.36232299819508,51.704362793502284
31.3,264.7321705631076,14.363273542149264,51.70778475173735
31.35,265.45036022360966,14.364312877933646,51.71152636056112
31.400000000000002,266.1686039314937,14.365435437426747,51.71556757473629
31.450000000000003,266.8869059652887,14.366645914373061,51.71992529174302
31.5,267.60526950667554,14.367895741100899,51.724424667963234
31.55,268.32369522422863,14.369132961022522,51.72887865968108
31.6,269.0421807436236,14.370287814776791,51.73303613319645
31.650000000000002,269.7607204406821,14.371300067564345,51.736680243231646
31.700000000000003,270.4793060034565,14.372122443409761,51.73964079627514
31.75,271.1979281483872,14.37276335381801,51.74194807374484
31.8,271.9165787632505,14.373261240715713,51.74374046657657
31.85,272.6352512579708,14.373638548095943,51.7450987731454
31.900000000000002,273.35393999336185,14.373910867545415,51.7460791231635
31.950000000000003,274.07263946123004,14.374067847182362,51.7466442498565
32.0,274.7913443679451,14.374128421419357,51.74686231710969
32.050000000000004,275.5100514765238,14.37415592172901,51.746961318224436
32.1,276.22875915567636,14.374151244373472,51.7469444797445
32.15,276.94746429080305,14.374054160693873,51.746594978497946
32.2,277.66616087626284,14.37380925769806,51.74571332771302
32.25,278.3848424726094,14.373454596166333,51.7444365461988
32.300000000000004,279.10349909722106,14.372810388299396,51.74211739787783
32.35,279.8221116848537,14.37169311700821,51.73809522122956
32.4,280.54065130458304,14.369891672164682,51.73161001979285
32.45,281.25908191392017,14.367332701320787,51.722397724754835
32.5,281.9773610630708,14.363833264704995,51.70979975293798
32.550000000000004,282.6954356272252,14.359149301471273,51.69293748529658
32.6,283.41324318142836,14.353152866653577,51.67135031995288
32.65,284.13071405123657,14.345681925675638,51.644454932432296
32.7,284.84777249271764,14.336655733567175,51.61196064084183
32.75,285.56433944864017,14.326022503334336,51.57368101200361
32.800000000000004,286.28033360839737,14.313743886952757,51.52947799302993
32.85,286.995672736319,14.29982122991245,51.47935642768482
32.9,287.71027812837224,14.284394452215281,51.42382002797501
32.95,288.42407650469784,14.267540600809408,51.36314616291387
33.0,289.13699422657965,14.249168274463887,51.297005788069995
33.050000000000004,289.84895742373646,14.229359611809116,51.22569460251282
33.1,290.55989611269,14.208187946333702,51.14947660680133
33.15,291.2697481474505,14.18589344408571,51.06921639870856
33.2,291.9784617271102,14.162649742300733,50.98553907228264
33.25,292.68599591150496,14.13871763349006,50.89938348056422
33.300000000000004,293.3923215151201,14.114306511116325,50.811503440018775
33.35,294.0974191969594,14.089600762454102,50.72256274483477
33.4,294.8012797170716,14.064820042034622,50.633352151324644
33.45,295.5039035698307,14.040134068329035,50.54448264598453
33.5,296.2053010830018,14.015766458514936,50.45675925065377
33.550000000000004,296.9054921392156,13.99187579003678,50.370752844132404
33.6,297.60450141423445,13.968495210718192,50.286582758585496
33.65,298.30235445315327,13.945626346035095,50.20425484572634
33.7,298.99907856585554,13.923338162055714,50.12401738340057
33.75,299.69470403425913,13.901680574087914,50.04605006671649
33.800000000000004,300.38926025105405,13.880568097709713,49.97004515175497
33.85,301.08277582232523,13.860054753138392,49.896197111298214
33.9,301.775281432264,13.840169644413086,49.82461071988711
33.95,302.4668101392437,13.82097863477492,49.755523085189715
34.0,303.1573942765905,13.802386859096227,49.68859269274642
34.050000000000004,303.84706380979765,13.784394469190172,49.62382008908462
34.1,304.5358501930284,13.767060860040116,49.56141909614442
34.15,305.22378571129815,13.750359870750433,49.50129553470156
34.2,305.91090304033133,13.734333290577846,49.44359984608025
34.25,306.59723480666275,13.718937362678323,49.38817450564196
34.300000000000004,307.28281106101565,13.704112811437444,49.3348061211748
34.35,307.9676629547086,13.689962936280724,49.283866570610606
34.4,308.6518249307632,13.676516105904412,49.235457981255884
34.45,309.3353293571193,13.663660948337956,49.18917941401664
34.5,310.0182049092121,13.651361135374003,49.144900087346414
34.550000000000004,310.7004802867173,13.639653964834753,49.10275427340511
34.6,311.3821844452777,13.628512377579078,49.062644559284685
34.65,312.0633475866048,13.61801327550565,49.02484779182034
34.7,312.743998023251,13.608004190342953,48.988815085234634
34.75,313.42415816072827,13.598401308748834,48.954244711495804
34.800000000000004,314.1038461135707,13.589116804947263,48.92082049781015
34.85,314.7830745286546,13.580019798408308,48.88807127426991
34.9,315.46184985195214,13.570993133494138,48.8555752805789
34.95,316.14017148701447,13.561872268999048,48.82274016839657
35.0,316.8180317984815,13.552540189682182,48.789144682855856
35.050000000000004,317.4954162218011,13.542836743102116,48.75421227516762
35.1,318.172302695901,13.532622220892879,48.71743999521436
35.15,318.8486640443071,13.521831715351707,48.67859417526615
35.2,319.52447004020127,13.510408120414805,48.6374692334933
35.25,320.1996851324495,13.498195569514515,48.59350405025226
35.300000000000004,320.8742676656347,13.485105757893965,48.54638072841828
35.35,321.5481740136718,13.471148163591334,48.496133388928804
35.4,322.2213588304771,13.456244508619433,48.44248023102996
35.45,322.89377294073313,13.440319901621784,48.38515164583843
35.5,323.56536453559136,13.423343892706367,48.32403801374292
35.550000000000004,324.2360812502097,13.405324692027502,48.25916889129901
35.6,324.90587138145156,13.38628055764794,48.190610007532584
35.65,325.57468326795316,13.366194902416584,48.118301648699706
35.7,326.2424659981576,13.345114305761243,48.04241150074048
35.75,326.90917030507484,13.323057970926548,47.963008695335574
35.800000000000004,327.57475174888157,13.300199781343228,47.88071921283562
35.85,328.2391744260024,13.276707303490435,47.79614629256557
35.9,328.90240757711024,13.252618740822667,47.7094274669616
35.95,329.564424269185,13.228048942167892,47.62097619180441
36.0,330.2252033902228,13.203115899345581,47.53121723764409
36.050000000000004,330.88472878767254,13.177899998643316,47.44043999511594
36.1,331.5429884093061,13.152484866697076,47.348945520109474
36.15,332.19997215356307,13.12686490358324,47.25671365289966
36.2,332.85566853504633,13.100990355747582,47.163565280691294
36.25,333.510066611807,13.074932714679782,47.06975777284722
36.300000000000004,334.16315905278776,13.048764924550557,46.97555372838201
36.35,334.8149405734107,13.022495900367119,46.88098524132163
36.4,335.4654066376746,12.996146670190868,46.78612801268712
36.45,336.11455298894066,12.96970738045124,46.690946569624465
36.5,336.7623772721767,12.943263948991255,46.59575021636852
36.550000000000004,337.4088805939664,12.916868922595151,46.50072812134255
36.6,338.054066061402,12.890549774829468,46.40597918938609
36.65,338.6979376179758,12.864312488123284,46.311524957243826
36.7,339.3404975446466,12.838084578708715,46.21710448335138
36.75,339.9817462624447,12.811864133214536,46.12271087957233
36.800000000000004,340.62168581299534,12.785717888810417,46.0285843997175
36.85,341.2603197080561,12.759637913620551,45.93469648903399
36.9,341.89764983821425,12.733567292706057,45.840842253741805
36.95,342.53367808986025,12.707562773133898,45.747225983282036
37.0,343.1684087122198,12.68166212124807,45.65398363649305
37.050000000000004,343.8018480797619,12.655912580437377,45.561285289574556
37.1,344.43400314370047,12.63028997710494,45.469043917577785
37.15,345.0648795259444,12.604765312651727,45.37715512554622
37.2,345.694482898398,12.579369585492945,45.2857305077746
37.25,346.322819968891,12.554113234225717,45.194807643212584
37.300000000000004,346.9498978359523,12.52900144822562,45.10440521361223
37.35,347.5757235628644,12.504027628258386,45.01449946173019
37.4,348.2003043223888,12.479202752715095,44.92512990977434
37.45,348.8236482757058,12.454555379966838,44.83639936788062
37.5,349.44576418553027,12.430081013012275,44.748291646844194
37.550000000000004,350.0666598712134,12.4057464143139,44.660687091530036
37.6,350.6863419681181,12.381537461873172,44.57353486274342
37.65,351.3048164568835,12.357442088743598,44.48679151947695
37.7,351.92208987926966,12.333494806704163,44.40058130413499
37.75,352.5381700200992,12.309710826476667,44.314958975316
37.800000000000004,353.1530637522572,12.286038459843455,44.22973845543644
37.85,353.76677541117425,12.262427896839247,44.14474042862129
37.9,354.3793076596931,12.23886204391353,44.05990335808871
37.95,354.9906626691158,12.215338332995842,43.975217998785034
38.0,355.6008432386112,12.19188444682089,43.8907840085552
38.050000000000004,356.20985214993493,12.168472006127002,43.80649922205721
38.1,356.8176909950731,12.145081799399586,43.72229447783851
38.15,357.42436056270475,12.12170090586633,43.63812326111879
38.2,358.0298611656261,12.098323210986688,43.55396355955208
38.25,358.6341928071184,12.074942448705382,43.469792815339375
38.300000000000004,359.23735531539603,12.051557882400783,43.38560837664282
38.35,359.8393493012435,12.02820155149731,43.301525585390316
38.400000000000006,360.4401766247961,12.004891390607957,43.217609006188646
38.45,361.03983906282264,11.981606130452896,43.13378206963043
38.5,361.63833719396285,11.958319115156598,43.049948814563756
38.550000000000004,362.23567086083364,11.935027559675648,42.96609921483233
38.6,362.83183959624535,11.911721856792372,42.88219868445254
38.650000000000006,363.4268436197591,11.888439083758017,42.79838070152886
38.7,364.02068378553605,11.865167547320176,42.71460317035264
38.75,364.61335948211257,11.841860315739845,42.63069713666344
38.800000000000004,365.20487017719546,11.818567487575134,42.546842955270485
38.85,365.7952167702453,11.795296234419624,42.46306644391065
38.900000000000006,366.3843989825173,11.7719922564607,42.37917212325852
38.95,366.97241479615013,11.748640288852602,42.29510503986937
39.0,367.55926316357125,11.725294407991061,42.21105986876782
39.050000000000004,368.14494717816535,11.702066175774132,42.12743823278687
39.1,368.72947433669,11.679020165211154,42.04447259476016
39.150000000000006,369.31285317352445,11.656133308167705,41.96207990940374
39.2,369.89509233922803,11.633433319975769,41.880359951912766
39.25,370.4762024221071,11.61096999518684,41.79949198267263
39.300000000000004,371.0561955263786,11.588754175672715,41.719515032421775
39.35,371.6350838591188,11.566779133937082,41.6404048821735
39.400000000000006,372.21287873126676,11.545015751979136,41.56205670712489
39.45,372.78959169197566,11.523502676377811,41.48460963496012
39.5,373.3652361210047,11.502274484786039,41.408188145229744
39.550000000000004,373.9398244453131,11.481258487548706,41.33253055517534
39.6,374.5133660487149,11.460405648523746,41.25746033468549
39.650000000000006,375.0858698607732,11.439746833807607,41.18308860170739
39.7,375.6573452304425,11.419267952965633,41.10936463067628
39.75,376.2278008030372,11.398954950822723,41.03623782296181
39.800000000000004,376.797244422022,11.378789808568543,40.963643310846756
39.85,377.36568174970586,11.35870329878453,40.89133187562431
39.900000000000006,377.93311512800676,11.338631833252423,40.81907459970872
39.95,378.4995443566331,11.318537311802379,40.746734322488564
40.0,379.0649667930506,11.298360144896337,40.674096521626815
40.050000000000004,379.6293778781292,11.27808325824883,40.60109972969579
40.1,380.19277378332197,11.257752949460656,40.527910618058364
40.150000000000006,380.75515251111665,11.237396162326872,40.45462618437674
40.2,381.31651226534257,11.216994006710552,40.38117842415799
40.25,381.87685105830025,11.196557711595643,40.307607761744315
40.300000000000004,382.4361688623864,11.176154451850481,40.23415602666173
40.35,382.99446780261536,11.15580315730763,40.160891366307474
40.400000000000006,383.5517508503939,11.135518753833342,40.087867513800035
40.45,384.10802280319996,11.115359358409544,40.015293690274355
40.5,384.66329175533787,11.095398727106993,39.94343541758518
40.550000000000004,385.21756784178854,11.075644730919038,39.87232103130854
40.6,385.7708595664992,11.05602425750694,39.80168732702498
40.650000000000006,386.3231723999762,11.036489081573592,39.73136069366493
40.7,386.8745110001799,11.017054926573017,39.66139773566287
40.75,387.42488156230746,10.997767558530349,39.59196321070926
40.800000000000004,387.9742903439569,10.97858370744789,39.522901346812404
40.85,388.5227403278206,10.959415647100693,39.4538963295625
40.900000000000006,389.0702321316953,10.94025650788885,39.384923428399865
40.95,389.6167666220938,10.921123108051104,39.316043188983976
41.0,390.16234518884943,10.902019562174,39.24727042382641
41.050000000000004,390.7069680182069,10.882893612124896,39.17841700364963
41.1,391.250635343218,10.863799388319212,39.10967779794916
41.150000000000006,391.79334869115326,10.844734529090701,39.041044304726526
41.2,392.335109173012,10.825684745257858,38.97246508292829
41.25,392.87591693642554,10.806625791284159,38.903852848622975
41.300000000000004,393.4157707261841,10.78752579905796,38.835092876608655
41.35,393.9546689214059,10.768402009813974,38.766247235330304
41.400000000000006,394.49261085841215,10.749275470435489,38.69739169356776
41.45,395.0295970646089,10.730172777433886,38.62862199876199
41.5,395.56562796599445,10.711063277990036,38.55982780076413
41.550000000000004,396.10070453119687,10.691999330106555,38.4911975883836
41.6,396.634829359461,10.6729938004579,38.42277768164844
41.650000000000006,397.1680050722399,10.654034710699067,38.35452495851664
41.7,397.7002343101524,10.635134805800211,38.28648530088076
41.75,398.23151899262746,10.61625249320374,38.21850897553347
41.800000000000004,398.7618609131448,10.59742432748958,38.15072757896249
41.85,399.29126081039266,10.578571562425445,38.0828576247316
41.900000000000006,399.81971756470756,10.559698610170836,38.01491499661501
41.95,400.347230418239,10.540815531086814,37.94693591191253
42.0,400.8737990650781,10.521930342477864,37.87894923292031
42.050000000000004,401.39942455322813,10.503089183522489,37.81112106068096
42.1,401.92411038313537,10.484344012767808,37.74363844596411
42.150000000000006,402.44786341557483,10.465777284810308,37.67679822531711
42.2,402.9706964195049,10.447542872393253,37.61115434061571
42.25,403.49262980859453,10.429792691190377,37.54725368828536
42.300000000000004,404.0136888851174,10.412570369725652,37.485253331012345
42.35,404.53390266132374,10.395980678528508,37.42553044270263
42.400000000000006,405.0533056479993,10.380138788493948,37.368499638578214
42.45,405.5719372794135,10.3651264680737,37.31445528506532
42.5,406.0898415127686,10.351042866131387,37.26375431807299
42.550000000000004,406.60706276726125,10.337807313575086,37.21610632887031
42.6,407.1236422689258,10.325372753005372,37.171341910819336
42.650000000000006,407.6396170092541,10.313616860128302,37.12902069646189
42.7,408.15501943413193,10.302480134985164,37.08892848594659
42.75,408.6698781422908,10.2918681913707,37.05072548893452
42.800000000000004,409.18421620862,10.281654461795156,37.01395606246256
42.85,409.6980495304243,10.271678410377827,36.97804227736018
42.900000000000006,410.21138709464606,10.261824158490196,36.942566970564705
42.95,410.7242325573673,10.251994350360373,36.90717966129735
43.0,411.2365835160144,10.242043995521595,36.87135838387774
43.050000000000004,411.7484319022748,10.2318914548938,36.834809237617684
43.1,412.25976538573207,10.22144788339686,36.79721238022869
43.150000000000006,412.77056880643124,10.210688944569354,36.758480200449675
43.2,413.280825410862,10.19957523266175,36.7184708375823
43.25,413.7905146400596,10.187993935240927,36.67677816686734
43.300000000000004,414.29961290231256,10.17593655487826,36.63337159756174
43.35,414.8080967932326,10.163419081922951,36.588308694922624
43.400000000000006,415.3159462532364,10.150559318229925,36.54201354562773
43.45,415.8231456451285,10.137416357453386,36.49469888683219
43.5,416.32968418385116,10.124125191453171,36.44685068923142
43.550000000000004,416.8355572396572,10.110797040787478,36.39886934683492
43.6,417.3407663107179,10.097565801641721,36.3512368859102
43.650000000000006,417.845320854836,10.084615963082395,36.30461746709663
43.7,418.34923890686423,10.072106118045753,36.25958202496471
43.75,418.8525446303604,10.060122821799975,36.216442158479914
43.800000000000004,419.35526562700574,10.048717044012708,36.17538135844575
43.85,419.85743177064643,10.037928701614833,36.1365433258134
43.900000000000006,420.35907460853474,10.027784813916757,36.10002533010032
43.95,420.8602261324256,10.01827614171891,36.06579411018808
44.0,421.3609161829454,10.009325879072783,36.03357316466202
44.050000000000004,421.86116971056447,10.000815225690356,36.002934812485286
44.1,422.3610080347847,9.992717743116906,35.97378387522086
44.150000000000006,422.86045037574,9.984975895096724,35.94591322234821
44.2,423.3595140685491,9.977571817266611,35.9192585421598
44.25,423.85821320379637,9.97039359262407,35.89341693344665
44.300000000000004,424.35655714457425,9.963364038492067,35.86811053857144
44.35,424.8545540913516,9.956513832601196,35.84344979736431
44.400000000000006,425.3522136615805,9.94986897655546,35.81952831559966
44.45,425.8495455078553,9.943404874435398,35.796257547967436
44.5,426.34655854159035,9.93711647496694,35.773619309880985
44.550000000000004,426.8432618532973,9.931015993309975,35.751657575915914
44.6,427.3396665377587,9.925171385148069,35.73061698653305
44.650000000000006,427.83578620982894,9.919615497661274,35.71061579158059
44.7,428.3316342744729,9.914307088096638,35.6915055171479
44.75,428.82722392001284,9.909278733500386,35.67340344060139
44.800000000000004,429.32257158727055,9.904627956807804,35.656660644508094
44.85,429.81769712333045,9.900393485588976,35.64141654812032
44.900000000000006,430.3126224033296,9.896617714378365,35.62782377176212
44.95,430.8073693448086,9.893259944779754,35.615735801207116
45.0,431.30195964052064,9.890351883702953,35.605266781330634
45.050000000000004,431.796416490586,9.887922118912892,35.59651962808641
45.1,432.29076393079856,9.885975489588915,35.5895117625201
45.150000000000006,432.78502599031515,9.884506891074283,35.58422480786742
45.2,433.2792254920727,9.883473179229448,35.580503445226014
45.25,433.7733836673916,9.882853833525559,35.57827380069201
45.300000000000004,434.267521232608,9.882648775129315,35.57753559046554
45.35,434.761658740518,9.882851541271734,35.578265548578244
45.400000000000006,435.25581536538715,9.883413453495368,35.58028843258333
45.45,435.7500076310645,9.884277173597992,35.58339782495277
45.5,436.24424972657545,9.885406646839835,35.58746392862341
45.550000000000004,436.7385540105762,9.886764713189184,35.59235296748106
45.6,437.23293037523626,9.888289873214651,35.59784354357274
45.650000000000006,437.72738495687827,9.889893392466277,35.6036162128786
45.7,438.2219197635991,9.891498876367312,35.60939595492232
45.75,438.71653299243343,9.893030277006641,35.61490899722391
45.800000000000004,439.2112210446628,9.894491812167974,35.62017052380471
45.85,439.70597982288297,9.895859316637635,35.62509353989549
45.900000000000006,440.2008043498295,9.89712176122538,35.62963834041137
45.95,440.69568951723596,9.898284935031585,35.63382576611371
46.0,441.19063173088017,9.899403610737851,35.637852998656264
46.050000000000004,441.68563005448635,9.90052933350916,35.64190560063298
46.1,442.18068546803937,9.901687208611998,35.646073951003196
46.150000000000006,442.6757994116689,9.90287053656834,35.650333931646024
46.2,443.17097372186544,9.904101871293367,35.65476673665612
46.25,443.66621170421564,9.905417422715814,35.65950272177693
46.300000000000004,444.16151676968656,9.906785196121476,35.66442670603731
46.35,444.6568904971562,9.908163902665178,35.66939004959464
46.400000000000006,445.1523332068723,9.909544485978703,35.67436014952333
46.45,445.6478450918056,9.910930911354198,35.67935128087511
46.5,446.1434271984913,9.912353356072483,35.68447208186094
46.550000000000004,446.63908079778196,9.913790615555461,35.68964621599966
46.6,447.13480599368785,9.91521722068049,35.69478199444976
46.650000000000006,447.6306016997172,9.916611020492649,35.69979967377354
46.7,448.1264660932248,9.917964719811218,35.704672991320386
46.75,448.6223974219135,9.919288427737095,35.70943833985354
46.800000000000004,449.11839347032907,9.920553508885913,35.713992631989285
46.85,449.61444951904235,9.921688439644669,35.71807838272081
46.900000000000006,450.1105580784008,9.922653934693862,35.7215541648979
46.95,450.60671083456634,9.923456311927858,35.72444272294029
47.0,451.10289933034073,9.924083519048136,35.72670066857329
47.050000000000004,451.5991146934173,9.92453100401367,35.72831161444921
47.1,452.0953486760577,9.924828301603732,35.729381885773435
47.150000000000006,452.5915941990471,9.92499261797274,35.72997342470186
47.2,453.0878454947857,9.925059211572478,35.73021316166092
47.25,453.5840976287299,9.925026146195924,35.730094126305325
47.300000000000004,454.0803458344303,9.924902081819777,35.7296474945512
47.35,454.5765862358398,9.924713974559353,35.72897030841367
47.400000000000006,455.07281651388513,9.924497147255565,35.728189730120036
47.45,455.5690358176792,9.92427500450805,35.72739001622898
47.5,456.06524371983704,9.924041081804795,35.726547894497266
47.550000000000004,456.5614393163718,9.9237827795837,35.72561800650132
47.6,457.0576222675796,9.923535268729173,35.72472696742503
47.650000000000006,457.55379420066043,9.923342054506072,35.72403139622186
47.7,458.0499583055803,9.923222142287281,35.72359971223421
47.75,458.546117865733,9.923160263821583,35.7233769497577
47.800000000000004,459.0422757926142,9.923156811427496,35.72336452113899
47.85,459.53843520254975,9.923219585994637,35.723590509580696
47.900000000000006,460.03459921744405,9.923341009778182,35.72402763520146
47.95,460.5307699796139,9.923489477015973,35.724562117257506
48.0,461.02694822296377,9.923640256977235,35.725104925118046
48.050000000000004,461.52313359850416,9.923774764637523,35.725589152695086
48.1,462.01932501190305,9.92388177131794,35.72597437674459
48.150000000000006,462.515520316431,9.923930409800128,35.726149475280465
48.2,463.01171653092985,9.923918170154655,35.72610541255676
48.25,463.5079110749535,9.923863590791248,35.72590892684849
48.300000000000004,464.00410237786974,9.923788525860035,35.72563869309612
48.35,464.5002898101402,9.923708764958928,35.72535155385214
48.400000000000006,464.99647373502677,9.92364823050447,35.72513362981609
48.45,465.49265565815386,9.923628694580316,35.72506330048914
48.5,465.9888383234112,9.92367791571174,35.725240496562265
48.550000000000004,466.48502586200806,9.923823628162067,35.72576506138344
48.6,466.98122322156775,9.92407075422589,35.7266547152132
48.650000000000006,467.47743488429444,9.924395754842203,35.727824717431936
48.7,467.973664221604,9.924777737540495,35.72919985514579
48.75,468.46991356041474,9.925195814889841,35.73070493360343
48.800000000000004,468.9661842820645,9.925633051099123,35.732278983956846
48.85,469.46247678694345,9.926067144059463,35.733841718614066
48.900000000000006,469.9587904848646,9.92648077278699,35.73533078203317
48.95,470.4551237840467,9.926851194495253,35.73666430018291
49.0,470.95147413344154,9.927162781298026,35.7377860126729
49.050000000000004,471.44783925792905,9.927442198202145,35.73879191352773
49.1,471.944218070375,9.927710299635079,35.73975707868628
49.150000000000006,472.44060942561526,9.927943909976989,35.74059807591716
49.2,472.9370110078391,9.928119378976739,35.74122976431626
49.25,473.4334197285184,9.928229448195953,35.74162601350543
49.300000000000004,473.9298322414427,9.928271068776109,35.74177584759399
49.35,474.4262448655705,9.928233896334982,35.741642026805934
49.400000000000006,474.92265374382515,9.928121233852384,35.74123644186858
49.45,475.4190558785583,9.92796415547506,35.740670959710215
49.5,475.91544995561526,9.927798926802732,35.74007613648983
49.550000000000004,476.411835912297,9.927639340468641,35.73950162568711
49.6,476.90821394257097,9.927481870489675,35.73893473376283
49.650000000000006,477.40458453343297,9.927341763990007,35.73843035036403
49.7,477.90094993900624,9.927274458941424,35.73818805218913
49.75,478.39731498395486,9.927327339002213,35.73837842040797
49.800000000000004,478.89368520136503,9.927481357403755,35.738932886653515
49.85,479.39006439450776,9.927686368304409,35.73967092589587
49.900000000000006,479.88645457380153,9.927920803446753,35.740514892408314
49.95,480.38285714466093,9.92818203092965,35.74145531134674
50.0,480.8792731309302,9.928457419841013,35.74244671142765
50.050000000000004,481.3757026313566,9.928722597215941,35.74340134997739
50.1,481.87214457677203,9.928955219402244,35.74423878984808
50.150000000000006,482.3685973731282,9.92915663484377,35.74496388543757
50.2,482.8650594402555,9.929326050248141,35.74557378089331
50.25,483.3615283625891,9.929430843096469,35.74595103514729
50.300000000000004,483.85800035156177,9.929448715808467,35.746015376910485
50.35,484.3544716049385,9.929401419260937,35.74584510933938
50.400000000000006,484.8509397582499,9.929324713195786,35.74556896750483
50.45,485.34740354390357,9.929226712949914,35.74521616661969
50.5,485.84386171924467,9.929100300693742,35.74476108249747
50.550000000000004,486.3403130345079,9.928952309835225,35.74422831540681
50.6,486.8367569705489,9.928805131804902,35.74369847449765
50.650000000000006,487.33319406774234,9.928678755933658,35.74324352136117
50.7,487.82962565926744,9.928584905070219,35.74290565825279
50.75,488.326053483279,9.928528055392022,35.74270099941128
50.800000000000004,488.82247947152484,9.928511474441319,35.74264130798875
50.85,489.31890624940735,9.928559640858932,35.74281470709216
50.900000000000006,489.8153374628716,9.928688897711567,35.74328003176164
50.95,490.31177676339115,9.928883123072026,35.74397924305929
51.0,490.80822660865533,9.929110687494695,35.744798474980904
51.050000000000004,491.3046881939816,9.929352725556068,35.74566981200185
51.1,491.8011627037196,9.929627663966569,35.74665959027965
51.150000000000006,492.2976518067219,9.929936456124462,35.74777124204807
51.2,492.7941567127165,9.930259783659974,35.748935221175905
51.25,493.2906775980235,9.93057562862063,35.75007226303427
51.300000000000004,493.7872134631235,9.930858975380817,35.75109231137094
51.35,494.2837623522586,9.931096590021383,35.75194772407698
51.400000000000006,494.7803221990551,9.931297281838424,35.75267021461833
51.45,495.2768907890459,9.931446317795277,35.753206744063
51.5,495.77346554510194,9.931543924445483,35.75355812800374
51.550000000000004,496.2700443945079,9.931610051794099,35.75379618645876
51.6,496.76662600524014,9.931654377494457,35.75395575898005
51.650000000000006,497.2632094725664,9.93168431555634,35.754063536002825
51.7,497.7597937013775,9.931684836885452,35.75406541278763
51.75,498.25637749429586,9.931666879850294,35.75400076746106
51.800000000000004,498.752961184595,9.931680732114916,35.7540506356137
51.85,499.24954650107196,9.931731926962978,35.75423493706673
51.900000000000006,499.7461351059959,9.931812269995811,35.75452417198492
51.95,500.24272824948105,9.931913469409404,35.754888489873856
52.0,500.73932708046834,9.932039770082305,35.7553431722963
52.050000000000004,501.23593322268954,9.932205918766291,35.75594130755865
52.1,501.73254888720953,9.932420662032522,35.75671438331708
52.150000000000006,502.2291754062623,9.932640100078215,35.75750436028157
52.2,502.72581235593793,9.932837886946327,35.75821639300678
52.25,503.22245840406316,9.933004038063816,35.758814537029735
52.300000000000004,503.7191121607866,9.933146230874904,35.75932643114965
52.35,504.2157723103477,9.933259751567878,35.75973510564436
52.400000000000006,504.71243661684434,9.933312508298656,35.75992502987516
52.45,505.2091022223762,9.933311712975835,35.759922166713004
52.5,505.7057674032095,9.933295520357216,35.75986387328598
52.550000000000004,506.2024320020264,9.933288432318752,35.75983835634751
52.6,506.6990970947017,9.933315274693994,35.75993498889838
52.650000000000006,507.1957641500161,9.933366937881814,35.76012097637453
52.7,507.6924347653403,9.933457675086192,35.760447630310296
52.75,508.18911129631977,9.933603564092687,35.76097283073367
52.800000000000004,508.685796487639,9.933804088675492,35.76169471923177
52.85,509.1824926300248,9.934041606757612,35.762549784327405
52.900000000000006,509.6792014903259,9.93431280528626,35.763526099030535
52.95,510.1759246152491,9.934612191641015,35.764603889907654
53.0,510.6726639627504,9.934961708411857,35.765862150282686
53.050000000000004,511.16942134746114,9.935333680017255,35.76720124806212
53.1,511.66619761136917,9.935716876303625,35.76858075469305
53.150000000000006,512.1629936518657,9.93612474355752,35.77004907680708
53.2,512.6598108255433,9.936562203550007,35.77162393278003
53.25,513.156650261333,9.937015228037446,35.7732548209348
53.300000000000004,513.6535118111631,9.937446765167921,35.77480835460452
53.35,514.1503931342796,9.937806159494848,35.77610217418145
53.400000000000006,514.647290899307,9.938104441600458,35.77717598976165
53.45,515.1442022097874,9.938347977617571,35.77805271942326
53.5,515.6411245852194,9.938547039661502,35.77876934278141
53.550000000000004,516.1380563074874,9.938721851059885,35.779398663815584
53.6,516.6349966345847,9.938891232829935,35.780008438187764
53.650000000000006,517.1319455645313,9.939065965034711,35.78063747412496
53.7,517.6289047666263,9.939302118765692,35.781487627556494
53.75,518.125877583724,9.939610565143667,35.7825980345172
53.800000000000004,518.6228682461447,9.940015931681756,35.784057354054326
53.85,519.1198816629335,9.94052073987161,35.7858746635378
53.900000000000006,519.6169227932777,9.941124473894488,35.788048106020156
53.95,520.1139969835175,9.941843135699791,35.79063528851925
54.0,520.6111094332314,9.942654852853764,35.79355747027355
54.050000000000004,521.1082645703078,9.943550630202836,35.79678226873021
54.1,521.6054670981124,9.944550481980604,35.80038173513017
54.150000000000006,522.1027218918202,9.945641266332277,35.8043085587962
54.2,522.6000331897832,9.946810652186677,35.80851834787204
54.25,523.0974047899173,9.948053353178212,35.81299207144156
54.300000000000004,523.5948396528757,9.949341165158579,35.81762819457089
54.35,524.0923393516279,9.950646784925675,35.82232842573243
54.400000000000006,524.5899044135782,9.951955693087807,35.82704049511611
54.45,525.0875343467857,9.95324163520898,35.83166988675233
54.5,525.5852273602544,9.954478903540931,35.83612405274735
54.550000000000004,526.0829799743183,9.955625659014833,35.8402523724534
54.6,526.5807879943754,9.956695143273874,35.84410251578595
54.650000000000006,527.0786480666115,9.957707746169037,35.84774788620853
54.7,527.5765571985849,9.958657532762636,35.851167117945494
54.75,528.0745123901293,9.959550129013861,35.8543804644499
54.800000000000004,528.5725110152932,9.960394877546616,35.85742155916782
54.85,529.070551115918,9.961209147443345,35.86035293079604
54.900000000000006,529.5686314143649,9.962002790431384,35.86321004555298
54.95,530.0667522404103,9.96283025138647,35.86618890499129
55.0,530.564915441264,9.963697782762795,35.869312017946065
55.050000000000004,531.0631232064129,9.964612823191072,35.87260616348786
55.1,531.5613778623211,9.965573413136163,35.876064287290184
55.150000000000006,532.0596821529371,9.966598211501777,35.879753561406396
55.2,532.5580381767289,9.967642740174288,35.88351386462744
55.25,533.0564462016649,9.968678257264319,35.88724172615155
55.300000000000004,533.5549061309943,9.969718915910576,35.890988097278075
55.35,534.0534178356926,9.970749272023482,35.89469737928454
55.400000000000006,534.5519804519429,9.971755377987199,35.898319360753916
55.45,535.0505926777236,9.972733653240528,35.901841151665906
55.5,535.5492529600319,9.973677639096644,35.90523950074792
55.550000000000004,536.047960206462,9.97461221810444,35.908603985175986
55.6,536.5467139363071,9.975536975699118,35.91193311251683
55.650000000000006,537.045513843109,9.976459296377177,35.915253466957836
55.7,537.544359545547,9.977368801140752,35.91852768410671
55.75,538.0432503879763,9.978264896033828,35.921753625721784
55.800000000000004,538.5421857397545,9.97914917509166,35.92493703032998
55.85,539.0411651141351,9.98002580013133,35.92809288047279
55.900000000000006,539.540187707195,9.9808779222622,35.93116052014392
55.95,540.0392527540814,9.981723953194699,35.934206231500916
56.0,540.5383600833329,9.982569216864164,35.93724918071099
56.050000000000004,541.0375103837373,9.983442799311405,35.940394077521056
56.1,541.5367060384112,9.984383387647462,35.94378019553086
56.150000000000006,542.0359508389204,9.985408632715561,35.94747107777602
56.2,542.535249737321,9.98654730330875,35.9515702919115
56.25,543.0346083932902,9.98779893545809,35.95607616764912
56.300000000000004,543.5340321734419,9.989152270609605,35.96094817419458
56.35,544.0335255958158,9.990584624348122,35.96610464765324
56.400000000000006,544.5330922150995,9.992080146999832,35.9714885291994
56.45,545.0327352008154,9.993639281638547,35.97710141389877
56.5,545.53245665871,9.99521903414524,35.98278852292287
56.550000000000004,546.0322568038551,9.996786771663334,35.988432377988005
56.6,546.532135353073,9.998355197053195,35.9940787093915
56.650000000000006,547.0320921880874,9.999918203519885,35.999705532671584
56.7,547.5321269594498,10.001472650976494,36.00530154351538
56.75,548.0322400335338,10.00305031238304,36.01098112457895
56.800000000000004,548.5324326619663,10.004654824917948,36.016757369704614
56.85,549.0327062099607,10.006287094857603,36.02263354148737
56.900000000000006,549.5330628328538,10.007977820867023,36.028720155121285
56.95,550.0335047088965,10.009697220841943,36.03490999503099
57.0,550.5340335773823,10.011457518587392,36.041247066914615
57.050000000000004,551.0346513374122,10.013252882611077,36.04771037739988
57.1,551.5353595403058,10.015075233129565,36.05427083926644
57.150000000000006,552.0361600361515,10.016944600699068,36.06100056251665
57.2,552.5370545843887,10.01883732878547,36.06781438362769
57.25,553.0380449327331,10.020776604991081,36.07479577796789
57.300000000000004,553.53913391017,10.022782492482737,36.08201697293785
57.35,554.0403244946715,10.024840887577014,36.08942719527725
57.400000000000006,554.5416196007279,10.026963354679847,36.09706807684745
57.45,555.0430222851513,10.02914402225592,36.10491848012131
57.5,555.5445353002776,10.031376582796755,36.11295569806832
57.550000000000004,556.0461609813922,10.033650661783856,36.12114238242188
57.6,556.5479004824282,10.035929379656654,36.129345766763954
57.650000000000006,557.0497530886001,10.03817486721951,36.137429521990235
57.7,557.551716983908,10.040380945096722,36.1453714023482
57.75,558.0537891869407,10.04250717620911,36.153025834352796
57.800000000000004,558.555965252846,10.044535460005589,36.16032765602012
57.85,559.0582395910142,10.046438066721889,36.1671770401988
57.900000000000006,559.5606054087418,10.048194642384082,36.1735007125827
57.95,560.0630557040408,10.049817169574274,36.179341810467385
58.0,560.5655840881419,10.051318194470527,36.1847455000939
58.050000000000004,561.0681850028296,10.052718393038077,36.18978621493708
58.1,561.570854945862,10.054079328256504,36.19468558172342
58.150000000000006,562.0735922158694,10.055411472037425,36.199481299334735
58.2,562.5763956876654,10.056727399799831,36.20421863927939
58.25,563.079264443743,10.058022843305782,36.208882235900816
58.300000000000004,563.5821979815188,10.059318667727347,36.21354720381845
58.35,564.0851972026209,10.060650176355555,36.21834063488
58.400000000000006,564.5882642476365,10.062031624271945,36.223313847379
58.45,565.0914013309704,10.063451709084157,36.228426152702966
58.5,565.594611078868,10.064938206820957,36.233777544555444
58.550000000000004,566.0978969463874,10.066496493959946,36.239387378255806
58.6,566.6012626226194,10.068130555317827,36.24526999914418
58.650000000000006,567.1047122960517,10.069856381976637,36.25148297511589
58.7,567.6082508041501,10.071683941956003,36.25806219104161
58.75,568.1118834541538,10.073622058195083,36.2650394095023
58.800000000000004,568.6156152954418,10.075651593324423,36.272345735967924
58.85,569.1194491459754,10.077702428021311,36.27972874087672
58.900000000000006,569.623384828372,10.0797248678406,36.287009524226164
58.95,570.1274202337806,10.081691348505904,36.29408885462126
59.0,570.6315522702312,10.083590109513306,36.3009243942479
59.050000000000004,571.1357770960617,10.0854029237084,36.30745052535024
59.1,571.6400903619569,10.087127712102635,36.31365976356949
59.150000000000006,572.1444885292625,10.088798980121403,36.319676328437055
59.2,572.6489705292851,10.090481020781723,36.32573167481421
59.25,573.1535369331033,10.092175131945526,36.33183047500389
59.300000000000004,573.6581872576794,10.09383785110025,36.3378162639609
59.35,574.1629195943466,10.095455615588277,36.3436402161178
59.400000000000006,574.6677319166677,10.097037277252678,36.349334198109645
59.45,575.1726230885074,10.09860959633802,36.354994546816876
59.5,575.6775927255743,10.100175886335569,36.360633190808045
59.550000000000004,576.1826405153977,10.101735706598626,36.366248543755056
59.6,576.6877665314568,10.103304935766065,36.37189776875783
59.650000000000006,577.1929708147823,10.104866397253648,36.377519030113135
59.7,577.6982527036616,10.10640915792124,36.383072968516466
59.75,578.2036113229761,10.107935614657023,36.388568212765286
59.800000000000004,578.7090462234838,10.109460405648031,36.39405746033291
59.85,579.2145578649214,10.111005251854536,36.39961890667633
59.900000000000006,579.7201470934332,10.112563888615757,36.405229999016726
59.95,580.2258136354761,10.114097793103067,36.410752055171045
60.0,580.7315558192303,10.115589557063569,36.41612240542885
60.050000000000004,581.2373716951553,10.117045479934918,36.4213637277657
60.1,581.7432594025814,10.118462817111647,36.42646614160193
60.150000000000006,582.2492175086102,10.11986142403887,36.431501126539935
60.2,582.7552457137822,10.121266782840081,36.436560418224296
60.25,583.2613440040238,10.122664826825975,36.441593376573515
60.300000000000004,583.7675114358307,10.124032445445645,36.44651680360432
60.35,584.2737460908984,10.125353757263635,36.45127352614909
60.400000000000006,584.7800467278098,10.126671719192501,36.45601818909301
60.45,585.2864140436478,10.128020914328072,36.46087529158106
60.5,585.7928504252853,10.129434351173938,36.46596366422618
60.550000000000004,586.2993601215128,10.130953497922375,36.47143259252055
60.6,586.8059490443906,10.132603417186157,36.47737230187017
60.650000000000006,587.3126242013308,10.13440286042124,36.48385029751646
60.7,587.819392484612,10.136328470827431,36.49078249497875
60.75,588.3262581696257,10.138298929721161,36.497876146996184
60.800000000000004,588.8332219032343,10.140250414622287,36.504901492640236
60.85,589.3402822050608,10.142161658439738,36.511781970383055
60.900000000000006,589.8474364465137,10.144007999674756,36.51842879882912
60.95,590.3546808698106,10.145768932203364,36.52476815593211
61.0,590.8620107906264,10.147427900427331,36.53074044153839
61.050000000000004,591.3694210072357,10.148980763945891,36.53633075020521
61.1,591.8769063560593,10.150433188999449,36.541559480398014
61.150000000000006,592.3844616334148,10.151777905222815,36.54640045880213
61.2,592.8920820812006,10.153040006204149,36.55094402233494
61.25,593.3997643162274,10.154249394870643,36.55529782153432
61.300000000000004,593.9075054035279,10.155394097148092,36.55941874973313
61.35,594.4153018611004,10.156464205751034,36.56327114070372
61.400000000000006,594.9231498525157,10.15745545086158,36.566839623101686
61.45,595.431045363035,10.15836496990769,36.57011389166769
61.5,595.9389851817223,10.15922777758544,36.57321999930758
61.550000000000004,596.4469683352793,10.160098364696248,36.57635411290649
61.6,596.9549967452349,10.161038033527987,36.57973692070075
61.650000000000006,597.4630757205467,10.162120978945818,36.58363552420495
61.7,597.9712129262142,10.163367247751554,36.588122091905596
61.75,598.479416472228,10.164774592798832,36.59318853407579
61.800000000000004,598.987695015546,10.16636713992244,36.598921703720784
61.85,599.4960582908101,10.168163870639356,36.605389934301684
61.900000000000006,600.0045165858238,10.170167929907763,36.61260454766795
61.95,600.513079479376,10.172347812177968,36.620452123840685
62.0,601.021754875857,10.174668047063463,36.628804969428465
62.050000000000004,601.5305496149167,10.177121515322465,36.63763745516088
62.1,602.0394695115392,10.179674349578033,36.646827658480916
62.150000000000006,602.5485179345776,10.182262571957098,36.65614525904555
62.2,603.0576956607332,10.184846474264601,36.665447307352565
62.25,603.5670016271947,10.187392184196908,36.674611863108865
62.300000000000004,604.0764339029315,10.189898845274914,36.683635842989695
62.35,604.5859907143061,10.192373609709204,36.69254499495314
62.400000000000006,605.0956702035403,10.194805959654712,36.701301454756965
62.45,605.6054701188107,10.197190651161119,36.70988634418003
62.5,606.1153880672794,10.199527287584102,36.71829823530277
62.550000000000004,606.6254222217686,10.201838891989299,36.72662001116148
62.6,607.1355716990239,10.204140198220006,36.73490471359202
62.650000000000006,607.645836858502,10.206466180901478,36.74327825124532
62.7,608.1562198620655,10.208853961641116,36.75187426190802
62.75,608.6667230311176,10.211272800440078,36.76058208158428
62.800000000000004,609.1773460558702,10.213648189663408,36.76913348278827
62.85,609.6880864852108,10.215968983957762,36.77748834224794
62.900000000000006,610.1989419706192,10.218250432382378,36.78570155657656
62.95,610.7099107530314,10.220500864104439,36.79380311077598
63.0,611.2209926288566,10.222774168903012,36.801987008050844
63.050000000000004,611.732189750762,10.225110707314034,36.810398546330525
63.1,612.2435052858225,10.227510695105916,36.819038502381304
63.150000000000006,612.7549423831668,10.229973198669608,36.82790351521059
63.2,613.2665041209093,10.232496311026377,36.83698671969496
63.25,613.7781943246101,10.235111837006965,36.846402613225074
63.300000000000004,614.2900176226875,10.237820086086657,36.85615230991197
63.35,614.8019785511318,10.240617051684543,36.86622138606435
63.400000000000006,615.3140804871093,10.243460387416517,36.876457394699464
63.45,615.8263235295117,10.24626130867702,36.886540711237274
63.5,616.3387045137803,10.248978062064815,36.89632102343334
63.550000000000004,616.851219201818,10.251609459445895,36.90579405400522
63.6,617.3638626875493,10.254129969804207,36.914867891295145
63.650000000000006,617.8766300814622,10.2565657867116,36.923636832161755
63.7,618.3895186349456,10.258976352623895,36.932314869446024
63.75,618.9025273621032,10.261372733680211,36.940941841248765
63.800000000000004,619.4156561579233,10.263779099121521,36.94960475683748
63.85,619.92890572402,10.266203544743254,36.95833276107572
63.900000000000006,620.4422767240237,10.26863645540543,36.96709123945955
63.95,620.9557699124,10.271091079643838,36.97592788671782
64.0,621.4693870491343,10.273594389726705,36.98493980301614
64.05,621.9831312260967,10.276172688768398,36.99422167956623
64.10000000000001,622.4970055789312,10.27880142461051,37.00368512859784
64.15,623.0110123612393,10.281469867711863,37.01329152376271
64.2,623.5251528198708,10.284148477545646,37.02293451916432
64.25,624.0394264980611,10.286798650064377,37.03247514023176
64.3,624.5538314617648,10.28939989808533,37.04183963310719
64.35000000000001,625.0683665382329,10.292003160635373,37.05121137828734
64.4,625.5830320169082,10.294615986376366,37.060617550954916
64.45,626.0978281773002,10.297230429303891,37.07002954549401
64.5,626.6127553827255,10.29985778770698,37.07948803574513
64.55,627.1278137855774,10.302478326367037,37.088921974921334
64.60000000000001,627.6430031260948,10.305095294328728,37.09834305958342
64.65,628.158323940207,10.307737270159866,37.107854172575514
64.7,628.6737772551362,10.310395327009779,37.1174231772352
64.75,629.1893627067977,10.313022739451872,37.12688186202674
64.8,629.7050772811597,10.315560235026195,37.13601684609431
64.85000000000001,630.2209158555197,10.317982739375818,37.144737861752944
64.9,630.7368710235127,10.320223980342515,37.15280632923306
64.95,631.2529328952248,10.322250888146085,37.16010319732591
65.0,631.769091119087,10.324078066341496,37.16668103882939
65.05,632.2853369832071,10.325756498466568,37.17272339447965
65.10000000000001,632.8016635886663,10.3273077198996,37.17830779163857
65.15,633.3180658549121,10.328782929930554,37.183618547749994
65.2,633.834540726428,10.330211930706646,37.188762950543925
65.25,634.3510869743387,10.33163798572121,37.19389674859636
65.3,634.8677056321018,10.333108324801538,37.199189969285534
65.35000000000001,635.3843994941489,10.334646157083125,37.20472616549925
65.4,635.901171458286,10.336232408400953,37.21043667024343
65.45,636.4180237262698,10.33785831095219,37.216289919427886
65.5,636.9349582845254,10.339524019269913,37.22228646937169
65.55,637.4519773507768,10.341238630786666,37.228459070832
65.60000000000001,637.9690827267293,10.342976407311767,37.23471506632236
65.65,638.4862755300093,10.344735723884389,37.2410486059838
65.7,639.0035576006945,10.34654710352466,37.247569572688775
65.75,639.5209323443917,10.348442644359423,37.25439351969393
65.8,640.0384041326291,10.350428885138507,37.26154398649863
65.85000000000001,640.5559778087368,10.352518159168557,37.26906537300681
65.9,641.0736580168367,10.35469016482772,37.27688459337979
65.95,641.5914496058728,10.356973396614073,37.28510422781066
66.0,642.1093580628683,10.359364883207904,37.29371357954846
66.05,642.6273887481707,10.36186252888898,37.302705104000324
66.10000000000001,643.1455461971536,10.36443543042698,37.31196754953713
66.15,643.6638331018487,10.367040757376957,37.321346726557046
66.2,644.1822499089842,10.369631528045613,37.33067350096421
66.25,644.7007954905852,10.3721917359939,37.33989024957804
66.3,645.2194676775094,10.374695740977343,37.34890466751843
66.35000000000001,645.7382635811481,10.377140404569404,37.35770545644986
66.4,646.2571803793853,10.379531524920079,37.36631348971228
66.45,646.7762147392734,10.38184287060264,37.37463433416951
66.5,647.2953625511358,10.3840696038906,37.38265057400616
66.55,647.8146207014862,10.386256410127947,37.39052307646061
66.60000000000001,648.3339871255746,10.388400553405898,37.398241992261234
66.65,648.8534604932591,10.39053415397839,37.40592295432221
66.7,649.3730401913773,10.392653770748941,37.41355357469619
66.75,649.8927250665301,10.394741235366276,37.421068447318596
66.8,650.412512234248,10.396745473346906,37.42828370404886
66.85000000000001,650.9323971276588,10.398650263086031,37.435140947109716
66.9,651.4523736996277,10.400412615671321,37.44148541641676
66.95,651.972434716978,10.402028078340813,37.447301082026925
67.0,652.4925728221866,10.403496130005616,37.45258606802022
67.05,653.0127801439949,10.404796742325857,37.457268272373085
67.10000000000001,653.5330485178421,10.405938211560718,37.46137756161858
67.15,654.0533705855676,10.40694449745711,37.46500019084559
67.2,654.5737406990628,10.407860042351118,37.46829615246403
67.25,655.094155860211,10.408746403577771,37.47148705287998
67.3,655.6146153142591,10.40963175834838,37.47467433005417
67.35000000000001,656.1351199473845,10.410553566667927,37.47799284000454
67.4,656.6556721889658,10.411536096583053,37.48152994769899
67.45,657.1762755023616,10.41259643924974,37.48534718129906
67.5,657.6969339231215,10.413740391145657,37.48946540812437
67.55,658.2176524056379,10.414998909510633,37.49399607423828
67.60000000000001,658.7384362566795,10.416355132155573,37.498878475760065
67.65,659.2592904929492,10.417814318629938,37.50413154706778
67.7,659.7802202903755,10.419377578422306,37.5097592823203
67.75,660.3012308225385,10.421043708097717,37.515757349151784
67.8,660.822327213134,10.422811915722816,37.52212289660214
67.85000000000001,661.3435144302659,10.424676769555681,37.528836370400455
67.9,661.8647962158157,10.426594652430982,37.535740748751536
67.95,662.3861749121406,10.428553200567587,37.54279152204331
68.0,662.9076529405639,10.430567936362959,37.55004457090665
68.05,663.4292324759341,10.432613478445168,37.5574085224026
68.10000000000001,663.9509135602766,10.434629895253039,37.56466762291094
68.15,664.4726934920743,10.436567376653345,37.571642555952046
68.2,664.9945667612235,10.43836338931312,37.57810820152723
68.25,665.5165255896222,10.439989746635389,37.5839630878874
68.3,666.0385608292588,10.441419838829862,37.58911141978751
68.35000000000001,666.5606627627169,10.442657499494791,37.593566998181245
68.4,667.0828215775887,10.443695095377212,37.59730234335797
68.45,667.6050277350694,10.444551203851615,37.60038433386582
68.5,668.1272720957674,10.445223224066808,37.602803606640514
68.55,668.649546271915,10.445743821838114,37.604677758617214
68.60000000000001,669.1718436830157,10.446152622187592,37.60614943987533
68.65,669.6941593396529,10.446473643296887,37.6073051158688
68.7,670.216489930953,10.446750008709401,37.60830003135384
68.75,670.7388336377344,10.446998262546812,37.609193745168525
68.8,671.2611888397765,10.447209819138589,37.60995534889892
68.85000000000001,671.7835541473908,10.447402485429755,37.61064894754712
68.9,672.3059291931405,10.447599344559588,37.61135764041452
68.95,672.8283145725735,10.447815832759,37.6121369979324
69.0,673.3507114889999,10.44806082429557,37.61301896746406
69.05,673.8731223322839,10.44837290706204,37.61414246542335
69.10000000000001,674.3955505866031,10.448757265710658,37.61552615655837
69.15,674.9180002369625,10.449228748665108,37.61722349519439
69.2,675.4404756807587,10.449789003182758,37.61924041145793
69.25,675.9629814580728,10.450442089379436,37.62159152176597
69.3,676.4855212550398,10.45114978929958,37.62413924147849
69.35000000000001,677.0080967237003,10.451868957123779,37.6267282456456
69.4,677.5307082469976,10.452591974769794,37.62933110917126
69.45,678.053355898531,10.453314086564777,37.6319307116332
69.5,678.5760390486463,10.454011918047687,37.63444290497168
69.55,679.098756289424,10.454677713061399,37.63683976702104
69.60000000000001,679.6215058176355,10.45530341539671,37.639092295428156
69.65,680.144285861449,10.455898337145804,37.6412340137249
69.7,680.6670950869756,10.456470683913949,37.64329446209022
69.75,681.1899328002493,10.457037847033604,37.64533624932098
69.8,681.7127987320574,10.457599425292683,37.64735793105366
69.85000000000001,682.2356927949633,10.458163090940428,37.64938712738554
69.9,682.7586151547391,10.458731300096058,37.65143268034581
69.95,683.2815658326539,10.459295816495942,37.653464939385394
70.0,683.8045441306175,10.459836102049042,37.655409967376556
70.05,684.3275490886674,10.460362219948083,37.6573039918131
70.10000000000001,684.8505800874241,10.460877730316337,37.659159829138815
70.15,685.3736362359911,10.461368212361178,37.66092556450024
70.2,685.8967162383907,10.46183188362438,37.66259478104777
70.25,686.4198186570089,10.462264861104725,37.66415349997701
70.3,686.9429425519228,10.462690935449231,37.66568736761723
70.35000000000001,687.4660884689231,10.463145744563107,37.667324680427186
70.4,687.9892576120549,10.463619980710082,37.669031930556294
70.45,688.5124503214021,10.464088393175821,37.670718215432956
70.5,689.0356662029316,10.464546868006039,37.672368724821744
70.55,689.5589050303337,10.465006228076273,37.67402242107458
70.60000000000001,690.0821662768959,10.465443634414576,37.67559708389248
70.65,690.6054488922391,10.46586097931517,37.677099525534615
70.7,691.1287521376883,10.466268838652136,37.67856781914769
70.75,691.6520751494845,10.466651633198603,37.679945879514975
70.8,692.1754165666925,10.467005055121845,37.68121819843864
70.85000000000001,692.698775291685,10.467343944575372,37.68243820047134
70.9,693.2221506786641,10.467671534588142,37.68361752451731
70.95,693.7455421947664,10.467989109500355,37.68476079420128
71.0,694.2689502213263,10.468331952899948,37.68599503043981
71.05,694.7923764033112,10.468715326492656,37.68737517537357
71.10000000000001,695.315822145973,10.469114379980727,37.688811767930616
71.15,695.8392873932919,10.469495512775126,37.690183845990454
71.2,696.3627710636864,10.469851303006665,37.691464690824
71.25,696.8862715836962,10.470169497384473,37.692610190584105
71.3,697.4097866147474,10.470431744666744,37.69355428080028
71.35000000000001,697.9333135485604,10.47064560785241,37.69432418826867
71.4,698.4568496105414,10.470796871392402,37.69486873701265
71.45,698.980391078352,10.470861841031795,37.69510262771446
71.5,699.5039339526415,10.470853130551966,37.695071269987075
71.55,700.0274748733357,10.470783697215111,37.6948213099744
71.60000000000001,700.5510101076459,10.470625675194729,37.69425243070103
71.65,701.0745351917914,10.47037769062556,37.693359686252016
71.7,701.5980461870984,10.47006212165514,37.692223637958506
71.75,702.1215395804602,10.469673612819275,37.69082500614939
71.8,702.6450115195771,10.469203951856324,37.68913422668277
71.85000000000001,703.1684580633686,10.468657799801264,37.687168079284554
71.9,703.691875253173,10.468029792375821,37.68490725255296
71.95,704.2152584689815,10.467298839964606,37.68227582387258
72.0,704.7386028647294,10.466476989951582,37.679317163825694
72.05,705.2619041732632,10.465575351403386,37.67607126505219
72.10000000000001,705.7851588043875,10.464609893567935,37.67259561684457
72.15,706.3083643643306,10.463612504157556,37.669005014967205
72.2,706.8315189902928,10.46257253433098,37.66526112359153
72.25,707.354620621176,10.46149270099514,37.66137372358251
72.3,707.8776679425251,10.460400152970672,37.657440550694425
72.35000000000001,708.400660977226,10.45932123506477,37.653556446233175
72.4,708.9236010484445,10.458281613676013,37.64981380923365
72.45,709.4464900971395,10.457280334123949,37.646209202846215
72.5,709.9693300968631,10.456319654818381,37.64275075734617
72.55,710.4921228720531,10.455391352777024,37.63940886999729
72.60000000000001,711.0148690694792,10.454456544270862,37.6360435593751
72.65,711.5375682052852,10.453508887966764,37.63263199668035
72.7,712.0602200883679,10.452566435342117,37.629239167231624
72.75,712.5828248704978,10.4516248498534,37.62584945947224
72.8,713.1053832499258,10.450710327268094,37.62255717816514
72.85000000000001,713.6278967009663,10.44982771434913,37.61937977165687
72.9,714.1503662139856,10.44895280642313,37.616230103123264
72.95,714.6727930892097,10.448122202536513,37.61323992913145
73.0,715.1951804929926,10.447373948780248,37.61054621560889
73.05,715.7175324863266,10.446705784579517,37.60814082448626
73.10000000000001,716.2398529398029,10.44611235447224,37.60600447610006
73.15,716.7621455728707,10.4455929682434,37.60413468567624
73.2,717.2844140147363,10.445144706379251,37.602520942965306
73.25,717.8066617944745,10.444766483149404,37.601159339337855
73.3,718.3288925708675,10.444464572573995,37.600072461266386
73.35000000000001,718.8511103735548,10.444247534915524,37.599291125695885
73.4,719.3733189543046,10.444095695079147,37.59874450228493
73.45,719.8955212372109,10.443995621173118,37.598384236223225
73.5,720.4177203161037,10.443967534538928,37.59828312434014
73.55,720.9399196501151,10.444005825921492,37.598420973317374
73.60000000000001,721.4621220503006,10.444090181497522,37.59872465339108
73.65,721.9843295208074,10.44420863876928,37.59915109956941
73.7,722.5065436078296,10.444354842117836,37.59967743162421
73.75,723.0287661968562,10.444548718943391,37.60037538819621
73.8,723.5509994651306,10.444782012035024,37.60121524332609
73.85000000000001,724.0732454750723,10.445058385634045,37.60221018828256
73.9,724.5955060411361,10.445364256918028,37.6033113249049
73.95,725.1177823318886,10.445687373182919,37.60447454345851
74.0,725.6400755070407,10.446039632901908,37.605742678446866
74.05,726.1623869839649,10.44641944406717,37.60710999864181
74.10000000000001,726.684717789079,10.446812760493803,37.60852593777769
74.15,727.20706874614,10.447225521948523,37.610011879014685
74.2,727.7294414208565,10.447681466712027,37.611653280163296
74.25,728.251838523226,10.448202628068419,37.61352946104631
74.3,728.7742635080695,10.448796765670046,37.615668356412165
74.35000000000001,729.2967199151011,10.449459515594247,37.61805425613929
74.4,729.8192113420872,10.450197563848429,37.620711229854344
74.45,730.3417418185979,10.451021496582747,37.62367738769789
74.5,730.8643149192009,10.45190252753645,37.62684909913122
74.55,731.3869329810854,10.452819947841071,37.63015181222786
74.60000000000001,731.9095969771045,10.453739892924549,37.63346361452838
74.65,732.4323064736009,10.454639966933094,37.63670388095914
74.7,732.9550603027224,10.455513197928461,37.63984751254246
74.75,733.4778560894185,10.456318269917913,37.64274577170449
74.8,734.0006895323276,10.457019446442276,37.645270007192195
74.85000000000001,734.5235554072392,10.457615550023329,37.647415980083984
74.9,735.0464487194621,10.45811693889186,37.649220980010696
74.95,735.5693645021732,10.45851436955601,37.650651730401634
75.0,736.0922976436008,10.45881128754348,37.65172063515653
75.05,736.6152428277459,10.458996078258945,37.6523858817322
75.10000000000001,737.1381943478469,10.459064725782651,37.652633012817546
75.15,737.6611477879072,10.459072876627285,37.652662355858226
75.2,738.1841010485448,10.45905754887334,37.65260717594402
75.25,738.7070534883675,10.45904004403282,37.652544158518154
75.3,739.2300052036503,10.459028567278878,37.652502842203965
75.35000000000001,739.752957206151,10.45905153275069,37.65258551790249
75.4,740.2759116479984,10.45912614114677,37.65285410812837
75.45,740.798870817143,10.459240624632674,37.653266248677625
75.5,741.3218361815028,10.459373949759105,37.65374621913278
75.55,741.8448086776872,10.459525897615244,37.654293231414876
75.60000000000001,742.3677886063231,10.45967124781887,37.65481649214793
75.65,742.89077541122,10.459800948059009,37.655283413012434
75.7,743.4137686899891,10.459930202703205,37.65574872973154
75.75,743.9367687686077,10.460072942042995,37.65626259135478
75.8,744.4597764408779,10.460233948766021,37.656842215557674
75.85000000000001,744.9827925904805,10.460412035336965,37.65748332721308
75.9,745.5058172539811,10.460574504689651,37.65806821688275
75.95,746.0288499057593,10.460731566435626,37.65863363916826
76.0,746.5518902814546,10.460883461373463,37.65918046094447
76.05,747.0749381049341,10.461029477807973,37.6597061201087
76.10000000000001,747.5979927728094,10.461157237205796,37.66016605394087
76.15,748.1210531715006,10.461258710443092,37.66053135759513
76.2,748.6441179428614,10.461332143987876,37.660795718356354
76.25,749.1671858643579,10.461384715872349,37.66098497714046
76.3,749.690256494284,10.461440481171811,37.66118573221852
76.35000000000001,750.213331202807,10.461547859749874,37.661572295099546
76.4,750.7364128914238,10.461719684923304,37.66219086572389
76.45,751.2595047623252,10.461955151130354,37.66303854406927
76.5,751.7826102586092,10.462264700234494,37.66415292084418
76.55,752.3057319362977,10.462602407301638,37.6653686662859
76.60000000000001,752.8288710763466,10.462963194653167,37.6666675007514
76.65,753.3520293820064,10.463369031742934,37.668128514274564
76.7,753.875207980522,10.46377490887928,37.66958967196541
76.75,754.3984058599157,10.464140266866888,37.6709049607208
76.80000000000001,754.9216204536746,10.464443483486628,37.67199654055186
76.85000000000001,755.4448485132885,10.464678901072386,37.67284404386059
76.9,755.9680866631271,10.464847092469537,37.67344953289033
76.95,756.4913310321491,10.464927668410086,37.67373960627631
77.0,757.0145775517328,10.464933114939207,37.673759213781146
77.05000000000001,757.5378233853027,10.464900227855608,37.67364082028019
77.10000000000001,758.0610664039546,10.464820518218412,37.673353865586286
77.15,758.5843049952871,10.46472313508216,37.673003286295774
77.2,759.1075396385518,10.46466259550574,37.672785343820664
77.25,759.6307725246753,10.464652849435726,37.672750257968616
77.30000000000001,760.1540060464431,10.464688021278075,37.67287687660107
77.35000000000001,760.6772425119864,10.464770600452713,37.67317416162977
77.4,761.2004841647546,10.464895510277282,37.67362383699822
77.45,761.7237336418732,10.465083574466034,37.67430086807772
77.5,762.2469933609815,10.46530518986407,37.675098683510654
77.55000000000001,762.7702656601668,10.4655867775501,37.67611239918036
77.60000000000001,763.2935536755167,10.465933836444064,37.67736181119863
77.65,763.816860448914,10.466337099446728,37.67881355800822
77.7,764.340188714978,10.466793543112807,37.68045675520611
77.75,764.863541351099,10.467311901725228,37.68232284621082
77.80000000000001,765.3869209651855,10.467872661735377,37.68434158224736
77.85000000000001,765.9103299278257,10.468485843876465,37.686549037955274
77.9,766.4337700810747,10.46912028608413,37.688833029902874
77.95,766.9572412987872,10.469728422412357,37.69102232068449
78.0,767.4807415985046,10.470283566282532,37.693020838617116
78.05000000000001,768.0042673448083,10.470746285868119,37.69468662912523
78.10000000000001,768.5278140091766,10.471120288863961,37.69603303991026
78.15,769.0513770331705,10.471400670893924,37.69704241521813
78.2,769.574951545603,10.471579826404861,37.6976873750575
78.25,770.0985337694847,10.471709128862777,37.698152863905996
78.30000000000001,770.6221213914346,10.471795749132141,37.69846469687571
78.35000000000001,771.1457125467053,10.47185046169974,37.698661662119065
78.4,771.6693067224257,10.471916567117361,37.6988996416225
78.45,772.1929044471913,10.471992423504052,37.699172724614584
78.5,772.716506612952,10.47209420692652,37.69953914493548
78.55000000000001,773.2401148623018,10.472235767061981,37.70004876142313
78.60000000000001,773.7637311086075,10.472414085169298,37.70069070660947
78.65,774.287357488314,10.472641103090547,37.70150797112597
78.7,774.8109970836575,10.472942710651077,37.70259375834388
78.75,775.3346525754382,10.473276960574951,37.703797058069824
78.80000000000001,775.8583255143319,10.473640595171895,37.705106142618824
78.85000000000001,776.3820171235946,10.474023775335834,37.706485591209
78.9,776.9057283610754,10.474425723895916,37.707932606025295
78.95,777.4294601893305,10.474847406306866,37.70945066270472
79.0,777.9532131879024,10.475272536567928,37.710981131644544
79.05000000000001,778.4769878668707,10.475714622163604,37.712572639788974
79.10000000000001,779.0007850485172,10.476172643697788,37.71422151731204
79.15,779.5246048911966,10.47662106348051,37.71583582852983
79.2,780.0484472711424,10.477074134350094,37.717466883660336
79.25,780.5723129609719,10.477553458827725,37.71919245177981
79.30000000000001,781.096203741,10.478077742296323,37.72107987226676
79.35000000000001,781.6201221210287,10.478657458853768,37.723166851873565
79.4,782.1440706685748,10.479284442995123,37.725423994782446
79.45,782.6680516544491,10.47995499197559,37.72783797111213
79.5,783.1920671385851,10.48066437346442,37.73039174447191
79.55000000000001,783.7161187205562,10.481398905380686,37.73303605937047
79.60000000000001,784.2402078226133,10.4821651769054,37.735794636859445
79.65,784.7643363848207,10.482977311386932,37.73871832099296
79.7,785.2885063334651,10.48382063438784,37.741754283796226
79.75,785.8127190438508,10.484687781042568,37.74487601175325
79.80000000000001,786.3369746747251,10.485537453928059,37.74793483414101
79.85000000000001,786.8612725059141,10.486375793636633,37.75095285709188
79.9,787.3856119029133,10.487200086328555,37.753920310782796
79.95,787.9099922220365,10.488012678599372,37.75684564295774
80.0,788.4344127434647,10.488808178526451,37.759709442695225
80.05000000000001,788.9588726061353,10.489586328297616,37.76251078187142
80.10000000000001,789.4833709482925,10.490347357991059,37.76525048876781
80.15,790.0079067684832,10.491085449634244,37.76790761868328
80.2,790.5324784988346,10.491783764424309,37.77042155192751
80.25,791.0570835680967,10.492419006056155,37.77270842180216
80.30000000000001,791.581719001294,10.492998321836847,37.77479395861265
80.35000000000001,792.1063825315667,10.493542889072845,37.77675440066224
80.4,792.631072436045,10.494053290056456,37.77859184420324
80.45,793.1557863455992,10.494503092110058,37.78021113159621
80.5,793.6805207350764,10.49487248697856,37.781540953122814
80.55000000000001,794.2052724006398,10.495194135560618,37.782698888018224
80.60000000000001,794.7300396454095,10.495495655229302,37.783784358825486
80.65,795.2548222526757,10.495808635417283,37.78491108750222
80.7,795.779621464555,10.496159839756473,37.786175423123304
80.75,796.3044400255427,10.496582599751392,37.78769735910501
80.80000000000001,796.8292817551608,10.497086584972228,37.789511705900026
80.85000000000001,797.3541506266674,10.49766827529302,37.79160579105487
80.9,797.8790504959632,10.498326496534842,37.793975387525435
80.95,798.4039849470964,10.499051548794421,37.79658557565992
81.0,798.9289572862997,10.499842019336391,37.79943126961101
81.05000000000001,799.4539712422812,10.500716219923294,37.80257839172386
81.10000000000001,799.9790304958443,10.501653922598624,37.80595412135505
81.15,800.5041369477361,10.502604153075803,37.80937495107289
81.2,801.0292905387957,10.50353948930697,37.81274216150509
81.25,801.5544906292178,10.50446412757535,37.816070859271264
81.30000000000001,802.0797365491142,10.505372668281817,37.81934160581454
81.35000000000001,802.6050274757316,10.506264396414863,37.82255182709351
81.4,803.1303624042641,10.507132744883773,37.82567788158158
81.45,803.6557401457031,10.507976912675264,37.82871688563095
81.5,804.1811589880281,10.508776780321693,37.831596409158095
81.55000000000001,804.7066164298069,10.509520890830935,37.834275206991364
81.60000000000001,805.2321092633745,10.51019245186998,37.83669282673193
81.65,805.7576334680411,10.510775734794995,37.83879264526198
81.7,806.2831848603154,10.511279956175732,37.840607842232636
81.75,806.8087600153175,10.511726243910086,37.842214478076315
81.80000000000001,807.3343563365565,10.512126605653364,37.843655780352115
81.85000000000001,807.8599714010203,10.512475972896386,37.84491350242699
81.9,808.3856025609164,10.5127704229471,37.84597352260956
81.95,808.9112472621763,10.513017627449628,37.84686345881866
82.0,809.4369038463368,10.51324573897048,37.84768466029373
82.05000000000001,809.962572440489,10.513498027119313,37.84859289762953
82.10000000000001,810.488254630884,10.513789588679241,37.84964251924527
82.15,811.0139522219287,10.514114053107841,37.85081059118823
82.2,811.5396664613097,10.514455522133733,37.85203987968144
82.25,812.0653982545405,10.514816207095622,37.85333834554424
82.30000000000001,812.5911484876173,10.515193115976206,37.85469521751435
82.35000000000001,813.1169179550177,10.515585580043075,37.85610808815507
82.4,813.6427077706634,10.51600704578535,37.857625364827264
82.45,814.1685193287074,10.516455275973165,37.859238993503396
82.5,814.6943539785399,10.516930717325478,37.86095058237172
82.55000000000001,815.2202128007018,10.517422169149905,37.86271980893966
82.60000000000001,815.7460962153997,10.517914418764956,37.86449190755384
82.65,816.2720041966506,10.518404831272514,37.866257392581055
82.7,816.7979371330784,10.518912625840013,37.86808545302405
82.75,817.3238962909911,10.519453690667532,37.87003328640312
82.80000000000001,817.8498831206605,10.520019496108532,37.872070185990715
82.85000000000001,818.3758985263385,10.520596731012644,37.87414823164552
82.9,818.9019430559342,10.521184452818964,37.87626403014827
82.95,819.428017460526,10.521791730851914,37.87845023106689
83.0,819.9541225349103,10.522411244521106,37.880680480275984
83.05000000000001,820.4802584432848,10.523025090459608,37.88289032565459
83.10000000000001,821.0064252979565,10.52364909640766,37.88513674706758
83.15,821.5326237771087,10.524290069679093,37.88744425084474
83.2,822.05885466169,10.524945313572838,37.88980312886222
83.25,822.5851183362221,10.525601667711415,37.8921660037611
83.30000000000001,823.1114147046457,10.52625306923167,37.89451104923401
83.35000000000001,823.63774398216,10.52691803134168,37.896904912830045
83.4,824.1641071511538,10.527608728408737,37.89939142227146
83.45,824.6905052010384,10.528313266975562,37.90192776111203
83.5,825.2169387047037,10.529026879638314,37.90449676669793
83.55000000000001,825.7434080922226,10.52974862111714,37.9070950360217
83.60000000000001,826.2699135579264,10.530470007035882,37.90969202532918
83.65,826.7964548663181,10.531182328630667,37.9122563830704
83.7,827.3230312791801,10.53187418585216,37.91474706906778
83.75,827.8496419538702,10.532552801754374,37.91719008631575
83.80000000000001,828.3762865828236,10.533232356380566,37.91963648297004
83.85000000000001,828.9029649153941,10.533900946440081,37.92204340718429
83.9,829.4296758751467,10.534537443660916,37.9243347971793
83.95,829.9564176865566,10.535135012735143,37.92648604584652
84.0,830.4831890030899,10.535717648595362,37.92858353494331
84.05000000000001,831.0099897971971,10.536314115690534,37.93073081648592
84.10000000000001,831.5368204750619,10.536912998897751,37.93288679603191
84.15,832.0636805980514,10.537491920684669,37.93497091446481
84.2,832.590569573745,10.538067107060623,37.93704158541824
84.25,833.1174878360318,10.538663384413958,37.93918818389025
84.30000000000001,833.6444365487799,10.539285125510592,37.94142645183813
84.35000000000001,834.171417158675,10.539939270290802,37.94378137304689
84.4,834.6984316898515,10.540641976768791,37.946311116367646
84.45,835.2254827878553,10.54140194338186,37.9490469961747
84.5,835.7525728327951,10.54219985420969,37.95191947515488
84.55000000000001,836.2797034167887,10.543023505538162,37.95488461993739
84.60000000000001,836.8068758231746,10.543872749896373,37.957941899626945
84.65,837.3340909588148,10.54473267571587,37.96103763257714
84.7,837.8613492248508,10.545597965722823,37.96415267660217
84.75,838.3886505402412,10.54645464989453,37.96723673962031
84.80000000000001,838.9159940297592,10.54728493082642,37.97022575097511
84.85000000000001,839.4433778440299,10.548067639999678,37.97304350399884
84.9,839.9707993547261,10.548792787845716,37.97565403624458
84.95,840.4982559904357,10.549472640538688,37.97810150593928
85.0,841.0257454026483,10.550103847965978,37.98037385267752
85.05000000000001,841.5532651784382,10.550687183628522,37.98247386106268
85.10000000000001,842.0808130693231,10.551228451765235,37.98442242635485
85.15,842.6083867351773,10.551718182401892,37.986185456646815
85.2,843.135983979644,10.552171596266,37.9878177465576
85.25,843.6636039461233,10.552627062903381,37.98945742645218
85.30000000000001,844.1912476017762,10.553119163215483,37.99122898757574
85.35000000000001,844.7189165710969,10.553639609612047,37.99310259460337
85.4,845.2466131584041,10.55422388267634,37.995205977634825
85.45,845.7743414292173,10.554906949850242,37.997665019460875
85.5,846.3021067532867,10.55570601292308,38.00054164652309
85.55000000000001,846.8299151717797,10.556630726795806,38.0038706164649
85.60000000000001,847.3577736869721,10.557709880902562,38.00775557124923
85.65,847.885690951233,10.558980689532836,38.01233048231821
85.7,848.4136772018453,10.560469334961201,38.017689605860326
85.75,848.9417442421649,10.562212277819382,38.02396420014978
85.80000000000001,849.4699048608935,10.564212471325543,38.031164896771955
85.85000000000001,849.9981729941594,10.566512859308265,38.039446293509755
85.9,850.5265645590749,10.569149737314193,38.04893905433109
85.95,851.0550967384992,10.572137439654231,38.05969478275523
86.0,851.5837871791028,10.57548018449125,38.071728664168496
86.05000000000001,852.1126531058397,10.579156884985714,38.08496478594857
86.10000000000001,852.6417113978048,10.583174793617008,38.09942925702123
86.15,853.170978280269,10.58750050494925,38.1150018178173
86.2,853.7004685391727,10.592109851199439,38.13159546431798
86.25,854.230196134533,10.596993963213578,38.14917826756888
86.30000000000001,854.7601759108488,10.60219708942133,38.16790952191678
86.35000000000001,855.2904232333834,10.607695811964042,38.187704923070555
86.4,855.8209537925203,10.61352655351321,38.20869559264756
86.45,856.3517843512527,10.619695795783693,38.2309048648213
86.5,856.8829319372929,10.626207645825211,38.25434752497076
86.55000000000001,857.4144139244778,10.633071841569844,38.27905862965144
86.60000000000001,857.9462482253814,10.640300194572117,38.30508070045962
86.65,858.4784532145206,10.647899370997377,38.33243773559056
86.7,859.0110482861805,10.655903495399697,38.36125258343891
86.75,859.5440541470125,10.664330937876583,38.3915913763557
86.80000000000001,860.0774914328605,10.673160496041234,38.42337778574844
86.85000000000001,860.6113794539505,10.682360347557896,38.456497251208425
86.9,861.1457370524041,10.691943590588306,38.4909969261179
86.95,861.6805841881205,10.701941838066984,38.52699061704114
87.0,862.2159416821996,10.712357925098846,38.564488530355845
87.05000000000001,862.7518300236944,10.723175734691669,38.603432644890006
87.10000000000001,863.2882701493616,10.734429291995204,38.64394545118273
87.15,863.8252825624538,10.74606723169476,38.685842034101135
87.2,864.3628852097237,10.75803865910108,38.72893917276389
87.25,864.90109530689,10.770365227555313,38.77331481919913
87.30000000000001,865.4399318248862,10.783095492290823,38.81914377224696
87.35000000000001,865.979415556103,10.796253756380345,38.86651352296924
87.4,866.519567496668,10.80982386621769,38.915365918383685
87.45,867.0604063029472,10.823728384949886,38.96542218581959
87.5,867.6019478417749,10.837933168159156,39.01655940537296
87.55000000000001,868.1442075582661,10.852455491489756,39.06883976936312
87.60000000000001,868.6872017285681,10.867311320587916,39.1223207541165
87.65,869.2309455971388,10.882443422240069,39.17679632006425
87.7,869.7754540952727,10.897896503119682,39.23242741123086
87.75,870.3207446932738,10.913727416923262,39.28941870092375
87.80000000000001,870.8668362787923,10.929936003816938,39.34776961374098
87.85000000000001,871.4137439969466,10.946372722353226,39.406941800471614
87.9,871.9614815411886,10.963129047328012,39.46726457038084
87.95,872.5100670473156,10.980291197749683,39.52904831189886
88.0,873.059521526033,10.997887950947842,39.592396623412235
88.05000000000001,873.6098661128058,11.01589551996403,39.65722387187051
88.10000000000001,874.1611184264473,11.034197025694017,39.723109292498464
88.15,874.7132930627276,11.052788425519292,39.790038331869454
88.2,875.2664070027901,11.071769176975158,39.85836903711057
88.25,875.820480583713,11.091174059941844,39.92822661579064
88.30000000000001,876.3755324760244,11.110901632516978,39.99924587706112
88.35000000000001,876.9315808320479,11.131032608422142,40.07171739031971
88.4,877.4886488706335,11.151688935003051,40.14608016601098
88.45,878.0467635967441,11.172900109420818,40.222440393914944
88.5,878.6059503336264,11.194569365874813,40.30044971714933
88.55000000000001,879.1662286228903,11.216562204682038,40.37962393685534
88.60000000000001,879.7276182014853,11.23902093911411,40.46047538081079
88.65,880.2901410968258,11.261894874507512,40.542821548227046
88.7,880.8538178415082,11.285174912787234,40.62662968603404
88.75,881.4186682855806,11.30884285010751,40.711834260387036
88.80000000000001,881.9847069264141,11.3327027832324,40.79773001963664
88.85000000000001,882.5519456276908,11.356845267832034,40.88464296419532
88.9,883.1203999597824,11.381328015831354,40.97278085699288
88.95,883.6900862074114,11.406121889326036,41.06203880157373
89.0,884.2610181559447,11.431156052009605,41.15216178723458
89.05000000000001,884.833213015401,11.456638326241034,41.24389797446772
89.10000000000001,885.4066936041086,11.482585222061582,41.3373067994217
89.15,885.9814841035844,11.509034756972788,41.43252512510204
89.2,886.5576082402123,11.535930708143255,41.529350549315716
89.25,887.1350838426886,11.56309339090713,41.627136207265664
89.30000000000001,887.713927310548,11.59064532347054,41.72632316449394
89.35000000000001,888.2941590496391,11.61862424017479,41.82704726462925
89.4,888.8758027428663,11.647123488915073,41.92964456009426
89.45,889.4588798393324,11.675960369729713,42.033457331026966
89.5,890.0434051311126,11.705051301476882,42.13818468531677
89.55000000000001,890.6293952467439,11.734553323773884,42.24439196558598
89.60000000000001,891.2168702059668,11.764445045137775,42.35200216249599
89.65,891.8058512083554,11.79479505040964,42.4612621814747
89.7,892.3963584069032,11.825492891504174,42.57177440941503
89.75,892.9884120807874,11.856654063863552,42.68395462990879
89.80000000000001,893.5820370704254,11.888345521656358,42.79804387796289
89.85000000000001,894.1772620845092,11.92065504169412,42.914358150098835
89.9,894.7741133461619,11.9533954244163,43.03222352789868
89.95,895.3726095181454,11.986451454920378,43.15122523771336
90.0,895.9727686405516,12.019913441328795,43.27168838878366
90.05000000000001,896.5746089769128,12.053700013118982,43.393320047228336
90.10000000000001,897.178145599084,12.087764873727885,43.51595354542039
90.15,897.7833851096534,12.121815549047882,43.63853597657238
90.2,898.3903272144713,12.155868643669818,43.761127117211345
90.25,898.9989696241913,12.189827745130671,43.883379882470415
90.30000000000001,899.6093041529788,12.223553406366623,44.00479226291984
90.35000000000001,900.2213186392263,12.257026043532063,44.12529375671543
90.4,900.8349950726213,12.290031292265006,44.24411265215402
90.45,901.4503106136863,12.322590350333325,44.36132526119997
90.5,902.067241933112,12.35466242669611,44.476784736106
90.55000000000001,902.6857662514581,12.386310307147582,44.590717105731294
90.60000000000001,903.3058552968521,12.417251508611685,44.70210543100207
90.65,903.9274740056195,12.447496842085116,44.81098863150642
90.7,904.5505864508556,12.477000967358961,44.91720348249226
90.75,905.1751567876871,12.50581250590444,45.02092502125599
90.80000000000001,905.8011539543954,12.53407416243005,45.12266698474818
90.85000000000001,906.4285489646857,12.561726249181303,45.22221449705269
90.9,907.0573119145315,12.588791744654179,45.31965028075504
90.95,907.6874145326005,12.615312978105136,45.41512672117849
91.0,908.3188323837785,12.6414010690128,45.509043848446076
91.05000000000001,908.9515441919316,12.667071257108535,45.60145652559073
91.10000000000001,909.5855272040226,12.69224922653336,45.69209721552009
91.15,910.2207568902501,12.71693822256404,45.780977601230546
91.2,910.8572091948,12.741153959433644,45.86815425396112
91.25,911.4948647986174,12.76507019326212,45.954252695743634
91.30000000000001,912.1337041563249,12.788504115036758,46.03861481413233
91.35000000000001,912.7737015495026,12.811391612069933,46.12100980345176
91.4,913.4148288646239,12.833700992783653,46.20132357402115
91.45,914.0570578108704,12.855456857079147,46.27964468548493
91.5,914.7003586994283,12.876578685233309,46.35568326683991
91.55000000000001,915.3446943804416,12.896848555300032,46.428654799080114
91.60000000000001,915.990019440967,12.9161538657155,46.4981539165758
91.65,916.6362846478331,12.934454408930627,46.56403587215026
91.7,917.2834380982872,12.95168360923239,46.62606099323661
91.75,917.9314202175972,12.967601163167004,46.68336418740122
91.80000000000001,918.5801612232757,12.982039063974227,46.73534063030722
91.85000000000001,919.2295874591899,12.995010372594145,46.78203734133892
91.9,919.879628477523,13.006630360731851,46.82386929863466
91.95,920.530218465655,13.016969164544651,46.86108899236075
92.0,921.1812911451609,13.025938015690205,46.893376856484736
92.05000000000001,921.8327779211199,13.033533022671724,46.92071888161821
92.10000000000001,922.4846129307379,13.03986736204611,46.943522503366
92.15,923.1367377362614,13.045124858894635,46.96244949202069
92.2,923.7890997615717,13.049356153522181,46.977682152679854
92.25,924.4416483488212,13.052587336456746,46.98931441124429
92.30000000000001,925.0943366752421,13.054945720375947,46.997804593353415
92.35000000000001,925.747124284836,13.056558663380681,47.00361118817045
92.4,926.3999743294738,13.057443122132298,47.00679523967627
92.45,927.0528496799697,13.05757089769888,47.00725523171597
92.5,927.7057134076059,13.056978207750166,47.0051215479006
92.55000000000001,928.3585328182392,13.055798217580996,47.000873583291586
92.60000000000001,929.0112811861659,13.054136499490404,46.99489139816546
92.65,929.6639340774547,13.05197915206059,46.987124947418124
92.7,930.3164675032522,13.049357879839768,46.97768836742316
92.75,930.9688606826792,13.046369297240664,46.96692947006639
92.80000000000001,931.6210975296171,13.04310458027759,46.95517648899932
92.85000000000001,932.2731666141668,13.039658801710164,46.94277168615659
92.9,932.9250585419562,13.036018309865415,46.9296659155155
92.95,933.5767641565042,13.032206272051372,46.91594257938494
93.0,934.2282773761375,13.028322513280214,46.90196104780877
93.05000000000001,934.8795956192162,13.024407209868414,46.887865955526294
93.10000000000001,935.5307177954986,13.020479841429728,46.87372742914702
93.15,936.1816437214836,13.016557197970481,46.85960591269374
93.2,936.8323744469883,13.01267182221738,46.84561855998257
93.25,937.4829132554978,13.008880518163732,46.83196986538944
93.30000000000001,938.1332666294902,13.005254441532971,46.81891598951869
93.35000000000001,938.783443851116,13.001834423498627,46.80660392459506
93.4,939.4334555409434,12.998633169600742,46.79507941056267
93.45,940.0833126525155,12.995651293282556,46.7843446558172
93.5,940.7330256212612,12.992867456546037,46.774322843565734
93.55000000000001,941.3826049319426,12.990304970714856,46.765097894573486
93.60000000000001,942.0320621350781,12.987983154703445,46.7567393569324
93.65,942.6814093295784,12.985904625307077,46.749256651105476
93.7,943.3306584377691,12.984059702320417,46.742614928353504
93.75,943.9798204526827,12.982420894221736,46.73671521919825
93.80000000000001,944.6289055750008,12.980983998499092,46.73154239459673
93.85000000000001,945.2779230400938,12.979714605224688,46.726972578808876
93.9,945.9268804801156,12.97858299564945,46.72289878433802
93.95,946.5757843229695,12.977570718505596,46.719254586620146
94.0,947.224640043747,12.976658112591192,46.71596920532829
94.05000000000001,947.8734512936844,12.975791884909174,46.71285078567303
94.10000000000001,948.5222191094887,12.974920747262544,46.70971469014516
94.15,949.1709425189118,12.974015629665523,46.70645626679588
94.2,949.8196200296119,12.97308479833833,46.70310527401799
94.25,950.4682508377184,12.972147525924106,46.69973109332678
94.30000000000001,951.1168343079764,12.971191284394898,46.69628862382164
94.35000000000001,951.7653687348708,12.970185791378924,46.692668848964125
94.4,952.4138519932361,12.969144543232412,46.68892035563668
94.45,953.0622828266517,12.968088793391475,46.68511965620931
94.5,953.7106609801642,12.9670373471102,46.68133444959672
94.55000000000001,954.3589873978908,12.966019361954,46.677669703034404
94.60000000000001,955.0072638198203,12.965037515224132,46.674135054806875
94.65,955.6554916172086,12.964074380304996,46.67066776909799
94.7,956.3036713375858,12.963114434786867,46.667211965232724
94.75,956.9518037168838,12.962180737132936,46.66385065367857
94.80000000000001,957.5998909223582,12.961307481844907,46.66070693464167
94.85000000000001,958.2479361161334,12.960500269160086,46.65780096897631
94.9,958.8959425325312,12.959756386752929,46.655122992310545
94.95,959.5439131637238,12.959068860950488,46.65264789942176
95.0,960.1918511127208,12.958449098928883,46.650416756143976
95.05000000000001,960.8397598866023,12.957901856334097,46.64844668280275
95.10000000000001,961.4876430783328,12.95742581288173,46.646732926374234
95.15,962.1355044455372,12.957028875294082,46.64530395105869
95.2,962.7833479934346,12.956713040600789,46.64416694616284
95.25,963.4311774865735,12.956466684951007,46.643280065823625
95.30000000000001,964.0789958969757,12.956269731139031,46.64257103210051
95.35000000000001,964.7268049732071,12.956093318117993,46.64193594522478
95.4,965.3746056248024,12.955932745692262,46.641357884492145
95.45,966.0223991978216,12.955810175079495,46.640916630286185
95.5,966.6701874126002,12.955718416062163,46.64058629782379
95.55000000000001,967.3179712135756,12.95563362295494,46.64028104263778
95.60000000000001,967.9657507188551,12.955546588227964,46.63996771762067
95.65,968.6135258190726,12.955457420472966,46.639646713702675
95.7,969.2612968776124,12.955384921117869,46.63938571602433
95.75,969.9090645306765,12.955321201446704,46.639156325208134
95.80000000000001,970.5568288137524,12.955250121590687,46.63890043772648
95.85000000000001,971.2045896062616,12.95518157877796,46.63865368360066
95.9,971.8523471992875,12.95512214225592,46.63843971212131
95.95,972.5001016720018,12.955056766320705,46.63820435875454
96.0,973.1478529511211,12.954994398449477,46.63797983441812
96.05000000000001,973.7956010564428,12.95492981442009,46.63774733191233
96.10000000000001,974.4433461362341,12.954873377232815,46.63754415803813
96.15,975.0910886788301,12.95482832660789,46.63738197578841
96.2,975.7388293911212,12.954800165031612,46.637280594113804
96.25,976.3865698024013,12.954816286173884,46.63733863022598
96.30000000000001,977.0343125977544,12.954895527950494,46.63762390062178
96.35000000000001,977.682060699063,12.955028524392974,46.63810268781471
96.4,978.3298164934428,12.955203250798203,46.63873170287353
96.45,978.9775819682405,12.955415741111416,46.6394966680011
96.5,979.6253589507327,12.955663558571867,46.640388810858724
96.55000000000001,980.2731488265664,12.95593147477727,46.64135330919817
96.60000000000001,980.920952633267,12.956220793245972,46.6423948556855
96.65,981.5687711069678,12.956518154785789,46.64346535722884
96.7,982.2166040877621,12.956801076986464,46.64448387715127
96.75,982.8644503457322,12.95704924181438,46.64537727053177
96.80000000000001,983.512308086437,12.957260386376937,46.64613739095697
96.85000000000001,984.1601757601104,12.957446560561069,46.64680761801985
96.9,984.8080537097684,12.95767142575778,46.64761713272801
96.95,985.4559441287809,12.957945334742984,46.64860320507474
97.0,986.1038486876612,12.958237020469587,46.64965327369052
97.05000000000001,986.7517672699336,12.95850627042479,46.65062257352925
97.10000000000001,987.3996989194447,12.958759710020438,46.651534956073576
97.15,988.0476427555577,12.95899373450014,46.6523774442005
97.2,988.6955974866861,12.959195510635237,46.65310383828685
97.25,989.3435613794687,12.959360200668833,46.6536967224078
97.30000000000001,989.9915322525999,12.959474724576864,46.654109008476716
97.35000000000001,990.6395071912506,12.959522821449184,46.65428215721706
97.4,991.2874823655216,12.9594841493902,46.65414293780472
97.45,991.9354533497285,12.95935521888786,46.65367878799629
97.5,992.5834161667755,12.95915746299139,46.652966866769006
97.55000000000001,993.2313682920827,12.958927549297407,46.652139177470666
97.60000000000001,993.8793088679511,12.958695485434669,46.65130374756481
97.65,994.5272373537999,12.958443948517916,46.6503982146645
97.7,995.1751533011056,12.958193943712352,46.64949819736447
97.75,995.8230580768366,12.957997085526475,46.648789507895316
97.80000000000001,996.4709554085609,12.9578961834473,46.64842626041028
97.85000000000001,997.1188491817629,12.957854744633448,46.648277080680415
97.9,997.7667421802598,12.95786519524402,46.64831470287847
97.95,998.4146375080757,12.957947917389212,46.64861250260117
98.0,999.0625383196019,12.958084543659782,46.64910435717521
98.05000000000001,999.7104469270419,12.958259753939561,46.64973511418242
98.10000000000001,1000.3583649182558,12.958459894618578,46.65045562062688
98.15,1001.0062932865459,12.958674836982901,46.651229413138445
98.2,1001.6542325644227,12.95889627809012,46.65202660112443
98.25,1002.30218322502,12.959130145801723,46.6528685248862
98.30000000000001,1002.9501459798512,12.959380047446201,46.65376817080632
98.35000000000001,1003.598122272207,12.95967164678419,46.654817928423086
98.4,1004.2461149097,12.960033852939668,46.65612187058281
98.45,1004.8941267678407,12.960440472688264,46.65758570167775
98.5,1005.5421586063867,12.96083306915084,46.65899904894303
98.55000000000001,1006.19020827674,12.961153744979772,46.66015348192718
98.60000000000001,1006.8382723035122,12.961407325907635,46.66106637326749
98.65,1007.4863470295645,12.961581716183844,46.66169417826184
98.7,1008.1344288445116,12.961690881698335,46.662087174114006
98.75,1008.7825147431083,12.961745062169534,46.66228222381032
98.80000000000001,1009.4306015936006,12.961728957524121,46.66222424708684
98.85000000000001,1010.0786863432487,12.961661028398904,46.66197970223605
98.9,1010.7267668373005,12.96155873367193,46.66161144121895
98.95,1011.3748421603052,12.961454186518395,46.66123507146622
99.0,1012.0229132690998,12.961390165264355,46.66100459495168
99.05000000000001,1012.6709826210879,12.961383914255785,46.660982091320825
99.10000000000001,1013.3190526491924,12.961417209922441,46.66110195572079
99.15,1013.9671247616222,12.961467287271102,46.66128223417597
99.2,1014.6151996984619,12.961530186316327,46.66150867073878
99.25,1015.2632779216912,12.96159874285596,46.661755474281456
99.30000000000001,1015.9113587975834,12.961636292833514,46.661890654200654
99.35000000000001,1016.5594403693914,12.961626579488208,46.66185568615755
99.4,1017.2075214714688,12.961617503609439,46.661823012993985
99.45,1017.8556026227706,12.96162854845955,46.661862774454384
99.5,1018.5036843633482,12.961641074643664,46.66190786871719
99.55000000000001,1019.1517665093537,12.961644765576303,46.66192115607469
99.60000000000001,1019.7998482247746,12.961623851259345,46.661845864533646
99.65,1020.4479281520801,12.96157324095854,46.661663667450746
99.7,1021.0960052680567,12.96151139810797,46.661441033188694
99.75,1021.7440793631224,12.961452404519715,46.66122865627098
99.80000000000001,1022.3921505511886,12.961395118125619,46.66102242525223
99.85000000000001,1023.0402193757017,12.961357862395149,46.66088830462254
99.9,1023.6882867246958,12.961336097367344,46.66080995052244
99.95,1024.336352322646,12.961287820645865,46.66063615432511
100.0,1024.984413838342,12.961172807194108,46.66022210589879
100.05000000000001,1025.6324691444447,12.961039436909292,46.659741972873455
100.10000000000001,1026.2805178379956,12.960908305123283,46.65926989844382
100.15,1026.9285604738368,12.960797128520714,46.65886966267457
100.2,1027.5765978541428,12.960698083719446,46.65851310139001
100.25,1028.2246300719837,12.960590629919405,46.65812626770986
100.30000000000001,1028.872656379154,12.960461656897579,46.657661964831284
100.35000000000001,1029.5206758327795,12.960316488119988,46.657139357231955
100.4,1030.1686885712788,12.960193051856702,46.65669498668413
100.45,1030.8166965860512,12.960127539034774,46.656459140525186
100.5,1031.464702534033,12.960110380239254,46.65639736886131
100.55000000000001,1032.1127089489678,12.960146217152943,46.656526381750595
100.60000000000001,1032.7607205764086,12.960318880479575,46.657147969726466
100.65,1033.4087456078007,12.96068237520373,46.658456550733426
100.7,1034.0567940926921,12.961257020451876,46.66052527362675
100.75,1034.704875321671,12.96199213869427,46.663171699299376
100.80000000000001,1035.3529946581855,12.962781321884506,46.66601275878423
100.85000000000001,1036.0011516945292,12.963500131861434,46.668600474701165
100.9,1036.6493415547302,12.96409427617587,46.67073939423314
100.95,1037.297552283077,12.964334857699317,46.67160548771754
101.0,1037.945759403193,12.963949946941698,46.67021980899011
101.05000000000001,1038.5939275980033,12.962777845472754,46.666000243701916
101.10000000000001,1039.2420169316285,12.960795499533159,46.65886379831937
101.15,1039.8899817280414,12.957796356981367,46.64806688513292
101.2,1040.537768386578,12.953669984479385,46.63321194412578
101.25,1041.1853191533512,12.948360686448671,46.614098471215215
101.30000000000001,1041.8325765477248,12.941935088491583,46.5909663185697
101.35000000000001,1042.4794875521113,12.934505086970443,46.5642183130936
101.4,1043.1259992691425,12.925963594279235,46.533468939405246
101.45,1043.7720514147884,12.91612223155637,46.49804003360293
101.5,1044.4175754254345,12.904838194290704,46.457417499446535
101.55000000000001,1045.0624992070984,12.892113072261827,46.41160706014258
101.60000000000001,1045.7067474891414,12.877818209455638,46.3601455540403
101.65,1046.3502374852897,12.861781636477435,46.302413891318764
101.7,1046.9928814004456,12.843974969761916,46.2383098911429
101.75,1047.6345936938446,12.824516766199311,46.16826035831752
101.80000000000001,1048.2752968589136,12.80360983655806,46.09299541160902
101.85000000000001,1048.9149162614124,12.781166263387506,46.01219854819502
101.9,1049.5533792663146,12.757353932701982,45.926474157727135
101.95,1050.1906228085054,12.732387754929997,45.83659591774799
102.0,1050.8265971332526,12.706585234952232,45.74370684582804
102.05000000000001,1051.461265829014,12.680162595507792,45.64858534382805
102.10000000000001,1052.0945975601683,12.653106650658664,45.55118394237119
102.15,1052.7265601766323,12.625398007901477,45.45143282844532
102.2,1053.3571228578605,12.597109241224047,45.34959326840657
102.25,1053.9862607160228,12.56840508526465,45.24625830695275
102.30000000000001,1054.6139501738453,12.539173227632302,45.141023619476286
102.35000000000001,1055.2401677713794,12.509530673735107,45.034310425446385
102.4,1055.8648971365576,12.479643933386678,44.92671816019204
102.45,1056.4881294131835,12.449647131651624,44.818729673945846
102.5,1057.1098623095122,12.41966872149655,44.710807397387576
102.55000000000001,1057.730099518407,12.389819634295812,44.603350683464924
102.60000000000001,1058.3488521363265,12.360285082480592,44.49702629693013
102.65,1058.9661388876361,12.331184969906316,44.39226589166274
102.7,1059.5819849153763,12.302656139703696,44.28956210293331
102.75,1060.1964198926,12.274742949248505,44.18907461729462
102.80000000000001,1060.8094755901277,12.247484951854863,44.09094582667751
102.85000000000001,1061.421184606122,12.220875687922305,43.9951524765203
102.9,1062.031577199192,12.194828034874574,43.901380925548466
102.95,1062.6406789408186,12.169241630186757,43.80926986867233
103.0,1063.2485111135775,12.144045280169644,43.71856300861072
103.05000000000001,1063.8550947574593,12.119300475101703,43.62948171036613
103.10000000000001,1064.4604518898536,12.09498482066942,43.54194535440992
103.15,1065.0646028865956,12.071055049005055,43.4557981764182
103.2,1065.6675673801635,12.047524693709205,43.37108889735314
103.25,1066.2693670291026,12.024461263852908,43.28806054987047
103.30000000000001,1066.8700238826764,12.00181287909834,43.206526364754026
103.35000000000001,1067.469556443418,11.979489550562967,43.126162382026685
103.4,1068.0679813916,11.957508376715953,43.047030156177435
103.45,1068.6653155483195,11.935857892068288,42.96908841144584
103.5,1069.2615742475748,11.914490078142043,42.89216428131135
103.55000000000001,1069.8567684422396,11.893277708448757,42.81579975041553
103.60000000000001,1070.450901741688,11.872054269488284,42.73939537015782
103.65,1071.0439740149798,11.850836662183365,42.663011983860116
103.7,1071.6359886216378,11.829747604138223,42.587091374897604
103.75,1072.2269532644254,11.808838107369631,42.51181718653067
103.80000000000001,1072.8168739505961,11.787989339457114,42.436761622045616
103.85000000000001,1073.4057562165092,11.767301297066822,42.36228466944056
103.9,1073.9936101630667,11.746856565232733,42.28868363483784
103.95,1074.5804494564038,11.726715168251225,42.21617460570441
104.0,1075.1662880911465,11.706830221457771,42.14458879724798
104.05000000000001,1075.7511369631045,11.687124656859883,42.07364876469558
104.10000000000001,1076.3350046261671,11.667581865645579,42.003294716324085
104.15,1076.9178986028444,11.648177201448988,41.93343792521636
104.2,1077.4998245062955,11.628858936594671,41.863892171740815
104.25,1078.0807857629643,11.609591330159974,41.79452878857591
104.30000000000001,1078.6607859971875,11.590418038768513,41.72550493956665
104.35000000000001,1079.239831797722,11.571413982611116,41.65709033740002
104.4,1079.8179314130123,11.5525706289987,41.58925426439532
104.45,1080.3950923037978,11.533865002424234,41.521914008727244
104.5,1080.9713209334247,11.515280182651294,41.45500865754466
104.55000000000001,1081.546624906433,11.496878737678868,41.388763455643925
104.60000000000001,1082.1210121075264,11.478609306061578,41.322993501821685
104.65,1082.6944871998355,11.460394386301985,41.257419790687145
104.7,1083.2670513208404,11.442170453897942,41.19181363403259
104.75,1083.8387032954204,11.423908529301025,41.12607070548369
104.80000000000001,1084.4094414168885,11.405616329423193,41.060218785923496
104.85000000000001,1084.9792632202987,11.387255806984761,40.994120905145145
104.9,1085.548163541054,11.368757023226397,40.92752528361503
104.95,1086.1161369953631,11.350181149140687,40.860652136906474
105.0,1086.6831811474235,11.331584933271845,40.793705759778646
105.05000000000001,1087.2492941117578,11.312933640096718,40.726561104348185
105.10000000000001,1087.8144729064145,11.29421814617615,40.65918532623414
105.15,1088.3787171611689,11.275552044002907,40.59198735841047
105.2,1088.9420325922001,11.257065197242516,40.52543471007306
105.25,1089.5044291317524,11.238796384847316,40.45966698545034
105.30000000000001,1090.065917921415,11.22075520164788,40.394718725932364
105.35000000000001,1090.6265118926328,11.203003647067092,40.33081312944153
105.4,1091.186228245,11.185650447619167,40.268341611429
105.45,1091.7450887709215,11.168770589241346,40.20757412126885
105.5,1092.303116531168,11.152339820614863,40.148423354213506
105.55000000000001,1092.8603323631648,11.136293459264007,40.09065645335043
105.60000000000001,1093.4167576826906,11.120719321766153,40.03458955835815
105.65,1093.972418643721,11.105719119454074,39.98058883003467
105.7,1094.5273425697521,11.09123792178836,39.9284565184381
105.75,1095.0815548144767,11.077251867192569,39.878106721893246
105.80000000000001,1095.6350823228056,11.063848465967755,39.82985447748392
105.85000000000001,1096.1879563983537,11.051114555955971,39.784012401441494
105.9,1096.740211251103,11.039079554017313,39.74068639446233
105.95,1097.29187996858,11.0276691450643,39.69960892223148
106.0,1097.842990035761,11.016733542178342,39.66024075184203
106.05000000000001,1098.393563657805,11.006211339586002,39.62236082250961
106.10000000000001,1098.9436204977396,10.996062257797917,39.5858241280725
106.15,1099.4931761141827,10.986162399920252,39.55018463971291
106.2,1100.042238636223,10.976338481687897,39.51481853407643
106.25,1100.59081045174,10.966534138992516,39.47952290037306
106.30000000000001,1101.1388929139198,10.956764348196037,39.444351653505734
106.35000000000001,1101.6864851157022,10.94692372309926,39.40892540315734
106.4,1102.2335805501293,10.936893653981459,39.372817154333255
106.45,1102.78017057053,10.926707162038339,39.33614578333802
106.5,1103.3262485423838,10.916411712119192,39.299082163629095
106.55000000000001,1103.8718093915566,10.906022254788857,39.261680117239884
106.60000000000001,1104.4168486078122,10.895546395433877,39.22396702356196
106.65,1104.9613607765027,10.884940352187076,39.18578526787348
106.7,1105.505339064178,10.874191154831522,39.147088157393476
106.75,1106.0487776466493,10.863352144015094,39.108067718454336
106.80000000000001,1106.591672019332,10.852422763290619,39.06872194784623
106.85000000000001,1107.1340165827012,10.841359771480226,39.02889517732881
106.9,1107.6758054565125,10.83019518097333,38.98870265150399
106.95,1108.2170345702727,10.818969369436061,38.94828972996982
107.0,1108.7577006946442,10.807675605420354,38.90763217951327
107.05000000000001,1109.2978003981261,10.796312533856556,38.866725121883604
107.10000000000001,1109.8373314196456,10.784928326925561,38.82574197693202
107.15,1110.3762942490612,10.77358484969438,38.78490545889977
107.2,1110.91469295025,10.762363197851453,38.74450751226523
107.25,1111.4525358990525,10.751354754253963,38.70487711531427
107.30000000000001,1111.9898349191305,10.740606048865207,38.666181775914744
107.35000000000001,1112.526603240493,10.7301268056336,38.62845650028096
107.4,1113.0628547875135,10.71993507518992,38.59176627068371
107.45,1113.5986042794593,10.710044602641622,38.55616056950984
107.5,1114.1338668480084,10.700458139322446,38.52164930156081
107.55000000000001,1114.668658915551,10.691224562385447,38.48840842458761
107.60000000000001,1115.2029990918006,10.682382487595227,38.45657695534282
107.65,1115.7369066251,10.67391884437533,38.42610783975119
107.7,1116.2704006817853,10.665843423041785,38.39703632295043
107.75,1116.8035008868337,10.658164778894195,38.369393204019104
107.80000000000001,1117.3362281756222,10.650926772642086,38.343336381511506
107.85000000000001,1117.868604605933,10.644130439788853,38.318869583239874
107.9,1118.4006529687276,10.637804072003473,38.2960946592125
107.95,1118.932397549026,10.631979139937584,38.27512490377531
108.0,1119.4638625846458,10.626622284849041,38.25584022545655
108.05000000000001,1119.9950697728873,10.621665244808296,38.23799488130987
108.10000000000001,1120.5260381610417,10.61707028136399,38.22145301291037
108.15,1121.056785364837,10.612817870443452,38.20614433359643
108.2,1121.5873287618028,10.608918008188468,38.19210482947849
108.25,1122.1176858990584,10.605367482032717,38.179322935317785
108.30000000000001,1122.6478725665252,10.602099216635565,38.167557179888036
108.35000000000001,1123.1779014889341,10.599057679724346,38.15660764700765
108.4,1123.7077835921493,10.596226448885162,38.146415215986586
108.45,1124.2375285183025,10.593570597237703,38.13685415005573
108.5,1124.7671449581574,10.59108699695734,38.127913189046424
108.55000000000001,1125.2966409407734,10.58875230768735,38.119508307674465
108.60000000000001,1125.8260240068935,10.58657033711397,38.111653213610296
108.65,1126.3553021344846,10.584554766531408,38.10439715951307
108.7,1126.884482592173,10.582663541008577,38.09758874763088
108.75,1127.4135711676558,10.580879478302265,38.09116612188816
108.80000000000001,1127.9425735197487,10.579214605412211,38.08517257948396
108.85000000000001,1128.4714963650608,10.577699207074271,38.07971714546738
108.9,1129.0003478296867,10.576359377958802,38.07489376065169
108.95,1129.5291360514443,10.575169492348289,38.07061017245384
109.0,1130.0578682060566,10.574116692145678,38.06682009172444
109.05000000000001,1130.5865517060356,10.573223307012315,38.063603905244335
109.10000000000001,1131.1151949913267,10.572508104632243,38.06102917667608
109.15,1131.6438072438016,10.57198199436342,38.05913517970831
109.2,1132.1723972769976,10.571619333478335,38.057829600522005
109.25,1132.700972371564,10.57138444917847,38.056984017042495
109.30000000000001,1133.2295386579976,10.571267008166606,38.05656122939978
109.35000000000001,1133.7581013394968,10.571240251798915,38.056464906476094
109.4,1134.286664345603,10.571279992453455,38.05660797283244
109.45,1134.8152310902738,10.571389794375687,38.05700325975248
109.5,1135.34380452937,10.57154776946964,38.057571970090706
109.55000000000001,1135.8723867631954,10.571741583556252,38.058269700802505
109.60000000000001,1136.4009788070277,10.571940169732212,38.05898461103597
109.65,1136.9295805205695,10.572128371939623,38.059662138982645
109.7,1137.4581918107965,10.57232323713863,38.06036365369907
109.75,1137.9868134342723,10.572541701893368,38.06115012681612
109.80000000000001,1138.515446628418,10.57278606393208,38.06202983015549
109.85000000000001,1139.0440925033274,10.573048932445364,38.06297615680331
109.9,1139.572751628908,10.573316090778308,38.063937926801906
109.95,1140.1014244225612,10.573595655351543,38.06494435926555
110.0,1140.6301119446669,10.573905228877,38.066058823957206
110.05000000000001,1141.1588155647296,10.574239573628564,38.06726246506283
110.10000000000001,1141.68753641946,10.574594615589087,38.068540616120714
110.15,1142.216275107784,10.574952917374691,38.06983050254889
110.2,1142.7450308472362,10.57527666071429,38.07099597857144
110.25,1143.2738016150063,10.57555405009036,38.0719945803253
110.30000000000001,1143.8025846645778,10.575767932768864,38.07276455796791
110.35000000000001,1144.331376592364,10.57590917868144,38.07327304325319
110.4,1144.8601725709193,10.57592996352736,38.0733478686985
110.45,1145.3889667221683,10.575836086435832,38.073009911168995
110.5,1145.9177539857562,10.575654457077386,38.07235604547859
110.55000000000001,1146.4465304106511,10.575402538715764,38.07144913937675
110.60000000000001,1146.9752931162088,10.575105683593453,38.070380460936434
110.65,1147.504040491776,10.574789339101061,38.06924162076382
110.7,1148.0327712285978,10.574440133768615,38.06798448156702
110.75,1148.5614841909323,10.574078359616177,38.06668209461824
110.80000000000001,1149.0901794196,10.57373078709334,38.06543083353602
110.85000000000001,1149.6188580312041,10.573413677077292,38.064289237478256
110.9,1150.1475217129896,10.573133594337229,38.063280939614025
110.95,1150.676172354769,10.572892076844006,38.062411476638424
111.0,1151.2048111098625,10.572658126894389,38.0615692568198
111.05000000000001,1151.7334381648577,10.572424072913199,38.06072666248752
111.10000000000001,1152.2620529157668,10.572165963447574,38.05979746841127
111.15,1152.790654888521,10.571912946718152,38.05888660818535
111.2,1153.3192445843326,10.571674885745432,38.05802958868356
111.25,1153.847822522443,10.571442638669101,38.057193499208765
111.30000000000001,1154.3763884073585,10.571192757944763,38.05629392860115
111.35000000000001,1154.9049410773544,10.570914041894078,38.05529055081868
111.4,1155.433479048403,10.570604800046116,38.054177280166016
111.45,1155.9620010982305,10.570277193056352,38.05299789500287
111.5,1156.4905064755142,10.569937898288334,38.051776433838
111.55000000000001,1157.0189944048018,10.569579273219606,38.05048538359058
111.60000000000001,1157.5474634808886,10.569183770251328,38.04906157290478
111.65,1158.0759106656021,10.568703618288914,38.047333025840096
111.7,1158.604330779815,10.568100950225142,38.04516342081051
111.75,1159.1327176402858,10.567373468606828,38.04254448698458
111.80000000000001,1159.6610645692126,10.56650368846354,38.03941327846874
111.85000000000001,1160.18936450501,10.565493743434129,38.03577747636287
111.9,1160.7176100515017,10.56432811623213,38.03158121843567
111.95,1161.245793925012,10.56302682418295,38.02689656705862
112.0,1161.7739096235093,10.561601115707472,38.021764016546896
112.05000000000001,1162.3019513167835,10.560066615263322,38.01623981494796
112.10000000000001,1162.8299138796892,10.558435900964382,38.01036924347177
112.15,1163.357792779586,10.556720094904913,38.004192341657685
112.2,1163.8855849015847,10.55496478504703,37.99787322616931
112.25,1164.4132884125754,10.553175654582105,37.99143235649558
112.30000000000001,1164.9409017443047,10.551357614590419,37.98488741252551
112.35000000000001,1165.4684229652514,10.549491223278476,37.97816840380251
112.4,1165.9958498924673,10.54758586535493,37.97130911527775
112.45,1166.52318067991,10.545645632356106,37.96432427648198
112.5,1167.0504137602416,10.543677580910249,37.9572392912769
112.55000000000001,1167.577547901354,10.54168806358382,37.95007702890175
112.60000000000001,1168.1045811937709,10.539643633095263,37.94271707914295
112.65,1168.631511500374,10.537568631031107,37.935247071711984
112.7,1169.1583374431054,10.535469078228799,37.92768868162368
112.75,1169.6850580288524,10.53335435165018,37.92007566594065
112.80000000000001,1170.2116734258057,10.531261526483647,37.91254149534113
112.85000000000001,1170.7381856755799,10.529228464486906,37.905222472152865
112.9,1171.2645987065873,10.527292775806846,37.89825399290464
112.95,1171.7909171657377,10.525445590206054,37.8916041247418
113.0,1172.3171456887808,10.52369533151597,37.885303193457496
113.05000000000001,1172.8432896648992,10.522063713219683,37.87942936759086
113.10000000000001,1173.3693547785033,10.520540830940826,37.87394699138697
113.15,1173.895345979154,10.51910719508701,37.868785902313235
113.2,1174.4212675338092,10.51775499112537,37.86391796805133
113.25,1174.9471232068097,10.51647192889365,37.85929894401714
113.30000000000001,1175.4729162393246,10.515249371704288,37.854897738135435
113.35000000000001,1175.9986498968078,10.51409692762758,37.850748939459294
113.4,1176.5243274561183,10.513005444787982,37.84681960123674
113.45,1177.0499515216554,10.511957176698647,37.84304583611513
113.5,1177.5755245536448,10.510964102876994,37.83947077035718
113.55000000000001,1178.101049264917,10.510024348012113,37.83608765284361
113.60000000000001,1178.6265283032185,10.509137184050633,37.83289386258228
113.65,1179.1519637679742,10.508281406180695,37.8298130622505
113.7,1179.677357168662,10.507454621333155,37.82683663679936
113.75,1180.2027097480625,10.50664855469076,37.82393479688673
113.80000000000001,1180.7280217326174,10.505830827503361,37.8209909790121
113.85000000000001,1181.253292223005,10.504988787999272,37.81795963679738
113.9,1181.7785196545992,10.504108475769366,37.81479051276972
113.95,1182.303701921995,10.503182220067622,37.81145599224344
114.0,1182.8288367400773,10.502210503227069,37.80795781161745
114.05000000000001,1183.3539216618997,10.5011863696678,37.80427093080408
114.10000000000001,1183.878953947996,10.50010507418374,37.80037826706146
114.15,1184.4039316566132,10.499003270502126,37.796411773807655
114.2,1184.9288547185497,10.497919206957185,37.79250914504587
114.25,1185.453725300455,10.496904069261436,37.788854649341175
114.30000000000001,1185.9785476723628,10.49599080704748,37.78556690537093
114.35000000000001,1186.5033276252293,10.495207307611171,37.78274630740022
114.4,1187.028071878603,10.49456282734052,37.78042617842587
114.45,1187.5527869044263,10.494038205588808,37.77853754011971
114.5,1188.0774788157403,10.493638246970052,37.77709768909219
114.55000000000001,1188.6021533858247,10.493344556409705,37.77604040307494
114.60000000000001,1189.1268146541133,10.493106175131917,37.775182230474904
114.65,1189.6514644878305,10.492887173553015,37.774393824790856
114.7,1190.1761034593865,10.49267168868364,37.773618079261105
114.75,1190.7007316602596,10.492456346239234,37.772842846461245
114.80000000000001,1191.2253488863257,10.492232696400237,37.77203770704085
114.85000000000001,1191.7499550088285,10.4920122037128,37.77124393336608
114.9,1192.2745495667637,10.491770113697648,37.770372409311534
114.95,1192.7991320015121,10.491527276239397,37.76949819446183
115.0,1193.3237023171155,10.491285347897014,37.76862725242925
115.05000000000001,1193.8482603079065,10.491034283742888,37.7677234214744
115.10000000000001,1194.3728045515431,10.490735461724721,37.766647662208996
115.15,1194.8973324028884,10.490378592084449,37.765362931504015
115.2,1195.4218414429802,10.48998301158672,37.76393884171219
115.25,1195.9463300538066,10.489561421475212,37.762421117310765
115.30000000000001,1196.4707969298609,10.489113620690889,37.7608090344872
115.35000000000001,1196.9952418344935,10.488682564617022,37.75925723262128
115.4,1197.5196669296008,10.488321239674477,37.75795646282812
115.45,1198.0440768693645,10.488076350871557,37.7570748631376
115.5,1198.5684781640605,10.487975436965158,37.75671157307457
115.55000000000001,1199.0928780637591,10.488020550978423,37.756873983522325
115.60000000000001,1199.617283679099,10.488204062618928,37.75753462542814
115.65,1200.1417020836689,10.488532120173733,37.75871563262544
115.7,1200.6661400434714,10.488986271923018,37.76035057892287
115.75,1201.190603172849,10.489538903178786,37.76234005144363
115.80000000000001,1201.7150955401419,10.490155788535002,37.76456083872601
115.85000000000001,1202.2396197969533,10.49081448392566,37.76693214213238
115.9,1202.7641772379202,10.491483154749561,37.769339357098424
115.95,1203.2887676052005,10.492131536460175,37.77167353125663
116.0,1203.813389142332,10.492729948798868,37.77382781567592
116.05000000000001,1204.3380392649976,10.493274957825076,37.77578984817028
116.10000000000001,1204.8627153310058,10.49376768250031,37.77756365700112
116.15,1205.3874148732575,10.494214007569607,37.779170427250584
116.2,1205.9121357941121,10.494622826611891,37.78064217580281
116.25,1206.4368761339356,10.494990766321504,37.78196675875741
116.30000000000001,1206.9616340981183,10.495327800985047,37.78318008354617
116.35000000000001,1207.486408546468,10.495650133006832,37.784340478824596
116.4,1208.0111990313974,10.495969264163893,37.78548935099002
116.45,1208.5360055952146,10.496293288524532,37.78665583868832
116.5,1209.0608283455417,10.496616724562006,37.78782020842323
116.55000000000001,1209.5856672072086,10.496937742115673,37.78897587161642
116.60000000000001,1210.110521750086,10.497243972976966,37.79007830271708
116.65,1210.6353912325208,10.49753532441069,37.791127167878486
116.7,1211.1602750756049,10.497818398950075,37.79214623622027
116.75,1211.6851736483256,10.498124509880839,37.79324823557102
116.80000000000001,1212.2100887953197,10.49848136988443,37.79453293158395
116.85000000000001,1212.7350236446186,10.498912602072608,37.79608536746139
116.9,1213.25998187126,10.499416463578413,37.79789926888229
116.95,1213.784966544122,10.499970450902333,37.7998936232484
117.0,1214.309979457188,10.500546071743102,37.80196585827517
117.05000000000001,1214.8350206089444,10.50109999851271,37.80395999464576
117.10000000000001,1215.3600882292349,10.501604813108518,37.80577732719067
117.15,1215.8851794305376,10.502043239006177,37.80735566042224
117.2,1216.4102904221236,10.5023964244345,37.8086271279642
117.25,1216.9354169566561,10.502664956863411,37.80959384470828
117.30000000000001,1217.460554985281,10.50285618813165,37.81028227727394
117.35000000000001,1217.9857012854136,10.502995817167815,37.81078494180414
117.4,1218.5108539374737,10.503110265237662,37.81119695485559
117.45,1219.0360120842936,10.503215607554615,37.811576187196614
117.5,1219.5611757586112,10.503331365145552,37.81199291452399
117.55000000000001,1220.0863455494205,10.503460267225487,37.81245696201175
117.60000000000001,1220.6115218495438,10.503591737708106,37.81293025574919
117.65,1221.136704953834,10.503732433898968,37.81343676203628
117.7,1221.6618951012406,10.503873462366421,37.81394446451912
117.75,1222.1870923897704,10.50401807882518,37.81446508377065
117.80000000000001,1222.7122972549212,10.504176527205622,37.815035497940244
117.85000000000001,1223.2375104958428,10.504353109661169,37.81567119478021
117.9,1223.7627327649323,10.504537653912841,37.81633555408623
117.95,1224.2879644719571,10.504730627085973,37.8170302575095
118.0,1224.813206449181,10.50494846187399,37.81781446274637
118.05000000000001,1225.3384598114194,10.505186027655764,37.81866969956075
118.10000000000001,1225.8637252474052,10.505431411778767,37.819553082403566
118.15,1226.3890025889043,10.50566224818085,37.82038409345106
118.2,1226.914291397329,10.50589008880819,37.82120431970949
118.25,1227.4395915296393,10.50611520360843,37.822014732990354
118.30000000000001,1227.964902805941,10.50633584845858,37.822809054450886
118.35000000000001,1228.4902254229933,10.506568833631423,37.82364780107312
118.4,1229.015560292078,10.50682592975495,37.82457334711782
118.45,1229.5409087238295,10.50711134030483,37.82560082509739
118.5,1230.0662719315435,10.507416968254432,37.82670108571596
118.55000000000001,1230.5916509812123,10.507745018495608,37.827882066584195
118.60000000000001,1231.1170472476329,10.50810563833057,37.82918029799005
118.65,1231.642462036727,10.508485925436576,37.830549331571675
118.7,1232.1678960715344,10.508875466859996,37.83195168069599
118.75,1232.6933496938173,10.509269424450293,37.83336992802106
118.80000000000001,1233.2188228352488,10.509656232813377,37.83476243812816
118.85000000000001,1233.744314541526,10.510012018265485,37.83604326575575
118.9,1234.2698230072078,10.51032660901434,37.837175792451625
118.95,1234.7953456084665,10.51057744133572,37.838078788808595
119.0,1235.3208787547965,10.510748411864874,37.83869428271355
119.05000000000001,1235.8464186342942,10.510846768045887,37.839048364965194
119.10000000000001,1236.3719624558462,10.51090609403232,37.83926193851635
119.15,1236.8975081199762,10.51092047116777,37.83931369620397
119.2,1237.4230531000023,10.510878729877145,37.83916342755772
119.25,1237.9485952786029,10.510808414144801,37.838910290921284
119.30000000000001,1238.474133423043,10.510717363461536,37.83858250846153
119.35000000000001,1238.9996664418777,10.510603389929162,37.83817220374499
119.4,1239.525193245891,10.510468770601797,37.83768757416647
119.45,1240.0507128212312,10.510314243010185,37.83713127483667
119.5,1240.5762238787247,10.51012805672759,37.83646100421932
119.55000000000001,1241.1017241978177,10.509884706994988,37.83558494518196
119.60000000000001,1241.6272104113978,10.509563836209924,37.83442981035573
119.65,1242.1526782256074,10.5091487321753,37.83293543583108
119.7,1242.6781233849604,10.50865764194657,37.831167511007656
119.75,1243.203542242661,10.508096666076831,37.829147997876596
119.80000000000001,1243.7289319656193,10.507492252259244,37.826972108133276
119.85000000000001,1244.254290647851,10.506855037008277,37.824678133229796
119.9,1244.779616499199,10.506179016915207,37.822244460894744
119.95,1245.3049080718777,10.505483890237818,37.819742004856145
120.0,1245.8301645337303,10.504774583872251,37.81718850194011
120.05000000000001,1246.3553851318136,10.504049339458549,37.81457762205078
120.10000000000001,1246.8805686208843,10.503290223371271,37.81184480413658
120.15,1247.405713098289,10.502488872818677,37.80895994214724
120.2,1247.9308166306553,10.501652421830745,37.805948718590685
120.25,1248.455877168134,10.500769077323977,37.80276867836632
120.30000000000001,1248.980892313977,10.499836756386777,37.7994123229924
120.35000000000001,1249.5058602952108,10.498882492966272,37.79597697467858
120.4,1250.0307813142415,10.49795826826069,37.79264976573849
120.45,1250.5556570411482,10.497070808006539,37.789454908823544
120.5,1251.080489913181,10.496244073312628,37.786478663925465
120.55000000000001,1251.6052834451875,10.49549720694411,37.783789944998794
120.60000000000001,1252.1300414052635,10.494821196093259,37.78135630593573
120.65,1252.6547668584797,10.494196932553379,37.779108957192165
120.7,1253.1794625126745,10.493629235241512,37.77706524686944
120.75,1253.7041307714478,10.493101115693419,37.775164016496305
120.80000000000001,1254.22877297083,10.492586859593422,37.773312694536315
120.85000000000001,1254.753389508158,10.492074633528055,37.771468680701
120.9,1255.2779797516941,10.491535107910524,37.769526388477885
120.95,1255.8025419027308,10.490950933559112,37.767423360812806
121.0,1256.327073771463,10.490323815724981,37.76516573660993
121.05000000000001,1256.851573582363,10.489668620282172,37.76280703301582
121.10000000000001,1257.3760402954078,10.488999901511942,37.760399645442995
121.15,1257.9004730697488,10.488311072131458,37.75791985967325
121.2,1258.424871114576,10.487610720952029,37.7553985954273
121.25,1258.949234084456,10.486908074247632,37.75286906729148
121.30000000000001,1259.4735619568369,10.486206820989239,37.75034455556126
121.35000000000001,1259.9978549668122,10.485513578023092,37.74784888088313
121.4,1260.5221144423174,10.484865442189214,37.74551559188117
121.45,1261.046343102959,10.484280983483767,37.743411540541565
121.5,1261.5705438265886,10.483747961696627,37.74149266210786
121.55000000000001,1262.0947193491556,10.483272940983696,37.739782587541306
121.60000000000001,1262.6188730140943,10.482873656565229,37.738345163634825
121.65,1263.1430087566255,10.482556044681345,37.73720176085285
121.7,1263.6671301560696,10.48229993308281,37.73627975909812
121.75,1264.1912404830866,10.482113147595712,37.73560733134456
121.80000000000001,1264.715343648604,10.482013473095773,37.73524850314478
121.85000000000001,1265.2394440097387,10.482000972295314,37.73520350026313
121.9,1265.7635455932123,10.482062366647192,37.73542451992989
121.95,1266.287651276989,10.482164984420809,37.73579394391491
122.0,1266.8117626527805,10.48229004723821,37.73624417005756
122.05000000000001,1267.3358809531173,10.482441966229269,37.73679107842537
122.10000000000001,1267.8600072346248,10.48260929406787,37.737393458644334
122.15,1268.3841419549917,10.482779520602957,37.738006274170644
122.2,1268.9082848155672,10.482934902413286,37.73856564868783
122.25,1269.4324353576874,10.48308678239726,37.739112416630135
122.30000000000001,1269.956593510695,10.483239337911197,37.73966161648031
122.35000000000001,1270.4807589154439,10.483376852041966,37.74015666735108
122.4,1271.0049309711958,10.483505378033874,37.74061936092195
122.45,1271.5291096059125,10.483640010631076,37.74110403827187
122.5,1272.053295578491,10.483798892509991,37.74167601303597
122.55000000000001,1272.5774900620308,10.483980449084008,37.74232961670243
122.60000000000001,1273.1016937744976,10.48416804958389,37.743004978502
122.65,1273.6259068748222,10.484355963401425,37.74368146824513
122.7,1274.1501300999512,10.484573041752082,37.74446295030749
122.75,1274.6743651387162,10.484828508844982,37.745382631841935
122.80000000000001,1275.1986140554586,10.48512816084801,37.74646137905284
122.85000000000001,1275.7228788812897,10.485464872393424,37.747673540616326
122.9,1276.247162025356,10.485860890254502,37.749099204916206
122.95,1276.7714663026088,10.486310199860803,37.75071671949889
123.0,1277.2957942089838,10.486806055139217,37.752501798501186
123.05000000000001,1277.820148378199,10.487360713468957,37.754498568488245
123.10000000000001,1278.3445315549607,10.487966356991128,37.756678885168064
123.15,1278.8689450961972,10.488575292470959,37.75887105289545
123.2,1279.393389069068,10.489183622359384,37.761061040493786
123.25,1279.9178634847342,10.489793004285712,37.76325481542857
123.30000000000001,1280.4423678788105,10.490382758770643,37.765377931574314
123.35000000000001,1280.9669012032841,10.490950220177572,37.76742079263926
123.4,1281.4914626112081,10.491506096783366,37.76942194842012
123.45,1282.016050919555,10.492026237092364,37.77129445353251
123.5,1282.5406643019314,10.492509057966414,37.77303260867909
123.55000000000001,1283.0653006190603,10.492943627187342,37.77459705787443
123.60000000000001,1283.5899576775585,10.49333871274119,37.77601936586829
123.65,1284.11463295621,10.493672433318192,37.77722075994549
123.7,1284.639323720655,10.493958144486845,37.77824932015264
123.75,1285.164027850693,10.494207057026726,37.77914540529621
123.80000000000001,1285.68874313665,10.494404381249058,37.77985577249661
123.85000000000001,1286.2134673686123,10.494564897244878,37.78043363008156
123.9,1286.7381991409322,10.49470599555432,37.78094158399555
123.95,1287.262937215499,10.494816987122666,37.7813411536416
124.0,1287.7876801187792,10.49489914408348,37.78163691870053
124.05000000000001,1288.3124264433557,10.494953838977072,37.78183382031746
124.10000000000001,1288.8371750964827,10.49499228610376,37.78197222997353
124.15,1289.3619253793877,10.4950190300985,37.782068508354605
124.2,1289.8866779961452,10.49508564019738,37.782308304710575
124.25,1290.4114358256452,10.495227539800428,37.78281914328154
124.30000000000001,1290.9362034151504,10.49547604040604,37.783713745461746
124.35000000000001,1291.4609867332872,10.495856685065517,37.78508406623586
124.4,1291.9857933221188,10.496406868194612,37.787064725500606
124.45,1292.5106322358774,10.497149682156344,37.78973885576284
124.5,1293.0355133897087,10.498096471098664,37.793147295955194
124.55000000000001,1293.5604469053271,10.499244153638443,37.7972789530984
124.60000000000001,1294.0854411505386,10.50052565482085,37.80189235735506
124.65,1294.6105015595786,10.501890706781,37.8068065444116
124.7,1295.135631645102,10.503312714155175,37.81192577095863
124.75,1295.660832590343,10.504725095486805,37.8170103437525
124.80000000000001,1296.1861022782127,10.506062419296528,37.8218247094675
124.85000000000001,1296.7114354346686,10.507263838935467,37.82614982016768
124.9,1297.2368242678374,10.508289487813203,37.82984215612753
124.95,1297.7622585455103,10.509081619108704,37.832693828791335
125.0,1298.2877259091285,10.509612925618942,37.83460653222819
125.05000000000001,1298.8132129059072,10.509866945524145,37.835521003886925
125.10000000000001,1299.3387057845277,10.509848199301244,37.83545351748448
125.15,1299.8641912400426,10.509570021296081,37.8344520766659
125.2,1300.3896568704845,10.509055196376753,37.83259870695631
125.25,1300.9150910898684,10.508313578975605,37.829928884312174
125.30000000000001,1301.4404836002286,10.507386835432001,37.826592607555206
125.35000000000001,1301.9658261503957,10.50631517125201,37.82273461650724
125.4,1302.491112044082,10.505120576199495,37.81843407431818
125.45,1303.0163352943896,10.50380943610413,37.81371396997486
125.5,1303.541490911212,10.50241523678756,37.80869485243522
125.55000000000001,1304.0665760843185,10.50099168748071,37.803570074930555
125.60000000000001,1304.5915906306436,10.49959016552057,37.79852459587405
125.65,1305.1165367985213,10.49825654958614,37.793723578510104
125.7,1305.6414191700244,10.497038310536073,37.78933791792986
125.75,1306.1662441845676,10.49596227119729,37.78546417631025
125.80000000000001,1306.6910197660952,10.49506098990884,37.78221956367182
125.85000000000001,1307.2157554129817,10.494364885554862,37.779713587997506
125.9,1307.7404617603481,10.49388900909803,37.77800043275291
125.95,1308.2651497776885,10.49363168451421,37.77707406425115
126.0,1308.789829699863,10.493565202464477,37.77683472887212
126.05000000000001,1309.3145091832687,10.493614133759666,37.7770108815348
126.10000000000001,1309.839192832785,10.493731846895988,37.77743464882556
126.15,1310.3638831014077,10.493878898010053,37.77796403283619
126.2,1310.8885808983587,10.494032980029356,37.77851872810568
126.25,1311.413285306716,10.494143354263556,37.7789160753488
126.30000000000001,1311.9379930997343,10.494168366463972,37.7790061192703
126.35000000000001,1312.4626997810615,10.494098886627093,37.77875599185754
126.4,1312.9874006724176,10.493936767622614,37.77817236344141
126.45,1313.5120911237952,10.493681287484877,37.77725263494556
126.5,1314.036767094321,10.493357533544984,37.77608712076194
126.55000000000001,1314.561425634874,10.492984088572491,37.77474271886097
126.60000000000001,1315.0860644335885,10.49256786001082,37.77324429603895
126.65,1315.610681347792,10.49210870813505,37.771591349286176
126.7,1316.135273336003,10.491570820300037,37.769654953080135
126.75,1316.659836331771,10.490949010423048,37.767416437522975
126.80000000000001,1317.1843665775675,10.490260821439163,37.76493895718099
126.85000000000001,1317.7088599033216,10.48947220872347,37.762099951404494
126.9,1318.2333104617708,10.488550129240307,37.758780465265104
126.95,1318.7577111797618,10.487478590400636,37.754922925442294
127.0,1319.2820554270338,10.486291300478573,37.750648681722865
127.05000000000001,1319.8063377778049,10.485002730363183,37.74600982930746
127.10000000000001,1320.3305530978269,10.483610070515372,37.74099625385534
127.15,1320.8546963185734,10.482118759349135,37.73562753365689
127.2,1321.3787633453396,10.480562311297806,37.7300243206721
127.25,1321.9027523275417,10.478996976791187,37.72438911644827
127.30000000000001,1322.426664110598,10.4774743454645,37.7189076436722
127.35000000000001,1322.9505018340506,10.476034592637367,37.71372453349452
127.4,1323.474270439943,10.474709643061415,37.70895471502109
127.45,1323.9979770776765,10.473555866277335,37.70480111859841
127.5,1324.5216315924856,10.472624726087847,37.70144901391625
127.55000000000001,1325.0452458642312,10.471946143740555,37.699006117466
127.60000000000001,1325.5688332586556,10.47154963323028,37.69757867962901
127.65,1326.092408053761,10.47144217098683,37.697191815552586
127.7,1326.6159848932264,10.471631407629602,37.69787306746657
127.75,1327.139577547246,10.472074753161344,37.69946911138084
127.80000000000001,1327.663198129266,10.472748527636147,37.70189469949013
127.85000000000001,1328.1868574845648,10.47362568431388,37.705052463529974
127.9,1328.7105646121697,10.474659419883885,37.708773911581986
127.95,1329.2343263315229,10.475809354241857,37.712913675270684
128.0,1329.758147214925,10.477025981844434,37.717293534639964
128.05,1330.2820294598346,10.478263814539325,37.72174973234157
128.1,1330.805973201871,10.479485866915425,37.726149120895535
128.15,1331.3299768564696,10.480660317028029,37.730377141300906
128.20000000000002,1331.8540373715189,10.481760284945464,37.73433702580367
128.25,1332.3781509130854,10.482781377719235,37.738012959789245
128.3,1332.9023128614353,10.483696556276648,37.74130760259593
128.35,1333.426517451831,10.484487059547229,37.744153414370025
128.4,1333.9507591016425,10.485178932910413,37.74664415847749
128.45000000000002,1334.4750332405774,10.48578662448401,37.74883184814244
128.5,1334.99933569584,10.486311586016074,37.75072170965787
128.55,1335.523661884772,10.486735971263634,37.752249496549084
128.6,1336.0480062040267,10.487036798923041,37.75333247612295
128.65,1336.5723626046006,10.487219224032913,37.75398920651849
128.70000000000002,1337.096725707534,10.48730489330186,37.7542976158867
128.75,1337.6210910053767,10.48730702040835,37.75430527347006
128.8,1338.1454544430353,10.487230485934544,37.75402974936436
128.85,1338.669812058377,10.487074127734381,37.753466859843776
128.9,1339.1941601492993,10.486849509162543,37.752658232985155
128.95000000000002,1339.7184962755143,10.486595539438076,37.751743941977075
129.0,1340.2428193843757,10.486328815018279,37.750783734065806
129.05,1340.7671289389887,10.486053369500285,37.74979213020102
129.1,1341.2914245265993,10.485770134920516,37.74877248571386
129.15,1341.8157061922072,10.485496489398185,37.74778736183347
129.20000000000002,1342.3399751277013,10.485260930365055,37.7469393493142
129.25,1342.8642336400903,10.48507956519236,37.74628643469249
129.3,1343.3884848275925,10.48496793489035,37.74588456560526
129.35,1343.9127326675894,10.484945664987409,37.74580439395467
129.4,1344.4369825995736,10.485051614382689,37.74618581177768
129.45000000000002,1344.9612420433705,10.485326137492335,37.74717409497241
129.5,1345.4855203682494,10.485806857667026,37.748904687601296
129.55,1346.0098283134964,10.486510952214788,37.75143942797324
129.6,1346.5341768279698,10.487429626719969,37.75474665619189
129.65,1347.0585762211203,10.488546099302669,37.75876595748961
129.70000000000002,1347.5830355070639,10.48982533844065,37.76337121838634
129.75,1348.1075617411393,10.491224024576766,37.76840648847636
129.8,1348.6321596695666,10.49269311251124,37.77369520504047
129.85,1349.156832181407,10.494207361106957,37.779146499985046
129.9,1349.6815804719415,10.495724260275319,37.78460733699115
129.95000000000002,1350.2064024916033,10.497156526199184,37.789763494317064
130.0,1350.7312922514868,10.498433869141369,37.79436192890893
130.05,1351.2562406025982,10.49950017531387,37.79820063112993
130.1,1351.7812362913742,10.500327375724247,37.80117855260729
130.15,1352.3062671905925,10.500908593013431,37.803270934848356
130.20000000000002,1352.8313206887276,10.50123133239098,37.80443279660753
130.25,1353.3563833236542,10.50127406467443,37.80458663282795
130.3,1353.8814408181486,10.501025715096329,37.80369257434678
130.35,1354.406478821292,10.500494410640295,37.80177987830506
130.4,1354.9314842016436,10.499720803425056,37.79899489233021
130.45000000000002,1355.4564467141417,10.498779696501817,37.795606907406544
130.5,1355.9813590780159,10.497714858459782,37.79177349045521
130.55,1356.5062160069344,10.496562298281006,37.78762427381162
130.6,1357.0310142640092,10.495367984706236,37.783324744942455
130.65,1357.555753010455,10.494181873121581,37.779054743237694
130.70000000000002,1358.0804335294256,10.493038885699931,37.774939988519755
130.75,1358.6050582402372,10.491949546766856,37.77101836836068
130.8,1359.1296299212986,10.49091769568765,37.76730370447554
130.85,1359.6541520694477,10.489968230275712,37.76388562899257
130.9,1360.178628900806,10.48910502405492,37.76077808659771
130.95000000000002,1360.7030645281689,10.488320070460246,37.75795225365688
131.0,1361.2274622239374,10.487587760283475,37.75531593702051
131.05,1361.7518238045004,10.486875462239375,37.752751664061755
131.1,1362.276149962617,10.486170862419486,37.75021510471015
131.15,1362.8004413027159,10.485482741539505,37.74773786954222
131.20000000000002,1363.3246980211272,10.48478599491211,37.745229581683596
131.25,1363.848919588126,10.484076685037714,37.74267606613577
131.3,1364.3731055360715,10.483361232786557,37.740100438031604
131.35,1364.897255619967,10.482642123032097,37.73751164291555
131.4,1365.4213691153313,10.48189769154228,37.73483168955221
131.45000000000002,1365.9454439351375,10.481095100703001,37.73194236253081
131.5,1366.4694775801922,10.48025070148326,37.72890252533974
131.55,1366.9934684654017,10.479384706900522,37.72578494484188
131.6,1367.5174157763552,10.478507731232165,37.7226278324358
131.65,1368.041319148198,10.477627142483028,37.719457712938905
131.70000000000002,1368.5651782776097,10.476738033984278,37.7162569223434
131.75,1369.0889929458867,10.475848697098487,37.713055309554555
131.8,1369.6127638022335,10.47498555677758,37.709948004399294
131.85,1370.1364928448043,10.47417614605244,37.70703412578878
131.9,1370.6601832298659,10.473439256415947,37.70438132309741
131.95000000000002,1371.1838387920627,10.472783231458754,37.70201963325152
132.0,1371.7074628302294,10.472178295207755,37.69984186274792
132.05,1372.2310579577843,10.471626806985462,37.69785650514766
132.1,1372.754626552618,10.47111698636362,37.69602115090903
132.15,1373.2781701171305,10.470625594132448,37.69425213887681
132.20000000000002,1373.8016898982626,10.470165651151735,37.692596344146246
132.25,1374.3251869841008,10.469717782376208,37.690984016554346
132.3,1374.8486618688244,10.469277606564518,37.689399383632264
132.35,1375.3721151515122,10.468853700946221,37.6878733234064
132.4,1375.8955475126802,10.468440745779425,37.68638668480593
132.45000000000002,1376.4189596326917,10.468044054676625,37.68495859683585
132.5,1376.9423526446558,10.467676423892506,37.68363512601302
132.55,1377.4657284469379,10.467355667392784,37.682480402614026
132.6,1377.9890897387827,10.467096006400645,37.681545623042325
132.65,1378.5124398418277,10.46690811540177,37.68086921544637
132.70000000000002,1379.035782390903,10.466793847611509,37.680457851401435
132.75,1379.5591210838375,10.466753869763423,37.680313931148326
132.8,1380.0824592098047,10.466771168924694,37.6803762081289
132.85,1380.6057990332627,10.466821769393334,37.680558369816005
132.9,1381.1291421864732,10.466904359028344,37.68085569250204
132.95000000000002,1381.652490063035,10.467010703438296,37.68123853237787
133.0,1382.1758432750057,10.46711777538832,37.681623991397956
133.05,1382.699201173764,10.467198174942695,37.6819134297937
133.1,1383.2225615661234,10.467217519428399,37.681983069942234
133.15,1383.7459212207448,10.46716866542253,37.68180719552111
133.20000000000002,1384.2692764881695,10.46704203156148,37.68135131362133
133.25,1384.792624402461,10.466874540097356,37.680748344350484
133.3,1385.3159628697208,10.466664150302782,37.67999094109001
133.35,1385.8392897775238,10.46641216181727,37.67908378254218
133.4,1386.362603390531,10.466132358467183,37.67807649048186
133.45000000000002,1386.8859024466904,10.465829887908537,37.67698759647074
133.5,1387.4091865317826,10.465533515782756,37.67592065681792
133.55,1387.9324563500875,10.46525921641754,37.67493317910314
133.6,1388.4557132981797,10.465018707276023,37.67406734619369
133.65,1388.9789595255322,10.464830386823785,37.673389392565625
133.70000000000002,1389.502197315005,10.464681192089554,37.672852291522396
133.75,1390.0254281302703,10.464551418516201,37.672385106658325
133.8,1390.5486529285297,10.464440511858683,37.671985842691264
133.85,1391.0718728719662,10.464357225599134,37.67168601215688
133.9,1391.5950893583731,10.464302230678042,37.671488030440955
133.95000000000002,1392.118304499196,10.464303402237142,37.67149224805372
134.0,1392.641520687739,10.46434413948756,37.671638902155216
134.05,1393.16474012009,10.46443315455191,37.67195935638688
134.1,1393.6879653981773,10.464577968939725,37.672480688183015
134.15,1394.2111996885105,10.464793644391186,37.67325711980827
134.20000000000002,1394.734445914181,10.465055382428975,37.67419937674431
134.25,1395.2577054633045,10.465326582516477,37.675175697059316
134.3,1395.780979150352,10.465620899384891,37.67623523778561
134.35,1396.3042680879255,10.46593660354994,37.677371772779786
134.4,1396.8275732307459,10.466269109266346,37.67856879335885
134.45000000000002,1397.3508947637235,10.466592209839442,37.67973195542199
134.5,1397.8742317586714,10.466887588075805,37.6807953170729
134.55,1398.397582682625,10.467149370068668,37.68173773224721
134.6,1398.9209458062192,10.467375573703354,37.682552065332075
134.65,1399.4443198619792,10.4675866567,37.68331196412
134.70000000000002,1399.9677044022894,10.46779495570906,37.684061840552616
134.75,1400.491099705876,10.468017187750643,37.684861875902314
134.8,1401.0145058932965,10.468230309070846,37.68562911265504
134.85,1401.537922728733,10.468443108391702,37.68639519021013
134.9,1402.0613500956654,10.468651568897734,37.687145648031844
134.95000000000002,1402.5847879284254,10.468861741499254,37.68790226939731
135.0,1403.1082369023957,10.469097217314644,37.68874998233272
135.05,1403.6316972955822,10.46931851014175,37.6895466365103
135.1,1404.1551680430546,10.469511388751599,37.690240999505754
135.15,1404.6786471704518,10.469653707137697,37.69075334569571
135.20000000000002,1405.2021312952288,10.469711283939517,37.69096062218227
135.25,1405.7256161532355,10.46968303632277,37.690858930761976
135.3,1406.2490973895644,10.469566416838536,37.69043910061873
135.35,1406.7725706735248,10.469364941576,37.689713789673604
135.4,1407.2960321078272,10.469092430514293,37.688732749851454
135.45000000000002,1407.8194783634437,10.468757794149221,37.6875280589372
135.5,1408.3429059063528,10.46834392221026,37.68603811995693
135.55,1408.8663114459769,10.467877662754091,37.68435958591473
135.6,1409.38969257144,10.46736735577279,37.68252248078205
135.65,1409.9130472982247,10.466821715613017,37.680558176206866
135.70000000000002,1410.4363737243664,10.466235330055179,37.678447188198646
135.75,1410.959669892205,10.465611383488444,37.6762009805584
135.8,1411.482934751364,10.464982982863447,37.67393873830841
135.85,1412.0061685039077,10.464367118886358,37.67172162799089
135.9,1412.5293720321504,10.463774010821176,37.66958643895624
135.95000000000002,1413.0525467385196,10.463214243951526,37.667571278225495
136.0,1413.5756942682256,10.462686944289379,37.66567299944177
136.05,1414.098815622195,10.462167214486842,37.66380197215263
136.1,1414.6219114978924,10.461667813406653,37.66200412826395
136.15,1415.1449828329844,10.461185590277072,37.66026812499746
136.20000000000002,1415.6680304209056,10.460717926567803,37.65858453564409
136.25,1416.191054298558,10.46023717952573,37.656853846292634
136.3,1416.7140530186455,10.459711623980311,37.65496184632912
136.35,1417.2370246455428,10.459153451911916,37.6529524268829
136.4,1417.7599674298735,10.458557921318452,37.65080851674643
136.45000000000002,1418.2828795800572,10.4579280860276,37.64854110969936
136.5,1418.8057595199102,10.457269508094472,37.6461702291401
136.55,1419.3286050341605,10.456551061920976,37.64358382291552
136.6,1419.8514132363632,10.455777026181284,37.64079729425262
136.65,1420.3741809412018,10.45493116735897,37.637752202492294
136.70000000000002,1420.8969045140218,10.454011745439004,37.63444228358042
136.75,1421.419580118895,10.453012449495132,37.630844818182474
136.8,1421.9422045896117,10.45196637917417,37.62707896502701
136.85,1422.4647763894627,10.450905614869324,37.62326021352957
136.9,1422.987295429597,10.449855990505942,37.61948156582139
136.95000000000002,1423.5097613562807,10.448781076844467,37.61561187664008
137.0,1424.0321734388006,10.447702223949996,37.611728006219984
137.05,1424.5545323263107,10.446653276457056,37.607951795245405
137.1,1425.0768396042783,10.445637842249903,37.60429623209965
137.15,1425.599097195363,10.4446658011354,37.600796884087444
137.20000000000002,1426.121307538878,10.443747939464298,37.597492582071474
137.25,1426.6434732163223,10.442879158310749,37.5943649699187
137.3,1427.1655972590236,10.442082549739983,37.591497179063936
137.35,1427.687683805533,10.441379310637014,37.58896551829325
137.4,1428.2097375114975,10.44076892794518,37.58676814060265
137.45000000000002,1428.731763041661,10.440252278594071,37.58490820293866
137.5,1429.2537651130974,10.43983057886576,37.58339008391673
137.55,1429.775748678846,10.439512051077585,37.58224338387931
137.6,1430.2977190652402,10.439303404693549,37.58149225689677
137.65,1430.8196814746668,10.439192972366934,37.581094700520964
137.70000000000002,1431.341640986558,10.43918750328362,37.581075011821035
137.75,1431.863602403759,10.439269184746337,37.58136906508681
137.8,1432.385569866875,10.439429339893437,37.58194562361637
137.85,1432.9075473619916,10.43967046477918,37.58281367320505
137.9,1433.429538335266,10.439968466191356,37.58388647828888
137.95000000000002,1433.9515455869557,10.44032160139603,37.58515776502571
138.0,1434.4735718556947,10.440729148160797,37.58662493337887
138.05,1434.9956195568468,10.441178897926926,37.588244032536934
138.1,1435.5176902336584,10.44164817453684,37.58993342833263
138.15,1436.0397841291701,10.442107645933415,37.591587525360296
138.20000000000002,1436.5619001483465,10.442533121118727,37.59311923602742
138.25,1437.0840362624654,10.442911443633523,37.59448119708068
138.3,1437.606190019685,10.443238845157392,37.59565984256661
138.35,1438.1283582487874,10.443490318936133,37.59656514817008
138.4,1438.6505362328999,10.443629045560492,37.59706456401777
138.45000000000002,1439.1727173558456,10.44361587227079,37.59701714017485
138.5,1439.6948946764899,10.443476953496953,37.596517032589034
138.55,1440.2170621035036,10.443220127056192,37.59559245740229
138.6,1440.7392139814199,10.442854989591428,37.59427796252914
138.65,1441.2613461637845,10.442432304991126,37.59275629796805
138.70000000000002,1441.7834562899957,10.441972743455445,37.5911018764396
138.75,1442.305542923467,10.441492595403233,37.58937334345164
138.8,1442.8276060611836,10.44103291325198,37.58771848770713
138.85,1443.3496470354141,10.440606055969798,37.58618180149128
138.9,1443.8716673728222,10.440207440358185,37.58474678528947
138.95000000000002,1444.393668505666,10.439837873397675,37.58341634423163
139.0,1444.9156519953435,10.43950171369838,37.58220616931417
139.05,1445.4376188961385,10.439174318101598,37.58102754516575
139.1,1445.9595692215385,10.438838697896609,37.579819312427794
139.15,1446.481502618742,10.438497190244714,37.57858988488097
139.20000000000002,1447.0034194153754,10.438174675091728,37.57742883033022
139.25,1447.5253201324344,10.437854007271298,37.576274426176674
139.3,1448.0472046834384,10.437528032890835,37.57510091840701
139.35,1448.569073227204,10.437213717733773,37.573969383841586
139.4,1449.0909264701436,10.436915999848608,37.57289759945499
139.45000000000002,1449.6127659882707,10.436664725236321,37.571993010850754
139.5,1450.134594775927,10.43648678102444,37.57135241168798
139.55,1450.6564161396118,10.436367766359119,37.57092395889283
139.6,1451.1782321958535,10.436274483309205,37.57058813991314
139.65,1451.7000437551567,10.436187888815393,37.57027639973542
139.70000000000002,1452.2218509193924,10.436098680613846,37.569955250209844
139.75,1452.7436526728611,10.435971458130707,37.56949724927055
139.8,1453.2654459606038,10.435760051570806,37.568736185654906
139.85,1453.7872261205857,10.435446347709824,37.56760685175537
139.9,1454.3089873338404,10.435002182474573,37.56600785690846
139.95000000000002,1454.8307229666934,10.434423131645858,37.56392327392509
140.0,1455.3524272444697,10.433747979403014,37.561492725850854
140.05,1455.8740961462042,10.433008089974866,37.55882912390952
140.1,1456.3957269627201,10.432224570664722,37.556008454393
140.15,1456.9173183708556,10.431431754751939,37.55315431710698
140.20000000000002,1457.4388701280116,10.430638531488842,37.55029871335984
140.25,1457.960382255259,10.429846558410748,37.547447610278695
140.3,1458.4818543863341,10.429038684594431,37.54453926453996
140.35,1459.0032853304876,10.428199081550025,37.54151669358009
140.4,1459.5246732474156,10.427317595574758,37.538343344069126
140.45000000000002,1460.046016055646,10.426394733639885,37.53502104110359
140.5,1460.5673113679713,10.425417759370852,37.53150393373507
140.55,1461.0885561292494,10.424372691753753,37.52774169031351
140.6,1461.6097468540502,10.42325630028298,37.523722681018725
140.65,1462.1308809069621,10.422105816192126,37.519580938291654
140.70000000000002,1462.6519573458945,10.42095174110638,37.51542626798297
140.75,1463.172975858984,10.419788782472283,37.51123961690022
140.8,1463.6939363396875,10.418630445668429,37.50706960440635
140.85,1464.2148394454096,10.41749378321036,37.50297761955729
140.9,1464.7356861047253,10.416372589424016,37.49894132192646
140.95000000000002,1465.2564775523776,10.415285316671833,37.4950271400186
141.0,1465.7772155460925,10.414234431923859,37.49124395492589
141.05,1466.2979021889166,10.413231281043984,37.48763261175834
141.1,1466.8185403522061,10.412295250536392,37.48426290193101
141.15,1467.3391337674545,10.41144135939615,37.48118889382614
141.20000000000002,1467.8596856882828,10.410635473731487,37.47828770543335
141.25,1468.3801973537313,10.409831144207216,37.47539211914598
141.3,1468.9006684890005,10.40901426655963,37.47245135961467
141.35,1469.4210988317902,10.408199445030586,37.469518002110114
141.4,1469.941488656274,10.407393534321582,37.46661672355769
141.45000000000002,1470.4618382105598,10.406588637108372,37.46371909359014
141.5,1470.9821471153975,10.405767556404147,37.46076320305493
141.55,1471.5024142345146,10.404917208283255,37.45770194981972
141.6,1472.0226381270893,10.404038494707446,37.45453858094681
141.65,1472.5428184259636,10.403173460261566,37.45142445694164
141.70000000000002,1473.0629563697528,10.402344291310978,37.448439448719526
141.75,1473.5830541304183,10.401566135310098,37.44563808711636
141.8,1474.1031144151236,10.400845252905413,37.44304291045949
141.85,1474.623140173159,10.400185068515208,37.44066624665475
141.9,1475.1431345410974,10.399589649017624,37.43852273646345
141.95000000000002,1475.6631010825363,10.399072008534965,37.43665923072587
142.0,1476.1830433412413,10.398618339662605,37.43502602278538
142.05,1476.7029644814493,10.398227268658772,37.43361816717158
142.1,1477.2228680660487,10.397916115318122,37.43249801514524
142.15,1477.7427580808962,10.397684478579261,37.431664122885344
142.20000000000002,1478.2626377431136,10.39750201011318,37.43100723640745
142.25,1478.7825094889324,10.3973678226426,37.43052416151336
142.3,1479.3023754893752,10.397272195071164,37.43017990225619
142.35,1479.822237906242,10.397224479600833,37.430008126563
142.4,1480.3420997403744,10.397248885697268,37.43009598851017
142.45000000000002,1480.8619649288596,10.397358653716552,37.430491153379585
142.5,1481.381838831118,10.39759743662706,37.43135077185742
142.55,1481.901728747892,10.397999234333044,37.43279724359896
142.6,1482.4216422832917,10.398542181653703,37.43475185395333
142.65,1482.9415858166474,10.399199152575381,37.43711694927137
142.70000000000002,1483.4615641873474,10.399935675431115,37.43976843155201
142.75,1483.9815806093325,10.400721203970434,37.44259633429356
142.8,1484.5016374135002,10.401550962736605,37.44558346585178
142.85,1485.021736371133,10.402407342575387,37.44866643327139
142.9,1485.5418771873094,10.403225304477697,37.45161109611971
142.95000000000002,1486.0620577730865,10.403998126606277,37.4543932557826
143.0,1486.5822758103218,10.404723362804983,37.45700410609794
143.05,1487.1025295327813,10.405425535577242,37.45953192807807
143.1,1487.6228180318287,10.406114426321095,37.46201193475594
143.15,1488.1431409173763,10.406800995579989,37.46448358408796
143.20000000000002,1488.6634985323394,10.407503602944942,37.46701297060179
143.25,1489.1838907555723,10.40818532637355,37.46946717494478
143.3,1489.704315550719,10.40880647949213,37.47170332617167
143.35,1490.2247697699872,10.409362291234688,37.473704248444875
143.4,1490.7452498549744,10.409841108256913,37.475427989724885
143.45000000000002,1491.2657511313805,10.410209947990122,37.47675581276444
143.5,1491.786267939386,10.41046237223529,37.477664540047044
143.55,1492.3067948078876,10.410612367826845,37.47820452417664
143.6,1492.8273260793324,10.410638489964185,37.47829856387107
143.65,1493.3478562894368,10.4105699142103,37.47805169115708
143.70000000000002,1493.8683814793874,10.410437683814816,37.47757566173334
143.75,1494.3888987071018,10.410251424765244,37.47690512915488
143.8,1494.9094047205444,10.4099891129424,37.47596080659264
143.85,1495.4298962468984,10.409671941211407,37.474818988361065
143.9,1495.9503708390926,10.409311746558762,37.473522287611544
143.95000000000002,1496.4708264401238,10.408912294693678,37.47208426089724
144.0,1496.9912625168627,10.408530774857164,37.47071078948579
144.05,1497.5116796064854,10.408152810055208,37.46935011619875
144.1,1498.032076793734,10.407734679891588,37.46784484760972
144.15,1498.5524524766427,10.407292636455823,37.46625349124096
144.20000000000002,1499.0728051658677,10.40681493254865,37.46453375717514
144.25,1499.5931332608477,10.406308866645315,37.46271191992314
144.3,1500.113435725368,10.405789714165488,37.460842970995756
144.35,1500.6337121428567,10.40526698538748,37.45896114739492
144.4,1501.153962740686,10.404756927783474,37.457124940020506
144.45000000000002,1501.6741888679348,10.404288162171731,37.455437383818236
144.5,1502.1943922698301,10.403847913639723,37.45385248910301
144.55,1502.714575076924,10.403464370107441,37.45247173238679
144.6,1503.234740261851,10.403143026976263,37.45131489711455
144.65,1503.7548908153065,10.402879111241553,37.45036480046959
144.70000000000002,1504.2750302295497,10.40269745848581,37.44971085054891
144.75,1504.7951616227933,10.402558271259462,37.44920977653406
144.8,1505.3152869275373,10.402453918501477,37.44883410660532
144.85,1505.8354084999885,10.402408979543475,37.44867232635651
144.9,1506.3555285034793,10.402391160087245,37.44860817631408
144.95000000000002,1506.8756483693594,10.402403475120483,37.44865251043374
145.0,1507.3957696696598,10.402448536892177,37.44881473281184
145.05,1507.9158935195658,10.402505459346482,37.44901965364734
145.1,1508.436020134012,10.402559118510064,37.449212826636234
145.15,1508.956150122224,10.40264040996973,37.44950547589102
145.20000000000002,1509.4762836234322,10.402699638359397,37.44971869809383
145.25,1509.9964189490597,10.402713386741187,37.44976819226827
145.3,1510.5165529701524,10.402647456966875,37.44953084508075
145.35,1511.0366815492057,10.402495705170207,37.44898453861275
145.4,1511.5568010268512,10.402283400648967,37.44822024233628
145.45000000000002,1512.0769083297878,10.40200871681511,37.4472313805344
145.5,1512.5970003291234,10.40167125660631,37.44601652378272
145.55,1513.1170736119527,10.401260056565413,37.44453620363549
145.6,1513.6371246050628,10.400779667834279,37.44280680420341
145.65,1514.1571508453446,10.400269943439667,37.440971796382804
145.70000000000002,1514.6771511223321,10.399741136061959,37.43906808982305
145.75,1515.1971252907597,10.399225601043259,37.43721216375573
145.8,1515.7170745921853,10.398746455980195,37.435487241528705
145.85,1516.2370019999053,10.398349852819326,37.43405947014958
145.9,1516.7569117168011,10.39803882302014,37.43293976287251
145.95000000000002,1517.276808621142,10.397837350610667,37.4322144621984
146.0,1517.7966988859102,10.397773240122588,37.43198366444132
146.05,1518.316589848365,10.397865258075464,37.43231492907167
146.1,1518.8364884080524,10.398077129423427,37.43307766592434
146.15,1519.3564004059642,10.39840278704855,37.43425003337478
146.20000000000002,1519.876331966986,10.398859653825081,37.43589475377029
146.25,1520.3962897579804,10.399451985950455,37.438027149421636
146.3,1520.9162809648508,10.400196288865464,37.440706639915675
146.35,1521.4363127379195,10.401074633878629,37.44386868196307
146.4,1521.9563902183036,10.402024581481797,37.44728849333447
146.45000000000002,1522.476516113699,10.403011234341008,37.450840443627634
146.5,1522.9966909782977,10.403983349601734,37.454340058566245
146.55,1523.516913391441,10.404913176130558,37.45768743407001
146.6,1524.0371804856406,10.405770591853015,37.460774130670856
146.65,1524.5574887091461,10.406558348362855,37.46361005410628
146.70000000000002,1525.0778345717167,10.407276154457886,37.46619415604839
146.75,1525.5982139032503,10.407897106887035,37.46842958479333
146.8,1526.118621890198,10.4084223710219,37.47032053567884
146.85,1526.6390545335842,10.408883364427819,37.47198011194015
146.9,1527.1595087950875,10.409287095703643,37.473433544533115
146.95000000000002,1527.6799813678733,10.409615815725083,37.474616936610296
147.0,1528.2004686695188,10.409876250091948,37.475554500331015
147.05,1528.7209669143836,10.410053544498542,37.47619276019475
147.1,1529.2414719500962,10.410147884006275,37.47653238242259
147.15,1529.7619794313616,10.410151366607861,37.4765449197883
147.20000000000002,1530.2824843426347,10.410045084310541,37.476162303517945
147.25,1530.8029818586579,10.409855556616158,37.47548000381817
147.3,1531.3234684686413,10.409608842717732,37.47459183378384
147.35,1531.8439421839994,10.409339771604195,37.4736231777751
147.4,1532.3644023056333,10.409065093754197,37.47263433751511
147.45000000000002,1532.8848486683228,10.408789413825577,37.47164188977208
147.5,1533.4052816482388,10.408529782818091,37.47070721814513
147.55,1533.925701881805,10.408279559833563,37.469806415400825
147.6,1534.446109831776,10.408038439005908,37.46893838042127
147.65,1534.9665063801137,10.407823494504088,37.46816458021472
147.70000000000002,1535.4868939074356,10.407677598366885,37.467639354120784
147.75,1536.0072763935511,10.407621846255266,37.46743864651896
147.8,1536.5276576241158,10.407627376329687,37.46745855478687
147.85,1537.0480398173436,10.407660352781924,37.46757727001493
147.9,1537.5684243034134,10.407719090012971,37.4677887240467
147.95000000000002,1538.0888122934527,10.407800511562918,37.46808184162651
148.0,1538.609204898897,10.40790370620671,37.468453342344155
148.05,1539.1296034618886,10.40803881345838,37.46893972845017
148.1,1539.6500093083284,10.408195044137274,37.46950215889419
148.15,1540.1704246458494,10.408418456696163,37.470306444106185
148.20000000000002,1540.6908535348662,10.408737103970754,37.47145357429471
148.25,1541.211301997918,10.409201418107852,37.47312510518827
148.3,1541.7317783439853,10.409852424583056,37.475468728499
148.35,1542.252292357866,10.410708130648253,37.47854927033371
148.4,1542.772855793695,10.41182930251458,37.48258548905249
148.45000000000002,1543.2934832557405,10.413269179301723,37.4877690454862
148.5,1543.8141916107204,10.415065019890768,37.49423407160677
148.55,1544.334999687899,10.417258067251176,37.50212904210424
148.6,1544.85592720309,10.419842540386515,37.51143314539146
148.65,1545.3769934420852,10.422807019424882,37.522105269929575
148.70000000000002,1545.898218813826,10.426207850206225,37.53434826074241
148.75,1546.4196256314158,10.430064853387117,37.54823347219362
148.8,1546.9412359225205,10.434346790799168,37.563648446877
148.85,1547.4630720368882,10.43909778391346,37.58075202208846
148.9,1547.9851579094984,10.444337120494513,37.59961363378025
148.95000000000002,1548.507518047029,10.450068380725023,37.62024617061008
149.0,1549.0301763906918,10.456265365792433,37.64255531685276
149.05,1549.5531551720853,10.462885889945388,37.6663892038034
149.1,1550.0764761401774,10.469952833742397,37.691830201472634
149.15,1550.6001627115393,10.47751002073197,37.71903607463509
149.20000000000002,1551.1242400430324,10.485583238996893,37.74809966038882
149.25,1551.6487328998167,10.494131032371568,37.778871716537644
149.3,1552.17366356034,10.503095388557494,37.811143398806976
149.35,1552.6990525934664,10.5124659364964,37.844877371387035
149.4,1553.224919865358,10.52222493916973,37.880009781011026
149.45000000000002,1553.7512825731924,10.532283374205422,37.91622014713952
149.5,1554.2781558339966,10.542647057961567,37.953529408661645
149.55,1554.8055565418317,10.553381255441776,37.9921725195904
149.6,1555.3335037887225,10.564508620194278,38.0322310326994
149.65,1555.8620170815548,10.576023093095149,38.07368313514254
149.70000000000002,1556.3911159224708,10.587930543550904,38.11654995678325
149.75,1556.9208217176094,10.600301261996877,38.16108454318876
149.8,1557.4511592839333,10.613201390961061,38.20752500745982
149.85,1557.9821562855593,10.62667867407899,38.25604322668436
149.9,1558.5138422028945,10.640758019325647,38.30672886957233
149.95000000000002,1559.046247625804,10.655458897058715,38.35965202941137
150.0,1559.5794036953455,10.670783884606156,38.41482198458216
150.05,1560.1133395068396,10.686648575158081,38.47193487056909
150.1,1560.6480795729708,10.70295407008744,38.53063465231479
150.15,1561.1836459195847,10.71969979447295,38.59091926010262
150.20000000000002,1561.720062753998,10.736973582059216,38.65310489541318
150.25,1562.2573562189086,10.754765014360121,38.71715405169644
150.3,1562.795551568239,10.77304895885762,38.78297625188743
150.35,1563.3346722685492,10.791779053546632,38.85040459276787
150.4,1563.874738429792,10.8108673961668,38.91912262620048
150.45000000000002,1564.4157681200977,10.830320216064594,38.98915277783254
150.5,1564.9577783543862,10.850089155469384,39.06032095968978
150.55,1565.500783416079,10.87011331224011,39.132407924064395
150.6,1566.044796707596,10.890418348447433,39.20550605441076
150.65,1566.5898345335543,10.911094689881017,39.27994088357166
150.70000000000002,1567.1359162086478,10.932172313858034,39.35582032988892
150.75,1567.683060130598,10.953584564147823,39.43290443093216
150.8,1568.2312826537147,10.975316360516441,39.51113889785919
150.85,1568.780603224062,10.997506453366876,39.591023232120754
150.9,1569.3310479678535,11.02028329829265,39.67301987385354
150.95000000000002,1569.8826470901824,11.043681594867914,39.757253741524494
151.0,1570.435432413927,11.06773135491516,39.84383287769458
151.05,1570.9894356843424,11.09239946170309,39.932638062131126
151.1,1571.5446874168833,11.117669839937566,40.023611423775236
151.15,1572.1012184078909,11.143569800361341,40.11685128130083
151.20000000000002,1572.6590586146956,11.170038471827475,40.21213849857891
151.25,1573.21823485914,11.197011305947935,40.30924070141257
151.3,1573.77877293025,11.224511538447668,40.40824153841161
151.35,1574.340700377817,11.252586364235698,40.50931091124851
151.4,1574.904044298181,11.281170450315658,40.61221362113637
151.45000000000002,1575.468826262172,11.310108109326755,40.71638919357632
151.5,1576.0350620578135,11.339323716338077,40.82156537881708
151.55,1576.6027666754444,11.368860988896937,40.927899560028976
151.6,1577.171956898957,11.398747951605701,41.03549262578053
151.65,1577.7426491334722,11.428941429007056,41.144189144425404
151.70000000000002,1578.3148572111147,11.45938167669572,41.253774036104595
151.75,1578.8885937291725,11.490079045611214,41.364284564200375
151.8,1579.4638717938883,11.52104354302,41.475756754872
151.85,1580.040701446467,11.552142560125535,41.58771321645193
151.9,1580.619088861201,11.58335402923473,41.70007450524503
151.95000000000002,1581.19904245377,11.61478967353236,41.8132428247165
152.0,1581.7805751654287,11.646518792813346,41.927467654128044
152.05,1582.3637025158089,11.678575222395557,42.042870800624
152.1,1582.948439888137,11.710919670727657,42.159310814619566
152.15,1583.534801226042,11.743533845467619,42.276721843683426
152.20000000000002,1584.1228023296808,11.77651030008526,42.395437080306934
152.25,1584.712464007612,11.809956817163082,42.5158445417871
152.3,1585.303810543685,11.84390462575349,42.638056652712564
152.35,1585.896866605344,11.878337840610168,42.76201622619661
152.4,1586.4916568058802,11.913270180836724,42.887772651012206
152.45000000000002,1587.0882065009935,11.948717623693916,43.0153834452981
152.5,1587.6865394372603,11.984599826977966,43.14455937712068
152.55,1588.2866757711458,12.020853528443542,43.275072702396756
152.6,1588.8886372744796,12.057606604907686,43.407383777667675
152.65,1589.4924500987638,12.094906366462336,43.54166291926441
152.70000000000002,1590.0981388036073,12.132641827279931,43.67751057820775
152.75,1590.7057217322554,12.170675318644125,43.81443114711885
152.8,1591.3152110362246,12.208896840127641,43.95202862445951
152.85,1591.9266164473934,12.247319606625227,44.09035058385082
152.9,1592.5399486527951,12.285968609443703,44.229486993997334
152.95000000000002,1593.155217746122,12.324795123629336,44.36926244506561
153.0,1593.7724329762093,12.363814079860983,44.50973068749954
153.05,1594.3916065742396,12.403129841351657,44.651267428865964
153.1,1595.012755143907,12.442812945341169,44.79412660322821
153.15,1595.6358978224848,12.482894197768625,44.93841911196705
153.20000000000002,1596.2610550975567,12.523396805109606,45.08422849839458
153.25,1596.8882485214822,12.564340151910692,45.23162454687849
153.3,1597.517500977111,12.605758073245523,45.38072906368389
153.35,1598.1488371411185,12.6476884870523,45.53167855338828
153.4,1598.7822832288082,12.690155020534345,45.68455807392364
153.45000000000002,1599.4178659442139,12.733153595694166,45.839352944499
153.5,1600.0556136863302,12.776756088958443,45.996321920250395
153.55,1600.6955578404677,12.82101007653911,46.1556362755408
153.60000000000002,1601.3377269057912,12.865752536402413,46.31670913104869
153.65,1601.9821454683492,12.910989965921404,46.479563877317055
153.70000000000002,1602.6288443046165,12.956963484767252,46.64506854516211
153.75,1603.2778595106906,13.003644758200343,46.813121129521235
153.8,1603.9292215803575,13.050838028478678,46.98301690252324
153.85000000000002,1604.5829521199485,13.098383555154127,47.15418079855486
153.9,1605.2390650643028,13.14613421902099,47.326083188475565
153.95000000000002,1605.8975681774075,13.193990305166572,47.49836509859966
154.0,1606.5584667811022,13.241953842625772,47.67103383345278
154.05,1607.2217657717133,13.290005781816639,47.8440208145399
154.10000000000002,1607.8874696323683,13.338148644383956,48.017335119782246
154.15,1608.5555824454652,13.386363879491352,48.19090996616887
154.20000000000002,1609.2261052231797,13.434547229087634,48.364370024715484
154.25,1609.8990337646048,13.48259442791223,48.53733994048403
154.3,1610.5743608753694,13.53049000267288,48.70976400962237
154.35000000000002,1611.2520834486688,13.57841292930856,48.882286545510816
154.4,1611.9322047833875,13.626440459436834,49.0551856539726
154.45000000000002,1612.6147254569419,13.67438648273654,49.22779133785155
154.5,1613.299639819474,13.722188018546856,49.39987686676868
154.55,1613.9869399169777,13.76981588160675,49.5713371737843
154.60000000000002,1614.676617549466,13.81728941792868,49.74224190454325
154.65,1615.3686664813638,13.864667857979619,49.912804288726626
154.70000000000002,1616.0630804576242,13.911891192434865,50.08280829276551
154.75,1616.7598508991955,13.958926470417433,50.25213529350276
154.8,1617.4589732606446,14.0059679875455,50.4214847551638
154.85000000000002,1618.1604499829116,14.053100903134204,50.591163251283135
154.9,1618.864283345521,14.100233601244174,50.76084096447903
154.95000000000002,1619.5704741760471,14.147399619804617,50.930638631296624
155.0,1620.2790246706402,14.194620163915049,51.10063259009418
155.05,1620.9899353212302,14.241805859681145,51.27050109485212
155.10000000000002,1621.7032020300308,14.288862492341437,51.439904972429176
155.15,1622.4188177448775,14.33576610153045,51.60875796550962
155.20000000000002,1623.13677296304,14.382442624967034,51.776793449881325
155.25,1623.8570532611848,14.428769300829138,51.9435694829849
155.3,1624.5796411443655,14.47474602639855,52.109085695034786
155.35000000000002,1625.3045178368868,14.520321674453042,52.27315802803095
155.4,1626.0316630831107,14.565488174500098,52.435757428200354
155.45000000000002,1626.7610627673619,14.610499195542289,52.59779710395224
155.5,1627.4927142938834,14.655561865319964,52.76002271515187
155.55,1628.226618964585,14.700624962739152,52.92224986586095
155.60000000000002,1628.9627772870344,14.745707935236151,53.084548566850145
155.65,1629.7011930184865,14.79092132284148,53.24731676222933
155.70000000000002,1630.44187086968,14.836192724901494,53.41029380964538
155.75,1631.1848115995444,14.881436469671979,53.573171290819126
155.8,1631.9300079586178,14.926417893264635,53.73510441575269
155.85000000000002,1632.6774463742834,14.971118733358008,53.89602744008883
155.9,1633.427115397158,15.015642181629119,54.05631185386483
155.95000000000002,1634.1790023419055,15.059835608271694,54.2154081897781
156.0,1634.9330886575067,15.10361701577851,54.37302125680264
156.05,1635.6893498109914,15.146829123606812,54.52858484498452
156.10000000000002,1636.4477610389135,15.18961999327847,54.682631975802494
156.15,1637.2083043805753,15.232113673194746,54.83560922350109
156.20000000000002,1637.970959881657,15.274106370072744,54.98678293226188
156.25,1638.7356991734302,15.315465300851155,55.13567508306416
156.3,1639.5024934596715,15.356306148800003,55.28270213568001
156.35000000000002,1640.2713151426517,15.396561170407466,55.42762021346688
156.4,1641.0421277933606,15.435944857947426,55.56940148861074
156.45000000000002,1641.8148792477714,15.474113318488492,55.70680794655857
156.5,1642.5895026812682,15.510824021381225,55.83896647697241
156.55,1643.3659287946443,15.54622051366392,55.96639384919011
156.60000000000002,1644.1440912497915,15.580277692224442,56.088999692007995
156.65,1644.923914661848,15.612658790028359,56.20557164410209
156.70000000000002,1645.7053140628013,15.643317248104474,56.315942093176105
156.75,1646.4882053886868,15.672335787316785,56.42040883434043
156.8,1647.272511805326,15.699920878255972,56.5197151617215
156.85000000000002,1648.0581611066668,15.726051175378245,56.613784231361684
156.9,1648.8450777497794,15.750614549129214,56.70221237686517
156.95000000000002,1649.633185534272,15.77369683057135,56.78530859005686
157.0,1650.422413246004,15.795411638716606,56.863481899379785
157.05,1651.212689870414,15.815653337682186,56.93635201565587
157.10000000000002,1652.0039379544037,15.834270021909294,57.00337207887346
157.15,1652.796075213925,15.851220358945605,57.06439329220418
157.20000000000002,1653.5890221477152,15.86665699266553,57.11996517359591
157.25,1654.38270487991,15.880652295125564,57.17034826245203
157.3,1655.1770496756244,15.893139533448275,57.21530232041379
157.35000000000002,1655.9719844411447,15.904251087363537,57.25530391450874
157.4,1656.767447385702,15.914266694931289,57.291360101752645
157.45000000000002,1657.5633864014044,15.9232939331632,57.32385815938752
157.5,1658.3597506142048,15.931274578851086,57.35258848386391
157.55,1659.1564879494488,15.938218830907346,57.37758779126644
157.60000000000002,1659.95354649154,15.94412285273862,57.39884226985903
157.65,1660.7508786235774,15.94916242875243,57.41698474350875
157.70000000000002,1661.5484430167605,15.953413298572348,57.43228787486046
157.75,1662.3461998760968,15.956861074876672,57.44469986955602
157.8,1663.1441074433776,15.959441616354539,57.453989818876344
157.85000000000002,1663.9421216871897,15.961128136129993,57.460061290067976
157.9,1664.7401932722164,15.96173526493618,57.462246953770254
157.95000000000002,1665.5382622068935,15.961022122142381,57.459679639712576
158.0,1666.3362577330595,15.95879892449868,57.45167612819525
158.05,1667.1341057409106,15.955121389546402,57.43843700236705
158.10000000000002,1667.9317311710695,15.949895816805704,57.41962494050053
158.15,1668.7290522759608,15.942948378847923,57.39461416385252
158.20000000000002,1669.5259814956307,15.934220407944967,57.36319346860188
158.25,1670.322430121857,15.923724641104997,57.32540870797799
158.3,1671.1183119684565,15.91154922287631,57.28157720235472
158.35000000000002,1671.9135505862457,15.897995488689553,57.23278375928239
158.4,1672.7080818507907,15.883255093110694,57.1797183351985
158.45000000000002,1673.5018506769648,15.867497953854489,57.12299263387616
158.5,1674.294809548646,15.85085691339525,57.063084888222896
158.55,1675.086918012594,15.833481644523758,57.00053392028553
158.60000000000002,1675.8781439337386,15.815555201255613,56.93599872452021
158.65,1676.6684675913987,15.79739110514642,56.87060797852712
158.70000000000002,1677.4578859664036,15.779343895049955,56.80563802217984
158.75,1678.2464154213746,15.761834303789092,56.74260349364073
158.8,1679.0340878870463,15.745064323075486,56.68223156307175
158.85000000000002,1679.820948162318,15.729346687793583,56.625648076056905
158.9,1680.6070545873004,15.714910311503724,56.573677121413404
158.95000000000002,1681.3924724901822,15.701805803772753,56.52650089358191
159.0,1682.1772708786243,15.690129733913437,56.484467042088376
159.05,1682.9615240778319,15.679998234389027,56.447993643800494
159.10000000000002,1683.745307085864,15.671322086891784,56.41675951281042
159.15,1684.5286900831327,15.663997803858809,56.39039209389171
159.20000000000002,1685.3117388026003,15.657950974841413,56.368623509429085
159.25,1686.0945125284923,15.65299806083819,56.35079301901749
159.3,1686.8770609108908,15.64893723510282,56.336174046370154
159.35000000000002,1687.6594240666668,15.645588995941836,56.32412038539061
159.4,1688.4416323154082,15.642740953715759,56.313867433376736
159.45000000000002,1689.2237028586824,15.64008077725256,56.30429079810922
159.5,1690.0056375994664,15.63730885410365,56.294311874773136
159.55,1690.7874270129073,15.63426768353101,56.28336366071164
159.60000000000002,1691.5690532562135,15.630782048711986,56.27081537536315
159.65,1692.3504904749573,15.626706701036888,56.256144123732795
159.70000000000002,1693.131709914078,15.6220708637935,56.2394551096566
159.75,1693.9126860650304,15.616975174298993,56.22111062747638
159.8,1694.6933971318706,15.611467499315099,56.201282997534356
159.85000000000002,1695.473827330421,15.605740442699341,56.18066559371763
159.9,1696.25396976819,15.599957068063933,56.15984544503016
159.95000000000002,1697.033822550304,15.594154216494118,56.138955179378826
160.0,1697.8133850956106,15.588347595767498,56.118051344762996
160.05,1698.59266045461,15.582666764215674,56.097600351176425
160.10000000000002,1699.3716570392605,15.577196621799825,56.07790783847937
160.15,1700.150386807421,15.571994104616856,56.05917877662068
160.20000000000002,1700.9288655016787,15.567153665687771,56.04175319647597
160.25,1701.7071127118375,15.562734740663004,56.025845066386815
160.3,1702.485150372717,15.5587716945169,56.01157810026084
160.35000000000002,1703.2630030255114,15.555334417254443,55.999203902115994
160.4,1704.040701335968,15.55259800100493,55.98935280361775
160.45000000000002,1704.8182810983049,15.55059249247002,55.982132972892074
160.5,1705.59577960124,15.549347624940513,55.977651449785846
160.55,1706.3732357146475,15.54889691135682,55.976028880884556
160.60000000000002,1707.1506865446015,15.549136286805458,55.976890632499654
160.65,1707.9281625621222,15.549904414022722,55.9796558904818
160.70000000000002,1708.7056877392095,15.551102669467792,55.98396961008405
160.75,1709.4832808108429,15.55262019586618,55.98943270511825
160.8,1710.2609526448045,15.55425316259678,55.99531138534841
160.85000000000002,1711.0387066466142,15.555906909788511,56.00126487523864
160.9,1711.8165398993892,15.557423201211048,56.00672352435977
160.95000000000002,1712.5944402896805,15.558592410442076,56.01093267759148
161.0,1713.3723882824006,15.559327298359431,56.01357827409395
161.05,1714.1503652499327,15.55975140292944,56.01510505054598
161.10000000000002,1714.9283610959767,15.56008243882627,56.01629677977458
161.15,1715.7063739183413,15.560430455761663,56.01754964074199
161.20000000000002,1716.4844083778062,15.56094792283163,56.01941252219387
161.25,1717.262474979741,15.561716154558358,56.02217815641009
161.3,1718.0405848509013,15.562678691851538,56.025643290665535
161.35000000000002,1718.818746454671,15.563785458944395,56.02962765219982
161.4,1719.5969662642628,15.56500692472639,56.034024929015004
161.45000000000002,1720.375245942982,15.566180224038712,56.038248806539364
161.5,1721.1535789851189,15.567141461439604,56.041709261182575
161.55,1721.931953309786,15.567831525247765,56.044193490891956
161.60000000000002,1722.7103517072046,15.568104371495403,56.04517573738345
161.65,1723.4887504956173,15.567847165015023,56.04424979405408
161.70000000000002,1724.2671257127124,15.567161518786293,56.041781467630656
161.75,1725.0454617944251,15.566281749723224,56.038614299003605
161.8,1725.8237529615235,15.565364934214216,56.03531376317118
161.85000000000002,1726.6020008089083,15.564548961175465,56.03237626023167
161.9,1727.3802134455184,15.56395650322603,56.03024341161371
161.95000000000002,1728.1584025531185,15.563607800780524,56.02898808280989
162.0,1728.936579089553,15.56345365660578,56.02843316378081
162.05,1729.7147512285137,15.563431901818571,56.02835484654686
162.10000000000002,1730.4929234290796,15.563456120815577,56.02844203493608
162.15,1731.2710959836324,15.563446061297846,56.02840582067225
162.20000000000002,1732.0492658474168,15.56334849007811,56.02805456428119
162.25,1732.8274273868744,15.563113088231315,56.027207117632734
162.3,1733.6055716968626,15.562659311296287,56.02557352066663
162.35000000000002,1734.3836870368536,15.561954288340832,56.023035438026994
162.4,1735.1617632880905,15.561095761129224,56.019944740065206
162.45000000000002,1735.9397941605316,15.560139136514163,56.01650089145099
162.5,1736.717777067726,15.55917715126049,56.01303774453777
162.55,1737.4957156438077,15.558365892007618,56.010117211227424
162.60000000000002,1738.273620250763,15.557818386209416,56.0081461903539
162.65,1739.0515018387882,15.557445134799188,56.00680248527708
162.70000000000002,1739.8293667644346,15.557151891057655,56.00574680780756
162.75,1740.6072170151274,15.556858136652687,56.004689291949674
162.8,1741.3850502202417,15.556470067923067,56.003292244523045
162.85000000000002,1742.162860851573,15.555955185323537,56.001438667164734
162.9,1742.940642909767,15.555327142431544,55.99917771275356
162.95000000000002,1743.7183897478355,15.55454638031362,55.996366969129035
163.0,1744.49609243747,15.553561205066842,55.992820338240634
163.05,1745.2737414300125,15.552398496635888,55.9886345878892
163.10000000000002,1746.0513298278659,15.551137417496584,55.984094702987704
163.15,1746.8288541348613,15.549834862318741,55.97940550434747
163.20000000000002,1747.6063161758238,15.548646776179279,55.9751283942454
163.25,1748.3837248657076,15.547700819171956,55.97172294901904
163.3,1749.161091888611,15.54698009696654,55.96912834907954
163.35000000000002,1749.9384245517654,15.546326429201741,55.96677514512627
163.4,1750.7157244526163,15.545669604840288,55.96441057742504
163.45000000000002,1751.492990183964,15.544959649059074,55.961854736612665
163.5,1752.2702178279135,15.544146108924492,55.95892599212817
163.55,1753.0474022656153,15.543231399148652,55.95563303693515
163.60000000000002,1753.824538740345,15.542227590038115,55.95201932413721
163.65,1754.6016221111422,15.541107241851408,55.947986070665074
163.70000000000002,1755.378647073477,15.539891251535364,55.94360850552731
163.75,1756.1556105200202,15.53864661019248,55.93912779669293
163.8,1756.9325124003494,15.537428602979718,55.93474297072699
163.85000000000002,1757.7093553601578,15.536289789356132,55.93064324168208
163.9,1758.4861445926722,15.535279511220265,55.927006240392956
163.95000000000002,1759.2628862516256,15.534386846910845,55.923792648879044
164.0,1760.0395847335437,15.533552429814272,55.92078874733138
164.05,1760.8162425058345,15.532758461812445,55.91793046252481
164.10000000000002,1761.5928609483692,15.531979239573431,55.91512526246435
164.15,1762.3694397576605,15.531173132078255,55.91222327548172
164.20000000000002,1763.14597760495,15.53034075950227,55.909226734208175
164.25,1763.9224740965922,15.52951890618242,55.90626806225671
164.3,1764.6989303213606,15.528730084553626,55.90342830439305
164.35000000000002,1765.4753485932745,15.528000791999919,55.90080285119971
164.4,1766.2517333218639,15.527388351578049,55.89859806568098
164.45000000000002,1767.0280906844985,15.52690615380206,55.896862153687415
164.5,1767.8044264053667,15.526522680927307,55.89548165133831
164.55,1768.5807442331752,15.52619043140952,55.89428555307427
164.60000000000002,1769.3570460604317,15.525882658849333,55.8931775718576
164.65,1770.1333325436804,15.52557667110191,55.89207601596687
164.70000000000002,1770.9096031166355,15.525246247105208,55.890886489578754
164.75,1771.6858565252385,15.524890097017327,55.88960434926238
164.8,1772.4620902486427,15.524458839153027,55.8880518209509
164.85000000000002,1773.238299901997,15.52392729501388,55.88613826204997
164.9,1774.0144819019843,15.523352704476114,55.884069736114014
164.95000000000002,1774.7906355512328,15.522793265464518,55.88205575567227
165.0,1775.5667621263967,15.522269741090426,55.88017106792554
165.05,1776.342863810441,15.521797620678015,55.878471434440854
165.10000000000002,1777.1189436291031,15.521395125808352,55.87702245291007
165.15,1777.89500442951,15.52103689046369,55.87573280566929
165.20000000000002,1778.6710480286463,15.520707074987858,55.87454546995629
165.25,1779.447076223063,15.520420701686213,55.873514526070366
165.3,1780.2230915625998,15.520192879787716,55.87269436723578
165.35000000000002,1780.9990962170086,15.519993296565257,55.87197586763493
165.4,1781.7750902684832,15.519768762412383,55.87116754468458
165.45000000000002,1782.5510718119112,15.519492974707621,55.87017470894744
165.5,1783.3270376523053,15.519140641052216,55.86890630778798
165.55,1784.1029839916084,15.518712931077033,55.86736655187732
165.60000000000002,1784.8789073665214,15.518222065439943,55.865599435583796
165.65,1785.6548045111765,15.517663720769203,55.863589394769136
165.70000000000002,1786.4306726206696,15.51706065895934,55.861418372253624
165.75,1787.2065100372333,15.5164360035862,55.85916961291032
165.8,1787.982315362683,15.515777014401475,55.856797251845315
165.85000000000002,1788.7580864006823,15.515064505565554,55.854232220035996
165.9,1789.533820731411,15.514308723584355,55.851511404903675
165.95000000000002,1790.3095162988218,15.513513972845464,55.84865030224367
166.0,1791.0851704105671,15.51265049696866,55.84554178908718
166.05,1791.8607791992379,15.511701049857496,55.84212377948699
166.10000000000002,1792.6363386336882,15.510676328158151,55.838434781369344
166.15,1793.4118458221571,15.509611210598958,55.83460035815625
166.20000000000002,1794.1872991195764,15.508520686168623,55.83067447020704
166.25,1794.9626975592707,15.507416901606046,55.826700845781765
166.3,1795.738041689212,15.506348296044415,55.822853865759896
166.35000000000002,1796.5133344338658,15.50536149011172,55.81930136440219
166.4,1797.2885808194926,15.504493934958388,55.8161781658502
166.45000000000002,1798.0637866468708,15.503739160165324,55.81346097659517
166.5,1798.8389565829818,15.503058284281078,55.81100982341188
166.55,1799.6140941874212,15.502445893293718,55.80880521585738
166.60000000000002,1800.3892027055392,15.501894831430917,55.8068213931513
166.65,1801.1642848388383,15.50139050053445,55.80500580192402
166.70000000000002,1801.9393432666755,15.500946612956609,55.80340780664379
166.75,1802.7143798152485,15.500515329967024,55.80185518788129
166.8,1803.4893943207312,15.500064889335324,55.80023360160717
166.85000000000002,1804.2643862236666,15.499611228082573,55.79860042109726
166.9,1805.0393551570353,15.499146106664606,55.79692598399258
166.95000000000002,1805.8143006097168,15.498672000596741,55.79521920214827
167.0,1806.589222992363,15.498223305248276,55.79360389889379
167.05,1807.3641234873787,15.497796495380722,55.7920673833706
167.10000000000002,1808.1390034250173,15.497401010163948,55.79064363659021
167.15,1808.9138647624702,15.497052487948155,55.78938895661336
167.20000000000002,1809.6887099038827,15.496753168546293,55.78831140676666
167.25,1810.4635411999325,15.49649867344425,55.787395224399305
167.3,1811.238360431103,15.496270573374552,55.78657406414839
167.35000000000002,1812.0131690951002,15.49607598651243,55.78587355144475
167.4,1812.7879689616652,15.495918676087694,55.7853072339157
167.45000000000002,1813.5627602800591,15.495734059671912,55.784642614818885
167.5,1814.3375415798162,15.49551793060608,55.78386455018189
167.55,1815.112312022698,15.49529978467172,55.783079224818195
167.60000000000002,1815.8870714999825,15.495079306708558,55.782285504150806
167.65,1816.661819970913,15.494859530508476,55.781494309830514
167.70000000000002,1817.4365576381008,15.494647157005671,55.780729765220414
167.75,1818.211284853252,15.494441449042416,55.7799892165527
167.8,1818.9860025289684,15.494265579608788,55.77935608659164
167.85000000000002,1819.7607121022486,15.494117351604881,55.77882246577757
167.9,1820.53541400926,15.493958928847924,55.77825214385253
167.95000000000002,1821.3101071378726,15.493766215652869,55.77755837635033
168.0,1822.0847894855701,15.49352769224834,55.77669969209403
168.05,1822.85945841449,15.49322946454612,55.77562607236603
168.10000000000002,1823.6341108789456,15.49286911367518,55.77432880923065
168.15,1824.4087433605625,15.492430151002228,55.772748543608024
168.20000000000002,1825.1833514494251,15.491893403497752,55.77081625259191
168.25,1825.9579299149475,15.491245217393857,55.76848278261789
168.3,1826.7324725889225,15.49046174160697,55.76566226978509
168.35000000000002,1827.5069744231862,15.48961162893922,55.76260186418119
168.4,1828.2814335353155,15.488752856229034,55.75951028242452
168.45000000000002,1829.0558495635064,15.487888271410158,55.75639777707657
168.5,1829.8302227453737,15.487039003281634,55.75334041181388
168.55,1830.6045543679456,15.486225899596391,55.75041323854701
168.60000000000002,1831.378846721476,15.485468241623629,55.74768566984506
168.65,1832.1531032268424,15.484791973031506,55.74525110291342
168.70000000000002,1832.9273279381407,15.48419647890321,55.74310732405156
168.75,1833.7015249544618,15.483684173937792,55.74126302617606
168.8,1834.4756975888088,15.483221199944001,55.73959631979841
168.85000000000002,1835.2498472792863,15.48276641916139,55.737959108981
168.9,1836.0239737554516,15.482292627446151,55.73625345880615
168.95000000000002,1836.798075536421,15.481778611329538,55.73440300078634
169.0,1837.5721509861544,15.481239378007,55.7324617608252
169.05,1838.346200759772,15.480751566701315,55.73070564012473
169.10000000000002,1839.1202266316304,15.480283307634597,55.72901990748455
169.15,1839.8942290824166,15.479814723814155,55.727333005730955
169.20000000000002,1840.668208938804,15.479379531679827,55.72576631404738
169.25,1841.4421682134139,15.47899145271816,55.72436922978538
169.3,1842.2161095978968,15.478663926601097,55.72319013576395
169.35000000000002,1842.9900359740357,15.478391118954452,55.722208028236025
169.4,1843.7639493737872,15.478144871104172,55.72132153597502
169.45000000000002,1844.5378505570463,15.477902459256999,55.720448853325195
169.5,1845.311738496651,15.477615124929772,55.71941444974718
169.55,1846.0856108633902,15.477279544633458,55.71820636068045
169.60000000000002,1846.8594660755614,15.476928942212524,55.71694419196509
169.65,1847.6333036259584,15.476573073672654,55.715663065221555
169.70000000000002,1848.407122918215,15.476198616590633,55.71431501972628
169.75,1849.1809234061566,15.475820901075974,55.71295524387351
169.8,1849.954705359266,15.475457223296363,55.71164600386691
169.85000000000002,1850.728470900364,15.475164420623763,55.71059191424555
169.9,1851.5022247610284,15.4749900059504,55.70996402142144
169.95000000000002,1852.2759732963607,15.474951407340486,55.70982506642575
170.0,1853.0497230948704,15.475040533043899,55.710145918958034
170.05,1853.8234793665933,15.475210335872884,55.710757209142386
170.10000000000002,1854.597245298641,15.475426946032833,55.7115370057182
170.15,1855.3710228027196,15.475673217112703,55.712423581605734
170.20000000000002,1856.1448127546928,15.475924861815914,55.71332950253729
170.25,1856.9186150579544,15.476167268652505,55.71420216714902
170.3,1857.692428329022,15.476363574052463,55.71490886658887
170.35000000000002,1858.4662478870603,15.476418747480285,55.71510749092903
170.4,1859.2400664385664,15.476323312767116,55.71476392596162
170.45000000000002,1860.013877682044,15.476126426344072,55.71405513483866
170.5,1860.7876772414754,15.475855950909846,55.71308142327545
170.55,1861.561461817791,15.475527101712345,55.711897566164446
170.60000000000002,1862.3352288222154,15.4751530752648,55.71055107095328
170.65,1863.1089767330764,15.47476335916928,55.70914809300941
170.70000000000002,1863.8827056851685,15.474394724512209,55.707821008243954
170.75,1864.6564157537755,15.474008019767652,55.706428871163546
170.8,1865.4301063528615,15.473615943670092,55.70501739721233
170.85000000000002,1866.2037774577648,15.473228252464432,55.70362170887196
170.9,1866.9774284229206,15.472810353766162,55.70211727355819
170.95000000000002,1867.7510569490903,15.472330693019398,55.700390494869836
171.0,1868.5246592436592,15.471761089740502,55.69833992306581
171.05,1869.2982302363137,15.47107861643895,55.69588301918022
171.10000000000002,1870.0717653169568,15.470324609289221,55.6931685934412
171.15,1870.845260996177,15.469502559520674,55.690209214274425
171.20000000000002,1871.6187135521448,15.468599679185193,55.6869588450667
171.25,1872.3921194244833,15.46763521435675,55.6834867716843
171.3,1873.1654771060387,15.46667204785713,55.68001937228567
171.35000000000002,1873.9387870078283,15.465724023724828,55.67660648540938
171.4,1874.712049637831,15.46478117637647,55.673212234955294
171.45000000000002,1875.4852642411095,15.46380295476855,55.66969063716678
171.5,1876.258429218965,15.462796159450173,55.66606617402062
171.55,1877.0315421301057,15.46172028618,55.662193030248005
171.60000000000002,1877.8045986662935,15.460541161330486,55.65794818078975
171.65,1878.5775938025276,15.459264288034031,55.65335143692251
171.70000000000002,1879.3505227299931,15.457892810587147,55.64841411811373
171.75,1880.1233806750336,15.456424991032147,55.64312996771573
171.8,1880.8961627529109,15.45485812405768,55.63748924660765
171.85000000000002,1881.6688637160883,15.453180403037642,55.63144945093551
171.9,1882.4414791249449,15.451435951224862,55.625169424409506
171.95000000000002,1883.214007976231,15.44971810022251,55.61898516080104
172.0,1883.986453565502,15.448105470614909,55.61317969421367
172.05,1884.7588215484686,15.446613848049441,55.607809852977994
172.10000000000002,1885.5311190333414,15.445285546862248,55.6030279687041
172.15,1886.3033551035435,15.444157261226154,55.598966140414156
172.20000000000002,1887.0755398050514,15.443230799091577,55.59563087672968
172.25,1887.8476826123067,15.442481491118102,55.592933368025164
172.3,1888.619792727778,15.441923127740559,55.59092325986601
172.35000000000002,1889.3918799003047,15.44156377332695,55.58962958397702
172.4,1890.1639530476955,15.441362122305785,55.58890364030083
172.45000000000002,1890.9360190995276,15.441279950981794,55.58860782353446
172.5,1891.708082827273,15.441269158834821,55.58856897180536
172.55,1892.4801478809218,15.441332987117683,55.58879875362366
172.60000000000002,1893.2522178389565,15.441465334270692,55.58927520337449
172.65,1894.0242962750378,15.441672108984179,55.59001959234305
172.70000000000002,1894.796386282085,15.44192817289873,55.590941422435435
172.75,1895.5684901840061,15.442227903943802,55.59202045419769
172.8,1896.3406096915178,15.442552396523592,55.593188627484935
172.85000000000002,1897.1127454559949,15.442878182554747,55.59436145719709
172.9,1897.8848962289183,15.4431527343787,55.59534984376332
172.95000000000002,1898.657059209907,15.443366505172008,55.59611941861923
173.0,1899.4292320750662,15.443548101195923,55.596773164305326
173.05,1900.2014134027665,15.443705006814831,55.59733802453339
173.10000000000002,1900.9736013240392,15.4438118440942,55.59772263873912
173.15,1901.7457933341009,15.44386855837498,55.59792681014993
173.20000000000002,1902.5179873206334,15.443890902923906,55.59800725052606
173.25,1903.2901829071056,15.443932555963084,55.5981572014671
173.3,1904.0623810731404,15.443994085429573,55.598378707546466
173.35000000000002,1904.8345827750254,15.44407398996853,55.59866636388671
173.4,1905.6067893136378,15.444187554530641,55.59907519631031
173.45000000000002,1906.3790030749992,15.44436289992344,55.599706439724386
173.5,1907.151227222545,15.444603001907566,55.60057080686724
173.55,1907.9234645109684,15.44488853502525,55.6015987260909
173.60000000000002,1908.6957164480857,15.445188949661803,55.602680218782496
173.65,1909.467983933567,15.445510469586164,55.60383769051019
173.70000000000002,1910.2402680207845,15.445853019111215,55.605070868800375
173.75,1911.0125689035601,15.446182291918914,55.60625625090809
173.8,1911.7848847672112,15.44645225412504,55.607228114850145
173.85000000000002,1912.5572121732855,15.446643988850782,55.607918359862815
173.9,1913.3295468401338,15.446742685081267,55.60827366629256
173.95000000000002,1914.1018839824133,15.446743006095572,55.60827482194406
174.0,1914.8742182554222,15.446627914263665,55.60786049134919
174.05,1915.6465432401935,15.446371476585977,55.606937315709516
174.10000000000002,1916.4188521732444,15.44598584544784,55.60554904361223
174.15,1917.1911389768177,15.445486297481263,55.60375067093255
174.20000000000002,1917.963398491603,15.444894293929977,55.601619458147916
174.25,1918.7356262934447,15.444217779741495,55.59918400706938
174.3,1919.5078189753276,15.443489495577413,55.59656218407869
174.35000000000002,1920.279974683748,15.442738841235233,55.59385982844684
174.4,1921.0520938848526,15.442029202948989,55.59130513061636
174.45000000000002,1921.824179669507,15.441402183224852,55.58904785960947
174.5,1922.5962370269817,15.440892115765049,55.587211616754175
174.55,1923.368272360778,15.440521236091934,55.585876449930964
174.60000000000002,1924.1402926629842,15.4402908521566,55.58504706776376
174.65,1924.912304358269,15.440176959236652,55.584637053251946
174.70000000000002,1925.6843131136025,15.440173254102945,55.5846237147706
174.75,1926.4563241745896,15.440269185382583,55.5849690673773
174.8,1927.228342176612,15.440450895516644,55.58562322385992
174.85000000000002,1928.0003719212623,15.440738890493837,55.586660005777816
174.9,1928.7724189374383,15.441141756549449,55.588110323578015
174.95000000000002,1929.5444887759468,15.441651783790519,55.58994642164587
175.0,1930.3165865956,15.442261002341937,55.592139608430976
175.05,1931.0887170518993,15.442957249623898,55.59464609864604
175.10000000000002,1931.860884536053,15.443742116523373,55.59747161948414
175.15,1932.6330933378192,15.444609954124893,55.600595834849614
175.20000000000002,1933.405346760745,15.445526962904552,55.60389706645639
175.25,1934.1776457940455,15.446434369110941,55.607163728799385
175.3,1934.9499876948166,15.447241661738353,55.610069982258075
175.35000000000002,1935.722366114551,15.4478951276371,55.61242245949356
175.4,1936.4947728465124,15.448374150820975,55.61414694295551
175.45000000000002,1937.2671984526435,15.448650094420707,55.61514033991455
175.5,1938.0396333916028,15.448747463955428,55.61549087023954
175.55,1938.8120702640965,15.448727435796421,55.615418768867116
175.60000000000002,1939.5845038918446,15.448617674130265,55.615023626868954
175.65,1940.3569312212614,15.448475502542546,55.61451180915317
175.70000000000002,1941.129351818101,15.448348371041401,55.61405413574904
175.75,1941.9017670027931,15.448259016640039,55.61373245990414
175.8,1942.674179727362,15.448249966112915,55.61369987800649
175.85000000000002,1943.4465950653491,15.44836355338117,55.61410879217222
175.9,1944.2190191645263,15.448600413711207,55.61496148936035
175.95000000000002,1944.991457150907,15.44891904151608,55.616108549457884
176.0,1945.7639114706178,15.449253746914316,55.61731348889154
176.05,1946.5363824654376,15.4495860458761,55.61850976515396
176.10000000000002,1947.3088692124074,15.449883832923838,55.61958179852582
176.15,1948.0813694503606,15.450125685206466,55.62045246674328
176.20000000000002,1948.8538812960605,15.450348142790425,55.62125331404553
176.25,1949.6264045922985,15.450583706728377,55.62210134422216
176.3,1950.398939996886,15.450832476768328,55.622996916365985
176.35000000000002,1951.1714892456034,15.451137471933079,55.624094898959086
176.4,1951.944055476722,15.45151177281095,55.62544238211942
176.45000000000002,1952.7166411770856,15.451916241737635,55.62689847025549
176.5,1953.4892479966968,15.452356542708774,55.628483553751586
176.55,1954.2618778258827,15.452836624730125,55.63021184902845
176.60000000000002,1955.0345324082411,15.453346669605091,55.63204801057833
176.65,1955.8072127309492,15.453866238715563,55.63391845937603
176.70000000000002,1956.5799185831797,15.45436785050845,55.635724261830426
176.75,1957.3526481887,15.454816370299124,55.63733893307685
176.8,1958.125397836335,15.455169535097138,55.6386103263497
176.85000000000002,1958.8981626254943,15.45542203127329,55.63951931258384
176.9,1959.670938594958,15.455616747276498,55.640220290195394
176.95000000000002,1960.4437238477333,15.455793363731354,55.640856109432875
177.0,1961.2165184677701,15.455991437742616,55.64156917587342
177.05,1961.9893240816764,15.456233118504397,55.64243922661583
177.10000000000002,1962.7621419961256,15.456483459459992,55.64334045405597
177.15,1963.5349719657181,15.456715324242847,55.64417516727425
177.20000000000002,1964.3078134842508,15.45694541706371,55.64500350142936
177.25,1965.0806665866799,15.4571786800988,55.64584324835568
177.3,1965.8535320586575,15.457440199010861,55.6467847164391
177.35000000000002,1966.6264118252805,15.457750465905214,55.64790167725877
177.4,1967.399308507445,15.458116820678418,55.64922055444231
177.45000000000002,1968.172224380426,15.458518098560615,55.65066515481821
177.5,1968.9451607395936,15.45893626813901,55.65217056530044
177.55,1969.718118966266,15.459392798756369,55.65381407552293
177.60000000000002,1970.4911005961642,15.459872397172113,55.655540629819605
177.65,1971.2641055774973,15.460326856154254,55.65717668215532
177.70000000000002,1972.0371313762068,15.460705092228388,55.6585383320222
177.75,1972.8101721047103,15.460924047909483,55.65932657247414
177.8,1973.5832176283525,15.460896897779854,55.65922883200748
177.85000000000002,1974.3562545731495,15.46058089410042,55.65809121876151
177.9,1975.129267971499,15.459955039885916,55.6558381435893
177.95000000000002,1975.9022419849077,15.45900549646339,55.65241978726821
178.0,1976.675161796369,15.457786961979284,55.648033063125425
178.05,1977.4480156467698,15.45636705406009,55.64292139461632
178.10000000000002,1978.2207951040994,15.454811239117628,55.63732046082346
178.15,1978.993494563846,15.453167150752003,55.63140174270721
178.20000000000002,1979.7661107525614,15.451480397862571,55.62532943230526
178.25,1980.5386424380276,15.449787020783939,55.61923327482218
178.3,1981.3110893438998,15.448089214099022,55.61312117075648
178.35000000000002,1982.0834517257813,15.446406061165447,55.60706182019561
178.4,1982.855730703666,15.44475305422766,55.60111099521957
178.45000000000002,1983.6279277993415,15.443130772793488,55.59527078205656
178.5,1984.4000445152105,15.44153786196895,55.589536303088224
178.55,1985.1720818145764,15.439954112660445,55.5838348055776
178.60000000000002,1985.944040397215,15.43838919288413,55.57820109438287
178.65,1986.7159227751486,15.436905924459285,55.57286132805343
178.70000000000002,1987.487735059262,15.435585440073286,55.56810758426383
178.75,1988.2594862473013,15.434462081501394,55.56406349340502
178.8,1989.0311871138717,15.433572581313378,55.56086129272816
178.85000000000002,1989.8028515284698,15.433004002607781,55.55881440938801
178.9,1990.574495953627,15.432773003681497,55.55798281325339
178.95000000000002,1991.3461371525827,15.432874954545765,55.558349836364755
179.0,1992.1177905402606,15.433260552564665,55.559737989232794
179.05,1992.8894689401427,15.433875442718467,55.56195159378648
179.10000000000002,1993.6611818959414,15.434642789223602,55.56471404120497
179.15,1994.4329344620285,15.435459854256708,55.56765547532415
179.20000000000002,1995.2047271685467,15.436248406473773,55.570494263305584
179.25,1995.9765565610621,15.436927294140052,55.57293825890419
179.3,1996.7484165782942,15.43747339514331,55.57490422251592
179.35000000000002,1997.5203008037608,15.437895623524376,55.57642424468776
179.4,1998.2922026252672,15.43817723672975,55.5774380522271
179.45000000000002,1999.064115056394,15.438320008343233,55.57795203003564
179.5,1999.8360322727335,15.438368645232053,55.57812712283539
179.55,2000.607951759198,15.438410813348014,55.57827892805285
179.60000000000002,2001.3798733443912,15.438452594382994,55.57842933977878
179.65,2002.1517976263679,15.438518684680606,55.57866726485018
179.70000000000002,2002.9237263656805,15.438630887829202,55.579071196185126
179.75,2003.6956617539288,15.438784642096959,55.57962471154905
179.8,2004.4676052581724,15.438955527643397,55.58023989951623
179.85000000000002,2005.2395571265567,15.439119207732487,55.58082914783695
179.9,2006.0115172009216,15.43928376686575,55.5814215607167
179.95000000000002,2006.7834850305271,15.439429417358218,55.581945902489586
180.0,2007.5554593877055,15.439544869774043,55.58236153118656
180.05,2008.3274378716355,15.439594487425932,55.58254015473336
180.10000000000002,2009.0994166546914,15.439556834811341,55.58240460532083
180.15,2009.8713922005516,15.439464999596309,55.58207399854671
180.20000000000002,2010.6433621772287,15.43933406749327,55.581602642975774
180.25,2011.415325240091,15.439188447005726,55.581078409220616
180.3,2012.18728139272,15.439057658148474,55.58060756933451
180.35000000000002,2012.9592331660142,15.439013273622102,55.58044778503957
180.4,2013.7311859000858,15.439096089246448,55.58074592128721
180.45000000000002,2014.5031453683855,15.439282642744285,55.58141751387943
180.5,2015.275116895864,15.439578456389114,55.58248244300081
180.55,2016.0471058529972,15.439979828946239,55.58392738420646
180.60000000000002,2016.8191172188963,15.440474807011743,55.585709305242275
180.65,2017.5911548869697,15.441031915922773,55.58771489732198
180.70000000000002,2018.363221533473,15.441633944216925,55.58988219918093
180.75,2019.1353187945056,15.442256497079157,55.59212338948497
180.8,2019.907447661621,15.442898187536393,55.59443347513102
180.85000000000002,2020.679609191176,15.443562994659972,55.5968267807759
180.9,2021.451803728713,15.444218506815009,55.599186624534035
180.95000000000002,2022.2240306071371,15.444856630154447,55.60148386855601
181.0,2022.9962897267499,15.445508154354787,55.603829355677235
181.05,2023.7685828937479,15.446218525567343,55.606386692042435
181.10000000000002,2024.5409133284431,15.44699886224575,55.6091959040847
181.15,2025.3132844091733,15.44784436696175,55.6122397210623
181.20000000000002,2026.0856984158538,15.448715900257746,55.615377240927884
181.25,2026.858155890901,15.449583101623384,55.618499165844185
181.3,2027.6306555283963,15.450402398198722,55.6214486335154
181.35000000000002,2028.4031944837889,15.451155817500245,55.62416094300088
181.4,2029.175769249619,15.451834815703497,55.62660533653259
181.45000000000002,2029.9483756419595,15.452420877917076,55.62871516050147
181.5,2030.7210073998986,15.452849439643343,55.63025798271603
181.55,2031.4936574255294,15.4531515855854,55.631345708107446
181.60000000000002,2032.266319118527,15.453316134324508,55.63193808356823
181.65,2033.0389868873494,15.45339461857413,55.63222062686687
181.70000000000002,2033.8116576838884,15.453437242983801,55.63237407474168
181.75,2034.5843301586958,15.453461749317388,55.632462297542595
181.8,2035.3570035298555,15.453473097067139,55.6325031494417
181.85000000000002,2036.1296779110166,15.453502149376803,55.632607737756494
181.9,2036.9023548727635,15.453576320492456,55.63287475377284
181.95000000000002,2037.6750378322029,15.453742057082726,55.633471405497815
182.0,2038.4477312283493,15.453993788775517,55.63437763959186
182.05,2039.2204388995945,15.454313061031797,55.63552701971447
182.10000000000002,2039.9931634961804,15.454670802407277,55.636814888666194
182.15,2040.7659061451927,15.455035158086456,55.63812656911124
182.20000000000002,2041.53866577871,15.455350182605688,55.639260657380476
182.25,2042.3114399262133,15.45561571752106,55.64021658307581
182.3,2043.0842242733843,15.455758169318038,55.64072940954494
182.35000000000002,2043.857012581563,15.455774157827863,55.64078696818031
182.4,2044.6297975605005,15.455624999676342,55.64024999883483
182.45000000000002,2045.402569175733,15.45523960963111,55.638862594672
182.5,2046.1753145846887,15.454576748598559,55.63647629495481
182.55,2046.9480200638613,15.453642418307695,55.6331127059077
182.60000000000002,2047.7206720446698,15.452436814026727,55.62877253049622
182.65,2048.4932567526785,15.450951506326042,55.62342542277376
182.70000000000002,2049.265760191265,15.449186037149945,55.617069733739804
182.75,2050.038168802616,15.447158416877219,55.60977030075799
182.8,2050.8104709679124,15.444928194971848,55.60174150189865
182.85000000000002,2051.582657480952,15.442532326614586,55.593116375812514
182.9,2052.3547201756796,15.439975462492423,55.583911664972725
182.95000000000002,2053.126651717227,15.437286199402747,55.57423031784989
183.0,2053.898448708022,15.434593432396927,55.564536356628935
183.05,2054.6701141140798,15.43202280992055,55.55528211571398
183.10000000000002,2055.441655721337,15.429641480377104,55.546709329357576
183.15,2056.2130824769906,15.427428745756853,55.53874348472467
183.20000000000002,2056.9844034233506,15.425409108637663,55.53147279109559
183.25,2057.755628069397,15.42357673322005,55.52487623959218
183.3,2058.5267659864926,15.421939950608289,55.51898382218984
183.35000000000002,2059.2978282787803,15.420551740898372,55.51398626723414
183.4,2060.0688293893404,15.419492681508753,55.510173653431515
183.45000000000002,2060.8397868164893,15.418804404456083,55.5076958560419
183.5,2061.6107184300895,15.41846013955967,55.506456502414814
183.55,2062.381639564805,15.41838524906101,55.50618689661964
183.60000000000002,2063.152562679719,15.418539347491905,55.50674165097086
183.65,2063.9234989276306,15.418910568979033,55.50807804832452
183.70000000000002,2064.6944597194224,15.419521102697125,55.51027596970965
183.75,2065.4654559534365,15.420328257863886,55.513181728309995
183.8,2066.2364956909355,15.421261242087873,55.51654047151634
183.85000000000002,2067.0075822996237,15.42220310543714,55.5199311795737
183.9,2067.778713751873,15.423054984541452,55.52299794434923
183.95000000000002,2068.5498827712254,15.423705789545075,55.52534084236227
184.0,2069.321077995481,15.424103180687773,55.526771450475984
184.05,2070.092287596802,15.424280872151787,55.527411139746434
184.10000000000002,2070.863502006521,15.42429551659458,55.527463859740486
184.15,2071.634713381843,15.424159496303892,55.52697418669401
184.20000000000002,2072.405914176774,15.423872300925956,55.52594028333344
184.25,2073.1770966046774,15.42342481521067,55.52432933475841
184.3,2073.9482529243733,15.422827972621608,55.52218070143779
184.35000000000002,2074.7193755670846,15.422077735831603,55.519479848993775
184.4,2075.49045714436,15.421185355182711,55.516267278657764
184.45000000000002,2076.2614907755737,15.420159893373143,55.512575616143316
184.5,2077.032470848571,15.419043026510614,55.508554895438216
184.55,2077.803392963245,15.417841560455507,55.50422961763983
184.60000000000002,2078.5742515220436,15.416500791473112,55.4994028493032
184.65,2079.3450391515667,15.415004389444046,55.49401580199857
184.70000000000002,2080.115748174502,15.413356527986231,55.488083500750434
184.75,2080.886372097823,15.411600404834768,55.48176145740517
184.8,2081.656906500985,15.409775721642614,55.47519259791341
184.85000000000002,2082.42734833157,15.40789750177046,55.468431006373656
184.9,2083.1976951676615,15.405975941888245,55.461513390797684
184.95000000000002,2083.9679444436915,15.403995099305888,55.454382357501196
185.0,2084.7380935514307,15.401969210252233,55.44708915690804
185.05,2085.508140953466,15.399926871167352,55.43973673620247
185.10000000000002,2086.2780868626496,15.397909496186086,55.432474186269914
185.15,2087.0479336734684,15.395962936570873,55.42546657165514
185.20000000000002,2087.817686489453,15.394149702808658,55.41893893011117
185.25,2088.5873530471526,15.392512605172442,55.413045378620794
185.3,2089.3569405998314,15.390989501983743,55.407562207141474
185.35000000000002,2090.1264532320847,15.389515788144905,55.40225683732166
185.4,2090.8958920485593,15.388036870845523,55.39693273504388
185.45000000000002,2091.6652564824217,15.386540483654645,55.391545741156726
185.5,2092.4345477348425,15.385109613170354,55.38639460741327
185.55,2093.2037700492824,15.383782964428537,55.38161867194273
185.60000000000002,2093.9729298820816,15.382610347538044,55.37739725113696
185.65,2094.7420358365616,15.381627831657898,55.37386019396843
185.70000000000002,2095.511097815427,15.380851322953283,55.371064762631825
185.75,2096.280126364149,15.380290625931462,55.36904625335326
185.8,2097.049132340434,15.37994842547392,55.367814331706114
185.85000000000002,2097.818127121718,15.379842825887232,55.367434173194034
185.9,2098.587121600173,15.379936312303808,55.36777072429371
185.95000000000002,2099.3561250144803,15.380200259996313,55.36872093598673
186.0,2100.125143602796,15.380543272640772,55.36995578150678
186.05,2100.894180421639,15.380929481074226,55.37134613186721
186.10000000000002,2101.663236737015,15.381323133959182,55.372763282253054
186.15,2102.432313933499,15.381764725404672,55.37435301145682
186.20000000000002,2103.201416104718,15.382322123374735,55.37635964414905
186.25,2103.970548411213,15.382970136401582,55.3786924910457
186.3,2104.739715143208,15.383699143398477,55.38131691623452
186.35000000000002,2105.5089190363356,15.384456581711957,55.38404369416305
186.4,2106.2781602609166,15.385192401524227,55.386692645487216
186.45000000000002,2107.0474377307087,15.385906390160972,55.389263004579504
186.5,2107.8167509988534,15.386624335631298,55.39184760827268
186.55,2108.586100523684,15.387356657591699,55.39448396733012
186.60000000000002,2109.355485564379,15.388044970213068,55.396961892767045
186.65,2110.1249037415546,15.388682116812205,55.39925562052394
186.70000000000002,2110.894352763426,15.389278758051349,55.40140352898486
186.75,2111.663831445012,15.389868505387188,55.40352661939388
186.8,2112.4333384735255,15.39041263515762,55.405485486567436
186.85000000000002,2113.2028710828563,15.39089173807689,55.407210257076805
186.9,2113.9724264094416,15.391321325326256,55.408756771174524
186.95000000000002,2114.7420026911673,15.391729943709347,55.41022779735365
187.0,2115.5116000233684,15.392163344340885,55.41178803962718
187.05,2116.281220019266,15.392636491561007,55.41349136961963
187.10000000000002,2117.050865744266,15.39319250843661,55.41549303037179
187.15,2117.8205428596457,15.393892106755835,55.41801158432101
187.20000000000002,2118.59025961186,15.394777981821369,55.421200734556926
187.25,2119.3600250308914,15.395838779439474,55.42501960598211
187.3,2120.1298470663423,15.397042638601743,55.42935349896628
187.35000000000002,2120.8997322584596,15.398365046092625,55.43411416593345
187.4,2121.6696856068847,15.399768890919335,55.439168007309604
187.45000000000002,2122.439710318226,15.401219562731459,55.444390425833255
187.5,2123.2098074759306,15.402666745450592,55.44960028362213
187.55,2123.979976312403,15.404086713447988,55.45471216841276
187.60000000000002,2124.750215795539,15.40549261199738,55.45977340319057
187.65,2125.520525142835,15.406881279848548,55.464772607454776
187.70000000000002,2126.2909048041765,15.40830517380163,55.469898625685865
187.75,2127.0613551316774,15.409707926233775,55.474948534441594
187.8,2127.831874545362,15.411068621152435,55.47984703614877
187.85000000000002,2128.6024601939143,15.41235732094444,55.48448635539999
187.9,2129.3731069992937,15.413514894232161,55.488653619235784
187.95000000000002,2130.1438074951952,15.414504941832083,55.492217790595504
188.0,2130.9145522565636,15.415285512902908,55.49502784645047
188.05,2131.685329247408,15.4157941208732,55.49685883514352
188.10000000000002,2132.4561232557953,15.415966214614784,55.49747837261322
188.15,2133.2269178824945,15.415818853355852,55.496947872081066
188.20000000000002,2133.997698203757,15.415393997135482,55.495418389687735
188.25,2134.7684513872287,15.414733341730614,55.49304003023021
188.3,2135.539166316241,15.413863818755136,55.48990974751849
188.35000000000002,2136.309832554354,15.412785705777669,55.48602854079961
188.4,2137.0804416322867,15.41157741151756,55.48167868146322
188.45000000000002,2137.85098737962,15.410252481821754,55.47690893455832
188.5,2138.621465655469,15.408878552128892,55.47196278766401
188.55,2139.391874432057,15.407472511395579,55.46690104102409
188.60000000000002,2140.1622126602188,15.406056615058155,55.46180381420936
188.65,2140.9324815620566,15.404699458464773,55.456918050473185
188.70000000000002,2141.702684720377,15.403426874354697,55.45233674767691
188.75,2142.4728263086113,15.40223665502545,55.44805195809162
188.8,2143.2429106271966,15.401136088395123,55.444089918222446
188.85000000000002,2144.0129433345405,15.400172205361075,55.44061993929987
188.9,2144.7829320735686,15.399377355765541,55.437758480755946
188.95000000000002,2145.552885792999,15.398771421453555,55.435577117232796
189.0,2146.3228137838028,15.398348210698511,55.43405355851464
189.05,2147.0927243644196,15.398075013981007,55.43307005033163
189.10000000000002,2147.8626256849966,15.397977809097222,55.43272011275
189.15,2148.6325269902654,15.398074401650433,55.43306784594156
189.20000000000002,2149.4024382635635,15.39837653027747,55.4341555089989
189.25,2150.172369247342,15.398862820863435,55.43590615510837
189.3,2150.94232868245,15.399514583460451,55.43825250045763
189.35000000000002,2151.712324745774,15.400327949496209,55.44118061818635
189.4,2152.48236452693,15.401263296740286,55.44454786826503
189.45000000000002,2153.2524529887096,15.402275174459536,55.448190628054334
189.5,2154.0225927891697,15.403316843951762,55.45194063822635
189.55,2154.792784829071,15.404364752092349,55.45571310753245
189.60000000000002,2155.5630290694967,15.40540486494221,55.45945751379195
189.65,2156.3333249686107,15.406431099624758,55.46315195864913
189.70000000000002,2157.103671329366,15.407423330597428,55.46672399015074
189.75,2157.874066088188,15.408367022290602,55.47012128024617
189.8,2158.644506876518,15.409264510905645,55.47335223926032
189.85000000000002,2159.4149909621765,15.410098915441282,55.47635609558861
189.9,2160.1855148229993,15.41085551747632,55.47907986291475
189.95000000000002,2160.956075196453,15.411559420675804,55.4816139144329
190.0,2161.726669331347,15.4122059750632,55.483941510227524
190.05,2162.497294188679,15.412788318223868,55.48603794560592
190.10000000000002,2163.267945886001,15.413279574669405,55.48780646880986
190.15,2164.038619518188,15.413665712819828,55.489196566151385
190.20000000000002,2164.809310391659,15.413969226011424,55.49028921364113
190.25,2165.58001496838,15.414213842838851,55.49116983421987
190.3,2166.3507310756704,15.414430448768325,55.49194961556597
190.35000000000002,2167.121457592669,15.414630231166637,55.4926688321999
190.4,2167.8921939342167,15.414823430744338,55.49336435067962
190.45000000000002,2168.662940321672,15.415032067476597,55.49411544291575
190.5,2169.4336980321154,15.41527635025607,55.49499486092185
190.55,2170.204469005401,15.415562581165954,55.49602529219744
190.60000000000002,2170.975255602907,15.415901319077431,55.49724474867875
190.65,2171.7460614772303,15.416333653851002,55.49880115386361
190.70000000000002,2172.51689073014,15.416836462525945,55.500611265093404
190.75,2173.287745919372,15.41737110676117,55.50253598434021
190.8,2174.0586281283304,15.417917251579139,55.5045021056849
190.85000000000002,2174.8295376154565,15.41846223346631,55.50646404047871
190.9,2175.600474162606,15.418999652516334,55.508398749058806
190.95000000000002,2176.371436784536,15.419505224677215,55.510218808837976
191.0,2177.142423691916,15.419971070529073,55.51189585390466
191.05,2177.91343286219,15.420395740428955,55.513424665544235
191.10000000000002,2178.684463309839,15.42082216553337,55.514959795920134
191.15,2179.4555162205975,15.421294264811245,55.516659353320485
191.20000000000002,2180.2265949446337,15.421854696631407,55.518676907873065
191.25,2180.997704702841,15.422535631666449,55.52112827399922
191.3,2181.7688518941745,15.423352021678479,55.52406727804252
191.35000000000002,2182.540043599434,15.424316188687165,55.52753827927379
191.4,2183.311287064534,15.425422415330335,55.53152069518921
191.45000000000002,2184.082588692474,15.426642702266681,55.535913728160054
191.5,2184.8539536401154,15.427955203384148,55.540638732182934
191.55,2185.6253854067613,15.429315462445999,55.5455356648056
191.60000000000002,2186.3968852267612,15.430677337559612,55.5504384152146
191.65,2187.168452708323,15.432021924905293,55.55527892965905
191.70000000000002,2187.9400866630403,15.43333626378358,55.56001054962089
191.75,2188.7117860188537,15.434637968753364,55.56469668751211
191.8,2189.4835507185094,15.43595001748018,55.56942006292864
191.85000000000002,2190.2553815128836,15.43728175749176,55.57421432697034
191.9,2191.027279169903,15.438624523287205,55.579048283833934
191.95000000000002,2191.7992445625164,15.439991181250171,55.58396825250062
192.0,2192.571278891286,15.441381969529939,55.588975090307784
192.05,2193.343383220191,15.442791186656368,55.594048271962926
192.10000000000002,2194.115557082152,15.444163291793663,55.598987850457185
192.15,2194.8877967913722,15.445425077008561,55.603530277230824
192.20000000000002,2195.660096447069,15.446561150864243,55.607620143111276
192.25,2196.432448176268,15.447508017084033,55.61102886150252
192.3,2197.2048425966004,15.448268796217159,55.61376766638177
192.35000000000002,2197.9772714890796,15.448886902958735,55.615992850651445
192.4,2198.7497280788753,15.44937668887073,55.61775607993463
192.45000000000002,2199.522207774561,15.449811138559246,55.61932009881329
192.5,2200.294709559181,15.450260246228149,55.62093688642134
192.55,2201.0672356031864,15.450781513994354,55.622813450379674
192.60000000000002,2201.8397906056175,15.451418583254984,55.62510689971794
192.65,2202.6123816959494,15.452225030019587,55.62801010807051
192.70000000000002,2203.3850176085734,15.453211474935685,55.631561309768465
192.75,2204.1577071328225,15.454369495029596,55.63573018210655
192.8,2204.930457490212,15.455644800551958,55.64032128198705
192.85000000000002,2205.703273127454,15.456980689128919,55.64513048086411
192.9,2206.4761559534486,15.458332350654427,55.649996462355936
192.95000000000002,2207.249104373797,15.45960446327242,55.65457606778072
193.0,2208.022113779554,15.46077176701444,55.65877836125199
193.05,2208.7951783143626,15.461809625341829,55.66251465123059
193.10000000000002,2209.5682909928164,15.462697512801846,55.66571104608665
193.15,2210.341445296711,15.46347464297255,55.66850871470118
193.20000000000002,2211.1146357733783,15.464144423718825,55.67091992538777
193.25,2211.8878569159438,15.46470127889312,55.672924604015236
193.3,2212.6611033284685,15.465155222088049,55.67455879951697
193.35000000000002,2213.434370033477,15.46551297826434,55.675846721751626
193.4,2214.2076521517574,15.465771752944278,55.6767783105994
193.45000000000002,2214.980944968428,15.46594091387901,55.677387289964436
193.5,2215.75424429362,15.466032093798628,55.67771553767506
193.55,2216.5275460636603,15.466038707810533,55.67773934811792
193.60000000000002,2217.3008454494707,15.465936724596473,55.677372208547304
193.65,2218.074136357602,15.465699600658436,55.67651856237037
193.70000000000002,2218.8474127619634,15.465356573790473,55.6752836656457
193.75,2219.6206703698413,15.464947741320897,55.67381186875523
193.8,2220.393907545269,15.464539275782322,55.67234139281636
193.85000000000002,2221.167126576805,15.464221985652205,55.67119914834794
193.9,2221.940332728277,15.464024073239516,55.67048666366226
193.95000000000002,2222.713531468009,15.463925516042332,55.670131857752395
194.0,2223.486727401519,15.463911824356638,55.6700825676839
194.05,2224.259923282341,15.463923408511018,55.67012427063967
194.10000000000002,2225.033119795741,15.463937127507883,55.67017365902838
194.15,2225.8063165730528,15.463933964962704,55.670162273865735
194.20000000000002,2226.579511811126,15.463875557959533,55.66995200865432
194.25,2227.352701450735,15.46371002640243,55.66935609504875
194.3,2228.125878789731,15.463383533435465,55.66818072036767
194.35000000000002,2228.899034885702,15.462860305397506,55.66629709943102
194.4,2229.6721605413154,15.462165919136599,55.66379730889176
194.45000000000002,2230.445247858873,15.461326783157034,55.66077641936533
194.5,2231.218291139419,15.460404438683929,55.657455979262146
194.55,2231.991287617027,15.459454665638624,55.654036796299046
194.60000000000002,2232.7642363752984,15.458495665218669,55.65058439478721
194.65,2233.5371368418305,15.457522996063393,55.64708278582822
194.70000000000002,2234.3099880513246,15.456525383695592,55.64349138130413
194.75,2235.082788118546,15.45547730515819,55.639718298569484
194.8,2235.8555355850544,15.454421355182866,55.63591687865832
194.85000000000002,2236.628230686055,15.453382684841173,55.63217766542822
194.9,2237.400874531903,15.452371149080458,55.62853613668965
194.95000000000002,2238.173468909658,15.45140396112047,55.62505426003369
195.0,2238.946016469123,15.450498417488422,55.62179430295832
195.05,2239.7185205425617,15.449664520051087,55.61879227218392
195.10000000000002,2240.4909854368602,15.44893125188943,55.61615250680195
195.15,2241.2634170447527,15.44833306381728,55.61399902974221
195.20000000000002,2242.0358230686534,15.447907892207308,55.61246841194631
195.25,2242.808212641703,15.447675029768808,55.61163010716771
195.3,2243.580595558125,15.447641627114116,55.61150985761082
195.35000000000002,2244.352980988229,15.447775577038364,55.61199207733811
195.4,2245.1253757444424,15.448014671501149,55.61285281740414
195.45000000000002,2245.897783659373,15.448301925723097,55.61388693260315
195.5,2246.670205960354,15.448590113510043,55.614924408636156
195.55,2247.4426421372664,15.448856962990957,55.61588506676745
195.60000000000002,2248.2150909056168,15.449093771031134,55.61673757571208
195.65,2248.9875507957017,15.449301832366288,55.61748659651864
195.70000000000002,2249.760019526761,15.44944740999943,55.618010675997944
195.75,2250.532493371242,15.449506369234786,55.618222929245235
195.8,2251.304968442552,15.449496483167382,55.618187339402574
195.85000000000002,2252.077442258959,15.449456173114509,55.618042223212235
195.9,2252.8499141626003,15.449419972541238,55.61791190114845
195.95000000000002,2253.6223849747157,15.44941251208494,55.61788504350579
196.0,2254.3948557679587,15.44941921762608,55.61790918345389
196.05,2255.167327132732,15.449435373323816,55.61796734396574
196.10000000000002,2255.9397995785325,15.449462458681104,55.61806485125198
196.15,2256.7122737145082,15.449502980345834,55.618210729245
196.20000000000002,2257.4847494792834,15.449527610666502,55.61829939839941
196.25,2258.2572266314432,15.44955847572258,55.61841051260129
196.3,2259.029706109294,15.449620638292593,55.61863429785334
196.35000000000002,2259.802189709936,15.449723387401782,55.619004194646415
196.4,2260.574678775627,15.449839240243799,55.61942126487768
196.45000000000002,2261.3471739905262,15.449969355728452,55.61988968062243
196.5,2262.119676450545,15.450129045021924,55.62046456207893
196.55,2262.892188203502,15.450341073263228,55.62122786374762
196.60000000000002,2263.6647123079397,15.450623104248034,55.62224317529292
196.65,2264.4372522314125,15.450973834662717,55.62350580478578
196.70000000000002,2265.209810413277,15.451353439912793,55.62487238368606
196.75,2265.9823877609183,15.45174046574931,55.62626567669752
196.8,2266.754984272104,15.452119981687582,55.627631934075296
196.85000000000002,2267.5275993157784,15.452481765280474,55.62893435500971
196.9,2268.300231428502,15.452802743662769,55.630089877185966
196.95000000000002,2269.07287869593,15.45308795345926,55.631116632453335
197.0,2269.8455392605883,15.453334632888978,55.63200467840032
197.05,2270.6182109472447,15.453532833370302,55.632718200133084
197.10000000000002,2271.3908908900585,15.453664879177765,55.63319356503995
197.15,2272.163575369537,15.453714299951665,55.633371479825996
197.20000000000002,2272.9362597541967,15.453661086438956,55.63317991118024
197.25,2273.708938967871,15.453507460531942,55.63262685791499
197.3,2274.481608621105,15.453278668831091,55.631803207791926
197.35000000000002,2275.2542655457473,15.452998316869314,55.63079394072953
197.4,2276.0269074047496,15.452676043221995,55.62963375559919
197.45000000000002,2276.7995325978295,15.452331679973959,55.628394047906255
197.5,2277.5721404387737,15.451981957796189,55.62713504806628
197.55,2278.344731143625,15.451646236245756,55.62592645048472
197.60000000000002,2279.117305851434,15.45134207613274,55.624831474077865
197.65,2279.8898661780936,15.451070990247004,55.62385556488922
197.70000000000002,2280.6624131692015,15.45080865407757,55.62291115467925
197.75,2281.4349462241757,15.450513544896715,55.62184876162818
197.8,2282.2074632140793,15.450166051251308,55.62059778450471
197.85000000000002,2282.9799610433124,15.449747118079955,55.61908962508784
197.9,2283.752435023656,15.44921209565893,55.617163544372154
197.95000000000002,2284.5248800224776,15.448587857211187,55.61491628596028
198.0,2285.297292970169,15.447930050448527,55.6125481816147
198.05,2286.0696732858682,15.447282577521399,55.61021727907704
198.10000000000002,2286.8420224010956,15.44668203157425,55.6080553136673
198.15,2287.6143433063253,15.44615417761663,55.606155039419875
198.20000000000002,2288.3866398596247,15.445707954354873,55.604548635677546
198.25,2289.1589169475023,15.445375560759816,55.603352018735336
198.3,2289.931180339259,15.44516010950076,55.602576394202735
198.35000000000002,2290.703436076271,15.445069370978011,55.60224973552084
198.4,2291.4756904408937,15.4451052139261,55.60237877013396
198.45000000000002,2292.2479484379264,15.445214667379627,55.60277280256666
198.5,2293.020212933421,15.445365152407874,55.603314548668344
198.55,2293.7924856767113,15.445544579204306,55.6039604851355
198.60000000000002,2294.5647672235136,15.445717292880389,55.6045822543694
198.65,2295.3370578260838,15.445906809921034,55.605264515715724
198.70000000000002,2296.1093583845836,15.446115530081638,55.6060159082939
198.75,2296.881670492254,15.446368776735623,55.60692759624824
198.8,2297.653996316617,15.446664197764694,55.6079911119529
198.85000000000002,2298.426338303198,15.447015265474263,55.60925495570735
198.9,2299.1987003361724,15.447466053494981,55.61087779258193
198.95000000000002,2299.9710883964653,15.448056358216427,55.613002889579136
199.0,2300.743508742818,15.448757495885172,55.61552698518662
199.05,2301.515966882332,15.449568084685612,55.61844510486821
199.10000000000002,2302.2884675186338,15.450457367382864,55.62164652257831
199.15,2303.0610122431904,15.451331614886087,55.62479381358991
199.20000000000002,2303.83359854667,15.452120524303979,55.627633887494326
199.25,2304.6062207502823,15.452767620188816,55.62996343267974
199.3,2305.378870523386,15.453223303955617,55.63160389424022
199.35000000000002,2306.1515380333067,15.453477092867356,55.63251753432248
199.4,2306.924212748903,15.453511530981773,55.63264151153438
199.45000000000002,2307.696883916076,15.453335155944885,55.63200656140159
199.5,2308.4695410029613,15.452948319464582,55.630613950072494
199.55,2309.242174117441,15.4523762597271,55.62855453501756
199.60000000000002,2310.014774636802,15.45164451469868,55.62592025291525
199.65,2310.787334923492,15.450766952906118,55.62276103046203
199.70000000000002,2311.559847696761,15.449743977870137,55.61907832033249
199.75,2312.332305895911,15.44858398811645,55.61490235721922
199.8,2313.1047027428467,15.447289889312644,55.61024360152552
199.85000000000002,2313.8770318488478,15.445874350728651,55.605147662623146
199.9,2314.6492877028754,15.444359810378955,55.599695317364244
199.95000000000002,2315.4214656615272,15.442758535687265,55.593930728474156
200.0,2316.1935615935668,15.441078745886434,55.58788348519116
200.05,2316.9655725655903,15.439360135055038,55.58169648619814
200.10000000000002,2317.7374974651216,15.437635846194947,55.57548904630181
200.15,2318.509336527384,15.435926644313879,55.56933591952996
200.20000000000002,2319.2810907902203,15.434243869125805,55.5632779288529
200.25,2320.0527613484255,15.432578459080176,55.55728245268863
200.3,2320.8243492325414,15.430936905550519,55.55137285998187
200.35000000000002,2321.595855670403,15.429320608918673,55.545554192107225
200.4,2322.3672834724757,15.427791473984547,55.54004930634437
200.45000000000002,2323.138638303615,15.426401771598405,55.535046377754256
200.5,2323.909927426647,15.425163149672912,55.530587338822485
200.55,2324.6811590235266,15.424100725507998,55.526762611828794
200.60000000000002,2325.452342263239,15.423228862994609,55.52362390678059
200.65,2326.223485752821,15.422510720278714,55.52103859300337
200.70000000000002,2326.99459714267,15.421944873684641,55.51900154526471
200.75,2327.7656842652423,15.421540029197484,55.51754410511094
200.8,2328.536755019619,15.42129014586045,55.51664452509762
200.85000000000002,2329.307816395229,15.42116487855218,55.51619356278785
200.9,2330.078873415406,15.421115928536803,55.516017342732496
200.95000000000002,2330.8499284501736,15.421085462161223,55.5159076637804
201.0,2331.620981103939,15.421020688443573,55.51567447839686
201.05,2332.392029145753,15.420900984117186,55.51524354282187
201.10000000000002,2333.1630713371082,15.420786670085217,55.51483201230678
201.15,2333.9341084716525,15.42069871167665,55.514515362035944
201.20000000000002,2334.7051416222303,15.420627311438501,55.51425832117861
201.25,2335.476171792355,15.420579493564166,55.514086176831
201.3,2336.2472002740346,15.4205597736157,55.514015185016525
201.35000000000002,2337.0182289559175,15.420587501697026,55.51411500610929
201.4,2337.789261258659,15.420704607955699,55.51453658864052
201.45000000000002,2338.560301159952,15.42089144376718,55.51520919756185
201.5,2339.331351904476,15.421138337192911,55.51609801389448
201.55,2340.102416057419,15.421427780531246,55.51714000991249
201.60000000000002,2340.8734946535683,15.421716065454557,55.51817783563641
201.65,2341.644586458885,15.42195614721853,55.51904212998671
201.70000000000002,2342.4156883389905,15.42211905699688,55.51962860518877
201.75,2343.186796449323,15.422205356305517,55.51993928269986
201.8,2343.9579074055773,15.422232893862105,55.52003841790358
201.85000000000002,2344.7290190142703,15.422231453851472,55.5200332338653
201.9,2345.5001305135374,15.42222851683425,55.5200226606033
201.95000000000002,2346.2712423026805,15.422243048892092,55.520074976011536
202.0,2347.0423556386118,15.422290388347335,55.520245398050406
202.05,2347.8134719463364,15.422361920635174,55.520502914286624
202.10000000000002,2348.5845917951806,15.422432033131,55.5207553192716
202.15,2349.3557144400984,15.422473763585783,55.52090554890882
202.20000000000002,2350.1268386558113,15.422494864932048,55.52098151375537
202.25,2350.8979636999725,15.422506901511717,55.521024845442184
202.3,2351.669088162036,15.422471581042625,55.520897691753454
202.35000000000002,2352.440209801373,15.422393992428258,55.52061837274173
202.4,2353.2113265225626,15.422274855149306,55.5201894785375
202.45000000000002,2353.982436412187,15.422120729818587,55.51963462734692
202.5,2354.7535380727218,15.421945691572859,55.519004489662294
202.55,2355.524631433171,15.421788726402951,55.51843941505063
202.60000000000002,2356.295718345646,15.421687772583722,55.5180759813014
202.65,2357.066802047473,15.421660300504723,55.517977081817
202.70000000000002,2357.8378855243614,15.421678775017938,55.51804359006458
202.75,2358.608969605213,15.421684459050171,55.51806405258062
202.8,2359.3800526215127,15.42163619294155,55.517890294589584
202.85000000000002,2360.1511311887825,15.421506497851043,55.51742339226376
202.9,2360.922202266565,15.421336613435258,55.51681180836693
202.95000000000002,2361.6932640307436,15.421133953711418,55.51608223336111
203.0,2362.4643144095544,15.420881198724539,55.51517231540834
203.05,2363.235352018667,15.420623165783535,55.51424339682073
203.10000000000002,2364.006376605463,15.42036030606128,55.51329710182061
203.15,2364.777387226105,15.420064519619972,55.5122322706319
203.20000000000002,2365.5483826259438,15.419751473922929,55.511105306122545
203.25,2366.3193630960013,15.419467328371304,55.510082382136694
203.3,2367.09033098014,15.41924803718906,55.509292933880616
203.35000000000002,2367.861289877767,15.419107867878942,55.5087883243642
203.4,2368.632243249913,15.419027017948684,55.508497264615265
203.45000000000002,2369.4031929924317,15.41896268281829,55.508265658145845
203.5,2370.1741387190996,15.418866383894251,55.507918982019305
203.55,2370.945077949583,15.418702835439227,55.50733020758122
203.60000000000002,2371.716007635194,15.41848458900206,55.50654452040742
203.65,2372.4869251179016,15.418214719310374,55.50557298951735
203.70000000000002,2373.257828451356,15.417918618865112,55.50450702791441
203.75,2374.0287169696976,15.417622114800206,55.50343961328075
203.8,2374.799590142586,15.417304800735911,55.50229728264928
203.85000000000002,2375.5704460289357,15.416930653252896,55.50095035171043
203.9,2376.341283189068,15.416555752021033,55.49960070727572
203.95000000000002,2377.1121024281633,15.416213811793476,55.498369722456516
204.0,2377.882905175601,15.415896085720085,55.497225908592306
204.05,2378.6536923306353,15.415590115653826,55.49612441635377
204.10000000000002,2379.424463972914,15.415275575503522,55.49499207181268
204.15,2380.1952185139316,15.41490606519777,55.49366183471197
204.20000000000002,2380.965952171415,15.414440234141855,55.49198484291068
204.25,2381.7366582483396,15.413802842829888,55.4896902341876
204.3,2382.5073283083066,15.412999555850643,55.486798401062316
204.35000000000002,2383.277955332226,15.412081400929171,55.48349304334502
204.4,2384.048535234492,15.411114689703194,55.4800128829315
204.45000000000002,2384.819067904727,15.410192119681707,55.47669163085415
204.5,2385.589556391251,15.409347341279219,55.47365042860519
204.55,2386.3600053278333,15.408610122013133,55.47099643924728
204.60000000000002,2387.13042147181,15.408035637055722,55.4689282934006
204.65,2387.900813252127,15.407635575626925,55.46748807225693
204.70000000000002,2388.6711893911634,15.407409985830228,55.46667594898882
204.75,2389.441559181292,15.407381619317288,55.46657382954224
204.8,2390.2119329499974,15.407569128892316,55.46724886401234
204.85000000000002,2390.9823215538154,15.407975023822782,55.46871008576202
204.9,2391.752735740502,15.408592443634754,55.47093279708512
204.95000000000002,2392.523184609092,15.409362299964254,55.47370427987131
205.0,2393.2936761042765,15.410297507411846,55.477071026682644
205.05,2394.0642176901056,15.411365925744317,55.48091733267954
205.10000000000002,2394.8348156106595,15.412550896403115,55.485183227051216
205.15,2395.6054761186997,15.413869425206773,55.48992993074438
205.20000000000002,2396.3762051196054,15.415290611018047,55.49504619966497
205.25,2397.1470066391366,15.416770170237168,55.50037261285381
205.3,2397.9178825830077,15.418267584609545,55.50576330459436
205.35000000000002,2398.688832904381,15.419745270319344,55.51108297314964
205.4,2399.4598562781234,15.421189679386886,55.516282845792794
205.45000000000002,2400.2309512662846,15.422609847062603,55.52139544942537
205.5,2401.0021166591146,15.424005866144348,55.52642111811966
205.55,2401.7733511802517,15.425374979344895,55.53134992564162
205.60000000000002,2402.5446531932384,15.426705540120562,55.53613994443403
205.65,2403.316019944345,15.427964504139172,55.54067221490102
205.70000000000002,2404.0874474802054,15.429136930282223,55.544892949016
205.75,2404.8589305858195,15.430187294281861,55.5486742594147
205.8,2405.630463590826,15.431132905971435,55.55207846149717
205.85000000000002,2406.402042630701,15.432028689039035,55.55530328054053
205.9,2407.1736659877483,15.432905592859594,55.55846013429454
205.95000000000002,2407.9453335555345,15.433797118586334,55.561669626910806
206.0,2408.7170467110964,15.434729103887197,55.56502477399391
206.05,2409.4888078691556,15.4357172184787,55.56858198652332
206.10000000000002,2410.260619482535,15.436747316687587,55.57229034007531
206.15,2411.0324831882367,15.437800911396568,55.57608328102765
206.20000000000002,2411.804399176185,15.438838606538056,55.579818983537
206.25,2412.576365426745,15.439811415844975,55.58332109704191
206.3,2413.3483777499323,15.44068151166056,55.58645344197802
206.35000000000002,2414.120430875352,15.44144350513017,55.58919661846861
206.4,2414.8925183346396,15.442054866357472,55.5913975188869
206.45000000000002,2415.6646316860765,15.442479191120185,55.592925088032665
206.5,2416.436760951889,15.442691441384778,55.5936891889852
206.55,2417.208896251337,15.442720536531276,55.59379393151259
206.60000000000002,2417.9810283383854,15.442562945404072,55.59322660345466
206.65,2418.753149838706,15.442297067429752,55.59226944274711
206.70000000000002,2419.525256663387,15.441975919813858,55.59111331132989
206.75,2420.297345792801,15.441589256746367,55.58972132428692
206.8,2421.069413339711,15.441112619660313,55.58800543077713
206.85000000000002,2421.8414553641956,15.440568359716103,55.586046094977974
206.9,2422.6134687967033,15.439968940583718,55.58388818610138
206.95000000000002,2423.385451467491,15.439337890922756,55.581616407321924
207.0,2424.1574032955173,15.43873523012681,55.57944682845652
207.05,2424.929326627709,15.43819805754265,55.57751300715354
207.10000000000002,2425.7012239737132,15.437695782626179,55.575704817454245
207.15,2426.473096999712,15.437225257324107,55.57401092636678
207.20000000000002,2427.2449476270754,15.436799837208959,55.57247941395225
207.25,2428.0167798357706,15.43648851059356,55.571358638136815
207.3,2428.7885998632955,15.436312590397637,55.570725325431496
207.35000000000002,2429.560415960102,15.436331281860209,55.57079261469676
207.4,2430.3322385810507,15.43657355607449,55.57166480186817
207.45000000000002,2431.1040793452944,15.437057013678679,55.573405249243244
207.5,2431.875950544717,15.437790963226808,55.57604746761651
207.55,2432.6478645532698,15.438769378889813,55.579569764003324
207.60000000000002,2433.419832301294,15.439940542077917,55.5837859514805
207.65,2434.1918620168276,15.441248079276129,55.58849308539406
207.70000000000002,2434.9639595196522,15.442652033700831,55.593547321322994
207.75,2435.7361279043266,15.44408335326798,55.598700071764725
207.8,2436.508367078531,15.445483614913266,55.60374101368776
207.85000000000002,2437.2806747644686,15.44682382258678,55.608565761312406
207.9,2438.053047222921,15.44807451551679,55.61306825586045
207.95000000000002,2438.8254794995855,15.44921655105762,55.617179583807435
208.0,2439.5979661391607,15.450249031954298,55.620896515035476
208.05,2440.3705022202485,15.451194211558207,55.62429916160954
208.10000000000002,2441.143084595898,15.452100814426956,55.62756293193704
208.15,2441.915712346335,15.453009203064028,55.6308331310305
208.20000000000002,2442.6883854838766,15.453916298587057,55.6340986749134
208.25,2443.4611033468877,15.45479822186736,55.6372735987225
208.3,2444.2338635747997,15.455610894613542,55.64019922060876
208.35000000000002,2445.006662911432,15.456362570677385,55.64290525443859
208.4,2445.779499004098,15.4570811359512,55.645492089424316
208.45000000000002,2446.5523703203116,15.457771512605698,55.64797744538051
208.5,2447.3252754432233,15.45843340386433,55.650360253911586
208.55,2448.0982130014477,15.45906892510505,55.65264813037818
208.60000000000002,2448.871180964366,15.459649591634076,55.65473852988267
208.65,2449.6441765734453,15.460174771531559,55.656629177513615
208.70000000000002,2450.417198034066,15.460683653302851,55.658461151890265
208.75,2451.190244273813,15.461165936559844,55.66019737161544
208.8,2451.9633135357435,15.461604540665409,55.66177634639547
208.85000000000002,2452.7364030415256,15.461975690621465,55.663112486237274
208.9,2453.509509637249,15.462288138302679,55.66423729788964
208.95000000000002,2454.282630506962,15.462546650225647,55.66516794081233
209.0,2455.05576278155,15.462744333290779,55.665879599846804
209.05,2455.828904787234,15.462935894064355,55.66656921863168
209.10000000000002,2456.6020558416913,15.463106284220313,55.66718262319313
209.15,2457.3752136570656,15.463206330762468,55.66754279074488
209.20000000000002,2458.148374677616,15.46323449126239,55.667644168544605
209.25,2458.921535806857,15.463210678363666,55.6675584421092
209.3,2459.6946940771945,15.46312013515347,55.66723248655249
209.35000000000002,2460.467846001725,15.462956846068879,55.66664464584797
209.4,2461.240987629129,15.462708250091135,55.665749700328085
209.45000000000002,2462.014113266507,15.4623172450266,55.664342082095764
209.5,2462.78721708306,15.461835417089954,55.66260750152384
209.55,2463.5602961004565,15.461325278773145,55.66077100358333
209.60000000000002,2464.3333504990624,15.460850665465582,55.659062395676095
209.65,2465.1063828600954,15.460443775863348,55.65759759310806
209.70000000000002,2465.879396938244,15.460119350089592,55.65642966032253
209.75,2466.6523978854266,15.459918537217682,55.655706733983656
209.8,2467.4253915579193,15.459828362493761,55.65538210497754
209.85000000000002,2468.198383416944,15.459845998493778,55.6554455945776
209.9,2468.9713793044793,15.45998950291036,55.6559622104773
209.95000000000002,2469.7443855804477,15.460261535820024,55.65694152895209
210.0,2470.517407975312,15.460634258748293,55.658283331493855
210.05,2471.290450679647,15.46107391465439,55.659866092755806
210.10000000000002,2472.0635169322672,15.461576190144967,55.66167428452189
210.15,2472.8366092396177,15.462116103865082,55.6636179739143
210.20000000000002,2473.609729282067,15.462685594107947,55.66566813878861
210.25,2474.3828766233555,15.463208057443312,55.66754900679592
210.3,2475.1560462761845,15.463578055710531,55.66888100055792
210.35000000000002,2475.929229645054,15.463756699063996,55.669524116630384
210.4,2476.7024171739076,15.46374445507777,55.66948003827997
210.45000000000002,2477.4755992053933,15.463536804349392,55.668732495657814
210.5,2478.248765295283,15.463106791237493,55.667184448454975
210.55,2479.0219044100986,15.462457801380058,55.66484808496821
210.60000000000002,2479.7950062753416,15.461616808342738,55.661820510033856
210.65,2480.568060847188,15.460566065510791,55.65803783583885
210.70000000000002,2481.341058446945,15.459337924772615,55.65361652918142
210.75,2482.113991142941,15.457969915062145,55.64869169422372
210.8,2482.886852658564,15.45649070984895,55.64336655545622
210.85000000000002,2483.6596361480856,15.454848871027528,55.6374559356991
210.9,2484.4323319551427,15.452983411258671,55.63074028053122
210.95000000000002,2485.204927915133,15.450854988340742,55.62307795802667
211.0,2485.977411562749,15.448490916302156,55.61456729868776
211.05,2486.7497736347445,15.445991963520221,55.605571068672795
211.10000000000002,2487.5220075825796,15.443365949872803,55.59611741954209
211.15,2488.294107602432,15.440634844221965,55.586285439199074
211.20000000000002,2489.0660688282646,15.437814189068625,55.57613108064705
211.25,2489.8378891797806,15.434999871568108,55.56599953764519
211.3,2490.6095708297657,15.432266127829708,55.55615806018695
211.35000000000002,2491.381117524782,15.429601672823907,55.54656602216607
211.4,2492.1525334273615,15.427034430352489,55.53732394926896
211.45000000000002,2492.9238241180306,15.424593196407823,55.52853550706816
211.5,2493.6949965365784,15.422303545511767,55.52029276384236
211.55,2494.466057863328,15.420149524474748,55.5125382881091
211.60000000000002,2495.2370150348656,15.418137337029563,55.50529441330643
211.65,2496.0078749310883,15.416258511884106,55.49853064278278
211.70000000000002,2496.778643465214,15.414482853146605,55.49213827132778
211.75,2497.5493247915647,15.412770200888815,55.48597272319974
211.8,2498.319920268705,15.411048884722817,55.47977598500214
211.85000000000002,2499.090429401727,15.409316436151535,55.47353917014553
211.9,2499.860851575858,15.407570529089107,55.467253904720785
211.95000000000002,2500.631187103866,15.405850591230934,55.461062128431365
212.0,2501.4014369732745,15.404144185098623,55.454919066355046
212.05,2502.171601181028,15.402424125053857,55.448726850193886
212.10000000000002,2502.941678978521,15.4006877746556,55.44247598876016
212.15,2503.7116703654856,15.39896770392743,55.436283734138755
212.20000000000002,2504.4815770693435,15.397300450398838,55.43028162143582
212.25,2505.2514012125234,15.39566527680562,55.42439499650023
212.3,2506.021144284687,15.394057609740528,55.418607395065905
212.35000000000002,2506.7908070675635,15.392453705313313,55.41283333912793
212.4,2507.5603881236925,15.390788539842017,55.406838743431265
212.45000000000002,2508.3298844565356,15.38906477387798,55.40063318596073
212.5,2509.099293791105,15.38730860890459,55.394310992056525
212.55,2509.8686157866637,15.385571213432794,55.38805636835806
212.60000000000002,2510.6378524438505,15.383895074043558,55.38202226655681
212.65,2511.4070082368435,15.382336645664722,55.376411924393004
212.70000000000002,2512.1760900455074,15.380935700889896,55.37136852320363
212.75,2512.945105941762,15.379700149285348,55.366920537427255
212.8,2513.7140647893348,15.378653753618384,55.363153513026184
212.85000000000002,2514.482975502642,15.377774778677804,55.3599892032401
212.9,2515.251845218194,15.377013843392753,55.35724983621391
212.95000000000002,2516.020678091037,15.376301070332408,55.35468385319667
213.0,2516.7894770048206,15.375655481008259,55.35235973162973
213.05,2517.55824444081,15.375041958566651,55.35015105083995
213.10000000000002,2518.3269809523563,15.374418503281337,55.34790661181282
213.15,2519.095685299169,15.373755369218543,55.34551932918676
213.20000000000002,2519.8643560779283,15.373075781148865,55.343072812135915
213.25,2520.632993592641,15.372424807361117,55.34072930650002
213.3,2521.4015995725977,15.371814390912519,55.33853180728507
213.35000000000002,2522.170176686262,15.371270155653601,55.33657256035296
213.4,2522.9387279462635,15.370780244405282,55.33480887985902
213.45000000000002,2523.7072545861647,15.370285351640995,55.33302726590758
213.5,2524.475755848036,15.369765123217022,55.331154443581276
213.55,2525.244229026969,15.369162034101965,55.32898332276707
213.60000000000002,2526.012669148356,15.368442821373485,55.326394156944545
213.65,2526.7810700204927,15.367592064094517,55.32333143074026
213.70000000000002,2527.5494265359566,15.366668554454458,55.32000679603605
213.75,2528.3177340862385,15.365633456823602,55.31628044456497
213.8,2529.08598715355,15.364489235626813,55.31216124825653
213.85000000000002,2529.854180861669,15.363259089147878,55.307732720932364
213.9,2530.6223118354933,15.361979863815128,55.30312750973446
213.95000000000002,2531.390378496652,15.360686582526203,55.29847169709433
214.0,2532.158381662739,15.359440060959233,55.29398421945324
214.05,2532.9263258148517,15.35832602355633,55.28997368480279
214.10000000000002,2533.69421908966,15.357404968775906,55.286657887593265
214.15,2534.462071575789,15.356694476399573,55.28410011503846
214.20000000000002,2535.229893530957,15.356183730303268,55.28226142909177
214.25,2535.997693015147,15.355795637295685,55.28086429426447
214.3,2536.7654742698737,15.355454551771146,55.279636386376126
214.35000000000002,2537.533236909857,15.355051047555927,55.278183771201334
214.4,2538.3009749728367,15.354471471639116,55.27609729790082
214.45000000000002,2539.068677000165,15.353609621492506,55.272994637373024
214.5,2539.836327838478,15.352423911042722,55.2687260797538
214.55,2540.6039100221033,15.350863433954151,55.263108362234945
214.60000000000002,2541.371402331941,15.348828959555284,55.255784254399025
214.65,2542.138782104074,15.346361925757416,55.2469029327267
214.70000000000002,2542.9060296177563,15.343538621532382,55.23673903751658
214.75,2543.6731302341286,15.340486033351237,55.22574972006446
214.8,2544.4400741558475,15.337270835397533,55.214175007431116
214.85000000000002,2545.206853044149,15.333884696651229,55.20198490794442
214.9,2545.9734576181295,15.330298262569295,55.189073745249466
214.95000000000002,2546.7398773327286,15.32649032139445,55.175365157020025
215.0,2547.5061021762735,15.322503420405688,55.16101231346048
215.05,2548.2721250974714,15.318413427515829,55.14628833905699
215.10000000000002,2549.0379417854815,15.314254092883079,55.13131473437909
215.15,2549.8035490382936,15.310036019590331,55.1161296705252
215.20000000000002,2550.5689440312244,15.305763697646071,55.10074931152586
215.25,2551.3341247095595,15.30146343575374,55.085268368713464
215.3,2552.099090154257,15.297154352141678,55.06975566771004
215.35000000000002,2552.8638419956415,15.29291930324116,55.05450949166818
215.4,2553.6283847514937,15.28879093085666,55.03964735108398
215.45000000000002,2554.3927258495655,15.28485299201748,55.02547077126293
215.5,2555.156876294764,15.281164815921631,55.012193337317875
215.55,2555.920849874513,15.277778374029767,55.000002146507164
215.60000000000002,2556.684663629258,15.274771815765856,54.98917853675708
215.65,2557.448337627368,15.2721881086204,54.97987719103344
215.70000000000002,2558.211893796871,15.270058671517582,54.9722112174633
215.75,2558.9753543180677,15.268362176338316,54.966103834817936
215.8,2559.7387372971493,15.266956986933053,54.961045152958995
215.85000000000002,2560.5020531858822,15.265678562387176,54.956442824593836
215.9,2561.2653056886274,15.264421547425108,54.951917570730394
215.95000000000002,2562.028494549243,15.26313287720474,54.947278357937066
216.0,2562.7916166727264,15.261752062120312,54.942307423633125
216.05,2563.5546662506276,15.260231053926493,54.93683179413537
216.10000000000002,2564.317635629256,15.258544091206353,54.93075872834287
216.15,2565.080517790516,15.25674235918304,54.92427249305894
216.20000000000002,2565.8433092431574,15.254915746480563,54.91769668733003
216.25,2566.6060109520645,15.2531526097989,54.91134939527604
216.3,2567.3686274663705,15.251507962437643,54.90542866477551
216.35000000000002,2568.131164063182,15.249955910016984,54.899841276061146
216.4,2568.893624939944,15.248479160454053,54.894524977634596
216.45000000000002,2569.6560136518237,15.247069314740052,54.88944953306419
216.5,2570.418333645368,15.245730427032473,54.884629537316904
216.55,2571.1805887181577,15.244472484547636,54.88010094437149
216.60000000000002,2571.9427827416976,15.243288457040087,54.875838445344314
216.65,2572.7049186103436,15.242146288802413,54.87172663968869
216.70000000000002,2573.466997900769,15.241025328222184,54.86769118159987
216.75,2574.229021677111,15.239925725468762,54.863732611687546
216.8,2574.9909899798995,15.23880638605623,54.85970298980243
216.85000000000002,2575.7529008384863,15.237627957410485,54.85546064667775
216.9,2576.5147506765184,15.236365563868166,54.8509160299254
216.95000000000002,2577.2765352772453,15.235018465206068,54.846066474741846
217.0,2578.0382499320563,15.233567727236661,54.84084381805198
217.05,2578.7998896190547,15.232019752703096,54.835271109731146
217.10000000000002,2579.5614515486177,15.230457429808371,54.829646747310136
217.15,2580.3229373744575,15.228975603781578,54.824312173613684
217.20000000000002,2581.08435222882,15.227618570714831,54.81942685457339
217.25,2581.845701836922,15.226365753369983,54.81491671213194
217.3,2582.606989809549,15.22515315169283,54.810551346094186
217.35000000000002,2583.368216257401,15.223904762391324,54.80605714460877
217.4,2584.129379742832,15.222634654854959,54.80148475747785
217.45000000000002,2584.8904788034565,15.221327770116094,54.79677997241794
217.5,2585.6515094557258,15.219898320662514,54.79163395438505
217.55,2586.412464889213,15.218319018827962,54.78594846778066
217.60000000000002,2587.1733377088112,15.216593765101685,54.779737554366065
217.65,2587.93412112482,15.214742875253126,54.77307435091126
217.70000000000002,2588.694810181708,15.212819400262852,54.76614984094627
217.75,2589.4554044570623,15.210951613916718,54.75942581010018
217.8,2590.215909287786,15.209241615029693,54.7532698141069
217.85000000000002,2590.976333411359,15.207723327886866,54.74780398039272
217.9,2591.736686508198,15.206400545667618,54.743041964403425
217.95000000000002,2592.496978872852,15.205294040497975,54.73905854579271
218.0,2593.257221892756,15.204426755669559,54.73593632041041
218.05,2594.017427704365,15.203805708682719,54.73370055125779
218.10000000000002,2594.7776089106815,15.20344254396947,54.732393158290094
218.15,2595.5377766832607,15.203268359209666,54.731766093154796
218.20000000000002,2596.2979390261307,15.203225355596592,54.73161128014773
218.25,2597.0581017671666,15.203284285841256,54.73182342902852
218.3,2597.8182680167283,15.203365696629344,54.73211650786564
218.35000000000002,2598.5784371816167,15.203400898903261,54.732243236051744
218.4,2599.338607158823,15.2033981893393,54.73223348162148
218.45000000000002,2600.0987770835864,15.203398801206937,54.73223568434498
218.5,2600.858947035395,15.20339927113584,54.732237376089024
218.55,2601.6191173601883,15.203413720602263,54.73228939416815
218.60000000000002,2602.3792905015976,15.203511935766771,54.73264296876038
218.65,2603.1394723155645,15.203760622919493,54.73353824251018
218.70000000000002,2603.899671044232,15.204188523776345,54.73507868559484
218.75,2604.659895347652,15.204783613020453,54.73722100687363
218.8,2605.4201532364,15.205531936908972,54.7399149728723
218.85000000000002,2606.1804522402467,15.206428216954933,54.74314158103776
218.9,2606.940799642425,15.207467870186989,54.74688433267316
218.95000000000002,2607.701201342477,15.208600131881536,54.75096047477353
219.0,2608.4616596948317,15.209733962314193,54.755042264331095
219.05,2609.2221730534693,15.210800383182612,54.75888137945741
219.10000000000002,2609.9827383105076,15.211809898342526,54.76251563403309
219.15,2610.743353741749,15.212807351326934,54.76610646477696
219.20000000000002,2611.5040192415395,15.213812640277988,54.76972550500076
219.25,2612.264735934288,15.214855069665074,54.77347825079427
219.3,2613.0255063974614,15.215963457263427,54.77746844614834
219.35000000000002,2613.7863339573682,15.217138939012866,54.78170018044632
219.4,2614.547222250834,15.218392799604498,54.786214078576194
219.45000000000002,2615.3081751528343,15.219723280416979,54.79100380950113
219.5,2616.06919650823,15.221130935413182,54.79607136748746
219.55,2616.830289757203,15.222599023505124,54.801356484618445
219.60000000000002,2617.5914575841057,15.22411405259663,54.80681058934787
219.65,2618.352700149897,15.225588579055817,54.81211888460094
219.70000000000002,2619.114013177671,15.226932531904971,54.8169571148579
219.75,2619.875389751403,15.22813041737631,54.82126950255471
219.8,2620.636823582045,15.229222808310546,54.82520210991797
219.85000000000002,2621.3983106954356,15.230261727316213,54.82894221833837
219.9,2622.15984980788,15.231302770465362,54.83268997367531
219.95000000000002,2622.9214421562046,15.232391162511885,54.836608185042785
220.0,2623.6830902813717,15.233533844172158,54.84072183901977
220.05,2624.444796715284,15.234723512316675,54.84500464434003
220.10000000000002,2625.2065638130844,15.235960399688349,54.849457438878055
220.15,2625.9683932383896,15.237216612524524,54.85397980508829
220.20000000000002,2626.7302850491774,15.238455818993087,54.85844094837511
220.25,2627.4922373892045,15.239637782096601,54.86269601554776
220.3,2628.2542470590215,15.240749010585617,54.86669643810822
220.35000000000002,2629.0163095880052,15.24175214876006,54.870307735536215
220.4,2629.7784195881104,15.242647855446961,54.87353227960906
220.45000000000002,2630.540572785392,15.243480035821136,54.87652812895609
220.5,2631.3027665003383,15.244268562027424,54.879366823298724
220.55,2632.064998842782,15.245025135730746,54.88209048863069
220.60000000000002,2632.8272690024223,15.245781249881796,54.884812499574466
220.65,2633.589577129354,15.246543827388216,54.887557778597575
220.70000000000002,2634.35192283674,15.247284468043954,54.890224084958234
220.75,2635.114304511087,15.247982505845494,54.89273702104378
220.8,2635.876720139846,15.248642644500842,54.89511352020303
220.85000000000002,2636.639168109162,15.249276128142402,54.897394061312646
220.9,2637.4016473981583,15.249895431710282,54.89962355415702
220.95000000000002,2638.164157816037,15.250521283442666,54.9018766203936
221.0,2638.92669988127,15.251161325881544,54.90418077317356
221.05,2639.689274146684,15.251809290684516,54.90651344646426
221.10000000000002,2640.4518807594773,15.252455221048779,54.9088387957756
221.15,2641.2145190446367,15.253076185330393,54.91107426718941
221.20000000000002,2641.977186104526,15.253606210241745,54.91298235687029
221.25,2642.73987683495,15.2540230067092,54.914482824153126
221.3,2643.5025872706356,15.254394420719379,54.91581991458977
221.35000000000002,2644.2653160206346,15.25475557924392,54.917120085278114
221.4,2645.028062167549,15.25509029733157,54.91832507039366
221.45000000000002,2645.7908245705344,15.255405822090562,54.91946095952603
221.5,2646.5536029195227,15.255728137439235,54.92062129478125
221.55,2647.316398122546,15.256079983494972,54.921887940581904
221.60000000000002,2648.0792116347743,15.25646050562423,54.92325782024723
221.65,2648.8420437675213,15.256824804261793,54.92456929534246
221.70000000000002,2649.604892639362,15.25713006935965,54.925668249694745
221.75,2650.367755687551,15.25739185820975,54.926610689555105
221.8,2651.1306320898384,15.257664233296532,54.92759123986752
221.85000000000002,2651.8935238072195,15.25800446195299,54.928816063030766
221.9,2652.656435765451,15.258473867318958,54.93050592234825
221.95000000000002,2653.4193771119603,15.259179993048186,54.93304797497347
222.0,2654.18236140067,15.260191555329556,54.9366895991864
222.05,2654.945402502471,15.261452516715048,54.94122906017417
222.10000000000002,2655.708510748552,15.262877326513062,54.94635837544702
222.15,2656.47169293577,15.264410162218955,54.95187658398824
222.20000000000002,2657.234952941861,15.265990081415417,54.9575642930955
222.25,2657.9982914450834,15.267550047469848,54.963180170891455
222.3,2658.761705324046,15.269005111028676,54.96841839970323
222.35000000000002,2659.5251870945494,15.270265709104624,54.97295655277665
222.4,2660.2887264329697,15.271307827702284,54.97670817972822
222.45000000000002,2661.052313192468,15.272162552217118,54.979785187981626
222.5,2661.815939058346,15.272872082903918,54.9823394984541
222.55,2662.579597657113,15.273471867780927,54.98449872401134
222.60000000000002,2663.343284394151,15.27399761372872,54.9863914094234
222.65,2664.1069960160303,15.274467261441362,54.988082141188904
222.70000000000002,2664.8707285714936,15.2748349570973,54.98940584555028
222.75,2665.6344751326833,15.27502749049889,54.990098965796
222.8,2666.3982263592206,15.275021571000378,54.99007765560136
222.85000000000002,2667.1619731557157,15.274850288796923,54.989461039668925
222.9,2667.925708348022,15.274557403461849,54.98840665246266
222.95000000000002,2668.6894268528517,15.27418278972782,54.987058043020156
223.0,2669.453125179479,15.273750275345815,54.98550099124493
223.05,2670.216801404255,15.273298715710588,54.98387537655812
223.10000000000002,2670.9804552260043,15.272854154267772,54.982274955363984
223.15,2671.74408745159,15.272434869162302,54.980765528984286
223.20000000000002,2672.507700218231,15.272075796475786,54.97947286731283
223.25,2673.271297496732,15.271815343566216,54.978535236838376
223.3,2674.034885216029,15.271693428316496,54.978096341939384
223.35000000000002,2674.7984709488796,15.27173588569524,54.978249188502865
223.4,2675.56206221001,15.27191455951435,54.97889241425166
223.45000000000002,2676.3256647142443,15.272185609854143,54.979868195474914
223.5,2677.089282725347,15.272534834248855,54.98112540329588
223.55,2677.8529193520308,15.272930233095611,54.9825488391442
223.60000000000002,2678.6165755729685,15.273318604408853,54.98394697587187
223.65,2679.380250076957,15.273661555133026,54.985181598478896
223.70000000000002,2680.1439401172156,15.273940055202472,54.9861841987289
223.75,2680.907642092826,15.274138969217374,54.98690028918254
223.8,2681.67135106385,15.274219871744762,54.987191538281145
223.85000000000002,2682.4350608220057,15.274170454472468,54.98701363610089
223.9,2683.1987657450804,15.274026468518212,54.986495286665566
223.95000000000002,2683.9624625286197,15.273844873044613,54.98584154296061
224.0,2684.7261508950046,15.273689782348109,54.98528321645319
224.05,2685.48983326401,15.27360497787459,54.98497792034853
224.10000000000002,2686.2535129161893,15.273581109297416,54.9848919934707
224.15,2687.0171923656058,15.27359686736205,54.98494872250338
224.20000000000002,2687.7808727769407,15.273619586028406,54.98503050970226
224.25,2688.5445533357847,15.273602767735358,54.98496996384729
224.3,2689.308231861605,15.27353826507177,54.98473775425837
224.35000000000002,2690.0719065458634,15.273449105268462,54.98441677896646
224.4,2690.835577052623,15.273371165120214,54.98413619443277
224.45000000000002,2691.5992442400707,15.273316332787392,54.983938798034615
224.5,2692.362908865445,15.273268682202234,54.98376725592804
224.55,2693.126571430917,15.273233936669648,54.98364217201073
224.60000000000002,2693.8902336341607,15.27325419307033,54.983715095053185
224.65,2694.6538992837304,15.273371789726566,54.98413844301564
224.70000000000002,2695.4175736374414,15.273602358713879,54.98496849136996
224.75,2696.181261797773,15.273924054551749,54.9861265963863
224.8,2696.9449673541235,15.274298199464628,54.98747351807266
224.85000000000002,2697.7086927635237,15.274718176541143,54.988985435548116
224.9,2698.472440477994,15.27519040227373,54.990685448185424
224.95000000000002,2699.236213260601,15.275720901998573,54.99259524719486
225.0,2700.0000146025777,15.276332777081421,54.994797997493116
225.05,2700.763848984826,15.277042512847263,54.99735304625015
225.10000000000002,2701.5277207719105,15.277828970541613,55.00018429394981
225.15,2702.291632512101,15.278640637084177,55.00310629350304
225.20000000000002,2703.0555845902254,15.27944248788938,55.00599295640177
225.25,2703.819576369842,15.28022869676495,55.008823308353826
225.3,2704.583606987558,15.280996011888845,55.011585642799844
225.35000000000002,2705.347674225259,15.28169349614813,55.01409658613327
225.4,2706.111773414776,15.282274084530641,55.01618670431031
225.45000000000002,2706.875898066675,15.282711991426783,55.01776316913642
225.5,2707.640040954215,15.283003510165553,55.018812636595996
225.55,2708.404195651755,15.283184391430169,55.01946380914861
225.60000000000002,2709.168358160392,15.283315954062399,55.01993743462464
225.65,2709.932526554427,15.283419807339055,55.020311306420595
225.70000000000002,2710.6967003052387,15.283530225118124,55.02070881042525
225.75,2711.460879776685,15.283648632744939,55.02113507788178
225.8,2712.2250646665925,15.283746963546916,55.0214890687689
225.85000000000002,2712.9892545116704,15.283846839566575,55.02184862243967
225.9,2713.753450571246,15.283995543458243,55.02238395644967
225.95000000000002,2714.5176561615567,15.284228068961747,55.02322104826229
226.0,2715.2818754626733,15.28454397570928,55.02435831255341
226.05,2716.0461113144743,15.28489009633039,55.02560434678941
226.10000000000002,2716.8103650102366,15.285257734171296,55.026927843016665
226.15,2717.5746379284656,15.285658994985141,55.02837238194651
226.20000000000002,2718.3389315855106,15.286087286813464,55.02991423252847
226.25,2719.103247326742,15.28654236243884,55.031552504779825
226.3,2719.8675868405758,15.287038190917125,55.03333748730165
226.35000000000002,2720.631952375738,15.287583215564382,55.035299576031775
226.4,2721.3963469780124,15.288200875413322,55.03752315148796
226.45000000000002,2722.160773185631,15.288847429341978,55.03985074563112
226.5,2722.925231432133,15.289482430732741,55.04213675063787
226.55,2723.689721090697,15.290103911821337,55.044374082556814
226.60000000000002,2724.4542411599778,15.290698859416874,55.04651589390075
226.65,2725.218790066549,15.291257403441463,55.04852665238927
226.70000000000002,2725.9833653225332,15.291752835925253,55.05031020933091
226.75,2726.747962937572,15.29215176562884,55.05174635626383
226.8,2727.5125782049795,15.292458930671572,55.05285215041766
226.85000000000002,2728.2772062913828,15.292664525467483,55.05359229168294
226.9,2729.0418411190803,15.292728582436055,55.0538228967698
226.95000000000002,2729.806475506006,15.29264689458191,55.053528820494876
227.0,2730.571103506193,15.292473112907906,55.052903206468464
227.05,2731.3357224833085,15.29228597169849,55.05222949811456
227.10000000000002,2732.1003328766396,15.292129761548356,55.051667141574086
227.15,2732.8649361463013,15.292001024909158,55.051203689672974
227.20000000000002,2733.6295335610066,15.29189556331306,55.05082402792702
227.25,2734.394125986559,15.291801458791515,55.050485251649455
227.3,2735.1587139616013,15.291717542898638,55.050183154435096
227.35000000000002,2735.9232979261033,15.291641037181597,55.04990773385375
227.4,2736.687878189615,15.291569503282489,55.04965021181696
227.45000000000002,2737.45245490127,15.291498962919368,55.049396266509724
227.5,2738.2170277916557,15.291416652504275,55.04909994901539
227.55,2738.981595160535,15.29127810267188,55.04860116961877
227.60000000000002,2739.746153800723,15.291067504840978,55.047843017427525
227.65,2740.5107011400964,15.290826070102801,55.04697385237009
227.70000000000002,2741.275235408574,15.290544669000532,55.045960808401915
227.75,2742.0397546839354,15.290226345452012,55.04481484362724
227.8,2742.8042568811084,15.289861541474359,55.04350154930769
227.85000000000002,2743.5687387102007,15.289411622217322,55.04188183998236
227.9,2744.333195820459,15.288872788116578,55.03994203721968
227.95000000000002,2745.097622355389,15.28818860907371,55.037478992665356
228.0,2745.8620104841707,15.287336542199593,55.03441155191854
228.05,2746.62635308865,15.286367636972388,55.030923493100595
228.10000000000002,2747.3906455114366,15.285329274491836,55.027185388170615
228.15,2748.154885233218,15.28425959676265,55.023334548345545
228.20000000000002,2748.919071528467,15.283192213196463,55.019491967507264
228.25,2749.683205128866,15.282151802768817,55.015746489967746
228.3,2750.447287707843,15.28115135630614,55.0121448827021
228.35000000000002,2751.2113216888242,15.28020788294892,55.00874837861611
228.4,2751.9753090830886,15.279287887623475,55.00543639544451
228.45000000000002,2752.739251271744,15.278399658582668,55.002238770897605
228.5,2753.503150115292,15.277554083348225,54.99919470005361
228.55,2754.2670076998115,15.276749297431294,54.99629747075266
228.60000000000002,2755.0308257164397,15.275971367694002,54.99349692369841
228.65,2755.794603708097,15.275148298593255,54.99053387493572
228.70000000000002,2756.558340082696,15.27430668537216,54.98750406733978
228.75,2757.322035499216,15.27350997541992,54.98463591151171
228.8,2758.0856918447307,15.272743845174844,54.98187784262944
228.85000000000002,2758.8493104310855,15.271999609012038,54.97919859244334
228.9,2759.6128923595484,15.271277529493542,54.97659910617675
228.95000000000002,2760.376438671023,15.270574929497887,54.97406974619239
229.0,2761.1399497128164,15.269866742236228,54.97152027205043
229.05,2761.9034250645177,15.269147325820025,54.968930372952094
229.10000000000002,2762.6668640712846,15.268412944857776,54.966286601487994
229.15,2763.4302656140385,15.267648765294966,54.96353555506188
229.20000000000002,2764.193627593613,15.26683041770147,54.960589503725295
229.25,2764.9569466431894,15.265931565342722,54.9573536352338
229.3,2765.7202176982896,15.264910638661002,54.95367829917961
229.35000000000002,2766.4834345554095,15.263763646131586,54.94954912607371
229.4,2767.246592119662,15.262538923973668,54.945140126305205
229.45000000000002,2768.009687614192,15.26128085721268,54.94061108596565
229.5,2768.772720271278,15.26002542622901,54.936091534424435
229.55,2769.5356918154694,15.25883634141286,54.931810829086295
229.60000000000002,2770.2986071344917,15.257776419489662,54.92799511016278
229.65,2771.0614731797646,15.25686539142256,54.92471540912121
229.70000000000002,2771.824297526172,15.256108464865973,54.9219904735175
229.75,2772.587087924122,15.255507453142446,54.919826831312804
229.8,2773.349851806273,15.255047832892881,54.918172198414375
229.85000000000002,2774.1125950163687,15.254680570929132,54.916850055344874
229.9,2774.8753229197146,15.254435562897404,54.915968026430654
229.95000000000002,2775.638041620485,15.254312467925669,54.91552488453241
230.0,2776.4007566672,15.254289400659822,54.91544184237536
230.05,2777.163472653415,15.254350047941122,54.91566017258804
230.10000000000002,2777.926193850133,15.25449782079254,54.91619215485315
230.15,2778.6889247669146,15.254738850471258,54.91705986169653
230.20000000000002,2779.4516701329876,15.255075792453582,54.91827285283289
230.25,2780.2144350538597,15.255521042424913,54.91987575272969
230.3,2780.9772238449696,15.25603060196789,54.921710167084406
230.35000000000002,2781.740038012307,15.256536091528735,54.923529929503445
230.4,2782.5028767763392,15.257014469755717,54.92525209112058
230.45000000000002,2783.2657377547307,15.257424665905045,54.926728797258164
230.5,2784.028616351216,15.257719193501853,54.92778909660667
230.55,2784.7915062237007,15.25787570588233,54.928352541176395
230.60000000000002,2785.554401824859,15.257948340438654,54.92861402557916
230.65,2786.317299119046,15.257943427038386,54.92859633733819
230.70000000000002,2787.080194727854,15.257880925289886,54.92837133104359
230.75,2787.8430858844763,15.25776533959661,54.927955222547794
230.8,2788.60596945936,15.25757765576056,54.927279560738015
230.85000000000002,2789.3688415770903,15.257307053454749,54.9263053924371
230.9,2790.1316985015847,15.256969926321947,54.92509173475901
230.95000000000002,2790.8945370480346,15.256571931671353,54.92365895401687
231.0,2791.6573536308733,15.256091381867876,54.92192897472435
231.05,2792.420143973078,15.25552230633021,54.919880302788755
231.10000000000002,2793.182903605958,15.254863008869863,54.91750683193151
231.15,2793.945627618294,15.254097484578768,54.914750944483565
231.20000000000002,2794.7083105714382,15.253220641186871,54.91159430827274
231.25,2795.4709471126603,15.252241007697869,54.90806762771233
231.3,2796.2335325345684,15.251175868626934,54.90423312705696
231.35000000000002,2796.996063337626,15.250056253673545,54.90020251322476
231.4,2797.758537125063,15.248895243809478,54.896022877714124
231.45000000000002,2798.520951579639,15.247682939244825,54.89165858128137
231.5,2799.283303403525,15.246390016201026,54.8870040583237
231.55,2800.0455885393603,15.24501541720402,54.882055501934474
231.60000000000002,2800.807802992594,15.243562712156658,54.87682576376397
231.65,2801.569943071027,15.242040425163536,54.87134553058873
231.70000000000002,2802.332005456651,15.240454999797375,54.865637999270554
231.75,2803.0939865074174,15.238787030855715,54.85963331108057
231.8,2803.8558816123086,15.237017164783694,54.8532617932213
231.85000000000002,2804.61768652414,15.235179308469956,54.84664551049184
231.9,2805.3793978559597,15.23327396430947,54.83978627151409
231.95000000000002,2806.14101353416,15.231353163700252,54.83287138932091
232.0,2806.9025339689115,15.22946422637252,54.826071214941074
232.05,2807.663962003154,15.227657143331847,54.81956571599465
232.10000000000002,2808.4253024653585,15.225961344840805,54.813460841426895
232.15,2809.1865619448286,15.224417833962162,54.807904202263785
232.20000000000002,2809.947747997173,15.223024259819642,54.80288733535071
232.25,2810.708866596216,15.22171970191005,54.79819092687618
232.3,2811.4699201991575,15.22042441575201,54.79352789670724
232.35000000000002,2812.2309081883095,15.219095150332441,54.78874254119679
232.4,2812.991828426442,15.217714374970505,54.78377174989382
232.45000000000002,2813.752677682511,15.216255867782799,54.77852112401808
232.5,2814.5134518612936,15.214711283510452,54.772960620637626
232.55,2815.274147126516,15.213099325387779,54.767157571396005
232.60000000000002,2816.034760458509,15.211433954345281,54.76116223564301
232.65,2816.79529068461,15.209775089694208,54.75519032289915
232.70000000000002,2817.555738665086,15.20814412936561,54.7493188657162
232.75,2818.316105661086,15.206535710638054,54.743528558296994
232.8,2819.0763917937898,15.204909597511545,54.737674551041565
232.85000000000002,2819.8365958962313,15.203254500154133,54.73171620055488
232.9,2820.596715673672,15.201536597476174,54.72553175091423
232.95000000000002,2821.3567466242475,15.199701425548149,54.718925131973336
233.0,2822.1166822685836,15.19772434789377,54.71180765241757
233.05,2822.8765161307683,15.195630139488372,54.70426850215814
233.10000000000002,2823.6362441367805,15.193490101008706,54.696564363631346
233.15,2824.395865768719,15.191375176531686,54.68895063551407
233.20000000000002,2825.1553838957466,15.189349904579139,54.681659656484904
233.25,2825.9148032454077,15.18742408185852,54.674726694690676
233.3,2826.674128397322,15.185581994702698,54.66809518092971
233.35000000000002,2827.4333640054947,15.183842332212109,54.66183239596359
233.4,2828.1925154196792,15.18221423517681,54.65597124663652
233.45000000000002,2828.951587543284,15.18067070901703,54.65041455246131
233.5,2829.710583604191,15.17917172726533,54.645018218155194
233.55,2830.4695050493106,15.177686077523267,54.63966987908376
233.60000000000002,2831.2283525772914,15.176215041706921,54.63437415014492
233.65,2831.9871264998174,15.174741859333315,54.629070693599935
233.70000000000002,2832.7458267466604,15.173268014391262,54.623764851808545
233.75,2833.504453933414,15.17181945574928,54.61855004069741
233.8,2834.2630103434485,15.170436945629262,54.61357300426535
233.85000000000002,2835.021500143903,15.169155072546236,54.60895826116645
233.9,2835.77992887218,15.16799405853532,54.60477861072716
233.95000000000002,2836.538302400293,15.166947066001176,54.60100943760423
234.0,2837.296625270843,15.16596775599426,54.59748392157933
234.05,2838.054901873248,15.16509634021305,54.59434682476699
234.10000000000002,2838.8131369430484,15.164306451795252,54.591503226462905
234.15,2839.57133463168,15.163601093479246,54.58896393652528
234.20000000000002,2840.3294985133916,15.162954174970995,54.58663502989558
234.25,2841.0876296846614,15.162292675809134,54.58425363291288
234.3,2841.845726326471,15.161572996573492,54.58166278766457
234.35000000000002,2842.603784306878,15.16074621970988,54.57868639095557
234.4,2843.3617986695012,15.15982828521858,54.57538182678689
234.45000000000002,2844.1197642737543,15.158795884896923,54.57166518562892
234.5,2844.87767450257,15.15761326772702,54.56740776381727
234.55,2845.635522315612,15.15629925395228,54.56267731422821
234.60000000000002,2846.3933035299665,15.154949320235072,54.55781755284626
234.65,2847.15101781162,15.153621945914676,54.55303900529283
234.70000000000002,2847.9086661279953,15.152310709088212,54.54831855271757
234.75,2848.666249739527,15.151033752167912,54.543721507804484
234.8,2849.4237700580366,15.149778988214774,54.53920435757318
234.85000000000002,2850.1812300542906,15.148620861951784,54.53503510302642
234.9,2850.938634102922,15.147541083311117,54.53114789992002
234.95000000000002,2851.6959845882984,15.146478331742287,54.527321994272235
235.0,2852.453281040383,15.145379751642764,54.523367105913955
235.05,2853.2105210929367,15.14422235051379,54.51920046184964
235.10000000000002,2853.9677027380326,15.143043453313418,54.514956431928304
235.15,2854.724824849441,15.141841003019096,54.510627610868745
235.20000000000002,2855.4818869897395,15.140644608917487,54.50632059210295
235.25,2856.2388914511853,15.13953384891073,54.50232185607863
235.3,2856.9958443959267,15.138583940753154,54.498902186711355
235.35000000000002,2857.7527540930496,15.137803944163831,54.496094198989795
235.4,2858.5096287553033,15.13718254597613,54.493857165514065
235.45000000000002,2859.2664761766423,15.136714307580856,54.49217150729108
235.5,2860.0233038817514,15.136393896788185,54.491018028437466
235.55,2860.7801192157594,15.136219463539753,54.49039006874311
235.60000000000002,2861.536928316522,15.136144566954513,54.49012044103625
235.65,2862.2937345381492,15.136104298144975,54.48997547332191
235.70000000000002,2863.0505390491608,15.136076142322679,54.48987411236165
235.75,2863.807341514696,15.136022479091558,54.48968092472961
235.8,2864.5641402996225,15.135928917966801,54.489344104680484
235.85000000000002,2865.3209338890833,15.135814660466767,54.48893277768036
235.9,2866.077721969174,15.135708543154557,54.48855075535641
235.95000000000002,2866.834505310676,15.135625116914863,54.48825042089351
236.0,2867.591284952125,15.135560541052694,54.4880179477897
236.05,2868.348063042955,15.13556309213208,54.48802713167549
236.10000000000002,2869.1048451980405,15.135723111288836,54.488603200639815
236.15,2869.8616416574755,15.136135266105494,54.490086957979784
236.20000000000002,2870.618464851568,15.136792497597487,54.49245299135095
236.25,2871.375327363443,15.137707977396804,54.4957487186285
236.3,2872.1322416043877,15.13886166040136,54.4999019774449
236.35000000000002,2872.889218700848,15.140222197994795,54.504799912781266
236.4,2873.6462680021727,15.141749855002374,54.51029947800855
236.45000000000002,2874.4033955790183,15.143353218826492,54.51607158777537
236.5,2875.160603913324,15.144980153403862,54.521928552253904
236.55,2875.917893332841,15.146596627277585,54.527747858199305
236.60000000000002,2876.6752636141464,15.14821462494059,54.53357264978612
236.65,2877.432715278443,15.149851946931273,54.539467008952585
236.70000000000002,2878.190249784629,15.151528300503982,54.54550188181433
236.75,2878.947870306318,15.153292567051032,54.55185324138372
236.8,2879.705582289396,15.155186756071043,54.55867232185575
236.85000000000002,2880.463392452563,15.157219770616905,54.56599117422086
236.9,2881.2213061141933,15.159326694608433,54.57357610059036
236.95000000000002,2881.979326238695,15.161478285464492,54.58132182767217
237.0,2882.737453286165,15.16360361332284,54.588973007962224
237.05,2883.495684486146,15.165644385918007,54.59631978930483
237.10000000000002,2884.2540143980505,15.167552090262697,54.60318752494571
237.15,2885.0124356962515,15.169299837786665,54.609479416031995
237.20000000000002,2885.77094010792,15.170876628962258,54.61515586426413
237.25,2886.529519137959,15.172284572598866,54.62022446135592
237.3,2887.2881657797543,15.173581099202679,54.62489195712964
237.35000000000002,2888.0468754946546,15.174807496804469,54.62930698849609
237.4,2888.805645517896,15.175993432868438,54.63357635832638
237.45000000000002,2889.564474408926,15.177162208314972,54.6377839499339
237.5,2890.3233619931693,15.178341161414526,54.64202818109229
237.55,2891.0823096541885,15.179565279348108,54.64643500565319
237.60000000000002,2891.841319968356,15.180847287357343,54.65105023448643
237.65,2892.6003959584395,15.182192315977751,54.65589233751991
237.70000000000002,2893.3595407384983,15.183598886375172,54.66095599095062
237.75,2894.1187566689937,15.185038333450443,54.6661380004216
237.8,2894.878046045866,15.18653674145255,54.67153226922918
237.85000000000002,2895.6374125429506,15.18812314192461,54.677243310928596
237.9,2896.396860804078,15.18980730317412,54.68330629142684
237.95000000000002,2897.1563959905393,15.191600155263433,54.689760558948365
238.0,2897.916023095318,15.193484035882825,54.696542529178174
238.05,2898.675746533767,15.195453502072693,54.7036326074617
238.10000000000002,2899.435570272322,15.197496040137505,54.71098574449502
238.15,2900.1954980751952,15.199616074788135,54.71861786923729
238.20000000000002,2900.9555334124566,15.20179741566616,54.72647069639818
238.25,2901.7156793164936,15.204038745818437,54.734539484946374
238.3,2902.475939395061,15.206364396860543,54.742911828697956
238.35000000000002,2903.236317007923,15.208740117624288,54.75146442344744
238.4,2903.996813412247,15.211116055341162,54.76001779922818
238.45000000000002,2904.757427731967,15.213456733451006,54.76844424042362
238.5,2905.518158732735,15.215783297284801,54.77681987022529
238.55,2906.279005917821,15.218104106140096,54.78517478210435
238.60000000000002,2907.0399691451944,15.220424988798941,54.793529959676185
238.65,2907.801048592392,15.222752899110283,54.80191043679702
238.70000000000002,2908.5622439164445,15.225060062983633,54.81021622674108
238.75,2909.3235537675127,15.227333979755329,54.81840232711919
238.8,2910.084976134767,15.229560710420603,54.826418557514174
238.85000000000002,2910.846508914673,15.23175048580998,54.834301748915934
238.9,2911.6081507520003,15.233923007286787,54.84212282623243
238.95000000000002,2912.369901976105,15.236125956902498,54.850053444848996
239.0,2913.1317651439385,15.23840075643891,54.858242723180076
239.05,2913.893743212589,15.240721989585081,54.86659916250629
239.10000000000002,2914.6558388647086,15.243104095198849,54.875174742715856
239.15,2915.418055935599,15.24557874042278,54.884083465522004
239.20000000000002,2916.180399253328,15.248153968723237,54.89335428740365
239.25,2916.942873676393,15.250822953880792,54.90296263397085
239.3,2917.705483732092,15.25357927407872,54.9128853866834
239.35000000000002,2918.468232894476,15.256387221271565,54.92299399657763
239.4,2919.231122176796,15.259184071520162,54.93306265747258
239.45000000000002,2919.994150003159,15.261928983005017,54.942944338818066
239.5,2920.757313686913,15.264618367164342,54.95262612179163
239.55,2921.520610864305,15.267268728505847,54.96216742262105
239.60000000000002,2922.28403974336,15.269886433687702,54.97159116127573
239.65,2923.0475983733036,15.272458764040113,54.98085155054441
239.70000000000002,2923.811285010674,15.275006730782117,54.99002423081562
239.75,2924.575099230314,15.277562054827879,54.99922339738036
239.8,2925.3390423877886,15.28016424415414,55.0085912789549
239.85000000000002,2926.1031167269257,15.282809321338686,55.01811355681927
239.9,2926.86732295649,15.285439861247301,55.02758350049029
239.95000000000002,2927.6316599862894,15.288041330716432,55.03694879057915
240.0,2928.396126590906,15.290622853949568,55.04624227421844
240.05,2929.160721390085,15.29316911320807,55.05540880754905
240.10000000000002,2929.9254413498916,15.29562927905135,55.064265404584866
240.15,2930.690282049116,15.297998689917943,55.07279528370459
240.20000000000002,2931.4552390877775,15.300282856543653,55.08101828355715
240.25,2932.2203082719025,15.302484508446529,55.088944230407506
240.3,2932.9854850405154,15.304586236066662,55.09651044983998
240.35000000000002,2933.750764430001,15.306589343356784,55.10372163608442
240.4,2934.5161428373626,15.30854695111462,55.11076902401263
240.45000000000002,2935.2816183497316,15.31047354364686,55.1177047571287
240.5,2936.0471899751933,15.312391474828308,55.12460930938191
240.55,2936.812857169802,15.31429630952619,55.131466714294284
240.60000000000002,2937.57861914224,15.316182587976348,55.138257316714856
240.65,2938.3444759073623,15.318088016912977,55.145116860886716
240.70000000000002,2939.110429057466,15.320037987236017,55.152136754049664
240.75,2939.8764800563254,15.32200196713773,55.15920708169583
240.8,2940.6426291610164,15.323962220512904,55.16626399384646
240.85000000000002,2941.4088767248795,15.325940334010863,55.17338520243911
240.9,2942.1752243004244,15.327962687777799,55.180665676000075
240.95000000000002,2942.9416751104545,15.330069713436789,55.188250968372444
241.0,2943.7082342565204,15.332296129199804,55.196266065119296
241.05,2944.4749078971604,15.334649496394901,55.20473818702165
241.10000000000002,2945.2417021881897,15.3371221447728,55.21363972118208
241.15,2946.0086218598085,15.3396647199774,55.22279299191864
241.20000000000002,2946.775670196349,15.34226874163339,55.2321674698802
241.25,2947.5428498947804,15.344919195616427,55.24170910421914
241.3,2948.3101627839997,15.347596373158282,55.25134694336982
241.35000000000002,2949.077609708223,15.350280595770435,55.26101014477357
241.4,2949.845190283313,15.352942407835485,55.27059266820775
241.45000000000002,2950.6129023698754,15.35554105465545,55.27994779675962
241.5,2951.38074314496,15.358089948726063,55.289123815413824
241.55,2952.148710514596,15.360604836727596,55.298177412219346
241.60000000000002,2952.9168030023147,15.363094672015446,55.30714081925561
241.65,2953.685019506309,15.365565487750393,55.31603575590142
241.70000000000002,2954.453359290653,15.368025886022881,55.32489318968237
241.75,2955.221820704862,15.370430682313106,55.33355045632718
241.8,2955.990399427431,15.372718220452791,55.34178559363005
241.85000000000002,2956.7590883224057,15.374837578533265,55.349415282719754
241.9,2957.527879183325,15.376796858236272,55.35646868965058
241.95000000000002,2958.2967650136993,15.378636356746055,55.363090884285796
242.0,2959.0657407225303,15.38039199648576,55.36941118734873
242.05,2959.8348034902997,15.3821187142858,55.375627371428884
242.10000000000002,2960.6039528639208,15.383856230566217,55.38188243003838
242.15,2961.3731902752575,15.385640222898306,55.38830480243391
242.20000000000002,2962.1425193500095,15.387522767178538,55.39508196184274
242.25,2962.9119461916634,15.38955089898732,55.40238323635435
242.3,2963.6814782724387,15.391732332027647,55.410236395299535
242.35000000000002,2964.45112386215,15.394091256415656,55.41872852309636
242.4,2965.220891711397,15.396622713478852,55.42784176852387
242.45000000000002,2965.990789294217,15.399280599320612,55.437410157554204
242.5,2966.7608216005747,15.402011654995661,55.44724195798438
242.55,2967.5309916333567,15.404789656285445,55.4572427626276
242.60000000000002,2968.3013007543777,15.407575184557729,55.46727066440783
242.65,2969.071749155079,15.410360843501365,55.47729903660492
242.70000000000002,2969.8423355659597,15.41309559172743,55.48714413021875
242.75,2970.6130577228946,15.41579068566818,55.496846468405444
242.8,2971.3839138332223,15.418453727435795,55.506433418768864
242.85000000000002,2972.154902265088,15.421083547189632,55.51590076988268
242.9,2972.9260216984103,15.423693785709183,55.52529762855306
242.95000000000002,2973.697271250135,15.42628828327901,55.53463781980444
243.0,2974.468650054144,15.428863877071787,55.54390995745844
243.05,2975.24015781211,15.431446441568312,55.553207189645924
243.10000000000002,2976.011794754206,15.434031242292171,55.56251247225182
243.15,2976.7835603635913,15.436593133112837,55.571735279206216
243.20000000000002,2977.5554527377553,15.439101833452966,55.58076660043068
243.25,2978.327468495628,15.441528481468724,55.58950253328741
243.3,2979.0996024968586,15.443831567738233,55.59779364385764
243.35000000000002,2979.8718486394896,15.44601413751155,55.605650895041585
243.4,2980.644200565995,15.44806292271116,55.613026521760176
243.45000000000002,2981.4166529144127,15.450031013984287,55.62011165034343
243.5,2982.1892023290993,15.451945573487066,55.62700406455344
243.55,2982.961846084791,15.453804654176363,55.633696755034904
243.60000000000002,2983.734581597372,15.455615849064788,55.64021705663324
243.65,2984.507406624376,15.457385231087096,55.646586831913545
243.70000000000002,2985.2803192211227,15.459118638778913,55.65282709960409
243.75,2986.0533178991873,15.460828483803574,55.65898254169287
243.8,2986.8264014800784,15.462514751833904,55.66505310660206
243.85000000000002,2987.599568315592,15.464158668713267,55.670971207367764
243.9,2988.372815316777,15.465721378688407,55.676596963278264
243.95000000000002,2989.1461372711615,15.46715679668391,55.68176446806208
244.0,2989.919528792155,15.468504043040614,55.68661455494621
244.05,2990.6929864284134,15.469801407299524,55.69128506627829
244.10000000000002,2991.4665075477187,15.47104336491045,55.695756113677625
244.15,2992.2400901646274,15.472261311437366,55.70014072117452
244.20000000000002,2993.0137339806706,15.473491330296385,55.70456878906699
244.25,2993.7874392559065,15.474719679144894,55.708990844921615
244.3,2994.5612053497657,15.47592407521778,55.71332667078401
244.35000000000002,2995.335029378695,15.477037081952371,55.71733349502854
244.4,2996.108905088626,15.477991315309716,55.72076873511498
244.45000000000002,2996.8828238328406,15.47875845326054,55.72353043173794
244.5,2997.656775744799,15.479318025059737,55.725544890215055
244.55,2998.430748876674,15.479607249942756,55.72658609979392
244.60000000000002,2999.204727150663,15.479523709614796,55.72628535461327
244.65,2999.9786907614834,15.479020723201788,55.72447460352644
244.70000000000002,3000.752619118708,15.478113565779504,55.72120883680621
244.75,3001.52649116935,15.476768459890724,55.71636645560661
244.8,3002.3002835615325,15.47492722742592,55.70973801873332
244.85000000000002,3003.0739714327665,15.472587621938528,55.7013154389787
244.9,3003.84753032929,15.469768238999226,55.69116566039722
244.95000000000002,3004.620936102552,15.466462691488257,55.67926568935773
245.0,3005.3941641557626,15.462659436931869,55.66557397295473
245.05,3006.1671890667176,15.458337001261839,55.650013204542624
245.10000000000002,3006.9399859045407,15.453536511655614,55.63273144196021
245.15,3007.7125338841065,15.448382670975608,55.61417761551219
245.20000000000002,3008.4848178729603,15.44297688318559,55.59471677946813
245.25,3009.256826650868,15.437374233116333,55.5745472392188
245.3,3010.0285526623675,15.431666226867186,55.553998416721875
245.35000000000002,3010.7999937325803,15.425976581643635,55.53351569391709
245.4,3011.5711523060386,15.420366356692913,55.51331888409449
245.45000000000002,3012.3420329393257,15.414858974799731,55.493492309279034
245.5,3013.1126422868874,15.409514927669507,55.474253739610226
245.55,3013.8829901693107,15.404400369252834,55.4558413293102
245.60000000000002,3014.653088410158,15.399529264634227,55.438305352683216
245.65,3015.4229489829377,15.394893646555268,55.421617127598964
245.70000000000002,3016.192583302956,15.390479154182152,55.40572495505575
245.75,3016.9620011869047,15.386236203763534,55.39045033354873
245.8,3017.731210046103,15.382118164175818,55.37562539103295
245.85000000000002,3018.5002155255715,15.378101014563555,55.3611636524288
245.9,3019.2690211773865,15.374125058042104,55.34685020895157
245.95000000000002,3020.0376280588457,15.370150200315535,55.33254072113593
246.0,3020.806035973687,15.366166393338913,55.31819901602009
246.05,3021.574243224417,15.362123635868612,55.303645089127
246.10000000000002,3022.342244815877,15.357940022531816,55.288584081114536
246.15,3023.1100331290713,15.353592505229138,55.272933018824894
246.20000000000002,3023.8776009645076,15.34912091222072,55.25683528399459
246.25,3024.6449414179333,15.344497224807874,55.24019000930835
246.3,3025.4120457370154,15.339675538473166,55.2228319385034
246.35000000000002,3026.178904872959,15.334689899254355,55.20488363731568
246.4,3026.9455124638807,15.32961373761757,55.18660945542326
246.45000000000002,3027.7118649702625,15.324486517651128,55.16815146354406
246.5,3028.477960247805,15.319324584062045,55.14956850262336
246.55,3029.243798726607,15.314214568009717,55.13117244483498
246.60000000000002,3030.009385585718,15.309259796422413,55.11333526712069
246.65,3030.774730605367,15.30454098954502,55.09634756236207
246.70000000000002,3031.5398476335927,15.30014013948174,55.08050450213427
246.75,3032.304752895004,15.296070316974784,55.06585314110922
246.8,3033.069464114217,15.29237845155301,55.052562425590835
246.85000000000002,3033.834001998337,15.289136913233893,55.040892887642016
246.9,3034.5983888688456,15.28633790711075,55.030816465598704
246.95000000000002,3035.362645177373,15.283914433981106,55.022091962331984
247.0,3036.1267902136615,15.281887017555583,55.0147932632001
247.05,3036.890844478725,15.28028358497735,55.00902090591846
247.10000000000002,3037.654829315977,15.279109905123242,55.004795658443676
247.15,3038.4187654740917,15.27833641946411,55.0020111100708
247.20000000000002,3039.182673014515,15.2779651974563,55.00067471084268
247.25,3039.946573887346,15.27806971577998,55.001050976807925
247.3,3040.710492829918,15.278687987114846,55.00327675361345
247.35000000000002,3041.474455410326,15.279815229190117,55.00733482508442
247.4,3042.2384868340196,15.281441718554463,55.013190186796066
247.45000000000002,3043.0026109533105,15.2835230530837,55.02068299110132
247.5,3043.7668512291216,15.286087979352786,55.02991672567003
247.55,3044.531231484849,15.289122249730658,55.04084009903037
247.60000000000002,3045.2957726563113,15.292524608768062,55.05308859156502
247.65,3046.06049095954,15.29620752038259,55.06634707337732
247.70000000000002,3046.825399556368,15.300136352746929,55.08049086988895
247.75,3047.5905093775864,15.304256495980546,55.095323385529966
247.8,3048.3558285922472,15.308512090451485,55.11064352562535
247.85000000000002,3049.1213628023133,15.31285631220037,55.126282723921335
247.9,3049.887116260063,15.317281997793604,55.14221519205697
247.95000000000002,3050.6530928125003,15.321780099702373,55.15840835892855
248.0,3051.4192952704225,15.326318217184419,55.17474558186391
248.05,3052.1857243906197,15.330846590698133,55.19104772651328
248.10000000000002,3052.9523790434187,15.33533952125142,55.207222276505114
248.15,3053.719256606602,15.33976300607797,55.22314682188069
248.20000000000002,3054.48635362907,15.34411789265192,55.23882441354691
248.25,3055.2536665406747,15.348398571539478,55.25423485754212
248.3,3056.0211908442475,15.352573571374819,55.26926485694935
248.35000000000002,3056.7889209233635,15.356629593275532,55.283866535791915
248.4,3057.5568505898323,15.360557065478382,55.298005435722175
248.45000000000002,3058.324973425516,15.364356361873215,55.31168290274358
248.5,3059.093282979902,15.368025813579072,55.32489292888466
248.55,3059.861772127449,15.3715400882939,55.33754431785804
248.60000000000002,3060.6304322631254,15.374865338762227,55.34951521954402
248.65,3061.3992535659017,15.377986772296033,55.36075238026572
248.70000000000002,3062.168226233305,15.380919923849907,55.37131172585967
248.75,3062.937341756524,15.383701004893904,55.38132361761806
248.8,3063.7065933400168,15.386362334815223,55.3909044053348
248.85000000000002,3064.4759748892807,15.388899635740472,55.4000386886657
248.9,3065.2454803084115,15.391317129491895,55.408741666170826
248.95000000000002,3066.0151046332667,15.393655864711633,55.41716111296188
249.0,3066.7848445324357,15.39594010204953,55.42538436737831
249.05,3067.5546973308083,15.398171832847002,55.433418598249204
249.10000000000002,3068.324659266753,15.40030560493874,55.44110017777947
249.15,3069.094724198031,15.402291646193035,55.44824992629493
249.20000000000002,3069.8648841355543,15.4041058547323,55.45478107703628
249.25,3070.6351297729316,15.405719640356992,55.46059070528517
249.3,3071.4054503919615,15.407105120833254,55.46557843499971
249.35000000000002,3072.175834284675,15.408250587714393,55.46970211577182
249.4,3072.9462701787215,15.409185174149684,55.473066626938866
249.45000000000002,3073.7167484540787,15.409945840132043,55.475805024475356
249.5,3074.487261075904,15.410559032882794,55.47801251837806
249.55,3075.2578006682984,15.411024662902303,55.47968878644829
249.60000000000002,3076.0283605445074,15.411370385460852,55.48093338765907
249.65,3076.7989365414746,15.411669493222831,55.48201017560219
249.70000000000002,3077.5695268639624,15.411943406291481,55.48299626264934
249.75,3078.3401301492077,15.412188003525634,55.48387681269228
249.8,3079.1107447875575,15.412397530459405,55.48463110965386
249.85000000000002,3079.8813689668223,15.412569640131085,55.48525070447191
249.9,3080.6520009363426,15.412709140686164,55.485752906470196
249.95000000000002,3081.4226388812217,15.412808654477512,55.486111156119044
250.0,3082.1932805571823,15.412858383944709,55.48629018220095
250.05,3082.9639233115945,15.412851792537658,55.48626645313557
250.10000000000002,3083.7345644091974,15.41279211157143,55.48605160165715
250.15,3084.5052014366524,15.412688986620989,55.48568035183556
250.20000000000002,3085.2758327253887,15.412562562823132,55.48522522616327
250.25,3086.046457444858,15.412426215951939,55.48473437742698
250.3,3086.817075937643,15.412313495460834,55.48432858365901
250.35000000000002,3087.587689960705,15.41224742701906,55.48409073726862
250.4,3088.3583019985867,15.412234088243524,55.48404271767669
250.45000000000002,3089.128915196821,15.412293841126502,55.484257828055405
250.5,3089.8995337383417,15.412447819708383,55.484812150950184
250.55,3090.670161488107,15.412662170917493,55.485583815302974
250.60000000000002,3091.4408005138393,15.412898858362711,55.48643589010576
250.65,3092.2114514311183,15.41313783280534,55.48729619809922
250.70000000000002,3092.98211383374,15.413358272066343,55.48808977943884
250.75,3093.7527867210715,15.413557221189215,55.48880599628118
250.8,3094.5234690977486,15.413737845895543,55.489456245223955
250.85000000000002,3095.2941610541766,15.413940411216263,55.49018548037855
250.9,3096.0648639449755,15.414175220732249,55.491030794636096
250.95000000000002,3096.8355792130774,15.414435503336872,55.49196781201274
251.0,3097.606308011618,15.41471643828568,55.49297917782845
251.05,3098.377051638487,15.415028636478024,55.49410309132089
251.10000000000002,3099.1478117905367,15.415377445500248,55.49535880380089
251.15,3099.9185905402546,15.415772543223799,55.496781155605674
251.20000000000002,3100.6893899431857,15.41620357401893,55.49833286646815
251.25,3101.460210455057,15.41661690085049,55.49982084306177
251.3,3102.231051701517,15.417032957544535,55.501318647160325
251.35000000000002,3103.0019141777384,15.41746609130897,55.502877928712294
251.4,3103.772798489792,15.417906390827952,55.50446300698063
251.45000000000002,3104.5437058776674,15.418389124183602,55.50620084706097
251.5,3105.3146393983616,15.418951703582575,55.50822613289727
251.55,3106.0856037349467,15.419621759831035,55.510638335391725
251.60000000000002,3106.856603554089,15.420371005849866,55.51333562105952
251.65,3107.6276420381178,15.421168355295034,55.51620607906212
251.70000000000002,3108.398721336935,15.42200359739421,55.519212950619156
251.75,3109.16984313208,15.422868208416709,55.52232555030015
251.8,3109.94100825794,15.423736825978995,55.52545257352438
251.85000000000002,3110.7122164836883,15.424592203937905,55.52853193417646
251.9,3111.483466398631,15.425404393770584,55.531455817574106
251.95000000000002,3112.254754891151,15.426135307032276,55.534087105316196
252.0,3113.0260777529793,15.42677916609414,55.5364049979389
252.05,3113.7974297698483,15.42730150866959,55.538285431210525
252.10000000000002,3114.568804275641,15.427678723035374,55.53964340292735
252.15,3115.340194078161,15.427913377759989,55.54048815993596
252.20000000000002,3116.111592103798,15.428007647723721,55.5408275318054
252.25,3116.882991521439,15.427969057911021,55.54068860847968
252.3,3117.6543860662496,15.427812734508905,55.54012584423206
252.35000000000002,3118.4257701764777,15.427551674611879,55.539186028602764
252.4,3119.197138773848,15.42719222020737,55.53789199274654
252.45000000000002,3119.9684867812293,15.4267280750488,55.53622107017568
252.5,3120.7398093994166,15.42617665244877,55.53423594881558
252.55,3121.511102659413,15.425553747423042,55.531993490722954
252.60000000000002,3122.2823634323363,15.424877169504402,55.52955781021585
252.65,3123.053589420417,15.42416235373944,55.52698447346199
252.70000000000002,3123.8247792483617,15.42343076403137,55.52435075051293
252.75,3124.5959333322166,15.422732590174299,55.52183732462748
252.8,3125.3670540816024,15.422097385250481,55.51955058690174
252.85000000000002,3126.1381458601636,15.42157375719448,55.51766552590013
252.9,3126.909214611532,15.421176297545147,55.51623467116253
252.95000000000002,3127.680267302295,15.420931332955904,55.51535279864125
253.0,3128.4513120636466,15.420859121104744,55.51509283597708
253.05,3129.2223576346496,15.420963719010278,55.515469388437
253.10000000000002,3129.993411970057,15.421209697282402,55.51635491021665
253.15,3130.7644816678257,15.421578213459988,55.517681568455956
253.20000000000002,3131.53557274466,15.422064859913746,55.51943349568949
253.25,3132.306690445427,15.422643170784042,55.52151541482255
253.3,3133.0778389099114,15.423295408587485,55.52386347091495
253.35000000000002,3133.84902139272,15.424003903743255,55.52641405347572
253.4,3134.62024034127,15.424754038254786,55.529114537717234
253.45000000000002,3135.391497496466,15.425532169582937,55.531915810498575
253.5,3136.1627934839366,15.426307329237208,55.53470638525395
253.55,3136.9341279331743,15.42707064027072,55.537454304974595
253.60000000000002,3137.705499265394,15.427782648515922,55.54001753465732
253.65,3138.4769045521134,15.428428820259635,55.542343752934684
253.70000000000002,3139.2483402666026,15.428999759306922,55.544399133504925
253.75,3140.019802180612,15.429476801057845,55.54611648380824
253.8,3140.7912850419552,15.429837652672312,55.547415549620325
253.85000000000002,3141.5627829006557,15.430076695347054,55.5482761032494
253.9,3142.3342894153016,15.430183890491165,55.54866200576819
253.95000000000002,3143.1057984638383,15.430178050981372,55.54864098353294
254.0,3143.877305131537,15.43008865697029,55.54831916509304
254.05,3144.648805922134,15.429942966914647,55.54779468089273
254.10000000000002,3145.4202989821197,15.429779432502526,55.5472059570091
254.15,3146.191784291705,15.429632950908115,55.546678623269216
254.20000000000002,3146.963263317117,15.429528065568404,55.54630103604625
254.25,3147.7347386305396,15.429484471348413,55.54614409685429
254.3,3148.5062133616057,15.429504771301854,55.546217176686675
254.35000000000002,3149.2776902018186,15.429568837214651,55.54644781397275
254.4,3150.049171316271,15.429675740889392,55.54683266720181
254.45000000000002,3150.820658374721,15.429806597108502,55.54730374959061
254.5,3151.5921521893783,15.429945989188667,55.5478055610792
254.55,3152.36365283297,15.430079754467155,55.54828711608176
254.60000000000002,3153.1351602387413,15.430216476396534,55.548779315027524
254.65,3153.906675232965,15.430383292559258,55.54937985321333
254.70000000000002,3154.6781998469983,15.430601268770381,55.550164567573376
254.75,3155.4497373131385,15.430897376835151,55.55123055660655
254.8,3156.2212925072254,15.431310386647827,55.55271739193218
254.85000000000002,3156.992871330011,15.43184252477883,55.55463308920379
254.9,3157.764479311586,15.432476738221439,55.55691625759718
254.95000000000002,3158.536121354921,15.4332049951684,55.55953798260624
255.0,3159.3078018403257,15.43401442102857,55.56245191570285
255.05,3160.0795237064017,15.4348602220108,55.56549679923888
255.10000000000002,3160.851287336384,15.43568497726998,55.56846591817193
255.15,3161.6230907264303,15.436450624592023,55.571222248531285
255.20000000000002,3162.394929883115,15.437115642798634,55.57361631407508
255.25,3163.1667985027966,15.43762914446338,55.575464920068164
255.3,3163.9386884137234,15.437967292600579,55.57668225336209
255.35000000000002,3164.7105911339195,15.438141515234914,55.57730945484569
255.4,3165.4824991269534,15.43817820611952,55.57744154203027
255.45000000000002,3166.254406981175,15.438135962753112,55.57728946591121
255.5,3167.0263120239297,15.438065747426375,55.57703669073495
255.55,3167.798212949746,15.437971285229729,55.57669662682702
255.60000000000002,3168.5701095619925,15.437893204632607,55.57641553667739
255.65,3169.3420039650755,15.437882918695873,55.576378507305144
255.70000000000002,3170.11389965439,15.437944653880137,55.5766007539685
255.75,3170.88579909364,15.438032916119802,55.57691849803129
255.8,3171.6577021645903,15.43808992190164,55.577123718845904
255.85000000000002,3172.4296067007,15.438091522474114,55.57712948090681
255.9,3173.2015096535206,15.438026590361812,55.57689572530252
255.95000000000002,3173.9734080101293,15.437907673990399,55.576467626365435
256.0,3174.7453000762343,15.437774970204316,55.57598989273554
256.05,3175.5171866993333,15.437689953745505,55.575683833483815
256.1,3176.2890719074835,15.437718372258356,55.575786140130084
256.15000000000003,3177.060963089877,15.437928923485565,55.576544124548036
256.2,3177.832870357519,15.43836178218221,55.57810241585595
256.25,3178.6048055035103,15.439044057474408,55.58055860690787
256.3,3179.3767813452155,15.439989610741002,55.583962598667604
256.35,3180.1488102049216,15.441164777495931,55.58819319898535
256.40000000000003,3180.9209027233924,15.442535961330673,55.59312946079042
256.45,3181.6930680018354,15.444075176398508,55.59867063503463
256.5,3182.4653133627403,15.445739259805073,55.60466133529827
256.55,3183.2376435744272,15.447469207668718,55.61088914760739
256.6,3184.0100608424063,15.44922151150202,55.61719744140728
256.65000000000003,3184.7825661110946,15.45098923603276,55.62356124971794
256.7,3185.555160100896,15.452770356026466,55.62997328169528
256.75,3186.327843082715,15.454548916720995,55.636376100195584
256.8,3187.100614998817,15.456327727358888,55.642779818491995
256.85,3187.8734760659113,15.458114956412441,55.64921384308479
256.90000000000003,3188.646426493649,15.459902153090589,55.65564775112612
256.95,3189.419466006294,15.461678352702862,55.662042069730305
257.0,3190.1925934087612,15.463417745996122,55.66830388558604
257.05,3190.9658065376375,15.465107409055989,55.674386672601564
257.1,3191.739103722896,15.466780001271664,55.68040800457799
257.15000000000003,3192.5124844126685,15.468447589634515,55.68641132268426
257.2,3193.2859471319753,15.47006118264235,55.69222025751246
257.25,3194.0594869539545,15.471531696534772,55.69751410752518
257.3,3194.833095795111,15.472821949730303,55.70215901902909
257.35,3195.606764700559,15.47393426817569,55.70616336543248
257.40000000000003,3196.380487535846,15.47497914330776,55.70992491590793
257.45,3197.154262681126,15.476026667895233,55.71369600442284
257.5,3197.92809117999,15.477113286670123,55.71760783201245
257.55,3198.7019758415163,15.478273174375648,55.721783427752335
257.6,3199.4759201760126,15.47950020546853,55.7262007396867
257.65000000000003,3200.2499267247817,15.480761745302392,55.73074228308861
257.7,3201.0239958495063,15.482003243669597,55.73521167721055
257.75,3201.7981255452855,15.483184587500917,55.7394645150033
257.8,3202.572311544545,15.484255382873314,55.743319378343934
257.85,3203.34654583565,15.485116261326771,55.746418540776375
257.90000000000003,3204.1208163113265,15.485702765730156,55.748529956628566
257.95,3204.8951077206657,15.485953607834098,55.749432988202756
258.0,3205.6694025383017,15.48583909761281,55.74902075140612
258.05,3206.443682422284,15.48535626166883,55.74728254200779
258.1,3207.217930836362,15.48458030145774,55.744489085247864
258.15000000000003,3207.992133126556,15.483511306297444,55.7406407026708
258.2,3208.766273731348,15.48211288539068,55.73560638740645
258.25,3209.540335821908,15.480370737002598,55.72933465320936
258.3,3210.314301898724,15.478272335650647,55.72178040834233
258.35,3211.088153691426,15.475799372442644,55.71287774079352
258.40000000000003,3211.8618722585725,15.472943313414078,55.702595928290684
258.45,3212.635439152322,15.469732436566671,55.691036771640015
258.5,3213.4088374090757,15.466197833588879,55.67831220091997
258.55,3214.182051954134,15.462383968733823,55.66458228744176
258.6,3214.9550711703473,15.45838467981185,55.65018484732266
258.65000000000003,3215.7278869517777,15.454246577401383,55.63528767864498
258.7,3216.500493195616,15.450003176122161,55.62001143403978
258.75,3217.2728858144324,15.445701576537026,55.604525675533296
258.8,3218.045064041832,15.44142751944935,55.58913907001766
258.85,3218.8170321231496,15.43729573325701,55.574264639725236
258.90000000000003,3219.5887994451605,15.433397147178628,55.56022972984306
258.95,3220.3603807398645,15.42985464097217,55.54747670749981
259.0,3221.131794260194,15.42668617220479,55.536070219937244
259.05,3221.903059190085,15.423911023434798,55.52607968436527
259.1,3222.674195491648,15.421541039071396,55.51754774065703
259.15000000000003,3223.4452220180974,15.419520018901194,55.5102720680443
259.2,3224.2161545171693,15.417779943970734,55.504007798294644
259.25,3224.9870053765953,15.416254433073284,55.49851595906382
259.3,3225.7577843325535,15.414903805249137,55.49365369889689
259.35,3226.528498667475,15.413669591609803,55.489210529795294
259.40000000000003,3227.299152331784,15.412476980757127,55.484917130725655
259.45,3228.069746940049,15.411307349827709,55.48070645937975
259.5,3228.8402832007946,15.410143080009604,55.476515088034574
259.55,3229.6107615430587,15.408990610553833,55.4723661979938
259.6,3230.3811820457045,15.407829495282616,55.46818618301742
259.65000000000003,3231.1515431398116,15.40661426899902,55.46381136839647
259.7,3231.9218403546374,15.405274324040565,55.458987566546035
259.75,3232.6920672996093,15.403803474834746,55.45369250940509
259.8,3233.462216316282,15.402157192082797,55.44776589149807
259.85,3234.2322772176203,15.40027886143771,55.44100390117576
259.90000000000003,3235.002240973054,15.398271355914748,55.43377688129309
259.95,3235.7721050731416,15.39629264758956,55.426653531322415
260.0,3236.5418738829962,15.394459746597,55.420055087749205
260.05,3237.3115555020217,15.392805014421398,55.41409805191704
260.1,3238.081159255855,15.391345138895838,55.40884250002502
260.15000000000003,3238.8506953464203,15.390098483722706,55.404354541401744
260.2,3239.620172880941,15.389002897110736,55.40041042959865
260.25,3240.389597393096,15.387977589094334,55.3967193207396
260.3,3241.1589699828523,15.386926001154897,55.39293360415763
260.35,3241.9282886606047,15.38582110893307,55.388955992159055
260.40000000000003,3242.6975497345393,15.384621848456762,55.384638654444345
260.45,3243.466748289076,15.383320333008594,55.37995319883094
260.5,3244.2358769137722,15.381824654836894,55.37456875741282
260.55,3245.004927816791,15.3802114659204,55.36876127731344
260.6,3245.7738996781286,15.378662987566061,55.36318675523782
260.65000000000003,3246.542796347616,15.377203791924856,55.35793365092948
260.7,3247.3116211096694,15.375786690215179,55.35283208477465
260.75,3248.0803772956083,15.374460747334007,55.348058690402425
260.8,3248.8490690054523,15.373207646425382,55.34354752713138
260.85,3249.61769827659,15.371963199085531,55.339067516707914
260.90000000000003,3250.386262747947,15.370615655187382,55.33421635867458
260.95,3251.1547561011917,15.369118474588419,55.32882650851831
261.0,3251.9231671040766,15.367321640801203,55.32235790688433
261.05,3252.6914782653794,15.36512481130314,55.3144493206913
261.1,3253.4596639873735,15.362304068458439,55.30429464645038
261.15000000000003,3254.2276886879295,15.358683953775316,55.29126223359114
261.2,3254.9955088573515,15.354122823102434,55.27484216316876
261.25,3255.7630742570086,15.348493163176226,55.254575387434414
261.3,3256.5303293723064,15.341711448741236,55.23016121546845
261.35,3257.2972132428654,15.333643373616535,55.201116145019526
261.40000000000003,3258.0636635528163,15.324369024416665,55.16772848789999
261.45,3258.829618859604,15.313843247097122,55.12983568954964
261.5,3259.5950104168014,15.301819040785908,55.08654854682927
261.55,3260.3597606946964,15.288192075005755,55.03749147002072
261.6,3261.123788872853,15.272935051256653,54.982566184523954
261.65000000000003,3261.8870134346785,15.256047421762828,54.92177071834618
261.7,3262.649349024066,15.237376153731656,54.854554153433966
261.75,3263.4107050270877,15.216863967143674,54.78071028171723
261.8,3264.1709903584415,15.194549287008662,54.70037743323119
261.85,3264.930120379368,15.170651550051033,54.61434558018372
261.90000000000003,3265.6880205531083,15.145355399564796,54.52327943843326
261.95,3266.444625679631,15.118849661332344,54.42785878079644
262.0,3267.1998819165265,15.091399814497436,54.32903933219077
262.05,3267.9537520805707,15.06340674726525,54.2282642901549
262.1,3268.7062170806003,15.035193253918063,54.126695714105026
262.15000000000003,3269.45726537382,15.006738474878862,54.02425850956391
262.2,3270.206887213054,14.978135094476215,53.92128634011438
262.25,3270.9550819516007,14.949654447398595,53.81875601063494
262.3,3271.701859408098,14.921443812490821,53.71719772496696
262.35,3272.4472359358747,14.893617298578093,53.61702227488114
262.40000000000003,3273.1912314621695,14.866203753218727,53.51833351158742
262.45,3273.9338668350115,14.839211160458184,53.42116017764946
262.5,3274.67516315897,14.812641797887256,53.32551047239412
262.55,3275.415140591858,14.786455517627147,53.23123986345773
262.6,3276.153814139355,14.760486382250608,53.13775097610219
262.65000000000003,3276.891193887144,14.734703529305657,53.044932705500365
262.7,3277.6272887697814,14.709091776199681,52.952730394318856
262.75,3278.3621081896276,14.683685017647466,52.86126606353088
262.8,3279.0956586484117,14.658333333706256,52.770000001342524
262.85,3279.827940519335,14.632941503215267,52.67858941157496
262.90000000000003,3280.558953328664,14.607570869941068,52.58725513178784
262.95,3281.2886968009443,14.582168021281543,52.495804876613555
263.0,3282.0171685736827,14.556702888257956,52.40413039772864
263.05,3282.744365619363,14.531178938965793,52.312244180276856
263.1,3283.4702825918516,14.50549996057308,52.219799858063084
263.15000000000003,3284.194909327217,14.479569454043581,52.126450034556896
263.2,3284.918230308607,14.453269801542652,52.031771285553546
263.25,3285.6402243015746,14.426489917173978,51.93536370182632
263.3,3286.3608666711907,14.399204867467802,51.837137522884085
263.35,3287.0801327879467,14.371439802764398,51.73718328995183
263.40000000000003,3287.7979993263207,14.343221732193221,51.6355982358956
263.45,3288.514443228016,14.31453433560407,51.53232360817466
263.5,3289.2294422964546,14.285428401940642,51.42754224698631
263.55,3289.9429792837564,14.25605109013582,51.321783924488955
263.6,3290.6550409104207,14.226413976430448,51.21509031514962
263.65000000000003,3291.3656143971893,14.196525494322414,51.10749177956069
263.7,3292.074690989642,14.16653820377948,50.99953753360613
263.75,3292.78226720217,14.136510297335352,50.89143707040727
263.8,3293.48834267118,14.106508463076153,50.783430467074155
263.85,3294.192920529908,14.076605886046421,50.675781189767115
263.90000000000003,3294.8960069474274,14.046850814736523,50.568662933051485
263.95,3295.5976092831747,14.017242615162552,50.462073414585184
264.0,3296.2977341727455,13.987752967661379,50.355910683580966
264.05,3296.9963872078956,13.958368438339278,50.2501263780214
264.1,3297.693575424734,13.929160235189386,50.14497684668179
264.15000000000003,3298.3893088999025,13.90017877155833,50.04064357760999
264.2,3299.0836008798474,13.87150042622768,49.93740153441965
264.25,3299.7764681562107,13.843190628304011,49.835486261894445
264.3,3300.467928702466,13.81523122190535,49.73483239885926
264.35,3301.158001495103,13.787680483570703,49.63564974085453
264.40000000000003,3301.8467066985245,13.760527653303019,49.53789955189087
264.45,3302.53406390985,13.733760799721937,49.441538878998976
264.5,3303.220092782052,13.707394088344286,49.34661871803943
264.55,3303.904812550448,13.681396647491773,49.25302793097038
264.6,3304.5882416991203,13.655769299417653,49.16076947790355
264.65000000000003,3305.2703982645685,13.630493318516562,49.069775946659625
264.7,3305.9512975180064,13.605476818991917,48.9797165483709
264.75,3306.6309530684002,13.58074519676341,48.89068270834827
264.8,3307.3093815066536,13.556392333377852,48.80301240016027
264.85,3307.98660196816,13.53242612687881,48.71673405676372
264.90000000000003,3308.662635800425,13.508927163734231,48.632137789443235
264.95,3309.337508404209,13.485976987632352,48.549517155476465
265.0,3310.0112481648275,13.463613437110753,48.46900837359871
265.05,3310.683883732351,13.441809263834179,48.390513349803044
265.1,3311.355442998814,13.420561394667775,48.31402102080399
265.15000000000003,3312.025955355937,13.399932890270701,48.23975840497452
265.2,3312.6954516890373,13.37992043373074,48.167713561430666
265.25,3313.3639623292456,13.360505174609862,48.097818628595505
265.3,3314.031516595897,13.341665491447399,48.029995769210636
265.35,3314.6981420108646,13.32335110725622,47.9640639861224
265.40000000000003,3315.3638620782644,13.305451588735227,47.89962571944682
265.45,3316.0286952155307,13.28787390191484,47.836346046893425
265.5,3316.6926560052043,13.270557685036277,47.7740076661306
265.55,3317.355757189079,13.253489669953876,47.712562811833955
265.6,3318.018010438588,13.236640310404866,47.65190511745752
265.65000000000003,3318.6794235337193,13.21988349483515,47.59158058140654
265.7,3319.3399986856994,13.20312258436618,47.531241303718254
265.75,3319.999734595091,13.186313791291496,47.47072964864939
265.8,3320.658628691673,13.169450071994174,47.41002025917903
265.85,3321.316676331935,13.15245553847941,47.34883993852588
265.90000000000003,3321.9738680283986,13.135212320061884,47.28676435222278
265.95,3322.630190087695,13.117670051805439,47.22361218649958
266.0,3323.285626931633,13.099803705712121,47.159293340563636
266.05,3323.940162353089,13.081613152531324,47.093807349112765
266.1,3324.5937786702175,13.063039532615251,47.02694231741491
266.15000000000003,3325.246454126213,13.043978707198674,46.958323345915225
266.2,3325.898163319752,13.024389034357128,46.88780052368566
266.25,3326.5488806886933,13.004305723308304,46.815500603909896
266.3,3327.1985782538713,12.98359688381788,46.740948781744365
266.35,3327.8472209411834,12.962110608658136,46.66359819116929
266.40000000000003,3328.4947701302094,12.939856952376042,46.58348502855375
266.45,3329.1411880713113,12.916860691695579,46.500698490104085
266.5,3329.7864371382066,12.89310198412027,46.41516714283297
266.55,3330.430478660196,12.86855889545889,46.326812023652
266.6,3331.073273763393,12.843245232425748,46.23568283673269
266.65000000000003,3331.7147856839006,12.817231587885576,46.14203371638808
266.7,3332.3549811455905,12.790586879704007,46.04611276693443
266.75,3332.993828479887,12.763306492157028,45.9479033717653
266.8,3333.631294859331,12.735348685605963,45.84725526818147
266.85,3334.2673471472576,12.706742831457717,45.74427419324778
266.90000000000003,3334.9019564310056,12.677628518462194,45.6394626664639
266.95,3335.5351014606053,12.648172665518775,45.533421595867594
267.0,3336.1667630167835,12.618289581604166,45.425842493775
267.05,3336.7969213412002,12.588043395062055,45.316956222223396
267.1,3337.4255626109007,12.557607392948405,45.20738661461426
267.15000000000003,3338.052679809872,12.527080565906864,45.09749003726471
267.2,3338.678272844101,12.496640803233404,44.98790689164026
267.25,3339.3023504423168,12.46646312541085,44.879267251479064
267.3,3339.9249266932206,12.436586910748046,44.771712878692966
267.35,3340.546015247446,12.406955258265057,44.66503892975421
267.40000000000003,3341.165628556264,12.377577094443385,44.55927753999619
267.45,3341.783777929742,12.348397844671972,44.4542322408191
267.5,3342.400472689317,12.31939253833949,44.34981313802217
267.55,3343.0157219914845,12.290579548354765,44.24608637407716
267.6,3343.629533940097,12.261898396152851,44.14283422615026
267.65000000000003,3344.2419134707384,12.233282829494684,44.03981818618086
267.7,3344.8528610930607,12.204622063398844,43.93663942823584
267.75,3345.462376362038,12.175988695696457,43.83355930450725
267.8,3346.07046011816,12.147361549194782,43.730501577101215
267.85,3346.6771142138145,12.118802276978489,43.62768819712256
267.90000000000003,3347.28234430256,12.090401272834283,43.52544458220342
267.95,3347.8861579719733,12.062145503688981,43.42372381328033
268.0,3348.4885610837327,12.033978966693786,43.32232428009763
268.05,3349.0895565107653,12.005838114610773,43.22101721259878
268.1,3349.689148335998,11.977834894702028,43.1202056209273
268.15000000000003,3350.2873439082455,11.949987995196922,43.019956782708924
268.2,3350.8841500242343,11.92225664435075,42.9201239196627
268.25,3351.4795725854324,11.894645803570517,42.82072489285386
268.3,3352.0736166595784,11.867117162279298,42.721621784205475
268.35,3352.666289238696,11.839786002439126,42.62322960878085
268.40000000000003,3353.257603738521,11.812793990561225,42.526058366020415
268.45,3353.847578514514,11.786197049167622,42.43030937700344
268.5,3354.4362316606034,11.759928794398089,42.33574365983312
268.55,3355.0235828449395,11.734118579046934,42.24282688456896
268.6,3355.6096539433725,11.708725358280656,42.15141128981036
268.65000000000003,3356.1944643091783,11.683689273961413,42.061281386261086
268.7,3356.7780305616693,11.65896082566887,41.972258972407936
268.75,3357.360364021259,11.634377557917869,41.88375920850433
268.8,3357.9414700988214,11.609865544580064,41.79551596048823
268.85,3358.5213510094263,11.585370879617285,41.70733516662223
268.90000000000003,3359.1000052035342,11.560796884707397,41.61886878494663
268.95,3359.67742718742,11.53608247073499,41.529896894645965
269.0,3360.2536101070436,11.511234314203454,41.44044353113244
269.05,3360.828549264864,11.486331998601356,41.35079519496488
269.1,3361.402244862082,11.461491890127181,41.261370804457854
269.15000000000003,3361.9746992229925,11.436682546294044,41.17205716665856
269.2,3362.5459138727933,11.411903445741318,41.08285240466875
269.25,3363.1158923181565,11.3872343687922,40.99404372765192
269.3,3363.6846398800662,11.36266810758873,40.90560518731943
269.35,3364.252159088562,11.338100232250714,40.81716083610257
269.40000000000003,3364.818445619634,11.31336101062795,40.72809963826062
269.45,3365.383488233326,11.288343537045446,40.638036733363606
269.5,3365.9472739924868,11.263086829394705,40.54711258582094
269.55,3366.509791884417,11.237628847815504,40.455463852135814
269.6,3367.0710323292674,11.21198894619815,40.363160206313346
269.65000000000003,3367.6309835517254,11.186059952118075,40.269815827625074
269.7,3368.1896321645363,11.159884560324938,40.17558441716978
269.75,3368.746968820602,11.133581682293544,40.08089405625676
269.8,3369.30298738247,11.107160792414602,39.98577885269257
269.85,3369.8576808798753,11.08057910379422,39.89008477365919
269.90000000000003,3370.411042304314,11.053877873749721,39.793960345498995
269.95,3370.9630665668938,11.027092629440892,39.69753346598721
270.0,3371.513748445939,11.00018253237423,39.60065711654723
270.05,3372.063079332316,10.97305292269769,39.50299052171169
270.1,3372.611046610857,10.945638218931117,39.404297588152026
270.15000000000003,3373.1576387569626,10.918047625296236,39.30497145106645
270.2,3373.7028493177268,10.890374805276272,39.20534929899458
270.25,3374.2466753346994,10.862665873624364,39.10559714504771
270.3,3374.7891165690953,10.834983502222185,39.00594060799987
270.35,3375.3301724216244,10.807250598943734,38.90610215619744
270.40000000000003,3375.8698415132862,10.779513067538431,38.806247043138356
270.45,3376.4081267066645,10.751894667593593,38.70682080333694
270.5,3376.945032284421,10.7243284426568,38.60758239356448
270.55,3377.4805611626084,10.696826684838317,38.50857606541794
270.6,3378.0147170782507,10.669409940857697,38.409875787087714
270.65000000000003,3378.54750375171,10.64205699751151,38.31140519104144
270.7,3379.0789227436676,10.614702680795716,38.21292965086458
270.75,3379.6089730678827,10.587310287812041,38.11431703612335
270.8,3380.1376513418695,10.559820671657326,38.01535441796637
270.85,3380.664953108233,10.532249982874418,37.916099938347905
270.90000000000003,3381.190874068314,10.504588420357443,37.8165183132868
270.95,3381.715408580002,10.476792047165521,37.71645136979588
271.0,3382.238550501219,10.448884801508648,37.61598528543113
271.05,3382.760295591238,10.4209187992544,37.51530767731584
271.1,3383.2806417474535,10.39292744936767,37.41453881772362
271.15000000000003,3383.799588938475,10.364960191496834,37.31385668938861
271.2,3384.317138374424,10.337017246451202,37.21326208722433
271.25,3384.8332920638336,10.309130329940995,37.11286918778758
271.3,3385.3480541603685,10.281353531453409,37.01287271323227
271.35,3385.8614295567236,10.253662322744868,36.91318436188153
271.40000000000003,3386.373423675951,10.22610244635586,36.8139688068811
271.45,3386.884043042309,10.198672207955411,36.71521994863948
271.5,3387.393294933479,10.171403438842056,36.6170523798314
271.55,3387.9011888976784,10.144355129133249,36.519678464879696
271.6,3388.407734965929,10.117487600896148,36.42295536322613
271.65000000000003,3388.912941575282,10.090776773208047,36.32679638354897
271.7,3389.4168186650472,10.06430681740498,36.23150454265793
271.75,3389.919375829564,10.037979763272425,36.13672714778073
271.8,3390.4206209951926,10.011826861864087,36.04257670271071
271.85,3390.9205632561043,9.985863574599177,35.94910886855704
271.90000000000003,3391.419212758946,9.960116539064352,35.85641954063167
271.95,3391.9165798311215,9.934566347964953,35.764438852673834
272.0,3392.4126716819374,9.909107684665644,35.67278766479632
272.05,3392.9074894846776,9.883604424939495,35.580975929782184
272.1,3393.4010312291903,9.85806535556867,35.48903528004721
272.15000000000003,3393.8932937266645,9.832434543395049,35.39676435622218
272.2,3394.3842719099084,9.806692786364945,35.3040940309138
272.25,3394.8739601555544,9.780837039476243,35.21101334211448
272.3,3395.3623509570534,9.754795020492748,35.117262073773894
272.35,3395.849435953731,9.728604846610356,35.02297744779728
272.40000000000003,3396.3352040604022,9.70211942024684,34.92762991288863
272.45,3396.81964137591,9.675373200061989,34.83134352022316
272.5,3397.302741250744,9.648621793295199,34.735038455862714
272.55,3397.784505977535,9.621967278345426,34.63908220204354
272.6,3398.264941306156,9.595445866489875,34.543605119363555
272.65000000000003,3398.744053358649,9.569036233247893,34.44853043969241
272.7,3399.2218450133987,9.542629956737642,34.35346784425551
272.75,3399.6983171185443,9.51625424907866,34.25851529668318
272.8,3400.1734719886663,9.489940555809042,34.16378600091255
272.85,3400.6473111916953,9.463627565352427,34.06905923526874
272.90000000000003,3401.1198363296858,9.437377954273481,33.974560635384535
272.95,3401.591052365344,9.411263472051782,33.88054849938642
273.0,3402.060964948287,9.385239845687263,33.78686344447415
273.05,3402.52957766203,9.359268704020685,33.693367334474466
273.1,3402.996890079047,9.333227976641433,33.59962071590916
273.15000000000003,3403.4629043404357,9.30734247891198,33.50643292408313
273.2,3403.9276295956706,9.281667730482283,33.414003829736224
273.25,3404.391076202268,9.256196533410106,33.32230752027638
273.3,3404.8532551628623,9.230961890367961,33.23146280532466
273.35,3405.314175426922,9.205848672004237,33.141055219215254
273.40000000000003,3405.773841311346,9.180786704965506,33.05083213787582
273.45,3406.2322547648637,9.155751435736779,32.9607051686524
273.5,3406.689414481447,9.130637227586103,32.87029401930997
273.55,3407.145316008384,9.105423849893139,32.779525859615305
273.6,3407.599956129046,9.080180976591679,32.688651515730044
273.65000000000003,3408.0533321948674,9.054861656268152,32.597501962565346
273.7,3408.505440052919,9.029452665794885,32.50602959686159
273.75,3408.956275690249,9.003972827413424,32.41430217868833
273.8,3409.405835105754,8.978403792774461,32.322253653988064
273.85,3409.8541152217786,8.952800848224452,32.23008305360803
273.90000000000003,3410.3011147409757,8.927179919660952,32.13784771077943
273.95,3410.746835946422,8.901668298183447,32.04600587346041
274.0,3411.1912846600853,8.876280248350596,31.954608894062147
274.05,3411.634464786028,8.850924789344612,31.863329241640603
274.1,3412.076377638981,8.825589328779392,31.772121583605813
274.15000000000003,3412.517023018797,8.800225863855658,31.680813109880372
274.2,3412.9563991567043,8.774819652447778,31.589350748812002
274.25,3413.3945042594887,8.749384458933951,31.497784052162224
274.3,3413.831335872033,8.723880042826924,31.405968154176925
274.35,3414.266891046058,8.69832691817966,31.313976905446776
274.40000000000003,3414.7011700530543,8.672833361672756,31.222200102021922
274.45,3415.134175323099,8.647377440110413,31.130558784397486
274.5,3415.5659068597156,8.621884024553,31.038782488390797
274.55,3415.9963645947687,8.59642537757153,30.947131359257508
274.6,3416.425552725111,8.571099836119922,30.85595941003172
274.65000000000003,3416.8534800990565,8.545995121685532,30.765582438067916
274.7,3417.2801550694185,8.52100369279791,30.675613294072477
274.75,3417.7055828587986,8.496107882400885,30.585988376643186
274.8,3418.129768059607,8.471300149946513,30.49668053980745
274.85,3418.552716037262,8.44661895625859,30.407828242530922
274.90000000000003,3418.9744328572447,8.422053843048582,30.319393834974896
274.95,3419.3949213278156,8.397484979781673,30.230945927214023
275.0,3419.814181152628,8.3729080127053,30.14246884573908
275.05,3420.2322133679304,8.348380599393142,30.05417015781531
275.1,3420.649018857168,8.323838970098995,29.965820292356383
275.15000000000003,3421.0645946755217,8.299193764049818,29.877097550579347
275.2,3421.4789358881244,8.274454740060072,29.78803706421626
275.25,3421.892039650813,8.249695767476661,29.69890476291598
275.3,3422.303905640716,8.224943828657226,29.609797783166016
275.35,3422.7145335632963,8.200173074550397,29.520623068381433
275.40000000000003,3423.1239209876476,8.17532389950767,29.431166038227616
275.45,3423.5320644428334,8.150414307931413,29.341491508553087
275.5,3423.9389628456324,8.125521804031806,29.2518784945145
275.55,3424.344617071729,8.100647239820386,29.16233006335339
275.6,3424.7490258956545,8.07570571721259,29.072540581965328
275.65000000000003,3425.1521853871627,8.05067394311742,28.982426195222715
275.7,3425.554093136859,8.025636044734998,28.892289761045994
275.75,3425.954748167736,8.000565190342812,28.802034685234123
275.8,3426.3541475817165,7.975411368880586,28.71148092797011
275.85,3426.7522886124702,7.950229861269608,28.620827500570588
275.90000000000003,3427.1491724148045,7.925122232101677,28.530440035566038
275.95,3427.544803572128,7.900124060832085,28.440446618995505
276.0,3427.9391881272286,7.8752581431946185,28.350929315500625
276.05,3428.332332777968,7.850527886377248,28.261900390958093
276.1,3428.7242440688437,7.8259237486481315,28.173325495133273
276.15000000000003,3429.114929222867,7.801482412274841,28.08533668418943
276.2,3429.504394810938,7.777141110561318,27.997707998020744
276.25,3429.8926432592916,7.752796823592076,27.910068564931475
276.3,3430.2796742286255,7.728441949766976,27.822391019161117
276.35,3430.665488379686,7.704124092642524,27.734846733513088
276.40000000000003,3431.0500863494053,7.679794696132328,27.647260906076383
276.45,3431.4334660153595,7.655391942039196,27.559410991341107
276.5,3431.8156239428768,7.630925158659993,27.471330571175976
276.55,3432.1965573166526,7.606409792380603,27.383075252570173
276.6,3432.5762643577045,7.581871849704402,27.29473865893585
276.65000000000003,3432.954743262948,7.55728436002901,27.206223696104438
276.7,3433.331991633895,7.532650477863156,27.11754172030736
276.75,3433.7080090347868,7.50804555779735,27.02896400807046
276.8,3434.082796937711,7.48347055917805,26.940494013040983
276.85,3434.4563548613532,7.458846386514661,26.851846991452778
276.90000000000003,3434.828679122688,7.4341240668604165,26.7628466406975
276.95,3435.1997664687433,7.4093697753642775,26.6737311913114
277.0,3435.569616459327,7.384629847986739,26.58466745275226
277.05,3435.9382301342357,7.3599171483736,26.49570173414496
277.1,3436.3056086628076,7.335223994502817,26.406806380210142
277.15000000000003,3436.6717537054938,7.310577712937921,26.318079766576513
277.2,3437.0366684986916,7.28601401496814,26.229650453885306
277.25,3437.4003575005313,7.26154605862846,26.141565811062456
277.3,3437.7628253725775,7.237168823211309,26.053807763560716
277.35,3438.124076799213,7.2128882422055955,25.966397671940143
277.40000000000003,3438.484118605146,7.188783995109965,25.879622382395876
277.45,3438.8429605909896,7.164895438635779,25.793623579088806
277.5,3439.2006130495906,7.1412029053964705,25.708330459427295
277.55,3439.557084825243,7.117668120683696,25.623605234461305
277.6,3439.9123852470293,7.094348750779956,25.53965550280784
277.65000000000003,3440.2665255297006,7.07126255607131,25.456545201856716
277.7,3440.6195159221447,7.048353141699231,25.37407131011723
277.75,3440.9713662432,7.025659700517966,25.29237492186468
277.8,3441.3220880816884,7.0032138390200736,25.211569820472267
277.85,3441.671694351082,6.981036936720146,25.131732972192527
277.90000000000003,3442.020198596898,6.959132895926236,25.05287842533445
277.95,3442.3676145452314,6.937505037414519,24.97501813469227
278.0,3442.7139568698117,6.916187945795877,24.898276604865156
278.05,3443.059242734287,6.895246633222888,24.822887879602398
278.1,3443.4034898649,6.874638591299469,24.74869892867809
278.15000000000003,3443.746713331245,6.8543000624774715,24.675480224918896
278.2,3444.088927367097,6.834261371601365,24.603340937764916
278.25,3444.430147907793,6.81456025625161,24.5324169225058
278.3,3444.770391507942,6.795183749706148,24.462661498942133
278.35,3445.109674720882,6.776144767898881,24.394121164435973
278.40000000000003,3445.4480156344507,6.757491774843899,24.32697038943804
278.45,3445.785435073145,6.739285772920525,24.26142878251389
278.5,3446.121954705814,6.721499533843903,24.19739832183805
278.55,3446.4575952443333,6.70412200693478,24.13483922496521
278.6,3446.792377277417,6.6871593164208605,24.0737735391151
278.65000000000003,3447.1263225534326,6.670651724205419,24.014346207139507
278.7,3447.459455242716,6.654655847128954,23.956761049664234
278.75,3447.791801014376,6.6391750192547345,23.901030069317045
278.8,3448.1233828294444,6.624097583493447,23.84675130057641
278.85,3448.4542209963297,6.60942909192061,23.7939447309142
278.90000000000003,3448.784336528779,6.59519220605066,23.742691941782375
278.95,3449.1137513008907,6.581398678408753,23.693035242271513
279.0,3449.442487013019,6.56802980672751,23.644907304219036
279.05,3449.770564345335,6.555063485906148,23.59822854926213
279.1,3450.0980025985955,6.54246664451887,23.552879920267934
279.15000000000003,3450.424818403266,6.5301655422942435,23.508595952259277
279.2,3450.7510251388467,6.518103880948887,23.465173971415993
279.25,3451.076634922741,6.5062874748297626,23.422634909387146
279.3,3451.4016603346713,6.494729002376168,23.381024408554207
279.35,3451.7261162780674,6.483508733468044,23.34063144048496
279.40000000000003,3452.0500219343503,6.472717517857054,23.301783064285395
279.45,3452.37340012221,6.462409996533169,23.264675987519407
279.5,3452.6962751947312,6.452592904316921,23.229334455540915
279.55,3453.0186719521935,6.443277394166195,23.195798618998303
279.6,3453.340615475244,6.434463527843248,23.164068700235696
279.65000000000003,3453.662131968328,6.426196195521624,23.134306303877846
279.7,3453.9832491616444,6.418491537127549,23.106569533659176
279.75,3454.3039949918666,6.4113416717658485,23.080830018357055
279.8,3454.6243967125884,6.404727157106226,23.057017765582415
279.85,3454.9444816164178,6.398668996074949,23.03520838586982
279.90000000000003,3455.26427759512,6.393170152004116,23.01541254721482
279.95,3455.5838121921606,6.38821372961858,22.99756942662689
280.0,3455.9031122259817,6.383787623215677,22.981635443576437
280.05,3456.222206908329,6.3799996706872575,22.96799881447413
280.1,3456.5411292820804,6.376895279359403,22.956823005693852
280.15000000000003,3456.8599117949884,6.374405236953578,22.94785885303288
280.2,3457.1785848534773,6.372517102600694,22.9410615693625
280.25,3457.497176917225,6.37116544729661,22.936195610267795
280.3,3457.815714639758,6.370343454033723,22.9332364345214
280.35,3458.1342232891047,6.370002519840783,22.93200907142682
280.40000000000003,3458.4527254815557,6.370085178197926,22.932306641512536
280.45,3458.771242261398,6.370586015503395,22.934109655812225
280.5,3459.0897928831923,6.371438856257383,22.93717988252658
280.55,3459.4083937623204,6.372596308871958,22.941346711939048
280.6,3459.7270581052226,6.373977407221967,22.946318665999083
280.65000000000003,3460.0457960615922,6.375540847556334,22.951947051202804
280.7,3460.3646181209974,6.377341528650959,22.958429503143453
280.75,3460.6835378578708,6.379447946275949,22.966012606593416
280.8,3461.002570018438,6.381838476414945,22.974618515093802
280.85,3461.3217281814673,6.384488044754671,22.984156961116817
280.90000000000003,3461.6410265873824,6.387448191858079,22.994813490689083
280.95,3461.960479929206,6.390685481085987,23.006467731909556
281.0,3462.280100748339,6.394147284229431,23.018930223225954
281.05,3462.5998984093458,6.39775915604868,23.03193296177525
281.1,3462.919879736772,6.401493940999589,23.04537818759852
281.15000000000003,3463.24004997017,6.405315394906276,23.059135421662596
281.2,3463.560412356803,6.409180070434954,23.073048253565833
281.25,3463.880966853605,6.4129998016434895,23.086799285916562
281.3,3464.201710579535,6.41674923554291,23.100297247954476
281.35,3464.522639486688,6.420407050591828,23.11346538213058
281.40000000000003,3464.8437484777637,6.423952592430312,23.126229332749123
281.45,3465.1650307458376,6.427338130533087,23.138417269919113
281.5,3465.4864783933403,6.430567769582059,23.150043970495414
281.55,3465.8080835557344,6.433638726177165,23.161099414237793
281.6,3466.129837818372,6.436531779331127,23.17151440559206
281.65000000000003,3466.451731939414,6.439233062353514,23.181239024472653
281.7,3466.773756097526,6.441733262132603,23.19023974367737
281.75,3467.095901226456,6.444071895072495,23.198658822260985
281.8,3467.4181596378385,6.446264560221238,23.206552416796455
281.85,3467.740523363568,6.448284468964777,23.2138240882732
281.90000000000003,3468.0629849263673,6.450178043004475,23.22064095481611
281.95,3468.3855379232014,6.4519418303516805,23.22699058926605
282.0,3468.7081762084895,6.453589581181733,23.23292249225424
282.05,3469.0308940057616,6.455122309709171,23.238440314953014
282.1,3469.353685817443,6.456550157536099,23.243580567129957
282.15000000000003,3469.676547524229,6.457918113904637,23.248505210056695
282.2,3469.99947726541,6.459271533327558,23.25337751997921
282.25,3470.3224734801965,6.46057705814373,23.258077409317426
282.3,3470.6455336751615,6.46183074045671,23.262590665644158
282.35,3470.968655926575,6.463059316099395,23.267013537957823
282.40000000000003,3471.291839241578,6.464273284027759,23.27138382249993
282.45,3471.6150829178705,6.46547376766388,23.27570556358997
282.5,3471.9383860847474,6.466652907406587,23.279950466663713
282.55,3472.2617471392628,6.467789273207296,23.284041383546263
282.6,3472.5851643445317,6.468898937558176,23.288036175209434
282.65000000000003,3472.9086357614806,6.469957740393932,23.291847865418156
282.7,3473.232158359411,6.4709461768237375,23.295406236565455
282.75,3473.5557275404767,6.4718210657912785,23.298555836848603
282.8,3473.879337959671,6.472595701970262,23.301344527092944
282.85,3474.202984726562,6.473274973679212,23.303789905245164
282.90000000000003,3474.5266633688802,6.473870719036071,23.30593458852986
282.95,3474.850369363284,6.474369057097122,23.307728605549638
283.0,3475.17409882471,6.47480939996001,23.309313839856035
283.05,3475.4978493127687,6.475210122376849,23.310756440556656
283.1,3475.8216189531518,6.475575492953218,23.312071774631583
283.15000000000003,3476.145405947443,6.475904278692865,23.313255403294313
283.2,3476.4692092716855,6.4762286910066225,23.314423287623843
283.25,3476.7930294793455,6.476579615399442,23.31568661543799
283.3,3477.1168674420624,6.476938893283327,23.31698001581998
283.35,3477.4407233037414,6.47729557387138,23.31826406593697
283.40000000000003,3477.7645969499044,6.477650272646317,23.319540981526742
283.45,3478.088487280504,6.4779629513420245,23.32066662483129
283.5,3478.4123930958567,6.47826966276618,23.321770785958247
283.55,3478.7363138123615,6.478558997427793,23.322812390740058
283.6,3479.060248771262,6.478839358602909,23.323821690970473
283.65000000000003,3479.3841977971224,6.479121675801796,23.324838032886465
283.7,3479.708161556864,6.4794287138613065,23.325943369900703
283.75,3480.0321412177996,6.479757723559424,23.327127804813927
283.8,3480.3561379140056,6.480110124688132,23.328396448877275
283.85,3480.6801521754705,6.480460333918662,23.329657202107185
283.90000000000003,3481.00418435904,6.480827008860503,23.330977231897812
283.95,3481.328235277163,6.481209716043764,23.33235497775755
284.0,3481.652305199752,6.481587187513526,23.333713875048694
284.05,3481.976394026144,6.481965868167509,23.335077125403032
284.1,3482.300501655376,6.482339301113748,23.33642148400949
284.15000000000003,3482.624627243857,6.482684238120339,23.33766325723322
284.2,3482.9487691450017,6.4829918076733986,23.338770507624236
284.25,3483.272925014465,6.483242970853814,23.339674695073732
284.3,3483.5970923998507,6.48345244457918,23.34042880048505
284.35,3483.9212695214633,6.483632419921204,23.341076711716333
284.40000000000003,3484.2454547342713,6.483776092401169,23.34159393264421
284.45,3484.569646178628,6.48388168185934,23.341974054693623
284.5,3484.8938424122,6.4839676610158845,23.342283579657185
284.55,3485.2180415779503,6.483998969013999,23.3423962884504
284.6,3485.542240882658,6.483973219289101,23.342303589440764
284.65000000000003,3485.8664377888,6.483903026379873,23.342050894967542
284.7,3486.190630502348,6.483805515546507,23.341699855967427
284.75,3486.5148177047245,6.483682579503434,23.34125728621236
284.8,3486.838997498715,6.483509180120578,23.340633048434082
284.85,3487.1631675402837,6.483292482635507,23.339852937487827
284.90000000000003,3487.4873259407345,6.483043535408151,23.338956727469345
284.95,3487.811470890757,6.482754465494949,23.337916075781816
285.0,3488.135600809032,6.482442265498176,23.336792155793436
285.05,3488.459714400155,6.48210137942584,23.335564965933024
285.1,3488.783810564015,6.481745174970159,23.334282629892574
285.15000000000003,3489.1078889775044,6.481391364619237,23.333008912629253
285.2,3489.431950395942,6.481065372883977,23.33183534238232
285.25,3489.7559959889186,6.480758346188635,23.330730046279086
285.3,3490.080027214782,6.480490688357385,23.329766478086587
285.35,3490.404046687813,6.4802882328836064,23.329037638380985
285.40000000000003,3490.7280579139783,6.480160813726061,23.328578929413823
285.45,3491.052064295044,6.480094428910718,23.328339944078586
285.5,3491.3760685930656,6.480077491955741,23.328278971040667
285.55,3491.700073111936,6.480103262857122,23.328371746285637
285.6,3492.0240790542553,6.480134429914304,23.328483947691495
285.65000000000003,3492.348085988272,6.480142930756496,23.328514550723384
285.7,3492.6720927844144,6.480128914944227,23.328464093799216
285.75,3492.996098278102,6.480090832571657,23.328326997257964
285.8,3493.3201015619575,6.4800405216430335,23.32814587791492
285.85,3493.644102307604,6.479989304221644,23.32796149519792
285.90000000000003,3493.968101130831,6.479963624873285,23.32786904954383
285.95,3494.292099012801,6.479951653917931,23.327825954104554
286.0,3494.616096548228,6.4799497631645595,23.327819147392415
286.05,3494.9400940347764,6.479949698763312,23.327818915547923
286.1,3495.2640919013234,6.479964963111142,23.32787386720011
286.15000000000003,3495.588090740699,6.4799886119212395,23.32795900291646
286.2,3495.912090846857,6.48001563441104,23.328056283879743
286.25,3496.236092247962,6.480040409790343,23.328145475245236
286.3,3496.5600943171917,6.480042359392417,23.328152493812702
286.35,3496.8840963296343,6.480038138307036,23.32813729790533
286.40000000000003,3497.208098273658,6.480039622637506,23.32814264149502
286.45,3497.5321008231804,6.480062358262593,23.328224489745335
286.5,3497.856105526622,6.480125779392516,23.328452805813058
286.55,3498.1801149020607,6.4802492381635375,23.328897257388736
286.6,3498.5041320489013,6.480436635452808,23.32957188763011
286.65000000000003,3498.828159627347,6.480666502373374,23.33039940854415
286.7,3499.152199928217,6.480945532442208,23.33140391679195
286.75,3499.47625499257,6.481257041663174,23.332525349987424
286.8,3499.8003261950134,6.481591056072414,23.333727801860693
286.85,3500.124413999724,6.481921132341721,23.334916076430197
286.90000000000003,3500.4485174584006,6.482217214736864,23.33598197305271
286.95,3500.7726342882593,6.482455979613634,23.33684152660908
287.0,3501.0967611500905,6.482618493632126,23.337426577075654
287.05,3501.4208941795114,6.48270268319642,23.33772965950711
287.1,3501.745028905611,6.482686360778559,23.337670898802813
287.15000000000003,3502.0691606320934,6.482582698525565,23.337297714692035
287.2,3502.3932854996024,6.482412001830159,23.336683206588575
287.25,3502.7174006956,6.482195838077914,23.33590501708049
287.3,3503.0415046075664,6.481960640576638,23.335058306075897
287.35,3503.365596821927,6.481727933833456,23.334220561800443
287.40000000000003,3503.6896774789334,6.48149834642374,23.333394047125463
287.45,3504.0137464217137,6.481259364788648,23.332533713239133
287.5,3504.3378035140786,6.481024329801835,23.33168758728661
287.55,3504.6618490169726,6.48079578596673,23.330864829480227
287.6,3504.9858834996808,6.480583522355934,23.33010068048136
287.65000000000003,3505.3099083309658,6.480409729035605,23.32947502452818
287.7,3505.6339261057615,6.480301262798794,23.32908454607566
287.75,3505.957940357267,6.480268797426689,23.32896767073608
287.8,3506.2819549904816,6.480316531161568,23.329139512181648
287.85,3506.605974646393,6.48046970530061,23.329690939082198
287.90000000000003,3506.930004505594,6.480724662726695,23.330608785816104
287.95,3507.254049322094,6.481067997282973,23.331844790218703
288.0,3507.578113145061,6.481484921378644,23.333345716963116
288.05,3507.902198936835,6.481946749572522,23.33500829846108
288.1,3508.2263080612097,6.482418225419827,23.336705611511377
288.15000000000003,3508.550440291616,6.4828709908187685,23.338335566947567
288.2,3508.874594073404,6.483280280708746,23.339809010551484
288.25,3509.1987665240545,6.483617745322698,23.341023883161714
288.3,3509.5229540266423,6.483882358191306,23.341976489488705
288.35,3509.847153141317,6.484082228802827,23.342696023690177
288.40000000000003,3510.1713604242286,6.484209087663259,23.34315271558773
288.45,3510.495572039407,6.484255519473505,23.34331987010462
288.5,3510.819784276351,6.484233958300154,23.343242249880554
288.55,3511.143993520747,6.484135817524582,23.342888943088493
288.6,3511.468195706301,6.483951604636607,23.342225776691784
288.65000000000003,3511.7923871173593,6.48370483769904,23.341337415716545
288.7,3512.1165651051456,6.483414673752316,23.34029282550834
288.75,3512.440728003805,6.483101272615386,23.33916458141539
288.8,3512.7648751666775,6.482785242291252,23.338026872248506
288.85,3513.089006856181,6.482482337852852,23.33693641627027
288.90000000000003,3513.413124097694,6.482207322652455,23.33594636154884
288.95,3513.7372288291335,6.481981934927415,23.335134965738693
289.0,3514.0613238888623,6.481820454216059,23.334553635177816
289.05,3514.3854126889537,6.481731549436663,23.33423357797199
289.1,3514.7094987978016,6.481712804484017,23.33416609614246
289.15000000000003,3515.0335854824134,6.481754579985314,23.33431648794713
289.2,3515.357675544741,6.48184791312328,23.334652487243808
289.25,3515.68177098461,6.48196968163833,23.335090853897988
289.3,3516.005872992723,6.482110642896406,23.335598314427063
289.35,3516.3299823368015,6.482263120228673,23.336147232823222
289.40000000000003,3516.654098746723,6.482393276632353,23.33661579587647
289.45,3516.9782209702066,6.482495662712962,23.336984385766662
289.5,3517.302347689882,6.482573124295035,23.337263247462126
289.55,3517.6264777421175,6.482628965125859,23.337464274453094
289.6,3517.950610012885,6.482661865575342,23.337582716071232
289.65000000000003,3518.274743232184,6.482666906376447,23.33760086295521
289.7,3518.5988759371044,6.482641290444377,23.33750864559976
289.75,3518.9230068191064,6.482593989645,23.337338362722
289.8,3519.24713490868,6.482529593304983,23.33710653589794
289.85,3519.5712595680534,6.482456781633406,23.33684441388026
289.90000000000003,3519.8953804461457,6.48237834206841,23.336562031446277
289.95,3520.219497450244,6.482301821864317,23.336286558711542
290.0,3520.543610701478,6.482228227495771,23.336021618984777
290.05,3520.8677201071255,6.482147998406495,23.335732794263382
290.1,3521.1918252631594,6.482058242959727,23.33540967465502
290.15000000000003,3521.5159264468225,6.481989103570492,23.335160772853772
290.2,3521.84002507963,6.4819562087167935,23.33504235138046
290.25,3522.16412295948,6.4819589852988955,23.335052347076026
290.3,3522.4882216783753,6.4819897704978935,23.335163173792417
290.35,3522.812322751546,6.482053156342465,23.335391362832873
290.40000000000003,3523.1364273635036,6.482131321949369,23.33567275901773
290.45,3523.460536153273,6.482220268835762,23.335992967808746
290.5,3523.784649552921,6.482315717089087,23.33633658152071
290.55,3524.10876794101,6.482419806449656,23.33671130321876
290.6,3524.432891531268,6.482523803877982,23.337085693960738
290.65000000000003,3524.7570204628837,6.482633460747474,23.337480458690905
290.7,3525.081154686072,6.482735466784601,23.337847680424563
290.75,3525.405293174661,6.482804076772029,23.338094676379306
290.8,3525.729434010497,6.482829356667146,23.338185684001726
290.85,3526.0535750503927,6.482812239174478,23.338124061028118
290.90000000000003,3526.377714122407,6.4827506413917275,23.337902309010218
290.95,3526.7018491813587,6.482651716678427,23.337546180042338
291.0,3527.0259784086757,6.482517376003508,23.33706255361263
291.05,3527.350100431688,6.482363544487608,23.33650876015539
291.1,3527.674214087605,6.482182692181225,23.33585769185241
291.15000000000003,3527.998318433645,6.4819911494314235,23.335168137953126
291.2,3528.3224130517738,6.481793575705623,23.334456872540244
291.25,3528.646498117891,6.481609068981969,23.33379264833509
291.3,3528.970574956015,6.4814644559688555,23.33327204148788
291.35,3529.294646256972,6.481387582318122,23.332995296345242
291.40000000000003,3529.6187151897807,6.481369730023111,23.332931028083202
291.45,3529.9427841896954,6.4813902665711245,23.333004959656048
291.5,3530.2668549728846,6.481441060998157,23.333187819593366
291.55,3530.5909288943453,6.481515797435032,23.333456870766113
291.6,3530.915006972763,6.48160733926784,23.333786421364223
291.65000000000003,3531.2390902524353,6.481723847629668,23.334205851466805
291.7,3531.5631795269346,6.48184713233445,23.33464967640402
291.75,3531.887275086543,6.4819752519955065,23.335110907183825
291.8,3532.2113770304136,6.482102502821773,23.335569010158384
291.85,3532.5354852354035,6.482225696767627,23.33601250836346
291.90000000000003,3532.859599207613,6.482333191615212,23.336399489814763
291.95,3533.1837185933837,6.482442239216864,23.33679206118071
292.0,3533.507843667959,6.4825607438076975,23.33721867770771
292.05,3533.8319749519706,6.482690616643401,23.337686219916243
292.1,3534.1561129266393,6.482828370107999,23.3381821323888
292.15000000000003,3534.4802574427526,6.4829522744294605,23.338628187946057
292.2,3534.8044072446387,6.483039801007031,23.338943283625312
292.25,3535.128560316466,6.483083072093852,23.33909905953787
292.3,3535.452714639951,6.4830898672996975,23.33912352227891
292.35,3535.7768684605885,6.483062958197439,23.33902664951078
292.40000000000003,3536.1010204128597,6.483015132653351,23.338854477552065
292.45,3536.4251698085463,6.4829606948033875,23.338658501292194
292.5,3536.7493168454707,6.482920782169903,23.338514815811653
292.55,3537.0734626140884,6.482909962541975,23.33847586515111
292.6,3537.397608633625,6.482930818934928,23.338550948165743
292.65000000000003,3537.7217567488324,6.4829937893512914,23.33877764166465
292.7,3538.0459087783825,6.483087392650672,23.33911461354242
292.75,3538.3700666069612,6.483225750508709,23.339612701831353
292.8,3538.6942323729036,6.483404887181807,23.340257593854506
292.85,3539.01840742782,6.483597309478403,23.340950314122253
292.90000000000003,3539.3425919104725,6.4837819966201895,23.341615187832684
292.95,3539.666785146921,6.483947461325483,23.34221086077174
293.0,3539.990985995477,6.484086480906826,23.342711331264574
293.05,3540.3151925426237,6.48417540495879,23.343031457851644
293.1,3540.6394025868776,6.48422636520054,23.343214914721944
293.15000000000003,3540.9636142162417,6.484238809357997,23.34325971368879
293.2,3541.287825796115,6.4842243855782735,23.343207788081784
293.25,3541.6120359854767,6.484183188892952,23.343059480014627
293.3,3541.9362435979474,6.484121309929711,23.342836715746962
293.35,3542.2604479018546,6.484050846359917,23.3425830468957
293.40000000000003,3542.5846485623374,6.483975572954217,23.34231206263518
293.45,3542.9088456511713,6.483907980395324,23.34206872942317
293.5,3543.233039288127,6.48383749784608,23.34181499224589
293.55,3543.5572293157356,6.4837636064850255,23.341548983346094
293.6,3543.8814155237847,6.483684715477627,23.341264975719458
293.65000000000003,3544.205597138579,6.483579876293501,23.340887554656604
293.7,3544.5297730487237,6.483456529504203,23.34044350621513
293.75,3544.85394275965,6.483331907548427,23.33999486717434
293.8,3545.178106552429,6.4832198036170245,23.33959129302129
293.85,3545.5022647611772,6.4831085463059415,23.33919076670139
293.90000000000003,3545.826418349369,6.483034981363985,23.338925932910346
293.95,3546.1505691361385,6.482996489429942,23.33878736194779
294.0,3546.4747190638545,6.483000619216725,23.33880222918021
294.05,3546.7988698407103,6.483030455007645,23.338909638027523
294.1,3547.1230222025647,6.483064019172822,23.33903046902216
294.15000000000003,3547.4471760936653,6.483091624855749,23.3391298494807
294.2,3547.7713308749317,6.483099625791665,23.339158652849996
294.25,3548.095485558395,6.483087712748009,23.339115765892835
294.3,3548.419638699745,6.48303794125062,23.338936588502232
294.35,3548.743788502411,6.482954165379695,23.338634995366903
294.40000000000003,3549.0679337283786,6.482854873327971,23.3382775439807
294.45,3549.3920742986284,6.482767936667694,23.3379645720037
294.5,3549.7162103399173,6.482673714889016,23.337625373600456
294.55,3550.0403418096585,6.482585074762008,23.33730626914323
294.6,3550.3644702162314,6.482551188151963,23.337184277347067
294.65000000000003,3550.6885976692965,6.482546934460142,23.337168964056513
294.7,3551.0127255527427,6.48256840339415,23.33724625221894
294.75,3551.3368554161852,6.482626134300607,23.337454083482186
294.8,3551.660989068776,6.482719969326125,23.33779188957405
294.85,3551.985127951235,6.482835329039219,23.338207184541186
294.90000000000003,3552.3092725771726,6.482949708462051,23.338618950463385
294.95,3552.6334226853,6.48305461664266,23.338996619913576
295.0,3552.9575772929948,6.4831296911469805,23.33926688812913
295.05,3553.2817351293093,6.4831837614331445,23.33946154115932
295.1,3553.6058949285743,6.483208209166108,23.33954955299799
295.15000000000003,3553.9300554270662,6.483211730505402,23.339562229819446
295.2,3554.2542156136833,6.483195734182887,23.339504643058394
295.25,3554.578374692654,6.483167424647337,23.339402728730413
295.3,3554.902531389467,6.483100447882086,23.339161612375513
295.35,3555.2266837365464,6.482993435293931,23.338776367058152
295.40000000000003,3555.5508306505376,6.482883124352417,23.338379247668705
295.45,3555.8749720399496,6.482772452135582,23.337980827688096
295.5,3556.199107495764,6.482645780435406,23.337524809567462
295.55,3556.5232355029866,6.482474508465817,23.33690823047694
295.6,3556.8473542283045,6.482274504250113,23.336188215300407
295.65000000000003,3557.171462497241,6.482056253211492,23.33540251156137
295.7,3557.4955593217237,6.48181672608926,23.334540213921336
295.75,3557.819644041945,6.481572082772291,23.33365949798025
295.8,3558.1437166098663,6.4813306340775485,23.332790282679174
295.85,3558.4677774788497,6.481104125256191,23.33197485092229
295.90000000000003,3558.7918274802537,6.480895930911051,23.331225351279784
295.95,3559.115867055325,6.480687071943736,23.33047345899745
296.0,3559.43989559179,6.480454386661107,23.329635791979985
296.05,3559.763913020805,6.480242773939941,23.328873986183787
296.1,3560.087920413183,6.480052921182052,23.32819051625539
296.15000000000003,3560.411918099577,6.479854534596131,23.327476324546073
296.2,3560.7359059162054,6.479658130527831,23.326769269900193
296.25,3561.0598840270004,6.479466301272326,23.326078684580374
296.3,3561.3838526048894,6.479276814288567,23.32539653143884
296.35,3561.707811937637,6.479096495605365,23.324747384179314
296.40000000000003,3562.0317627600143,6.478936399490616,23.324171038166217
296.45,3562.3557062475666,6.4788031025959905,23.323691169345565
296.5,3562.6796437232647,6.4786959253207925,23.323305331154852
296.55,3563.0035766384667,6.478620682756647,23.32303445792393
296.6,3563.327506586056,6.478577220830253,23.32287799498891
296.65000000000003,3563.651435164285,6.478565908324503,23.32283726996821
296.7,3563.9753636954065,6.47857533653897,23.322871211540292
296.75,3564.2992935896364,6.47862043266314,23.323033557587305
296.8,3564.6232260823026,6.47867927397826,23.323245386321737
296.85,3564.9471620250947,6.478758437714256,23.323530375771323
296.90000000000003,3565.271102144416,6.478846335144232,23.323846806519235
296.95,3565.5950464365847,6.47892535160316,23.324131265771378
297.0,3565.9189940802503,6.4789803950194935,23.32432942207018
297.05,3566.242944191648,6.47902406087757,23.324486619159256
297.1,3566.566896543825,6.479070026210457,23.324652094357646
297.15000000000003,3566.8908507445253,6.479098001800393,23.324752806481417
297.2,3567.2148058122907,6.479104708820785,23.324776951754824
297.25,3567.5387607401617,6.4790924060234865,23.324732661684553
297.3,3567.8627142303803,6.479047202726209,23.324569929814352
297.35,3568.1866645864975,6.478967041969054,23.324281351088594
297.40000000000003,3568.5106103822764,6.478864789180556,23.323913241050004
297.45,3568.8345508140974,6.478752483653544,23.32350894115276
297.5,3569.158485717361,6.478643646899352,23.323117128837666
297.55,3569.482415984539,6.478567040202424,23.322841344728726
297.6,3569.806343168396,6.478520314077404,23.322673130678655
297.65000000000003,3570.1302689621084,6.478511434421295,23.32264116391666
297.7,3570.4541957335487,6.478559423194724,23.32281392350101
297.75,3570.7781264527857,6.478669346287264,23.32320964663415
297.8,3571.102064760843,6.478862976003465,23.323906713612473
297.85,3571.4260148532494,6.479140720247038,23.324906592889338
297.90000000000003,3571.749980706557,6.4794934120614815,23.326176283421333
297.95,3572.073965366661,6.479892992108783,23.32761477159162
298.0,3572.397970622085,6.480317224838724,23.329142009419407
298.05,3572.7219975315497,6.480759153757307,23.330732953526308
298.1,3573.0460467111297,6.481208029443614,23.332348905997012
298.15000000000003,3573.370118079277,6.481646696445981,23.333928107205534
298.2,3573.694210754484,6.482060311853963,23.335417122674265
298.25,3574.0183232192007,6.482438276815303,23.33677779653509
298.3,3574.342453173508,6.482759895480744,23.33793562373068
298.35,3574.666597675364,6.483020178749535,23.338872643498327
298.40000000000003,3574.9907537255003,6.483221826702728,23.33959857612982
298.45,3575.314918594677,6.483372940360789,23.340142585298842
298.5,3575.63909006857,6.483486015366648,23.340549655319933
298.55,3575.963266297938,6.483563159347529,23.340827373651106
298.6,3576.287445380682,6.483600150418173,23.340960541505424
298.65000000000003,3576.611625228024,6.4835937432552715,23.340937475718977
298.7,3576.9358039245885,6.483554119334633,23.34079482960468
298.75,3577.2599795550454,6.483471098934182,23.340495956163057
298.8,3577.5841496553967,6.48333291512026,23.339998494432937
298.85,3577.908311449693,6.483138856727844,23.33929988422024
298.90000000000003,3578.2324622042393,6.482891325115327,23.338408770415178
298.95,3578.5565995487814,6.482602456561817,23.337368843622542
299.0,3578.8807220699964,6.482298392037475,23.33627421133491
299.05,3579.2048296964726,6.482006667009394,23.33522400123382
299.1,3579.5289230963735,6.481729329023537,23.334225584484734
299.15000000000003,3579.853002980231,6.481466025269698,23.333277690970913
299.2,3580.1770701440055,6.481220525711196,23.332393892560304
299.25,3580.501125578801,6.48099686609589,23.331588717945206
299.3,3580.825170445425,6.48079779887933,23.330872075965587
299.35,3581.1492055579733,6.480606703056072,23.33018413100186
299.40000000000003,3581.4732310389377,6.48041253552389,23.329485127886006
299.45,3581.7972463935553,6.480201649188358,23.32872593707809
299.5,3582.1212508139783,6.479975167739275,23.32791060386139
299.55,3582.4452435675416,6.479734974795109,23.327045909262395
299.6,3582.7692241138493,6.479486877518331,23.326152759065995
299.65000000000003,3583.093192434872,6.479245963387776,23.325285468195997
299.7,3583.4171492508867,6.479026677196595,23.324496037907743
299.75,3583.741096006357,6.478843541620729,23.323836749834626
299.8,3584.0650344902024,6.478695812194688,23.323304923900874
299.85,3584.388966429611,6.478581764165029,23.322894350994105
299.90000000000003,3584.712893572445,6.478503949186086,23.322614217069912
299.95,3585.0368175707863,6.478455984462887,23.322441544066393
300.0,3585.360739600206,6.478425192338836,23.32233069241981
300.05,3585.6846601841303,6.47839816462686,23.322233392656695
300.1,3586.0085793673516,6.478369164232764,23.32212899123795
300.15000000000003,3586.3324967876406,6.478327647331509,23.32197953039343
300.2,3586.656411585866,6.478264281684542,23.32175141406435
300.25,3586.980322475329,6.478171296838935,23.321416668620166
300.3,3587.304228282637,6.478060995470283,23.32101958369302
300.35,3587.62812844089,6.477945334669377,23.320603204809757
300.40000000000003,3587.952023166566,6.477843692375586,23.32023729255211
300.45,3588.275913897052,6.477785527058074,23.32002789740907
300.5,3588.5998030218107,6.477779463297331,23.32000606787039
300.55,3588.923693057403,6.477821960397812,23.320159057432125
300.6,3589.2475863266513,6.477908809541121,23.320471714348034
300.65000000000003,3589.571485017841,6.478038838046825,23.32093981696857
300.7,3589.8953911875324,6.478207949610487,23.321548618597756
300.75,3590.2193066667455,6.4784112189184935,23.322280388106577
300.8,3590.543232706943,6.478630388971838,23.323069400298618
300.85,3590.867169976918,6.478860410021433,23.32389747607716
300.90000000000003,3591.191119087092,6.479103996936731,23.32477438897223
300.95,3591.515080655295,6.479358731186545,23.32569143227156
301.0,3591.83905521007,6.479623459803552,23.326644455292787
301.05,3592.1630431150675,6.479892740091009,23.327613864327635
301.1,3592.487044638548,6.480168199133928,23.328605516882142
301.15000000000003,3592.8110597631576,6.480436785253961,23.329572426914257
301.2,3593.135087571152,6.480675534510954,23.330431924239438
301.25,3593.4591262921904,6.480873307035138,23.331143905326496
301.3,3593.783173602525,6.481019106344938,23.331668782841778
301.35,3594.1072265470475,6.481098674547735,23.331955228371847
301.40000000000003,3594.4312818446374,6.481113229052037,23.332007624587334
301.45,3594.7553362818985,6.481064261384328,23.331831340983584
301.5,3595.079386640412,6.480950079146585,23.331420284927706
301.55,3595.403429900211,6.4807803128236845,23.330809126165263
301.6,3595.727463532205,6.480564966938992,23.330033880980373
301.65000000000003,3596.0514854804965,6.480312964713881,23.32912667296997
301.7,3596.3754942303117,6.480037027893079,23.328133300415086
301.75,3596.6994888808135,6.479748992186605,23.32709637187178
301.8,3597.0234690256643,6.479456801846131,23.326044486646072
301.85,3597.3474344971937,6.4791620593285195,23.32498341358267
301.90000000000003,3597.671385628692,6.478883200606557,23.323979522183606
301.95,3597.9953234944896,6.478631431299683,23.32307315267886
302.0,3598.31924927258,6.478399692314703,23.32223889233293
302.05,3598.6431639156376,6.478186029997293,23.321469707990254
302.1,3598.967068540446,6.477998962332357,23.32079626439649
302.15000000000003,3599.290964273266,6.477830350489033,23.32018926176052
302.2,3599.614851732469,6.477668017639087,23.319604863500714
302.25,3599.9387311225387,6.477507585137214,23.31902730649397
302.3,3600.2626026826356,6.477354818739698,23.318477347462913
302.35,3600.5864671122954,6.477222367659678,23.31800052357484
302.40000000000003,3600.9103254552283,6.477111349663523,23.317600858788683
302.45,3601.234178794916,6.477022237830772,23.31728005619078
302.5,3601.5580281389452,6.476951523343036,23.317025484034932
302.55,3601.8818741378677,6.476888433557382,23.316798360806576
302.6,3602.2057169906707,6.47682567855179,23.316572442786445
302.65000000000003,3602.5295566276814,6.476759801884074,23.316335286782667
302.7,3602.8533930825192,6.476698391630299,23.316114209869077
302.75,3603.177226926487,6.476655367074754,23.315959321469116
302.8,3603.501059114201,6.476632141474044,23.31587570930656
302.85,3603.824890746933,6.476633167797711,23.31587940407176
302.90000000000003,3604.1487231701517,6.476663760954219,23.31598953943519
302.95,3604.4725574830923,6.47670875666971,23.31615152401096
303.0,3604.796394618077,6.476776642716368,23.316395913778926
303.05,3605.120235667554,6.476865336362317,23.31671521090434
303.1,3605.4440813273454,6.4769610552974175,23.317059799070705
303.15000000000003,3605.7679316623853,6.477052346292099,23.317388446651556
303.2,3606.09178608611,6.477124602696042,23.317648569705753
303.25,3606.4156433707094,6.477166781288457,23.317800412638444
303.3,3606.73950192747,6.4771754891397455,23.317831760903083
303.35,3607.0633608208127,6.4771802445638755,23.317848880429953
303.40000000000003,3607.387220311794,6.477199394688839,23.31791782087982
303.45,3607.7110814673742,6.477246828531532,23.318088582713518
303.5,3608.0349461112555,6.477338926718853,23.31842013618787
303.55,3608.3588165052715,6.477476833915082,23.318916602094298
303.6,3608.682694835579,6.477656378370083,23.319562962132302
303.65000000000003,3609.00658285148,6.477864257674946,23.320311327629806
303.7,3609.330482342457,6.478115381402786,23.32121537305003
303.75,3609.6543949079296,6.478387237508092,23.322194055029133
303.8,3609.9783212228085,6.478665357641749,23.323195287510295
303.85,3610.3022614861784,6.478945177148976,23.324202637736313
303.90000000000003,3610.626215627156,6.479220461957033,23.32519366304532
303.95,3610.950183289782,6.479486043097902,23.326149755152446
304.0,3611.274163559299,6.479724737560529,23.327009055217907
304.05,3611.5981553073234,6.479945183428665,23.327802660343195
304.1,3611.922157760746,6.4801529534757965,23.32855063251287
304.15000000000003,3612.246170493429,6.480356353843152,23.329282873835346
304.2,3612.570193260521,6.480554329842167,23.3299955874318
304.25,3612.89422544858,6.480733192519421,23.330639493069913
304.3,3613.2182659255136,6.4808858848212925,23.331189185356653
304.35,3613.5423135208794,6.481017929816118,23.331664547338026
304.40000000000003,3613.8663670379246,6.481122751991922,23.33204190717092
304.45,3614.190425014085,6.481196294431678,23.332306659954043
304.5,3614.5144860006253,6.481243167182594,23.33247540185734
304.55,3614.8385481719747,6.481243686796292,23.33247727246665
304.6,3615.162608904033,6.481185595532942,23.332268143918593
304.65000000000003,3615.486665425999,6.481075283113338,23.331871019208016
304.7,3615.8107152474704,6.480917575749896,23.331303272699625
304.75,3616.134756512892,6.480733041118363,23.330638948026106
304.8,3616.4587886870986,6.480553927132418,23.329994137676707
304.85,3616.7828122914093,6.480390245299977,23.329404883079917
304.90000000000003,3617.1068280265567,6.480239160590044,23.32886097812416
304.95,3617.4308364444555,6.48009755536248,23.32835119930493
305.0,3617.7548379740424,6.479963628114284,23.327869061211423
305.05,3618.078832881002,6.47983265027476,23.32739754098914
305.1,3618.402821170329,6.479698922795254,23.326916122062915
305.15000000000003,3618.726802795723,6.479566092959228,23.32643793465322
305.2,3619.050777662367,6.479428572813013,23.325942862126848
305.25,3619.3747442632516,6.479235462556884,23.325247665204785
305.3,3619.698700530033,6.4790152086927515,23.324454751293906
305.35,3620.022646189942,6.478811187666107,23.323720275597985
305.40000000000003,3620.3465825476455,6.4786431204771535,23.323115233717754
305.45,3620.670511760339,6.4785253872656,23.322691394156163
305.5,3620.9944367558764,6.478474434225944,23.3225079632134
305.55,3621.3183609131356,6.478491856140362,23.322570682105304
305.6,3621.6422874268997,6.478568694417058,23.32284729990141
305.65000000000003,3621.96621911442,6.4786988063948305,23.32331570302139
305.7,3622.2901582700683,6.478867419543221,23.323922710355596
305.75,3622.6141064460458,6.479059619561603,23.324614630421774
305.8,3622.9380649867267,6.479282007681429,23.325415227653146
305.85,3623.2620351878068,6.479526035515288,23.326293727855038
305.90000000000003,3623.5860175007915,6.479766483870218,23.327159341932788
305.95,3623.9100112764263,6.479984541529902,23.327944349507646
306.0,3624.2340154773856,6.480183496835997,23.328660588609587
306.05,3624.5580295051823,6.480377615035768,23.329359414128763
306.1,3624.8820525464675,6.4805440363669735,23.329958530921104
306.15000000000003,3625.206083438926,6.480691661964025,23.330489983070493
306.2,3625.5301211055717,6.480815003872102,23.33093401393957
306.25,3625.8541642555706,6.480910996091245,23.33127958592848
306.3,3626.1782112691576,6.480969547383394,23.33149037058022
306.35,3626.5022598673354,6.480974379722258,23.33150776700013
306.40000000000003,3626.826307354467,6.480925105547643,23.331330379971515
306.45,3627.150351335094,6.4808341195189945,23.331002830268382
306.5,3627.4743899681534,6.4807112028591,23.33056033029276
306.55,3627.798421329362,6.480543245482312,23.329955683736323
306.6,3628.1224427299053,6.4803127762531245,23.329125994511248
306.65000000000003,3628.4464518628956,6.480052543353797,23.32818915607367
306.7,3628.7704472395294,6.479762521994999,23.327145079182
306.75,3629.094427953963,6.479466055346867,23.326077799248722
306.8,3629.418394338269,6.479189316896351,23.325081540826865
306.85,3629.7423480261778,6.478958199451355,23.32424951802488
306.90000000000003,3630.066290939593,6.478758337147069,23.32353001372945
306.95,3630.3902244389546,6.478581637320673,23.322893894354422
307.0,3630.7141493241425,6.478413770190123,23.322289572684443
307.05,3631.038065994859,6.478253058469665,23.321711010490795
307.1,3631.3619750244047,6.478108123356678,23.321189244084042
307.15000000000003,3631.685877226462,6.477979958932908,23.32072785215847
307.20000000000005,3632.009773073021,6.477853903434959,23.320274052365853
307.25,3632.333662391514,6.477718836287027,23.319787810633297
307.3,3632.6575446029397,6.477569620741815,23.319250634670535
307.35,3632.9814191213977,6.47741111757666,23.318680023275977
307.40000000000003,3633.305285705603,6.477252250640095,23.318108102304343
307.45000000000005,3633.6291447356575,6.477108951525354,23.317592225491275
307.5,3633.9529971175166,6.476986322841908,23.31715076223087
307.55,3634.276843700835,6.476877009884747,23.31675723558509
307.6,3634.6006847698504,6.476765750730214,23.316356702628774
307.65000000000003,3634.9245201377066,6.4766489635228,23.31593626868208
307.70000000000005,3635.248349443084,6.476523251566666,23.31548370564
307.75,3635.572172647121,6.476404909922966,23.315057675722677
307.8,3635.8959903271407,6.476302290866663,23.314688247119985
307.85,3636.2198034249186,6.476221620243717,23.31439783287738
307.90000000000003,3636.543612931227,6.476158632093597,23.31417107553695
307.95000000000005,3636.867419786306,6.476115571073068,23.314016055863046
308.0,3637.1912247323125,6.476082269192892,23.313896169094413
308.05,3637.515028199197,6.476056406185256,23.31380306226692
308.1,3637.838831208479,6.476063965103401,23.313830274372243
308.15000000000003,3638.1626357049417,6.476115893400074,23.314017216240266
308.20000000000005,3638.4864432750464,6.47618691079027,23.314272878844974
308.25,3638.810254883386,6.476277422793733,23.31459872205744
308.3,3639.1340712781516,6.476378367837365,23.314962124214517
308.35,3639.457892661239,6.476476955655674,23.315317040360426
308.40000000000003,3639.781718662995,6.476563114594807,23.315627212541305
308.45000000000005,3640.1055486347823,6.476635756898296,23.315888724833865
308.5,3640.4293819334853,6.476696191227458,23.31610628841885
308.55,3640.75321842247,6.476763368170058,23.31634812541221
308.6,3641.077058520182,6.476840540305347,23.31662594509925
308.65000000000003,3641.400902857578,6.476932955517411,23.31695863986268
308.70000000000005,3641.724751951888,6.477030816886641,23.31731094079191
308.75,3642.048605844671,6.477124894430126,23.317649619948455
308.8,3642.3724642160705,6.477209961555158,23.31795586159857
308.85,3642.69632683385,6.477294749617649,23.318261098623537
308.90000000000003,3643.020193946749,6.477389766337379,23.318603158814565
308.95000000000005,3643.3440656462594,6.477478214080387,23.318921570689394
309.0,3643.6679413611923,6.47755038323112,23.31918137963203
309.05,3643.991820447623,6.477613073997318,23.319407066390347
309.1,3644.31570254452,6.477670801867753,23.31961488672391
309.15000000000003,3644.6395874775467,6.477726519203878,23.31981546913396
309.20000000000005,3644.963475467039,6.477793060492054,23.320055017771395
309.25,3645.2873675936235,6.47789200288334,23.320411210380026
309.3,3645.611265581738,6.4780275216886825,23.320899078079258
309.35,3645.9351713908636,6.478204843344503,23.321537436040213
309.40000000000003,3646.259086814345,6.478412095924793,23.322283545329256
309.45000000000005,3646.5830130788654,6.4786384848819125,23.323098545574886
309.5,3646.906951090616,6.4788819851412205,23.323975146508396
309.55,3647.2309017656344,6.479145015586289,23.32492205611064
309.6,3647.5548656360634,6.479409801574873,23.325875285669543
309.65000000000003,3647.878841866804,6.479639428063749,23.326701941029494
309.70000000000005,3648.20282849561,6.47982572416734,23.327372607002424
309.75,3648.526823628976,6.479979610487522,23.32792659775508
309.8,3648.8508251747603,6.480082220876048,23.328295995153773
309.85,3649.1748304057546,6.480127018897486,23.32845726803095
309.90000000000003,3649.498836738003,6.4801262710244645,23.328454575688074
309.95000000000005,3649.8228423161436,6.480096854597763,23.328348676551947
310.0,3650.1468462784214,6.48006163651963,23.32822189147067
310.05,3650.470848722899,6.480036142586704,23.328130113312135
310.1,3650.7948501536544,6.480021087616802,23.328075915420488
310.15000000000003,3651.1188509286326,6.480009911517053,23.32803568146139
310.20000000000005,3651.4428508017186,6.479985011917581,23.327946042903292
310.25,3651.7668486822645,6.479930209913427,23.327748755688337
310.3,3652.0908429897186,6.479842088258305,23.3274315177299
310.35,3652.4148324359776,6.479735762098384,23.327048743554183
310.40000000000003,3652.7388160735723,6.47960974168606,23.326595070069818
310.45000000000005,3653.062792715191,6.479455923058348,23.326041323010053
310.5,3653.3867611689707,6.479282228130524,23.325416021269888
310.55,3653.7107208715092,6.479105873415085,23.324781144294306
310.6,3654.034671859909,6.4789336625791085,23.32416118528479
310.65000000000003,3654.358614266394,6.478762596820668,23.323545348554404
310.70000000000005,3654.6825483538696,6.4786009022007285,23.322963247922623
310.75,3655.0064751101127,6.478469347514702,23.322489651052926
310.8,3655.3303961578167,6.478372560648912,23.322141218336085
310.85,3655.6543129904003,6.478300742699992,23.321882673719973
310.90000000000003,3655.978226282478,6.478230940408716,23.321631385471377
310.95000000000005,3656.3021358610445,6.478152202258998,23.321347928132393
311.0,3656.6260411581593,6.478059682335154,23.321014856406553
311.05,3656.949941147169,6.4779398780543005,23.320583560995484
311.1,3657.2738343524334,6.477788332521984,23.32003799707914
311.15000000000003,3657.5977197154493,6.477626188109148,23.319454277192932
311.20000000000005,3657.921597311954,6.477477672069684,23.318919619450863
311.25,3658.2454675687245,6.477332598749751,23.318397355499105
311.3,3658.56933047924,6.477183821863336,23.31786175870801
311.35,3658.8931860698754,6.477039803559402,23.317343292813845
311.40000000000003,3659.2170348644167,6.476911978097089,23.31688312114952
311.45000000000005,3659.540878043618,6.476815189944656,23.31653468380076
311.5,3659.8647170358618,6.476744499819537,23.316280199350334
311.55,3660.1885527330223,6.476683386607206,23.316060191785944
311.6,3660.5123851607054,6.476613720717844,23.31580939458424
311.65000000000003,3660.836213557052,6.476522133136092,23.31547967928993
311.70000000000005,3661.1600366128528,6.476400098891773,23.315040356010382
311.75,3661.4838528424702,6.47624908581418,23.31449670893105
311.8,3661.8076613699845,6.476092014750132,23.313931253100478
311.85,3662.1314624655765,6.475951808925546,23.31342651213197
311.90000000000003,3662.4552569829193,6.475828884786442,23.31298398523119
311.95000000000005,3662.7790457311576,6.47572104473905,23.31259576106058
312.0,3663.1028297998723,6.475641703843657,23.312310133837165
312.05,3663.4266108044044,6.4755984774325706,23.312154518757254
312.1,3663.750390272599,6.475580250350048,23.312088901260175
312.15000000000003,3664.0741693840264,6.475584206749841,23.312103144299428
312.20000000000005,3664.3979494748883,6.475619427724836,23.31222993980941
312.25,3664.7217321682137,6.475688305287683,23.31247789903566
312.3,3665.0455189792324,6.47578413546276,23.312822887665938
312.35,3665.3693109863234,6.475896148179892,23.31322613344761
312.40000000000003,3665.693108852379,6.476018494042922,23.31366657855452
312.45000000000005,3666.016912973213,6.476146339317528,23.314126821543102
312.5,3666.340723508148,6.476275058087339,23.31459020911442
312.55,3666.664540524275,6.476405586985719,23.31506011314859
312.6,3666.988364254107,6.476543606305186,23.31555698269867
312.65000000000003,3667.312194911534,6.476682690763311,23.316057686747918
312.70000000000005,3667.6360321349885,6.476806247410748,23.316502490678694
312.75,3667.9598748377316,6.476901862323409,23.316846704364274
312.8,3668.2837217908036,6.476976260553267,23.31711453799176
312.85,3668.607572132168,6.477037394032731,23.317334618517833
312.90000000000003,3668.9314253282487,6.4770904491963455,23.317525617106845
312.95000000000005,3669.2552809323684,6.4771337155910045,23.317681376127616
313.0,3669.5791383535243,6.477163130645393,23.317787270323414
313.05,3669.9029971210703,6.477187571193008,23.31787525629483
313.1,3670.226857574718,6.477230574707658,23.318030068947568
313.15000000000003,3670.5507209489783,6.477304395713671,23.318295824569216
313.20000000000005,3670.8745889378843,6.4774151605230506,23.318694577882983
313.25,3671.198463600909,6.477571360454194,23.3192568976351
313.3,3671.5223473725046,6.4777795033695,23.3200062121302
313.35,3671.846242383343,6.478020930166258,23.320875348598527
313.40000000000003,3672.170149688964,6.478271294680134,23.32177666084848
313.45000000000005,3672.4940695832665,6.478524477425172,23.322688118730618
313.5,3672.818002905411,6.478808408346728,23.32371027004822
313.55,3673.141950894092,6.479111138889433,23.32480010000196
313.6,3673.465914131457,6.479418355693198,23.325906080495514
313.65000000000003,3673.7898928903164,6.4797319986882,23.32703519527752
313.70000000000005,3674.113887591805,6.480056060857672,23.32820181908762
313.75,3674.4378989536617,6.480398413418895,23.329434288308022
313.8,3674.761927915783,6.480760071426996,23.330736257137186
313.85,3675.085975040407,6.481124913532179,23.332049688715845
313.90000000000003,3675.4100399319154,6.481470746806577,23.333294688503678
313.95000000000005,3675.73412102356,6.481772918977036,23.33438250831733
314.0,3676.0582158961734,6.482021985554965,23.335279147997877
314.05,3676.3823216177802,6.482206878728176,23.335944763421434
314.1,3676.7064347459,6.482318246068006,23.336345685844822
314.15000000000003,3677.0305517348506,6.4823613119513075,23.336500723024706
314.20000000000005,3677.3546697330908,6.482358617652402,23.336491023548646
314.25,3677.6787861054186,6.482296275455583,23.336266591640097
314.3,3678.002897868408,6.482174244129804,23.335827278867296
314.35,3678.327001697354,6.481978913693841,23.335124089297828
314.40000000000003,3678.651093882221,6.481708480998531,23.334150531594712
314.45000000000005,3678.975170807933,6.4813685474637,23.33292677086932
314.5,3679.2992291537244,6.480965284198093,23.331475023113136
314.55,3679.6232659910725,6.480508209734072,23.32982955504266
314.6,3679.947278592855,6.479995861575895,23.32798510167322
314.65000000000003,3680.271263952105,6.479418508430445,23.325906630349603
314.70000000000005,3680.5952192141303,6.478791972587359,23.323651101314493
314.75,3680.919142342606,6.478133166437003,23.321279399173214
314.8,3681.243032052441,6.477455226958513,23.318838817050647
314.85,3681.5668876676455,6.476769381229329,23.316369772425585
314.90000000000003,3681.89070937344,6.476098850553725,23.31395586199341
314.95000000000005,3682.214498389773,6.475461802750616,23.31166248990222
315.0,3682.5382567701636,6.4748734128774705,23.309544286358893
315.05,3682.861986215737,6.474304410052943,23.307495876190593
315.1,3683.1856882051725,6.473775167372105,23.30559060253958
315.15000000000003,3683.5093653056106,6.47330885015284,23.303911860550226
315.20000000000005,3683.833020914472,6.47291550430589,23.302495815501203
315.25,3684.156658656362,6.472594171311479,23.301339016721325
315.3,3684.480281737713,6.472329082717045,23.30038469778136
315.35,3684.8038925170436,6.472102090507685,23.29956752582767
315.40000000000003,3685.127492822816,6.471910140382314,23.29887650537633
315.45000000000005,3685.451084482599,6.4717562509452815,23.298322503403014
315.5,3685.77466941969,6.471641232683499,23.2979084376606
315.55,3686.098249454382,6.471560154996346,23.297616557986846
315.6,3686.421826329607,6.471514854011583,23.2974534744417
315.65000000000003,3686.745402009752,6.471512351789503,23.29744446644221
315.70000000000005,3687.0689785128734,6.471547773065024,23.297571983034086
315.75,3687.3925567967526,6.471583582098419,23.29770089555431
315.8,3687.71613731818,6.471637274992828,23.29789418997418
315.85,3688.0397208432355,6.471703727234632,23.298133418044678
315.90000000000003,3688.363308591983,6.471806222649752,23.298502401539107
315.95000000000005,3688.686902611866,6.471954572682761,23.29903646165794
316.0,3689.010505196631,6.472148817920151,23.299735744512542
316.05,3689.334119838944,6.472436874593866,23.300772748537916
316.1,3689.6577511891765,6.472817134702383,23.30214168492858
316.15000000000003,3689.981403902716,6.473291406879695,23.3038490647669
316.20000000000005,3690.305081972856,6.4738313987189695,23.30579303538829
316.25,3690.62878706405,6.474372249038671,23.307740096539217
316.3,3690.952516734412,6.474814565444327,23.30933243559958
316.35,3691.276265361665,6.475130524695033,23.31046988890212
316.40000000000003,3691.600023783777,6.475206359776002,23.310742895193606
316.45000000000005,3691.923777473874,6.474941244108684,23.309788478791262
316.5,3692.2475074923286,6.474259494069258,23.30733417864933
316.55,3692.571188717368,6.472989507496141,23.302762226986108
316.6,3692.89478884388,6.471015552999903,23.295655990799652
316.65000000000003,3693.2182689553047,6.468188903977168,23.285480054317805
316.70000000000005,3693.5415819388663,6.464330438481872,23.271589578534737
316.75,3693.8646729123957,6.459308502700161,23.25351060972058
316.8,3694.18748137306,6.453029923883339,23.23090772598002
316.85,3694.5099433953387,6.445450967253443,23.203623482112395
316.90000000000003,3694.8319916505147,6.436479239788975,23.17132526324031
316.95000000000005,3695.1535562403383,6.426104353160857,23.133975671379083
317.0,3695.474567247268,6.414335924043028,23.091609326554902
317.05,3695.7949592975147,6.401346085823641,23.044845908965108
317.1,3696.114671376079,6.387137056756816,22.99369340432454
317.15000000000003,3696.4336453432384,6.371821629621941,22.938557866638988
317.20000000000005,3696.7518282035157,6.355492781471824,22.87977401329857
317.25,3697.0691717566256,6.33824934291995,22.81769763451182
317.3,3697.3856343346506,6.320253778080263,22.752913601088945
317.35,3697.7011797040877,6.301560999407488,22.685619597866957
317.40000000000003,3698.0157761772393,6.282297926653159,22.616272535951374
317.45000000000005,3698.3293988145515,6.262607565838211,22.54538723701756
317.5,3698.642031620473,6.242704671032898,22.473736815718436
317.55,3698.9536668801898,6.222705717627518,22.401740583459066
317.6,3699.2643002518485,6.202629148729008,22.32946493542443
317.65000000000003,3699.573931271546,6.182611639178145,22.257401901041323
317.70000000000005,3699.8825653762447,6.162752548778379,22.185909175602166
317.75,3700.1902133688973,6.14316715732096,22.115401766355458
317.8,3700.496887365341,6.1237927004292585,22.04565372154533
317.85,3700.802599212059,6.104681168284794,21.97685220582526
317.90000000000003,3701.107361743841,6.085820102999637,21.908952370798694
317.95000000000005,3701.4111883359387,6.067243580908669,21.84207689127121
318.0,3701.71409017961,6.048830165948267,21.77578859741376
318.05,3702.0160720727113,6.030445558088328,21.70960400911798
318.1,3702.317135326566,6.012084596113612,21.643504546009
318.15000000000003,3702.617278612539,5.993646842793913,21.577128634058088
318.20000000000005,3702.916495410593,5.97502507937304,21.510090285742944
318.25,3703.214774708758,5.956146847218847,21.442128649987847
318.3,3703.512103540918,5.937006439186137,21.37322318107009
318.35,3703.8084700463432,5.91765377782607,21.303553600173853
318.40000000000003,3704.103863221949,5.898073246391525,21.23306368700949
318.45000000000005,3704.398271736303,5.878267327760908,21.16176237993927
318.5,3704.6916860596116,5.8583056045972,21.08990017654992
318.55,3704.9840993853913,5.838227426600072,21.017618735760262
318.6,3705.2755031580837,5.817923481098409,20.944524531954272
318.65000000000003,3705.5658862365817,5.797399658820111,20.8706387717524
318.70000000000005,3705.8552355422235,5.7765725668405405,20.795661240625947
318.75,3706.1435368942907,5.755481515849979,20.719733457059927
318.8,3706.43077626665,5.734093378517043,20.642736162661357
318.85,3706.7169365564564,5.712318213750499,20.564345569501796
318.90000000000003,3707.001999557718,5.690201836715591,20.48472661217613
318.95000000000005,3707.285949188786,5.667783406007284,20.404020261626222
319.0,3707.5687699194154,5.645045819167354,20.322164949002474
319.05,3707.8504436385306,5.621902945434913,20.238850603565687
319.1,3708.130950090274,5.598355124291254,20.154078447448516
319.15000000000003,3708.4102704453144,5.574459077325298,20.068052678371075
319.20000000000005,3708.688388170371,5.550249924953086,19.98089972983111
319.25,3708.9652843147783,5.525595851339347,19.892145064821648
319.3,3709.2409334429717,5.500369276395447,19.80132939502361
319.35,3709.5153101629435,5.474699522477031,19.70891828091731
319.40000000000003,3709.7883931666624,5.448620626280864,19.61503425461111
319.45000000000005,3710.0601609830846,5.422092030601978,19.51953131016712
319.5,3710.3305890388056,5.395030198233144,19.422108713639318
319.55,3710.599652088577,5.367491792626086,19.32297045345391
319.6,3710.8673291500363,5.339590665753144,19.222526396711316
319.65000000000003,3711.133602017117,5.311324017471508,19.12076646289743
319.70000000000005,3711.398450890108,5.282630902174464,19.017471247828073
319.75,3711.661856260742,5.25358392318382,18.912902123461752
319.8,3711.9238043180953,5.224338370959838,18.807618135455417
319.85,3712.1842866341212,5.194954270072801,18.70183537226208
319.90000000000003,3712.443294698247,5.16536829495549,18.595325861839765
319.95000000000005,3712.70081770693,5.135552052365137,18.487987388514494
320.0,3712.9568467715044,5.105610530596929,18.380197910148944
320.05,3713.2113777118934,5.0756270849625595,18.272257505865216
320.1,3713.464408460722,5.045602868187748,18.164170325475894
320.15000000000003,3713.7159342950526,5.015430505031141,18.05554981811211
320.20000000000005,3713.9659489024457,4.985153790694303,17.946553646499492
320.25,3714.2144499527703,4.954888222291885,17.837597600250785
320.3,3714.461439512253,4.9246941570206655,17.728898965274396
320.35,3714.7069219030454,4.894601474680437,17.620565308849574
320.40000000000003,3714.9509000639746,4.86452496248383,17.51228986494179
320.45000000000005,3715.1933745920423,4.83445616021881,17.404042176787716
320.5,3715.4343466421697,4.804425844877457,17.295933041558847
320.55,3715.6738185916815,4.774452135604364,17.188027688175712
320.6,3715.911790416556,4.744420859380314,17.07991509376913
320.65000000000003,3716.148259130454,4.714327696528157,16.971579707501366
320.70000000000005,3716.3832221324265,4.684192382380511,16.86309257656984
320.75,3716.616677303581,4.654014463811093,16.754452069719935
320.8,3716.8486245076274,4.623873698035787,16.645945312928834
320.85,3717.0790635757926,4.593689028574525,16.537280502868292
320.90000000000003,3717.3079925567613,4.563470210168401,16.428492756606243
320.95000000000005,3717.535411166782,4.533274190657437,16.319787086366773
321.0,3717.7613221827614,4.503166448510925,16.21139921463933
321.05,3717.985728914725,4.473102830018426,16.103170188066336
321.1,3718.2086315906677,4.443004207686895,15.994815147672824
321.15000000000003,3718.4300273212516,4.412825015679507,15.886170056446227
321.20000000000005,3718.649913707875,4.382630449246082,15.777469617285895
321.25,3718.8682921331465,4.352506561609443,15.669023621793997
321.3,3719.085162852235,4.322322201926271,15.560359926934575
321.35,3719.300521968603,4.292042452780202,15.451352830008728
321.40000000000003,3719.514365805023,4.261711004018601,15.342159614466963
321.45000000000005,3719.726694340889,4.231430430619041,15.23314955022855
321.5,3719.9375100123634,4.201196428356347,15.12430714208285
321.55,3720.1468132674945,4.170933776878905,15.015361596764059
321.6,3720.3546018743154,4.140610495966325,14.906197785478769
321.65000000000003,3720.560874280316,4.110285744054131,14.797028678594874
321.70000000000005,3720.7656327168775,4.080051718398911,14.68818618623608
321.75,3720.968880361345,4.049854060293594,14.579474617056938
321.8,3721.170618834135,4.019684851312363,14.470865464724506
321.85,3721.3708488322773,3.9895150743704866,14.362254267733752
321.90000000000003,3721.5695716367445,3.959397104324169,14.253829575567009
321.95000000000005,3721.7667923043277,3.9294295990022103,14.145946556407958
322.0,3721.962516274643,3.899529213608705,14.03830516899134
322.05,3722.156745454316,3.869637973313835,13.930696703929806
322.1,3722.3494805151563,3.839764460298606,13.823152057074982
322.15000000000003,3722.540723126667,3.809940000146729,13.715784000528224
322.20000000000005,3722.7304747882636,3.78012646371016,13.608455269356577
322.25,3722.918735900168,3.750318012462306,13.501144844864301
322.3,3723.1055049763013,3.720445032864511,13.39360211831224
322.35,3723.290778459634,3.690494300440398,13.285779481585433
322.40000000000003,3723.474553702142,3.660515399882973,13.177855439578703
322.45000000000005,3723.656828506095,3.630476758214849,13.069716329573456
322.5,3723.8375985613493,3.600325451966891,12.961171627080807
322.55,3724.0168577554823,3.570042313362019,12.85215232810327
322.6,3724.194602249527,3.5397374484418314,12.743054814390593
322.65000000000003,3724.3708333364643,3.509506029050889,12.6342217045832
322.70000000000005,3724.5455545609025,3.479342948471701,12.525634614498124
322.75,3724.718767663959,3.4491811738049467,12.417052225697809
322.8,3724.8904729366363,3.4190297332816675,12.308507039814003
322.85,3725.0606729435085,3.3889705415986895,12.200293949755283
322.90000000000003,3725.2293720505363,3.358993739520937,12.092377462275373
322.95000000000005,3725.3965722156477,3.329012864929487,11.984446313746153
323.0,3725.5622728403077,3.299012121479599,11.876443637326558
323.05,3725.726473389605,3.2690098504152543,11.768435461494915
323.1,3725.8891740105705,3.2390149882051182,11.660453957538426
323.15000000000003,3726.0503749646996,3.2090231769637967,11.552483437069668
323.20000000000005,3726.210075111901,3.1789827111006033,11.444337759962172
323.25,3726.3682731365852,3.1489382762713474,11.336177794576852
323.3,3726.5249713344533,3.11898963845657,11.228362698443652
323.35,3726.6801754118505,3.089173457430087,11.121024446748313
323.40000000000003,3726.833891779823,3.059481261456709,11.014132541244154
323.45000000000005,3726.9861251913585,3.0298551999656564,10.907478719876364
323.5,3727.136877843685,3.000250893087864,10.80090321511631
323.55,3727.2861506675285,2.9706620606600813,10.694383418376294
323.6,3727.433942785718,2.94102266692136,10.587681600916897
323.65000000000003,3727.5802509749,2.9113049003625506,10.480697641305182
323.70000000000005,3727.725072856454,2.8815703617985196,10.37365330247467
323.75,3727.8684069844226,2.8517947569361,10.26646112496996
323.8,3728.0102512647186,2.8219764549087487,10.159115237671495
323.85,3728.150604230215,2.792142164950318,10.051711793821145
323.90000000000003,3728.289465682886,2.762315941900667,9.944337390842401
323.95000000000005,3728.426837229751,2.732545932695114,9.83716535770241
324.0,3728.5627225211924,2.7028657249580794,9.730316609849087
324.05,3728.6971276609274,2.673339864443037,9.624023511994933
324.1,3728.830060136237,2.643959147947772,9.51825293261198
324.15000000000003,3728.9615268344264,2.614708779625291,9.412951606651047
324.20000000000005,3729.0915332515215,2.5855479041698315,9.307972455011393
324.25,3729.2200844259587,2.5564990733204787,9.203396663953724
324.3,3729.3471867272174,2.527592977025394,9.09933471729142
324.35,3729.472847208795,2.4988262860855084,8.99577462990783
324.40000000000003,3729.59707097008,2.470124165324143,8.892446995166916
324.45000000000005,3729.719860797656,2.4414689377186107,8.789288175786998
324.5,3729.841219273997,2.412870115925088,8.686332417330318
324.55,3729.9611483746526,2.3842939102925227,8.583458077053082
324.6,3730.0796488647675,2.355725694311476,8.480612499521314
324.65000000000003,3730.1967198168686,2.32711238974072,8.377604603066594
324.70000000000005,3730.312358628187,2.2984400630039628,8.274384226814266
324.75,3730.426562921513,2.2697316700244774,8.17103401208812
324.8,3730.5393286197404,2.240896259073612,8.067226532665003
324.85,3730.6506480426647,2.211880657902257,7.962770368448125
324.90000000000003,3730.7605120922917,2.1826813271735097,7.857652777824635
324.95000000000005,3730.868913494027,2.1533747422322778,7.7521490720362
325.0,3730.975846004766,2.123925687340959,7.646132474427453
325.05,3731.081301143018,2.0942798427416323,7.539407433869877
325.1,3731.18527000726,2.0644747269261035,7.432109016933973
325.15000000000003,3731.2877467180683,2.034593705414976,7.324537339493913
325.20000000000005,3731.3887280658614,2.004660206314088,7.216776742730716
325.25,3731.488212836701,1.9747306272808145,7.109030258210932
325.3,3731.5862042285107,1.9449250450968134,7.001730162348529
325.35,3731.6827083847766,1.9152412055426762,6.894868339953635
325.40000000000003,3731.7777322406123,1.8857130278796586,6.788566900366771
325.45000000000005,3731.8712832728083,1.856328259954468,6.682781735836085
325.5,3731.9633680977604,1.8270647381297702,6.577433057267173
325.55,3732.0539937585145,1.797961692029815,6.472662091307334
325.6,3732.143167453026,1.7689860884313333,6.3683499183528
325.65000000000003,3732.230896476072,1.7401748334050664,6.264629400258239
325.70000000000005,3732.3171873534798,1.711460262908536,6.16125694647073
325.75,3732.402045058033,1.6828479192162071,6.058252509178346
325.8,3732.4854744234462,1.6543266973285418,5.955576110382751
325.85,3732.567477912282,1.6258128560912466,5.852926281928488
325.90000000000003,3732.6480567442745,1.5973404236106175,5.750425524998223
325.95000000000005,3732.7272143750965,1.5689648092689477,5.648273313368212
326.0,3732.8049556234437,1.540685124621724,5.546466448638206
326.05,3732.8812830782526,1.5124130677356518,5.444687043848346
326.1,3732.956195426589,1.4840808657243514,5.342691116607665
326.15000000000003,3733.029688693347,1.4556498045817656,5.240339296494357
326.20000000000005,3733.1017588614077,1.4271569178474697,5.137764904250891
326.25,3733.172402415697,1.398585253720362,5.0349069133933035
326.3,3733.2416132481167,1.3698480430691795,4.931452955049046
326.35,3733.309384834792,1.3410154239535599,4.827655526232816
326.40000000000003,3733.375713305058,1.3121233866889335,4.723644192080161
326.45000000000005,3733.4405966066497,1.2832086769827793,4.619551237138006
326.5,3733.504032059883,1.2542094523375162,4.515154028415059
326.55,3733.566016745829,1.225177985522608,4.410640747881389
326.6,3733.6265524104315,1.1962485985699862,4.30649495485195
326.65000000000003,3733.6856452516654,1.1674650507953108,4.202874182863119
326.70000000000005,3733.743303377197,1.138859970470048,4.099895893692173
326.75,3733.7995361352177,1.1104503503502183,3.997621261260786
326.8,3733.854352333972,1.0821975998226103,3.8959113593613974
326.85,3733.907758546082,1.054050884567635,3.7945831844434865
326.90000000000003,3733.9597610818423,1.0260505458564873,3.693781965083354
326.95000000000005,3734.0103654599607,0.9981245788695359,3.593248483930329
327.0,3734.0595755313384,0.9702782762412163,3.4930017944683787
327.05,3734.1073948911107,0.9424961146611854,3.3929860127802676
327.1,3734.1538269797948,0.9147874326935174,3.2932347576966627
327.15000000000003,3734.19887576437,0.8871639503136328,3.193790221129078
327.20000000000005,3734.242544289216,0.8595770435252772,3.094477356690998
327.25,3734.284834735238,0.8320407973609405,2.995346870499386
327.3,3734.3257504495796,0.8045877763064241,2.896515994703127
327.35,3734.365297813342,0.7773067741769751,2.7983043870371107
327.40000000000003,3734.403486345858,0.750234526462709,2.7008442952657528
327.45000000000005,3734.440324352611,0.7232857436621266,2.603828677183656
327.5,3734.4758180909316,0.6964637891730601,2.5072696410230164
327.55,3734.509974232818,0.6697818862740871,2.4112147905867136
327.6,3734.5428026879417,0.6433563186834506,2.316082747260422
327.65000000000003,3734.574314754095,0.6171263274639083,2.22165477887007
327.70000000000005,3734.6045222589355,0.5911738661428471,2.1282259181142495
327.75,3734.6334384511733,0.5654738233758486,2.035705764153055
327.8,3734.6610757409244,0.5400177666578743,1.9440639599683474
327.85,3734.687443881424,0.5147078533185743,1.8529482719468675
327.90000000000003,3734.712561007998,0.48997720964595703,1.7639179547254453
327.95000000000005,3734.7364633560846,0.46611671382494924,1.6780201697698174
328.0,3734.7591994285085,0.4433261831372066,1.5959742592939439
328.05,3734.7808259490803,0.42173463974125835,1.5182447030685302
328.1,3734.8014027567133,0.40133766557406136,1.444815596066621
328.15000000000003,3734.820987683582,0.38205940918476317,1.3754138730651475
328.20000000000005,3734.839635827273,0.3638663384403201,1.3099188183851525
328.25,3734.857397967797,0.346619282521719,1.2478294170781883
328.3,3734.8743158262487,0.3300950555384937,1.1883421999385775
328.35,3734.890416978066,0.31395101714398366,1.1302236617183412
328.40000000000003,3734.9057134124228,0.2979063571298594,1.0724628856674938
328.45000000000005,3734.9202004119625,0.2815736244514995,1.0136650480253984
328.5,3734.933854748908,0.2645998533617985,0.9525594721024745
328.55,3734.9466392177287,0.24677889946896248,0.888404038088265
328.6,3734.958516820173,0.22832519830351686,0.8219707138926607
328.65000000000003,3734.969512998351,0.21152192882261867,0.7614789437614272
328.70000000000005,3734.97960642469,0.1922151247206899,0.6919744489944837
328.75,3734.9886809942864,0.1707676591485584,0.6147635729348103
328.8,3734.9966154733697,0.14661150419448782,0.5278014151001562
328.85,3735.0032602267734,0.11917863194674289,0.4290430750082744
328.90000000000003,3735.0084372179344,0.08790101449358828,0.31644365217691783
328.95000000000005,3735.0119400088947,0.052210623923288735,0.18795824612383946
329.0,3735.013533760301,0.011539432324108923,0.04154195636679212
