time_s,dist_m,velocity_mps,velocity_kmh
0.0,0.0,0.013853150455056541,0.049871341638203545
0.05,0.002104619348846304,0.07033162349879561,0.2531938445956642
0.1,0.006862716588021556,0.11999226606821445,0.431972157845572
0.15000000000000002,0.01395138482540164,0.16355446342698893,0.5887960683371601
0.2,0.023083686432046238,0.20173760083879497,0.7262553630196619
0.25,0.03400865304219883,0.23526106356730844,0.8469398288423104
0.30000000000000004,0.04651128555328667,0.2648442368762053,0.953439252754339
0.35000000000000003,0.06041255412592088,0.29120650602916304,1.048343421704987
0.4,0.07553558299358488,0.31371464867739707,1.1293727352386296
0.45,0.09181842256247776,0.3375989340783175,1.215356162681943
0.5,0.10926387525971705,0.360219173811254,1.2967890257205146
0.55,0.12781696801615172,0.3819045364461323,1.3748563312060764
0.6000000000000001,0.14743911657834705,0.4029814060416802,1.4507330617500487
0.65,0.16810663399209433,0.42371929050821083,1.525389445829559
0.7000000000000001,0.189808552046979,0.44435743168717606,1.5996867540738338
0.75,0.2125445837860308,0.4650838378748967,1.6743018163496282
0.8,0.2363239335652148,0.4860901532924626,1.7499245518528652
0.8500000000000001,0.2611640172606459,0.5075131945247827,1.827047500289218
0.9,0.28708455575245273,0.5293083451474905,1.9055100425309657
0.9500000000000001,0.3141026840233877,0.5514167856899089,1.9851004284836722
1.0,0.3422312874719189,0.5737273522513385,2.0654184681048187
1.05,0.37147123167725815,0.5958704159622326,2.1451334974640375
1.1,0.40181404573108487,0.6178421461908361,2.22423172628701
1.1500000000000001,0.43325342877728323,0.6397331756570985,2.303039432365555
1.2000000000000002,0.4657848640779353,0.661524236368983,2.381487250928339
1.25,0.49940309625600293,0.6832050507537234,2.459538182713404
1.3,0.5341042080403663,0.7048394206208113,2.537421914234921
1.35,0.5698880095244551,0.7265126387427405,2.615445499473866
1.4000000000000001,0.6067580930180806,0.7482907010022801,2.6938465236082085
1.4500000000000002,0.6447232513500667,0.7703156322771652,2.7731362761977945
1.5,0.6837999986983998,0.792754261656158,2.853915341962169
1.55,0.7240111926808046,0.8156934976400342,2.936496591504123
1.6,0.7653810593567024,0.839101169395878,3.0207642098251606
1.6500000000000001,0.807935324909977,0.8630694527351053,3.1070500298463792
1.7000000000000002,0.8517029669028872,0.8876362269813023,3.1954904171326883
1.75,0.8967144638001788,0.9128236489103644,3.2861651360773116
1.8,0.9429992974716678,0.938569697949195,3.378850912617102
1.85,0.9905864792021609,0.9649175712705315,3.473703256573913
1.9000000000000001,1.0395078650583907,0.9919378629786615,3.5709763067231814
1.9500000000000002,1.0897954359559798,1.0195649729249032,3.6704339025296515
2.0,1.1414788611553002,1.0477720350479132,3.7719793261724877
2.0500000000000003,1.1945868718264987,1.0765483918000298,3.8755742104801074
2.1,1.2491438646710549,1.1057313219822142,3.9806327591359714
2.15,1.305168188716565,1.135241639838185,4.086869903417466
2.2,1.3626737750192404,1.1649818122688342,4.193934524167803
2.25,1.4216694275968158,1.1948442908341854,4.301439447003068
2.3000000000000003,1.482157375922364,1.2246736421877444,4.40882511187588
2.35,1.544134723389742,1.2544202565073737,4.515912923426545
2.4000000000000004,1.6075980661520162,1.2841134539835959,4.6228084343409455
2.45,1.6725430678142328,1.313686612505066,4.729271805018238
2.5,1.7389613341168613,1.3430440396000705,4.834958542560254
2.5500000000000003,1.8068436866054802,1.3722500599446885,4.940100215800879
2.6,1.876183805276137,1.4013546868815803,5.044876872773689
2.6500000000000004,1.9469765115612252,1.4303535645219427,5.149272832278994
2.7,2.0192152701233916,1.4591967779647232,5.253108400673004
2.75,2.092892488601468,1.487891961158329,5.356411060169984
2.8000000000000003,2.1680004361513423,1.5164259408366405,5.459133387011906
2.85,2.2445325150598934,1.5448572155054023,5.561485975819449
2.9000000000000004,2.3224838465989746,1.5731960460578416,5.66350576580823
2.95,2.4018512517398194,1.601500159575951,5.765400574473424
3.0,2.482632261062174,1.6297402133182346,5.867064767945645
3.0500000000000003,2.564826211695132,1.6580178120000957,5.968864123200345
3.1,2.6484365067986673,1.686393992141309,6.071018371708712
3.1500000000000004,2.7334669894224826,1.7148253128113025,6.173371126120689
3.2,2.8199207280476832,1.7433242321967173,6.275967235908182
3.25,2.9078017293598606,1.7719158202903853,6.378896953045388
3.3000000000000003,2.997114145368479,1.800580820054337,6.482090952195613
3.35,3.087861025803014,1.8292943973270668,6.585459830377441
3.4000000000000004,3.1800420302320074,1.8579457798326624,6.688604807397585
3.45,3.273654783835492,1.886564364306723,6.791631711504203
3.5,3.368698346853152,1.9151781563996764,6.8946413630388355
3.5500000000000003,3.4651708401052597,1.9437215736846314,6.997397665264673
3.6,3.563067709217811,1.9721531908174197,7.099751486942711
3.6500000000000004,3.6623828606204807,2.000452865289364,7.20163031504171
3.7,3.76310982117684,2.0286255569650065,7.303052005074023
3.75,3.8652430591093343,2.0567039603347714,7.404134257205177
3.8000000000000003,3.9687765583788983,2.084636010447791,7.504689637612047
3.85,4.073703283850325,2.1124330084092673,7.604758830273362
3.9000000000000004,4.180016886887045,2.1401111130595547,7.704400007014397
3.95,4.287712000370084,2.167693426262036,7.80369633454333
4.0,4.396785738718792,2.1952561076862795,7.902921987670607
4.05,4.507238592436928,2.2228580410391583,8.00228894774097
4.1000000000000005,4.61907230594149,2.2504904991433072,8.101765796915906
4.15,4.732291066636511,2.2782599286575067,8.201735743167024
4.2,4.846902659112311,2.306203770374516,8.302333573348259
4.25,4.962915706439367,2.3343181227077077,8.403545241747748
4.3,5.080337663102152,2.362560143803691,8.505216517693288
4.3500000000000005,5.199174689009733,2.3909208924995493,8.607315212998378
4.4,5.319433998438222,2.419451484639998,8.710025344703993
4.45,5.441120815327929,2.448021190948302,8.812876287413888
4.5,5.5642355915037465,2.476569856084366,8.915651481903717
4.55,5.688776396247737,2.5050623336752533,9.018224401230912
4.6000000000000005,5.81473864174952,2.5334274863961035,9.120338951025973
4.65,5.94211611063121,2.561671268871481,9.222016567937333
4.7,6.070902192018871,2.5897719866349505,9.323179151885823
4.75,6.201088329863962,2.617673527168698,9.423624697807313
4.800000000000001,6.332665064628893,2.6453958634285346,9.523425108342725
4.8500000000000005,6.465626259249123,2.67305192138067,9.622986916970412
4.9,6.599969510339079,2.70067812221758,9.722441239983288
4.95,6.735693261890606,2.728271939843479,9.821778983436525
5.0,6.872796024752874,2.7558385746472545,9.921018868730116
5.050000000000001,7.011278547893693,2.78346235098552,10.020464463547873
5.1000000000000005,7.151144897863658,2.811191647813082,10.120289932127095
5.15,7.2924002248509705,2.83902143167945,10.220477154046021
5.2,7.435052856415173,2.8670838308886477,10.321501791199132
5.25,7.579114652023973,2.8953879934633404,10.423396776468026
5.300000000000001,7.724596364052934,2.9238804876950915,10.525969755702329
5.3500000000000005,7.8715091989813635,2.952632909442088,10.629478473991517
5.4,8.019864629558272,2.9815843136342535,10.733703529083312
5.45,8.169669486369964,3.010609958833383,10.83819585180018
5.5,8.32092668636057,3.039678040790852,10.942840946847067
5.550000000000001,8.473637774474746,3.068765483776154,11.047555741594156
5.6000000000000005,8.627801652732154,3.0977896465201975,11.152042727472711
5.65,8.783411294691515,3.1265960318541843,11.255745714675063
5.7,8.94045564864227,3.1551781261760414,11.35864125423375
5.75,9.09892457833492,3.18357906152992,11.460884621507713
5.800000000000001,9.258808358572763,3.21177214798382,11.562379732741753
5.8500000000000005,9.42009716535441,3.2397801232820687,11.663208443815448
5.9,9.582783432693066,3.26767057026421,11.763614052951157
5.95,9.746861672792706,3.2954590337213747,11.863652521396949
6.0,9.912326689618393,3.3231416393060966,11.963309901501948
6.050000000000001,10.07917480138574,3.35078283138779,12.062818192996044
6.1000000000000005,10.247403731041855,3.3783743548568204,12.162147677484553
6.15,10.41701044597091,3.4058942423053447,12.261219272299241
6.2,10.587992465270547,3.433386529680197,12.36019150684871
6.25,10.760348921900988,3.460871735537456,12.459138247934842
6.300000000000001,10.934079974174669,3.488370355409733,12.558133279475038
6.3500000000000005,11.109186364221152,3.5158852464495816,12.657186887218494
6.4,11.28567119813132,3.5435081099571457,12.756629195845726
6.45,11.46353881316161,3.571196491254466,12.856307368516077
6.5,11.64279138651807,3.59890644300388,12.95606319481397
6.550000000000001,11.823430424012818,3.6266550567860145,13.055958204429652
6.6000000000000005,12.005457725663979,3.654437009260414,13.155973233337491
6.65,12.188873140422631,3.6821795810857014,13.255846491908525
6.7,12.373673516969484,3.70983548078841,13.355407730838277
6.75,12.559856046892506,3.737465716132464,13.45487657807687
6.800000000000001,12.747420007647992,3.7650927140870047,13.554333770713217
6.8500000000000005,12.936364365553828,3.792681602146426,13.653653767727134
6.9,13.126687066891112,3.820226451344878,13.75281522484156
6.95,13.318386675682062,3.8477579002931237,13.851928441055245
7.0,13.5114633565313,3.8753093336763733,13.951113601234944
7.050000000000001,13.70591752053883,3.9028572266248123,14.050286015849325
7.1000000000000005,13.901748110126658,3.9303663568883405,14.149318884798026
7.15,14.098952444000359,3.9578069980597426,14.248105193015073
7.2,14.297526955680802,3.9851734691579823,14.346624488968736
7.25,14.497468574625351,4.012491288623987,14.444968639046353
7.300000000000001,14.698774637827038,4.039751239443495,14.543104461996583
7.3500000000000005,14.901441853923544,4.066937404416707,14.640974655900145
7.4,15.105468333405614,4.094121774866156,14.738838389518161
7.45,15.310855442469975,4.121362587708321,14.836905315749954
7.5,15.517606795117056,4.148691518174852,14.935289465429467
7.550000000000001,15.72572597533749,4.176075690642509,15.033872486313035
7.6000000000000005,15.935217078122163,4.203568420744425,15.132846314679929
7.65,16.146085295713416,4.2311602829057255,15.232177018460613
7.7,16.35833494562763,4.258825713662803,15.331772569186093
7.75,16.571969355695366,4.286550689046637,15.431582480567892
7.800000000000001,16.78699095430962,4.314313255523521,15.531527719884675
7.8500000000000005,17.00340087892599,4.342083729131318,15.631501424872743
7.9,17.221198383451597,4.369816451892985,15.731339226814748
7.95,17.440382393299505,4.397543942023365,15.831158191284114
8.0,17.660951976205496,4.425239374216257,15.930861747178524
8.05,17.88290377441344,4.452832554101473,16.030197194765304
8.1,18.106232715906952,4.48032510563902,16.129170380300472
8.15,18.330935261503807,4.5077767182352195,16.22799618564679
8.200000000000001,18.557011171580253,4.535259684822558,16.32693486536121
8.25,18.784460580811942,4.5627166844449665,16.42578006400188
8.3,19.01328267423275,4.590167052387422,16.524601388594718
8.35,19.24347849539259,4.617665794006067,16.62359685842184
8.4,19.47505128359717,4.645245734177099,16.722884643037556
8.450000000000001,19.70800517432895,4.672909895094052,16.822475622338587
8.5,19.94234448521442,4.7006625403247275,16.92238514516902
8.55,20.178076006462543,4.728598309600265,17.022953914560954
8.6,20.415208009118707,4.756681796646306,17.1240544679267
8.65,20.653747341896302,4.7848915144574855,17.22560945204695
8.700000000000001,20.8937000112414,4.813215259346357,17.327574933646886
8.75,21.13506880306795,4.84153641371566,17.429531089376376
8.8,21.37785333987294,4.869845058483935,17.531442210542167
8.85,21.622054059028045,4.898183707720274,17.633461347792988
8.9,21.867671141850995,4.926499605197726,17.735398578711816
8.950000000000001,22.114701713427916,4.954723257879062,17.83700372836462
9.0,22.36313997815634,4.982807331257869,17.93810639252833
9.05,22.612978472629646,5.010732447674304,18.038636811627494
9.1,22.864207342626937,5.038422352217299,18.138320467982275
9.15,23.116814297509332,5.065855843078582,18.237081035082895
9.200000000000001,23.370788887911612,5.0931277730125455,18.335259982845166
9.25,23.62612514995001,5.120322708523377,18.433161750684157
9.3,23.882817904175482,5.147387460495524,18.530594857783885
9.35,24.140862292906377,5.174388088740227,18.62779711946482
9.4,24.40025547604538,5.2013392368198605,18.7248212525515
9.450000000000001,24.660995693456307,5.228269459617254,18.821770054622114
9.5,24.92308351311783,5.255243326843644,18.918875976637118
9.55,25.186523758590152,5.28236649204919,19.016519371377086
9.600000000000001,25.451323706824176,5.309631437311764,19.114673174322352
9.65,25.717489169662976,5.336987076240156,19.213153474464562
9.700000000000001,25.985024927621506,5.364443242101115,19.311995671564013
9.75,26.253937388607252,5.39205519732877,19.411398710383573
9.8,26.524231595734342,5.419713087754793,19.510967115917257
9.850000000000001,26.79591026360629,5.4474336271231145,19.610761057643213
9.9,27.068978670322878,5.475302641540381,19.71108950954537
9.950000000000001,27.34344280792167,5.503262862411294,19.811746304680657
10.0,27.619305914846105,5.531261414566153,19.91254109243815
10.05,27.89657265831203,5.559408324070866,20.01386996665512
10.100000000000001,28.175249882372338,5.587680638341373,20.115650298028946
10.15,28.455343264584343,5.616054650138901,20.217796740500045
10.200000000000001,28.736855662170562,5.644441253309852,20.31998851191547
10.25,29.019788884757297,5.672887650159593,20.422395540574534
10.3,29.304146471326458,5.701415812606814,20.52509692538453
10.350000000000001,29.589932716767137,5.730034005020325,20.628122418073172
10.4,29.87715411959898,5.7588221082534226,20.731759589712322
10.450000000000001,30.165816688678323,5.7876806549202,20.83565035771272
10.5,30.455918395492734,5.8163876176561935,20.938995423562297
10.55,30.747450893318963,5.844912295392938,21.041684263414577
10.600000000000001,31.040404749496528,5.873241951709646,21.143671026154728
10.65,31.334768096982465,5.901291947727894,21.24465101182042
10.700000000000001,31.63052585742376,5.9290184699238955,21.344466491726024
10.75,31.927662804816652,5.956459425791763,21.44325393285035
10.8,32.22616208025994,5.983511591939771,21.540641730983175
10.850000000000001,32.52600210817341,6.010089524598878,21.63632228855596
10.9,32.827161554391076,6.036288324107691,21.730637966787686
10.950000000000001,33.12962676932272,6.062320273158142,21.824352983369312
11.0,33.43339169220811,6.088276642257663,21.917795912127588
11.05,33.738455257184874,6.114265956812881,22.01135744452637
11.100000000000001,34.04482242676927,6.1404208265630915,22.10551497562713
11.15,34.352500839554374,6.166715684840971,22.200176465427496
11.200000000000001,34.66149852601628,6.193191773635264,22.29549038508695
11.25,34.97182817869825,6.219994333643555,22.391979601116798
11.3,35.28350691821855,6.24715524716829,22.48975888980584
11.350000000000001,35.596552115484734,6.274652643479174,22.588749516525027
11.4,35.91098007146183,6.302465595604556,22.6888761441764
11.450000000000001,36.226806497736774,6.330591455393158,22.790129239415368
11.5,36.5440475624893,6.359051134707722,22.8925840849478
11.55,36.86271679215188,6.387718051795589,22.99578498646412
11.600000000000001,37.18282308325323,6.416533592258445,23.099520932130403
11.65,37.50436996712178,6.4453417624836575,23.20323034494117
11.700000000000001,37.8273547311444,6.474048798421122,23.30657567431604
11.75,38.15177217254562,6.502648857627522,23.40953588745908
11.8,38.47761599898587,6.531104199982347,23.51197511993645
11.850000000000001,38.804876121163446,6.559300687120704,23.613482473634534
11.9,39.1335410535801,6.587296609545486,23.714267794363753
11.950000000000001,39.46360199293202,6.615140964531105,23.814507472311977
12.0,39.795048234656115,6.642708704432642,23.91375133595751
12.05,40.12786658558479,6.670025332714379,24.012091197771763
12.100000000000001,40.46204900919318,6.697271611621246,24.110177801836485
12.15,40.797594156705955,6.724534288889721,24.208323440002996
12.200000000000001,41.134504160534604,6.751865864256128,24.306717111322058
12.25,41.47278311366782,6.779292261072607,24.405452139861385
12.3,41.8124375142711,6.806883763058518,24.504781547010666
12.350000000000001,42.153475924088774,6.834652629648437,24.604749466734372
12.4,42.49590708149461,6.862593666584839,24.705337199705422
12.450000000000001,42.83974188310238,6.890798397725991,24.80687423181357
12.5,43.18499364151641,6.9192719388352675,24.909378979806963
12.55,43.531672728761805,6.9478915509807315,25.012409583530633
12.600000000000001,43.87978654148893,6.9766609581043735,25.115979449175747
12.65,44.22934074809783,7.00550730625152,25.21982630250547
12.700000000000001,44.5803379157092,7.0343793982032095,25.323765833531553
12.75,44.9327748359537,7.0630974115769,25.42715068167684
12.8,45.28664519757808,7.091717053398372,25.53018139223414
12.850000000000001,45.64194308578111,7.12019847472264,25.632714509001506
12.9,45.99865954678131,7.14845996528557,25.73445587502805
12.950000000000001,46.35678533305194,7.1765714855395135,25.83565734794225
13.0,46.71631254935037,7.204517166397637,25.936261799031495
13.05,47.077232818571126,7.232293602432721,26.036256968757797
13.100000000000001,47.43953546138825,7.25981211025223,26.135323596908027
13.15,47.80321034386703,7.2871831888989185,26.233859480036106
13.200000000000001,48.1682489902745,7.314362667400003,26.33170560264001
13.25,48.53464156626175,7.341340372089837,26.428825339523414
13.3,48.90238149057477,7.368256600430866,26.525723761551117
13.350000000000001,49.27146732950338,7.395176956713479,26.622637044168528
13.4,49.64189926265341,7.422100369287689,26.71956132943568
13.450000000000001,50.013676657683455,7.448995431914094,26.816383554890738
13.5,50.386800594542066,7.475962042430259,26.913463352748934
13.55,50.76127594912698,7.50305214096638,27.010987707478968
13.600000000000001,51.137107901370214,7.53022594876296,27.108813415546656
13.65,51.51430205475006,7.557540186430844,27.20714467115104
13.700000000000001,51.892864644801314,7.584963415619281,27.305868296229413
13.75,52.27280019467216,7.612458579214495,27.404850885172184
13.8,52.654110893979045,7.639969393061049,27.50388981501978
13.850000000000001,53.03679630802428,7.667447168748446,27.602809807494406
13.9,53.420853723414055,7.694849446842667,27.701458008633605
13.950000000000001,53.80627908061648,7.722164841254122,27.79979342851484
14.0,54.19306796470325,7.749390522216794,27.89780587998046
14.05,54.581216225163374,7.776539896188151,27.995543626277342
14.100000000000001,54.970719179817415,7.8035782899734585,28.09288184390445
14.15,55.3615728050333,7.830566718661771,28.190040187182376
14.200000000000001,55.753773023939445,7.857442037584079,28.286791335302684
14.25,56.14731548960782,7.884256589150912,28.383323720943284
14.3,56.542196265957976,7.910974464855222,28.4795080734788
14.350000000000001,56.93841190779542,7.937651208642553,28.57554435111319
14.4,57.335961562873756,7.9643349944908985,28.671605980167236
14.450000000000001,57.73484428499097,7.9909738901976874,28.767506004711674
14.5,58.1350588906071,8.017610334447484,28.863397204010944
14.55,58.536604110875444,8.04419847628651,28.959114514631437
14.600000000000001,58.939475782144704,8.070668374484,29.0544061481424
14.65,59.34366879781457,8.097052252310641,29.14938810831831
14.700000000000001,59.74917968985746,8.123383429405004,29.244180345858016
14.75,60.15600860272918,8.149773085463686,29.339183107669268
14.8,60.56415690626367,8.176159055915981,29.434172601297533
14.850000000000001,60.973623827578784,8.202517796688735,29.529064068079446
14.9,61.38441087084521,8.22896393396817,29.624270162285416
14.950000000000001,61.7965224582034,8.255499560359397,29.719798417293827
15.0,62.20996220070754,8.282090139806288,29.815524503302637
15.05,62.62473526516814,8.30883243861785,29.91179677902426
15.100000000000001,63.04084906061406,8.335719379218839,30.00858976518782
15.15,63.45830783209336,8.362631479953404,30.105473327832254
15.200000000000001,63.877112942288846,8.389572927866,30.2024625403176
15.25,64.29726650215606,8.416569466822889,30.2996500805624
15.3,64.71876981653296,8.443563108252981,30.39682718971073
15.350000000000001,65.14162134729567,8.470498122255718,30.493793240120585
15.4,65.56581884577625,8.497401816967674,30.590646541083625
15.450000000000001,65.99136316604314,8.524370993707935,30.687735577348565
15.5,66.4182539542521,8.551260534650307,30.784537924741105
15.55,66.84648726539018,8.578071910873124,30.881058879143247
15.600000000000001,67.27606235526852,8.604931684260466,30.977754063337677
15.65,67.70697916891177,8.63174086146969,31.07426710129089
15.700000000000001,68.13923473791903,8.6584818988202,31.170534835752722
15.75,68.57282587300331,8.685163504551383,31.26658861638498
15.8,69.00775048341272,8.711820911825248,31.36255528257089
15.850000000000001,69.44400657566993,8.738422778463264,31.45832200246775
15.9,69.88159180042236,8.764986211633774,31.553950361881586
15.950000000000001,70.32050792714783,8.791658857385436,31.64997188658757
16.0,70.76075784779856,8.818337968643762,31.746016687117546
16.05,71.20233959074797,8.84493174933249,31.841754297596964
16.1,71.64525075414588,8.871514786584067,31.93745323170264
16.150000000000002,72.08949159013382,8.898118652933357,32.03322715056009
16.2,72.535059961026,8.924616182753716,32.12861825791338
16.25,72.98195037866658,8.95100052287005,32.22360188233218
16.3,73.43015741196928,8.977280809237673,32.318210913255626
16.35,73.87967557454601,9.003445693831889,32.4124044977948
16.400000000000002,74.3304992147495,9.029499914307367,32.506199691506524
16.45,74.78262290018115,9.05544750295883,32.599611010651785
16.5,75.23604407477359,9.081399480738533,32.69303813065872
16.55,75.69076215387906,9.107323683480692,32.78636526053049
16.6,76.14677675498292,9.133260360673793,32.87973729842565
16.650000000000002,76.60409062445208,9.15929441809259,32.973459905133325
16.7,77.06270565476824,9.185306794553545,33.06710446039276
16.75,77.52262030957411,9.211279397681167,33.160605831652205
16.8,77.98383309581673,9.237232052023787,33.25403538728563
16.85,78.44634413607295,9.263209558224972,33.3475544096099
16.900000000000002,78.91015304863235,9.289146944150874,33.44092899894314
16.95,79.37525683338363,9.315004445900378,33.53401600524136
17.0,79.84165279501703,9.340834019435238,33.62700246996686
17.05,80.30933928109674,9.3666254237534,33.71985152551224
17.1,80.77831503136053,9.39240458679842,33.81265651247431
17.150000000000002,81.24857993283662,9.418191472245221,33.9054893000828
17.2,81.72013042777243,9.443828325187386,33.997781970674595
17.25,82.19295857598834,9.469297603449059,34.08947137241661
17.3,82.66705673991783,9.494628953730025,34.18066423342809
17.35,83.14242003839587,9.51990298539151,34.27165074740944
17.400000000000002,83.61904217084523,9.544982312583087,34.36193632529912
17.45,84.09691425422116,9.5699010224543,34.45164368083548
17.5,84.57603405636594,9.594891063336767,34.54160782801237
17.55,85.05640464283417,9.6199323953922,34.63175662341192
17.6,85.53802946365818,9.645060437567931,34.72221757524456
17.650000000000002,86.02091786739172,9.670475711773705,34.81371256238534
17.7,86.50509009209954,9.696413276539001,34.907087795540406
17.75,86.9905714572827,9.722841330787366,35.00222879083452
17.8,87.47738759341627,9.749804114555594,35.09929481240014
17.85,87.96556890955891,9.777448531150322,35.19881471214116
17.900000000000002,88.45514710425653,9.805679256753981,35.30044532431433
17.95,88.94615253204127,9.834537854635615,35.40433627668821
18.0,89.43862039108879,9.86417650726539,35.5110354261554
18.05,89.93259221583791,9.894696482699405,35.62090733771786
18.1,90.42810866331651,9.925961416444043,35.73346109919856
18.150000000000002,90.9252049209563,9.95788888914779,35.848400000932045
18.2,91.42391817473069,9.990641261827404,35.96630854257866
18.25,91.92428590101918,10.024067789712149,36.086644042963734
18.3,92.426340058465,10.058098508120878,36.209154629235165
18.35,92.93010924335486,10.09266888747361,36.333607994905
18.400000000000002,93.43561717801978,10.1276484991232,36.459534596843525
18.45,93.94287907524244,10.162827389783217,36.58617860321959
18.5,94.45190306142045,10.198132057336892,36.71327540641281
18.55,94.96269181018141,10.233417893101189,36.84030441516428
18.6,95.47523890662247,10.268465964540688,36.966477472346476
18.650000000000002,95.98953414034311,10.303343384285387,37.092036183427396
18.7,96.50557183030034,10.338164214003784,37.21739117041363
18.75,97.02334750453562,10.372862755407692,37.34230591946769
18.8,97.54285775432744,10.40754723626503,37.46717005055411
18.85,98.06410726985409,10.442433384801056,37.5927601852838
18.900000000000002,98.58711461052867,10.477860242182226,37.720296871856014
18.95,99.11191131298598,10.514007856110293,37.850428281997054
19.0,99.63853762063361,10.551044449795018,37.983760019262064
19.05,100.16704534874786,10.589264674774704,38.121352829188936
19.1,100.69749948334423,10.628900709080288,38.264042552689034
19.150000000000002,101.22997373837573,10.670069492179735,38.41225017184705
19.200000000000003,101.76454521195504,10.71278945099235,38.566042023572464
19.25,102.30128548318334,10.756821398139378,38.724557033301764
19.3,102.84025856831168,10.802102006994414,38.88756722517989
19.35,103.38152093816569,10.848392787166269,39.054214033798566
19.400000000000002,103.92511670584484,10.895437919999608,39.223576511998594
19.450000000000003,104.471071745156,10.942763652446523,39.393949148807486
19.5,105.01939505575412,10.990168771478112,39.564607577321205
19.55,105.5700818314423,11.037302256048871,39.73428812177594
19.6,106.12310878928382,11.083776057612162,39.901593807403785
19.650000000000002,106.67843766578851,11.12937900257548,40.06576440927173
19.700000000000003,107.2360197104547,11.173902784072222,40.226050022660004
19.75,107.795797126651,11.217193863779535,40.38189790960633
19.8,108.35770659298649,11.259184789640218,40.53306524270479
19.85,108.92168218572573,11.299838919929396,40.67942011174583
19.900000000000002,109.48765538586785,11.339089085755536,40.82072070871993
19.950000000000003,110.05555754462323,11.376997264459357,40.957190152053684
20.0,110.62532977776533,11.413892061224718,41.090011420408985
20.05,111.196926826204,11.44998987632234,41.219963554760426
20.1,111.77032087092547,11.48577191253628,41.348778885130606
20.150000000000002,112.34549870145862,11.521341308789957,41.47682871164385
20.200000000000003,112.92245685932781,11.55698500597726,41.60514602151814
20.25,113.50120323351469,11.592869961498113,41.73433186139321
20.3,114.08175428501112,11.629172098358913,41.865019554092086
20.35,114.66413161294544,11.665921019013883,41.99731566844998
20.400000000000002,115.24835283495358,11.70292786131142,42.13054030072111
20.450000000000003,115.83442944866175,11.740136687015317,42.26449207325514
20.5,116.42236812054789,11.77741018843029,42.39867667834904
20.55,117.01216679584073,11.814536823283088,42.53233256381912
20.6,117.60381442414611,11.851368308932173,42.66492591215582
20.650000000000002,118.19729698064562,11.887933951048058,42.79656222377301
20.700000000000003,118.79260077375787,11.924217773442257,42.92718398439212
20.75,119.38971134936443,11.96020525082042,43.05673890295351
20.8,119.98861859679513,11.996084646407402,43.18590472706665
20.85,120.58931739619618,12.0318673296345,43.314722386684195
20.900000000000002,121.19180404355626,12.06759856476878,43.44335483316761
20.950000000000003,121.79607794514422,12.103357498749524,43.57208699549829
21.0,122.40214289122095,12.13924034431961,43.7012652395506
21.05,123.01000230028781,12.1751360183551,43.830489666078364
21.1,123.61965719440823,12.211059746462134,43.959815087263685
21.150000000000002,124.23111490160088,12.247248541243312,44.09009474847593
21.200000000000003,124.84438889708672,12.28371127819051,44.221360601485834
21.25,125.45949185471271,12.320407026849338,44.35346529665762
21.3,126.07643885421204,12.357472953123795,44.48690263124566
21.35,126.6952465566434,12.394835144130145,44.621406518868525
21.400000000000002,127.3159265974641,12.432366488698051,44.75651935931298
21.450000000000003,127.9384889579431,12.4701279304619,44.892460549662836
21.5,128.56294585488524,12.508147947224291,45.02933261000745
21.55,129.18930567468865,12.546244844911872,45.16648144168274
21.6,129.81756520653252,12.584136428842346,45.30289114383245
21.650000000000002,130.4477125868248,12.621758782848868,45.43833161825593
21.700000000000003,131.07973468746792,12.659125242875827,45.57285087435298
21.75,131.71361744938724,12.696185233897411,45.70626684203068
21.8,132.34935092742666,12.73315388767876,45.83935399564354
21.85,132.98693488231208,12.770204307738902,45.97273550786005
21.900000000000002,133.62637318652727,12.807327860868387,46.106380299126194
21.950000000000003,134.26767209488906,12.844628473602867,46.240662504970324
22.0,134.91084657889746,12.882350886732501,46.376463192237004
22.05,135.55592017974985,12.920593147362716,46.51413533050578
22.1,136.2029230848457,12.959523056472205,46.65428300329994
22.150000000000002,136.8518946665049,12.999340209895818,46.797624755624945
22.200000000000003,137.50288108645861,13.040116588252959,46.94441971771065
22.25,138.1559265830172,13.081703274089783,47.09413178672322
22.3,138.81106988503396,13.124028806581414,47.246503703693094
22.35,139.46835266152277,13.167282252970692,47.40221611069449
22.400000000000002,140.12781783985622,13.211324880367078,47.56076956932148
22.450000000000003,140.78950192192778,13.25603840249582,47.721738248984956
22.5,141.45343611298213,13.301329239677711,47.88478526283976
22.55,142.11964551464425,13.347046826806952,48.04936857650503
22.6,142.78814649344352,13.392992325163894,48.21477237059002
22.650000000000002,143.4589494932718,13.439127667967053,48.38085960468139
22.700000000000003,144.13205925340216,13.485262737247414,48.546945854090694
22.75,144.80747181363458,13.531239672049676,48.712462819378835
22.8,145.48517663220952,13.576953070947532,48.877031055411116
22.85,146.16516077862374,13.622412785621204,49.04068602823634
22.900000000000002,146.84740871326906,13.667504600191146,49.20301656068813
22.950000000000003,147.5318995930754,13.712130592062714,49.36367013142577
23.0,148.2186146932553,13.756473415133362,49.523304294480106
23.05,148.9075400401398,13.800540460246536,49.68194565688753
23.1,149.5986573767383,13.844153003693005,49.83895081329482
23.150000000000002,150.2919452028708,13.887360041608012,49.994496149788844
23.200000000000003,150.98738396634084,13.93019049719383,50.14868578989779
23.25,151.6849591505701,13.972816871977187,50.302140739117874
23.3,152.38465984574285,14.015210934931883,50.45475936575478
23.35,153.0864775012924,14.057495287050244,50.60698303338088
23.400000000000002,153.79040955451717,14.099786841940531,50.75923263098591
23.450000000000003,154.49645660374634,14.14209512722642,50.91154245801511
23.5,155.20462063222251,14.184466011820598,51.06407764255415
23.55,155.9149078087619,14.227021049755647,51.21727577912033
23.6,156.62732323455998,14.269595982167004,51.37054553580122
23.650000000000002,157.34186406188468,14.312037110821029,51.5233335989557
23.700000000000003,158.05851984579812,14.354194245716396,51.67509928457903
23.75,158.77727196872706,14.395890671441652,51.825206417189946
23.8,159.49809025534262,14.436840793180053,51.97262685544819
23.85,160.22092848810587,14.47668851735037,52.116078662461334
23.900000000000002,160.94574424510213,14.515941762500201,52.25739034500073
23.950000000000003,161.67248173765765,14.553557939720147,52.39280858299253
24.0,162.40103564104487,14.588598195768615,52.51895350476701
24.05,163.13126524794927,14.620586080407229,52.634109889466025
24.1,163.86300897525572,14.649163011851346,52.73698684266485
24.150000000000002,164.59608937755817,14.674053080246068,52.82659108888585
24.200000000000003,165.33032163181116,14.695237089873888,52.902853523546
24.25,166.06552563170368,14.712922905826744,52.96652246097628
24.3,166.80153276298674,14.727362345496097,53.01850444378595
24.35,167.53819037694635,14.73894221288859,53.060191966398925
24.400000000000002,168.2753700566531,14.748244975381398,53.09368191137303
24.450000000000003,169.01297637383558,14.756007711918919,53.12162776290811
24.5,169.75094693532543,14.762814747674671,53.14613309162882
24.55,170.48925012882307,14.769312992230809,53.16952677203091
24.6,171.2278894967032,14.776261722974397,53.19454220270783
24.650000000000002,171.96686550918412,14.782778776262653,53.21800359454555
24.700000000000003,172.7061583774394,14.788935953948851,53.240169434215865
24.75,173.4457507686251,14.794759693477843,53.26113489652024
24.8,174.18562549876918,14.80022951228567,53.280826244228415
24.85,174.92576509776697,14.805354447625337,53.29927601145121
24.900000000000002,175.66615417047475,14.810208460685512,53.316750458467844
24.950000000000003,176.4067811769942,14.814871800092778,53.333538480334
25.0,177.14763953670138,14.819462588193737,53.35006531749745
25.05,177.88872741356028,14.824052486162778,53.366588950186
25.1,178.6300459779917,14.828690091094021,53.383284327938476
25.150000000000002,179.3715990923137,14.833434481784934,53.400364134425764
25.200000000000003,180.1133940350362,14.838363227115794,53.41810761761686
25.25,180.85544207325458,14.843558301619563,53.43680988583043
25.3,181.59775720688515,14.849047043603136,53.45656935697129
25.35,182.34035380434833,14.854816854923627,53.47734067772506
25.400000000000002,183.0832442469136,14.860800847688074,53.49888305167707
25.450000000000003,183.82643887180737,14.866984148062055,53.5211429330234
25.5,184.5699471035914,14.873345123299458,53.54404244387805
25.55,185.3137772151298,14.879859338236368,53.567493617650925
25.6,186.057937363264,14.886546587131468,53.591567713673285
25.650000000000002,186.80243590138062,14.893394937534175,53.61622177512303
25.700000000000003,187.5472800659379,14.900371644758035,53.64133792112893
25.75,188.29247486261903,14.907420222486305,53.6667128009507
25.8,189.0380225962307,14.914489121980512,53.69216083912985
25.85,189.78392467763857,14.921594134335008,53.71773888360603
25.900000000000002,190.5301827440568,14.92872852239427,53.743422680619375
25.950000000000003,191.27679805574826,14.935883945264937,53.76918220295377
26.0,192.0237689428736,14.942951539748714,53.79462554309537
26.05,192.77108891098473,14.949847184696813,53.81944986490853
26.1,193.51874753921717,14.956497944601187,53.84339260056427
26.150000000000002,194.26673296248777,14.962918986222942,53.86650835040259
26.200000000000003,195.01503372944512,14.969111692071383,53.88880209145698
26.25,195.76363815727024,14.975065420933003,53.91023551535881
26.3,196.51253326046904,14.980738707018897,53.93065934526803
26.35,197.26170459501012,14.986114674623524,53.95001282864469
26.400000000000002,198.01113603046295,14.991142743489693,53.968113876562896
26.450000000000003,198.76080970325174,14.995804168061394,53.984895005021016
26.5,199.5107079404112,15.000125318317366,54.00045114594252
26.55,200.26081487897605,15.004152224276496,54.01494800739538
26.6,201.01111644942998,15.00791059388111,54.028478137972
26.650000000000002,201.76159916287762,15.011397944024585,54.041032598488506
26.700000000000003,202.51224774627337,15.014545391805214,54.05236341049877
26.75,203.26304510351162,15.017348897723881,54.06245603180597
26.8,204.01397422795813,15.01981608013675,54.0713378884923
26.85,204.76501857013236,15.02195760683243,54.07904738459675
26.900000000000002,205.51616385893354,15.02385394521476,54.08587420277314
26.950000000000003,206.26739681227096,15.025464188281774,54.09167107781439
27.0,207.01870239359667,15.026759064746923,54.09633263308892
27.05,207.77006404546586,15.027707010020224,54.099745236072806
27.1,208.52146349286122,15.028270885794054,54.101775188858596
27.150000000000002,209.2728818407522,15.02846302984577,54.10246690744478
27.200000000000003,210.0243008468961,15.028297215909406,54.101869977273864
27.25,210.77570335691405,15.027803184809247,54.10009146531329
27.3,211.52707452178146,15.027043409886643,54.09735627559191
27.35,212.2784008725089,15.02601061921096,54.09363822915945
27.400000000000002,213.02966932301615,15.024727401078703,54.089018643883335
27.450000000000003,213.78086886857866,15.023254421421555,54.0837159171176
27.5,214.531991435665,15.02164826203137,54.07793374331293
27.55,215.28303201195683,15.019974789642468,54.071909242712884
27.6,216.0339893518969,15.01831880796059,54.06594770865812
27.650000000000002,216.78486356856882,15.016649858915613,54.05993949209621
27.700000000000003,217.53565400961222,15.014967782819966,54.05388401815188
27.75,218.2863598583903,15.01326616830427,54.04775820589537
27.8,219.03698048718206,15.01155898336631,54.04161234011872
27.85,219.78751648290657,15.009880845614113,54.035571044210805
27.900000000000002,220.53796887936866,15.00821501286958,54.029574046330495
27.950000000000003,221.28833841339537,15.006566348198609,54.023638853514996
28.0,222.03862606371496,15.004939664585528,54.0177827925079
28.05,222.78883100645015,15.003258044821862,54.011728961358706
28.1,223.5389495454225,15.001483514072289,54.005340650660244
28.150000000000002,224.28897624762533,14.999584574040542,53.99850446654595
28.200000000000003,225.0389043484284,14.997539458081926,53.99114204909493
28.25,225.7887265012813,14.995346656034918,53.98324796172571
28.3,226.53843513979072,14.992998884341358,53.97479598362889
28.35,227.28802236581893,14.990490156786846,53.96576456443265
28.400000000000002,228.03748006410996,14.987817774854063,53.956143989474626
28.450000000000003,228.7868014172426,14.985036350451363,53.94613086162491
28.5,229.53598252305164,14.982207881910798,53.93594837487887
28.55,230.28502288517302,14.979406602944092,53.92586377059873
28.6,231.03392431281824,14.976650502864311,53.91594181031152
28.650000000000002,231.78268959017876,14.97396059155643,53.90625812960315
28.700000000000003,232.5313223330093,14.971349121665835,53.89685683799701
28.75,233.27982622433908,14.968806531524251,53.8877035134873
28.8,234.02820532538735,14.966357510406404,53.87888703746305
28.85,234.77646450223637,14.964009563554036,53.87043442879453
28.900000000000002,235.52460865884046,14.961756700610184,53.86232412219667
28.950000000000003,236.27264248568406,14.959596373133165,53.854546943279395
29.0,237.02056891592238,14.957460836400205,53.84685901104074
29.05,237.7683877552383,14.955292736237354,53.839053850454476
29.1,238.51609595450807,14.953035234553296,53.83092684439187
29.150000000000002,239.26368780690126,14.950638861174383,53.82229990022778
29.200000000000003,240.01115515847914,14.948055201940898,53.81299872698723
29.25,240.75848783732653,14.945251951954198,53.80290702703511
29.3,241.50567329119212,14.942166202669195,53.79179832960911
29.35,242.2526963388094,14.938755702020892,53.77952052727521
29.400000000000002,242.99953999158865,14.934990409149812,53.76596547293932
29.450000000000003,243.74618683138962,14.93088318288904,53.75117945840055
29.5,244.49262047176123,14.9264624319757,53.735264755112524
29.55,245.23882598931692,14.921758270252049,53.718329772907374
29.6,245.98479020388615,14.916810312516752,53.70051712506031
29.650000000000002,246.73050258720656,14.911685020299958,53.682066073079845
29.700000000000003,247.47595459430175,14.906395263507681,53.663022948627656
29.75,248.22113890243017,14.900977061629051,53.64351742186459
29.8,248.9660498632862,14.895461372612058,53.62366094140341
29.85,249.71068307274382,14.889867005692668,53.603521220493604
29.900000000000002,250.4550356712113,14.884236933006491,53.58325295882337
29.950000000000003,251.19910646562408,14.878594843505082,53.562941436618296
30.0,251.94289470814488,14.872934857326742,53.54256548637627
30.05,252.68639969751902,14.867264717638957,53.52215298350025
30.1,253.42962064529354,14.86157319334151,53.50166349602944
30.150000000000002,254.17255654919123,14.855862962565856,53.481106665237085
30.200000000000003,254.91520618228253,14.85012236108637,53.46044049991094
30.25,255.6575677008942,14.844338383379524,53.439618180166285
30.3,256.3996385581665,14.838495907512186,53.41858526704387
30.35,257.14141516902697,14.832568526908222,53.3972466968696
30.400000000000002,257.88289287716486,14.826539798607456,53.375543274986846
30.450000000000003,258.6240662186971,14.820393862682895,53.353417905658425
30.5,259.3649306067142,14.814181657999981,53.331053968799935
30.55,260.1054841339422,14.80795943111826,53.308653952025736
30.6,260.8457277850148,14.801786611785639,53.286431802428304
30.650000000000002,261.5856650344055,14.795703363842389,53.2645321098326
30.700000000000003,262.3253011168156,14.789739932560359,53.24306375721729
30.75,263.06464275787835,14.783925709951212,53.222132555824366
30.8,263.8036985374574,14.77830547321124,53.201899703560464
30.85,264.5424790071325,14.772913313792081,53.182487929651494
30.900000000000002,265.28099601140724,14.767766857196516,53.16396068590746
30.950000000000003,266.0192619157521,14.762869316597978,53.14632953975272
31.0,266.75728859122273,14.758197702226177,53.129511728014236
31.05,267.495086965425,14.753737265864972,53.1134541571139
31.1,268.2326675916658,14.749487783766543,53.09815602155956
31.150000000000002,268.97004130112487,14.745460594596102,53.083658140545964
31.200000000000003,269.7072197758728,14.741678395319326,53.07004222314958
31.25,270.4442146760302,14.738117610976825,53.05722339951657
31.3,271.1810358390704,14.73472891063024,53.04502407826887
31.35,271.917690147092,14.73144341023498,53.033196276845935
31.400000000000002,272.6541806977444,14.728178615860426,53.02144301709753
31.450000000000003,273.39050788142873,14.724908731512699,53.00967143344572
31.5,274.1266715042285,14.721636180479413,52.997890249725884
31.55,274.8626716915636,14.7183713129241,52.98613672652676
31.6,275.5985083871158,14.715096509165765,52.97434743299675
31.650000000000002,276.33418056909204,14.71179076988237,52.96244677157653
31.700000000000003,277.06968597690576,14.708425542666301,52.950331953598685
31.75,277.80502246343667,14.705033918570496,52.93812210685379
31.8,278.5401892393656,14.701637118586056,52.925893626909804
31.85,279.27518783238963,14.698306602376817,52.913903768556544
31.900000000000002,280.01002262180424,14.695084974206813,52.90230590714452
31.950000000000003,280.7447003473161,14.692024046268354,52.89128656656608
32.0,281.4792293758422,14.68913709477389,52.880893541186005
32.050000000000004,282.2136186283684,14.68643300627524,52.87115882259087
32.1,282.9478772316074,14.68391112328414,52.86208004382291
32.15,283.68201517073214,14.681606441706329,52.853783190142785
32.2,284.41604339864085,14.679522674641653,52.84628162870995
32.25,285.1499729167606,14.677658050148466,52.83956898053448
32.300000000000004,285.8838130856686,14.675948706171102,52.83341534221597
32.35,286.61757024979875,14.67433785903509,52.82761629252632
32.4,287.3512479629015,14.672770665075285,52.82197439427103
32.45,288.08484787410686,14.671225783138823,52.816412819299764
32.5,288.81837053872647,14.669680801646098,52.81085088592596
32.550000000000004,289.5518161632164,14.66814417795135,52.80531904062486
32.6,290.2851851564156,14.666615550015404,52.799815980055456
32.65,291.01847761145257,14.665082651463695,52.7942975452693
32.7,291.751693086981,14.66353636967219,52.78873093081989
32.75,292.4848309699378,14.661978948598428,52.78312421495434
32.800000000000004,293.2178912801426,14.660433459596529,52.777560454547505
32.85,293.9508753850842,14.658930738067316,52.77215065704234
32.9,294.6837859769014,14.657492934621011,52.76697456463564
32.95,295.41662685037875,14.656142004472997,52.76211121610279
33.0,296.1494023522694,14.654878071153345,52.75756105615204
33.050000000000004,296.88211685164543,14.653701903887928,52.75332685399654
33.1,297.61477448141005,14.652603286697126,52.74937183210965
33.15,298.34737880827794,14.651569788017277,52.745651236862194
33.2,299.0799329687455,14.650596630684635,52.74214787046469
33.25,299.8124393734325,14.649659556795442,52.73877440446359
33.300000000000004,300.5448991875615,14.64873300836529,52.73543883011505
33.35,301.2773125116342,14.647799954541439,52.73207983634918
33.4,302.00967917400595,14.646866540330038,52.728719545188135
33.45,302.7419994959876,14.645946338936136,52.72540682017009
33.5,303.47427428906747,14.64504538425873,52.72216338333143
33.550000000000004,304.20650442163515,14.644159918447762,52.718975706411946
33.6,304.938690523017,14.643284136825091,52.71582289257033
33.65,305.6708329237411,14.64241189213988,52.712682811703566
33.7,306.40293156212437,14.641533643190458,52.70952111548565
33.75,307.13498587027306,14.64063868275645,52.70629925792322
33.800000000000004,307.8669951207522,14.639731336411248,52.7030328110805
33.85,308.5989593231691,14.638836760263892,52.69981233695001
33.9,309.33087941269554,14.637966820795267,52.696680554862965
33.95,310.06275663835703,14.637122205664093,52.69363994039074
34.0,310.7945918180434,14.63628498178931,52.69062593444151
34.050000000000004,311.52638615140165,14.635488352541348,52.687758069148856
34.1,312.2581423480804,14.634759514607957,52.68513425258865
34.15,312.98986486535534,14.63414117638996,52.68290823500386
34.2,313.7215594004658,14.633640228030119,52.68110482090843
34.25,314.45323210414597,14.633267919174694,52.6797645090289
34.300000000000004,315.18488876873744,14.632998664484429,52.678795192143944
34.35,315.9165338092976,14.632802957923666,52.6780906485252
34.4,316.648170655875,14.63267090517115,52.67761525861614
34.45,317.3798011193732,14.632547634757017,52.677171485125264
34.5,318.1114249814265,14.632406847375822,52.676664650552965
34.550000000000004,318.843040659195,14.632220263363157,52.675992948107364
34.6,319.5746450114891,14.631953828399784,52.675033782239225
34.65,320.30623351520694,14.631586320312326,52.673710753124375
34.7,321.0378005034634,14.63109320994587,52.671935555805135
34.75,321.7693407393259,14.630516224553013,52.669858408390844
34.800000000000004,322.50085094827506,14.629892133413284,52.66761168028782
34.85,323.2323297765123,14.629260996075434,52.665339585871564
34.9,323.9637775413505,14.628649597451876,52.66313855082675
34.95,324.69519547950273,14.628067928636058,52.66104454308981
35.0,325.4265856768253,14.627539964266287,52.65914387135864
35.050000000000004,326.15795159819874,14.627096890670918,52.657548806415306
35.1,326.8892982034831,14.626767320704673,52.656362354536824
35.15,327.62063036533107,14.626519153213767,52.65546895156956
35.2,328.3519521130651,14.626350756147453,52.65486272213083
35.25,329.0832676912916,14.626272372911702,52.65458054248213
35.300000000000004,329.81458167120326,14.626286823554823,52.65463256479736
35.35,330.54589869152926,14.626393989485647,52.65501836214833
35.4,331.27722247236824,14.626557244073837,52.65560607866581
35.45,332.00855529740744,14.626755757494536,52.65632072698033
35.5,332.73989809145013,14.626956004212243,52.657041615164076
35.550000000000004,333.47125036810655,14.627135062044973,52.6576862233619
35.6,334.2026107438879,14.627279969208761,52.65820788915154
35.65,334.9339773745155,14.627385255896765,52.658586921228355
35.7,335.6653488981055,14.627475687703743,52.65891247573348
35.75,336.396724770516,14.62755920871685,52.65921315138066
35.800000000000004,337.12810472052104,14.627638791485067,52.659499649346245
35.85,337.8594883821294,14.627707672849622,52.65974762225864
35.9,338.5908751651056,14.62776364619691,52.659949126308874
35.95,339.3222650366657,14.627831216208317,52.66019237834995
36.0,340.0536587953994,14.627919133137476,52.660508879294916
36.050000000000004,340.7850577379257,14.628038567914754,52.66093884449312
36.1,341.516462890675,14.628167542057827,52.66140315140818
36.15,342.24787463352277,14.62830217185497,52.6618878186779
36.2,342.9792932092063,14.628440855485653,52.662387079748356
36.25,343.7107189384181,14.628588312986269,52.662917926750566
36.300000000000004,344.4421521640362,14.628740711738995,52.66346656226038
36.35,345.17359300959197,14.62889311049237,52.664015197772535
36.4,345.9050410835827,14.629029849138426,52.664507456898335
36.45,346.6364952251295,14.629135812734189,52.66488892584308
36.5,347.3679538576549,14.629209488281951,52.665154157815024
36.550000000000004,348.09941507693577,14.62923928295158,52.66526141862569
36.6,348.83087568953425,14.629185220988834,52.6650667955598
36.65,349.56233142702825,14.629044278772014,52.664559403579254
36.7,350.2937778597533,14.628813030228816,52.66372690882374
36.75,351.0252108620913,14.628507063292417,52.6626254278527
36.800000000000004,351.756626715621,14.628127077896355,52.66125748042688
36.85,352.4880213607931,14.62765872898754,52.65957142435515
36.9,353.2193917599755,14.62715723830988,52.65776605791557
36.95,353.95073744882956,14.626670315852914,52.656013137070495
37.0,354.68206012535,14.62623674496572,52.654452281876594
37.050000000000004,355.41336360441875,14.625902417784253,52.65324870402331
37.1,356.14465384371005,14.625707153866557,52.652545753919604
37.15,356.8759390243536,14.625700071876395,52.652520258755025
37.2,357.60722924945196,14.625908932057607,52.653272155407386
37.25,358.3385348705541,14.626315912028376,52.654737283302154
37.300000000000004,359.06986500231994,14.626889358606064,52.65680169098183
37.35,359.8012276589026,14.627616904698849,52.65942085691586
37.4,360.5326300817081,14.628480007520643,52.662528027074316
37.45,361.2640778932688,14.629432454907798,52.66595683766808
37.5,361.99557408998953,14.630415413920968,52.66949549011549
37.550000000000004,362.7271192543133,14.631391159031544,52.67300817251356
37.6,363.4587134811361,14.632377913880187,52.67656048996868
37.65,364.19035686525416,14.63335745084175,52.6800868230303
37.7,364.92204815688433,14.634294214364225,52.68345917171121
37.75,365.65378504511136,14.63518131471715,52.68665273298174
37.800000000000004,366.38556486765594,14.636011587065832,52.689641713437
37.85,367.11738543199056,14.63681098631765,52.69251955074354
37.9,367.8492452141405,14.637580299681574,52.69528907885367
37.95,368.581142912799,14.638327646658247,52.69797952796969
38.0,369.3130778323398,14.639069134972576,52.70064888590127
38.050000000000004,370.04504998459885,14.639816955390371,52.70334103940534
38.1,370.7770598864029,14.640579116771645,52.706084820377924
38.15,371.5091080281956,14.641346554935936,52.70884759776937
38.2,372.24119485820336,14.642126645373928,52.71165592334614
38.25,372.9733214433863,14.64293676194249,52.714572342992966
38.300000000000004,373.70548909828443,14.643769433984023,52.71756996234248
38.35,374.43769863352935,14.644611975812255,52.72060311292412
38.400000000000006,375.16995005433847,14.645444856552745,52.72360148358988
38.45,375.90224249471066,14.64625275833599,52.72650993000956
38.5,376.63457402230057,14.6470083452606,52.72923004293816
38.550000000000004,377.3669423590473,14.647725124607657,52.73181044858757
38.6,378.0993454349553,14.648397911712555,52.7342324821652
38.650000000000006,378.83178138909096,14.649040253713716,52.73654491336938
38.7,379.56424841906534,14.649640945261073,52.738707402939866
38.75,380.2967442580125,14.650192612625908,52.74069340545327
38.800000000000004,381.02926643834667,14.650694600741526,52.74250056266949
38.85,381.7618125194676,14.651148644095695,52.7441351187445
38.900000000000006,382.49438022287933,14.651559492373158,52.74561417254337
38.95,383.22696722575137,14.651920622507483,52.746914241026936
39.0,383.95957109938206,14.652234322719696,52.74804356179091
39.050000000000004,384.69218998516067,14.652521108423526,52.7490759903247
39.1,385.4248230511862,14.65280153259821,52.750085517353554
39.150000000000006,386.15747015505207,14.65308262203736,52.751097439334494
39.2,386.8901311602601,14.653357586285775,52.752087310628795
39.25,387.62280714266603,14.653681709950508,52.75325415582183
39.300000000000004,388.35550167382985,14.654099536602565,52.75475833176924
39.35,389.08821983555566,14.654626932429958,52.75665695674785
39.400000000000006,389.8209667401439,14.655249251099576,52.75889730395848
39.45,390.5537470155222,14.655961764033004,52.76146235051881
39.5,391.2865650200346,14.65675841646102,52.764330299259676
39.550000000000004,392.0194243976131,14.65761668667852,52.76742007204267
39.6,392.7523275025105,14.658507509219014,52.770627033188454
39.650000000000006,393.48527486839083,14.659387125992392,52.77379365357261
39.7,394.218265625484,14.660243157733076,52.776875367839075
39.75,394.9512986257184,14.661076851641933,52.77987666591096
39.800000000000004,395.6843726549715,14.661884318484086,52.78278354654271
39.85,396.4174863214629,14.662662341169574,52.78558442821046
39.900000000000006,397.15063785627143,14.663399051171758,52.78823658421833
39.95,397.883825823799,14.664119649929521,52.790830739746276
40.0,398.6170494147,14.664823986110157,52.79336634999657
40.050000000000004,399.35030757744386,14.665502523645348,52.79580908512325
40.1,400.0835992462492,14.666164228568885,52.79819122284799
40.150000000000006,400.81692409768675,14.666829828931771,52.800587384154376
40.2,401.5502825700971,14.667509067482403,52.80303264293665
40.25,402.2836753528818,14.668202243904306,52.8055280780555
40.300000000000004,403.01710272165286,14.668892506939095,52.808013024980745
40.35,403.7505639612952,14.669557078753927,52.81040548351414
40.400000000000006,404.48405740316406,14.670180596000343,52.81265014560123
40.45,405.21758143955077,14.670780859468099,52.81481109408516
40.5,405.9511350327401,14.67136286810597,52.81690632518149
40.550000000000004,406.6847173585187,14.671930163037239,52.81894858693406
40.6,407.41832753412416,14.672476861181988,52.820916700255154
40.650000000000006,408.15196453677004,14.673003244654147,52.82281168075493
40.7,408.8856274694648,14.673514063134988,52.824650627285955
40.75,409.6193156934572,14.67401489656338,52.82645362762817
40.800000000000004,410.353028870101,14.674512169188784,52.82824380907962
40.85,411.08676680941454,14.675005403351683,52.83001945206606
40.900000000000006,411.8205290419575,14.675483898366581,52.83174203411969
40.95,412.55431470303546,14.675942544752,52.8333931611072
41.0,413.288122448524,14.676367274790799,52.834922189246875
41.050000000000004,414.0219500910091,14.676738424611996,52.836258328603186
41.1,414.7557939918322,14.677017608312,52.8372633899232
41.150000000000006,415.4896498696234,14.677217503335868,52.837983012009126
41.2,416.2235138215575,14.677340574028985,52.83842606650435
41.25,416.9573822880099,14.677398084068098,52.838633102645154
41.300000000000004,417.691252225028,14.677399396655918,52.83863782796131
41.35,418.42512104992943,14.677353599402231,52.83847295784803
41.400000000000006,419.1589866942706,14.677272174243594,52.83817982727694
41.45,419.89284777719115,14.677171142578652,52.83781611328315
41.5,420.626703926192,14.677074817456829,52.837469342844585
41.550000000000004,421.3605557642525,14.676998704964184,52.837195337871066
41.6,422.09440489487065,14.676966519761088,52.837079471139916
41.650000000000006,422.82825456741244,14.677020381910575,52.83727337487807
41.7,423.5621085433594,14.677138655967187,52.83769916148188
41.75,424.2959690757545,14.677282639836431,52.83821750341115
41.800000000000004,425.0298371394833,14.677439909315652,52.83878367353635
41.85,425.763713691835,14.677622184753856,52.83943986511388
41.900000000000006,426.49759987125253,14.677824991946615,52.84016997100782
41.95,427.2314965290142,14.678041318518463,52.84094874666647
42.0,427.96540402062044,14.678258345731454,52.84173004463324
42.050000000000004,428.69932184406866,14.678454592197266,52.84243653191016
42.1,429.4332495189275,14.678652402154567,52.84314864775644
42.150000000000006,430.1671876844954,14.678874220562,52.8439471940232
42.2,430.90113750786446,14.679118714200957,52.84482737112344
42.25,431.6351001458996,14.679386807204668,52.84579250593681
42.300000000000004,432.3690768447286,14.679681145956039,52.84685212544174
42.35,433.10306911371356,14.680009613440813,52.848034608386925
42.400000000000006,433.83707748785986,14.680325352411494,52.84917126868138
42.45,434.571100993982,14.680614892472713,52.85021361290177
42.5,435.30513858105587,14.6808885904827,52.85119892573772
42.550000000000004,436.0391892218638,14.681137041835344,52.85209335060724
42.6,436.773251113679,14.681338630773801,52.852819070785685
42.650000000000006,437.507322146131,14.681502667306564,52.85340960230363
42.7,438.2414007819483,14.681642765384998,52.85391395538599
42.75,438.9754865959389,14.68178979423956,52.85444325926242
42.800000000000004,439.7095811660392,14.68199300977173,52.85517483517823
42.85,440.4436876323834,14.682265643995244,52.85615631838288
42.900000000000006,441.1778093403008,14.682602672702146,52.85736962172773
42.95,441.9119496764782,14.683010774391594,52.85883878780974
43.0,442.6461123887325,14.68349771577996,52.86059177680786
43.050000000000004,443.3803009735804,14.684045678135732,52.86256444128863
43.1,444.11451764844327,14.684621316379626,52.86463673896666
43.150000000000006,444.84876316019466,14.685199153677182,52.866716953237855
43.2,445.5830368550152,14.685748639144371,52.86869510091974
43.25,446.31733659242985,14.686240857439845,52.87046708678344
43.300000000000004,447.05165869916306,14.686643411888335,52.871916282798004
43.35,447.78599904391353,14.686970378131083,52.8730933612719
43.400000000000006,448.52035417674784,14.687234935240241,52.87404576686487
43.45,449.2547208577999,14.687432306842645,52.87475630463352
43.5,449.9890960284897,14.687574520751035,52.87526827470373
43.550000000000004,450.7234778652914,14.68769895131553,52.87571622473591
43.6,451.45786577288595,14.687817352467308,52.87614246888231
43.650000000000006,452.1922598700829,14.687946535411621,52.87660752748184
43.7,452.926660822526,14.688091562311667,52.877129624322
43.75,453.6610696700303,14.688262337859776,52.877744416295194
43.800000000000004,454.3954881383844,14.688476396302274,52.87851502668819
43.85,455.1299186357929,14.688743500037297,52.879476600134275
43.900000000000006,455.8643635238792,14.689052023415432,52.88058728429556
43.95,456.5988246140177,14.689391582125003,52.88180969565001
44.0,457.3333031884744,14.68975139614447,52.88310502612009
44.050000000000004,458.06780008594194,14.690124502556952,52.884448209205026
44.1,458.8023154021132,14.690488144293958,52.88575731945825
44.150000000000006,459.53684824313314,14.690825496503077,52.88697178741108
44.2,460.271397749685,14.691154765569625,52.88815715605065
44.25,461.0059635603016,14.691477659095384,52.88931957274338
44.300000000000004,461.74054476254884,14.691770430792944,52.8903735508546
44.35,462.4751396206075,14.692023891552836,52.89128600959021
44.400000000000006,463.20974624043424,14.692240901518458,52.89206724546645
44.45,463.94436337341193,14.692444417588172,52.89279990331742
44.5,464.6789906791523,14.692647812026664,52.89353212329599
44.550000000000004,465.4136276765706,14.692832084706033,52.89419550494172
44.6,466.14827309513544,14.69298465788546,52.89474476838766
44.650000000000006,466.8829254276549,14.693108642893726,52.895191114417415
44.7,467.61758333232547,14.693207543928203,52.89554715814153
44.75,468.3522455360402,14.693280604660007,52.895810176776024
44.800000000000004,469.08691054044476,14.693319571522736,52.89595045748185
44.85,469.82157698728287,14.693338302001889,52.8960178872068
44.900000000000006,470.5562438546001,14.693336390686898,52.89601100647283
44.95,471.2909099309768,14.693306664382147,52.89590399177573
45.0,472.02557392638545,14.693253151964818,52.895711347073345
45.050000000000004,472.760234959156,14.693188158856339,52.89547737188282
45.1,473.4948927128192,14.693121987672058,52.89523915561941
45.150000000000006,474.2295471548482,14.693055693489207,52.895000496561146
45.2,474.9641971952412,14.69294592222936,52.8946053200257
45.25,475.6988411669615,14.692812946581082,52.894126607691895
45.300000000000004,476.43347889036914,14.692695989726896,52.89370556301683
45.35,477.16811194853835,14.692626337041528,52.8934548133495
45.400000000000006,477.90274272967093,14.692604908260762,52.89337766973875
45.45,478.63737333630525,14.692619357111338,52.89342968560082
45.5,479.37200560565697,14.692671416957328,52.89361710104638
45.550000000000004,480.10664175090363,14.692774392909524,52.893987814474286
45.6,480.8412848532574,14.692949701239101,52.894618924460765
45.650000000000006,481.575938464881,14.693194763706625,52.89550114934385
45.7,482.3106058076457,14.693498946879803,52.89659620876729
45.75,483.04528984903607,14.693862708734677,52.89790575144484
45.800000000000004,483.77999211747044,14.694228028641085,52.89922090310791
45.85,484.51471129544024,14.694539090151402,52.900340724545046
45.900000000000006,485.24944365845266,14.694755430344731,52.90111954924103
45.95,485.98418465405814,14.694884393874403,52.90158381794785
46.0,486.7189288589338,14.694883801151208,52.901581684144354
46.050000000000004,487.45366909965225,14.694725827587106,52.901012979313585
46.1,488.18839650959194,14.694370569999926,52.89973405199974
46.150000000000006,488.923101147155,14.693814932523455,52.89773375708444
46.2,489.6577726230381,14.693044102799401,52.89495877007785
46.25,490.3924001341592,14.69205634204255,52.89140283135318
46.300000000000004,491.12697353899404,14.690879851351937,52.88716746486698
46.35,491.8614835777475,14.68952169878666,52.882278115631976
46.400000000000006,492.5959218403785,14.688008806451936,52.87683170322697
46.45,493.3302807126349,14.686346083803645,52.87084590169312
46.5,494.06455196539395,14.684504026558773,52.864214495611584
46.550000000000004,494.7987268695545,14.682492139863466,52.85697170350848
46.6,495.5327972991996,14.680325045941185,52.849170165388266
46.650000000000006,496.26675508044525,14.677986203883652,52.84075033398115
46.7,497.00059160605946,14.675474820685585,52.8317093544681
46.75,497.73429920254773,14.672829038846418,52.82218453984711
46.800000000000004,498.46787172739755,14.6700719551454,52.812259038523436
46.85,499.20130364724196,14.667204838631118,52.801937419072026
46.900000000000006,499.93458893403385,14.66420663304415,52.79114387895894
46.95,500.6677215102268,14.661096414672876,52.779947092822354
47.0,501.40069611472614,14.657887765301208,52.76839595508435
47.050000000000004,502.1335083598641,14.654602040216549,52.756567344779576
47.1,502.86615521775315,14.651272275345141,52.744580191242505
47.150000000000006,503.59863428058134,14.647890237782045,52.732404856015364
47.2,504.3309434750732,14.64447754189214,52.720119150811705
47.25,505.0630812668405,14.641034128802549,52.70772286368918
47.300000000000004,505.79504772680093,14.637624269613024,52.695447370606885
47.35,506.52684590307064,14.634302781175471,52.683490012231694
47.400000000000006,507.2584812842725,14.631112466898848,52.67200488083586
47.45,507.989962430287,14.628133373681187,52.66128014525228
47.5,508.7213008663164,14.625404067496955,52.65145464298904
47.550000000000004,509.4525098680611,14.622956002288952,52.642641608240226
47.6,510.1836045478203,14.620831188080473,52.6349922770897
47.650000000000006,510.91460159388475,14.619050654497343,52.628582356190435
47.7,511.6455177195653,14.61759437272537,52.62333974181133
47.75,512.376368936916,14.61645432130424,52.619235556695266
47.800000000000004,513.1071702541884,14.615598369591478,52.616154130529324
47.85,513.8379351844317,14.614998840137204,52.613995824493934
47.900000000000006,514.5686759367487,14.61463125254678,52.612672509168405
47.95,515.2994032499159,14.614461274143508,52.612060586916634
48.0,516.0301271710449,14.614495571014558,52.61218405565241
48.050000000000004,516.7608567860076,14.614689027493188,52.61288049897548
48.1,517.4915990567872,14.61500180368941,52.61400649328188
48.150000000000006,518.2223596216475,14.61542079071959,52.61551484659052
48.2,518.9531429742784,14.615913314518117,52.61728793226522
48.25,519.683952963114,14.616486238907843,52.61935046006823
48.300000000000004,520.4147933776738,14.617130343482163,52.62166923653579
48.35,521.1456672636431,14.617825095285575,52.62417034302807
48.400000000000006,521.8765761314467,14.618529616858183,52.62670662068946
48.45,522.6075199282408,14.619222254907031,52.62920011766531
48.5,523.3384971528212,14.61986672830896,52.631520221912254
48.550000000000004,524.0695059503404,14.620485172455961,52.633746620841464
48.6,524.8005454869826,14.621096293235228,52.63594665564682
48.650000000000006,525.5316160241557,14.621725193685883,52.63821069726918
48.7,526.26271852945,14.622375018085044,52.64055006510616
48.75,526.9938544519274,14.623061881008574,52.64302277163087
48.800000000000004,527.7250252672674,14.623770732590422,52.645574637325524
48.85,528.4562317729723,14.62448949560682,52.64816218418456
48.900000000000006,529.1874744259009,14.625216621537408,52.65077983753467
48.95,529.9187537885716,14.625957885291168,52.65344838704821
49.0,530.6500703786453,14.626705717656506,52.65614058356342
49.050000000000004,531.3814241482328,14.627445065843695,52.6588022370373
49.1,532.1128139510979,14.628147048759018,52.66132937553247
49.150000000000006,532.844237351666,14.628788973966149,52.66364030627814
49.2,533.5756901346166,14.629322344055339,52.66556043859922
49.25,534.3071670596063,14.629754655531034,52.66711675991172
49.300000000000004,535.0386637208561,14.630111794463165,52.6684024600674
49.35,535.7701767554654,14.630409589910112,52.669474523676406
49.400000000000006,536.5017034002888,14.630656203025065,52.670362330890235
49.45,537.2332422557686,14.630898016169073,52.67123285820867
49.5,537.9647930032895,14.631131884668187,52.672074784805474
49.550000000000004,538.6963554720213,14.631366864603736,52.67292071257345
49.6,539.4279303221961,14.631627142388075,52.67385771259707
49.650000000000006,540.1595191805537,14.631927191919726,52.67493789091101
49.7,540.8911247009746,14.632293624917278,52.6762570497022
49.75,541.6227501752508,14.632725346130169,52.67781124606861
49.800000000000004,542.3543985534245,14.633209780820316,52.67955521095314
49.85,543.0860719268314,14.633725155457123,52.68141055964564
49.900000000000006,543.8177708129296,14.634230288469325,52.68322903848957
49.95,544.5494942675538,14.634707896498558,52.68494842739481
50.0,545.2812402115849,14.63512986474447,52.686467513080096
50.050000000000004,546.0130054160991,14.635478315821949,52.687721936959015
50.1,546.7447865524683,14.635767138946251,52.688761700206506
50.150000000000006,547.4765811989128,14.636018718831949,52.68966738779502
50.2,548.2083872755345,14.63622434603869,52.690407645739285
50.25,548.94020247282,14.636383545384522,52.69098076338428
50.300000000000004,549.6720249576979,14.63651584973022,52.69145705902879
50.35,550.403853815895,14.636638478153968,52.69189852135428
50.400000000000006,551.1356895683471,14.636791619930072,52.69244983174826
50.45,551.8675331078626,14.636949960694377,52.69301985849976
50.5,552.5993839947718,14.637085515671732,52.693507856418236
50.550000000000004,553.3312405844181,14.637178070182744,52.69384105265788
50.6,554.0631003426195,14.637212257873934,52.69396412834616
50.650000000000006,554.7949600603298,14.637176450540142,52.69383522194451
50.7,555.5268159249259,14.63705813330576,52.69340927990074
50.75,556.2586642999656,14.63687686828072,52.69275672581059
50.800000000000004,556.9905016822921,14.6366184247806,52.691826329210166
50.85,557.7223248989579,14.636310241850174,52.69071687066062
50.900000000000006,558.4541323711976,14.63598864773816,52.68955913185737
50.95,559.1859247948557,14.635708298587344,52.68854987491444
51.0,559.9177053741455,14.63551487300521,52.68785354281876
51.050000000000004,560.6494793466884,14.63544402871036,52.6875985033573
51.1,561.3812537120097,14.635530584141389,52.687910102909
51.150000000000006,562.1130356041466,14.635745101334988,52.688682364805956
51.2,562.8448306420128,14.63605641331177,52.68980308792238
51.25,563.5766432161838,14.636446553530405,52.69120759270946
51.300000000000004,564.3084766954362,14.63689261656629,52.69281341963864
51.35,565.0403334343455,14.637376939807954,52.69455698330864
51.400000000000006,565.772214677405,14.637872782571794,52.69634201725846
51.45,566.504120233142,14.638349446908165,52.698058008869396
51.5,567.2360482647397,14.638771816998647,52.69957854119513
51.550000000000004,567.967996803705,14.639169741614037,52.701011069810534
51.6,568.6999648739398,14.639553067779406,52.702391044005864
51.650000000000006,569.4319522647928,14.639942566338195,52.703793238817504
51.7,570.1639593908945,14.64034247772895,52.70523291982422
51.75,570.8959869378446,14.640759400269108,52.70673384096879
51.800000000000004,571.628036048914,14.641205042512919,52.70833815304651
51.85,572.3601079231889,14.641669928481061,52.71001174253182
51.900000000000006,573.0922028127308,14.642125653190085,52.71165235148431
51.95,573.8243199686791,14.642560584744132,52.71321810507887
52.0,574.5564581805094,14.642967888465527,52.7146843984759
52.050000000000004,575.2886161472095,14.643350779540771,52.71606280634678
52.1,576.0207924767952,14.643702403889703,52.717328654002934
52.150000000000006,576.7529856917797,14.644026195491563,52.718494303769624
52.2,577.4851940336031,14.644307477442688,52.71950691879368
52.25,578.2174152558393,14.644541412009444,52.720349083234
52.300000000000004,578.9496474578802,14.644746669625647,52.72108801065233
52.35,579.6818890847214,14.644918404022704,52.72170625448174
52.400000000000006,580.41413842004,14.645055008717417,52.7221980313827
52.45,581.1463936799227,14.645155386590494,52.72255939172578
52.5,581.8786531182049,14.645222144696547,52.72279972090757
52.550000000000004,582.6109149306683,14.645250353841742,52.722901273830274
52.6,583.3431771130041,14.64523693959236,52.722852982532494
52.650000000000006,584.075437567282,14.645181231523603,52.722652433484974
52.7,584.8076940064426,14.645076334900374,52.72227480564135
52.75,585.5399441705788,14.644930230547823,52.721748829972164
52.800000000000004,586.2721860830047,14.644746266491303,52.72108655936869
52.85,587.0044174212167,14.644507261986636,52.72022614315189
52.900000000000006,587.7366353504141,14.644209905909939,52.719155661275785
52.95,588.4688374285367,14.643873218996152,52.71794358838615
53.0,589.2010220940932,14.64351340326169,52.716648251742086
53.050000000000004,589.9331881052528,14.643127043124599,52.71525735524855
53.1,590.6653344019002,14.642724822767242,52.71380936196207
53.150000000000006,591.3974602210017,14.642307941293822,52.71230858865776
53.2,592.1295652494539,14.641893196795964,52.71081550846547
53.25,592.861650361178,14.641511272170163,52.709440579812586
53.300000000000004,593.5937177006206,14.641182305532489,52.70825629991696
53.35,594.3257699797211,14.640908858489174,52.70727189056103
53.400000000000006,595.0578107543346,14.640722126049639,52.7065996537787
53.45,595.7898442631471,14.640618226452062,52.706225615227424
53.5,596.5218740420529,14.640572929782572,52.70606254721726
53.550000000000004,597.2539021275469,14.640550489977695,52.7059817639197
53.6,597.9859295400364,14.640546009601316,52.70596563456474
53.650000000000006,598.7179567208162,14.640541221592718,52.705948397733785
53.7,599.4499831193847,14.640514721145522,52.70585299612388
53.75,600.1820074041674,14.64045667016278,52.70564401258601
53.800000000000004,600.9140276476487,14.640353069090807,52.70527104872691
53.85,601.6460412583828,14.640191360271235,52.70468889697645
53.900000000000006,602.3780455499794,14.63998030359722,52.70392909294999
53.95,603.1100387489236,14.639747654166841,52.70309155500063
54.0,603.8420199963433,14.639502242623939,52.70220807344618
54.050000000000004,604.5739891184363,14.63926264109509,52.70134550794233
54.1,605.3059470919297,14.639056298640398,52.700602675105436
54.150000000000006,606.0378950872764,14.638863515228552,52.699908654822785
54.2,606.769833585576,14.638676416754665,52.69923510031679
54.25,607.5017627208646,14.638488994791839,52.69856038125062
54.300000000000004,608.233682530856,14.638303404864226,52.697892257511214
54.35,608.9655935725114,14.638138261351163,52.69729774086419
54.400000000000006,609.6974970029421,14.637998955878803,52.696796241163696
54.45,610.4293941391334,14.637886491773049,52.696391370382976
54.5,611.1612862578847,14.637798258279876,52.69607372980755
54.550000000000004,611.893174574963,14.637734424853328,52.695843929471984
54.6,612.6250605478989,14.637704492580973,52.6957361732915
54.650000000000006,613.3569459740918,14.637712555135092,52.695765198486335
54.7,614.0888321415545,14.637734143373875,52.69584291614595
54.75,614.8207187256794,14.637729221622344,52.69582519784044
54.800000000000004,615.5526039007977,14.637677783112181,52.69564001920386
54.85,616.2844849655977,14.637564808883699,52.69523331198132
54.900000000000006,617.016358390412,14.637372183688335,52.69453986127801
54.95,617.7482204897935,14.637111791568998,52.693602449648395
55.0,618.4800684506653,14.636806643299689,52.69250391587888
55.050000000000004,619.2119009916057,14.636494994318667,52.6913819795472
55.1,619.9437181988484,14.636193295386377,52.69029586339096
55.150000000000006,620.6755209868508,14.635918224709322,52.68930560895356
55.2,621.4073113195668,14.635695083932948,52.68850230215861
55.25,622.1390922818932,14.635543409122679,52.687956272841646
55.300000000000004,622.8708677260872,14.635474358639168,52.68770769110101
55.35,623.6026411851487,14.635464003821152,52.68767041375615
55.400000000000006,624.334414823584,14.635481533590344,52.68773352092524
55.45,625.0661896570757,14.635511806076863,52.68784250187671
55.5,625.7979666413048,14.635567563089129,52.688043227120865
55.550000000000004,626.5297472419379,14.63565646223483,52.68836326404539
55.6,627.2615330957213,14.635777689103469,52.68879968077249
55.650000000000006,627.9933259174597,14.635935180430323,52.689366649549164
55.7,628.725127391351,14.636123775220224,52.690045590792806
55.75,629.4569388368951,14.63633404654615,52.69080256756614
55.800000000000004,630.1887608237888,14.636545429201885,52.69156354512678
55.85,630.9205927382313,14.636731148500818,52.692232134602946
55.900000000000006,631.6524329524802,14.636877421456882,52.69275871724478
55.95,632.38427898128,14.63696373053215,52.69306942991574
56.0,633.1161272867906,14.636968489893267,52.693086563615765
56.050000000000004,633.8479733187687,14.636872789231134,52.69274204123209
56.1,634.579812205724,14.636682688978919,52.69205768032411
56.150000000000006,635.3116400693222,14.636431854947721,52.691154677811795
56.2,636.0434544668173,14.636144044856797,52.69011856148447
56.25,636.7752542406301,14.63584690765962,52.689048867574634
56.300000000000004,637.507038876283,14.635538518454263,52.68793866643535
56.35,638.2388075724217,14.635209327094199,52.686753577539115
56.400000000000006,638.9705587524667,14.63483787470625,52.6854163489425
56.45,639.7022899474009,14.634409922664702,52.683875721592926
56.5,640.4339980689006,14.63391493731999,52.68209377435196
56.550000000000004,641.1656792943922,14.633334082345755,52.68000269644472
56.6,641.8973293790481,14.63266930388761,52.6776094939954
56.650000000000006,642.6289442372962,14.631925026039477,52.67493009374212
56.7,643.3605205397679,14.63112707282657,52.67205746217566
56.75,644.0920561532158,14.630297465088436,52.66907087431837
56.800000000000004,644.8235496513937,14.62944246202559,52.665992863292125
56.85,645.5550005141015,14.628592046285497,52.662931366627795
56.900000000000006,646.2864094169297,14.627764066843694,52.6599506406373
56.95,647.017777694824,14.626967048928053,52.657081376140994
57.0,647.7491066865708,14.626192620945108,52.654293435402394
57.050000000000004,648.4803973211156,14.625432760842578,52.65155793903328
57.1,649.2116499597856,14.62467278596019,52.64882202945668
57.150000000000006,649.9428649769916,14.623927902278552,52.64614044820279
57.2,650.6740432596456,14.62320340388241,52.64353225397668
57.25,651.4051860763102,14.622509262699406,52.641033345717865
57.300000000000004,652.1362955876541,14.62187119105484,52.63873628779743
57.35,652.8673753918637,14.62132097732904,52.63675551838455
57.400000000000006,653.5984305709868,14.620886187596914,52.63519027534889
57.45,654.3294668756338,14.620565998283862,52.6340375938219
57.5,655.060489524411,14.620339952803562,52.633223830092824
57.550000000000004,655.7915037230158,14.620227991391662,52.63282076900998
57.6,656.5225152944529,14.620234866089941,52.63284551792379
57.650000000000006,657.2535294629405,14.620331873414909,52.633194744293675
57.7,657.9845503986882,14.620505556492347,52.63382000337245
57.75,658.7155812172008,14.620727184011368,52.634617862440926
57.800000000000004,659.4466249141813,14.621020695205216,52.63567450273878
57.85,660.1776854767834,14.62140180888067,52.63704651197041
57.900000000000006,660.9087672802024,14.62187032788059,52.638733180370124
57.95,661.6398742297521,14.622407654108367,52.64066755479012
58.0,662.3710092754844,14.622994175183157,52.64277903065937
58.050000000000004,663.1021742847727,14.623606196348922,52.64498230685612
58.1,663.833369790652,14.624214038825578,52.647170539772084
58.150000000000006,664.5645948402021,14.624787943177019,52.649236595437266
58.2,665.2958476937268,14.625326197815136,52.65117431213449
58.25,666.0271268931014,14.62584177716419,52.653030397791085
58.300000000000004,666.758431068487,14.626325238261872,52.65477085774274
58.35,667.4897583765979,14.626767086174873,52.656361510229544
58.400000000000006,668.2211070493228,14.627179822819777,52.657847362151195
58.45,668.9524760292055,14.627579372489715,52.65928574096297
58.5,669.6838656290996,14.628004623274789,52.66081664378924
58.550000000000004,670.4152770805732,14.628453435670602,52.662432368414166
58.6,671.1467111166021,14.628908005482486,52.664068819736954
58.650000000000006,671.8781670012571,14.629327380717148,52.66557857058174
58.7,672.6096421089904,14.629676928617641,52.66683694302351
58.75,673.3411324877346,14.629938221148763,52.667777596135544
58.800000000000004,674.0726337277806,14.630111380692128,52.66840097049166
58.85,674.8041415658469,14.630202141959192,52.668727711053094
58.900000000000006,675.5356527379656,14.63024474279322,52.66888107405559
58.95,676.2671652244525,14.630254716681932,52.66891698005496
59.0,676.9986783154917,14.630268924886277,52.668968129590596
59.050000000000004,677.7301930746722,14.630321442336228,52.669157192410424
59.1,678.4617119761305,14.630434615992591,52.66956461757333
59.150000000000006,679.1932380976182,14.630610243516937,52.670196876660974
59.2,679.9247741624398,14.630832349348935,52.670996457656166
59.25,680.6563222946271,14.631092938143588,52.67193457731692
59.300000000000004,681.3878832345639,14.631344659327972,52.6728407735807
59.35,682.1194555001571,14.631545964399995,52.673565471839986
59.400000000000006,682.8510362223489,14.63168292326905,52.67405852376858
59.45,683.5826219240694,14.63174514555352,52.67428252399267
59.5,684.3142086697715,14.631724682528946,52.674208857104205
59.550000000000004,685.0457918892931,14.631604098339348,52.67377475402166
59.6,685.7773666811448,14.631387575727777,52.67299527262
59.650000000000006,686.5089286275546,14.631090280662885,52.67192501038639
59.7,687.2404744095786,14.630741000298775,52.67066760107559
59.75,687.9720015423896,14.630344312143883,52.669239523717984
59.800000000000004,688.7035078533986,14.629908128213746,52.667669261569486
59.85,689.4349911754862,14.629424755287937,52.665929119036576
59.900000000000006,690.1664491413708,14.628893880096724,52.664017968348205
59.95,690.8978794411839,14.628318112429655,52.66194520474676
60.0,691.6292796660889,14.62769088376839,52.659687181566206
60.050000000000004,692.3606477846672,14.627033859365167,52.6573218937146
60.1,693.0919829283952,14.626371889754335,52.654938803115606
60.150000000000006,693.8232846788636,14.625698128984109,52.652513264342794
60.2,694.5545524347992,14.625012108439751,52.650043590383106
60.25,695.2857849442296,14.62428826877322,52.6474377675836
60.300000000000004,696.0169803032928,14.62352609375629,52.644693937522646
60.35,696.7481365272379,14.622722864045404,52.641802310563456
60.400000000000006,697.4792517776511,14.621887152484806,52.638793748945304
60.45,698.2103245810091,14.62102498183219,52.63568993459588
60.5,698.9413538703318,14.620146591073995,52.63252772786638
60.550000000000004,699.672339389793,14.61927418737615,52.62938707455414
60.6,700.4032821060025,14.61843446100293,52.62636405961055
60.650000000000006,701.1341842676069,14.617652003171372,52.62354721141694
60.7,701.8650493583195,14.616951625334067,52.621025851202646
60.75,702.5958818193869,14.616346817360402,52.618848542497446
60.800000000000004,703.3266863855819,14.615835830439117,52.617008989580825
60.85,704.0574674850919,14.615408149962917,52.6154693398665
60.900000000000006,704.788228622916,14.615037363000514,52.614134506801854
60.95,705.5189720925728,14.614701423271377,52.61292512377696
61.0,706.2496994366127,14.614392338323782,52.611812417965616
61.050000000000004,706.9804117224116,14.614099093637304,52.61075673709429
61.1,707.7111100137636,14.613832560438631,52.60979721757907
61.150000000000006,708.4417957758127,14.61359792152751,52.60895251749904
61.2,709.1724713303095,14.613424258345336,52.60832733004321
61.25,709.9031401961198,14.61333037407044,52.60798934665358
61.300000000000004,710.6338062192904,14.613310552753392,52.60791798991221
61.35,711.3644731107396,14.61336510521673,52.60811437878023
61.400000000000006,712.0951444060022,14.613486705289185,52.608552139041066
61.45,712.8258230401872,14.613658662111918,52.6091711836029
61.5,713.5565109409057,14.613857366631214,52.60988651987237
61.550000000000004,714.2872088632274,14.614059526237657,52.610614294455566
61.6,715.017916500589,14.614245968222876,52.61128548560236
61.650000000000006,715.7486331330615,14.614419330680695,52.6119095904505
61.7,716.4793580346875,14.614576734357602,52.61247624368737
61.75,717.2100903148657,14.614714472771045,52.612972101975764
61.800000000000004,717.9408292257324,14.61484196189331,52.61343106281592
61.85,718.6715747435314,14.61497875006896,52.61392350024826
61.900000000000006,719.4023275487585,14.615133459015569,52.61448045245605
61.95,720.1330882034723,14.615292729535621,52.615053826328236
62.0,720.8638568552086,14.615453339916993,52.615632023701174
62.050000000000004,721.5946337685024,14.615623191834993,52.616243490605974
62.1,722.3254193776215,14.615801172931214,52.61688422255237
62.150000000000006,723.0562140512163,14.615985770859648,52.61754877509473
62.2,723.7870175791182,14.616155345217457,52.618159242782845
62.25,724.517828666747,14.616288159935447,52.61863737576761
62.300000000000004,725.2486451185069,14.616369910461572,52.61893167766166
62.35,725.979463972143,14.616384234981805,52.6189832459345
62.400000000000006,726.7102815400651,14.616318481901855,52.61874653484668
62.45,727.4410932723866,14.616150810959674,52.618142919454826
62.5,728.171893914093,14.615874857292528,52.617149486253105
62.550000000000004,728.9026783313944,14.615501834765496,52.61580660515579
62.6,729.6334415122459,14.61502539929142,52.61409143744911
62.650000000000006,730.3641786156477,14.61445873677998,52.61205145240793
62.7,731.0948856808742,14.613823872281067,52.609765940211844
62.75,731.8255598636796,14.613143439933115,52.60731638375921
62.800000000000004,732.5561996049452,14.612446210689477,52.604806358482115
62.85,733.2868044184565,14.611746329765175,52.60228678715463
62.900000000000006,734.0173740951537,14.611040738122803,52.59974665724209
62.95,734.7479085533166,14.61033758839024,52.59721531820487
63.0,735.4784081531619,14.609646405423428,52.59472705952434
63.050000000000004,736.2088736038736,14.608971623041798,52.59229784295047
63.1,736.9393053299538,14.608297420165414,52.58987071259549
63.150000000000006,737.6697030759663,14.607612420335354,52.58740471320728
63.2,738.4000662790509,14.606915703048966,52.58489653097628
63.25,739.1303947515813,14.606223198170042,52.58240351341215
63.300000000000004,739.8606887379259,14.605536255614254,52.57993052021131
63.35,740.5909481656616,14.604840853816196,52.577427073738306
63.400000000000006,741.3211729086167,14.60414886438685,52.574935911792664
63.45,742.0513635168669,14.60347546561723,52.57251167622203
63.5,742.7815213058492,14.602836093673833,52.5702099372258
63.550000000000004,743.511648208442,14.602240010038361,52.568064036138104
63.6,744.241746710288,14.601700063800386,52.566120229681395
63.650000000000006,744.9718195725243,14.601214425652067,52.56437193234744
63.7,745.7018699410214,14.600800314234984,52.562881131245945
63.75,746.4319017306149,14.600471269503561,52.561696570212824
63.800000000000004,747.1619191828261,14.600226818943945,52.560816548198204
63.85,747.8919268254094,14.600078884391413,52.560283983809086
63.900000000000006,748.621929496401,14.600027955271134,52.56010063897608
63.95,749.3519322948104,14.600083981105946,52.56030233198141
64.0,750.0819403057017,14.600236454544795,52.560851236361266
64.05,750.8119576211282,14.600456162513542,52.561642185048754
64.10000000000001,751.5419876024706,14.60074309118689,52.56267512827281
64.15,752.272033241054,14.601082452150495,52.56389682774178
64.2,753.0020968677672,14.601462616375944,52.5652654189534
64.25,753.7321801550092,14.601868873304507,52.566727943896225
64.3,754.4622836350208,14.602270327156408,52.56817317776307
64.35000000000001,755.1924071767015,14.602671340075116,52.56961682427042
64.4,755.9225514157856,14.60309822328713,52.57115360383367
64.45,756.6527182984339,14.603577082642676,52.57287749751364
64.5,757.3829103014448,14.604103037790015,52.574770936044054
64.55,758.1131296001436,14.604668910163486,52.57680807658855
64.60000000000001,758.8433775669863,14.605249763547755,52.57889914877192
64.65,759.5736548769934,14.605842636735751,52.58103349224871
64.7,760.303961941897,14.606439959408494,52.58318385387058
64.75,761.0342984318384,14.607019638247696,52.585270697691705
64.8,761.7646631958107,14.60757092064582,52.587255314324956
64.85000000000001,762.495054474131,14.60808021216616,52.58908876379817
64.9,763.2254702262693,14.60854987336366,52.59077954410918
64.95,763.9559084750213,14.608980076715092,52.592328276174335
65.0,764.6863672749755,14.609371921456823,52.593738917244565
65.05,765.4168455368448,14.609758553315842,52.59513079193703
65.10000000000001,766.1473432976697,14.610151879682988,52.59654676685876
65.15,766.8778611367468,14.610561683398192,52.59802206023349
65.2,767.6083992898448,14.61096444052084,52.59947198587503
65.25,768.3389570090036,14.611344325830242,52.600839572988875
65.3,769.0695328349784,14.611688713163332,52.602079367387994
65.35000000000001,769.8001251115026,14.612002347803127,52.60320845209126
65.4,770.5307321396862,14.612278779541606,52.604203606349785
65.45,771.2613517495238,14.612505613963435,52.60502021026837
65.5,771.9919813929461,14.612680122929746,52.605648442547086
65.55,772.7226186109974,14.61280859912522,52.60611095685079
65.60000000000001,773.4532615591844,14.612909328353656,52.606473582073164
65.65,774.183909169666,14.612995090909301,52.606782327273486
65.7,774.9145604175582,14.613054824780015,52.60699736920805
65.75,775.6452142432893,14.613098204462993,52.607153536066775
65.8,776.3758705463072,14.613153916253397,52.60735409851223
65.85000000000001,777.1065299349938,14.6132216312113,52.60759787236068
65.9,777.8371926202045,14.613285777220323,52.607828797993164
65.95,778.5678578897283,14.613325003731585,52.60797001343371
66.0,779.2985240516982,14.613321475065021,52.60795731023408
66.05,780.0291883923865,14.613252152466025,52.607707748877694
66.10000000000001,780.7598471454289,14.613097969230889,52.6071526892312
66.15,781.490495876075,14.61285125661015,52.60626452379654
66.2,782.2211300624112,14.612516196841906,52.60505830863086
66.25,782.9517454440632,14.612099069237782,52.60355664925602
66.3,783.682337890838,14.611598801750485,52.60175568630175
66.35000000000001,784.4129031397094,14.61101115310668,52.599640151184055
66.4,785.1434365962709,14.610327109351616,52.59717759366582
66.45,785.87393406363,14.609571585012738,52.59445770604586
66.5,786.60439230878,14.608758220986932,52.591529595552956
66.55,787.3348082665316,14.607880089077664,52.58836832067959
66.60000000000001,788.0651786257056,14.606934277884665,52.584963400384794
66.65,788.7955007906049,14.605952318087791,52.58142834511605
66.7,789.5257737057906,14.604964289339016,52.57787144162046
66.75,790.2559979264096,14.604004535420678,52.57441632751444
66.8,790.9861753875446,14.603093909978469,52.57113807592249
66.85000000000001,791.7163088544102,14.602244764647086,52.56808115272951
66.9,792.446401436594,14.601458522707391,52.56525068174661
66.95,793.1764559032847,14.600720144921434,52.562592521717164
67.0,793.9064741767925,14.600010795390446,52.56003886340561
67.05,794.6364573983501,14.599318066913195,52.557545040887504
67.10000000000001,795.3664062030733,14.59863412201727,52.55508283926217
67.15,796.0963207416635,14.59794742158918,52.552610717721045
67.2,796.8262002300039,14.597232112026006,52.55003560329362
67.25,797.5560434519391,14.596496765380131,52.547388355368476
67.3,798.2858500150998,14.595765761048138,52.5447567397733
67.35000000000001,799.0156210683448,14.595076368752256,52.542274927508124
67.4,799.7453590435908,14.594442641088348,52.539993507918055
67.45,800.4750669104603,14.593872033692596,52.53793932129335
67.5,801.2047477574258,14.593361844927355,52.53610264173848
67.55,801.9344044246857,14.592904845466116,52.534457443678015
67.60000000000001,802.6640390537289,14.592480316262755,52.53292913854592
67.65,803.3936532332524,14.592086864679619,52.53151271284663
67.7,804.123248585071,14.591727208066503,52.53021794903941
67.75,804.8528272094564,14.591417767351421,52.529103962465115
67.8,805.5823920885364,14.591177395844507,52.52823862504023
67.85000000000001,806.3119471600932,14.591025466426856,52.52769167913669
67.9,807.0414968949746,14.590963928829897,52.52747014378763
67.95,807.7710460270258,14.591001353222627,52.527604871601454
68.0,808.500599168712,14.591124314225208,52.52804753121075
68.05,809.2301600934135,14.591312673830432,52.528725625789555
68.10000000000001,809.9597316481007,14.591549513659839,52.52957824917542
68.15,810.689315905573,14.591820785233105,52.53055482683918
68.2,811.4189137168706,14.592091666668736,52.53153000000745
68.25,812.148523964003,14.592318218624431,52.532345587047956
68.3,812.8781436006964,14.592467249112012,52.53288209680324
68.35000000000001,813.6077686496618,14.592534709505365,52.53312495421932
68.4,814.3373952116029,14.592527768138346,52.53309996529805
68.45,815.0670199039216,14.592459924607653,52.53285572858755
68.5,815.796640040483,14.592345537847217,52.53244393624998
68.55,816.5262538794153,14.592208019447977,52.53194887001272
68.60000000000001,817.2558599705487,14.592035625887343,52.53132825319444
68.65,817.9854563306068,14.591818776434755,52.53054759516512
68.7,818.715040346469,14.591541858053482,52.529550688992536
68.75,819.4446088901755,14.591199890205896,52.52831960474123
68.8,820.1741587095017,14.59079288284504,52.52685437824215
68.85000000000001,820.9036862017897,14.590306808671453,52.525104511217236
68.9,821.6331865171272,14.589705804828789,52.52294089738364
68.95,822.3626535419774,14.588975189177411,52.52031068103868
69.0,823.0920806900858,14.58811073516113,52.51719864658007
69.05,823.821461418094,14.5871183851685,52.5136261866066
69.10000000000001,824.5507895506889,14.58600691862705,52.50962490705738
69.15,825.2800591707859,14.584777885248641,52.50520038689511
69.2,826.0092646898725,14.58344287821383,52.50039436156979
69.25,826.7384010956554,14.582013353103402,52.49524807117225
69.3,827.4674638723022,14.580497712770299,52.48979176597308
69.35000000000001,828.1964493615479,14.578921857059271,52.48411868541338
69.4,828.9253551886296,14.577311226208696,52.47832041435131
69.45,829.6541801879679,14.575688747323538,52.472479490364734
69.5,830.382924055643,14.57406595968031,52.46663745484911
69.55,831.1115868039277,14.572443971707791,52.46079829814805
69.60000000000001,831.8401686317989,14.57082914313698,52.454984915293124
69.65,832.5686707812861,14.56925683635363,52.44932461087306
69.7,833.2970956425356,14.567737613630587,52.44385540907012
69.75,834.0254459640125,14.56627524544492,52.43859088360171
69.8,834.7537244491718,14.564864160928474,52.43351097934251
69.85000000000001,835.4819337030841,14.56350599556123,52.428621584020426
69.9,836.2100762849452,14.562197278884625,52.423910203984654
69.95,836.9381547225967,14.560940227171349,52.419384817816855
70.0,837.6661719796207,14.55975005378939,52.415100193641806
70.05,838.3941314487085,14.558628709724328,52.411063355007585
70.10000000000001,839.122036949423,14.55759131885075,52.40732874786271
70.15,839.849892687413,14.556638200751415,52.403897522705094
70.2,840.5777026444484,14.555760080667959,52.40073629040465
70.25,841.3054706244352,14.554959118801497,52.39785282768539
70.3,842.03320040517,14.554232110588813,52.39523559811973
70.35000000000001,842.7608964573834,14.553609977947128,52.39299592060966
70.4,843.4885640814457,14.55309498454525,52.3911419443629
70.45,844.2162086534984,14.552687897562585,52.389676431225304
70.5,844.9438353998372,14.55238195599159,52.38857504156972
70.55,845.6714492812177,14.552173299229533,52.387823877226324
70.60000000000001,846.3990548327465,14.552048761922123,52.38737554291964
70.65,847.1266565237422,14.552018877907752,52.38726796046791
70.7,847.8542591932815,14.552087903661175,52.38751645318023
70.75,848.581867552835,14.552246478481731,52.38808732253423
70.8,849.3094861399104,14.552497004534324,52.388989216323566
70.85000000000001,850.0371192295083,14.55282657938261,52.3901756857774
70.9,850.7647704219785,14.55322111942252,52.391596029921075
70.95,851.4924424502543,14.55366001161218,52.39317604180385
71.0,852.2201371315455,14.554127240033711,52.394858064121365
71.05,852.9478555190077,14.554608258457032,52.396589730445314
71.10000000000001,853.6755977578838,14.555081296584657,52.398292667704766
71.15,854.4033630542463,14.55553055791289,52.39991000848641
71.2,855.1311497474921,14.555937171921848,52.40137381891865
71.25,855.8589555039342,14.55629308576002,52.40265510873607
71.3,856.5867777110952,14.556595200678341,52.40374272244203
71.35000000000001,857.3146140395367,14.556857936977895,52.404688573120424
71.4,858.0424626439573,14.557086239845283,52.40551046344302
71.45,858.7703216368349,14.55727347525998,52.40618451093593
71.5,859.4981891088472,14.557425405235202,52.40673145884673
71.55,860.2260638272428,14.557563330587595,52.407227990115345
71.60000000000001,860.9539455416818,14.557705246975516,52.40773888911186
71.65,861.6818347236912,14.55786203339674,52.40830332022826
71.7,862.4097322353247,14.55803843194417,52.40893835499901
71.75,863.137638496766,14.558212025711198,52.409563292560314
71.8,863.8655530984249,14.558372040645441,52.41013934632359
71.85000000000001,864.5934751745112,14.558511002806931,52.41063961010495
71.9,865.3214035564607,14.5586242751738,52.41104739062568
71.95,866.0493370695629,14.558716248912706,52.411378496085746
72.0,866.7772746704162,14.558787785220524,52.411636026793886
72.05,867.505215288318,14.558836930850337,52.411812951061215
72.10000000000001,868.2331575870771,14.558855019513949,52.41187807025022
72.15,868.9610997019346,14.558829574784738,52.411786469225056
72.2,869.6890395236543,14.558763294003636,52.411547858413094
72.25,870.416975482611,14.558675064264516,52.41123023135226
72.3,871.1449066056233,14.558569856228011,52.410851482420846
72.35000000000001,871.8728320262458,14.55844696866994,52.41040908721179
72.4,872.6007507035862,14.558300124945857,52.40988044980509
72.45,873.3286613327592,14.558125041975611,52.409250151112204
72.5,874.056562588786,14.557925199097529,52.4085307167511
72.55,874.7844536556138,14.55771747400994,52.40778290643579
72.60000000000001,875.512334697653,14.557524207559043,52.40708714721256
72.65,876.2402069897242,14.557367475288011,52.40652291103684
72.7,876.9680726530111,14.557259056184357,52.40613260226369
72.75,877.6959342323366,14.557204116839689,52.40593482062288
72.8,878.4237939657091,14.557185218059631,52.40586678501467
72.85000000000001,879.1516532646256,14.55718673859906,52.40587225895662
72.9,879.8795128237817,14.557195627647324,52.40590425953037
72.95,880.6073728505713,14.557205443934464,52.405939598164075
73.0,881.3352330588287,14.557202886362926,52.40593039090653
73.05,882.0630927556692,14.557184987256488,52.40586595412336
73.10000000000001,882.7909509488952,14.557142741783553,52.40571387042079
73.15,883.5188064127021,14.557075810491583,52.4054729177697
73.2,884.246658169848,14.556994475343801,52.405180111237684
73.25,884.9745057588206,14.556909083558631,52.404872700811076
73.3,885.7023490391632,14.556822130149296,52.404559668537466
73.35000000000001,886.4301876998359,14.556724296755185,52.40420746831867
73.4,887.1580215374197,14.556629206599528,52.4038651437583
73.45,887.8858511762331,14.556556345938688,52.403602845379275
73.5,888.6136782806033,14.556527828867164,52.40350018392179
73.55,889.3415055337932,14.556562298729256,52.40362427542532
73.60000000000001,890.069336439761,14.556673939981863,52.40402618393471
73.65,890.7971746452771,14.556854280663071,52.40467541038706
73.7,891.5250233332032,14.557093236380886,52.405535650971196
73.75,892.2528849643087,14.557372007837667,52.40653922821561
73.8,892.9807608332586,14.557662750159384,52.407585900573785
73.85000000000001,893.708651002697,14.557944027376578,52.40859849855568
73.9,894.4365551929585,14.558223583083716,52.40960489910138
73.95,895.1644728249737,14.558481697525853,52.41053411109307
74.0,895.8924020065662,14.558685566174049,52.411268038226574
74.05,896.6203391755714,14.558801194038193,52.411684298537494
74.10000000000001,897.3482801643751,14.55883835810907,52.41181808919265
74.15,898.0762219677941,14.558833778654858,52.41180160315749
74.2,898.8041634964133,14.558827366110371,52.41177851799734
74.25,899.5321051537435,14.558838927099282,52.41182013755742
74.3,900.26004828935,14.558886497164174,52.41199138979103
74.35000000000001,900.9879946332677,14.558967259540431,52.41228213434555
74.4,901.715946074316,14.559090382388844,52.41272537659984
74.45,902.4439043767098,14.559241713364376,52.41327016811175
74.5,903.1718709116685,14.559419684984238,52.41391086594326
74.55,903.8998473624957,14.559638348103192,52.41469805317149
74.60000000000001,904.6278359259069,14.55990418834201,52.415655078031236
74.65,905.3558382638101,14.560189327790564,52.41668158004603
74.7,906.083854441475,14.560457778801359,52.417648003684896
74.75,906.8118829367831,14.560682033526508,52.41845532069543
74.8,907.5399213998745,14.56085649012991,52.419083364467674
74.85000000000001,908.2679674403173,14.560985127580345,52.41954645928924
74.9,908.9960187153769,14.561065874802821,52.41983714929016
74.95,909.7240730637961,14.561108061967657,52.419989023083566
75.0,910.4521286771952,14.56111647399483,52.420019306381384
75.05,911.1801838968686,14.561092312939689,52.41993232658288
75.10000000000001,911.9082373572944,14.561046104092163,52.41976597473179
75.15,912.6362873933863,14.560955339582154,52.419439222495754
75.2,913.3643316921945,14.56081661274491,52.41893980588168
75.25,914.0923678664284,14.560630356613132,52.41826928380728
75.3,914.8203934099521,14.56039138433504,52.417408983606144
75.35000000000001,915.5484060793444,14.56011539135772,52.416415408887794
75.4,916.2764035849219,14.559784831741139,52.4152253942681
75.45,917.0043829119145,14.55938824796177,52.41379769266238
75.5,917.732340238947,14.558904833340769,52.41205740002677
75.55,918.460271571249,14.558348458740081,52.41005445146429
75.60000000000001,919.1881738135436,14.55774123304478,52.40786843896121
75.65,919.9160449300128,14.55710342572743,52.405572332618746
75.7,920.6438836398214,14.55644496661587,52.40320187981714
75.75,921.3716892265212,14.5557785013747,52.40080260494892
75.8,922.099461948933,14.555130395097496,52.398469422350985
75.85000000000001,922.8272026654503,14.554498265593548,52.396193756136775
75.9,923.554912452309,14.5538932087557,52.39401555152052
75.95,924.2825922784556,14.553299837107422,52.39187941358672
76.0,925.0102429499526,14.552727022772554,52.389817281981195
76.05,925.7378657159351,14.552183616527259,52.38786101949813
76.10000000000001,926.4654616105264,14.551652167125571,52.38594780165206
76.15,927.1930311586651,14.551129758423368,52.38406713032413
76.2,927.9205742810365,14.550595136430623,52.38214249115024
76.25,928.6480911166719,14.550078288986185,52.38028184035027
76.3,929.3755826778613,14.549584158590765,52.37850297092675
76.35000000000001,930.1030510063747,14.549148981946958,52.37693633500905
76.4,930.8304999843272,14.548810136152037,52.37571649014733
76.45,931.5579355102986,14.548610902706702,52.37499924974413
76.5,932.2853653392324,14.548582254641907,52.374896116710865
76.55,933.0127977623649,14.54871467065975,52.375372814375105
76.60000000000001,933.7402401072932,14.548979126470527,52.3763248552939
76.65,934.4676977288195,14.54932573458325,52.3775726444997
76.7,935.1951740787756,14.549728263658675,52.37902174917123
76.75,935.9226705093188,14.55012895806803,52.380464249044906
76.80000000000001,936.6501850700458,14.550453471012679,52.38163249564565
76.85000000000001,937.3777121526343,14.550629832529017,52.382267397104464
76.9,938.1052429320016,14.550601342162093,52.382164831783534
76.95,938.83276633481,14.550334770175265,52.381205172630956
77.0,939.5602694849623,14.549791235915936,52.37924844929737
77.05000000000001,940.287739420981,14.549006204832065,52.37642233739543
77.10000000000001,941.0151648755448,14.548011977720108,52.37284311979239
77.15,941.7425365432426,14.546854730195026,52.368677028702095
77.2,942.4698470068367,14.545563813568428,52.36402972884634
77.25,943.1970902891187,14.54416747770955,52.35900291975438
77.30000000000001,943.9242619899776,14.54270055664528,52.353722003923004
77.35000000000001,944.6513589501193,14.541177849021045,52.34824025647576
77.4,945.3783784238111,14.539601098649907,52.34256395513967
77.45,946.1053172566197,14.537952213697285,52.33662796931023
77.5,946.8321714128781,14.536214036639093,52.33037053190073
77.55000000000001,947.5589362407494,14.534379078212119,52.32376468156363
77.60000000000001,948.2856068488139,14.532445244368988,52.31680287972836
77.65,949.0121777875829,14.530392306388432,52.30941230299835
77.7,949.7386427404066,14.52820580655758,52.30154090360729
77.75,950.4649951789588,14.52589173553064,52.29321024791031
77.80000000000001,951.1912285951506,14.523444912142194,52.2844016837119
77.85000000000001,951.917336696964,14.52087916039303,52.27516497741491
77.9,952.6433141714205,14.518219817866893,52.26559134432082
77.95,953.3691569985314,14.515493266568873,52.255775759647946
78.0,954.0948625497857,14.512728783604572,52.24582362097646
78.05000000000001,954.8204296050386,14.509953426510343,52.23583233543724
78.10000000000001,955.5458583073157,14.50719466457533,52.22590079247119
78.15,956.2711510073572,14.504513337084234,52.21624801350324
78.2,956.9963126726504,14.501953274648425,52.207031788734334
78.25,957.7213504766596,14.499558885717308,52.19841198858231
78.30000000000001,958.4462736808623,14.497369282390004,52.190529416604015
78.35000000000001,959.171092751219,14.495393531878975,52.18341671476431
78.4,959.8958187154478,14.493645037273303,52.1771221341839
78.45,960.620462799261,14.492118315253313,52.17162593491193
78.5,961.3450353562775,14.49078396541178,52.16682227548241
78.55000000000001,962.0695464734221,14.489660720369082,52.162778593328696
78.60000000000001,962.7940069820822,14.488759626036597,52.15953465373175
78.65,963.5184281561853,14.488087338089265,52.157114417121356
78.7,964.2428217328079,14.487655726811136,52.15556061652009
78.75,964.9671998786054,14.487470105086421,52.15489237831112
78.80000000000001,965.6915738801279,14.487489955815354,52.154963840935274
78.85000000000001,966.415953248365,14.487684773667493,52.15566518520298
78.9,967.1403453201609,14.487998098171401,52.15679315341704
78.95,967.8647550882464,14.488392625246808,52.15821345088851
79.0,968.5891854063395,14.488820098477404,52.15975235451866
79.05000000000001,969.3136367483112,14.48923358039027,52.16124088940497
79.10000000000001,970.0381071510172,14.489582527851645,52.162497100265924
79.15,970.7625923510096,14.48982547184183,52.163371698630584
79.2,971.4870868409905,14.489954127392721,52.1638348586138
79.25,972.2115862447895,14.490022024565988,52.164079288437556
79.30000000000001,972.9360885504298,14.49007020104433,52.16425272375959
79.35000000000001,973.6605940092284,14.490148150898246,52.164533343233686
79.4,974.3851053140187,14.490304040714463,52.16509454657207
79.45,975.1096272112229,14.49057184745607,52.166058650841855
79.5,975.8341650766232,14.490942768553444,52.167393966792396
79.55000000000001,976.5587239484728,14.491412105429358,52.16908357954569
79.60000000000001,977.283308984004,14.491989315814944,52.1711615369338
79.65,978.0079255090898,14.492671687619861,52.1736180754315
79.7,978.7325781748166,14.493434941453913,52.17636578923409
79.75,979.4572699641009,14.49423662991906,52.179251867708615
79.80000000000001,980.1820016026907,14.495028913673853,52.182104089225874
79.85000000000001,980.9067724522272,14.495805067785351,52.184898244027266
79.9,981.6315817047454,14.496565032942497,52.18763411859299
79.95,982.3564282413885,14.497296432779944,52.1902671580078
80.0,983.0813102086856,14.497982259107204,52.19273613278593
80.05000000000001,983.8062251321268,14.498614678536619,52.19501284273183
80.10000000000001,984.5311706800617,14.49920723885845,52.19714605989042
80.15,985.2561453025704,14.499777661492026,52.199199581371296
80.2,985.9811482572135,14.500340524228811,52.20122588722372
80.25,986.7061797554958,14.50091940706284,52.20330986542623
80.30000000000001,987.4312415463946,14.501552228891388,52.205588024008996
80.35000000000001,988.1563368817676,14.502261186026846,52.20814026969665
80.4,988.8814702066417,14.503071808935445,52.211058512167604
80.45,989.6066469412949,14.50399757719332,52.214391277895956
80.5,990.3318730631003,14.505047295021715,52.218170262078175
80.55000000000001,991.0571543215781,14.506203044089485,52.22233095872215
80.60000000000001,991.7824955404034,14.507445708922315,52.226804552120335
80.65,992.50790049084,14.5087523085453,52.23150831076308
80.7,993.2333717239043,14.510097014023827,52.23634925048578
80.75,993.9589107495002,14.511464009811995,52.24127043532318
80.80000000000001,994.6845184597729,14.512844401095007,52.24623984394203
80.85000000000001,995.4101954495361,14.514235189432203,52.251246681955934
80.9,996.1359421068549,14.515631103322853,52.25627197196227
80.95,996.8617586979616,14.517032540943116,52.26131714739522
81.0,997.5876454342159,14.51843690923026,52.26637287322894
81.05000000000001,998.3136025826875,14.51984902963559,52.271456506688125
81.10000000000001,999.0396308428354,14.521281376280395,52.276612954609426
81.15,999.7657311219505,14.522729788322426,52.281827237960734
81.2,1000.4919038501492,14.52417933962786,52.2870456226603
81.25,1001.2181485548401,14.525608848009108,52.292191852832794
81.30000000000001,1001.9444645671679,14.527031645100676,52.297313922362434
81.35000000000001,1002.6708517474246,14.528455565170036,52.30244003461213
81.4,1003.3973103605148,14.529888958435574,52.30760025036807
81.45,1004.1238413929843,14.53135234034863,52.31286842525507
81.5,1004.8504467577409,14.53286224991452,52.31830409969228
81.55000000000001,1005.5771294257909,14.534444472085642,52.32400009950831
81.60000000000001,1006.3038933308384,14.536111729816687,52.330002227340074
81.65,1007.0307430395399,14.53787661824187,52.336355825670736
81.7,1007.7576832079176,14.539730116868498,52.34302842072659
81.75,1008.4847183445752,14.54167534943377,52.350031257961575
81.80000000000001,1009.211852963463,14.543709406080303,52.357353861889095
81.85000000000001,1009.9390913864578,14.54582751371105,52.36497904935978
81.9,1010.6664378031131,14.548029152503567,52.37290494901284
81.95,1011.3938959918951,14.55029839877264,52.3810742355815
82.0,1012.121469086184,14.552625372782416,52.3894513420167
82.05000000000001,1012.8491594391667,14.554988746525076,52.397959487490276
82.10000000000001,1013.5769681928249,14.557361399803462,52.406501039292465
82.15,1014.3048955999445,14.559734884983957,52.415045585942245
82.2,1015.032941982742,14.562120426915886,52.42363353689719
82.25,1015.7611082671448,14.564530949191965,52.43231141709108
82.30000000000001,1016.4893958310746,14.56697160800054,52.44109778880194
82.35000000000001,1017.2178060838158,14.569438501647522,52.44997860593108
82.4,1017.946340242001,14.571927825760774,52.458940172738785
82.45,1018.6749995347357,14.574443883624351,52.46799798104767
82.5,1019.4037855144868,14.576995306421669,52.47718310311801
82.55000000000001,1020.1327003030514,14.579596236160903,52.486546450179254
82.60000000000001,1020.8617465950148,14.582255442376248,52.49611959255449
82.65,1021.5909267173455,14.584949450853777,52.5058180230736
82.7,1022.320241819707,14.587654643607898,52.515556716988435
82.75,1023.0496919919184,14.59035224484687,52.52526808144873
82.80000000000001,1023.7792764065094,14.593024338793937,52.53488761965817
82.85000000000001,1024.5089938386147,14.595672945422677,52.54442260352164
82.9,1025.2388430913247,14.598297162976081,52.553869786713896
82.95,1025.968822849924,14.600893180993722,52.5632154515774
83.0,1026.6989320894606,14.603476400471312,52.572515041696725
83.05000000000001,1027.429169733745,14.60602937091074,52.58170573527867
83.10000000000001,1028.1595342128394,14.608549792860158,52.59077925429657
83.15,1028.890023957268,14.611039984291555,52.599743943449596
83.2,1029.620637455497,14.613499944864888,52.6085998015136
83.25,1030.3513731428627,14.615927549763413,52.61733917914829
83.30000000000001,1031.0822291807654,14.618313966342136,52.62593027883169
83.35000000000001,1031.8132033394832,14.620652382373729,52.63434857654543
83.4,1032.5442934491352,14.622952003707852,52.64262721334827
83.45,1033.2754980759576,14.625233069186285,52.650839049070626
83.5,1034.0068164956263,14.627503717559145,52.65901338321292
83.55000000000001,1034.738248187405,14.629763953588274,52.667150232917784
83.60000000000001,1035.4697928372584,14.63202204055349,52.675279345992564
83.65,1036.2014509410806,14.63430211233393,52.68348760440215
83.7,1036.9332240419544,14.636621922620105,52.69183892143238
83.75,1037.665113752613,14.638966503728554,52.7002794134228
83.80000000000001,1038.3971213402149,14.641337000349958,52.70881320125985
83.85000000000001,1039.1292480977131,14.643733299579758,52.71743987848713
83.9,1039.8614950574831,14.646145091219834,52.726122328391405
83.95,1040.593862618652,14.64855735553613,52.73480647993007
84.0,1041.3263511030177,14.650982019089295,52.74353526872146
84.05000000000001,1042.0589613720308,14.653428741433082,52.752343469159094
84.10000000000001,1042.7916940021335,14.655876462674636,52.76115526562869
84.15,1043.5245493592822,14.658337823274678,52.770016163788846
84.2,1044.257528083311,14.660811137873907,52.77892009634606
84.25,1044.990630990876,14.66330516473489,52.787898593045604
84.30000000000001,1045.7238591027528,14.66581931033711,52.7969495172136
84.35000000000001,1046.4572132179042,14.66834529571284,52.806043064566225
84.4,1047.1906936956036,14.670873812265409,52.81514572415547
84.45,1047.9243004915497,14.673398025583696,52.82423289210131
84.5,1048.6580332524886,14.675912411969886,52.83328468309159
84.55000000000001,1049.3918916146883,14.678422076018741,52.842319473667466
84.60000000000001,1050.1258751031169,14.68091746112162,52.85130286003783
84.65,1050.8599825367428,14.683379883916857,52.860167582100686
84.7,1051.594212455867,14.685816881046847,52.86894077176865
84.75,1052.3285630547184,14.68820707301685,52.87754546286066
84.80000000000001,1053.0630315558917,14.690532973912129,52.885918706083665
84.85000000000001,1053.7976153754594,14.692819808797314,52.89415131167033
84.9,1054.5323128170473,14.695077854724463,52.90228027700807
84.95,1055.2671227055046,14.6973176835618,52.91034366082248
85.0,1056.0020438069325,14.69952637356129,52.91829494482065
85.05000000000001,1056.737074478303,14.701700481257305,52.9261217325263
85.10000000000001,1057.4722132592115,14.703850755085892,52.933862718309214
85.15,1058.2074591747353,14.705985865863223,52.941549117107606
85.2,1058.9428120044292,14.70812732189858,52.94925835883489
85.25,1059.6782716918765,14.710260175991944,52.956936633571004
85.30000000000001,1060.4138370442427,14.712353918654674,52.96447410715683
85.35000000000001,1061.1495052926093,14.714376016013833,52.9717536576498
85.4,1061.8852727664862,14.716322939061008,52.97876258061963
85.45,1062.6211355305811,14.71818762473399,52.98547544904236
85.5,1063.3570902993492,14.72000312599283,52.99201125357419
85.55000000000001,1064.0931352526563,14.721795006291817,52.99846202265054
85.60000000000001,1064.8292695685275,14.723577628549931,53.004879462779755
85.65,1065.56549303328,14.725360961555586,53.01129946160011
85.7,1066.3018060282366,14.727158836708057,53.01777181214901
85.75,1067.0382101124128,14.729004530337065,53.024416309213436
85.80000000000001,1067.774708452542,14.730929074831845,53.03134466939464
85.85000000000001,1068.5113052996765,14.732944810544033,53.03860131795852
85.9,1069.2480046827882,14.735030513924759,53.046109850129135
85.95,1069.9848089699917,14.737140974216222,53.0537075071784
86.0,1070.721719043849,14.739261980066928,53.06134312824094
86.05000000000001,1071.458734675017,14.741363266655837,53.068907759961014
86.10000000000001,1072.195854229633,14.743418917981899,53.076308104734835
86.15,1072.9330749662558,14.745410546931542,53.08347796895355
86.2,1073.6703937081938,14.747339130590497,53.09042087012579
86.25,1074.407806571776,14.749175412694111,53.0970314856988
86.30000000000001,1075.1453083050349,14.750893917659937,53.10321810357578
86.35000000000001,1075.8828922926305,14.752465586162192,53.10887611018389
86.4,1076.6205510276502,14.75388381462448,53.11398173264813
86.45,1077.358276580595,14.75513830316578,53.11849789139681
86.5,1078.0960604001245,14.75621447802034,53.12237212087322
86.55000000000001,1078.833893781113,14.757120761516546,53.12563474145957
86.60000000000001,1079.5717672745996,14.757818977949977,53.12814832061992
86.65,1080.3096704775305,14.758309139287688,53.129912901435674
86.7,1081.0475932160634,14.758600402033478,53.13096144732052
86.75,1081.7855256060752,14.758695198439003,53.13130271438041
86.80000000000001,1082.5234581685033,14.758607298683668,53.13098627526121
86.85000000000001,1083.2613826116944,14.758370428960081,53.130133544256296
86.9,1083.9992917335398,14.757994444859253,53.12878000149331
86.95,1084.7371789351919,14.757493621224919,53.126977036409706
87.0,1085.4750379597183,14.756867359831052,53.12472249539179
87.05000000000001,1086.2128625061025,14.756114495539878,53.12201218394356
87.10000000000001,1086.9506466056027,14.755249484468525,53.11889814408669
87.15,1087.6883844796,14.75426547542522,53.11535571153079
87.2,1088.4260707138424,14.75318389426461,53.1114620193526
87.25,1089.1637018356228,14.752060976947778,53.107419517012005
87.30000000000001,1089.9012752631108,14.750876122577214,53.103154041277975
87.35000000000001,1090.638788042882,14.749635068269319,53.09868624576955
87.4,1091.3762384195331,14.748379997781587,53.094167992013716
87.45,1092.1136261222975,14.74712811279148,53.08966120604933
87.5,1092.850951399158,14.74588296162517,53.08517866185061
87.55000000000001,1093.5882147378618,14.744650586522054,53.080742111479395
87.60000000000001,1094.3254166176932,14.743424606735793,53.076328584248856
87.65,1095.0625574144622,14.742207264021008,53.07194615047563
87.7,1095.7996372337632,14.740985508020506,53.06754782887382
87.75,1096.5366559706354,14.739763966865544,53.06315028071596
87.80000000000001,1097.273614694831,14.738585000954547,53.05890600343637
87.85000000000001,1098.010515563078,14.737449728925473,53.0548190241317
87.9,1098.7473611948735,14.736375542899433,53.050951954437956
87.95,1099.4841535865382,14.735320123693885,53.04715244529799
88.0,1100.2208924580802,14.73423473799038,53.04324505676537
88.05000000000001,1100.9575761583214,14.73311327165502,53.03920777795807
88.10000000000001,1101.6942024969994,14.731940275460289,53.03498499165704
88.15,1102.4307681439204,14.73068560138192,53.03046816497491
88.2,1103.1672693399892,14.729362241364479,53.02570406891213
88.25,1103.903703034831,14.727985552316946,53.02074798834101
88.30000000000001,1104.6400670030537,14.726573176588978,53.01566343572032
88.35000000000001,1105.3763603817454,14.725161971079913,53.01058309588769
88.4,1106.1125828235738,14.723735702057633,53.00544852740748
88.45,1106.8487336154315,14.722295972244021,53.00026550007848
88.5,1107.5848120936773,14.720843157593457,52.99503536733645
88.55000000000001,1108.3208158547159,14.719307283950219,52.98950622222079
88.60000000000001,1109.0567391582395,14.717624856991456,52.983449485169245
88.65,1109.792572136874,14.71569428838897,52.97649943820029
88.7,1110.5283017024287,14.713488333804051,52.96855800169458
88.75,1111.2639131888582,14.71097112336967,52.959496044130816
88.80000000000001,1111.9993907502992,14.708131334272991,52.94927280338277
88.85000000000001,1112.7347193310989,14.705011897715217,52.93804283177478
88.9,1113.4698852865315,14.701626319593334,52.925854750536004
88.95,1114.2048765712523,14.698025069237696,52.9128902492557
89.0,1114.9396837771092,14.694263165037029,52.89934739413331
89.05000000000001,1115.6743019822327,14.69046503990069,52.88567414364249
89.10000000000001,1116.4087311544472,14.686701848680475,52.87212665524971
89.15,1117.1429750901484,14.683055579364481,52.85900008571213
89.2,1117.8770407028485,14.679568928636405,52.84644814309106
89.25,1118.6109367182814,14.676271688680494,52.83457807924978
89.30000000000001,1119.3446726997795,14.673167571241896,52.823403256470826
89.35000000000001,1120.0782588280692,14.670277560348982,52.81299921725633
89.4,1120.8117059825931,14.66760862060721,52.80339103418596
89.45,1121.545025522393,14.665172971382614,52.79462269697741
89.5,1122.2782293652394,14.662980742480897,52.786730672931235
89.55000000000001,1123.0113287426889,14.660994355500518,52.77957967980187
89.60000000000001,1123.7443326826299,14.659163242136735,52.77298767169225
89.65,1124.4772490441183,14.657491217395684,52.76696838262446
89.7,1125.2100852234105,14.655955954297738,52.76144143547186
89.75,1125.9428493302528,14.654608319390114,52.756589949804415
89.80000000000001,1126.6755504997213,14.65343845935311,52.7523784536712
89.85000000000001,1127.408195945088,14.652379355308353,52.74856567911007
89.9,1128.1407894943181,14.65136261390088,52.74490541004317
89.95,1128.873331843102,14.650331337459665,52.7411928148548
90.0,1129.6058210045933,14.64923512219048,52.73724643988573
90.05000000000001,1130.3382529571402,14.648042979685037,52.73295472686613
90.10000000000001,1131.0706217998902,14.646710730311913,52.72815862912289
90.15,1131.8029201777292,14.645224383252742,52.722807779709875
90.2,1132.5351396267015,14.643553575641285,52.71679287230862
90.25,1133.267274750545,14.641851378100508,52.71066496116183
90.30000000000001,1133.9993188952676,14.639914410797182,52.703691878869854
90.35000000000001,1134.731258669342,14.637676552179736,52.69563558784705
90.4,1135.4630791848733,14.635144069073036,52.68651864866293
90.45,1136.1947642552698,14.632258746786876,52.67613148843275
90.5,1136.92629045708,14.62878932562603,52.66364157225371
90.55000000000001,1137.6576251056247,14.6245966161564,52.64854781816304
90.60000000000001,1138.3887373421774,14.619892845947653,52.631614245411555
90.65,1139.1196069991336,14.614893432296665,52.613616356268
90.7,1139.8502202475995,14.60963650633819,52.59469142281748
90.75,1140.5805595045736,14.603933772623442,52.57416158144439
90.80000000000001,1141.3106040257585,14.597847074775046,52.552249469190166
90.85000000000001,1142.0403394115208,14.59156835571948,52.529646080590126
90.9,1142.7697587296725,14.585204370345002,52.50673573324201
90.95,1143.498855928217,14.578683571432808,52.483260857158115
91.0,1144.227610895739,14.571515129448361,52.4574544660141
91.05000000000001,1144.9559859875083,14.563488541322013,52.428558748759244
91.10000000000001,1145.683932024665,14.554352944942266,52.39567060179216
91.15,1146.411383448546,14.54370401030102,52.35733443708367
91.2,1147.1382506017324,14.530982117148856,52.311535621735885
91.25,1147.8644233216971,14.515926681442398,52.25733605319263
91.30000000000001,1148.5897864007063,14.49859647892654,52.19494732413555
91.35000000000001,1149.314220577694,14.478770600577722,52.1235741620798
91.4,1150.0375948566052,14.456200555873046,52.04232200114297
91.45,1150.759769888339,14.430800713474188,51.950882568507076
91.5,1151.4806158503034,14.403037765102523,51.850935954369085
91.55000000000001,1152.2000231170534,14.373252904903534,51.743710457652725
91.60000000000001,1152.9179010602168,14.341864821630882,51.63071335787117
91.65,1153.6341735349065,14.309034165961492,51.512522997461375
91.7,1154.3487772278984,14.275113553714267,51.390408793371364
91.75,1155.0616746212015,14.240782178409233,51.26681584227324
91.80000000000001,1155.7728580489738,14.206554932485865,51.14359775694911
91.85000000000001,1156.4823353291877,14.172536276070236,51.02113059385285
91.9,1157.1901125734369,14.138553493893893,50.89879257801802
91.95,1157.8961927445937,14.104653352378264,50.776752068561755
92.0,1158.6005825700756,14.07093966689762,50.65538280083143
92.05000000000001,1159.303287676457,14.037264588365232,50.53415251811484
92.10000000000001,1160.004307136353,14.00351380746535,50.41264970687526
92.15,1160.7036296717395,13.969387607993337,50.289795388776014
92.2,1161.4012328972485,13.934741412370208,50.16506908453275
92.25,1162.097086179479,13.899389876846493,50.037803556647376
92.30000000000001,1162.7911567021695,13.86343103077309,49.90835171078312
92.35000000000001,1163.4834112174437,13.826749580199154,49.776298488716954
92.4,1164.1738141235005,13.789366662070353,49.64171998345327
92.45,1164.8623423394606,13.751761976335846,49.50634311480905
92.5,1165.5489890188676,13.714105199942232,49.370778719792035
92.55000000000001,1166.2337466772397,13.676201134941813,49.234324085790526
92.60000000000001,1166.9166052735204,13.638142716285437,49.09731377862757
92.65,1167.5975667821544,13.60031762907272,48.961143464661795
92.7,1168.2766485809866,13.562954324214353,48.82663556717167
92.75,1168.9538731955113,13.52603025677362,48.693708924385035
92.80000000000001,1169.6292673992814,13.489737894028604,48.563056418502974
92.85000000000001,1170.3028605133861,13.45398667016419,48.434352012591084
92.9,1170.9746798661756,13.418787441411682,48.30763478908206
92.95,1171.6447525615702,13.384120374368685,48.18283334772727
93.0,1172.313099746372,13.349767017704991,48.05916126373797
93.05000000000001,1172.9797338057942,13.315595359179685,47.93614329304687
93.10000000000001,1173.6446566444365,13.281318186512525,47.81274547144509
93.15,1174.3078644727009,13.246994944065964,47.68918179863747
93.2,1174.9693466126505,13.21229065391883,47.56424635410779
93.25,1175.6290791438742,13.177010595029593,47.43723814210654
93.30000000000001,1176.2870353873939,13.141239145762661,47.30846092474558
93.35000000000001,1176.943185785856,13.104776792725907,47.177196453813266
93.4,1177.5974919706496,13.067470599019627,47.04289415647066
93.45,1178.249913633503,13.029395915114923,46.905825294413724
93.5,1178.9004165838624,12.990722099258683,46.76659955733126
93.55000000000001,1179.548966953963,12.951292704760503,46.62465373713781
93.60000000000001,1180.1955251889158,12.911036693358062,46.47973209608902
93.65,1180.8400545873412,12.870139243655435,46.332501277159565
93.7,1181.4825225244829,12.828578242012817,46.18288167124614
93.75,1182.1228962076216,12.786369083538766,46.03092870073956
93.80000000000001,1182.7611455036013,12.743602755651972,45.8769699203471
93.85000000000001,1183.397247933394,12.70049443605731,45.72177996980632
93.9,1184.0311861862644,12.657035678754669,45.56532844351681
93.95,1184.6629531837102,12.613644219080195,45.4091191886887
94.0,1185.292562401716,12.570724501149735,45.254608204139046
94.05000000000001,1185.9200406432467,12.528405160076952,45.10225857627703
94.10000000000001,1186.545418685356,12.486716524293929,44.952179487458146
94.15,1187.1687326620124,12.445842541960298,44.805033151057074
94.2,1187.7900251525964,12.40585708139752,44.661085493031074
94.25,1188.409340413529,12.366753355903615,44.52031208125302
94.30000000000001,1189.026720225651,12.328439128978248,44.382380864321696
94.35000000000001,1189.6422089789814,12.291111004241014,44.24799961526765
94.4,1190.2558514235357,12.254586777928552,44.11651240054279
94.45,1190.8676856649226,12.218782877555084,43.9876183591983
94.5,1191.4777502254672,12.183799544222659,43.86167835920157
94.55000000000001,1192.0860814755192,12.149450457855657,43.738021648280366
94.60000000000001,1192.6927091444386,12.115656298919655,43.61636267611076
94.65,1193.2976654593879,12.082596299049676,43.497346676578836
94.7,1193.9009892873864,12.05035682089452,43.38128455522027
94.75,1194.5027192842792,12.018843054821524,43.26783499735749
94.80000000000001,1195.102887009919,11.987865970768969,43.15631749476829
94.85000000000001,1195.701522569542,11.957556414155817,43.04720309096094
94.9,1196.298659397331,11.927916697403985,42.94050011065435
94.95,1196.894326634687,11.898772796837957,42.835582068616645
95.0,1197.4885458439808,11.869995574910739,42.73198406967866
95.05000000000001,1198.0813388292872,11.841723837346171,42.630205814446214
95.10000000000001,1198.6727290041208,11.813883155997624,42.52997936159145
95.15,1199.2627380728513,11.786479593223646,42.43132653560513
95.2,1199.8513867087588,11.759465843072114,42.334077035059615
95.25,1200.4386933184064,11.732798542828796,42.238074754183664
95.30000000000001,1201.024674979924,11.706467917870956,42.14328450433544
95.35000000000001,1201.6093470981089,11.680416809528879,42.049500514303965
95.4,1202.1927243479975,11.654673186017678,41.95682346966365
95.45,1202.7748234297337,11.629290083434615,41.865444300364615
95.5,1203.355662178292,11.604259858894556,41.7753354920204
95.55000000000001,1203.9352571547643,11.57953919999282,41.68634111997415
95.60000000000001,1204.513620843264,11.555008340003333,41.598030024012
95.65,1205.090760520318,11.530578742156912,41.51008347176489
95.7,1205.6666801916072,11.506208109404836,41.422349193857414
95.75,1206.2413817345623,11.48185360880099,41.33467299168356
95.80000000000001,1206.814863835911,11.457430445143359,41.2467496025161
95.85000000000001,1207.3871248250182,11.433009119149693,41.1588328289389
95.9,1207.958167094876,11.408681675165386,41.07125403059539
95.95,1208.5279949677686,11.3844332405332,40.98395966591952
96.0,1209.096609740999,11.360157688685138,40.8965676792665
96.05000000000001,1209.6640098113419,11.335845125035426,40.809042450127535
96.10000000000001,1210.2301964642916,11.31162099294831,40.72183557461392
96.15,1210.7951741398333,11.287486028724697,40.63494970340891
96.2,1211.3589489639182,11.26350693467601,40.54862496483364
96.25,1211.9215305606633,11.239756935131448,40.46312496647321
96.30000000000001,1212.4829301407635,11.216226268872711,40.37841456794176
96.35000000000001,1213.0431592851526,11.19293950669134,40.29458222408883
96.4,1213.6022305648912,11.16991168285588,40.21168205828117
96.45,1214.1601572832972,11.14715705338204,40.129765392175344
96.5,1214.7169524635221,11.124650155619715,40.048740560230975
96.55000000000001,1215.272630484039,11.10247066504952,39.96889439417827
96.60000000000001,1215.8272079789992,11.080629133367138,39.8902648801217
96.65,1216.38070160882,11.059116059461292,39.81281781406065
96.7,1216.9331257619021,11.037850063825665,39.7362602297724
96.75,1217.4844928744858,11.016834439518032,39.66060398226492
96.80000000000001,1218.0348173459322,10.996144418337304,39.5861199060143
96.85000000000001,1218.5841147787482,10.975752894300237,39.512710419480854
96.9,1219.1324017246488,10.955724941725979,39.44060979021353
96.95,1219.6796971362078,10.936091520629894,39.36992947426762
97.0,1220.2260199599748,10.916821430049172,39.30055714817702
97.05000000000001,1220.7713889381002,10.897937694970762,39.232575701894746
97.10000000000001,1221.3158223153168,10.879397393692084,39.165830617291505
97.15,1221.8593365666075,10.861172657929874,39.100221568547546
97.2,1222.4019484825144,10.84330397835108,39.03589432206389
97.25,1222.9436769367962,10.82583419292288,38.97300309452237
97.30000000000001,1223.484543243672,10.808818082109553,38.91174509559439
97.35000000000001,1224.024572477683,10.792351278328328,38.85246460198198
97.4,1224.5637932941272,10.776481379439737,38.79533296598306
97.45,1225.1022342578626,10.76115716997466,38.74016581190878
97.5,1225.6399204322024,10.746289803619215,38.68664329302917
97.55000000000001,1226.176875010202,10.731893316360525,38.63481593889789
97.60000000000001,1226.7131189619267,10.717864752631922,38.58431310947492
97.65,1227.248667936451,10.70409422833998,38.53473922202393
97.7,1227.783533334006,10.690521673863666,38.485878025909194
97.75,1228.3177243990622,10.677120928377935,38.43763534216057
97.80000000000001,1228.8512455385533,10.663724651266318,38.38940874455874
97.85000000000001,1229.3840954961104,10.650273651016775,38.34098514366039
97.9,1229.9162727544517,10.636816682634713,38.29254005748497
97.95,1230.4477765211343,10.623333984664374,38.244002344791745
98.0,1230.9786042531753,10.609775296973924,38.19519106910612
98.05000000000001,1231.508753822863,10.59620749052967,38.146346965906815
98.10000000000001,1232.0382262346152,10.582688979566486,38.09768032643935
98.15,1232.5670216311394,10.569126881397398,38.048856773030636
98.2,1233.0951372790478,10.555499034942244,37.99979652579208
98.25,1233.6225710883216,10.54185333601135,37.95067200964086
98.30000000000001,1234.1493202934607,10.528114869549874,37.90121353037955
98.35000000000001,1234.6753795044267,10.51425356909023,37.851312848724824
98.4,1235.2007438237101,10.500319202245338,37.80114912808322
98.45,1235.7254096134154,10.486312385962432,37.75072458946475
98.5,1236.2493712508842,10.472153112786456,37.699751206031245
98.55000000000001,1236.7726217362,10.457866299846396,37.64831867944702
98.60000000000001,1237.2951562447668,10.443514042818295,37.59665055414586
98.65,1237.816970226723,10.429045235433822,37.544562847561764
98.7,1238.3380560652754,10.414388306661003,37.49179790397961
98.75,1238.8584080616386,10.399691547869551,37.43888957233039
98.80000000000001,1239.3780253799998,10.385001186576735,37.38600427167625
98.85000000000001,1239.8969067341213,10.370252978287912,37.332910721836484
98.9,1240.415049319365,10.355450431452873,37.27962155323034
98.95,1240.932454206122,10.340745038828857,37.22668213978388
99.0,1241.449125098101,10.326090640332197,37.17392630519591
99.05000000000001,1241.9650626148511,10.31141002967267,37.12107610682161
99.10000000000001,1242.4802675976225,10.296789281180043,37.068441412248156
99.15,1242.9947373036625,10.281998960424353,37.01519625752767
99.2,1243.5084582253664,10.266837907731249,36.960616467832494
99.25,1244.021408653478,10.251179216729374,36.90424518022575
99.30000000000001,1244.5335629218307,10.234991517383277,36.845969462579795
99.35000000000001,1245.0448859350558,10.217929011624374,36.78454444184775
99.4,1245.5553253650353,10.19964818755624,36.71873347520247
99.45,1246.0648178984943,10.18005315080742,36.64819134290671
99.5,1246.5732898465806,10.158824772645252,36.57176918152291
99.55000000000001,1247.0806535206584,10.135722190466565,36.48859988567963
99.60000000000001,1247.5868146478265,10.110722896256949,36.39860242652502
99.65,1248.091682718528,10.083999931810634,36.302399754518284
99.7,1248.5951684339097,10.055428683451256,36.19954326042452
99.75,1249.0971804303674,10.025051174851978,36.09018422946712
99.80000000000001,1249.5976353069545,9.993143888628776,35.97531799906359
99.85000000000001,1250.0964578868477,9.95975930709589,35.855133505545204
99.9,1250.5935790994404,9.925089196607935,35.73032110778857
99.95,1251.088943776282,9.889497877049415,35.602192357377895
100.0,1251.5825165123003,9.853411563684135,35.47228162926289
100.05000000000001,1252.0742742328785,9.816897259438267,35.34083013397776
100.10000000000001,1252.5642009775584,9.7801725277609,35.20862109993924
100.15,1253.05229935771,9.743762678296639,35.0775456418679
100.2,1253.5385836695602,9.707609795718522,34.94739526458668
100.25,1254.0230690711735,9.671806268811046,34.81850256771977
100.30000000000001,1254.5057735579312,9.636373201500822,34.69094352540296
100.35000000000001,1254.9867102753922,9.601095496937269,34.56394378897417
100.4,1255.46588174251,9.565763187773722,34.4367474759854
100.45,1255.9432820106697,9.530247538616559,34.308891139019615
100.5,1256.4189064400746,9.494729637580047,34.18102669528817
100.55000000000001,1256.892753982671,9.459172066271789,34.05301943857844
100.60000000000001,1257.3648269175485,9.423745328827467,33.92548318377888
100.65,1257.8351455097672,9.388998359924393,33.80039409572782
100.7,1258.3037557823568,9.355412543662375,33.67948515718455
100.75,1258.7707247397004,9.323345750085902,33.56404470030925
100.80000000000001,1259.2361403253567,9.29327767616637,33.45579963419893
100.85000000000001,1259.7001147989474,9.26570126745885,33.35652456285186
100.9,1260.1627721127347,9.240591284036682,33.26612862253206
100.95,1260.624233991338,9.217883860098514,33.18438189635465
101.0,1261.0846145841658,9.19733985301473,33.11042347085303
101.05000000000001,1261.5440120978308,9.178560693587356,33.04281849691448
101.10000000000001,1262.0025055049136,9.161175589730654,32.980232123030355
101.15,1262.4601516933076,9.144671946023333,32.920819005684
101.2,1262.9169855379046,9.128681837856293,32.86325461628265
101.25,1263.3730200563593,9.112698900337154,32.805716041213756
101.30000000000001,1263.8282426802566,9.096206055555934,32.74634180000136
101.35000000000001,1264.2826211146707,9.078931321005442,32.68415275561959
101.4,1264.7361063075273,9.060476393253214,32.617715015711575
101.45,1265.1886291188812,9.040436060902653,32.54556981924955
101.5,1265.6401017646467,9.018469769721865,32.466491170998715
101.55000000000001,1266.090419772668,8.994250551123766,32.37930198404556
101.60000000000001,1266.5394656208084,8.967583374495346,32.283300148183244
101.65,1266.9871143660105,8.938366433584905,32.17811916090566
101.7,1267.4332503503056,8.907072938223482,32.065462577604535
101.75,1267.8777849063158,8.874309302190596,31.947513487886148
101.80000000000001,1268.3206607146485,8.840723031117424,31.826602912022725
101.85000000000001,1268.7618567831437,8.807119708689758,31.70563095128313
101.9,1269.2013892139817,8.774177524828056,31.587039089381005
101.95,1269.6393000681387,8.742256641455056,31.4721239092382
102.0,1270.0756457932873,8.711572364489422,31.36166051216192
102.05000000000001,1270.5104979547361,8.682514093458817,31.257050736451742
102.10000000000001,1270.9439388011779,8.655119764212664,31.15843115116559
102.15,1271.376044722489,8.629117088237145,31.064821517653723
102.2,1271.8068784695395,8.604232793778447,30.97523805760241
102.25,1272.2364911882928,8.580275956359342,30.888993442893632
102.30000000000001,1272.6649246089862,8.557060871381132,30.805419136972077
102.35000000000001,1273.0922141759345,8.534521806550636,30.72427850358229
102.4,1273.5184029192294,8.513027925244973,30.646900530881904
102.45,1273.943548739563,8.492804888098254,30.574097597153717
102.5,1274.367719438967,8.474023088062072,30.50648311702346
102.55000000000001,1274.7909959408314,8.45703698650921,30.44533315143316
102.60000000000001,1275.21347172433,8.4419943534321,30.391179672355563
102.65,1275.6352379861578,8.428656119681266,30.343162030852557
102.7,1276.056372889326,8.416740007042486,30.300264025352952
102.75,1276.4769409579355,8.405982737339382,30.26153785442178
102.80000000000001,1276.896989030275,8.395940156240062,30.225384562464225
102.85000000000001,1277.3165430814643,8.386221891329017,30.19039880878446
102.9,1277.7356159883484,8.376694384035735,30.15609978252865
102.95,1278.1542154173708,8.36728277685799,30.122217996688768
103.0,1278.5723367632793,8.357571059485998,30.087255814149596
103.05000000000001,1278.989957469359,8.347257183707047,30.050125861345368
103.10000000000001,1279.4070402801713,8.336055248782003,30.009798895615212
103.15,1279.8235276023888,8.3234376399249,29.964375503729645
103.2,1280.239345127234,8.309263353876418,29.913348073955103
103.25,1280.6544179748048,8.293650548960352,29.857141976257267
103.30000000000001,1281.0686715676372,8.276493164341616,29.79537539162982
103.35000000000001,1281.4820226497347,8.257550119555221,29.727180430398796
103.4,1281.8943817378668,8.236813405720868,29.652528260595126
103.45,1282.305666036392,8.214558535289353,29.57241072704167
103.5,1282.7158070061942,8.191080256794054,29.487888924458595
103.55000000000001,1283.1247556427484,8.166865205375274,29.400714739350985
103.60000000000001,1283.5324902470657,8.142518967319388,29.313068282349796
103.65,1283.9390161724498,8.118518048049342,29.226664972977634
103.7,1284.34435680136,8.095107108355114,29.142385590078412
103.75,1284.7485483483226,8.072554770153815,29.061197172553733
103.80000000000001,1285.1516360712524,8.050954147038464,28.983434929338472
103.85000000000001,1285.55366377837,8.030154137667488,28.908554895602958
103.9,1285.9546721834647,8.010182066115798,28.836655438016873
103.95,1286.3547016080813,7.99099491854709,28.767581706769523
104.0,1286.753786790778,7.972412389314767,28.700684601533162
104.05000000000001,1287.151953095032,7.954239780852697,28.63526321106971
104.10000000000001,1287.549219155692,7.936402645546689,28.57104952396808
104.15,1287.9455992292346,7.918800296159006,28.50768106617242
104.2,1288.341096622147,7.901095420334444,28.443943513204
104.25,1288.735704661339,7.883226147343322,28.37961413043596
104.30000000000001,1289.1294129828746,7.865106714076128,28.31438417067406
104.35000000000001,1289.522203488928,7.846513528059168,28.247448701013006
104.4,1289.9140555966294,7.827570779994731,28.17925480798103
104.45,1290.3049531575525,7.8083316569296635,28.10999396494679
104.5,1290.6948809079854,7.788778360381569,28.03960209737365
104.55000000000001,1291.083817846107,7.768699164484081,27.967316992142692
104.60000000000001,1291.4717398373166,7.748180483898389,27.893449742034203
104.65,1291.8586295436794,7.727407770613957,27.818667974210246
104.7,1292.2444732693893,7.706341257786929,27.742828528032945
104.75,1292.6292573787296,7.68502311582237,27.66608321696053
104.80000000000001,1293.0129722124884,7.663570234535786,27.58885284432883
104.85000000000001,1293.3956099745892,7.641940249498108,27.51098489819319
104.9,1293.777159927489,7.620057866490698,27.432208319366513
104.95,1294.1576123971577,7.59804092025236,27.352947312908494
105.0,1294.5369592952416,7.575835003106853,27.273006011184673
105.05000000000001,1294.9151903160825,7.553405830536747,27.19226098993229
105.10000000000001,1295.292296323584,7.530834469524022,27.111004090286478
105.15,1295.6682717429944,7.508182306890904,27.029456304807255
105.2,1296.0431131809287,7.485475210476457,26.947710757715246
105.25,1296.4168125272943,7.462498644144153,26.86499511891895
105.30000000000001,1296.7893582975826,7.439332167384789,26.78159580258524
105.35000000000001,1297.1607401428282,7.4159416424392965,26.697389912781468
105.4,1297.530939876473,7.392047703346889,26.611371732048802
105.45,1297.899930674914,7.367584234296163,26.523303243466188
105.5,1298.2676838279506,7.342541887166645,26.43315079379992
105.55000000000001,1298.6341693977975,7.316880906703967,26.340771264134283
105.60000000000001,1298.9993582110665,7.290671624058406,26.246417846610264
105.65,1299.3632234247211,7.263936922127945,26.1501729196606
105.7,1299.7257420241995,7.236807057002515,26.052505405209057
105.75,1300.086896896343,7.2093878287345206,25.953796183444275
105.80000000000001,1300.4466755685016,7.181759057612798,25.85433260740607
105.85000000000001,1300.8050732228003,7.154147114333558,25.754929611600808
105.9,1301.1620916611137,7.126590418204476,25.655725505536115
105.95,1301.5177346028245,7.099127250230948,25.556858100831413
106.0,1301.872006762197,7.0717591246711144,25.458332848816013
106.05000000000001,1302.224914205349,7.044538601405096,25.360338965058347
106.10000000000001,1302.5764636318456,7.017438458462387,25.26277845046459
106.15,1302.9266573234938,6.990309207466533,25.16511314687952
106.2,1303.2754942773304,6.963168945993848,25.067408205577856
106.25,1303.6229752632412,6.936070490439906,24.969853765583665
106.30000000000001,1303.9691004909769,6.908938618987583,24.872179028355298
106.35000000000001,1304.3138667551195,6.881711946721628,24.774163008197863
106.4,1304.6572691437107,6.854383596925391,24.675780948931408
106.45,1304.9993008273677,6.826883749354045,24.576781497674563
106.5,1305.339951781413,6.799154412452522,24.476955884829078
106.55000000000001,1305.6792090377876,6.771135842533813,24.376089033121726
106.60000000000001,1306.0170576618668,6.742809120632084,24.274112834275503
106.65,1306.3534853034216,6.714296541563274,24.17146754962779
106.7,1306.688485472345,6.685710215376193,24.068556775354295
106.75,1307.0220584400652,6.657208493430967,23.96595057635148
106.80000000000001,1307.3542076022618,6.628757994431034,23.86352877995172
106.85000000000001,1307.6849352475197,6.600347815887313,23.761252137194326
106.9,1308.0142482634096,6.572172819710444,23.6598221509576
106.95,1308.342159629996,6.544281843751124,23.559414637504048
107.0,1308.6686784895903,6.516472540014763,23.459301144053146
107.05000000000001,1308.993811819665,6.488860662972476,23.359898386700912
107.10000000000001,1309.3175690760588,6.461429592777723,23.261146533999803
107.15,1309.63995770723,6.434115654069208,23.16281635464915
107.2,1309.9609817934856,6.406847796160757,23.064652066178724
107.25,1310.280643258757,6.379610814694005,22.966598932898417
107.30000000000001,1310.598941820299,6.352331646985743,22.868393929148674
107.35000000000001,1310.915875193195,6.325003268860314,22.77001176789713
107.4,1311.2314447710844,6.297779846713931,22.672007448170152
107.45,1311.5456536815184,6.2705765706432395,22.574075654315664
107.5,1311.8584995532453,6.243258298437457,22.475729874374846
107.55000000000001,1312.1699796164457,6.21594422957707,22.37739922647745
107.60000000000001,1312.4800940458845,6.18863294797439,22.279078612707803
107.65,1312.7888414314634,6.161262475187198,22.180544910673913
107.7,1313.096217204297,6.133768438159281,22.081566377373413
107.75,1313.4022216533388,6.106409523505448,21.983074284619615
107.80000000000001,1313.7068626438918,6.0792300986195675,21.885228355030442
107.85000000000001,1314.0101514303917,6.0523213613787545,21.788356900963517
107.9,1314.3121028299854,6.025734622364425,21.69264464051193
107.95,1314.6127316016903,5.99941624582697,21.597898484977094
108.0,1314.9120491002714,5.97328369741807,21.503821310705053
108.05000000000001,1315.210065166261,5.947358942170047,21.41049219181217
108.10000000000001,1315.5067891258714,5.921599442239261,21.31775799206134
108.15,1315.8022233985191,5.895771463671495,21.22477726921738
108.2,1316.0963615023845,5.869752690941857,21.131109687390683
108.25,1316.3891958256643,5.84362024025135,21.03703286490486
108.30000000000001,1316.6807206637372,5.817373282663937,20.942543817590174
108.35000000000001,1316.970930027602,5.79100127192389,20.847604578926006
108.4,1317.2598187789201,5.764548780806408,20.75237561090307
108.45,1317.547385899177,5.7381360294646555,20.65728970607276
108.5,1317.8336335490421,5.711769965138585,20.562371874498908
108.55000000000001,1318.1185657023548,5.68551616736249,20.467858202504964
108.60000000000001,1318.4021895492897,5.65943771003824,20.373975756137664
108.65,1318.684512299002,5.633472278461651,20.280500202461944
108.7,1318.9655396577614,5.607622071909665,20.187439458874795
108.75,1319.2452774246326,5.581888602939641,20.09479897058271
108.80000000000001,1319.523729819256,5.556207181995839,20.002345855185023
108.85000000000001,1319.8008982942526,5.530531817868605,19.909914544326977
108.9,1320.0767878674556,5.505051110250701,19.818183996902523
108.95,1320.3514142557628,5.48000442204299,19.728015919354764
109.0,1320.6247974954344,5.455325164823195,19.639170593363502
109.05000000000001,1320.8969549594303,5.430973395013644,19.551504222049118
109.10000000000001,1321.1679039033882,5.406984363301138,19.4651437078841
109.15,1321.4376597477692,5.3832494119438605,19.3796978829979
109.2,1321.7062326246648,5.359665663880521,19.294796389969875
109.25,1321.9736280882162,5.336152878173905,19.21015036142606
109.30000000000001,1322.2398486647064,5.312670181435662,19.125612653168382
109.35000000000001,1322.5048909596985,5.289021618251826,19.040477825706574
109.4,1322.7687464156222,5.26519661869541,18.954707827303476
109.45,1323.0314085306072,5.241287980709306,18.8686367305535
109.5,1323.2928752233634,5.217379729539497,18.78256702634219
109.55000000000001,1323.5531468397,5.193484923928171,18.696545726141416
109.60000000000001,1323.812227559127,5.169743853147491,18.611077871330966
109.65,1324.0701278065967,5.146266045637261,18.52655776429414
109.7,1324.3268579434296,5.122939427676446,18.442581939635208
109.75,1324.58242830967,5.099875221938266,18.359550798977757
109.80000000000001,1324.8368567787986,5.077263543209371,18.278148755553737
109.85000000000001,1325.090167510539,5.0551657264073375,18.198596615066414
109.9,1325.34238771318,5.03364237923305,18.12111256523898
109.95,1325.593549089489,5.012812673128554,18.046125623262796
110.0,1325.8436916411147,4.992889391902311,17.97440181084832
110.05000000000001,1326.0928627101487,4.973953369459148,17.90623213005293
110.10000000000001,1326.3411179377906,4.956255736221031,17.842520650395713
110.15,1326.5885223327743,4.939920063132576,17.783712227277274
110.2,1326.83514313448,4.924912005090512,17.729683218325842
110.25,1327.081042698129,4.911070540872837,17.679853947142213
110.30000000000001,1327.3262794643204,4.898400106778775,17.63424038440359
110.35000000000001,1327.5709092608388,4.886791753954302,17.59245031423549
110.4,1327.8149826523936,4.876143908240946,17.554118069667407
110.45,1328.0585442368322,4.866319469306073,17.518750089501864
110.5,1328.3016324938612,4.857210811857113,17.485958922685608
110.55000000000001,1328.5442784976674,4.848629340385079,17.455065625386286
110.60000000000001,1328.786502241511,4.840320413356184,17.425153488082262
110.65,1329.0283148148235,4.8321825191435295,17.39585706891671
110.7,1329.2697215527785,4.824086999059997,17.36671319661599
110.75,1329.51072019409,4.81585865340098,17.337091152243527
110.80000000000001,1329.7513015576153,4.80739588761232,17.306625195404354
110.85000000000001,1329.991448405485,4.798478027177945,17.274520897840603
110.9,1330.2311337378208,4.788935266248689,17.240166958495283
110.95,1330.470325070824,4.778718053876192,17.20338499395429
111.0,1330.7089900326944,4.767880420944776,17.164369515401194
111.05000000000001,1330.9470963375293,4.756371772452975,17.12293838083071
111.10000000000001,1331.1846135562248,4.744316975372558,17.07954111134121
111.15,1331.4215132832028,4.731672103747915,17.034019573492493
111.2,1331.6577661079803,4.718440887352887,16.986387194470396
111.25,1331.8933433641398,4.704649359029151,16.936737692504945
111.30000000000001,1332.128214463943,4.690194633105181,16.88470067917865
111.35000000000001,1332.3623459277712,4.675063920015855,16.83023011205708
111.4,1332.5957023459016,4.659192805198078,16.77309409871308
111.45,1332.82824698407,4.642592721536338,16.713333797530815
111.5,1333.0599431312469,4.625253165538765,16.650911395939552
111.55000000000001,1333.2907532501656,4.607151591213384,16.585745728368185
111.60000000000001,1333.5206421298083,4.588403594495166,16.5182529401826
111.65,1333.7495790751675,4.569074219877187,16.448667191557874
111.7,1333.9775343810759,4.549138016460589,16.37689685925812
111.75,1334.2044792481122,4.528656664989845,16.303163993963445
111.80000000000001,1334.4303891378975,4.507738926421941,16.227860135118988
111.85000000000001,1334.655243626175,4.486440604675253,16.15118617683091
111.9,1334.8790243411142,4.464787992899274,16.073236774437387
111.95,1335.1017146299882,4.442823562061546,15.994164823421567
112.0,1335.3232976866682,4.4204987051346585,15.913795338484771
112.05000000000001,1335.5437570757392,4.397876857706263,15.832356687742546
112.10000000000001,1335.7630796158826,4.375024748025448,15.750089092891612
112.15,1335.9812564096935,4.3520470044134765,15.667369215888515
112.2,1336.1982818047525,4.328968797946614,15.584287672607811
112.25,1336.4141524672136,4.305857700495769,15.50108772178477
112.30000000000001,1336.6288652089809,4.282651970191649,15.417547092689938
112.35000000000001,1336.8424128522702,4.259253761382888,15.333313540978395
112.4,1337.0547831056156,4.235556372432473,15.248002940756903
112.45,1337.2659612779569,4.211570521219892,15.161653876391613
112.5,1337.4759302993696,4.187190335290278,15.073885207045002
112.55000000000001,1337.6846696651355,4.162384295350966,14.984583463263478
112.60000000000001,1337.8921566428178,4.137094811940096,14.893541322984346
112.65,1338.0983660736235,4.111282420289497,14.800616713042189
112.7,1338.303272093279,4.084958365929803,14.705850117347293
112.75,1338.506850366545,4.0581725647055,14.6094212329398
112.80000000000001,1338.7090801691443,4.031019539264184,14.511670341351063
112.85000000000001,1338.9099432845974,4.00350507885774,14.412618283887866
112.9,1339.1094212393896,3.975613112826003,14.31220720617361
112.95,1339.3074966158626,3.9474019460959155,14.210647005945296
113.0,1339.5041520964903,3.9188172790134788,14.107742204448524
113.05000000000001,1339.699369425679,3.889875888532109,14.003553198715593
113.10000000000001,1339.8931313524538,3.8606011824643924,13.898164256871812
113.15,1340.0854222125847,3.831033222773669,13.791719601985209
113.2,1340.2762266296738,3.801143460793681,13.684116458857252
113.25,1340.465533625183,3.771136359579394,13.57609089448582
113.30000000000001,1340.653337477272,3.7410177239811624,13.467663806332185
113.35000000000001,1340.839632298516,3.710775125781246,13.358790452812485
113.4,1341.0244144686098,3.68051167796692,13.249842040680912
113.45,1341.207684583577,3.6502929207178973,13.14105451458443
113.5,1341.389443579404,3.620066912369165,13.032240884528994
113.55000000000001,1341.5696908685723,3.5898246543590844,12.923368755692705
113.60000000000001,1341.7484269488266,3.559618555814379,12.814626800931764
113.65,1341.9256538972338,3.529459380474206,12.706053769707141
113.7,1342.1013728664159,3.4992993868086524,12.59747779251115
113.75,1342.2755846302528,3.4691711666695744,12.489016200010468
113.80000000000001,1342.4482908819507,3.4390789012439393,12.380684044478182
113.85000000000001,1342.6194925287123,3.4089869692222754,12.272353089200191
113.9,1342.7891913762255,3.378966931304855,12.164280952697478
113.95,1342.957392348629,3.3490719648340432,12.056659073402557
114.0,1343.1240984037543,3.3191702401836713,11.949012864661217
114.05000000000001,1343.2893096452005,3.289279417666444,11.841405903599199
114.10000000000001,1343.4530277250014,3.25944377437374,11.733997587745463
114.15,1343.6152538253818,3.2296002408377573,11.626560867015927
114.2,1343.7759837321976,3.1995960317960366,11.518545714465732
114.25,1343.935211602669,3.1695187870535313,11.410267633392714
114.30000000000001,1344.09293499679,3.139416977795078,11.301901120062281
114.35000000000001,1344.2491520324215,3.1092644474635387,11.19335201086874
114.4,1344.403860596254,3.0790781058324264,11.084681180996736
114.45,1344.5570619838768,3.0489773990832836,10.97631863669982
114.5,1344.708758919654,3.018900032005211,10.86804011521876
114.55000000000001,1344.8589537415949,2.988892845628572,10.760014244262859
114.60000000000001,1345.0076508156403,2.958990116187524,10.652364418275086
114.65,1345.1548559220878,2.9292141417105806,10.54517091015809
114.7,1345.300573864879,2.899503569935897,10.43821285176923
114.75,1345.4448078921996,2.8698575228935206,10.331487082416674
114.80000000000001,1345.5875624737287,2.8403257382644553,10.22517265775204
114.85000000000001,1345.7288412816497,2.810826578580219,10.118975682888788
114.9,1345.868645238785,2.7813317068295835,10.0127941445865
114.95,1346.0069754977794,2.751878652953932,9.906763150634156
115.0,1346.143835104279,2.7225056070363602,9.801020185330897
115.05000000000001,1346.2792271604994,2.6931766417746568,9.695435910388765
115.10000000000001,1346.4131531164653,2.6638615968568504,9.589901748684662
115.15,1346.5456144534587,2.6345918828837034,9.484530778381332
115.2,1346.6766121289481,2.605315136693526,9.379134492096693
115.25,1346.8061469456927,2.5760775330882613,9.27387911911774
115.30000000000001,1346.9342188058868,2.5467968746765988,9.168468748835755
115.35000000000001,1347.0608267227258,2.517519798886785,9.063071275992426
115.4,1347.1859693573392,2.4881855856486874,8.957468108335275
115.45,1347.3096452552518,2.458850330858196,8.851861191089506
115.5,1347.4318563711845,2.429594306449169,8.746539503217008
115.55000000000001,1347.5526053903056,2.4003664584002977,8.641319250241072
115.60000000000001,1347.6718929322174,2.371135218072069,8.53608678505945
115.65,1347.7897185944776,2.341891272336039,8.43080858040974
115.7,1347.9060821096489,2.312649334518608,8.325537604266989
115.75,1348.0209811922414,2.2833139691821973,8.219930289055911
115.80000000000001,1348.134410908621,2.253874685999045,8.113948869596562
115.85000000000001,1348.246367087703,2.224372477277607,8.007740918199385
115.9,1348.3568464842292,2.1948033837743983,7.901292181587834
115.95,1348.465846713422,2.1652057839388803,7.794740822179969
116.0,1348.5733654679002,2.135544395186346,7.687959822670846
116.05000000000001,1348.6794024500252,2.1059348898118904,7.581365603322806
116.10000000000001,1348.7839605992403,2.0763910787888147,7.475007883639733
116.15,1348.8870436938096,2.046932703977995,7.368957734320782
116.2,1348.9886571958598,2.017607378029115,7.263386560904815
116.25,1349.0888052612913,1.9883152392323558,7.157934861236481
116.30000000000001,1349.187487720279,1.9589831202794046,7.052339233005856
116.35000000000001,1349.2847029926036,1.929627772703134,6.946659981731282
116.4,1349.3804498533123,1.9002466556416286,6.840887960309863
116.45,1349.4747268581386,1.870833537412922,6.735000734686519
116.5,1349.5675321034078,1.84137627334779,6.628954584052044
116.55000000000001,1349.6588652572182,1.8119498790650836,6.523019564634302
116.60000000000001,1349.7487285195848,1.7825806156007298,6.417290216162628
116.65,1349.8371238032644,1.753230731584822,6.311630633705359
116.7,1349.924052113496,1.7239016776724578,6.2060460396208486
116.75,1350.0095148209607,1.6946066209210295,6.100583835315707
116.80000000000001,1350.0935139503777,1.6653585557585515,5.9952908007307855
116.85000000000001,1350.1760515807705,1.6361466599579129,5.890127975848486
116.9,1350.2571287467106,1.6069399776478868,5.784983919532393
116.95,1350.3367434195113,1.577646934385075,5.67952896378627
117.0,1350.4148942321312,1.5483855704154066,5.5741880534954635
117.05000000000001,1350.4915840086805,1.519205491558357,5.469139769610085
117.10000000000001,1350.5668180521752,1.4901562482252175,5.364562493610784
117.15,1350.6406046238421,1.4613066184525345,5.260703826429125
117.2,1350.712951817745,1.4325811376675044,5.157292095603016
117.25,1350.783867840908,1.404059788849819,5.0546152398593485
117.30000000000001,1350.8533595747258,1.3756095638661263,4.9521944299180545
117.35000000000001,1350.9214306701429,1.3472342528203098,4.850043310153116
117.4,1350.9880851810424,1.3189461831612705,4.7482062593805745
117.45,1351.0533246602793,1.2906329863143926,4.646278750731813
117.5,1351.1171484379138,1.262318119062479,4.544345228624925
117.55000000000001,1351.1795559140196,1.233980925172375,4.44233133062055
117.60000000000001,1351.24054486591,1.2055771504391757,4.340077741581033
117.65,1351.3001118419409,1.177101890801021,4.237566806883676
117.7,1351.358256086822,1.1486679044376173,4.135204455975423
117.75,1351.4149786088922,1.1202329783671765,4.032838722121835
117.80000000000001,1351.4702795984128,1.091806602457353,3.930503768846471
117.85000000000001,1351.5241601464895,1.0634153206107673,3.8282951541987624
117.9,1351.5766218515585,1.0350528821434994,3.726190375716598
117.95,1351.6276662732216,1.0067239843786653,3.6242063437631953
118.0,1351.677293863607,0.9783796310335747,3.522166671720869
118.05000000000001,1351.7255058371272,0.9500993097738977,3.4203575151860317
118.10000000000001,1351.772304108632,0.9218315504171875,3.318593581501875
118.15,1351.817688065432,0.8935267215847398,3.216696197705063
118.2,1351.8616576602417,0.8652570708013014,3.1149254548846854
118.25,1351.9042144064247,0.8370127765151181,3.013245995454425
118.30000000000001,1351.9453577785416,0.8087221081619519,2.9113995893830267
118.35000000000001,1351.9850851081285,0.7803710753149946,2.809335871133981
118.4,1352.0233940406065,0.7519862238063982,2.707150405703034
118.45,1352.0602820970907,0.7235360355615239,2.604729728021486
118.5,1352.0957472424714,0.6950697796663325,2.5022512067987974
118.55000000000001,1352.129791588116,0.6667040461158509,2.4001345660170634
118.60000000000001,1352.1624214943838,0.6384922045951721,2.2985719365426194
118.65,1352.1936429905704,0.6103676428728367,2.1973235143422123
118.7,1352.2234639228861,0.5824696497593306,2.09689073913359
118.75,1352.2518974178554,0.5548701490072924,1.9975325364262526
118.80000000000001,1352.278960408697,0.5276494846594952,1.8995381447741828
118.85000000000001,1352.304673431522,0.5008714283365461,1.8031371420115658
118.9,1352.3290619002437,0.47466732053885446,1.708802353939876
118.95,1352.3521547041312,0.4490448349574459,1.6165614058468052
119.0,1352.37397584382,0.42380075260142347,1.5256827093651246
119.05000000000001,1352.3945525557479,0.39926772450835984,1.4373638082300955
119.10000000000001,1352.4139307336825,0.3758593928755213,1.3530938143518767
119.15,1352.432170571006,0.35373410006513845,1.2734427602344984
119.2,1352.4493392930945,0.33301478347122293,1.1988532204964026
119.25,1352.465508700924,0.31376152971170274,1.12954150696213
119.30000000000001,1352.4807491553613,0.2958566477845616,1.0650839320244219
119.35000000000001,1352.4951244699912,0.2791559374121665,1.0049613746837993
119.4,1352.508692063712,0.26354781142560996,0.9487721211321959
119.45,1352.5214991682928,0.2487363718106778,0.89545093851844
119.5,1352.53357773761,0.2344064008671537,0.8438630431217533
119.55000000000001,1352.5449423377142,0.22017760330436736,0.7926393718957225
119.60000000000001,1352.5555881056819,0.20565311540443582,0.7403512154559689
119.65,1352.5655664205303,0.19347947853479452,0.6965261227252603
119.7,1352.5748606615102,0.17829016065962303,0.6418445783746429
119.75,1352.5833389668687,0.16084205368200383,0.5790313932552138
119.80000000000001,1352.5908705001787,0.14041927871658066,0.5055094033796904
119.85000000000001,1352.5972886310685,0.1163059568779981,0.4187014447607932
119.9,1352.6023909352225,0.08778620928090072,0.31603035341124264
119.95,1352.6059391943804,0.054144157039933166,0.1949189653437594
120.0,1352.6076593963382,0.014663921269739866,0.05279011657106352
