t_ref_s,v_ref_mps,v_ref_kmh,s_ref_m
0.0,0.0,0.0,0.0
0.05,0.1018048023739226,0.36649728854612135,0.002545120059348065
0.1,0.13785927275638837,0.49629338192299816,0.00853672193760584
0.15,0.1726660403629992,0.6215977453067971,0.01629985476559053
0.2,0.20627524607291314,0.7425908858624873,0.02577338692648834
0.24999999999999997,0.23873703076528818,0.8594533107550375,0.036898693847443376
0.3,0.2701015353192824,0.9723655271494166,0.04961965799955764
0.35000000000000003,0.30041890061405374,1.0815080422105936,0.06388266889789104
0.4,0.3297392675287603,1.1870613631035372,0.0796366231014614
0.44999999999999996,0.35811277694256005,1.2892059969932161,0.09683292421324441
0.49999999999999994,0.385589569734611,1.3881224510445997,0.11542548288017368
0.55,0.4122197867840713,1.4839912324226567,0.13537071679314075
0.6,0.43805356897009873,1.5769928482923554,0.156627550686995
0.65,0.4631410571718515,1.6673078058186654,0.17915741634054375
0.7000000000000001,0.4875323922684876,1.7551166121665553,0.20292425257655222
0.75,0.511277715139165,1.8405997745009939,0.22789450526174354
0.8,0.5344271666630418,1.9239377999869505,0.2540371273067987
0.8500000000000001,0.5570308877192759,2.0053111957893934,0.28132357866635666
0.8999999999999999,0.5791390191870254,2.0849004690732915,0.3097278263390142
0.9500000000000001,0.6008017019454484,2.162886127003614,0.339226344367326
0.9999999999999999,0.6220690768737027,2.23944867674533,0.3697981138378048
1.05,0.6429912848509466,2.3147686254634077,0.40142462288092107
1.1,0.6636184667563377,2.389026480322816,0.43408986667110316
1.15,0.6840007634690346,2.4624027484885245,0.46778034742673746
1.2,0.704188315868195,2.535077937125502,0.5024850744101682
1.25,0.7242312648329634,2.6072325533986684,0.5381955639276972
1.3,0.7427704415099231,2.673973589435723,0.5748706065862693
1.35,0.7628882370558139,2.7463976534009302,0.6125120735504127
1.4000000000000001,0.7816631684120039,2.813987406283214,0.6511258586871081
1.45,0.8020705766583209,2.8874540759699556,0.6907192023138663
1.5,0.8240145743831967,2.9664524677795083,0.7313713310899043
1.55,0.8461432371690654,3.0461156538086356,0.7731252763787109
1.6,0.8686771563971336,3.1272377630296813,0.8159957862178658
1.6500000000000001,0.8905351448755433,3.205926521551956,0.8599760937496828
1.7000000000000002,0.9125480380831403,3.2851729370993055,0.9050531733236499
1.75,0.9360368675772016,3.369732723277926,0.9512677959651584
1.7999999999999998,0.9596644947286908,3.454792181023287,0.9986603300228057
1.85,0.982747375679813,3.5378905524473265,1.0472206267830184
1.9000000000000001,1.006037949771084,3.621736619175903,1.0969402599192908
1.95,1.0303119990134222,3.70912319644832,1.1478490086389035
1.9999999999999998,1.0546027215917613,3.7965697977303408,1.199971876654033
2.0500000000000003,1.0790526902584727,3.8845896849305017,1.253313261950289
2.1,1.1029176450454181,3.970503522163505,1.3078625203328862
2.15,1.1271014695186035,4.0575652902669725,1.3636129981969867
2.2,1.1528348446296535,4.150205440666753,1.4206114060506931
2.25,1.1786581928368605,4.243169494212697,1.4788987319873559
2.3,1.2040029219234631,4.334410518924467,1.538465259856364
2.35,1.2295890683317117,4.426520645994162,1.5993050596127434
2.4,1.2565368285678808,4.523532582844371,1.6614582070352333
2.4499999999999997,1.2835129020161278,4.62064644725806,1.7249594502998336
2.5,1.3098529978028697,4.715470792090331,1.7897935977953086
2.5500000000000003,1.3364669767277724,4.8112811162199804,1.8559515971585747
2.6,1.3644114249473114,4.911881129810321,1.9234735572004518
2.6500000000000004,1.3925114070785283,5.013041065482702,1.9923966280010978
2.7,1.4210886241288698,5.115919046863931,2.0627366287812827
2.75,1.4489243496140318,5.216127658610515,2.1344869531248554
2.8000000000000003,1.477070765413055,5.317454755486998,2.2076368310005323
2.85,1.5063666347041673,5.422919884935003,2.282222766003463
2.9,1.5356140569435026,5.52821060499661,2.3582722832946548
2.9499999999999997,1.5642101494685627,5.631156538086826,2.4357678884549565
3.0,1.5927506222614527,5.73390224014123,2.514691907748207
3.05,1.6223047080467095,5.840296948968154,2.595068291005911
3.1,1.6515935934121762,5.945736936283835,2.676915748542383
3.1500000000000004,1.6810139149999304,6.05165009399975,2.7602309362526856
3.2,1.7094952446387033,6.154182880699332,2.8449936652436514
3.25,1.7379846278133562,6.256744660128082,2.931180662054953
3.3000000000000003,1.7673957633367476,6.3626247480122915,3.0188151718337055
3.35,1.7966963514965393,6.468106865387542,3.1079174747045375
3.4000000000000004,1.8249589143833287,6.569852091779984,3.198458856351534
3.45,1.8529620653292411,6.6706634351852685,3.2904068808443485
3.5,1.8819746137448334,6.775108609481401,3.3837802978212004
3.55,1.9105911547008376,6.878128156923015,3.478594442032342
3.5999999999999996,1.939394374101805,6.981819746766498,3.574844080252408
3.65,1.9672156283896831,7.0819762622028595,3.6725093303146954
3.7,1.9950431745024675,7.182155428208883,3.771565800386999
3.7500000000000004,2.0239553053925587,7.286239099413212,3.872040762384375
3.8000000000000003,2.053218142602914,7.391585313370491,3.9739700985842616
3.85,2.0813702210443528,7.49293279575967,4.077334807675443
3.9,2.1093695968953217,7.593730548823158,4.182103303123935
3.9499999999999997,2.1384110877054816,7.698279915739734,4.288297820238956
3.9999999999999996,2.1674913361570627,7.802968810165426,4.39594538083552
4.050000000000001,2.195443586239486,7.9035969104621495,4.505018753895434
4.1000000000000005,2.2231352289342987,8.003286824163476,4.6154832242747785
4.15,2.2518504886230795,8.106661759043087,4.727357867213713
4.2,2.2803640324053713,8.209310516659338,4.840663230239424
4.25,2.308932377982596,8.312156560737346,4.955395640499123
4.3,2.336388140161681,8.410997304582052,5.07152865345273
4.3500000000000005,2.363974268952819,8.510307368230148,5.189037713680593
4.4,2.392606916980583,8.613384901130098,5.307952243328928
4.45,2.4213740213065895,8.716946476703722,5.428301766786107
4.5,2.4477048681107196,8.811737525198591,5.550028739021539
4.55,2.4746280902297553,8.90866112482712,5.673087062980051
4.6,2.5027346787771236,9.009844843597646,5.797521132205223
4.65,2.5308676300708477,9.111123468255052,5.923361189926423
4.7,2.559277799169934,9.213400077011762,6.050614825657442
4.75,2.586718146377999,9.312185326960796,6.17926472429614
4.8,2.614647305463016,9.412730299666858,6.309298860592166
4.85,2.6436902433929044,9.517284876214456,6.440757299313564
4.8999999999999995,2.6727652067115644,9.621954744161632,6.573668685566176
4.949999999999999,2.7008058569339175,9.722901084962103,6.708007962157313
5.0,2.729107429135124,9.824786744886445,6.84375579430904
5.05,2.7585483249903207,9.930773969965154,6.980947188162176
5.1000000000000005,2.7886547700840807,10.03915717230269,7.1196272655390365
5.15,2.817127857432227,10.141660286756018,7.259771831226944
5.2,2.8462328327556894,10.246438197920481,7.401355848481642
5.25,2.8762074641176683,10.354346870823607,7.544416855903476
5.300000000000001,2.9055631686636367,10.460027407189093,7.6889611217230085
5.3500000000000005,2.935109578422508,10.566394482321028,7.8349779404001625
5.4,2.964030077439724,10.670508278783007,7.982456431796718
5.45,2.9926413961810567,10.773509026251805,8.131373218637238
5.5,3.0222740039411415,10.88018641418811,8.281746103640293
5.55,3.0519053533362444,10.98685927201048,8.433600587572228
5.6000000000000005,3.080438905121738,11.089580058438257,8.586909194033677
5.65,3.1090823750883407,11.192696550318027,8.741647226038928
5.7,3.1387166816411503,11.299380053908141,8.897842202457166
5.75,3.168204640346644,11.405536705247918,9.055515235506862
5.8,3.1977268894978765,11.511816802192357,9.214663523752975
5.85,3.2261875190327087,11.614275068517752,9.37526138396624
5.8999999999999995,3.254556854188154,11.716404675077355,9.537279993296762
5.95,3.283968618894036,11.822287028018529,9.700743130123817
6.0,3.3134163099201306,11.92829871571247,9.86567775334417
6.05,3.3415820416216166,12.02969534983782,10.032052712132714
6.1,3.3700170005108316,12.132061201838994,10.199842688186026
6.15,3.399348670285659,12.237655213028372,10.369076829955938
6.2,3.4285557619273463,12.342800742938447,10.539774440761263
6.25,3.4578935347723325,12.448416725180397,10.711935673178756
6.300000000000001,3.486284010459463,12.550622437654066,10.88554011180955
6.3500000000000005,3.5143565602340896,12.651683616842723,11.06055612607689
6.4,3.5435008594632147,12.756603094067573,11.237002561569321
6.45,3.5725649379247875,12.861233776529236,11.414904206504021
6.5,3.600470817257652,12.961694942127547,11.594230100383582
6.55,3.628174666092783,13.06142879793402,11.774946237467343
6.6000000000000005,3.6567960517539646,13.164465786314272,11.957070505413512
6.65,3.685256366697552,13.266922920111188,12.1406218158748
6.7,3.712477003379897,13.36491721216763,12.325565150126737
6.75,3.7396675651391917,13.46280323450109,12.511868764339715
6.800000000000001,3.7676208219135994,13.563434958888958,12.699550974016034
6.85,3.795406779063754,13.663464404629513,12.888626664040467
6.9,3.823192547459162,13.763493170852984,13.07909164720354
6.949999999999999,3.8497380084108377,13.859056830279016,13.27091491110029
7.0,3.8759272262363322,13.953338014450797,13.46405654196647
7.050000000000001,3.9045917108981207,14.056530159233235,13.65856951539483
7.1,3.9328834049342247,14.15838025776321,13.85450639329064
7.15,3.9601030978428353,14.256371152234207,14.051831055860067
7.199999999999999,3.987321846977709,14.354358649119753,14.25051667948058
7.25,4.0155206736782,14.45587442524152,14.450587742496976
7.3,4.0437938068308314,14.557657704590994,14.652070604509703
7.3500000000000005,4.071914489065989,14.658892160637562,14.854963311907124
7.4,4.099345650209691,14.757644340754888,15.059244815389016
7.45,4.12687282460146,14.856742168565255,15.264900277259295
7.500000000000001,4.155568327960035,14.960045980656126,15.471961306073332
7.55,4.184200850151301,15.063123060544685,15.680455535526116
7.6000000000000005,4.211850463455742,15.162661668440673,15.890356818366293
7.6499999999999995,4.238631804923146,15.259074497723326,16.101618875075765
7.7,4.267013786646652,15.361249631927949,16.31426001486501
7.750000000000001,4.294762999539357,15.461146798341684,16.52830443451966
7.8,4.321307768390293,15.556707966205055,16.743706203717903
7.8500000000000005,4.3484350343910325,15.654366123807717,16.960449773787435
7.8999999999999995,4.37644447716185,15.75520011778266,17.178571761576258
7.95,4.404112085085522,15.85480350630788,17.39808567563244
7.999999999999999,4.432176707160767,15.955836145778763,17.6189928954386
8.05,4.459347827181102,16.053652177851966,17.841281008797147
8.100000000000001,4.486486229711925,16.15135042696293,18.064926860219472
8.15,4.514632771347446,16.252677976850805,18.289954835245958
8.200000000000001,4.542482150092655,16.35293574033356,18.51638270828196
8.25,4.569219260030969,16.449189336111488,18.74417524353505
8.3,4.596005194530555,16.545618700309998,18.97330585489909
8.350000000000001,4.62374761225236,16.645491404108494,19.203799675068662
8.4,4.651525327111888,16.745491177602798,19.435681498552768
8.450000000000001,4.679514258533512,16.846251330720644,19.668957488193904
8.5,4.706483096383117,16.943339146979223,19.90360742206682
8.55,4.733546689115807,17.040768080816903,20.139608166704292
8.6,4.761836558522689,17.14261161068168,20.376992747895255
8.65,4.789811270420026,17.243320573512094,20.615783943618823
8.700000000000001,4.81680496097801,17.340497859520838,20.855949349403772
8.75,4.8437684507764445,17.4375664227952,21.097463684697633
8.8,4.871742596409541,17.538273347074348,21.340351460877283
8.85,4.899332059867879,17.637595415524366,21.584628327284218
8.9,4.927293621851161,17.73825703866418,21.830293969327194
8.95,4.954231944349971,17.835234999659896,22.07733210848222
9.0,4.981277919972927,17.932600511902535,22.325719855090295
9.05,5.0093990426358275,18.033836553488978,22.575486779155515
9.1,5.0375286592623505,18.13510317334446,22.82665997170297
9.15,5.064600116776172,18.232560420394222,23.079213191103932
9.2,5.091670945107506,18.330015402387023,23.333119967651022
9.25,5.119798674186558,18.431275227071612,23.588406708133373
9.3,5.147678631200809,18.53164307232291,23.845093640768056
9.35,5.174644323137961,18.62871956329666,24.103151714626524
9.4,5.201630526424307,18.725869895127506,24.36255858586558
9.45,5.229498654807735,18.826195157307847,24.62333681539638
9.5,5.256959450446744,18.92505402160828,24.885498268027742
9.549999999999999,5.284859730055443,19.025495028199593,25.149043747540297
9.6,5.311624712778091,19.121848966001128,25.413955858611136
9.65,5.338401335376817,19.21824480735654,25.680206509815008
9.7,5.366246498599337,19.318487394957614,25.94782270566441
9.75,5.394182956201245,19.419058642324483,26.216833442034424
9.799999999999999,5.420922079523528,19.515319486284703,26.487211067927543
9.85,5.447774204021126,19.611987134476056,26.75892847501616
9.899999999999999,5.475796230441757,19.712866429590328,27.03201773587773
9.95,5.503487369790579,19.812554531246086,27.306499825883538
10.0,5.531244887892159,19.912481596411773,27.582368132325605
10.05,5.558073606801105,20.009064984483977,27.859601094692938
10.1,5.584717157303066,20.10498176629104,28.13817086379554
10.15,5.612409366262121,20.204673718543635,28.41809902688467
10.200000000000001,5.6405712599504145,20.306056535821494,28.699423542539982
10.25,5.667806871176037,20.404104736233734,28.982132995818144
10.3,5.695141012379685,20.50250764456687,29.266206692907037
10.350000000000001,5.723525133323659,20.604690479965175,29.55167334654962
10.4,5.75198261694604,20.707137421005744,29.838561040306363
10.450000000000001,5.779299455631199,20.80547804027232,30.126843092120794
10.5,5.806443143294943,20.903195315861794,30.416486657093948
10.55,5.834617935224292,21.004624566807454,30.70751318405693
10.600000000000001,5.86257584794913,21.10527305261687,30.999943028636263
10.65,5.890550119418724,21.205980429907406,31.29377117782046
10.700000000000001,5.917751503116857,21.303905411220683,31.58897871838385
10.75,5.944983465084033,21.40194047430252,31.885547092588872
10.8,5.973246216725569,21.50368638021205,32.18350283463411
10.85,6.001637762022933,21.60589594328256,32.482874934102824
10.9,6.028707331989286,21.70334639516143,32.78363356145313
10.950000000000001,6.054878618113797,21.79756302520967,33.08572321020571
11.0,6.082175952141747,21.89583342771029,33.389149574462095
11.05,6.109672485346223,21.994820947246406,33.69394578539929
11.1,6.137268366465966,22.094166119277478,34.0001193066946
11.15,6.163872718898761,22.18994178803554,34.30764783382872
11.200000000000001,6.190730380202279,22.286629368728203,34.616512911306245
11.25,6.218742717212551,22.387473781965184,34.92674973874161
11.3,6.246818224144884,22.488545606921583,35.23838876227555
11.35,6.273806818324694,22.5857045459689,35.55140438833729
11.4,6.301263461359266,22.684548460893357,35.865781145329386
11.45,6.329729376027018,22.787025753697264,36.18155596626404
11.5,6.35812847151427,22.889262497451373,36.498752412452575
11.55,6.386717894704931,22.99218442093775,36.81737357160805
11.6,6.414330260405927,23.091588937461335,37.137399775485825
11.65,6.442027817416151,23.191300142698143,37.458808727431375
11.7,6.470946177212898,23.295406237966436,37.7816330772971
11.75,6.500228707835211,23.40082334820676,38.10591244942331
11.799999999999999,6.528528581243693,23.502702892477295,38.43163138165028
11.85,6.557147324338414,23.605730367618293,38.75877327928983
11.9,6.5867161959122,23.71217830528392,39.08736986729609
11.95,6.616201008705243,23.818323631338874,39.417442797411525
12.0,6.644361014846062,23.919699653445825,39.748956848000304
12.049999999999999,6.672946033759287,24.022605721533434,40.08188952421544
12.1,6.702258639304651,24.12813110149674,40.41626964104204
12.149999999999999,6.731680848439876,24.234051054383553,40.75211812823566
12.2,6.761142381480766,24.340112573330757,41.08943870898367
12.25,6.789714502152933,24.442972207750557,41.428210131074515
12.3,6.81811787608112,24.54522435389203,41.768405940530364
12.35,6.8477601103333114,24.651936397199922,42.11005289019072
12.4,6.877549699124801,24.759178916849283,42.453185635427175
12.450000000000001,6.906512290450638,24.863444245622297,42.79778718516656
12.5,6.935784187888858,24.96882307639989,43.14384459712505
12.55,6.965881446918257,25.077173208905723,43.49138623799523
12.600000000000001,6.995720111944014,25.18459240299845,43.84042627696679
12.65,7.025434828019123,25.291565380868843,44.19095515046587
12.700000000000001,7.053857832441017,25.393888196787664,44.54293746697737
12.75,7.081896154688154,25.494826156877355,44.8963313166556
12.8,7.110840310967018,25.599025119481265,45.25114972829698
12.850000000000001,7.1395858972518464,25.70250923010665,45.607410383502454
12.9,7.167191908209687,25.801890869554875,45.96507982863899
12.950000000000001,7.194250215809458,25.89930077691405,46.32411588173947
13.0,7.222349757512929,26.000459127046547,46.68453088107253
13.05,7.250341709010509,26.101230152437832,47.046348167735616
13.1,7.276929262270806,26.196945344174903,47.40952994201765
13.15,7.303577972069192,26.292880699449093,47.77404262287615
13.200000000000001,7.33025254126794,26.388909148564583,48.13988838570958
13.25,7.357536096199345,26.487129946317644,48.507083101646266
13.3,7.38458930742094,26.584521506715387,48.875636236736774
13.35,7.410440276739485,26.677584996262148,49.24551197634079
13.4,7.4359711809250575,26.769496251330207,49.6166722627824
13.450000000000001,7.462661102176577,26.86557996783568,49.98913806985994
13.5,7.4903490956129435,26.9652567442066,50.36296332480468
13.55,7.51704600079011,27.061365602844397,50.73814820221476
13.600000000000001,7.54377537178379,27.157591338421643,51.114668736529104
13.649999999999999,7.571397363976892,27.257030510316813,51.49254805492312
13.7,7.599081456481818,27.356693243334544,51.871810025434584
13.75,7.626782851505237,27.456418265418854,52.25245663313426
13.8,7.653524302802737,27.552687490089852,52.634464311991955
13.850000000000001,7.680273304290123,27.64898389544444,53.01780925216928
13.899999999999999,7.708267457926418,27.749762848535106,53.402522771224696
13.95,7.736187305110575,27.85027429839807,53.78863414030062
14.0,7.763024769656141,27.94688917076211,54.17611444216979
14.05,7.79001808270463,28.044065097736667,54.56494051347881
14.100000000000001,7.81798864199753,28.14475911119111,54.95514068159636
14.149999999999999,7.845887096977005,28.24519354911722,55.346737575070726
14.2,7.874309975562401,28.347515912024644,55.73974250188421
14.25,7.901538288271132,28.445537837776076,56.134138708480044
14.3,7.928779436302672,28.54360597068962,56.52989665159439
14.35,7.957134111506087,28.645682801421913,56.92704449028961
14.399999999999999,7.985298899433834,28.747076037961804,57.32560531556311
14.45,8.012386589855915,28.844591723481294,57.725547452795354
14.5,8.039527446198452,28.94229880631443,58.12684530369671
14.55,8.06803180391638,29.04491449409897,58.529534284949584
14.6,8.096447635657881,29.147211488368374,58.933646270938944
14.65,8.12387168703944,29.245938073341986,59.339154254006374
14.700000000000001,8.151270822794372,29.34457496205974,59.74603281675222
14.75,8.179775306348798,29.447191102855673,60.1543089699808
14.8,8.208137154232604,29.549293755237375,60.56400678149533
14.85,8.236785720577382,29.652428594078575,60.97512985336558
14.9,8.26450511022003,29.75221839679211,61.38766212413552
14.950000000000001,8.292155478543458,29.85175972275645,61.8015786388546
15.000000000000002,8.320563634258574,29.95402908333087,62.21689661667465
15.050000000000002,8.348413642186276,30.054289111870595,62.63362104858577
15.1,8.37514798372163,30.15053274139787,63.051710089233474
15.15,8.401783921115454,30.246422116015637,63.471133386854405
15.200000000000001,8.429535461983374,30.346327663140148,63.891916371431876
15.250000000000002,8.457140403330982,30.445705451991536,64.31408326806473
15.299999999999999,8.484909057962648,30.545672608665534,64.73763450459708
15.35,8.51154839294192,30.641574214590914,65.16254594086969
15.4,8.53825888846088,30.73773199845917,65.58879112290477
15.450000000000001,8.565897553989986,30.83723119436395,66.01639503396603
15.500000000000002,8.594064858647696,30.938633491131707,66.44539409428198
15.549999999999999,8.621143488841913,31.036116559830887,66.87577430296922
15.6,8.648190345320353,31.133485243153274,67.30750764882328
15.65,8.676532436873954,31.235516772746234,67.74062571837813
15.700000000000001,8.704776313040774,31.337194726946787,68.175158437126
15.750000000000002,8.733052277514613,31.438988199052606,68.61110415188989
15.799999999999999,8.760336209955513,31.537210355839846,69.04843886407664
15.85,8.78762895095128,31.63546422342461,69.48713799309931
15.9,8.816021377104132,31.737676957574877,69.9272292513007
15.950000000000001,8.844538129717128,31.84033726698166,70.36874323897123
15.999999999999998,8.872188435122306,31.9398783664403,70.81166140309222
16.05,8.899672825104714,32.038822170376974,71.25595793459789
16.1,8.928108664849416,32.1411911934579,71.70165247184674
16.150000000000002,8.95639847133805,32.24303449681698,72.14876515025144
16.200000000000003,8.983534168384164,32.34072300618299,72.59726346624448
16.25,9.010631862807845,32.438274706108245,73.04711761702428
16.3,9.038734298750773,32.539443475502786,73.49835177106326
16.35,9.066538690947905,32.63953928741246,73.95098359580572
16.400000000000002,9.09438750342887,32.73979501234393,74.40500675066514
16.450000000000003,9.121199297328822,32.83631747038376,74.86039642068408
16.5,9.147853418096624,32.93227230514785,75.31712273856972
16.55,9.17548264588837,33.03173752519813,75.77520614016935
16.6,9.203169569714502,33.13141045097221,76.23467244555941
16.650000000000002,9.229595989338954,33.226545561620235,76.69549158453574
16.700000000000003,9.256017438421734,33.32166277831824,77.15763192022976
16.75,9.283075871858,33.4190731386888,77.62110925298676
16.8,9.310492687640917,33.5177736755073,78.08594846697423
16.85,9.337629328460766,33.61546558245876,78.55215151737677
16.900000000000002,9.363807032246681,33.709705316088055,79.01968742639446
16.95,9.390012482980433,33.80404493872956,79.48853291427513
17.0,9.417339073994198,33.902420666379115,79.95871670319949
17.05,9.444782504196466,34.00121701510728,80.43026974265425
17.1,9.47108566697101,34.09590840109564,80.90316644693344
17.150000000000002,9.497401790904858,34.19064644725749,81.37737863338033
17.2,9.524720705892237,34.288994541212055,81.85293169580027
17.25,9.551982050681724,34.38713538245421,82.32984926471461
17.3,9.578125464021904,34.481251670478855,82.8081019525822
17.35,9.604288759528785,34.57543953430363,83.28766230817098
17.400000000000002,9.631446352125572,34.67320686765206,83.76855568596234
17.45,9.657576615551694,34.767275815986096,84.25078126015427
17.5,9.684084514308681,34.86270425151125,84.73432278840077
17.55,9.709781270998779,34.9552125755956,85.21916943303346
17.6,9.73570900058118,35.04855240209225,85.70530668982296
17.650000000000002,9.762746419322259,35.145887109560135,86.19276807532054
17.7,9.789795415021167,35.2432634940762,86.68158162117913
17.75,9.815699298587171,35.33651747491382,87.17171898901934
17.8,9.841874485643126,35.43074814831525,87.66315833362509
17.85,9.869230522397451,35.52922988063083,88.1559359588261
17.9,9.896938775510014,35.62897959183605,88.65009019127379
17.95,9.924670811720723,35.72881492219461,89.14563043095455
18.0,9.95180455830112,35.82649640988404,89.6425423152051
18.05,9.978860475007421,35.923897710026715,90.14080894103782
18.1,10.007045963039113,36.025365466940805,90.64045660198899
18.15,10.035296256867335,36.12706652472241,91.14151515748665
18.2,10.062620582824131,36.22543409816687,91.64396307847893
18.25,10.090046899262656,36.32416883734557,92.1477797655311
18.3,10.118349729828847,36.42605902738385,92.65298968125839
18.35,10.14667024042302,36.528012865522875,93.15961518051469
18.4,10.175114762886091,36.63041314638993,93.66765980559742
18.45,10.202635834207701,36.72948900314773,94.17710357052476
18.5,10.230278715259491,36.82900337493417,94.68792643426144
18.55,10.258835232205893,36.93180683594122,95.20015428294808
18.6,10.28761183718751,37.035402613875036,95.7138154596829
18.65,10.31527680254472,37.13499648916099,96.2288876756762
18.7,10.342654671931466,37.23355681895328,96.7453359625381
18.75,10.371060185080122,37.33581666628844,97.2631788339634
18.8,10.399249762798,37.4372991460728,97.78243658266035
18.849999999999998,10.426380615138939,37.534970214500184,98.30307734210878
18.9,10.453586780624,37.632912410246405,98.82507652700285
18.95,10.481675500388635,37.734031801399084,99.34845808402817
19.0,10.50971520683725,37.8349747446141,99.87324285170881
19.05,10.537707410007826,37.935746676028174,100.39942841712994
19.099999999999998,10.564811207501666,38.033320347006,100.92699138256768
19.15,10.591713603680263,38.13016897324895,101.45590450284723
19.2,10.619625145655542,38.23065052435995,101.98618797158063
19.25,10.647648870868899,38.33153593512804,102.51786982199374
19.3,10.674471612544187,38.42809780515907,103.05092283407907
19.349999999999998,10.700962334619177,38.52346440462904,103.58530868275815
19.4,10.728406834431683,38.62226460395406,104.12104291198443
19.45,10.755417324162163,38.71950236698379,104.65813851594928
19.5,10.782430708132102,38.81675054927557,105.19658471675663
19.55,10.808533979629381,38.91072232666577,105.73635883395067
19.599999999999998,10.834325994548553,39.00357358037479,106.27743033330512
19.65,10.861002514213027,39.0996090511669,106.81981354602416
19.7,10.887577169232266,39.19527780923616,107.3635280381103
19.75,10.913122167105628,39.28723980158026,107.90854552151875
19.799999999999997,10.938359746414081,39.37809508709069,108.45483256935674
19.849999999999998,10.964445652474616,39.47200434890862,109.00240270432896
19.9,10.990379359290676,39.56536569344644,109.55127332962309
19.95,11.015070934033778,39.6542553625216,110.1014095869562
20.0,11.040741768405262,39.74667036625895,110.65280490451717
20.05,11.067145600378304,39.841724161361896,111.20550208873675
20.1,11.093438067050506,39.936377041381824,111.75951668042246
20.15,11.119781245831453,40.03121248499323,112.31484716324451
20.2,11.145093383265042,40.12233617975415,112.87146902897192
20.25,11.170269554362411,40.21297039570468,113.4293531024126
20.3,11.196638340870724,40.307898027134605,113.98852579979344
20.35,11.223003352284096,40.402812068222744,114.54901684212231
20.400000000000002,11.248390173679317,40.494204625245544,115.1108016802714
20.450000000000003,11.273679094279005,40.58524473940442,115.67385341197036
20.5,11.300003838012975,40.68001381684671,116.23819548527766
20.55,11.326103837761302,40.773973815940685,116.80384817717201
20.6,11.35236377569874,40.868509592515466,117.37080986750851
20.650000000000002,11.377555173012384,40.95919862284458,117.93905784122629
20.700000000000003,11.402975781507351,41.050712813426465,118.50857111508928
20.75,11.429343120895938,41.14563523522538,119.07937908764936
20.8,11.455577954452,41.2400806360272,119.65150211453306
20.85,11.480616460420425,41.330219257513534,120.22490697490487
20.900000000000002,11.50566635459193,41.42039887653095,120.79956404528018
20.950000000000003,11.531771954064425,41.51437903463193,121.37550000299659
21.0,11.5575001069608,41.60700038505888,121.95273180452222
21.05,11.583447655791653,41.70041156084995,122.53125549859102
21.1,11.608148102007876,41.78933316722836,123.11104539253601
21.150000000000002,11.632527350562643,41.877098462025515,123.69206227885027
21.200000000000003,11.658058191829967,41.96900949058789,124.2743269174101
21.25,11.683867257594638,42.0619221273407,124.85787505364571
21.3,11.708384422951346,42.15018392262485,125.44268134565937
21.35,11.733054731326266,42.23899703277456,126.02871732451631
21.400000000000002,11.758946408751955,42.332207071507035,126.61601735301826
21.450000000000003,11.784542873753049,42.42435434551098,127.20460458508089
21.5,11.8089533926776,42.51223221363936,127.79444199174165
21.55,11.833597527060912,42.60095109741928,128.38550576473511
21.6,11.85968141973748,42.69485311105493,128.97783773840507
21.650000000000002,11.88557297132667,42.78806269677602,129.57146909818167
21.7,11.911642329887703,42.88191238759573,130.16639948071202
21.75,11.9366427073972,42.971913746629916,130.76260660664414
21.8,11.96192313403326,43.06292328251973,131.3600707526799
21.85,11.988855982644402,43.15988153751985,131.95884023059682
21.900000000000002,12.016197359446695,43.2583104940081,132.5589665641491
21.95,12.04273420059825,43.353843122153705,133.16043985315022
22.0,12.069809244452268,43.45131328002817,133.7632534392765
22.05,12.098568483997145,43.554846542389726,134.36746288248773
22.1,12.127287581699116,43.65823529411682,134.97310928413015
22.150000000000002,12.156629821739786,43.763867358263234,135.5802072192161
22.2,12.185431279429778,43.8675526059472,136.18875874674535
22.25,12.21437103143121,43.971735713152356,136.79875380451688
22.3,12.244821765183827,44.08135835466178,137.41023362443227
22.35,12.275702041822784,44.192527350562024,138.02324671960744
22.400000000000002,12.305828683674493,44.300983261228176,138.63778498774488
22.45,12.336345481588626,44.410843733719055,139.25383934187647
22.5,12.368509605099664,44.526634578358795,139.87146071904368
22.55,12.400903380219775,44.64325216879119,140.49069604367668
22.6,12.432704150842488,44.75773494303296,141.11153623195324
22.65,12.464646110016098,44.87272599605795,141.7339699884747
22.7,12.498083698888122,44.99310131599724,142.35803823369733
22.75,12.531589805733375,45.11372330064015,142.98378007131288
22.8,12.565518219866323,45.23586559151877,143.61120777195288
22.85,12.598722319116083,45.3554003488179,144.24031378542745
22.9,12.632193191741866,45.475895490270716,144.8710866731989
22.95,12.667288739394886,45.60223946182159,145.50357372147732
23.0,12.70286586332622,45.73031710797439,146.13782758654534
23.05,12.737426920453473,45.8547369136325,146.77383490613983
23.1,12.772176795246155,45.97983646288616,147.41157499903233
23.15,12.808253678829772,46.109713243787176,148.05108576088423
23.2,12.844522337236533,46.24028041405152,148.6924051612859
23.25,12.880408767280251,46.36947156220891,149.33552843889882
23.3,12.915548420625864,46.49597431425311,149.98042736859648
23.349999999999998,12.950552107635257,46.62198758748693,150.627079881803
23.4,12.987011030827174,46.75323971097783,151.27551896026458
23.45,13.023360539183978,46.88409794106232,151.92577824951485
23.5,13.05905953576374,47.012614328749464,152.57783875138855
23.55,13.094773632723276,47.1411850778038,153.23168458060073
23.599999999999998,13.131258478233809,47.27253052164171,153.88733538337465
23.65,13.167931700982026,47.40455412353529,154.54481513785504
23.7,13.204241948351417,47.5352710140651,155.20411947908838
23.75,13.239137038462932,47.66089333846656,155.86520395375874
23.8,13.273580375546189,47.78488935196628,156.52802188910897
23.849999999999998,13.309442393309267,47.91399261591336,157.19259745833037
23.9,13.34359039213144,48.03692541167318,157.8589232779664
23.95,13.376264468051115,48.15455208498402,158.52691964947095
24.0,13.409309509967251,48.273514235882104,159.1965589989214
24.05,13.444226936057184,48.39921696980586,159.867897410072
24.099999999999998,13.479333368567294,48.525600126842264,160.5409864176876
24.15,13.513256812158566,48.64772452377084,161.21580117220574
24.2,13.547451181730297,48.77082425422907,161.89231887205295
24.25,13.583116957474555,48.8992210469084,162.57058307553308
24.299999999999997,13.619052400834288,49.02858864300344,163.2506373094908
24.349999999999998,13.655020939193028,49.1580753810949,163.93248914299147
24.4,13.689950886014522,49.28382318965228,164.61611343862165
24.45,13.724950168746483,49.40982060748734,165.3014859649907
24.5,13.761616910915048,49.54182087929418,165.98865014198222
24.55,13.798369410657084,49.674129878365505,166.67764980002153
24.6,13.833878771634174,49.80196357788303,167.3684560045788
24.65,13.869847309992915,49.931450315974494,168.06104915661948
24.7,13.907036965729425,50.06533307662593,168.75547126351253
24.75,13.944233479555075,50.19924052639827,169.45175302464463
24.8,13.981726715843303,50.33421617703589,170.14990202952958
24.85,14.018128572183322,50.46526285985996,170.84989841173024
24.900000000000002,14.054501297374026,50.59620467054649,171.55171415846917
24.950000000000003,14.092577408321553,50.73327866995759,172.25539112611156
25.0,14.1307720572503,50.870779406101086,172.96097486275085
25.05,14.167737786938403,51.003856032978256,173.66843760885556
25.1,14.204772978373468,51.13718272214449,174.37775037798835
25.150000000000002,14.243159339207109,51.27537362114559,175.08894868592787
25.200000000000003,14.281653604837889,51.4139529774164,175.802069009529
25.25,14.318568559498999,51.5468468141964,176.5170745636374
25.3,14.355648359972646,51.68033409590153,177.2339299866242
25.35,14.392929121333793,51.81454483680166,177.95264442365686
25.400000000000002,14.43185217483192,51.954667829394914,178.673263956061
25.450000000000003,14.47102312623135,52.095683254432856,179.39583583858757
25.5,14.509195565018183,52.23310403406546,180.1203413058688
25.55,14.547049889137766,52.369379600895954,180.8467474422227
25.6,14.586607032749928,52.511785317899744,181.5750888652699
25.650000000000002,14.626127243349892,52.65405807605961,182.3054072221724
25.700000000000003,14.664419541401186,52.79191034904427,183.03767089179118
25.75,14.702431286979921,52.928752633127715,183.77184216250072
25.8,14.742123578991066,53.07164488436784,184.50795603415
25.85,14.78151738682866,53.21346259258318,185.2460470582955
25.900000000000002,14.820759939195518,53.35473578110387,185.9861039914461
25.950000000000003,14.858439476419214,53.49038211510917,186.72808397683647
26.0,14.895944730093008,53.62540102833483,187.47194358199928
26.05,14.934310957086955,53.76351944551304,188.21769997417877
26.1,14.972240783105406,53.900066819179465,188.96536376768358
26.150000000000002,15.00867730740066,54.03123830664238,189.71488671994624
26.2,15.044027925635374,54.15850053228735,190.46620435077213
26.25,15.080987615171567,54.29155541461764,191.2193297392923
26.3,15.11737455988656,54.42254841559162,191.97428879366876
26.35,15.154156757042148,54.55496432535173,192.731077076592
26.400000000000002,15.188836603823628,54.67981177376506,193.48965191061365
26.45,15.225455779795903,54.81164080726525,194.25000922020413
26.5,15.26439449993805,54.95182019977698,195.01225547719747
26.55,15.303563500871752,55.09282860313831,195.77645442721771
26.6,15.341690512682765,55.23008584565795,196.54258577755658
26.650000000000002,15.379828346432618,55.36738204715743,197.31062374903448
26.7,15.4199768586677,55.51191669120372,198.080618879162
26.75,15.46022597718303,55.656813517858915,198.85262395005824
26.8,15.499424046347801,55.797926566852084,199.6266152006465
26.85,15.538825341457041,55.93977122924535,200.40257143534163
26.900000000000002,15.580411095255414,56.08947994291949,201.18055234625945
26.95,15.622575696945145,56.24127250900252,201.96062701606445
27.0,15.665244147973354,56.394878932704074,202.74282251218742
27.05,15.706767675623407,56.54436363224427,203.52712280777735
27.1,15.748690230809,56.6952848309124,204.31350925543816
27.150000000000002,15.79268581646465,56.85366893927274,205.10204365662
27.200000000000003,15.836297160373277,57.0106697773438,205.89276823104095
27.250000000000004,15.878879790909771,57.163967247275174,206.68564765482301
27.299999999999997,15.922066814146739,57.31944053092826,207.48067131994944
27.349999999999998,15.96714786543518,57.48173231556665,208.27790168693897
27.4,16.012191480365424,57.64388932931553,209.077385170584
27.45,16.05751394897551,57.80705021631184,209.8791278063175
27.5,16.101439066192206,57.96518063829195,210.6831016316967
27.55,16.145729927190693,58.1246277378865,211.48928085653128
27.6,16.191846172430925,58.29064622075133,212.29772025902182
27.650000000000002,16.23861764831688,58.459023533940766,213.1084818545405
27.700000000000003,16.28399863089859,58.622395071234926,213.9215472615209
27.749999999999996,16.329497522279038,58.78619108020454,214.73688466535035
27.799999999999997,16.376876159268424,58.95675417336633,215.55454400738904
27.849999999999998,16.42430097825262,59.127483521709436,216.37457343582707
27.9,16.471706418416108,59.29814310629799,217.1969736207438
27.95,16.517658447026292,59.463570409294654,218.02170774237985
28.0,16.563514965734406,59.62865387664386,218.84873707769887
28.05,16.61067389219807,59.79842601191305,219.67809179914718
28.1,16.658050075375744,59.96898027135268,220.50980989833653
28.150000000000002,16.70369820884297,60.13331355183469,221.343853605442
28.200000000000003,16.748957004185,60.29624521506601,222.18016998576772
28.249999999999996,16.79529522500792,60.46306281002851,223.01877629149755
28.299999999999997,16.841477219818422,60.62931799134632,223.85969560261822
28.349999999999998,16.88601453159848,60.78965231375453,224.70288289640365
28.4,16.9303296790411,60.94918684454797,225.54829150166964
28.45,16.975821838168905,61.11295861740806,226.3959452895999
28.5,17.0211636855997,61.276189268158916,227.24586992769412
28.55,17.06649810867711,61.43939319123759,228.09806147255102
28.6,17.110123546273527,61.5964447665847,228.95247701392478
28.650000000000002,17.15349554916273,61.75258397698583,229.80906749131069
28.7,17.19755612936966,61.91120206573077,230.667843783274
28.75,17.242169005966833,62.0718084214806,231.5288369116574
28.799999999999997,17.28499664016517,62.22598790459461,232.3920160528107
28.849999999999998,17.32818253087365,62.381457111145146,233.25734553208667
28.9,17.371395853938726,62.53702507417941,234.124834991707
28.95,17.415316063532,62.695137828715204,234.99450278964375
29.0,17.458898213373065,62.852033568143035,235.86635814656637
29.05,17.50055223347167,63.00198804049801,236.7403444077375
29.1,17.54251549676441,63.15305578835187,237.6164211009934
29.150000000000002,17.5843809850981,63.30377154635316,238.49459351303994
29.2,17.626542944221377,63.45555459919696,239.37486661127292
29.25,17.666241716812173,63.598470180523826,240.25718622779877
29.3,17.70528204992655,63.73901537973558,241.14147432196722
29.35,17.743641292994845,63.877108654781445,242.02769740554027
29.400000000000002,17.780897516238856,64.01123105845988,242.91581087577111
29.450000000000003,17.815599069816265,64.13615665133855,243.8057232904225
29.5,17.8490425730037,64.25655326281333,244.697339331493
29.55,17.881514240916147,64.37345126729814,245.590603251841
29.6,17.913106311706727,64.48718272214423,246.48546876565658
29.65,17.94310969670853,64.5951949081507,247.38187416586695
29.7,17.970259109932936,64.69293279575857,248.27970838603298
29.75,17.996672757152833,64.7880219257502,249.1788816827101
29.8,18.02238801180815,64.88059684250935,250.07935820193413
29.85,18.04661241855198,64.96780470678713,250.98108321269314
29.900000000000002,18.068029413022725,65.0449058868818,251.88394925848252
29.950000000000003,18.088319919162288,65.11795170898424,252.78785799178715
30.000000000000004,18.10817113008691,65.18941606831288,253.6927702680184
30.050000000000004,18.127184647443535,65.25786473079673,254.59865416245665
30.100000000000005,18.145226203688672,65.32281433327923,255.50546443373497
30.15,18.160812312345975,65.3789243244455,256.4131153966358
30.2,18.17490008582014,65.42964030895251,257.32150820658995
30.25,18.18872674856071,65.47941629481856,258.2305988774495
30.3,18.201473922902146,65.52530612244773,259.14035389423606
30.35,18.211755960245384,65.56232145688338,260.0506846413147
30.400000000000002,18.22157737308725,65.5976785431141,260.961517974648
30.450000000000003,18.231555452369278,65.63359962852941,261.87284629528443
30.500000000000004,18.241573925167202,65.66966613060193,262.78467452972285
30.550000000000004,18.251739374994933,65.70626174998176,263.6970073622269
30.599999999999998,18.260531759873412,65.73791433554429,264.6098141405986
30.65,18.269021507973907,65.76847742870606,265.52305297229475
30.7,18.278175672784485,65.80143242202415,266.4367329018137
30.75,18.287841740469425,65.83623026568993,267.35088333714504
30.8,18.296510679743246,65.86743844707568,268.2654921476504
30.85,18.305665977082306,65.9003975174963,269.180546564071
30.900000000000002,18.31542057074367,65.93551405467721,270.0960737277666
30.950000000000003,18.325848704261222,65.9730553353404,271.01210545964176
31.000000000000004,18.33560952682925,66.0081942965853,271.928641915419
31.050000000000004,18.346092084632247,66.04593150467609,272.84568445570557
31.099999999999998,18.35706144092822,66.0854211873416,273.7632632938446
31.15,18.36851218474776,66.12664386509194,274.6814026344865
31.2,18.380953953908257,66.17143423406972,275.6001392879529
31.25,18.393079873458465,66.21508754445047,276.5194901336371
31.3,18.405503270490232,66.25981177376484,277.4394547122358
31.35,18.41834060668257,66.30602618405726,278.3600508091651
31.400000000000002,18.431369906452794,66.35293166323007,279.2812935719935
31.450000000000003,18.444128720670303,66.3988633944131,280.2031810376716
31.500000000000004,18.45694328045649,66.44499580964336,281.12570783769974
31.549999999999997,18.46978967687669,66.49124283675609,282.0488761616331
31.599999999999998,18.482589828383826,66.53732338218178,282.9726856492646
31.65,18.49486052282513,66.58149788217048,283.8971219080448
31.7,18.50678447479585,66.62442410926506,284.8221630329854
31.75,18.517546704215924,66.66316813517733,285.74777131246066
31.8,18.527706113891742,66.69974201001027,286.6739026329133
31.85,18.537216144319007,66.73397811954842,287.60052568936857
31.900000000000002,18.545524624943965,66.76388864979828,288.52759420860014
31.950000000000003,18.553486614771337,66.79255181317681,289.45506948959303
31.999999999999996,18.560740019277794,66.81866406940006,290.38292515544424
32.05,18.56717246647051,66.84182087929383,291.31112296758795
32.1,18.572788738136406,66.86203945729106,292.2396219977031
32.15,18.577579459456384,66.87928605404298,293.16838120264293
32.2,18.582052129027357,66.89538766449849,294.097371992355
32.25,18.586228453645255,66.91042243312292,295.02657900692185
32.300000000000004,18.590516206482235,66.92585834333605,295.95599762342505
32.35,18.59412085588917,66.938835081201,296.8856135499843
32.400000000000006,18.597253115082154,66.95011121429576,297.8153978992586
32.45,18.59933338115085,66.95760017214306,298.74531256166443
32.5,18.60108137594625,66.9638929534065,299.67532293059185
32.55,18.601669158228972,66.9660089696243,300.6053916939462
32.6,18.601722324149428,66.96620036693794,301.5354764810057
32.65,18.60073268300996,66.96263765883586,302.46553785618465
32.7,18.598867974862547,66.95592470950517,303.3955278726315
32.75,18.59624239632925,66.9464726267853,304.3254056319113
32.800000000000004,18.592508324083997,66.93302996670239,305.2551243999216
32.85,18.588779599889914,66.9196065596037,306.184656598021
32.900000000000006,18.584799517290836,66.90527826224701,307.1139960759505
32.949999999999996,18.580597584945572,66.89015130580407,308.04313100350646
33.0,18.57576860933017,66.87276699358861,308.97204015836337
33.05,18.57040199727654,66.85344719019555,309.90069442352853
33.1,18.564580486282207,66.83248975061595,310.8290689856175
33.15,18.558389959757132,66.81020385512568,311.75714324676846
33.2,18.551787507455455,66.78643502683964,312.68489768344875
33.25,18.5444940869426,66.76017871299337,313.6123047233087
33.300000000000004,18.53694345662758,66.73299644385929,314.53934066189794
33.35,18.52933261354821,66.70559740877356,315.4659975636523
33.400000000000006,18.522108277272817,66.67958979818215,316.3922835859228
33.449999999999996,18.514557961549045,66.65240866157656,317.31820024189335
33.5,18.50665675075026,66.62396430270094,318.24373060970083
33.55,18.49870652663546,66.59534349588766,319.16886469163546
33.6,18.490681744395523,66.56645427982389,320.09359939841124
33.65,18.482704842943114,66.53773743459521,321.0179340630947
33.7,18.47438094734714,66.5077714104497,321.94186120785196
33.75,18.466132176140547,66.47807583410598,322.86537403593917
33.800000000000004,18.45785584674086,66.44828104826709,323.7884737365112
33.85,18.449717497061364,66.41898298942091,324.71116307010624
33.9,18.441717378775053,66.39018256359019,325.63344894200213
33.949999999999996,18.43416586760455,66.36299712337637,326.55534602316163
34.0,18.427013195214844,66.33724750277344,327.4768754997321
34.05,18.420192919934916,66.3126945117657,328.3980556526108
34.1,18.413595438174916,66.2889435774297,329.3189003615636
34.15,18.40746877367264,66.26688758522151,330.23942696685975
34.2,18.401847531465062,66.24665111327423,331.15965987448817
34.25,18.396478906027465,66.22732406169888,332.0796180354255
34.300000000000004,18.391763057423873,66.21034700672594,332.9993240845118
34.35,18.387936117843015,66.19657002423486,333.9188165638935
34.4,18.384653987380766,66.18475435457076,334.8381313165241
34.449999999999996,18.382186144897858,66.17587012163229,335.75730231983107
34.5,18.380375420608143,66.16935151418932,336.6763663589687
34.55,18.37937602714006,66.16575369770422,337.59536014516243
34.6,18.379146060939746,66.16492581938309,338.51432319736443
34.65,18.379536909102914,66.1663328727705,339.4332902716155
34.7,18.380250087456012,66.16890031484165,340.35228494652944
34.75,18.381908927092496,66.17487213753299,341.2713389218932
34.800000000000004,18.38401442337906,66.18245192416462,342.190487005655
34.849999999999994,18.386147603695214,66.19013137330278,343.1097410563318
34.9,18.38826920705354,66.19776914539274,344.02910147660054
34.949999999999996,18.390514381853016,66.20585177467086,344.9485710663232
35.0,18.39331669774793,66.21594011189255,345.86816684331325
35.05,18.39564951766835,66.22433826360606,346.78789099869863
35.1,18.397996808786058,66.2327885116298,347.70773215686
35.15,18.400273316873566,66.24098394074484,348.6276889100015
35.2,18.40284082186298,66.25022695870673,349.5477667634699
35.25,18.40560110836752,66.26016399012308,350.46797781172563
35.300000000000004,18.408709395707614,66.27135382454742,351.3883355743275
35.349999999999994,18.411829448760283,66.28258601553702,352.3088490454392
35.4,18.41482907628425,66.2933846746233,353.2295155085653
35.449999999999996,18.417917670212386,66.30450361276459,354.15033417722776
35.5,18.420737917808278,66.3146565041098,355.0713005669283
35.55,18.42329931972754,66.32387755101915,355.9924014978667
35.6,18.425550912188424,66.33198328387833,356.9136227536646
35.65,18.42802133431954,66.34087680355034,357.83496205982726
35.7,18.43024090139165,66.34886724500994,358.75641861572007
35.75,18.432606942147572,66.35738499173127,359.6779898118086
35.8,18.434984685697824,66.36594486851217,360.5996796025047
35.85,18.43762599379339,66.3754535776562,361.52149486949196
35.9,18.440261072982295,66.38493986273626,362.44344204616135
35.95,18.442244570783934,66.39208045482216,363.3655046872555
36.0,18.444091598903356,66.39872975605208,364.2876630914977
36.050000000000004,18.444912052871107,66.40168339033599,365.20988818279204
36.1,18.445983173143116,66.40553942331522,366.1321605634424
36.15,18.44699615695299,66.40918616503077,367.0544850466948
36.2,18.44774891088475,66.41189607918511,367.9768536733908
36.25,18.44898097603786,66.4163315137363,368.8992719205639
36.3,18.450272687691076,66.42098167568787,369.8217532621571
36.35,18.45175630000392,66.42632268001412,370.74430398684945
36.4,18.45319725374391,66.43151011347807,371.66692782569316
36.45,18.454780339808522,66.43720922331069,372.589627265532
36.5,18.4562587299067,66.44253142766412,373.51240324227484
36.550000000000004,18.457460216790764,66.44685678044675,374.4352462159423
36.6,18.458392036059355,66.45021132981368,375.35814252226356
36.650000000000006,18.45949493004714,66.4541817481697,376.28108969641625
36.7,18.460720074192846,66.45859226709425,377.20409507152226
36.75,18.46167643157857,66.46203515368286,378.12715498416657
36.8,18.46270181028351,66.46572651702063,379.05026444021314
36.85,18.46353711295804,66.46873360664894,379.9734204132942
36.9,18.463980560777415,66.47033001879869,380.8966083551376
36.95,18.46415654312004,66.47096355523215,381.81981178273503
37.0,18.464130872474424,66.47087114090793,382.7430189681249
37.050000000000004,18.46394350192872,66.4701966069434,383.66622082748495
37.1,18.463634384571087,66.46908378445592,384.58941027464743
37.150000000000006,18.463285377043547,66.46782735735677,385.5125832686878
37.2,18.46281493729532,66.46613377426316,386.43573577654627
37.25,18.462443719625863,66.4647973906531,387.35886724296927
37.3,18.46206558094901,66.46343609141644,388.28197997548364
37.35,18.46161628173247,66.4618186142369,389.2050720220507
37.4,18.461046997414964,66.45976919069388,390.12813860402935
37.45,18.46024969736287,66.45689891050633,391.0511710213988
37.5,18.459943788835936,66.45579763980938,391.97417585855374
37.550000000000004,18.459655497418744,66.45475979070748,392.8971658407101
37.6,18.459795364686403,66.45526331287105,393.82015211226275
37.650000000000006,18.459734963167303,66.45504586740229,394.7431403704591
37.699999999999996,18.45973810907976,66.45505719268714,395.66612719726527
37.75,18.45979851059886,66.4552746381559,396.5891156127572
37.8,18.459909875899697,66.45567555323892,397.5121083224197
37.85,18.459991921296467,66.45597091666728,398.4351058673496
37.9,18.46029178967149,66.45705044281736,399.3581129601238
37.95,18.460639790507045,66.45830324582536,400.2811362496282
38.0,18.46097231345333,66.45950032843199,401.20417655222724
38.050000000000004,18.46118321542418,66.46025957552706,402.1272304404492
38.1,18.46169845296574,66.46211443067668,403.05030248215894
38.150000000000006,18.46243711320971,66.46477360755496,403.97340587131333
38.199999999999996,18.463064848580586,66.46703345489011,404.8965434203581
38.25,18.46394343901047,66.4701963804377,405.8197186275479
38.3,18.46458992401957,66.47252372647046,406.74293196162364
38.35,18.465519037803446,66.4758685360924,407.66618468566924
38.4,18.466378501085618,66.47896260390823,408.58948212414145
38.45,18.46729081569699,66.48224693650917,409.512823857061
38.5,18.468008524164027,66.4848306869905,410.43620634055753
38.550000000000004,18.46871641738421,66.48737910258316,411.3596244640962
38.6,18.470647000938385,66.49432920337819,412.2831085495543
38.65,18.472458417328845,66.50085030238384,413.206686185011
38.699999999999996,18.474202322438057,66.507128360777,414.13035270350514
38.75,18.47605060892246,66.51378219212086,415.05410902678915
38.8,18.47812640779547,66.5212550680637,415.9779634522071
38.85,18.480029307320056,66.5281055063522,416.901917345085
38.9,18.481643160408463,66.53391537747046,417.8259591567782
38.95,18.483431422883264,66.54035312237976,418.7500860213605
39.0,18.484890685833726,66.54560646900141,419.67429407407843
39.050000000000004,18.486261171134768,66.55054021608517,420.59857287050266
39.1,18.487692435464396,66.55569276767183,421.5229217106676
39.15,18.48903869723955,66.56053931006238,422.4473399889852
39.199999999999996,18.490169589848165,66.5646105234534,423.3718201961624
39.25,18.491470802156986,66.56929488776515,424.2963612059625
39.3,18.492911189632732,66.57448028267784,425.22097075575726
39.35,18.494164898663513,66.57899363518865,426.1456476579647
39.4,18.49538085674486,66.5833710842815,427.0703863018499
39.45,18.496543963496997,66.58755826858919,427.995184422356
39.5,18.497639118540143,66.59150082674452,428.9200389994069
39.550000000000004,18.498503237772745,66.59461165598188,429.84494255831476
39.599999999999994,18.499570142522064,66.59845251307944,430.76989439282215
39.65,18.500603386008137,66.6021721896293,431.6948987310354
39.699999999999996,18.50144051331189,66.60518584792281,432.6199498285184
39.75,18.502245866899862,66.6080851208395,433.5450419880237
39.8,18.503273825253018,66.61178577091087,434.4701799803275
39.85,18.504584538217447,66.61650433758281,435.39537643941424
39.9,18.505986608479514,66.62155179052625,436.3206407180817
39.95,18.50750205742639,66.627007406735,437.2459779347293
40.0,18.50927628913165,66.63339464087393,438.17139739339325
40.050000000000004,18.5105722792258,66.63806020521288,439.09689360760217
40.1,18.512045258354558,66.6433629300764,440.02245904604166
40.15,18.513014262308346,66.64685134431005,440.94808553405824
40.2,18.514155536428056,66.650959931141,441.87376477902666
40.25,18.515163046350263,66.65458696686095,442.79949774359613
40.3,18.515894156404347,66.65721896305566,443.725274173665
40.35,18.516754374705506,66.66031574893982,444.65109038694277
40.4,18.5176423399545,66.6635124238362,445.57695030480926
40.45,18.518457320034578,66.66644635212448,446.50285279630896
40.5,18.519172574689897,66.66902126888363,447.42879354367705
40.55,18.519957479846934,66.67184692744897,448.35477179504045
40.6,18.521014758104148,66.67565312917493,449.2807961009892
40.65,18.521861448981756,66.67870121633432,450.20686800616636
40.7,18.522727392843578,66.68181861423689,451.132982727212
40.75,18.523457055777932,66.68444540080056,452.05913733842755
40.800000000000004,18.523730246815358,66.68542888853528,452.9853170209924
40.85,18.524313876493643,66.68752995537712,453.91151812407514
40.900000000000006,18.52481313279994,66.68932727807979,454.83774629930747
40.95,18.525366561718677,66.69131962218724,455.7640007916704
41.0,18.525489315222593,66.69176153480134,456.69027218859395
41.05,18.525873682806104,66.69314525810198,457.6165562635447
41.1,18.52622967425929,66.69442682733344,458.54285884747134
41.15,18.526932596937794,66.69695734897606,459.46918790425127
41.2,18.527894050701693,66.7004185825261,460.39555857044223
41.25,18.528780317157956,66.70360914176864,461.3219754296387
41.300000000000004,18.529707857985606,66.70694828874818,462.2484376340173
41.35,18.5304755235424,66.70971188475264,463.1749422185555
41.400000000000006,18.531045562878884,66.71176402636398,464.101480245716
41.45,18.53175578407428,66.71432082266742,465.02805027938984
41.5,18.532183691086146,66.71586128791013,465.95464876626886
41.55,18.53244574559348,66.71680468413653,466.88126450218584
41.6,18.53289579982901,66.71842487938444,467.8078980408214
41.65,18.53318534961119,66.71946725860029,468.7345500695574
41.7,18.533579469523303,66.7208860902839,469.66121919003575
41.75,18.53404852507005,66.72257469025219,470.5879098899006
41.800000000000004,18.534055383159203,66.72259937937314,471.5146124876063
41.85,18.534159198270153,66.72297311377255,472.44131785214205
41.900000000000006,18.53450166229979,66.72420598427924,473.3680343736563
41.95,18.534824307080967,66.72536750549149,474.2947675228908
42.0,18.535196720197156,66.72670819270976,475.22151804857276
42.05,18.53574706612169,66.72868943803809,476.1482916432307
42.1,18.53704934804075,66.7333776529467,477.0751115535848
42.15,18.53815029156281,66.73734104962612,478.0019915445749
42.2,18.53949888131318,66.74219597272744,478.9289327738968
42.25,18.541187732954462,66.74827583863606,479.8559499392535
42.300000000000004,18.54261648055413,66.75341932999487,480.78304504459123
42.35,18.54370955929506,66.75735441346222,481.71020319558744
42.400000000000006,18.544121296316916,66.7588366667409,482.63739896697774
42.449999999999996,18.54423360539149,66.75924097940937,483.5646078395205
42.5,18.54404302601509,66.75855489365432,484.49181475530565
42.55,18.543652807034405,66.75715010532386,485.4190071511319
42.6,18.542929435924957,66.75454596932985,486.3461717072059
42.65,18.541691267701697,66.75008856372611,487.27328722479655
42.7,18.54042755466931,66.74553919680952,488.2003401953558
42.75,18.53906399037567,66.74063036535242,489.12732748398196
42.800000000000004,18.537438119901694,66.7347772316461,490.0542400367389
42.85,18.535764305721933,66.72875150059896,490.98107009737953
42.900000000000006,18.533882609647282,66.72197739473022,491.9078112702638
42.949999999999996,18.53169167037849,66.71409001336256,492.8344506272644
43.0,18.52904822306246,66.70457360302485,493.7609691246004
43.05,18.52613580023169,66.69408888083409,494.6873487251828
43.1,18.522677939099815,66.68164058075934,495.6135690686661
43.15,18.5190517716517,66.66858637794613,496.5396123114349
43.2,18.515422269536394,66.65552017033102,497.4654741624646
43.25,18.511627607017296,66.64185938526226,498.39115040937844
43.300000000000004,18.507554090818363,66.62719472694612,499.3166299518243
43.35,18.503906908675066,66.61406487123024,500.24191647681164
43.4,18.50021473998369,66.60077306394129,501.1670195180281
43.449999999999996,18.496498347766423,66.58739405195912,502.0919373452219
43.5,18.492688459031058,66.57367845251181,503.0166670153918
43.55,18.489239343535804,66.5612616367289,503.941215210456
43.6,18.485877684406745,66.54915966386429,504.86559313615453
43.65,18.48265822052056,66.53756959387401,505.7898065337777
43.7,18.47918551068191,66.52506783845487,506.7138526270578
43.75,18.475488874794852,66.51175994926147,507.6377194866947
43.800000000000004,18.471987348398123,66.49915445423325,508.56140639227453
43.85,18.468714592754992,66.48737253391798,509.48492394080336
43.9,18.46512277867086,66.4744420032151,510.408269875089
43.949999999999996,18.461824541136853,66.46256834809267,511.3314435580842
44.0,18.458448977074752,66.4504163174691,512.2544503960395
44.05,18.455500753760273,66.43980271353698,513.1772991393103
44.1,18.452951809654323,66.43062651475556,514.1000104533957
44.15,18.450520648510622,66.42187433463825,515.0225972648499
44.2,18.44882783301965,66.41578019887073,515.9450809768881
44.25,18.447380964964253,66.41057147387131,516.8674861968377
44.300000000000004,18.446465252767425,66.40727490996274,517.789832352281
44.35,18.446219179495344,66.40638904618324,518.7121494630876
44.4,18.446053012399577,66.40579084463847,519.634456267885
44.449999999999996,18.44630990761049,66.40671566739778,520.5567653408852
44.5,18.44713627589365,66.40969059321715,521.4791014954728
44.55,18.448367145600027,66.4141217241601,522.4014890810101
44.6,18.44982087174457,66.41935513828045,523.3239437814437
44.65,18.45092168943014,66.42331808194851,524.2464623454731
44.7,18.45226845455128,66.42816643638461,525.1690420990726
44.75,18.45341727886088,66.43230220389917,526.091684242408
44.800000000000004,18.454274414167834,66.43538789100421,527.0143765347336
44.85,18.455044533536334,66.4381603207308,527.9371095084263
44.9,18.455682587500057,66.4404573150002,528.8598776864521
44.95,18.456469065613312,66.44328863620792,529.78268147778
45.0,18.457767635355676,66.44796348728043,530.7055373953042
45.050000000000004,18.459108297406658,66.45278987066398,531.6284592936232
45.1,18.460634631210624,66.45828467235825,532.5514528668386
45.15,18.462178833797317,66.46384380167035,533.4745232034638
45.2,18.463736500889308,66.4694514032015,534.397671086831
45.25,18.465286554873167,66.4750315975434,535.3208966632251
45.3,18.46662721692415,66.47985798092694,536.24419450752
45.35,18.467824928713267,66.48416974336776,537.1675558111609
45.4,18.469050953714465,66.48858343337207,538.0909777082217
45.45,18.470026375329653,66.49209495118676,539.0144546414477
45.5,18.470962473039176,66.49546490294104,539.937979362657
45.550000000000004,18.472086570476897,66.49951165371684,540.8615555887449
45.6,18.473135795198232,66.50328886271363,541.7851861478867
45.650000000000006,18.474387490845043,66.50779496704216,542.7088742300378
45.7,18.475628804980758,66.51226369793073,543.6326246374335
45.75,18.47682072829096,66.51655462184746,544.5564358757654
45.8,18.477776267739447,66.51999456386201,545.4803008006661
45.85,18.47893742402586,66.5241747264931,546.4042186429602
45.9,18.479805821699394,66.52730095811782,547.3281872241034
45.95,18.48059525697036,66.5301429250933,548.2521972510701
46.0,18.48122355860548,66.53240481097973,549.1762427214595
46.050000000000004,18.48184594592518,66.53464540533065,550.1003194590728
46.1,18.482438195403592,66.53677750345294,551.024426562606
46.150000000000006,18.482902720836407,66.53844979501106,551.948560085512
46.2,18.48296809289718,66.53868513442985,552.8727068558553
46.25,18.48301647703071,66.53885931731055,553.7968564701035
46.3,18.48303780631714,66.5389361027417,554.7210078271872
46.35,18.48311204985103,66.53920337946371,555.6451615735914
46.4,18.482917758297933,66.53850392987256,556.5693123187951
46.45,18.483205798042132,66.53954087295168,557.4934654077036
46.5,18.48349257942135,66.54057328591685,558.4176328671402
46.550000000000004,18.484262635871602,66.54334548913776,559.3418267475225
46.6,18.484840036643234,66.54542413191565,560.2660543143354
46.650000000000006,18.485489856319532,66.54776348275031,561.1903125616594
46.699999999999996,18.48616578706919,66.55019683344909,562.1146039527441
46.75,18.486651264278944,66.5519445514042,563.0389243790278
46.8,18.487146556735546,66.55372760424797,563.9632693245532
46.85,18.487646630979086,66.55552787152472,564.887639154246
46.9,18.48798305485681,66.55673899748452,565.8120298963919
46.95,18.48860097498083,66.55896350993099,566.7364444971379
47.0,18.489111871163207,66.56080273618754,567.6608873182914
47.050000000000004,18.48949655333796,66.56218759201666,568.585352528904
47.1,18.489751246410158,66.56310448707657,569.5098337238977
47.150000000000006,18.490035573977664,66.5641280663196,570.4343283944074
47.199999999999996,18.49025572493113,66.56492060975208,571.3588356768802
47.25,18.490497960190012,66.56579265668405,572.2833545190082
47.3,18.490759133841863,66.5667328818307,573.2078859463589
47.35,18.49102068500321,66.56767446601155,574.13243044183
47.4,18.491222778419193,66.5684020023091,575.0569865284156
47.45,18.491755758906983,66.57032073206514,575.9815609918487
47.5,18.492488316080795,66.57295793789086,576.9061670937234
47.550000000000004,18.49280812954077,66.57410926634677,577.830799504864
47.6,18.49300990836551,66.57483567011585,578.7554449558116
47.65,18.493313740590224,66.5759294661248,579.6801030470356
47.699999999999996,18.49361291686451,66.57700650071224,580.604776213472
47.75,18.493685461605672,66.57726766178043,581.5294586729337
47.8,18.493636196616656,66.57709030781996,582.4541417143893
47.85,18.493627262225292,66.57705814401105,583.3788233008603
47.9,18.493747436080998,66.5774907698916,584.3035076683179
47.95,18.493922726322882,66.57812181476238,585.228199422378
48.0,18.49413771797992,66.57889578472772,586.1529009334855
48.050000000000004,18.494451617124486,66.58002582164815,587.0776156668632
48.1,18.494358812707123,66.57969172574565,588.0023359276089
48.15,18.49418736047843,66.57907449772236,588.9270495819385
48.199999999999996,18.49387931273103,66.5779655258317,589.8517512487688
48.25,18.49346612858945,66.57647806292202,590.7764348848018
48.3,18.492930505535195,66.5745498199267,591.7010948006549
48.35,18.492508575756997,66.57303087272518,592.6257307776872
48.4,18.492273701933254,66.57218532695971,593.5503503346295
48.45,18.49180905066394,66.57051258239018,594.4749524034444
48.5,18.49129469397787,66.56866089832033,595.3995299970604
48.550000000000004,18.490820667889448,66.56695440440201,596.3240828811071
48.599999999999994,18.490297565566756,66.56507123604032,597.2486108369435
48.65,18.48976791974616,66.56316451108619,598.1731124740763
48.699999999999996,18.489126908624737,66.56085687104905,599.0975848447856
48.75,18.488916006653884,66.56009762395398,600.0220359176676
48.8,18.48869629612816,66.55930666606139,600.9464762252371
48.85,18.488324826785707,66.55796937642855,601.87090175331
48.9,18.487763470167593,66.55594849260333,602.7953039607338
48.95,18.48739030203241,66.55460508731667,603.7196828050388
49.0,18.48696981937394,66.55309134974618,604.644041808074
49.050000000000004,18.486873239861627,66.55274366350186,605.5683878845549
49.1,18.486637485182403,66.55189494665665,606.492725652681
49.15,18.486248398730208,66.55049423542874,607.4170477997787
49.2,18.48636272118875,66.55090579627951,608.3413630777767
49.25,18.48647672905605,66.55131622460179,609.2656840640328
49.3,18.486266770858933,66.55056037509216,610.1900026515307
49.35,18.486358757339058,66.55089152642061,611.1143182897356
49.4,18.48652888828452,66.55150399782428,612.0386404808762
49.45,18.486676746169813,66.55203628621133,612.9629706217376
49.5,18.486956606541636,66.5530437835499,613.8873114555554
49.55,18.48732851631183,66.55438265872259,614.8116685836268
49.6,18.487606426217933,66.55538313438456,615.7360419571901
49.65,18.487949016084066,66.55661645790263,616.6604308432476
49.7,18.488024769655933,66.55688917076137,617.584830187891
49.75,18.487919633261754,66.55651067974232,618.5092287979639
49.800000000000004,18.487719553229745,66.55579039162708,619.4336197776262
49.85,18.487331033041794,66.55439171895046,620.3579960422829
49.900000000000006,18.4866605761798,66.55197807424729,621.2823458325134
49.95,18.485974201000804,66.5495071236029,622.206661701943
50.0,18.4851371366153,66.54649369181509,623.1309394853834
50.05,18.484072559841188,66.54266121542828,624.0551697277948
50.1,18.48286704618919,66.5383213662811,624.9793432179456
50.15,18.4817711990453,66.53437631656308,625.9034591740765
50.2,18.480127333952098,66.52845840222756,626.8275066374014
50.25,18.478496807527687,66.52258850709967,627.7514722409384
50.300000000000004,18.476744219700105,66.51627919092039,628.675353266619
50.35,18.475004278440583,66.5100154023861,629.5991469790725
50.400000000000006,18.473274152427912,66.50378694874048,630.5228539398443
50.45,18.471387611648073,66.49699540193306,631.4464704839462
50.5,18.469357868933383,66.48968832816018,632.3699891209608
50.55,18.46718146378013,66.48185326960846,633.2934026042786
50.6,18.464764270487713,66.47315137375577,634.2167012476353
50.65,18.46244504090909,66.46480214727272,635.1398814804203
50.7,18.460087745789785,66.45631588484324,636.0629448000877
50.75,18.457662436043243,66.44758476975568,636.9858885546336
50.800000000000004,18.455392597290135,66.4394133502445,637.9087149304669
50.85,18.45297817240068,66.43072142064246,638.8314241997092
50.900000000000006,18.45060930032355,66.42219348116478,639.7540138865273
50.95,18.44804135490639,66.41294887766301,640.6764801529081
51.0,18.4457733407825,66.40478402681701,641.5988255203004
51.05,18.443739445463365,66.39746200366811,642.5210633399565
51.1,18.441858441489448,66.390690389362,643.4432032871304
51.15,18.44004910140121,66.38417676504436,644.3652509757027
51.2,18.438213524403118,66.37756868785122,645.2872075413478
51.25,18.43665459894614,66.37195655620611,646.2090792444316
51.300000000000004,18.43520043237385,66.36672155654587,647.1308756202145
51.35,18.433933195919522,66.36215950531029,648.0526039609218
51.400000000000006,18.432951734152425,66.35862624294873,648.9742760841737
51.449999999999996,18.43238823831384,66.35659765792983,649.8959095834853
51.5,18.431826755859223,66.3545763210932,650.8175149583396
51.55,18.431489514044255,66.35336225055931,651.7390978650873
51.6,18.431131886716596,66.35207479217975,652.6606634001063
51.65,18.430982770466322,66.35153797367876,653.5822162665359
51.7,18.43145050472984,66.35322181702742,654.5037770984158
51.75,18.431781706392893,66.35441414301442,655.4253579036938
51.800000000000004,18.432516025277682,66.35705769099965,656.3469653469856
51.85,18.4335123986698,66.36064463521129,657.2686160575843
51.900000000000006,18.43444969182606,66.36401889057382,658.1903151098467
51.949999999999996,18.43513619284156,66.36649029422962,659.1120547569634
52.0,18.4359906226638,66.3695662415897,660.033832927351
52.05,18.43668492554219,66.37206573195188,660.9556498160562
52.1,18.43734789513254,66.37445242247715,661.877500636573
52.15,18.43788446196053,66.37638406305791,662.7993814455003
52.2,18.438821063016047,66.37975582685777,663.7212990836248
52.25,18.439849839306437,66.38345942150318,664.6432658561829
52.300000000000004,18.440965128189283,66.38747446148142,665.5652862303702
52.35,18.442071231007773,66.39145643162799,666.4873621393501
52.4,18.443071819922583,66.3950585517213,667.4094907156234
52.449999999999996,18.443975388897343,66.39831140003044,668.3316668958439
52.5,18.44502719326689,66.4020978957608,669.253891960398
52.55,18.446129017644438,66.40606446351998,670.1761708656709
52.6,18.44734667451851,66.41044802826664,671.098507757975
52.65,18.448656569545705,66.41516365036453,672.0209078390766
52.7,18.449781673675407,66.41921402523147,672.9433687951571
52.75,18.45104186328584,66.42375070782903,673.8658893835811
52.800000000000004,18.452102161619013,66.42756778182844,674.7884679842037
52.85,18.453282445053137,66.43181680219129,675.7111025993705
52.9,18.454575792580833,66.43647285329101,676.6337990553113
52.949999999999996,18.455616397502045,66.44021903100736,677.5565538600634
53.0,18.456635358545583,66.4438872907641,678.4793601539646
53.05,18.45740440830385,66.44665586989387,679.4022111481358
53.1,18.458244052337562,66.44967858841522,680.3251023596519
53.15,18.459041918653902,66.45255090715405,681.2480345089266
53.2,18.45970230859604,66.45492831094575,682.1710031146079
53.25,18.460367543243358,66.4573231556761,683.0940048609039
53.300000000000004,18.461049262471928,66.45977734489894,684.0170402810468
53.35,18.461538388940127,66.46153820018446,684.940104972332
53.4,18.462397223039805,66.4646300029433,685.8632033626316
53.449999999999996,18.463207673005954,66.46754762282144,686.7863434850327
53.5,18.46413439589637,66.47088382522693,687.7095270367553
53.55,18.465147820133993,66.47453215248238,688.632759092156
53.6,18.46596619779952,66.47747831207828,689.5560369426044
53.65,18.466577889016886,66.4796804004608,690.4793505447748
53.7,18.466987298063525,66.4811542730287,691.4026896744518
53.75,18.467198829216866,66.48191578518072,692.3260443276339
53.800000000000004,18.46696282286464,66.48106616231271,693.2493983689359
53.85,18.466519815473006,66.47947133570283,694.1727354348943
53.9,18.465856279618414,66.4770826066263,695.0960448372716
53.95,18.465328647181792,66.47518312985446,696.0193244604417
54.0,18.464492400733523,66.47217264264069,696.9425699866396
54.050000000000004,18.463713346973655,66.46936804910516,697.8657751303323
54.1,18.462793733845388,66.4660574418434,698.7889378073528
54.15,18.4616844221962,66.46206391990633,699.7120497612539
54.2,18.46041026473447,66.4574769530441,700.6351021284271
54.25,18.458578022403575,66.45088088065287,701.5580768356056
54.300000000000004,18.456701485625345,66.44412534825125,702.4809588233063
54.35,18.45475485791766,66.43711748850357,703.4037452318948
54.400000000000006,18.452729016134406,66.42982445808386,704.3264323287461
54.45,18.450573562758088,66.42206482592911,705.2490148932185
54.50000000000001,18.4486401478827,66.41510453237773,706.1714952359845
54.550000000000004,18.446716862845417,66.4081807062435,707.0938791612526
54.599999999999994,18.44484649205559,66.40144737140012,708.0161682451252
54.650000000000006,18.44298241309067,66.39473668712643,708.9383639677538
54.699999999999996,18.441406059278705,66.38906181340334,709.860473679563
54.75000000000001,18.439458487797285,66.38205055607023,710.7824952932399
54.8,18.437297749288042,66.37427189743696,711.704414199167
54.85,18.435424106749267,66.36752678429737,712.626232245568
54.9,18.4334295353358,66.36034632720889,713.5479535866201
54.95,18.431666943506613,66.35400099662381,714.4695809985911
55.0,18.430162442335075,66.34858479240627,715.3911267332372
55.05,18.428615345508923,66.34301524383213,716.3125961779333
55.1,18.42712575596241,66.33765272146468,717.2339897054701
55.15,18.4257771032938,66.33279757185768,718.1553122769515
55.2,18.42447274507252,66.32810188226108,719.0765685231606
55.25,18.423147497992552,66.3233309927732,719.9977590292373
55.300000000000004,18.4220629761335,66.3194267140806,720.9188892910904
55.35,18.421063330992425,66.31582799157273,721.8399674487686
55.400000000000006,18.42024614877362,66.31288613558505,722.7610001857627
55.45,18.419364915777276,66.3097136967982,723.6819904623765
55.49999999999999,18.4187373062429,66.30745430247444,724.6029430179269
55.550000000000004,18.418279575980982,66.30580647353153,725.5238684399825
55.599999999999994,18.418252080706143,66.30570749054212,726.4447817313996
55.650000000000006,18.41824490802575,66.3056816688927,727.3656941561179
55.699999999999996,18.418322926654586,66.30596253595651,728.2866083519849
55.75000000000001,18.418344444695762,66.30604000090474,729.2075250362686
55.8,18.41847789430202,66.30652041948727,730.1284455947435
55.85000000000001,18.41887503429009,66.30795012344433,731.0493794179583
55.9,18.41970429681271,66.31093546852576,731.9703439012359
55.949999999999996,18.420357765747454,66.31328795669084,732.8913454527999
56.0,18.420987199911057,66.3155539196798,733.8123790769414
56.05,18.421595116033483,66.31774241772054,734.73344363484
56.1,18.42206064815828,66.31941833336981,735.6545350289448
56.15,18.422663090393037,66.32158712541494,736.5756531224085
56.2,18.42329636256983,66.32386690525139,737.4968021087326
56.25,18.42388647282777,66.32599130217997,738.4179816796176
56.300000000000004,18.42452282799877,66.32828218079558,739.3391919121383
56.35,18.425220843053854,66.33079503499387,740.2604355039146
56.400000000000006,18.425995932964028,66.3335853586705,741.181715923315
56.45,18.4269054162542,66.33685949851512,742.1030384570454
56.49999999999999,18.427393032684417,66.3386149176639,743.0243959182689
56.550000000000004,18.42782559564671,66.34017214432815,743.9457763839771
56.599999999999994,18.42805197550683,66.34098711182459,744.8671733232559
56.650000000000006,18.428247840016155,66.34169222405816,745.7885808186439
56.699999999999996,18.42864680463345,66.34312849668042,746.7100031847601
56.75000000000001,18.428992288739046,66.34437223946057,747.6314441620945
56.8,18.4294038999244,66.34585403972784,748.552904066811
56.85000000000001,18.429985830809958,66.34794899091585,749.4743888100794
56.9,18.430287272141207,66.34903417970835,750.3958956376532
56.949999999999996,18.430617718785275,66.35022378762699,751.3174182624264
57.0,18.430901291333786,66.35124464880163,752.2389562376793
57.05,18.430972074363986,66.35149946771035,753.1605030718217
57.1,18.4310649416996,66.35183379011856,754.0820539972233
57.15,18.431399352193353,66.35303766789607,755.0036156045707
57.2,18.43163120594114,66.35387234138811,755.925191368524
57.25,18.43183449480386,66.3546041812939,756.8467780110426
57.300000000000004,18.431993803810478,66.35517769371772,757.768373718508
57.35,18.432512438937486,66.35704478017496,758.6899863745766
57.4,18.43263324197568,66.35747967111244,759.6116150165994
57.45,18.432761406449018,66.35794106321647,760.5332498828101
57.5,18.432959284342317,66.35865342363235,761.4548929000798
57.550000000000004,18.433242982727332,66.3596747378184,762.3765479567566
57.599999999999994,18.433351202115716,66.36006432761658,763.2982128113777
57.650000000000006,18.433309424398338,66.35991392783401,764.2198793270405
57.699999999999996,18.433185664202433,66.35946839112876,765.1415417042556
57.75000000000001,18.43286912249141,66.35832884096908,766.0631930739229
57.8,18.432535781607886,66.35712881378839,766.9848281965254
57.849999999999994,18.431871427816056,66.3547371401378,767.906438376761
57.9,18.431201285545313,66.35232462796313,768.8280151945951
57.949999999999996,18.430508366868406,66.34983012072627,769.7495579359054
58.0,18.42962958768378,66.34666651566161,770.6710613847692
58.05,18.428418537225863,66.3423067340131,771.592512587892
58.1,18.42704018714369,66.33734467371728,772.5138990560013
58.15,18.425258090657298,66.33092912636627,773.4352065129463
58.2,18.423400618108527,66.3242422251907,774.3564229806653
58.25,18.421305314578312,66.31669913248193,775.2775406289825
58.300000000000004,18.419259905219597,66.30933565879056,776.1985547594775
58.35,18.416971883092508,66.30109877913303,777.1194605541853
58.4,18.414682099254446,66.292855557316,778.040251903744
58.45,18.41190255976569,66.28284921515649,778.9609165202195
58.5,18.408978937486594,66.27232417495175,779.8814385576508
58.550000000000004,18.406182913416586,66.26225848829971,780.8018176039234
58.6,18.403221980615793,66.25159913021686,781.7220527262742
58.650000000000006,18.400057066851545,66.24020544066556,782.6421347024609
58.7,18.396705789233582,66.2281408412409,783.562053773863
58.75000000000001,18.39333249022845,66.21599696482242,784.4818047308496
58.800000000000004,18.389969572734405,66.20389046184386,785.4013872824237
58.849999999999994,18.386575447788825,66.19167161203977,786.3208009079368
58.900000000000006,18.3832719251219,66.17977893043884,787.2400470922596
58.949999999999996,18.38009077844939,66.16832680241781,788.1591311598489
59.0,18.376867665304765,66.15672359509716,789.0780551209427
59.05,18.373691048746192,66.1452877754863,789.996819088794
59.1,18.370664806802875,66.13439330449035,790.9154279851828
59.15,18.367982853518416,66.1247382726663,791.8338941766908
59.2,18.3655123055508,66.11584429998288,792.7522315556675
59.25,18.363310166833678,66.10791660060124,793.6704521174771
59.3,18.360974075164307,66.09950667059151,794.5885592235271
59.35,18.359057459461418,66.0926068540611,795.5065600118927
59.4,18.357246735171707,66.08608824661815,796.4244676167585
59.45,18.35570309884925,66.0805311558573,797.3422913626091
59.5,18.35421778774368,66.07518403587724,798.2600393847739
59.550000000000004,18.353146227043922,66.07132641735812,799.1777234851436
59.6,18.35250037121732,66.06900133638236,800.0953646501001
59.650000000000006,18.352128776038363,66.0676635937381,801.0129803787815
59.7,18.351551312348487,66.06558472445455,801.9305723809912
59.74999999999999,18.351727609282353,66.06621939341647,802.848154354032
59.800000000000004,18.35198016313408,66.0671285872827,803.7657470483424
59.849999999999994,18.352481810333842,66.06893451720184,804.6833585976791
59.900000000000006,18.35319259779348,66.07149335205654,805.6010004578823
59.949999999999996,18.354235971117657,66.07524949602356,806.518686172105
60.00000000000001,18.355234106220752,66.07884278239472,807.4364229240385
60.05,18.35619266574519,66.08229359668269,808.3542085933377
60.10000000000001,18.357124610850278,66.085648599061,809.2720415252526
60.15,18.35823713133017,66.08965367278861,810.1899255688071
60.20000000000001,18.359531485549844,66.09431334797944,811.1078697842291
60.25,18.36081281569196,66.09892613649106,812.0258783917602
60.3,18.3621230253104,66.10364289111745,812.9439517877853
60.35,18.363223465486474,66.1076044757513,813.8620854500552
60.4,18.364381098350936,66.11177195406337,814.7802755641512
60.45,18.365354129072664,66.11527486466159,815.6985189448368
60.5,18.36619421353412,66.11829916872283,816.6168076534019
60.550000000000004,18.36711514794562,66.12161453260423,817.5351403874389
60.6,18.368552704100157,66.12678973476056,818.45353208374
60.650000000000006,18.369798233758562,66.13127364153083,819.3719908571865
60.7,18.371100138168124,66.13596049740525,820.2905133164846
60.74999999999999,18.37212532811832,66.13965118122594,821.2090939531417
60.800000000000004,18.37303091047705,66.14291127771737,822.1277228591066
60.849999999999994,18.374195338512408,66.14710321864467,823.0464035153313
60.900000000000006,18.374957467263282,66.14984688214781,823.9651323354757
60.949999999999996,18.375489818568585,66.1517633468469,824.8838935176215
61.00000000000001,18.37625962334584,66.15453464404503,825.8026872536693
61.05,18.376932534019545,66.15695712247036,826.7215170576035
61.10000000000001,18.377486214611274,66.15895037260059,827.6403775263193
61.15,18.377988365157034,66.16075811456533,828.5592643908135
61.199999999999996,18.378465411321407,66.16247548075707,829.4781757352255
61.25,18.37900235565889,66.164408480372,830.3971124294
61.3,18.379267367323934,66.16536252236617,831.3160691724745
61.35,18.37945152903894,66.16602550454019,832.2350371448836
61.4,18.379655887511884,66.16676119504278,833.1540148302973
61.45,18.379966074479754,66.16787786812712,834.0730053793471
61.5,18.380066932432996,66.1682409567588,834.99200620452
61.550000000000004,18.38020812098389,66.16874923554201,835.9110130808554
61.6,18.380385865037486,66.16938911413494,836.8300279305059
61.65,18.38067101054223,66.17041563795203,837.7490543523954
61.7,18.38095558978273,66.17144012321783,838.6680950174035
61.74999999999999,18.381148308379608,66.1721339101666,839.5871476148576
61.800000000000004,18.381051791785545,66.17178645042796,840.5062026173617
61.849999999999994,18.3811556068965,66.1721601848274,841.4252578023288
61.900000000000006,18.381163786268875,66.17218963056796,842.3443157871579
61.949999999999996,18.381150321763574,66.17214115834886,843.2633736398587
62.00000000000001,18.3807298391051,66.17062742077836,844.1824206438805
62.05,18.380530702846826,66.16991053024857,845.1014521574293
62.10000000000001,18.38031489325255,66.16913361570919,846.0204732973318
62.15,18.379992374307864,66.16797254750831,846.9394809790208
62.199999999999996,18.379504569122897,66.16621644884243,847.8584684026066
62.25,18.379389806236606,66.16580330245178,848.7774407619906
62.3,18.379050551037675,66.16458198373563,849.6964017709225
62.35,18.378781512604693,66.1636134453769,850.6153475725135
62.4,18.37882008149137,66.16375229336893,851.5342876123659
62.45,18.378479945436943,66.162527803573,852.4532201130392
62.5,18.37799849499513,66.16079458198247,853.37213207405
62.550000000000004,18.377956591441258,66.16064372918854,854.2910309512109
62.6,18.37788071203289,66.16037056331841,855.2099268837978
62.65,18.377535353763797,66.15912727354967,856.1288122854428
62.7,18.377175209706174,66.15783075494222,857.0476800495295
62.75,18.377022884625198,66.15728238465071,857.9665350018878
62.800000000000004,18.376868734914996,66.15672744569399,858.8853822923763
62.85,18.377053777485486,66.15739359894775,859.8042303551863
62.900000000000006,18.377832768327103,66.16019796597757,860.7231025188316
62.95,18.378456728603037,66.16244422297093,861.6420097562549
63.00000000000001,18.379267556078684,66.16536320188327,862.5609528633719
63.050000000000004,18.380308098081645,66.16910915309393,863.4799422547259
63.099999999999994,18.381650836434854,66.17394301116548,864.3989912280888
63.15,18.382061063418725,66.17541982830741,865.3180840255851
63.199999999999996,18.382094787600224,66.17554123536081,866.2371879218606
63.25,18.381330708383636,66.17279055018109,867.1562735592602
63.3,18.380402538373488,66.16944913814456,868.0753168904291
63.35,18.37925704873109,66.16532537543193,868.9943083801068
63.4,18.37777746318618,66.15999886747025,869.9132342429047
63.45,18.376503116969705,66.15541122109094,870.8320912574086
63.5,18.375115706659667,66.1504165439748,871.7508817279993
63.55,18.373118744352738,66.14322747966986,872.6695875892746
63.6,18.37077604626721,66.13479376656196,873.5881849590401
63.65,18.368319340314386,66.1259496251318,874.5066623437046
63.7,18.36556415018803,66.11603094067691,875.4250094309672
63.75,18.362538789100196,66.10513964076071,876.3432120044494
63.800000000000004,18.35901813555576,66.09246528800074,877.2612509275658
63.85,18.355357929334904,66.07928854560565,878.1791103291881
63.900000000000006,18.351455173263926,66.06523862375013,879.0967806567531
63.95,18.347280862029997,66.05021110330799,880.0142490576355
63.99999999999999,18.3428633088452,66.03430791184272,880.9315026619074
64.05,18.338484261628828,66.01854334186379,881.8485363511693
64.1,18.334008634900147,66.00243108564054,882.7653486735825
64.15,18.329449326900217,65.98601757684078,883.6819351226275
64.2,18.324655207994795,65.96875874878127,884.5982877359999
64.25,18.319711909920848,65.95096287571505,885.5143969139477
64.3,18.31479447124727,65.93326009649017,886.430259573477
64.35000000000001,18.30967651211393,65.91483544361016,887.345871348061
64.4,18.30440050233895,65.89584180842023,888.2612232734223
64.45,18.299245673111663,65.87728442320198,889.1763144278085
64.5,18.29405774888537,65.85860789598733,890.0911470133584
64.55,18.289148049156417,65.8409329769631,891.0057271583095
64.60000000000001,18.28450109603555,65.82420394572799,891.9200683869393
64.64999999999999,18.279741896758356,65.80707082833008,892.8341744617592
64.7,18.27532912536049,65.79118485129776,893.7480512373121
64.75,18.27139402930949,65.77701850551416,894.6617193161788
64.80000000000001,18.267815050548172,65.76413418197342,895.5751995431752
64.85,18.264438542712334,65.7519787537644,896.4885058830067
64.9,18.261527692837795,65.74149969421606,897.4016550388955
64.95,18.25860016962725,65.7309606106581,898.314658235457
65.0,18.256170707276272,65.72221454619458,899.2275275073796
65.05,18.254056654107835,65.7146039547882,900.1402831914141
65.1,18.252354023370007,65.70847448413203,901.0529434583511
65.15,18.25114215497485,65.70411175790946,901.9655308628097
65.2,18.25047452943407,65.70170830596265,902.8780712799199
65.25,18.25070059470294,65.7025221409306,903.7906006580233
65.3,18.250992032032592,65.70357131531733,904.7031429736917
65.35000000000001,18.251680986859807,65.7060515526953,905.6157097991639
65.4,18.25232011043376,65.70835239756154,906.5283098265962
65.44999999999999,18.252753617169788,65.70991302181123,907.4409366697863
65.5,18.25359892384592,65.71295612584532,908.3535954833117
65.55,18.254743343878083,65.7170760379611,909.2663040400048
65.60000000000001,18.25569737328859,65.72051054383893,910.1790650579339
65.64999999999999,18.256189708587492,65.72228295091497,911.0918622349808
65.7,18.25673829280105,65.72425785408377,912.0046854350155
65.75,18.257358540900288,65.72649074724104,912.9175378558581
65.80000000000001,18.258589410606664,65.73092187818399,913.8304365546458
65.85,18.25982481042697,65.73536931753709,914.7433969101716
65.89999999999999,18.2614667879727,65.74128043670173,915.6564292001316
65.95,18.26290239366152,65.74644861718147,916.5695384296724
66.0,18.264245635360716,65.75128428729857,917.482717130398
66.05,18.265296621793023,65.75506783845489,918.3959556868268
66.1,18.266392531855164,65.7590131146786,919.309247915668
66.15,18.26733592808158,65.76240934109369,920.2225911271664
66.2,18.268560694717795,65.76681850098406,921.1359885427364
66.25,18.26972373855168,65.77100545878605,922.0494456535681
66.3,18.270889613706768,65.77520260934436,922.9629609873746
66.35000000000001,18.271826906863026,65.77857686470689,923.8765289003888
66.4,18.272498433335247,65.78099436000689,924.7901370338938
66.45,18.273340531180672,65.78402591225043,925.7037830080067
66.5,18.274578007303198,65.78848082629152,926.6174809714688
66.55,18.275782073835476,65.79281546580772,927.5312399734972
66.60000000000001,18.27703144150707,65.79731318942545,928.4450603113808
66.64999999999999,18.278372732740543,65.80214183786596,929.3589454157369
66.7,18.279689171265645,65.80688101655632,930.2728969633371
66.75,18.280970060980017,65.81149221952806,931.1869134441432
66.80000000000001,18.282130713920438,65.81567057011358,932.1009909635158
66.85,18.283085812941177,65.81910892658824,933.0151213766873
66.89999999999999,18.284076838282132,65.82267661781567,933.9293004429678
66.95,18.285123923782997,65.82644612561879,934.8435304620194
67.0,18.28606776043716,65.82984393757377,935.7578102541249
67.05,18.28704437749908,65.83335975899669,936.6721380575733
67.1,18.288058493837436,65.83701057781477,937.5865156293568
67.15,18.288951429628103,65.84022514666117,938.5009408774434
67.2,18.289759992046783,65.84313597136843,939.4154086629853
67.25,18.290462411379295,65.84566468096547,940.329914223071
67.3,18.291077563100362,65.8478792271613,941.244452722433
67.35,18.291771048041504,65.85037577294942,942.1590239377116
67.4,18.292750370588138,65.8539013341173,943.0736369731774
67.45,18.2939548146299,65.85823733266764,943.9883046028078
67.5,18.294971636452974,65.86189789123071,944.9030277640849
67.55,18.29607503378675,65.8658701216323,945.8178039308409
67.60000000000001,18.297581737097005,65.87129425354922,946.732645350113
67.65,18.298605479927467,65.87497972773889,947.6475500305386
67.7,18.29995444718733,65.87983600987438,948.5625140287165
67.75,18.301513120971308,65.88544723549671,949.4775507179204
67.8,18.3026757872957,65.88963283426453,950.3926554406271
67.85000000000001,18.303924462866554,65.8941280663196,951.3078204468811
67.89999999999999,18.305192391421627,65.89869260911786,952.2230483682383
67.95,18.306545385449425,65.90356338761794,953.1383418126601
68.0,18.307902532081666,65.908449115494,954.0537030105984
68.05,18.30910955577164,65.91279440077791,954.9691283127947
68.1,18.309995507636668,65.915983827492,955.88460593938
68.15,18.310937582579854,65.91937529728747,956.8001292666354
68.2,18.31160017466071,65.92176062877856,957.7156927105664
68.25,18.31224458336759,65.92408050012332,958.6312888295171
68.3,18.312952665342518,65.92662959523307,959.5469187607348
68.35,18.313553471702797,65.92879249813006,960.4625814141609
68.4,18.314294145330738,65.93145892319066,961.3782776045867
68.45,18.314751561001408,65.93310561960507,962.294003747245
68.5,18.315009462904314,65.93403406645554,963.2097477728427
68.55,18.31494503461727,65.93380212462218,964.1254966352807
68.60000000000001,18.31507363951835,65.93426510226605,965.0412471021341
68.65,18.31533040889277,65.93518947201397,965.9570072033443
68.7,18.31599583229483,65.93758499626139,966.872790359374
68.75,18.316141173450163,65.93810822442059,967.7885937845176
68.8,18.31620409169922,65.93833473011719,968.7044024161463
68.85000000000001,18.316030311495314,65.93770912138314,969.6202082762262
68.89999999999999,18.316062462720588,65.93782486579411,970.5360105955816
68.95,18.316581034929342,65.93969172574563,971.4518266830229
69.0,18.317256084823512,65.94212190536464,972.3676726110167
69.05000000000001,18.31748881942679,65.94295974993643,973.2835412336229
69.1,18.31776754727013,65.94396317017247,974.1994226427904
69.15,18.318163114301974,65.94538721148712,975.1153209093297
69.2,18.319497358691553,65.95019049128959,976.0312624211546
69.25,18.321002551963833,65.9556091870698,976.9472749189209
69.3,18.322799685911747,65.9620788692823,977.8633699748679
69.35,18.324096053515394,65.96674579265542,978.7795423683535
69.4,18.325517880107668,65.97186436838761,979.6957827166941
69.45,18.326738745812442,65.9762594849248,980.6120891323421
69.5,18.327854097613535,65.98027475140873,981.5284539534277
69.55,18.328192409038735,65.98149267253945,982.444855116094
69.60000000000001,18.328214304589405,65.98157149652187,983.3612652839347
69.65,18.32749005262447,65.97896418944809,984.277657892865
69.69999999999999,18.326352742354455,65.97486987247603,985.1940039627395
69.75,18.325196556609715,65.97070760379498,986.1102926952136
69.8,18.32341194339336,65.9642829962161,987.0265079077137
69.85000000000001,18.32144876818617,65.95721556547021,987.9426294255032
69.89999999999999,18.31905705678463,65.94860540442467,988.8586420711275
69.95,18.316031255269053,65.9377125189686,989.7745192789289
70.0,18.311929048348553,65.9229445740548,990.6902182865193
70.05000000000001,18.307518604925903,65.90706697773325,991.6057044778512
70.1,18.3028096773297,65.89011483838692,992.5209626849075
70.15,18.29712759317529,65.86965933543105,993.4359611166701
70.2,18.291114873622057,65.84801354503941,994.35066717834
70.25,18.284400930183043,65.82384334865895,995.2650550734352
70.3,18.27719106510494,65.79788783437779,996.1790948733174
70.35,18.269560528613614,65.770417903009,997.0927636631603
70.4,18.261159180653046,65.74017305035096,998.006031655892
70.45,18.25207038790324,65.70745339645167,998.9188623951059
70.5,18.242640766998274,65.67350676119379,999.8312301739784
70.55,18.233096697798267,65.63914811207377,1000.7431236105983
70.60000000000001,18.223208339939404,65.60355002378186,1001.6545312365417
70.65,18.212885909080264,65.56638927268895,1002.5654335927672
70.69999999999999,18.20202420590843,65.52728714127035,1003.475806345642
70.75,18.191453436720256,65.48923237219292,1004.3856432867077
70.8,18.18084523117388,65.45104283222597,1005.294950753405
70.85000000000001,18.17018637643702,65.41267095517327,1006.2037265435953
70.89999999999999,18.159096846285337,65.37274864662722,1007.1119586241633
70.95,18.147942762010114,65.33259394323642,1008.0196346143707
71.0,18.13680660943588,65.29250379396917,1008.9267533486569
71.05000000000001,18.125732116745723,65.25263562028461,1009.8333168168115
71.1,18.114666306773938,65.21279870438617,1010.7393267773995
71.14999999999999,18.10369002947056,65.17328410609402,1011.6447856858056
71.2,18.093207849177055,65.1355482570374,1012.5497081327718
71.25,18.083105191761895,65.09917869034282,1013.4541159587952
71.3,18.073213939663567,65.06357018278885,1014.3580239370808
71.35,18.0631952781109,65.02750300119924,1015.2614341675252
71.4,18.053932579320687,64.99415728555448,1016.164362363961
71.45,18.045415147190603,64.96349452988618,1017.0668460571238
71.5,18.037426417107376,64.93473510158655,1017.9689170962313
71.55,18.0291629230305,64.90498652290981,1018.8705818297348
71.6,18.02189435522602,64.87881967881367,1019.7718582616911
71.65,18.01565412328419,64.85635484382308,1020.6727969736539
71.7,18.00973829783451,64.83505787220423,1021.5734317841819
71.75,18.00228248532083,64.80821694715499,1022.4737323037608
71.8,17.994644650312612,64.7807207411254,1023.3736554821517
71.85000000000001,17.986363664962493,64.75090919386497,1024.2731806900335
71.9,17.978115522938392,64.7212158825782,1025.172292669731
71.95,17.969358435197634,64.68969036671149,1026.0709795186845
72.0,17.95947725001916,64.65411810006897,1026.969200410815
72.05000000000001,17.949165263589368,64.61699494892173,1027.866916473655
72.10000000000001,17.93921751090339,64.58118303925221,1028.7641260430173
72.14999999999999,17.92922546377007,64.54521166957225,1029.660837117384
72.2,17.918243712579027,64.5056773652845,1030.5570238467928
72.25,17.907089250794314,64.46552130285953,1031.4526571708773
72.3,17.895440754917974,64.42358671770471,1032.34772042102
72.35,17.88368617887372,64.3812702439454,1033.242198594365
72.4,17.871254162041836,64.33651498335061,1034.1360721028877
72.45,17.85716651440416,64.28579945185497,1035.0292826197988
72.5,17.8426328392989,64.23347822147605,1035.9217776036414
72.55,17.827657289330485,64.17956624158975,1036.8135348568571
72.6,17.812119627724964,64.12363065980988,1037.7045292797836
72.65,17.794642448173896,64.06071281342602,1038.594698331681
72.7,17.776739123321946,63.99626084395901,1039.4839828709685
72.75,17.75862816824809,63.93106140569313,1040.3723670532577
72.8,17.73970135223867,63.86292486805921,1041.2598252912699
72.85000000000001,17.719033651195986,63.78852114430555,1042.1462936663556
72.9,17.698479769265855,63.71452716935708,1043.0317315018672
72.95,17.677783817929352,63.64002174454567,1043.916138091547
73.0,17.656944853412725,63.56500147228581,1044.7995063083306
73.05,17.63521043637547,63.486757570951696,1045.6818101905753
73.10000000000001,17.61151133409305,63.401440802734975,1046.5629782348371
73.14999999999999,17.5873989847508,63.314636345102876,1047.4429509928082
73.2,17.56349992827286,63.228599741782304,1048.3217234656338
73.25,17.539231101245193,63.14123196448269,1049.1992917413718
73.30000000000001,17.513055725434494,63.04700061156418,1050.0755989120387
73.35,17.486353031778417,62.9508709144023,1050.950584130969
73.4,17.459157373640945,62.85296654510741,1051.8242218911046
73.45,17.432387483294875,62.75659493986155,1052.696510512528
73.5,17.405023644677662,62.65808512083959,1053.5674457907273
73.55,17.37594276704359,62.553393961356925,1054.4369699510203
73.6,17.34673309575369,62.44823914471329,1055.3050368475901
73.65,17.317598611771423,62.34335500237712,1056.1716451402783
73.7,17.288112666449898,62.237205599219635,1057.0367879222338
73.75,17.257008275007784,62.12522979002802,1057.9004159457702
73.8,17.225737716469908,62.01265577929167,1058.7624845955572
73.85000000000001,17.194572420162704,61.90046071258573,1059.622992348973
73.9,17.16400415512084,61.79041495843502,1060.4819567633551
73.95,17.133356361412165,61.68008290108379,1061.3393907762684
74.0,17.100965417613263,61.56347550340775,1062.195248820744
74.05,17.067981972662952,61.44473510158663,1063.049472505501
74.10000000000001,17.035806398030584,61.328903032910105,1063.9020672147683
74.14999999999999,17.003047130801683,61.21096967088606,1064.7530385529892
74.2,16.968362628069773,61.08610546105118,1065.602323796961
74.25,16.933535112157745,60.960726403767886,1066.4498712404666
74.30000000000001,16.89920301453883,60.83713085233979,1067.295689693634
74.35,16.86484933596048,60.71345760945773,1068.1397910023964
74.4,16.82935350240693,60.58567260866496,1068.9821460733556
74.45,16.79408241283903,60.458696686220506,1069.8227319712366
74.5,16.759114777986348,60.332813200750856,1070.6615619010072
74.55,16.725296533707503,60.21106752134701,1071.4986721837995
74.6,16.691532650795846,60.089517542865046,1072.3340929134122
74.65,16.65643464933111,59.963164737592,1073.1677920959153
74.7,16.621133421921908,59.83608031891887,1073.9997312976966
74.75,16.586833853037756,59.71260187093593,1074.8299304795705
74.8,16.552411971077426,59.588683095878736,1075.6584116251734
74.85000000000001,16.516670441761296,59.460013590340665,1076.4851386854943
74.9,16.48110156012059,59.33196561643412,1077.3100829855414
74.94999999999999,16.44507759078443,59.20227932682395,1078.133237464314
75.0,16.41037761016325,59.077359396587696,1078.954623844338
75.05,16.375299302110463,58.951077487597665,1079.7742657671447
75.10000000000001,16.33917076264437,58.821014745519726,1080.5921275187636
75.14999999999999,16.302968860499863,58.690687897799506,1081.4081810093421
75.2,16.26827781427005,58.56580013137218,1082.2224621762114
75.25,16.233814657938336,58.44173276857801,1083.0350144880165
75.30000000000001,16.198239736145723,58.3136630501246,1083.8458158478686
75.35,16.16278649824679,58.18603139368844,1084.6548415037284
75.39999999999999,16.128703808567145,58.063333710841725,1085.4621287613988
75.45,16.094257891835674,57.93932841060843,1086.2677028039088
75.5,16.05884209029493,57.811831525061756,1087.0715303034622
75.55,16.023528719663663,57.68470339078919,1087.8735895737111
75.6,15.988488477151563,57.55855851774563,1088.6738900036314
75.65,15.95589311196146,57.441215203061255,1089.4724995433592
75.7,15.923397157604878,57.32422976737756,1090.2694818000982
75.75,15.88937543570857,57.201751568550854,1091.064801114931
75.8,15.855544733616414,57.07996104101909,1091.858424119164
75.85000000000001,15.822866505092302,56.962319418332285,1092.6503844001318
75.9,15.790283471879013,56.84502049876445,1093.4407131495561
75.95,15.756705009047343,56.72413803257044,1094.2293878615792
76.0,15.722606526887185,56.601383496793865,1095.0163706499775
76.05,15.688302931235086,56.47789055244631,1095.8016433864304
76.10000000000001,15.65526663495557,56.35895988584005,1096.5852326255851
76.15,15.622173083069406,56.239823099049865,1097.3671686185357
76.2,15.58824460601821,56.11768058166555,1098.147429060763
76.25,15.554752467024246,55.99710888128728,1098.926003987589
76.30000000000001,15.522819945588,55.882151804116795,1099.7029432979043
76.35,15.490864018563105,55.76711046682718,1100.478285397008
76.39999999999999,15.457995273580833,55.648782984891,1101.2520068793117
76.45,15.425085191308932,55.53030668871216,1102.024083890934
76.5,15.39199440782573,55.411179868172624,1102.7945108809124
76.55,15.360067863623142,55.29624430904331,1103.5633124376986
76.6,15.328793907499813,55.18365806699933,1104.3305339819767
76.65,15.296343694710295,55.06683730095706,1105.096162422032
76.7,15.263802439214388,54.949688781171794,1105.86016607538
76.75,15.2327332190735,54.8378395886646,1106.6225794668371
76.8,15.201811479308414,54.72652132551029,1107.3834430842967
76.85,15.170422949053544,54.61352261659276,1108.1427489450057
76.9,15.13916673587645,54.501000249155226,1108.900488687129
76.95,15.109415778889884,54.39389680400358,1109.6567032499981
77.0,15.080326281455688,54.289174613240476,1110.4114468015068
77.05,15.050660956206093,54.18237944234193,1111.1647214824484
77.10000000000001,15.021346085603763,54.07684590817355,1111.9165216584936
77.15,14.992420490208374,53.97271376475015,1112.666865822889
77.2,14.964769744375452,53.87317107975163,1113.4157955787534
77.25,14.936987436483742,53.773154771341474,1114.163339508275
77.3,14.908744252417662,53.67147930870359,1114.9094828004975
77.35000000000001,14.880389640132497,53.56940270447699,1115.6542111478113
77.39999999999999,14.853478498317282,53.472522593942216,1116.3975578512725
77.45,14.826807515458729,53.37650705565142,1117.1395650016168
77.5,14.800210461542823,53.28075766155416,1117.8802404510418
77.55000000000001,14.773546903037662,53.18476885093558,1118.6195843851563
77.6,14.747540714398685,53.09114657183527,1119.3576115755923
77.65,14.722968873083541,53.00268794310075,1120.0943743152793
77.7,14.699062518088713,52.91662506511937,1120.8299251000585
77.75,14.674552588330648,52.828389317990336,1121.564265477719
77.8,14.649995092376292,52.73998233255465,1122.2973791697366
77.85,14.62707749766545,52.657478991595625,1123.0293059844876
77.9,14.604868488275534,52.57752655779192,1123.760104634136
77.95,14.58256680030475,52.4972404810971,1124.4897905163505
78.0,14.560495141452527,52.4177825092291,1125.2183670648944
78.05,14.540076848349123,52.34427665405685,1125.9458813646395
78.10000000000001,14.519877825343695,52.271560171237304,1126.6723802314818
78.15,14.499647783641478,52.19873202110932,1127.3978683717064
78.2,14.478671846096649,52.12321864594794,1128.12232636245
78.25,14.457872645913433,52.04834152528836,1128.8457399747501
78.3,14.438245675628465,51.97768443226248,1129.5681429327888
78.35000000000001,14.418509856772623,51.90663548438145,1130.2895618210987
78.39999999999999,14.398477881718447,51.83452037418641,1131.009986514561
78.45,14.378553056442424,51.76279100319273,1131.729412288015
78.5,14.35991251846623,51.695685066478426,1132.4478739273877
78.55000000000001,14.341293435612963,51.62865636820667,1133.1654040762396
78.6,14.322633455897805,51.5614804412321,1133.8820022485274
78.65,14.304323930829918,51.495566150987706,1134.5976761831957
78.7,14.286508817363147,51.43143174250733,1135.3124470019006
78.75,14.270215130076913,51.37277446827689,1136.0263651005866
78.8,14.254090378289408,51.31472536184187,1136.7394727382957
78.85,14.23741899275406,51.25470837391462,1137.4517604725718
78.9,14.221059555897556,51.1958144012312,1138.1632224362882
78.95,14.205679504505934,51.14044621622136,1138.8738909127983
79.0,14.190383763568049,51.08538154884498,1139.5837924945001
79.05,14.174554035450388,51.0283945276214,1140.2929159394755
79.10000000000001,14.15890878363897,50.9720716211003,1141.0012525099528
79.15,14.142788184455902,50.91403746404125,1141.708794934155
79.19999999999999,14.127336657933343,50.858411968560034,1142.415548055215
79.25,14.112421006138034,50.80471562209692,1143.1215419968166
79.3,14.096950981650252,50.74902353394091,1143.8267762965113
79.35000000000001,14.081633722671189,50.69388140161628,1144.5312409141193
79.39999999999999,14.06735518106587,50.64247865183714,1145.2349656367128
79.45,14.053350648435206,50.592062334366744,1145.9379832824502
79.5,14.038855416380121,50.53987949896844,1146.6402884340705
79.55000000000001,14.0243792485545,50.4877652947962,1147.3418693006938
79.6,14.010462738554274,50.43766585879539,1148.0427403503716
79.64999999999999,13.9965593784681,50.38761376248517,1148.7429159032972
79.7,13.98174584299102,50.33428503476767,1149.4423735338337
79.75,13.966680445762947,50.28004960474661,1150.1410841910526
79.8,13.9518074525405,50.2265068291458,1150.8390463885103
79.85,13.937663052642174,50.17558698951183,1151.5362831511397
79.9,13.923599628530393,50.12495866270942,1152.232814718169
79.95,13.908912873325166,50.0720863439706,1152.9286275307154
80.0,13.894216114118338,50.01917801082602,1153.6237057554015
80.05,13.880255246752524,49.96891888830909,1154.3180675394233
80.10000000000001,13.866059002216975,49.91781240798111,1155.0117253956475
80.15,13.850819510193748,49.86295023669749,1155.7046473584578
80.2,13.836012140705074,49.80964370653827,1156.3968181497303
80.25,13.820608746643051,49.75419148791499,1157.088233671914
80.3,13.805569900916076,49.700051643297876,1157.778888138103
80.35000000000001,13.790729688101395,49.646626877165026,1158.4687956278283
80.4,13.774778401926545,49.589202246935564,1159.157933330079
80.45,13.758516991702077,49.53066117012748,1159.8462657149198
80.5,13.742878975489303,49.47436431176149,1160.5338006140996
80.55000000000001,13.727461739412481,49.41886226188493,1161.220559131972
80.6,13.710842261432612,49.35903214115741,1161.9065167319932
80.64999999999999,13.694323012223496,49.29956284400458,1162.5916458638346
80.7,13.678269232220929,49.24176923599534,1163.2759606699458
80.75,13.661742118230679,49.18227162563044,1163.959460953707
80.8,13.64392624974492,49.11813449908171,1164.6421026629064
80.85,13.625747531716828,49.05269111418058,1165.323844507443
80.9,13.6074874603927,48.98695485741372,1166.0046753822458
80.95,13.589538016464187,48.92233685927108,1166.684601019167
81.0,13.57140459957542,48.85705655847151,1167.363624584568
81.05,13.552062397285699,48.787424630228514,1168.0417112594896
81.1,13.533016602867304,48.7188597703223,1168.7188382344934
81.15,13.514640950719652,48.65270742259075,1169.395029673333
81.2,13.496138958727888,48.5861002514204,1170.0702991710693
81.25,13.476200606028316,48.514322181701935,1170.7446076601882
81.3,13.456144470366505,48.44212009331942,1171.417916287098
81.35000000000001,13.435261651830285,48.36694194658902,1172.090201440153
81.4,13.414760495392866,48.293137783414316,1172.7614519938334
81.45,13.393620970400482,48.217035493441735,1173.431661530478
81.5,13.371069811572173,48.13585132165983,1174.1007788000275
81.55,13.347986301438564,48.05275068517883,1174.7687552028526
81.60000000000001,13.325336046367978,47.97120976692472,1175.4355882615478
81.64999999999999,13.302290413020302,47.88824548687309,1176.1012789230324
81.7,13.278030772056995,47.800910779405186,1176.7657869526593
81.75,13.253941702466896,47.71419012888083,1177.4290862645223
81.80000000000001,13.229687975819003,47.62687671294841,1178.0911770064795
81.85,13.20593960854757,47.541382590771256,1178.7520676960887
81.9,13.182303109922962,47.45629119572266,1179.4117737640504
81.95,13.156981094324271,47.36513193956738,1180.0702558691567
82.0,13.131081111689708,47.27189200208295,1180.727457424307
82.05,13.105353084629828,47.17927110466738,1181.383368279215
82.1,13.079950722427085,47.08782260073751,1182.0380008743914
82.15,13.053133643394217,46.991281116219184,1182.691327983537
82.2,13.026126865840428,46.89405671702554,1183.3433094962677
82.25,12.999187347894887,46.7970744524216,1183.9939423516112
82.3,12.972201081690292,46.69992389408505,1184.643227062351
82.35000000000001,12.943453419103246,46.59643230877169,1185.2911184248708
82.4,12.914513792938314,46.49224965457793,1185.9375676051718
82.45,12.885146763107514,46.38652834718705,1186.582559119073
82.5,12.856201725973161,46.28232621350338,1187.2260928313
82.55,12.82668633491108,46.17607080567989,1187.8681650328222
82.60000000000001,12.795331465919459,46.06319327731005,1188.508715477843
82.64999999999999,12.763803760497666,45.949693537791596,1189.1476938585033
82.7,12.732758638046171,45.837931096966216,1189.785107918467
82.75,12.701182359736105,45.72425649504998,1190.4209564434116
82.80000000000001,12.66829127877542,45.60584860359152,1191.0551932843744
82.85,12.635477838934074,45.487720220162664,1191.687787512317
82.9,12.602339426336334,45.368421934810804,1192.3187329439488
82.95,12.569573049345285,45.250462977643025,1192.9480307558408
83.0,12.536751744722809,45.13230628100211,1193.5756888756925
83.05,12.5023047583811,45.00829713017196,1194.20166528827
83.1,12.467319506418683,44.88235022310726,1194.8259058948902
83.15,12.433179372377646,44.75944574055953,1195.44841836686
83.2,12.398818017772909,44.635744863982474,1196.0692183016138
83.25,12.362875653405782,44.50635235226081,1196.6882606433933
83.3,12.326894908906723,44.3768216720642,1197.305504907451
83.35000000000001,12.291823396024842,44.25056422568943,1197.9209728650742
83.4,12.256682547232495,44.124057170036984,1198.5346855136556
83.44999999999999,12.221621604616454,43.997837776619235,1199.146643117452
83.5,12.185306890051386,43.86710480418499,1199.7568163298185
83.55,12.149127701394793,43.736859725021255,1200.3651771946047
83.60000000000001,12.114411676620104,43.61188203583238,1200.9717656790551
83.64999999999999,12.079974442607002,43.48790799338521,1201.5766253320357
83.7,12.04401137813593,43.358440961289354,1202.1797249775543
83.75,12.007798465297842,43.22807447507223,1202.78102022364
83.80000000000001,11.972849076737386,43.10225667625459,1203.380536412191
83.85,11.937432583095905,42.97475729914526,1203.978293453687
83.9,11.901192237901222,42.8442920564444,1204.574259074212
83.95,11.864929871319369,42.71374753674973,1205.1684121269425
84.0,11.828662848787086,42.583186255633514,1205.7607519449452
84.05,11.793907688861484,42.45806767990135,1206.3513162083864
84.1,11.759256406965074,42.33332306507427,1206.940145310782
84.15,11.723407727870798,42.20426782033488,1207.527211914153
84.2,11.687970722880124,42.07669460236845,1208.1124963754219
84.25,11.65391628349431,41.954098620579515,1208.6960435505812
84.3,11.620223686958838,41.83280527305182,1209.2778970498425
84.35000000000001,11.58543870378318,41.70757933361945,1209.8580386096112
84.4,11.550572870657476,41.58206233436692,1210.4364388989723
84.45,11.515506013726025,41.45582164941369,1211.0130908710819
84.5,11.481719417326458,41.33418990237525,1211.5880215068582
84.55,11.448232311792422,41.21363632245272,1212.1612703000862
84.60000000000001,11.414063927457558,41.09063013884721,1212.7328277060674
84.64999999999999,11.379409185057453,40.96587306620683,1213.3026645338803
84.7,11.345949008534014,40.84541643072245,1213.87079848872
84.75,11.312212809651946,40.72396611474701,1214.4372525341748
84.80000000000001,11.277603682982411,40.599373258736684,1215.0019979464907
84.85,11.242834366450765,40.47420371922276,1215.5650088977266
84.89999999999999,11.209376014556552,40.35375365240359,1216.1263141572517
84.95,11.175722112744253,40.232599605879315,1216.6859416104342
85.0,11.141403227957635,40.10905162064749,1217.2438697439518
85.05,11.107253341587993,39.98611202971678,1217.8000861581904
85.1,11.073245461706483,39.86368366214334,1218.3545986282727
85.15,11.040717293206379,39.74658225554297,1218.9074476971455
85.2,11.008364414948158,39.63011189381337,1219.4586747398494
85.25,10.975355928534725,39.51128134272501,1220.0082677484365
85.3,10.94250159183149,39.393005730593366,1220.5562141864457
85.35,10.910984205002547,39.279543138009174,1221.1025513313666
85.4,10.8793998731566,39.16583954336377,1221.6473109333206
85.45,10.847185037536818,39.04986613513255,1222.190475556088
85.5,10.815364447665651,38.935312011596345,1222.732039293218
85.55,10.78350994485824,38.820635801489665,1223.272011153031
85.60000000000001,10.753178315351091,38.71144193526393,1223.8104283595362
85.65,10.722847566699432,38.60225124011796,1224.3473290065874
85.7,10.692072803964146,38.49146209427093,1224.882702015854
85.75,10.661646482492163,38.381927336971785,1225.4165449980153
85.80000000000001,10.632912913592905,38.27848648893446,1225.9489089829174
85.85000000000001,10.604777697242216,38.17719971007198,1226.4798512481882
85.89999999999999,10.576333174779144,38.07479942920492,1227.0093790199887
85.95,10.548514059711735,37.97465061496225,1227.537500200851
86.0,10.520949511880023,37.875418242768085,1228.0642367901407
86.05,10.495073564016602,37.782264830459766,1228.5896373670382
86.1,10.469568896740887,37.69044802826719,1229.1137534285572
86.15,10.44350834673472,37.596630048245,1229.636580359644
86.2,10.417380285447315,37.502569027610335,1230.1581025754485
86.25,10.39313134058635,37.415272826110865,1230.6783653660993
86.3,10.369408643960531,37.32987111825791,1231.197428865713
86.35,10.345299503448981,37.243078212416336,1231.715296569398
86.4,10.321504765427987,37.157417155540756,1232.23196667612
86.45,10.299440530929155,37.07798591134496,1232.747490308529
86.5,10.277502070010199,36.999007452036714,1233.2619138735524
86.55,10.255521894292112,36.919878819451604,1233.77523947266
86.60000000000001,10.233530267452696,36.84070896282971,1234.2874657767036
86.65,10.211919862284342,36.76291150422363,1234.798602029947
86.7,10.191584117923707,36.68970282452535,1235.3086896294521
86.75,10.171508603441183,36.617430972388256,1235.8177669474862
86.8,10.151249115998406,36.54449681759426,1236.3258358904723
86.85000000000001,10.130860771981554,36.4710987791336,1236.8328886376717
86.89999999999999,10.111782952174387,36.40241862782779,1237.3389547307756
86.95,10.093251199850817,36.33570431946294,1237.8440805845762
87.0,10.074491054283158,36.268167795419366,1238.3482741409296
87.05000000000001,10.056400799313245,36.203042877527686,1238.8515464372695
87.1,10.038458528065124,36.13845070103445,1239.353917920454
87.15,10.022127907766688,36.079660467960075,1239.8554325813498
87.2,10.0058042713939,36.02089537701804,1240.3561308858289
87.25,9.989263504143604,35.96134861491698,1240.8560075802172
87.3,9.972544678248468,35.901160841694484,1241.355052784777
87.35,9.957024885425678,35.84528958753244,1241.8532920238688
87.4,9.941821319722665,35.790556751001596,1242.3507631789976
87.45,9.926344625900485,35.73484065324175,1242.8474673276382
87.5,9.911056686825484,35.67980407257174,1243.3434023604564
87.55,9.896792427662701,35.628452739585725,1243.8385985883185
87.60000000000001,9.882865536151376,35.57831593014495,1244.333090037414
87.65,9.868359607993948,35.526094588778214,1244.8268706660176
87.7,9.853620378969007,35.473033364288426,1245.3199201656917
87.75,9.838972507241701,35.42030102607013,1245.812234987847
87.8,9.825089092240482,35.370320732065736,1246.303836527834
87.85000000000001,9.810900020385324,35.319240073387164,1246.7947362556497
87.89999999999999,9.796282223581068,35.266616004891844,1247.2849158117488
87.95,9.781557151162165,35.213605744183795,1247.7743617961173
88.0,9.76778925406622,35.16404131463839,1248.263095456248
88.05000000000001,9.75421162175543,35.11516183831955,1248.7511454781436
88.1,9.740310778399222,35.0651188022372,1249.2385085381475
88.15,9.72633103555869,35.01479172801129,1249.7251745834965
88.2,9.71310612295214,34.967182042627705,1250.2111605124592
88.25,9.700480192076643,34.92172869147592,1250.696500170335
88.3,9.687792412562324,34.876052685224366,1251.181206985451
88.35,9.6745120060601,34.82824322181636,1251.6652645959164
88.4,9.660790731386708,34.77884663299215,1252.1486471643525
88.45,9.647850146347661,34.73226052685158,1252.6313631862959
88.5,9.634652540261204,34.684749144940334,1253.1134257534611
88.55,9.620977195909624,34.63551790527465,1253.5948164968654
88.60000000000001,9.608184280001124,34.58946340800405,1254.0755455337633
88.65,9.595459756229351,34.54365512242566,1254.555636634669
88.7,9.58350541474433,34.50061949307959,1255.0351107639435
88.75,9.571611663533155,34.45780198871936,1255.5139886909005
88.8,9.558578714504488,34.41088337221616,1255.9922434503515
88.85000000000001,9.545570240674703,34.364052866428935,1256.4698471742308
88.89999999999999,9.533170312149833,34.3194131237394,1256.9468156880514
88.95,9.52065832622339,34.27436997440421,1257.4231614040107
89.0,9.50693019346085,34.22494869645906,1257.8988511170028
89.05000000000001,9.49289262874943,34.17441346349795,1258.373846687558
89.1,9.47934752517341,34.125651090624274,1258.848152691406
89.14999999999999,9.465209983364232,34.07475594011124,1259.3217666291196
89.2,9.450098718732596,34.02035538743735,1259.794649346672
89.25,9.434866902735756,33.96552084984872,1260.2667734872086
89.3,9.419469863416884,33.91009150830078,1260.7381319063625
89.35,9.404373573328522,33.85574486398268,1261.2087279922812
89.4,9.389484221361322,33.80214319690076,1261.6785744371484
89.45,9.373777624257071,33.74559944732546,1262.1476559832888
89.5,9.358237320085086,33.68965435230631,1262.6159563568974
89.55,9.343353567842051,33.636072844231386,1263.0834961290957
89.60000000000001,9.327895749494589,33.58042469818052,1263.5502773620292
89.65,9.311370208460563,33.52093275045803,1264.016259010978
89.7,9.294338301358101,33.45961788488916,1264.4814017237236
89.75,9.277070262066916,33.397452943440896,1264.9456869378091
89.8,9.259920949511704,33.33571541824214,1265.4091117180985
89.85000000000001,9.242686697320261,33.27367211035294,1265.8716769092694
89.9,9.223980032264302,33.20632811615149,1266.333343577509
89.95,9.204811547260238,33.13732157013686,1266.794063366997
90.0,9.185966776647591,33.06948039593133,1267.2538328250948
90.05000000000001,9.166822389332916,33.0005606015985,1267.7126525542444
90.10000000000001,9.146348224824346,32.92685360936765,1268.1704818195983
90.14999999999999,9.125135211317057,32.850486760741404,1268.6272689055018
90.2,9.103965422646873,32.77427552152874,1269.0829964213508
90.25,9.082512376019416,32.6970445536699,1269.5376583663174
90.3,9.059682615184265,32.614857414663355,1269.9912132410975
90.35,9.03660130718937,32.531764705881734,1270.443620339157
90.4,9.013465574909038,32.44847606967254,1270.8948720112094
90.45,8.990584913210395,32.36610568755742,1271.3449732734123
90.5,8.967785541889539,32.28402795080234,1271.7939325347897
90.55,8.943473112515274,32.19650320505499,1272.2417140011498
90.6,8.918746681062192,32.10748805182389,1272.6882694959893
90.65,8.894258269345304,32.01932976964309,1273.1335946197494
90.7,8.86969995545371,31.930919839633354,1273.5776935753693
90.75,8.843473301270024,31.836503884572085,1274.0205229067874
90.8,8.817179513314592,31.741846247932532,1274.462039227152
90.85000000000001,8.790556348325325,31.64600285397117,1274.902232623693
90.9,8.764138988928739,31.550900360143462,1275.3411000071244
90.95,8.737845515564551,31.456243856032383,1275.7786496197368
91.0,8.71039352848041,31.357416702529473,1276.214855595838
91.05,8.683374104358558,31.26014677569081,1276.6496997866589
91.10000000000001,8.656966308535829,31.165078710728984,1277.0832082969812
91.14999999999999,8.62997349883333,31.067904595799988,1277.5153817921655
91.2,8.601959337193833,30.9670536138978,1277.9461801130662
91.25,8.573636876133937,30.865092754082177,1278.3755700183995
91.30000000000001,8.545114775469772,30.76241319169118,1278.8035388096896
91.35,8.517387269372994,30.662594169742782,1279.2301013608107
91.4,8.489325038191215,30.561570137488374,1279.6552691685
91.45,8.459978834300854,30.455923803483074,1280.0790017653121
91.5,8.430434186252956,30.349563070510644,1280.501262090826
91.55,8.401465240183963,30.245274864662267,1280.9220595764868
91.6,8.372588343513346,30.141318036648048,1281.3414109160792
91.65,8.342649575553333,30.033538471992,1281.759291864056
91.7,8.313259895152871,29.927735622550337,1282.1756896008237
91.75,8.284886470311235,29.82559129312045,1282.5906432599604
91.8,8.257003807812275,29.72521370812419,1283.0041905169135
91.85000000000001,8.228449493004591,29.62241817481653,1283.416326849434
91.9,8.200261173651693,29.520940225146095,1283.8270446161005
91.95,8.1720692679586,29.41944936465096,1284.2363528771407
92.0,8.145281382993295,29.32301297877586,1284.6442866434145
92.05,8.118420009513084,29.226312034247105,1285.0508791782272
92.10000000000001,8.090497834353712,29.125792203673367,1285.456102124324
92.14999999999999,8.062904532882182,29.026456318375857,1285.8599371835048
92.2,8.036407015636291,28.931065256290648,1286.2624199722177
92.25,8.010064843547328,28.83623343677038,1286.6635817686972
92.30000000000001,7.982830868196183,28.738191125506262,1287.0634041614908
92.35,7.956077462431361,28.6418788647529,1287.4618768697565
92.4,7.929114287224173,28.544811434007023,1287.859006663498
92.45,7.903255138533249,28.451718498719696,1288.254815899142
92.5,7.877705044281714,28.35973815941417,1288.6493399037124
92.55,7.851072126963843,28.263859657069837,1289.0425593329935
92.6,7.824177469729881,28.167038891027573,1289.434440572911
92.65,7.798585157333225,28.07490656639961,1289.8250096385875
92.7,7.773079609202022,27.98308659312728,1290.214301257751
92.75,7.746788715486047,27.88843937574977,1290.6022979658683
92.8,7.72062107861998,27.79423588303193,1290.988983210721
92.85000000000001,7.695648699731318,27.704335319032744,1291.3743899551798
92.9,7.67083481191204,27.615005322883345,1291.758552042971
92.94999999999999,7.645035938903718,27.522129380053386,1292.1414488117414
93.0,7.619511452379549,27.430241228566377,1292.5230624965234
93.05,7.593990740950324,27.338366667421166,1292.9034000513566
93.10000000000001,7.569627725303814,27.25065981109373,1293.282490513013
93.14999999999999,7.545025494474375,27.16209178010775,1293.6603568435075
93.2,7.519294006910797,27.069458424878867,1294.0369648310423
93.25,7.493175320442499,26.975431153592996,1294.4122765642262
93.30000000000001,7.46799109580925,26.8847679449133,1294.7863057246325
93.35,7.442536133950294,26.793130082221058,1295.1590689053764
93.39999999999999,7.416095431883303,26.69794355477989,1295.5305346945222
93.45,7.389824734925275,26.603369045730993,1295.9006826986924
93.5,7.3636945344174,26.50930032390264,1296.269520680426
93.55,7.338281601948815,26.417813767015733,1296.6370700838352
93.6,7.312872822084669,26.32634215950481,1297.003348944436
93.65,7.286501644682891,26.23140592085841,1297.3683333061053
93.7,7.259744841332621,26.135081428797434,1297.7319894682557
93.75,7.233684794672446,26.041265260820808,1298.0943252091558
93.8,7.2077113235229815,25.947760764682734,1298.4553601121108
93.85000000000001,7.180780739968806,25.8508106638877,1298.815072413698
93.9,7.153852043962103,25.75386735826357,1299.1734382332963
93.95,7.126967831157484,25.65708419216694,1299.5304587301744
94.0,7.100808436582044,25.56291037169536,1299.886153136868
94.05,7.074658228070967,25.468769621055483,1300.2405398034844
94.10000000000001,7.047638174766627,25.37149742915986,1300.5935972135553
94.15,7.020699348921824,25.27451765611857,1300.9453056516475
94.2,6.9944814403747575,25.180133185349128,1301.2956851713798
94.25,6.9686548204186005,25.087157353506964,1301.6447635778995
94.30000000000001,6.941876121517657,24.990754037463567,1301.992526851448
94.35,6.915048912646687,24.894176085528073,1302.338949977302
94.39999999999999,6.889240161473261,24.801264581303737,1302.6840572041551
94.45,6.86348205949033,24.70853541416519,1303.0278752596791
94.5,6.836986870219655,24.61315273279076,1303.370386982922
94.55,6.8101827523460905,24.516657908445925,1303.711566223486
94.6,6.783472445581877,24.420500804094758,1304.0514076034342
94.65,6.757699683646914,24.32771886112889,1304.3899369066648
94.7,6.731968762347579,24.235087544451286,1304.7271786178146
94.75,6.70538397749024,24.139382318964866,1305.0631124363106
94.8,6.679101074391893,24.044763867810815,1305.3977245626077
94.85,6.653711610430208,23.953361797548748,1305.7310448797282
94.9,6.628231103762133,23.861631973543677,1306.063093447583
94.95,6.601911833915831,23.76688260209699,1306.393847021025
95.0,6.575375559028517,23.671352012502663,1306.7232792058487
95.05,6.549467082430332,23.578081496749196,1307.051400271885
95.10000000000001,6.524222330441486,23.48720038958935,1307.3782425072068
95.15,6.499139089597979,23.396900722552726,1307.7038265427077
95.2,6.4729381689781595,23.302577408321376,1308.028128474172
95.25,6.446331991916141,23.206795170898108,1308.3511102281943
95.3,6.420643414598421,23.114316292554314,1308.6727846133572
95.35000000000001,6.394724493570892,23.02100817685521,1308.9931688110614
95.39999999999999,6.368137569493085,22.925295250175104,1309.312240362638
95.45,6.34151163610086,22.829441889963096,1309.6299815927778
95.5,6.316144696872339,22.73812090874042,1309.9464230011022
95.55000000000001,6.290446493062514,22.64560737502505,1310.2615877808505
95.6,6.264364487933418,22.551712156560303,1310.5754580553753
95.65,6.237469893617705,22.45489161702374,1310.8880039149142
95.7,6.210446820237411,22.35760855285468,1311.1992018327605
95.75000000000001,6.184531233877079,22.264312441957486,1311.5090762841135
95.8,6.159053118102469,22.17259122516889,1311.817665892913
95.85,6.1332190737929215,22.07958866565452,1312.1249726977105
95.9,6.10764645480822,21.987527237309592,1312.4309943359256
95.95,6.0833256573068315,21.899972366304596,1312.7357686387284
96.0,6.059324421592421,21.813567917732716,1313.0393348907007
96.05,6.034880555995867,21.725570001585123,1313.3416900151403
96.10000000000001,6.010746814448935,21.638688532016168,1313.6428306994014
96.15,5.986523980661333,21.551486330380797,1313.9427624692792
96.2,5.963600408716832,21.4689614713806,1314.2415155790136
96.25,5.941293183940131,21.38865546218447,1314.53913791883
96.3,5.9192128423695385,21.309166232530337,1314.8356505694876
96.35000000000001,5.8975463770412695,21.23116695734857,1315.1310695499728
96.39999999999999,5.877328604397621,21.158382975831437,1315.4254414245088
96.45,5.857671055843609,21.087615801036993,1315.7188164160148
96.5,5.837945366825864,21.01660332057311,1316.0112068265814
96.55000000000001,5.818801357020686,20.94768488527447,1316.3026254946776
96.6,5.799943436493983,20.87979637137834,1316.5930941145155
96.65,5.782463425621709,20.816868332238155,1316.8826542860684
96.7,5.7655779922030606,20.756080771931018,1317.171355321514
96.75,5.749050689458063,20.696582482049028,1317.4592210385556
96.8,5.7327398884080845,20.637863598269103,1317.7462658030022
96.85,5.717900556448886,20.58444200321599,1318.0325318141236
96.9,5.703765783042669,20.533556818953606,1318.3180734726109
96.95,5.689445274965223,20.482002989874804,1318.6029037490612
97.0,5.675459491972781,20.43165417110201,1318.8870263682347
97.05,5.662849919842042,20.386259711431354,1319.17048410353
97.10000000000001,5.650784779320424,20.342825205553527,1319.4533249710091
97.15,5.638398944483345,20.298236200140042,1319.7355545641042
97.19999999999999,5.626443973815833,20.255198305737,1320.0171756370617
97.25,5.614605779418578,20.21258080590688,1320.2982018808925
97.3,5.603812216710477,20.173723980157718,1320.5786623307959
97.35000000000001,5.592937804052332,20.134576094588397,1320.858581081315
97.39999999999999,5.581493981240189,20.09337833246468,1321.1379418759473
97.45,5.570118047218781,20.052424969987612,1321.4167321766588
97.5,5.55953670776476,20.014332147953137,1321.6949735455335
97.55000000000001,5.549070257033524,19.976652925320685,1321.9726887196534
97.6,5.536795158314792,19.932462569933254,1322.2498353550372
97.65,5.524219247447301,19.887189290810284,1322.5263607151812
97.7,5.511209452334287,19.840354028403436,1322.8022464326757
97.75,5.498590379547942,19.794925366372592,1323.0774914284727
97.8,5.4858548450825815,19.749077442297295,1323.3521025590885
97.85,5.471932106175698,19.698955582232514,1323.62604723287
97.9,5.45793606750866,19.648569843031176,1323.899293937212
97.95,5.444311624020574,19.599521846474065,1324.1718501295002
98.0,5.430378440684346,19.549362386463645,1324.4437173811177
98.05,5.41505602240886,19.4942016806719,1324.714853242695
98.10000000000001,5.399701956254097,19.43892704251475,1324.9852221921615
98.15,5.383989822343929,19.382363360438145,1325.2548144866264
98.2,5.368316005647439,19.32593762033078,1325.5236221323262
98.25,5.352590470150222,19.2693256925408,1325.7916447942212
98.3,5.335596062324198,19.208145824367115,1326.058849457533
98.35000000000001,5.318137506574856,19.145295023669483,1326.3251927967553
98.4,5.301047274255512,19.083770187319843,1326.590672416276
98.45,5.2838544222719515,19.021875920179024,1326.8552949586892
98.5,5.265337707409907,18.955215746675666,1327.1190247619313
98.55000000000001,5.246404473739081,18.88705610546069,1327.38181831646
98.6,5.227737006752286,18.81985322430823,1327.6436718534724
98.64999999999999,5.2088202576627145,18.751752927585773,1327.9045857850826
98.7,5.1889124203139385,18.680084713130178,1328.164529102032
98.75,5.168968656644949,18.608287163921815,1328.423476128956
98.8,5.1485832068675546,18.534899544723196,1328.6814149255438
98.85,5.128089789374772,18.461123241749178,1328.9383317504498
98.9,5.107647713173221,18.387531767423596,1329.1942251880134
98.95,5.085979045706235,18.309524564542446,1329.4490658569855
99.0,5.063935070883602,18.23016625518097,1329.7028137099003
99.05,5.04236398962091,18.152510362635276,1329.955471186413
99.1,5.0205898711684975,18.074123536206592,1330.2070450329327
99.15,4.997619991392687,17.991431969013675,1330.4575002794968
99.2,4.974664834487159,17.908793404153773,1330.7068074001438
99.25,4.951663998932812,17.825990396158122,1330.9549656209792
99.3,4.928938934064096,17.744180162630744,1331.2019806943042
99.35000000000001,4.9060570769187235,17.661805476907404,1331.4478555945789
99.4,4.88181889107835,17.57454800788206,1331.6925524937787
99.45,4.857078806365221,17.4854837029148,1331.9360249362148
99.5,4.832349040244937,17.396456544881772,1332.17826063238
99.55000000000001,4.807877364782299,17.308358513216277,1332.4192662925057
99.60000000000001,4.782040803742788,17.215346893474038,1332.6590142467187
99.64999999999999,4.755809934036416,17.120915762531098,1332.8974605151632
99.7,4.730331063242817,17.02919182767414,1333.1346140400951
99.75,4.70444876063624,16.936015538290466,1333.370483535692
99.80000000000001,4.677237687527752,16.83805567509991,1333.605025696896
99.85,4.6501211805476,16.740436249971363,1333.838209668598
99.9,4.622849013819275,16.64225644974939,1334.0700339234572
99.95,4.596001104844365,16.545603977439715,1334.3005051764237
100.0,4.568747247326516,16.447490090375457,1334.529623885228
100.05,4.540127182948564,16.34445785861483,1334.7573457459848
100.1,4.511339441436865,16.240821989172716,1334.9836324115945
100.15,4.48283955091462,16.138222383292632,1335.2084868864033
100.2,4.454581203550517,16.03649233278186,1335.431922405265
100.25,4.425047503277956,15.930171011800644,1335.6539131229356
100.3,4.395355752363755,15.823280708509518,1335.8744232043266
100.35000000000001,4.365692692171125,15.71649369181605,1336.0934494154399
100.4,4.336583123815481,15.61169924573573,1336.3110063108395
100.45,4.307173183738821,15.505823461459757,1336.5271002185284
100.5,4.276535645704741,15.395528324537068,1336.7416929392646
100.55,4.246402712028126,15.287049763301255,1336.954766398208
100.60000000000001,4.217020581817552,15.181274094543188,1337.166351980554
100.64999999999999,4.187733458163059,15.075840449387014,1337.3764708315537
100.7,4.157338658733854,14.966419171441876,1337.5850976344761
100.75,4.127061768103388,14.857422365172198,1337.792207645147
100.80000000000001,4.096246360179213,14.746486896645168,1337.997790348354
100.85,4.0667999904363485,14.640479965570854,1338.2018665071196
100.9,4.037255531143198,14.534119912115512,1338.404467895159
100.95,4.006432635947384,14.423157489410583,1338.6055600993363
101.0,3.975628427471542,14.312262338897552,1338.8051116259219
101.05,3.945739239091788,14.204661260730436,1339.003145817586
101.1,3.9158233733744323,14.096964144147957,1339.1996848828978
101.15,3.8846856981785685,13.984868513442846,1339.3946976096865
101.2,3.8535826909379365,13.872897687376572,1339.5881543194146
101.25,3.823607430393468,13.764986749416485,1339.7800840724478
101.3,3.7937713450159216,13.657576842057319,1339.9705185418331
101.35000000000001,3.7629391379192465,13.546580896509287,1340.1594363039064
101.4,3.73256654863196,13.437239575075056,1340.3468239460701
101.45,3.7016297714053463,13.325867177059248,1340.532678854071
101.5,3.6732851002035325,13.223826360732717,1340.7170517258612
101.55,3.644862536209383,13.121505130353778,1340.9000054167716
101.60000000000001,3.614895895465035,13.013625223674127,1341.0814993775634
101.64999999999999,3.5846394532655146,12.904702031755853,1341.2614877612816
101.7,3.5549929405723875,12.797974586060596,1341.4399785711275
101.75,3.525723371109383,12.69260413599378,1341.6169964789196
101.80000000000001,3.4950771503569316,12.582277741284955,1341.7925164919563
101.85,3.4642339325666707,12.471242157240015,1341.9664992690293
101.9,3.433096194452558,12.35914630002921,1342.1389325222049
101.95,3.402810243594228,12.250116876939222,1342.309830183156
102.0,3.3721343254282194,12.13968357154159,1342.4792037973816
102.05,3.3406770255271283,12.026437291897663,1342.6470240811555
102.1,3.3090771528736647,11.912677750345193,1342.8132679356154
102.15,3.2782848988651443,11.80182563591452,1342.977951986909
102.2,3.2479353376570135,11.69256721556525,1343.141107492822
102.25,3.2161429351614244,11.578114566581128,1343.3027094496424
102.3,3.1843980988621254,11.463833155903652,1343.462722975493
102.35000000000001,3.1535838863846823,11.352901990984856,1343.6211725251242
102.4,3.1229598128559006,11.242655326281243,1343.7780861176052
102.45,3.091098451959341,11.127954427053629,1343.9334375742255
102.5,3.0591775703991706,11.013039253437015,1344.0871944747846
102.55,3.0272617852171737,10.898142426781826,1344.239355458675
102.60000000000001,2.9962587550743,10.78653151826748,1344.3899434721823
102.64999999999999,2.964851475181211,10.673465310652361,1344.5389712279386
102.7,2.9327200062414343,10.557792022469163,1344.686410514974
102.75,2.9007540752149366,10.442714670773771,1344.8322473670105
102.80000000000001,2.8698279940906635,10.33138077872639,1344.9765119187432
102.85,2.839083495033179,10.220700582119445,1345.1192347059714
102.89999999999999,2.8072288034710198,10.106023692495672,1345.260392513434
102.95,2.7755292053927962,9.991905139414067,1345.3999614636557
103.0,2.74379959530977,9.877678543115172,1345.5379446836732
103.05,2.7136320565961713,9.769075403746218,1345.6743804749708
103.1,2.6829565788579073,9.658643683888467,1345.8092951908573
103.15,2.651370485300988,9.544933747083556,1345.9426533674612
103.2,2.6197590986079464,9.431132754988607,1346.0744316070588
103.25,2.5892605469860404,9.321337969149745,1346.2046570981986
103.3,2.558640311470451,9.211105121293624,1346.33335461966
103.35,2.5276776119252253,9.099639402930812,1346.460512567745
103.4,2.4969284569173102,8.988942444902317,1346.586127719466
103.45,2.4662537971162832,8.87851366961862,1346.7102072758169
103.5,2.4370026627002535,8.773209585720913,1346.8327886873124
103.55,2.407696915244039,8.66770889487854,1346.953906176761
103.60000000000001,2.3775286844297012,8.559103263946925,1347.0735368167527
103.65,2.347222348058675,8.450000453011231,1347.191655592565
103.7,2.318689236700925,8.34728125212333,1347.308303382184
103.75,2.290449324383798,8.245617567781672,1347.423531846211
103.80000000000001,2.2613827291922624,8.140977825092145,1347.5373276475505
103.85000000000001,2.2325350265892094,8.037126095721154,1347.649675591445
103.89999999999999,2.2050411988694427,7.938148315929994,1347.7606149970813
103.95,2.177410146448475,7.838676527214511,1347.8701762807143
104.0,2.1494913059563037,7.738168701442693,1347.9783488170244
104.05000000000001,2.120649769341658,7.634339169629969,1348.0851023439068
104.1,2.091499052451129,7.529396588824064,1348.1904060644515
104.15,2.0635210688048407,7.428675847697426,1348.2942815674828
104.2,2.035672130487376,7.328419669754553,1348.396761397465
104.25,2.007195330962535,7.225903191465126,1348.4978330840013
104.3,1.977952124245887,7.120627647285193,1348.5974617703814
104.35,1.950193284861077,7.020695825499877,1348.6956654056091
104.4,1.9225297666235939,6.921107159844938,1348.7924834818962
104.45,1.8937525953777374,6.817509343359855,1348.8878905409463
104.5,1.865235716928245,6.714848580941682,1348.9818652487538
104.55,1.836903943967489,6.61285419828296,1349.0744187402763
104.60000000000001,1.809409864574726,6.513875512469014,1349.1655765854898
104.65,1.7819871973946468,6.415153910620729,1349.2553615120391
104.7,1.7536895890431308,6.313282520555271,1349.3437534317002
104.75,1.7249401647451108,6.209784593082399,1349.430719175545
104.8,1.6974384093259622,6.110778273573464,1349.5162786398967
104.85000000000001,1.669808804024723,6.011311694489003,1349.6004598202305
104.89999999999999,1.6413627715236727,5.9089059774852215,1349.6832391096193
104.95,1.6122089087206903,5.803952071394486,1349.7645784016254
105.0,1.5846077424680265,5.704587872884895,1349.844498817905
105.05000000000001,1.5570745279243479,5.605468300527653,1349.9230408746648
105.1,1.5283045922771337,5.501896532197681,1350.0001753526699
105.15,1.4996816336597245,5.398853881175008,1350.0758750083182
105.2,1.4714676436612102,5.2972835171803565,1350.1501537402512
105.25,1.4440561130112148,5.198602006840374,1350.223041834168
105.3,1.416527743172714,5.09949987542177,1350.2945564305726
105.35,1.388019924951086,4.99687172982391,1350.3646701222756
105.4,1.3593669543288756,4.893721035583952,1350.4333547942576
105.45,1.331803916535142,4.794494099526512,1350.5006340660293
105.5,1.3042197382097245,4.695191057555008,1350.5665346573978
105.55,1.2759368527284884,4.593372669822559,1350.6310385721713
105.60000000000001,1.2470754968653888,4.4894717887154,1350.6941138809111
105.65,1.2186060587756884,4.386981811592478,1350.7557559198021
105.7,1.191195660654176,4.288304378355034,1350.816000962788
105.75,1.1636246322428119,4.189048676074123,1350.8748714701103
105.8,1.1351634993619872,4.086588597703154,1350.9323411734003
105.85000000000001,1.1070177127454546,3.9852637658836367,1350.988395703703
105.89999999999999,1.0796959664368686,3.886905479172727,1351.0430635456826
105.95,1.0521548871120572,3.787757593603406,1351.0963598170213
106.0,1.023971349546088,3.686296858365917,1351.1482629729378
106.05000000000001,0.9956575712045632,3.5843672563364275,1351.1987536959566
106.1,0.9674462866907584,3.48280663208673,1351.247831292404
106.15,0.9399680626967588,3.3838850257083317,1351.2955166511388
106.2,0.9126412829282481,3.285508618541693,1351.3418318847794
106.25,0.8842940949964722,3.1834587419873,1351.3867552692275
106.3,0.8559015430071237,3.0812455548256454,1351.4302601601776
106.35,0.8286791446138043,2.9832449206096956,1351.4723746773682
106.4,0.8015189723688063,2.8854683005277026,1351.5131296302927
106.45,0.7738433109092544,2.7858359192733158,1351.5525136873746
106.5,0.7465487452842628,2.6875754830233465,1351.5905234887794
106.55,0.7203561298733192,2.5932820675439494,1351.6271961106584
106.60000000000001,0.6937922967929177,2.4976522684545035,1351.662549821325
106.65,0.6672048064508694,2.40193730322313,1351.6965747489062
106.7,0.6406383308040073,2.3062979908944263,1351.7292708273376
106.75,0.614320508077433,2.211553829078759,1351.7606447983096
106.8,0.5894643391947861,2.12207162110123,1351.7907394194915
106.85000000000001,0.5670521667786502,2.041387800403141,1351.8196523321408
106.89999999999999,0.5439713621297472,1.9582969036670899,1351.8474279203635
106.95,0.5228814796358696,1.8823733266891307,1351.8740992414077
107.0,0.5002139452781589,1.800770203001372,1351.8996766270307
107.05000000000001,0.4779402043836395,1.7205847357811022,1351.9241304807722
107.1,0.4560644596493644,1.6418320547377119,1351.947480597373
107.14999999999999,0.4345909137723778,1.5645272895805602,1351.9697469817086
107.2,0.4135237694497237,1.4886855700190054,1351.9909498487891
107.25,0.39286722937844587,1.4143220257624052,1352.01110962376
107.3,0.3726254962555886,1.341451786520119,1352.0302469419007
107.35,0.3528027727781957,1.2700899820015046,1352.0483826486266
107.4,0.33340326164331113,1.2002517419159202,1352.0655377994872
107.45,0.3144311655479789,1.1319521959727241,1352.081733660167
107.5,0.29589068718924305,1.065206473881275,1352.0969917064854
107.55,0.27778602926414764,1.0000297053509315,1352.1113336243966
107.60000000000001,0.26012139446973637,0.9364370200910509,1352.1247813099899
107.65,0.2429009855030534,0.8744435478109922,1352.1373568694892
107.7,0.22612900506114264,0.8140644182201136,1352.1490826192532
107.75,0.20980965584104838,0.7553147610277742,1352.1599810857758
107.8,0.19394714053981432,0.6982097059433315,1352.1700750056852
107.85000000000001,0.17854566185448428,0.6427643826761434,1352.1793873257452
107.9,0.16360942248210275,0.5889939209355699,1352.1879412028536
107.95,0.1491426251197132,0.5369134504309676,1352.1957600040437
108.0,0.13514947246436004,0.4865381008716962,1352.2028673064833
108.05000000000001,0.12163416721308695,0.43788300196711305,1352.2092868974753
108.10000000000001,0.10860091206293787,0.3909632834265763,1352.2150427744573
108.14999999999999,0.0960539097109574,0.34579407495944664,1352.2201591450016
108.2,0.0,0.0,1352.2225604927444
